solid OpenSCAD_Model
  facet normal -0.321575 0.946884 0
    outer loop
      vertex -21.9159 24.6887 2
      vertex -22.1388 24.613 3.19
      vertex -21.9159 24.6887 3.19
    endloop
  endfacet
  facet normal -0.321575 0.946884 0
    outer loop
      vertex -22.1388 24.613 3.19
      vertex -21.9159 24.6887 2
      vertex -22.1388 24.613 2
    endloop
  endfacet
  facet normal 0.0654194 -0.997858 0
    outer loop
      vertex 21.45 -24.75 2
      vertex 21.6849 -24.7346 3.19
      vertex 21.45 -24.75 3.19
    endloop
  endfacet
  facet normal 0.0654194 -0.997858 0
    outer loop
      vertex 21.6849 -24.7346 3.19
      vertex 21.45 -24.75 2
      vertex 21.6849 -24.7346 2
    endloop
  endfacet
  facet normal -0.946884 -0.321575 0
    outer loop
      vertex -23.113 -23.6388 2
      vertex -23.1887 -23.4159 3.19
      vertex -23.1887 -23.4159 2
    endloop
  endfacet
  facet normal -0.946884 -0.321575 0
    outer loop
      vertex -23.1887 -23.4159 3.19
      vertex -23.113 -23.6388 2
      vertex -23.113 -23.6388 3.19
    endloop
  endfacet
  facet normal 0.194891 0.980825 -0
    outer loop
      vertex 21.9159 24.6887 2
      vertex 21.6849 24.7346 3.19
      vertex 21.9159 24.6887 3.19
    endloop
  endfacet
  facet normal 0.194891 0.980825 0
    outer loop
      vertex 21.6849 24.7346 3.19
      vertex 21.9159 24.6887 2
      vertex 21.6849 24.7346 2
    endloop
  endfacet
  facet normal -1 0 0
    outer loop
      vertex -23.25 -22.95 2
      vertex -23.25 22.95 3.19
      vertex -23.25 22.95 2
    endloop
  endfacet
  facet normal -1 -0 0
    outer loop
      vertex -23.25 22.95 3.19
      vertex -23.25 -22.95 2
      vertex -23.25 -22.95 3.19
    endloop
  endfacet
  facet normal -0.555778 -0.831331 0
    outer loop
      vertex -22.5458 -24.378 2
      vertex -22.35 -24.5089 3.19
      vertex -22.5458 -24.378 3.19
    endloop
  endfacet
  facet normal -0.555778 -0.831331 -0
    outer loop
      vertex -22.35 -24.5089 3.19
      vertex -22.5458 -24.378 2
      vertex -22.35 -24.5089 2
    endloop
  endfacet
  facet normal -0.0654194 -0.997858 0
    outer loop
      vertex -21.6849 -24.7346 2
      vertex -21.45 -24.75 3.19
      vertex -21.6849 -24.7346 3.19
    endloop
  endfacet
  facet normal -0.0654194 -0.997858 -0
    outer loop
      vertex -21.45 -24.75 3.19
      vertex -21.6849 -24.7346 2
      vertex -21.45 -24.75 2
    endloop
  endfacet
  facet normal 0.0654194 0.997858 -0
    outer loop
      vertex 21.6849 24.7346 2
      vertex 21.45 24.75 3.19
      vertex 21.6849 24.7346 3.19
    endloop
  endfacet
  facet normal 0.0654194 0.997858 0
    outer loop
      vertex 21.45 24.75 3.19
      vertex 21.6849 24.7346 2
      vertex 21.45 24.75 2
    endloop
  endfacet
  facet normal -0.946884 0.321575 0
    outer loop
      vertex -23.1887 23.4159 2
      vertex -23.113 23.6388 3.19
      vertex -23.113 23.6388 2
    endloop
  endfacet
  facet normal -0.946884 0.321575 0
    outer loop
      vertex -23.113 23.6388 3.19
      vertex -23.1887 23.4159 2
      vertex -23.1887 23.4159 3.19
    endloop
  endfacet
  facet normal 0.896961 0.44211 0
    outer loop
      vertex 23.113 23.6388 3.19
      vertex 23.0089 23.85 2
      vertex 23.0089 23.85 3.19
    endloop
  endfacet
  facet normal 0.896961 0.44211 0
    outer loop
      vertex 23.0089 23.85 2
      vertex 23.113 23.6388 3.19
      vertex 23.113 23.6388 2
    endloop
  endfacet
  facet normal -0.831331 -0.555778 0
    outer loop
      vertex -22.878 -24.0458 2
      vertex -23.0089 -23.85 3.19
      vertex -23.0089 -23.85 2
    endloop
  endfacet
  facet normal -0.831331 -0.555778 0
    outer loop
      vertex -23.0089 -23.85 3.19
      vertex -22.878 -24.0458 2
      vertex -22.878 -24.0458 3.19
    endloop
  endfacet
  facet normal -0.997858 0.0654194 0
    outer loop
      vertex -23.25 22.95 2
      vertex -23.2346 23.1849 3.19
      vertex -23.2346 23.1849 2
    endloop
  endfacet
  facet normal -0.997858 0.0654194 0
    outer loop
      vertex -23.2346 23.1849 3.19
      vertex -23.25 22.95 2
      vertex -23.25 22.95 3.19
    endloop
  endfacet
  facet normal 0 -1 0
    outer loop
      vertex -21.45 -24.75 2
      vertex 21.45 -24.75 3.19
      vertex -21.45 -24.75 3.19
    endloop
  endfacet
  facet normal 0 -1 -0
    outer loop
      vertex 21.45 -24.75 3.19
      vertex -21.45 -24.75 2
      vertex 21.45 -24.75 2
    endloop
  endfacet
  facet normal -0.980825 0.194891 0
    outer loop
      vertex -23.2346 23.1849 2
      vertex -23.1887 23.4159 3.19
      vertex -23.1887 23.4159 2
    endloop
  endfacet
  facet normal -0.980825 0.194891 0
    outer loop
      vertex -23.1887 23.4159 3.19
      vertex -23.2346 23.1849 2
      vertex -23.2346 23.1849 3.19
    endloop
  endfacet
  facet normal 0 1 0
    outer loop
      vertex 21.45 24.75 3.19
      vertex 15.2 24.75 2
      vertex 15.2 24.75 3.19
    endloop
  endfacet
  facet normal 0 0 0
    outer loop
      vertex 15.2 24.75 2
      vertex -7.2 24.75 2
      vertex 7.2 24.75 2
    endloop
  endfacet
  facet normal 0 0 0
    outer loop
      vertex 15.2 24.75 2
      vertex -15.2 24.75 2
      vertex -7.2 24.75 2
    endloop
  endfacet
  facet normal 0 -0 0
    outer loop
      vertex 15.2 24.75 2
      vertex 21.45 24.75 2
      vertex -15.2 24.75 2
    endloop
  endfacet
  facet normal 0 1 -0
    outer loop
      vertex 21.45 24.75 2
      vertex 15.2 24.75 2
      vertex 21.45 24.75 3.19
    endloop
  endfacet
  facet normal 0 1 -0
    outer loop
      vertex 7.2 24.75 2
      vertex -7.2 24.75 3.19
      vertex 7.2 24.75 3.19
    endloop
  endfacet
  facet normal 0 1 0
    outer loop
      vertex -7.2 24.75 3.19
      vertex 7.2 24.75 2
      vertex -7.2 24.75 2
    endloop
  endfacet
  facet normal 0 1 -0
    outer loop
      vertex -15.2 24.75 2
      vertex -21.45 24.75 3.19
      vertex -15.2 24.75 3.19
    endloop
  endfacet
  facet normal 0 1 0
    outer loop
      vertex -15.2 24.75 2
      vertex -21.45 24.75 2
      vertex -21.45 24.75 3.19
    endloop
  endfacet
  facet normal 0 0 0
    outer loop
      vertex -21.45 24.75 2
      vertex -15.2 24.75 2
      vertex 21.45 24.75 2
    endloop
  endfacet
  facet normal -0.194891 -0.980825 0
    outer loop
      vertex -21.9159 -24.6887 2
      vertex -21.6849 -24.7346 3.19
      vertex -21.9159 -24.6887 3.19
    endloop
  endfacet
  facet normal -0.194891 -0.980825 -0
    outer loop
      vertex -21.6849 -24.7346 3.19
      vertex -21.9159 -24.6887 2
      vertex -21.6849 -24.7346 2
    endloop
  endfacet
  facet normal -0.0654194 0.997858 0
    outer loop
      vertex -21.45 24.75 2
      vertex -21.6849 24.7346 3.19
      vertex -21.45 24.75 3.19
    endloop
  endfacet
  facet normal -0.0654194 0.997858 0
    outer loop
      vertex -21.6849 24.7346 3.19
      vertex -21.45 24.75 2
      vertex -21.6849 24.7346 2
    endloop
  endfacet
  facet normal 0.659286 -0.751892 0
    outer loop
      vertex 22.5458 -24.378 2
      vertex 22.7228 -24.2228 3.19
      vertex 22.5458 -24.378 3.19
    endloop
  endfacet
  facet normal 0.659286 -0.751892 0
    outer loop
      vertex 22.7228 -24.2228 3.19
      vertex 22.5458 -24.378 2
      vertex 22.7228 -24.2228 2
    endloop
  endfacet
  facet normal 0.751892 -0.659286 0
    outer loop
      vertex 22.7228 -24.2228 3.19
      vertex 22.878 -24.0458 2
      vertex 22.878 -24.0458 3.19
    endloop
  endfacet
  facet normal 0.751892 -0.659286 0
    outer loop
      vertex 22.878 -24.0458 2
      vertex 22.7228 -24.2228 3.19
      vertex 22.7228 -24.2228 2
    endloop
  endfacet
  facet normal 0.555778 0.831331 -0
    outer loop
      vertex 22.5458 24.378 2
      vertex 22.35 24.5089 3.19
      vertex 22.5458 24.378 3.19
    endloop
  endfacet
  facet normal 0.555778 0.831331 0
    outer loop
      vertex 22.35 24.5089 3.19
      vertex 22.5458 24.378 2
      vertex 22.35 24.5089 2
    endloop
  endfacet
  facet normal -0.751892 -0.659286 0
    outer loop
      vertex -22.7228 -24.2228 2
      vertex -22.878 -24.0458 3.19
      vertex -22.878 -24.0458 2
    endloop
  endfacet
  facet normal -0.751892 -0.659286 0
    outer loop
      vertex -22.878 -24.0458 3.19
      vertex -22.7228 -24.2228 2
      vertex -22.7228 -24.2228 3.19
    endloop
  endfacet
  facet normal 0.44211 -0.896961 0
    outer loop
      vertex 22.1388 -24.613 2
      vertex 22.35 -24.5089 3.19
      vertex 22.1388 -24.613 3.19
    endloop
  endfacet
  facet normal 0.44211 -0.896961 0
    outer loop
      vertex 22.35 -24.5089 3.19
      vertex 22.1388 -24.613 2
      vertex 22.35 -24.5089 2
    endloop
  endfacet
  facet normal -0.659286 0.751892 0
    outer loop
      vertex -22.5458 24.378 2
      vertex -22.7228 24.2228 3.19
      vertex -22.5458 24.378 3.19
    endloop
  endfacet
  facet normal -0.659286 0.751892 0
    outer loop
      vertex -22.7228 24.2228 3.19
      vertex -22.5458 24.378 2
      vertex -22.7228 24.2228 2
    endloop
  endfacet
  facet normal -0.321575 -0.946884 0
    outer loop
      vertex -22.1388 -24.613 2
      vertex -21.9159 -24.6887 3.19
      vertex -22.1388 -24.613 3.19
    endloop
  endfacet
  facet normal -0.321575 -0.946884 -0
    outer loop
      vertex -21.9159 -24.6887 3.19
      vertex -22.1388 -24.613 2
      vertex -21.9159 -24.6887 2
    endloop
  endfacet
  facet normal 1 -0 0
    outer loop
      vertex 23.25 -22.95 3.19
      vertex 23.25 22.95 2
      vertex 23.25 22.95 3.19
    endloop
  endfacet
  facet normal 1 0 0
    outer loop
      vertex 23.25 22.95 2
      vertex 23.25 -22.95 3.19
      vertex 23.25 -22.95 2
    endloop
  endfacet
  facet normal 0.946884 -0.321575 0
    outer loop
      vertex 23.113 -23.6388 3.19
      vertex 23.1887 -23.4159 2
      vertex 23.1887 -23.4159 3.19
    endloop
  endfacet
  facet normal 0.946884 -0.321575 0
    outer loop
      vertex 23.1887 -23.4159 2
      vertex 23.113 -23.6388 3.19
      vertex 23.113 -23.6388 2
    endloop
  endfacet
  facet normal 0.997858 0.0654194 0
    outer loop
      vertex 23.25 22.95 3.19
      vertex 23.2346 23.1849 2
      vertex 23.2346 23.1849 3.19
    endloop
  endfacet
  facet normal 0.997858 0.0654194 0
    outer loop
      vertex 23.2346 23.1849 2
      vertex 23.25 22.95 3.19
      vertex 23.25 22.95 2
    endloop
  endfacet
  facet normal 0.831331 -0.555778 0
    outer loop
      vertex 22.878 -24.0458 3.19
      vertex 23.0089 -23.85 2
      vertex 23.0089 -23.85 3.19
    endloop
  endfacet
  facet normal 0.831331 -0.555778 0
    outer loop
      vertex 23.0089 -23.85 2
      vertex 22.878 -24.0458 3.19
      vertex 22.878 -24.0458 2
    endloop
  endfacet
  facet normal -0.896961 0.44211 0
    outer loop
      vertex -23.113 23.6388 2
      vertex -23.0089 23.85 3.19
      vertex -23.0089 23.85 2
    endloop
  endfacet
  facet normal -0.896961 0.44211 0
    outer loop
      vertex -23.0089 23.85 3.19
      vertex -23.113 23.6388 2
      vertex -23.113 23.6388 3.19
    endloop
  endfacet
  facet normal -0.194891 0.980825 0
    outer loop
      vertex -21.6849 24.7346 2
      vertex -21.9159 24.6887 3.19
      vertex -21.6849 24.7346 3.19
    endloop
  endfacet
  facet normal -0.194891 0.980825 0
    outer loop
      vertex -21.9159 24.6887 3.19
      vertex -21.6849 24.7346 2
      vertex -21.9159 24.6887 2
    endloop
  endfacet
  facet normal 0.44211 0.896961 -0
    outer loop
      vertex 22.35 24.5089 2
      vertex 22.1388 24.613 3.19
      vertex 22.35 24.5089 3.19
    endloop
  endfacet
  facet normal 0.44211 0.896961 0
    outer loop
      vertex 22.1388 24.613 3.19
      vertex 22.35 24.5089 2
      vertex 22.1388 24.613 2
    endloop
  endfacet
  facet normal -0.44211 0.896961 0
    outer loop
      vertex -22.1388 24.613 2
      vertex -22.35 24.5089 3.19
      vertex -22.1388 24.613 3.19
    endloop
  endfacet
  facet normal -0.44211 0.896961 0
    outer loop
      vertex -22.35 24.5089 3.19
      vertex -22.1388 24.613 2
      vertex -22.35 24.5089 2
    endloop
  endfacet
  facet normal -0.659286 -0.751892 0
    outer loop
      vertex -22.7228 -24.2228 2
      vertex -22.5458 -24.378 3.19
      vertex -22.7228 -24.2228 3.19
    endloop
  endfacet
  facet normal -0.659286 -0.751892 -0
    outer loop
      vertex -22.5458 -24.378 3.19
      vertex -22.7228 -24.2228 2
      vertex -22.5458 -24.378 2
    endloop
  endfacet
  facet normal -0.44211 -0.896961 0
    outer loop
      vertex -22.35 -24.5089 2
      vertex -22.1388 -24.613 3.19
      vertex -22.35 -24.5089 3.19
    endloop
  endfacet
  facet normal -0.44211 -0.896961 -0
    outer loop
      vertex -22.1388 -24.613 3.19
      vertex -22.35 -24.5089 2
      vertex -22.1388 -24.613 2
    endloop
  endfacet
  facet normal 0.831331 0.555778 0
    outer loop
      vertex 23.0089 23.85 3.19
      vertex 22.878 24.0458 2
      vertex 22.878 24.0458 3.19
    endloop
  endfacet
  facet normal 0.831331 0.555778 0
    outer loop
      vertex 22.878 24.0458 2
      vertex 23.0089 23.85 3.19
      vertex 23.0089 23.85 2
    endloop
  endfacet
  facet normal -0.555778 0.831331 0
    outer loop
      vertex -22.35 24.5089 2
      vertex -22.5458 24.378 3.19
      vertex -22.35 24.5089 3.19
    endloop
  endfacet
  facet normal -0.555778 0.831331 0
    outer loop
      vertex -22.5458 24.378 3.19
      vertex -22.35 24.5089 2
      vertex -22.5458 24.378 2
    endloop
  endfacet
  facet normal 0.321575 0.946884 -0
    outer loop
      vertex 22.1388 24.613 2
      vertex 21.9159 24.6887 3.19
      vertex 22.1388 24.613 3.19
    endloop
  endfacet
  facet normal 0.321575 0.946884 0
    outer loop
      vertex 21.9159 24.6887 3.19
      vertex 22.1388 24.613 2
      vertex 21.9159 24.6887 2
    endloop
  endfacet
  facet normal 0.659286 0.751892 -0
    outer loop
      vertex 22.7228 24.2228 2
      vertex 22.5458 24.378 3.19
      vertex 22.7228 24.2228 3.19
    endloop
  endfacet
  facet normal 0.659286 0.751892 0
    outer loop
      vertex 22.5458 24.378 3.19
      vertex 22.7228 24.2228 2
      vertex 22.5458 24.378 2
    endloop
  endfacet
  facet normal -0.997858 -0.0654194 0
    outer loop
      vertex -23.2346 -23.1849 2
      vertex -23.25 -22.95 3.19
      vertex -23.25 -22.95 2
    endloop
  endfacet
  facet normal -0.997858 -0.0654194 0
    outer loop
      vertex -23.25 -22.95 3.19
      vertex -23.2346 -23.1849 2
      vertex -23.2346 -23.1849 3.19
    endloop
  endfacet
  facet normal -0.831331 0.555778 0
    outer loop
      vertex -23.0089 23.85 2
      vertex -22.878 24.0458 3.19
      vertex -22.878 24.0458 2
    endloop
  endfacet
  facet normal -0.831331 0.555778 0
    outer loop
      vertex -22.878 24.0458 3.19
      vertex -23.0089 23.85 2
      vertex -23.0089 23.85 3.19
    endloop
  endfacet
  facet normal 0.751892 0.659286 0
    outer loop
      vertex 22.878 24.0458 3.19
      vertex 22.7228 24.2228 2
      vertex 22.7228 24.2228 3.19
    endloop
  endfacet
  facet normal 0.751892 0.659286 0
    outer loop
      vertex 22.7228 24.2228 2
      vertex 22.878 24.0458 3.19
      vertex 22.878 24.0458 2
    endloop
  endfacet
  facet normal 0.980825 0.194891 0
    outer loop
      vertex 23.2346 23.1849 3.19
      vertex 23.1887 23.4159 2
      vertex 23.1887 23.4159 3.19
    endloop
  endfacet
  facet normal 0.980825 0.194891 0
    outer loop
      vertex 23.1887 23.4159 2
      vertex 23.2346 23.1849 3.19
      vertex 23.2346 23.1849 2
    endloop
  endfacet
  facet normal 0.896961 -0.44211 0
    outer loop
      vertex 23.0089 -23.85 3.19
      vertex 23.113 -23.6388 2
      vertex 23.113 -23.6388 3.19
    endloop
  endfacet
  facet normal 0.896961 -0.44211 0
    outer loop
      vertex 23.113 -23.6388 2
      vertex 23.0089 -23.85 3.19
      vertex 23.0089 -23.85 2
    endloop
  endfacet
  facet normal -0.980825 -0.194891 0
    outer loop
      vertex -23.1887 -23.4159 2
      vertex -23.2346 -23.1849 3.19
      vertex -23.2346 -23.1849 2
    endloop
  endfacet
  facet normal -0.980825 -0.194891 0
    outer loop
      vertex -23.2346 -23.1849 3.19
      vertex -23.1887 -23.4159 2
      vertex -23.1887 -23.4159 3.19
    endloop
  endfacet
  facet normal -0.896961 -0.44211 0
    outer loop
      vertex -23.0089 -23.85 2
      vertex -23.113 -23.6388 3.19
      vertex -23.113 -23.6388 2
    endloop
  endfacet
  facet normal -0.896961 -0.44211 0
    outer loop
      vertex -23.113 -23.6388 3.19
      vertex -23.0089 -23.85 2
      vertex -23.0089 -23.85 3.19
    endloop
  endfacet
  facet normal 0 0 1
    outer loop
      vertex -15.2 24.75 3.19
      vertex -18.95 22.25 3.19
      vertex -15.2 22.25 3.19
    endloop
  endfacet
  facet normal -0 0 1
    outer loop
      vertex -21.45 24.75 3.19
      vertex -18.95 22.25 3.19
      vertex -15.2 24.75 3.19
    endloop
  endfacet
  facet normal 0 0 1
    outer loop
      vertex -18.95 22.25 3.19
      vertex -21.45 24.75 3.19
      vertex -19.1849 22.2346 3.19
    endloop
  endfacet
  facet normal 0 0 1
    outer loop
      vertex -19.1849 22.2346 3.19
      vertex -21.45 24.75 3.19
      vertex -19.4159 22.1887 3.19
    endloop
  endfacet
  facet normal 0 0 1
    outer loop
      vertex -19.4159 22.1887 3.19
      vertex -21.45 24.75 3.19
      vertex -19.6388 22.113 3.19
    endloop
  endfacet
  facet normal 0 0 1
    outer loop
      vertex -20.7346 20.6849 3.19
      vertex -21.6 21 3.19
      vertex -20.75 20.45 3.19
    endloop
  endfacet
  facet normal 0 0 1
    outer loop
      vertex -20.6887 20.9159 3.19
      vertex -21.6 21 3.19
      vertex -20.7346 20.6849 3.19
    endloop
  endfacet
  facet normal 0 0 1
    outer loop
      vertex -20.613 21.1388 3.19
      vertex -21.6 21 3.19
      vertex -20.6887 20.9159 3.19
    endloop
  endfacet
  facet normal 0 0 1
    outer loop
      vertex -20.5089 21.35 3.19
      vertex -21.6 21 3.19
      vertex -20.613 21.1388 3.19
    endloop
  endfacet
  facet normal 0 0 1
    outer loop
      vertex -20.378 21.5458 3.19
      vertex -21.6 21 3.19
      vertex -20.5089 21.35 3.19
    endloop
  endfacet
  facet normal 0 0 1
    outer loop
      vertex -21.6 21 3.19
      vertex -20.378 21.5458 3.19
      vertex -21.45 24.75 3.19
    endloop
  endfacet
  facet normal 0 0 1
    outer loop
      vertex -20.2228 21.7228 3.19
      vertex -21.45 24.75 3.19
      vertex -20.378 21.5458 3.19
    endloop
  endfacet
  facet normal 0 0 1
    outer loop
      vertex -20.0458 21.878 3.19
      vertex -21.45 24.75 3.19
      vertex -20.2228 21.7228 3.19
    endloop
  endfacet
  facet normal 0 0 1
    outer loop
      vertex -19.85 22.0089 3.19
      vertex -21.45 24.75 3.19
      vertex -20.0458 21.878 3.19
    endloop
  endfacet
  facet normal 0 0 1
    outer loop
      vertex -19.6388 22.113 3.19
      vertex -21.45 24.75 3.19
      vertex -19.85 22.0089 3.19
    endloop
  endfacet
  facet normal -0 0 1
    outer loop
      vertex 20.7346 -20.6849 3.19
      vertex 21.6 -21 3.19
      vertex 20.75 -20.45 3.19
    endloop
  endfacet
  facet normal -0 0 1
    outer loop
      vertex 20.6887 -20.9159 3.19
      vertex 21.6 -21 3.19
      vertex 20.7346 -20.6849 3.19
    endloop
  endfacet
  facet normal 0 0 1
    outer loop
      vertex 20.613 -21.1388 3.19
      vertex 21.6 -21 3.19
      vertex 20.6887 -20.9159 3.19
    endloop
  endfacet
  facet normal 0 0 1
    outer loop
      vertex 20.5089 -21.35 3.19
      vertex 21.6 -21 3.19
      vertex 20.613 -21.1388 3.19
    endloop
  endfacet
  facet normal 0 0 1
    outer loop
      vertex 20.378 -21.5458 3.19
      vertex 21.6 -21 3.19
      vertex 20.5089 -21.35 3.19
    endloop
  endfacet
  facet normal 0 0 1
    outer loop
      vertex 21.6 -21 3.19
      vertex 20.378 -21.5458 3.19
      vertex 21.45 -24.75 3.19
    endloop
  endfacet
  facet normal -0 0 1
    outer loop
      vertex 20.2228 -21.7228 3.19
      vertex 21.45 -24.75 3.19
      vertex 20.378 -21.5458 3.19
    endloop
  endfacet
  facet normal -0 0 1
    outer loop
      vertex 20.0458 -21.878 3.19
      vertex 21.45 -24.75 3.19
      vertex 20.2228 -21.7228 3.19
    endloop
  endfacet
  facet normal -0 0 1
    outer loop
      vertex 19.85 -22.0089 3.19
      vertex 21.45 -24.75 3.19
      vertex 20.0458 -21.878 3.19
    endloop
  endfacet
  facet normal -0 0 1
    outer loop
      vertex 19.6388 -22.113 3.19
      vertex 21.45 -24.75 3.19
      vertex 19.85 -22.0089 3.19
    endloop
  endfacet
  facet normal -0 0 1
    outer loop
      vertex 19.4159 -22.1887 3.19
      vertex 21.45 -24.75 3.19
      vertex 19.6388 -22.113 3.19
    endloop
  endfacet
  facet normal -0 0 1
    outer loop
      vertex 19.1849 -22.2346 3.19
      vertex 21.45 -24.75 3.19
      vertex 19.4159 -22.1887 3.19
    endloop
  endfacet
  facet normal -0 0 1
    outer loop
      vertex 18.95 -22.25 3.19
      vertex 21.45 -24.75 3.19
      vertex 19.1849 -22.2346 3.19
    endloop
  endfacet
  facet normal -0 0 1
    outer loop
      vertex -18.95 -22.25 3.19
      vertex 21.45 -24.75 3.19
      vertex 18.95 -22.25 3.19
    endloop
  endfacet
  facet normal 0 0 1
    outer loop
      vertex -18.95 -22.25 3.19
      vertex -21.45 -24.75 3.19
      vertex 21.45 -24.75 3.19
    endloop
  endfacet
  facet normal 0 0 1
    outer loop
      vertex -19.1849 -22.2346 3.19
      vertex -21.45 -24.75 3.19
      vertex -18.95 -22.25 3.19
    endloop
  endfacet
  facet normal 0 0 1
    outer loop
      vertex -19.4159 -22.1887 3.19
      vertex -21.45 -24.75 3.19
      vertex -19.1849 -22.2346 3.19
    endloop
  endfacet
  facet normal 0 0 1
    outer loop
      vertex -19.6388 -22.113 3.19
      vertex -21.45 -24.75 3.19
      vertex -19.4159 -22.1887 3.19
    endloop
  endfacet
  facet normal 0 0 1
    outer loop
      vertex -19.85 -22.0089 3.19
      vertex -21.45 -24.75 3.19
      vertex -19.6388 -22.113 3.19
    endloop
  endfacet
  facet normal 0 0 1
    outer loop
      vertex -20.0458 -21.878 3.19
      vertex -21.45 -24.75 3.19
      vertex -19.85 -22.0089 3.19
    endloop
  endfacet
  facet normal 0 0 1
    outer loop
      vertex -20.2228 -21.7228 3.19
      vertex -21.45 -24.75 3.19
      vertex -20.0458 -21.878 3.19
    endloop
  endfacet
  facet normal 0 0 1
    outer loop
      vertex -23.25 -22.95 3.19
      vertex -20.2228 -21.7228 3.19
      vertex -20.378 -21.5458 3.19
    endloop
  endfacet
  facet normal 0 0 1
    outer loop
      vertex -21.6 -21 3.19
      vertex -20.378 -21.5458 3.19
      vertex -20.5089 -21.35 3.19
    endloop
  endfacet
  facet normal 0 0 1
    outer loop
      vertex -21.6 -21 3.19
      vertex -20.5089 -21.35 3.19
      vertex -20.613 -21.1388 3.19
    endloop
  endfacet
  facet normal -0 0 1
    outer loop
      vertex -21.6 -21 3.19
      vertex -20.613 -21.1388 3.19
      vertex -20.6887 -20.9159 3.19
    endloop
  endfacet
  facet normal 0 0 1
    outer loop
      vertex -21.6 -21 3.19
      vertex -20.6887 -20.9159 3.19
      vertex -20.7346 -20.6849 3.19
    endloop
  endfacet
  facet normal 0 0 1
    outer loop
      vertex -21.6 -21 3.19
      vertex -20.7346 -20.6849 3.19
      vertex -20.75 -20.45 3.19
    endloop
  endfacet
  facet normal 0 0 1
    outer loop
      vertex -20.75 20.45 3.19
      vertex -21.6 7 3.19
      vertex -20.75 -20.45 3.19
    endloop
  endfacet
  facet normal 0 0 1
    outer loop
      vertex -20.75 20.45 3.19
      vertex -21.6 21 3.19
      vertex -21.6 7 3.19
    endloop
  endfacet
  facet normal 0 0 1
    outer loop
      vertex -23.25 22.95 3.19
      vertex -21.45 24.75 3.19
      vertex -21.6849 24.7346 3.19
    endloop
  endfacet
  facet normal 0 0 1
    outer loop
      vertex -23.25 22.95 3.19
      vertex -21.6849 24.7346 3.19
      vertex -21.9159 24.6887 3.19
    endloop
  endfacet
  facet normal 0 0 1
    outer loop
      vertex -23.25 22.95 3.19
      vertex -21.9159 24.6887 3.19
      vertex -22.1388 24.613 3.19
    endloop
  endfacet
  facet normal 0 0 1
    outer loop
      vertex -23.25 22.95 3.19
      vertex -22.1388 24.613 3.19
      vertex -22.35 24.5089 3.19
    endloop
  endfacet
  facet normal 0 0 1
    outer loop
      vertex -23.25 22.95 3.19
      vertex -22.35 24.5089 3.19
      vertex -22.5458 24.378 3.19
    endloop
  endfacet
  facet normal 0 0 1
    outer loop
      vertex -23.25 22.95 3.19
      vertex -22.5458 24.378 3.19
      vertex -22.7228 24.2228 3.19
    endloop
  endfacet
  facet normal 0 0 1
    outer loop
      vertex -23.25 22.95 3.19
      vertex -22.7228 24.2228 3.19
      vertex -22.878 24.0458 3.19
    endloop
  endfacet
  facet normal 0 0 1
    outer loop
      vertex -23.25 22.95 3.19
      vertex -22.878 24.0458 3.19
      vertex -23.0089 23.85 3.19
    endloop
  endfacet
  facet normal 0 0 1
    outer loop
      vertex -23.25 22.95 3.19
      vertex -23.0089 23.85 3.19
      vertex -23.113 23.6388 3.19
    endloop
  endfacet
  facet normal 0 0 1
    outer loop
      vertex -23.25 22.95 3.19
      vertex -23.113 23.6388 3.19
      vertex -23.1887 23.4159 3.19
    endloop
  endfacet
  facet normal 0 0 1
    outer loop
      vertex -21.45 24.75 3.19
      vertex -23.25 22.95 3.19
      vertex -21.6 21 3.19
    endloop
  endfacet
  facet normal 0 0 1
    outer loop
      vertex -23.25 22.95 3.19
      vertex -23.2 7 3.19
      vertex -23.2 21 3.19
    endloop
  endfacet
  facet normal 0 0 1
    outer loop
      vertex -23.2 7 3.19
      vertex -23.25 22.95 3.19
      vertex -23.2 -7 3.19
    endloop
  endfacet
  facet normal 0 0 1
    outer loop
      vertex -21.6 21 3.19
      vertex -23.25 22.95 3.19
      vertex -23.2 21 3.19
    endloop
  endfacet
  facet normal 0 0 1
    outer loop
      vertex -23.25 22.95 3.19
      vertex -23.1887 23.4159 3.19
      vertex -23.2346 23.1849 3.19
    endloop
  endfacet
  facet normal -0 0 1
    outer loop
      vertex -23.2 7 3.19
      vertex -21.6 -7 3.19
      vertex -21.6 7 3.19
    endloop
  endfacet
  facet normal 0 0 1
    outer loop
      vertex -21.6 -7 3.19
      vertex -23.2 7 3.19
      vertex -23.2 -7 3.19
    endloop
  endfacet
  facet normal -0 0 1
    outer loop
      vertex -21.6 -7 3.19
      vertex -20.75 -20.45 3.19
      vertex -21.6 7 3.19
    endloop
  endfacet
  facet normal 0 0 1
    outer loop
      vertex -21.6 -21 3.19
      vertex -20.75 -20.45 3.19
      vertex -21.6 -7 3.19
    endloop
  endfacet
  facet normal 0 0 1
    outer loop
      vertex -20.378 -21.5458 3.19
      vertex -21.6 -21 3.19
      vertex -23.25 -22.95 3.19
    endloop
  endfacet
  facet normal 0 -0 1
    outer loop
      vertex -22.35 -24.5089 3.19
      vertex -20.2228 -21.7228 3.19
      vertex -23.25 -22.95 3.19
    endloop
  endfacet
  facet normal 0 0 1
    outer loop
      vertex -20.2228 -21.7228 3.19
      vertex -21.6849 -24.7346 3.19
      vertex -21.45 -24.75 3.19
    endloop
  endfacet
  facet normal 0 0 1
    outer loop
      vertex -20.2228 -21.7228 3.19
      vertex -21.9159 -24.6887 3.19
      vertex -21.6849 -24.7346 3.19
    endloop
  endfacet
  facet normal 0 0 1
    outer loop
      vertex -20.2228 -21.7228 3.19
      vertex -22.1388 -24.613 3.19
      vertex -21.9159 -24.6887 3.19
    endloop
  endfacet
  facet normal 0 0 1
    outer loop
      vertex -20.2228 -21.7228 3.19
      vertex -22.35 -24.5089 3.19
      vertex -22.1388 -24.613 3.19
    endloop
  endfacet
  facet normal 0 0 1
    outer loop
      vertex -22.35 -24.5089 3.19
      vertex -23.25 -22.95 3.19
      vertex -22.5458 -24.378 3.19
    endloop
  endfacet
  facet normal 0 0 1
    outer loop
      vertex -22.5458 -24.378 3.19
      vertex -23.25 -22.95 3.19
      vertex -22.7228 -24.2228 3.19
    endloop
  endfacet
  facet normal 0 0 1
    outer loop
      vertex -22.7228 -24.2228 3.19
      vertex -23.25 -22.95 3.19
      vertex -22.878 -24.0458 3.19
    endloop
  endfacet
  facet normal 0 0 1
    outer loop
      vertex -22.878 -24.0458 3.19
      vertex -23.25 -22.95 3.19
      vertex -23.0089 -23.85 3.19
    endloop
  endfacet
  facet normal 0 0 1
    outer loop
      vertex -23.0089 -23.85 3.19
      vertex -23.25 -22.95 3.19
      vertex -23.113 -23.6388 3.19
    endloop
  endfacet
  facet normal 0 0 1
    outer loop
      vertex -23.25 -22.95 3.19
      vertex -21.6 -21 3.19
      vertex -23.2 -21 3.19
    endloop
  endfacet
  facet normal 0 0 1
    outer loop
      vertex -23.113 -23.6388 3.19
      vertex -23.25 -22.95 3.19
      vertex -23.1887 -23.4159 3.19
    endloop
  endfacet
  facet normal 0 0 1
    outer loop
      vertex -23.25 -22.95 3.19
      vertex -23.2 -7 3.19
      vertex -23.25 22.95 3.19
    endloop
  endfacet
  facet normal 0 0 1
    outer loop
      vertex -23.2 -7 3.19
      vertex -23.25 -22.95 3.19
      vertex -23.2 -21 3.19
    endloop
  endfacet
  facet normal 0 0 1
    outer loop
      vertex -23.1887 -23.4159 3.19
      vertex -23.25 -22.95 3.19
      vertex -23.2346 -23.1849 3.19
    endloop
  endfacet
  facet normal -0 0 1
    outer loop
      vertex 21.6 7 3.19
      vertex 23.2 -7 3.19
      vertex 23.2 7 3.19
    endloop
  endfacet
  facet normal 0 0 1
    outer loop
      vertex 23.2 -7 3.19
      vertex 21.6 7 3.19
      vertex 21.6 -7 3.19
    endloop
  endfacet
  facet normal 0 0 1
    outer loop
      vertex 20.378 21.5458 3.19
      vertex 23.25 22.95 3.19
      vertex 23.2346 23.1849 3.19
    endloop
  endfacet
  facet normal 0 0 1
    outer loop
      vertex 23.25 22.95 3.19
      vertex 23.2 7 3.19
      vertex 23.25 -22.95 3.19
    endloop
  endfacet
  facet normal 0 0 1
    outer loop
      vertex 23.25 22.95 3.19
      vertex 23.2 21 3.19
      vertex 23.2 7 3.19
    endloop
  endfacet
  facet normal 0 0 1
    outer loop
      vertex 20.378 21.5458 3.19
      vertex 23.2346 23.1849 3.19
      vertex 23.1887 23.4159 3.19
    endloop
  endfacet
  facet normal 0 0 1
    outer loop
      vertex 20.378 21.5458 3.19
      vertex 23.1887 23.4159 3.19
      vertex 23.113 23.6388 3.19
    endloop
  endfacet
  facet normal 0 0 1
    outer loop
      vertex 20.378 21.5458 3.19
      vertex 23.113 23.6388 3.19
      vertex 23.0089 23.85 3.19
    endloop
  endfacet
  facet normal 0 0 1
    outer loop
      vertex 20.378 21.5458 3.19
      vertex 23.0089 23.85 3.19
      vertex 22.878 24.0458 3.19
    endloop
  endfacet
  facet normal 0 0 1
    outer loop
      vertex 20.378 21.5458 3.19
      vertex 22.878 24.0458 3.19
      vertex 22.7228 24.2228 3.19
    endloop
  endfacet
  facet normal 0 0 1
    outer loop
      vertex 20.378 21.5458 3.19
      vertex 22.7228 24.2228 3.19
      vertex 22.5458 24.378 3.19
    endloop
  endfacet
  facet normal 0 0 1
    outer loop
      vertex 20.378 21.5458 3.19
      vertex 22.5458 24.378 3.19
      vertex 22.35 24.5089 3.19
    endloop
  endfacet
  facet normal 0 0 1
    outer loop
      vertex 20.378 21.5458 3.19
      vertex 22.35 24.5089 3.19
      vertex 22.1388 24.613 3.19
    endloop
  endfacet
  facet normal 0 0 1
    outer loop
      vertex 20.378 21.5458 3.19
      vertex 22.1388 24.613 3.19
      vertex 21.9159 24.6887 3.19
    endloop
  endfacet
  facet normal 0 0 1
    outer loop
      vertex 20.378 21.5458 3.19
      vertex 21.9159 24.6887 3.19
      vertex 21.6849 24.7346 3.19
    endloop
  endfacet
  facet normal 0 0 1
    outer loop
      vertex 23.25 22.95 3.19
      vertex 21.6 21 3.19
      vertex 23.2 21 3.19
    endloop
  endfacet
  facet normal -0 0 1
    outer loop
      vertex 20.75 20.45 3.19
      vertex 21.6 7 3.19
      vertex 21.6 21 3.19
    endloop
  endfacet
  facet normal 0 0 1
    outer loop
      vertex 21.6 7 3.19
      vertex 20.75 20.45 3.19
      vertex 21.6 -7 3.19
    endloop
  endfacet
  facet normal 0 0 1
    outer loop
      vertex 23.25 22.95 3.19
      vertex 20.378 21.5458 3.19
      vertex 21.6 21 3.19
    endloop
  endfacet
  facet normal 0 0 1
    outer loop
      vertex 20.378 21.5458 3.19
      vertex 21.6849 24.7346 3.19
      vertex 21.45 24.75 3.19
    endloop
  endfacet
  facet normal -0 0 1
    outer loop
      vertex 23.2 -7 3.19
      vertex 23.25 -22.95 3.19
      vertex 23.2 7 3.19
    endloop
  endfacet
  facet normal -0 0 1
    outer loop
      vertex 23.2 -21 3.19
      vertex 23.25 -22.95 3.19
      vertex 23.2 -7 3.19
    endloop
  endfacet
  facet normal -0 0 1
    outer loop
      vertex 21.6 -21 3.19
      vertex 23.25 -22.95 3.19
      vertex 23.2 -21 3.19
    endloop
  endfacet
  facet normal 0 0 1
    outer loop
      vertex 21.45 -24.75 3.19
      vertex 23.25 -22.95 3.19
      vertex 21.6 -21 3.19
    endloop
  endfacet
  facet normal 0 0 1
    outer loop
      vertex 23.25 -22.95 3.19
      vertex 23.1887 -23.4159 3.19
      vertex 23.2346 -23.1849 3.19
    endloop
  endfacet
  facet normal 0 0 1
    outer loop
      vertex 23.25 -22.95 3.19
      vertex 23.113 -23.6388 3.19
      vertex 23.1887 -23.4159 3.19
    endloop
  endfacet
  facet normal 0 0 1
    outer loop
      vertex 23.25 -22.95 3.19
      vertex 23.0089 -23.85 3.19
      vertex 23.113 -23.6388 3.19
    endloop
  endfacet
  facet normal 0 0 1
    outer loop
      vertex 23.25 -22.95 3.19
      vertex 22.878 -24.0458 3.19
      vertex 23.0089 -23.85 3.19
    endloop
  endfacet
  facet normal 0 0 1
    outer loop
      vertex 23.25 -22.95 3.19
      vertex 22.7228 -24.2228 3.19
      vertex 22.878 -24.0458 3.19
    endloop
  endfacet
  facet normal 0 0 1
    outer loop
      vertex 23.25 -22.95 3.19
      vertex 22.5458 -24.378 3.19
      vertex 22.7228 -24.2228 3.19
    endloop
  endfacet
  facet normal 0 0 1
    outer loop
      vertex 23.25 -22.95 3.19
      vertex 22.35 -24.5089 3.19
      vertex 22.5458 -24.378 3.19
    endloop
  endfacet
  facet normal 0 0 1
    outer loop
      vertex 23.25 -22.95 3.19
      vertex 22.1388 -24.613 3.19
      vertex 22.35 -24.5089 3.19
    endloop
  endfacet
  facet normal 0 0 1
    outer loop
      vertex 23.25 -22.95 3.19
      vertex 21.9159 -24.6887 3.19
      vertex 22.1388 -24.613 3.19
    endloop
  endfacet
  facet normal 0 0 1
    outer loop
      vertex 23.25 -22.95 3.19
      vertex 21.6849 -24.7346 3.19
      vertex 21.9159 -24.6887 3.19
    endloop
  endfacet
  facet normal 0 0 1
    outer loop
      vertex 23.25 -22.95 3.19
      vertex 21.45 -24.75 3.19
      vertex 21.6849 -24.7346 3.19
    endloop
  endfacet
  facet normal 0 0 1
    outer loop
      vertex 20.75 -20.45 3.19
      vertex 21.6 -7 3.19
      vertex 20.75 20.45 3.19
    endloop
  endfacet
  facet normal -0 0 1
    outer loop
      vertex 20.75 -20.45 3.19
      vertex 21.6 -21 3.19
      vertex 21.6 -7 3.19
    endloop
  endfacet
  facet normal 0 0 1
    outer loop
      vertex 21.6 21 3.19
      vertex 20.7346 20.6849 3.19
      vertex 20.75 20.45 3.19
    endloop
  endfacet
  facet normal 0 0 1
    outer loop
      vertex 21.6 21 3.19
      vertex 20.6887 20.9159 3.19
      vertex 20.7346 20.6849 3.19
    endloop
  endfacet
  facet normal 0 0 1
    outer loop
      vertex 21.6 21 3.19
      vertex 20.613 21.1388 3.19
      vertex 20.6887 20.9159 3.19
    endloop
  endfacet
  facet normal 0 0 1
    outer loop
      vertex 21.6 21 3.19
      vertex 20.5089 21.35 3.19
      vertex 20.613 21.1388 3.19
    endloop
  endfacet
  facet normal 0 0 1
    outer loop
      vertex 21.6 21 3.19
      vertex 20.378 21.5458 3.19
      vertex 20.5089 21.35 3.19
    endloop
  endfacet
  facet normal 0 0 1
    outer loop
      vertex 21.45 24.75 3.19
      vertex 20.2228 21.7228 3.19
      vertex 20.378 21.5458 3.19
    endloop
  endfacet
  facet normal 0 0 1
    outer loop
      vertex 21.45 24.75 3.19
      vertex 20.0458 21.878 3.19
      vertex 20.2228 21.7228 3.19
    endloop
  endfacet
  facet normal 0 0 1
    outer loop
      vertex 21.45 24.75 3.19
      vertex 19.85 22.0089 3.19
      vertex 20.0458 21.878 3.19
    endloop
  endfacet
  facet normal 0 0 1
    outer loop
      vertex 21.45 24.75 3.19
      vertex 19.6388 22.113 3.19
      vertex 19.85 22.0089 3.19
    endloop
  endfacet
  facet normal 0 0 1
    outer loop
      vertex 21.45 24.75 3.19
      vertex 19.4159 22.1887 3.19
      vertex 19.6388 22.113 3.19
    endloop
  endfacet
  facet normal 0 0 1
    outer loop
      vertex 21.45 24.75 3.19
      vertex 19.1849 22.2346 3.19
      vertex 19.4159 22.1887 3.19
    endloop
  endfacet
  facet normal 0 0 1
    outer loop
      vertex 21.45 24.75 3.19
      vertex 18.95 22.25 3.19
      vertex 19.1849 22.2346 3.19
    endloop
  endfacet
  facet normal -0 0 1
    outer loop
      vertex 15.2 24.75 3.19
      vertex 18.95 22.25 3.19
      vertex 21.45 24.75 3.19
    endloop
  endfacet
  facet normal 0 0 1
    outer loop
      vertex 18.95 22.25 3.19
      vertex 15.2 24.75 3.19
      vertex 15.2 22.25 3.19
    endloop
  endfacet
  facet normal 0 0 1
    outer loop
      vertex 7.2 24.75 3.19
      vertex -7.2 24.75 3.19
      vertex 7.2 23.4 3.19
    endloop
  endfacet
  facet normal -0 0 1
    outer loop
      vertex 7.2 23.4 3.19
      vertex 13.4 22.25 3.19
      vertex 13.4 23.4 3.19
    endloop
  endfacet
  facet normal 0 0 1
    outer loop
      vertex -7.2 23.4 3.19
      vertex 7.2 23.4 3.19
      vertex -7.2 24.75 3.19
    endloop
  endfacet
  facet normal 0 0 1
    outer loop
      vertex 7.2 23.4 3.19
      vertex -7.2 23.4 3.19
      vertex 13.4 22.25 3.19
    endloop
  endfacet
  facet normal 0 0 1
    outer loop
      vertex -13.4 22.25 3.19
      vertex -7.2 23.4 3.19
      vertex -13.4 23.4 3.19
    endloop
  endfacet
  facet normal 0 0 1
    outer loop
      vertex -7.2 23.4 3.19
      vertex -13.4 22.25 3.19
      vertex 13.4 22.25 3.19
    endloop
  endfacet
  facet normal 0.194891 -0.980825 0
    outer loop
      vertex 21.6849 -24.7346 2
      vertex 21.9159 -24.6887 3.19
      vertex 21.6849 -24.7346 3.19
    endloop
  endfacet
  facet normal 0.194891 -0.980825 0
    outer loop
      vertex 21.9159 -24.6887 3.19
      vertex 21.6849 -24.7346 2
      vertex 21.9159 -24.6887 2
    endloop
  endfacet
  facet normal 0.997858 -0.0654194 0
    outer loop
      vertex 23.2346 -23.1849 3.19
      vertex 23.25 -22.95 2
      vertex 23.25 -22.95 3.19
    endloop
  endfacet
  facet normal 0.997858 -0.0654194 0
    outer loop
      vertex 23.25 -22.95 2
      vertex 23.2346 -23.1849 3.19
      vertex 23.2346 -23.1849 2
    endloop
  endfacet
  facet normal -0.751892 0.659286 0
    outer loop
      vertex -22.878 24.0458 2
      vertex -22.7228 24.2228 3.19
      vertex -22.7228 24.2228 2
    endloop
  endfacet
  facet normal -0.751892 0.659286 0
    outer loop
      vertex -22.7228 24.2228 3.19
      vertex -22.878 24.0458 2
      vertex -22.878 24.0458 3.19
    endloop
  endfacet
  facet normal 0.946884 0.321575 0
    outer loop
      vertex 23.1887 23.4159 3.19
      vertex 23.113 23.6388 2
      vertex 23.113 23.6388 3.19
    endloop
  endfacet
  facet normal 0.946884 0.321575 0
    outer loop
      vertex 23.113 23.6388 2
      vertex 23.1887 23.4159 3.19
      vertex 23.1887 23.4159 2
    endloop
  endfacet
  facet normal 0.555778 -0.831331 0
    outer loop
      vertex 22.35 -24.5089 2
      vertex 22.5458 -24.378 3.19
      vertex 22.35 -24.5089 3.19
    endloop
  endfacet
  facet normal 0.555778 -0.831331 0
    outer loop
      vertex 22.5458 -24.378 3.19
      vertex 22.35 -24.5089 2
      vertex 22.5458 -24.378 2
    endloop
  endfacet
  facet normal 0.980825 -0.194891 0
    outer loop
      vertex 23.1887 -23.4159 3.19
      vertex 23.2346 -23.1849 2
      vertex 23.2346 -23.1849 3.19
    endloop
  endfacet
  facet normal 0.980825 -0.194891 0
    outer loop
      vertex 23.2346 -23.1849 2
      vertex 23.1887 -23.4159 3.19
      vertex 23.1887 -23.4159 2
    endloop
  endfacet
  facet normal 0.321575 -0.946884 0
    outer loop
      vertex 21.9159 -24.6887 2
      vertex 22.1388 -24.613 3.19
      vertex 21.9159 -24.6887 3.19
    endloop
  endfacet
  facet normal 0.321575 -0.946884 0
    outer loop
      vertex 22.1388 -24.613 3.19
      vertex 21.9159 -24.6887 2
      vertex 22.1388 -24.613 2
    endloop
  endfacet
  facet normal -0.0654194 0.997858 0
    outer loop
      vertex 19.1849 -22.2346 2
      vertex 18.95 -22.25 3.19
      vertex 19.1849 -22.2346 3.19
    endloop
  endfacet
  facet normal -0.0654194 0.997858 0
    outer loop
      vertex 18.95 -22.25 3.19
      vertex 19.1849 -22.2346 2
      vertex 18.95 -22.25 2
    endloop
  endfacet
  facet normal -0.997858 -0.0654194 0
    outer loop
      vertex 20.75 20.45 2
      vertex 20.7346 20.6849 3.19
      vertex 20.7346 20.6849 2
    endloop
  endfacet
  facet normal -0.997858 -0.0654194 0
    outer loop
      vertex 20.7346 20.6849 3.19
      vertex 20.75 20.45 2
      vertex 20.75 20.45 3.19
    endloop
  endfacet
  facet normal -0.659286 0.751892 0
    outer loop
      vertex 20.2228 -21.7228 2
      vertex 20.0458 -21.878 3.19
      vertex 20.2228 -21.7228 3.19
    endloop
  endfacet
  facet normal -0.659286 0.751892 0
    outer loop
      vertex 20.0458 -21.878 3.19
      vertex 20.2228 -21.7228 2
      vertex 20.0458 -21.878 2
    endloop
  endfacet
  facet normal 0.194891 0.980825 -0
    outer loop
      vertex -19.1849 -22.2346 2
      vertex -19.4159 -22.1887 3.19
      vertex -19.1849 -22.2346 3.19
    endloop
  endfacet
  facet normal 0.194891 0.980825 0
    outer loop
      vertex -19.4159 -22.1887 3.19
      vertex -19.1849 -22.2346 2
      vertex -19.4159 -22.1887 2
    endloop
  endfacet
  facet normal 1 -0 0
    outer loop
      vertex -20.75 -20.45 3.19
      vertex -20.75 20.45 2
      vertex -20.75 20.45 3.19
    endloop
  endfacet
  facet normal 1 0 0
    outer loop
      vertex -20.75 20.45 2
      vertex -20.75 -20.45 3.19
      vertex -20.75 -20.45 2
    endloop
  endfacet
  facet normal 0.831331 0.555778 0
    outer loop
      vertex -20.378 -21.5458 3.19
      vertex -20.5089 -21.35 2
      vertex -20.5089 -21.35 3.19
    endloop
  endfacet
  facet normal 0.831331 0.555778 0
    outer loop
      vertex -20.5089 -21.35 2
      vertex -20.378 -21.5458 3.19
      vertex -20.378 -21.5458 2
    endloop
  endfacet
  facet normal 0.997858 -0.0654194 0
    outer loop
      vertex -20.75 20.45 3.19
      vertex -20.7346 20.6849 2
      vertex -20.7346 20.6849 3.19
    endloop
  endfacet
  facet normal 0.997858 -0.0654194 0
    outer loop
      vertex -20.7346 20.6849 2
      vertex -20.75 20.45 3.19
      vertex -20.75 20.45 2
    endloop
  endfacet
  facet normal 0.321575 0.946884 -0
    outer loop
      vertex -19.4159 -22.1887 2
      vertex -19.6388 -22.113 3.19
      vertex -19.4159 -22.1887 3.19
    endloop
  endfacet
  facet normal 0.321575 0.946884 0
    outer loop
      vertex -19.6388 -22.113 3.19
      vertex -19.4159 -22.1887 2
      vertex -19.6388 -22.113 2
    endloop
  endfacet
  facet normal -1 0 0
    outer loop
      vertex 20.75 -20.45 2
      vertex 20.75 20.45 3.19
      vertex 20.75 20.45 2
    endloop
  endfacet
  facet normal -1 -0 0
    outer loop
      vertex 20.75 20.45 3.19
      vertex 20.75 -20.45 2
      vertex 20.75 -20.45 3.19
    endloop
  endfacet
  facet normal -0.321575 -0.946884 0
    outer loop
      vertex 19.4159 22.1887 2
      vertex 19.6388 22.113 3.19
      vertex 19.4159 22.1887 3.19
    endloop
  endfacet
  facet normal -0.321575 -0.946884 -0
    outer loop
      vertex 19.6388 22.113 3.19
      vertex 19.4159 22.1887 2
      vertex 19.6388 22.113 2
    endloop
  endfacet
  facet normal 0 1 -0
    outer loop
      vertex 18.95 -22.25 2
      vertex -18.95 -22.25 3.19
      vertex 18.95 -22.25 3.19
    endloop
  endfacet
  facet normal 0 1 0
    outer loop
      vertex -18.95 -22.25 3.19
      vertex 18.95 -22.25 2
      vertex -18.95 -22.25 2
    endloop
  endfacet
  facet normal -0.997858 0.0654194 0
    outer loop
      vertex 20.7346 -20.6849 2
      vertex 20.75 -20.45 3.19
      vertex 20.75 -20.45 2
    endloop
  endfacet
  facet normal -0.997858 0.0654194 0
    outer loop
      vertex 20.75 -20.45 3.19
      vertex 20.7346 -20.6849 2
      vertex 20.7346 -20.6849 3.19
    endloop
  endfacet
  facet normal -0.946884 0.321575 0
    outer loop
      vertex 20.613 -21.1388 2
      vertex 20.6887 -20.9159 3.19
      vertex 20.6887 -20.9159 2
    endloop
  endfacet
  facet normal -0.946884 0.321575 0
    outer loop
      vertex 20.6887 -20.9159 3.19
      vertex 20.613 -21.1388 2
      vertex 20.613 -21.1388 3.19
    endloop
  endfacet
  facet normal -0.44211 0.896961 0
    outer loop
      vertex 19.85 -22.0089 2
      vertex 19.6388 -22.113 3.19
      vertex 19.85 -22.0089 3.19
    endloop
  endfacet
  facet normal -0.44211 0.896961 0
    outer loop
      vertex 19.6388 -22.113 3.19
      vertex 19.85 -22.0089 2
      vertex 19.6388 -22.113 2
    endloop
  endfacet
  facet normal -0.896961 -0.44211 0
    outer loop
      vertex 20.613 21.1388 2
      vertex 20.5089 21.35 3.19
      vertex 20.5089 21.35 2
    endloop
  endfacet
  facet normal -0.896961 -0.44211 0
    outer loop
      vertex 20.5089 21.35 3.19
      vertex 20.613 21.1388 2
      vertex 20.613 21.1388 3.19
    endloop
  endfacet
  facet normal 0 -1 0
    outer loop
      vertex -18.95 22.25 3.19
      vertex -15.2 22.25 2
      vertex -15.2 22.25 3.19
    endloop
  endfacet
  facet normal 0 0 0
    outer loop
      vertex -15.2 22.25 2
      vertex 13.4 22.25 2
      vertex -13.4 22.25 2
    endloop
  endfacet
  facet normal 0 0 0
    outer loop
      vertex -15.2 22.25 2
      vertex 15.2 22.25 2
      vertex 13.4 22.25 2
    endloop
  endfacet
  facet normal 0 0 -0
    outer loop
      vertex -15.2 22.25 2
      vertex -18.95 22.25 2
      vertex 15.2 22.25 2
    endloop
  endfacet
  facet normal 0 -1 0
    outer loop
      vertex -18.95 22.25 2
      vertex -15.2 22.25 2
      vertex -18.95 22.25 3.19
    endloop
  endfacet
  facet normal 0 -1 0
    outer loop
      vertex -13.4 22.25 2
      vertex 13.4 22.25 3.19
      vertex -13.4 22.25 3.19
    endloop
  endfacet
  facet normal 0 -1 -0
    outer loop
      vertex 13.4 22.25 3.19
      vertex -13.4 22.25 2
      vertex 13.4 22.25 2
    endloop
  endfacet
  facet normal 0 -1 0
    outer loop
      vertex 15.2 22.25 2
      vertex 18.95 22.25 3.19
      vertex 15.2 22.25 3.19
    endloop
  endfacet
  facet normal 0 -1 0
    outer loop
      vertex 15.2 22.25 2
      vertex 18.95 22.25 2
      vertex 18.95 22.25 3.19
    endloop
  endfacet
  facet normal 0 0 0
    outer loop
      vertex 18.95 22.25 2
      vertex 15.2 22.25 2
      vertex -18.95 22.25 2
    endloop
  endfacet
  facet normal -0.555778 -0.831331 0
    outer loop
      vertex 19.85 22.0089 2
      vertex 20.0458 21.878 3.19
      vertex 19.85 22.0089 3.19
    endloop
  endfacet
  facet normal -0.555778 -0.831331 -0
    outer loop
      vertex 20.0458 21.878 3.19
      vertex 19.85 22.0089 2
      vertex 20.0458 21.878 2
    endloop
  endfacet
  facet normal 0.980825 -0.194891 0
    outer loop
      vertex -20.7346 20.6849 3.19
      vertex -20.6887 20.9159 2
      vertex -20.6887 20.9159 3.19
    endloop
  endfacet
  facet normal 0.980825 -0.194891 0
    outer loop
      vertex -20.6887 20.9159 2
      vertex -20.7346 20.6849 3.19
      vertex -20.7346 20.6849 2
    endloop
  endfacet
  facet normal 0.555778 0.831331 -0
    outer loop
      vertex -19.85 -22.0089 2
      vertex -20.0458 -21.878 3.19
      vertex -19.85 -22.0089 3.19
    endloop
  endfacet
  facet normal 0.555778 0.831331 0
    outer loop
      vertex -20.0458 -21.878 3.19
      vertex -19.85 -22.0089 2
      vertex -20.0458 -21.878 2
    endloop
  endfacet
  facet normal 0.751892 -0.659286 0
    outer loop
      vertex -20.378 21.5458 3.19
      vertex -20.2228 21.7228 2
      vertex -20.2228 21.7228 3.19
    endloop
  endfacet
  facet normal 0.751892 -0.659286 0
    outer loop
      vertex -20.2228 21.7228 2
      vertex -20.378 21.5458 3.19
      vertex -20.378 21.5458 2
    endloop
  endfacet
  facet normal 0.0654194 -0.997858 0
    outer loop
      vertex -19.1849 22.2346 2
      vertex -18.95 22.25 3.19
      vertex -19.1849 22.2346 3.19
    endloop
  endfacet
  facet normal 0.0654194 -0.997858 0
    outer loop
      vertex -18.95 22.25 3.19
      vertex -19.1849 22.2346 2
      vertex -18.95 22.25 2
    endloop
  endfacet
  facet normal 0.659286 -0.751892 0
    outer loop
      vertex -20.2228 21.7228 2
      vertex -20.0458 21.878 3.19
      vertex -20.2228 21.7228 3.19
    endloop
  endfacet
  facet normal 0.659286 -0.751892 0
    outer loop
      vertex -20.0458 21.878 3.19
      vertex -20.2228 21.7228 2
      vertex -20.0458 21.878 2
    endloop
  endfacet
  facet normal 0.896961 -0.44211 0
    outer loop
      vertex -20.613 21.1388 3.19
      vertex -20.5089 21.35 2
      vertex -20.5089 21.35 3.19
    endloop
  endfacet
  facet normal 0.896961 -0.44211 0
    outer loop
      vertex -20.5089 21.35 2
      vertex -20.613 21.1388 3.19
      vertex -20.613 21.1388 2
    endloop
  endfacet
  facet normal 0.44211 -0.896961 0
    outer loop
      vertex -19.85 22.0089 2
      vertex -19.6388 22.113 3.19
      vertex -19.85 22.0089 3.19
    endloop
  endfacet
  facet normal 0.44211 -0.896961 0
    outer loop
      vertex -19.6388 22.113 3.19
      vertex -19.85 22.0089 2
      vertex -19.6388 22.113 2
    endloop
  endfacet
  facet normal 0.751892 0.659286 0
    outer loop
      vertex -20.2228 -21.7228 3.19
      vertex -20.378 -21.5458 2
      vertex -20.378 -21.5458 3.19
    endloop
  endfacet
  facet normal 0.751892 0.659286 0
    outer loop
      vertex -20.378 -21.5458 2
      vertex -20.2228 -21.7228 3.19
      vertex -20.2228 -21.7228 2
    endloop
  endfacet
  facet normal -0.751892 -0.659286 0
    outer loop
      vertex 20.378 21.5458 2
      vertex 20.2228 21.7228 3.19
      vertex 20.2228 21.7228 2
    endloop
  endfacet
  facet normal -0.751892 -0.659286 0
    outer loop
      vertex 20.2228 21.7228 3.19
      vertex 20.378 21.5458 2
      vertex 20.378 21.5458 3.19
    endloop
  endfacet
  facet normal 0.997858 0.0654194 0
    outer loop
      vertex -20.7346 -20.6849 3.19
      vertex -20.75 -20.45 2
      vertex -20.75 -20.45 3.19
    endloop
  endfacet
  facet normal 0.997858 0.0654194 0
    outer loop
      vertex -20.75 -20.45 2
      vertex -20.7346 -20.6849 3.19
      vertex -20.7346 -20.6849 2
    endloop
  endfacet
  facet normal 0.831331 -0.555778 0
    outer loop
      vertex -20.5089 21.35 3.19
      vertex -20.378 21.5458 2
      vertex -20.378 21.5458 3.19
    endloop
  endfacet
  facet normal 0.831331 -0.555778 0
    outer loop
      vertex -20.378 21.5458 2
      vertex -20.5089 21.35 3.19
      vertex -20.5089 21.35 2
    endloop
  endfacet
  facet normal -0.194891 -0.980825 0
    outer loop
      vertex 19.1849 22.2346 2
      vertex 19.4159 22.1887 3.19
      vertex 19.1849 22.2346 3.19
    endloop
  endfacet
  facet normal -0.194891 -0.980825 -0
    outer loop
      vertex 19.4159 22.1887 3.19
      vertex 19.1849 22.2346 2
      vertex 19.4159 22.1887 2
    endloop
  endfacet
  facet normal -0.896961 0.44211 0
    outer loop
      vertex 20.5089 -21.35 2
      vertex 20.613 -21.1388 3.19
      vertex 20.613 -21.1388 2
    endloop
  endfacet
  facet normal -0.896961 0.44211 0
    outer loop
      vertex 20.613 -21.1388 3.19
      vertex 20.5089 -21.35 2
      vertex 20.5089 -21.35 3.19
    endloop
  endfacet
  facet normal 0.0654194 0.997858 -0
    outer loop
      vertex -18.95 -22.25 2
      vertex -19.1849 -22.2346 3.19
      vertex -18.95 -22.25 3.19
    endloop
  endfacet
  facet normal 0.0654194 0.997858 0
    outer loop
      vertex -19.1849 -22.2346 3.19
      vertex -18.95 -22.25 2
      vertex -19.1849 -22.2346 2
    endloop
  endfacet
  facet normal 0.896961 0.44211 0
    outer loop
      vertex -20.5089 -21.35 3.19
      vertex -20.613 -21.1388 2
      vertex -20.613 -21.1388 3.19
    endloop
  endfacet
  facet normal 0.896961 0.44211 0
    outer loop
      vertex -20.613 -21.1388 2
      vertex -20.5089 -21.35 3.19
      vertex -20.5089 -21.35 2
    endloop
  endfacet
  facet normal -0.980825 -0.194891 0
    outer loop
      vertex 20.7346 20.6849 2
      vertex 20.6887 20.9159 3.19
      vertex 20.6887 20.9159 2
    endloop
  endfacet
  facet normal -0.980825 -0.194891 0
    outer loop
      vertex 20.6887 20.9159 3.19
      vertex 20.7346 20.6849 2
      vertex 20.7346 20.6849 3.19
    endloop
  endfacet
  facet normal 0.194891 -0.980825 0
    outer loop
      vertex -19.4159 22.1887 2
      vertex -19.1849 22.2346 3.19
      vertex -19.4159 22.1887 3.19
    endloop
  endfacet
  facet normal 0.194891 -0.980825 0
    outer loop
      vertex -19.1849 22.2346 3.19
      vertex -19.4159 22.1887 2
      vertex -19.1849 22.2346 2
    endloop
  endfacet
  facet normal 0.659286 0.751892 -0
    outer loop
      vertex -20.0458 -21.878 2
      vertex -20.2228 -21.7228 3.19
      vertex -20.0458 -21.878 3.19
    endloop
  endfacet
  facet normal 0.659286 0.751892 0
    outer loop
      vertex -20.2228 -21.7228 3.19
      vertex -20.0458 -21.878 2
      vertex -20.2228 -21.7228 2
    endloop
  endfacet
  facet normal 0.946884 -0.321575 0
    outer loop
      vertex -20.6887 20.9159 3.19
      vertex -20.613 21.1388 2
      vertex -20.613 21.1388 3.19
    endloop
  endfacet
  facet normal 0.946884 -0.321575 0
    outer loop
      vertex -20.613 21.1388 2
      vertex -20.6887 20.9159 3.19
      vertex -20.6887 20.9159 2
    endloop
  endfacet
  facet normal 0.44211 0.896961 -0
    outer loop
      vertex -19.6388 -22.113 2
      vertex -19.85 -22.0089 3.19
      vertex -19.6388 -22.113 3.19
    endloop
  endfacet
  facet normal 0.44211 0.896961 0
    outer loop
      vertex -19.85 -22.0089 3.19
      vertex -19.6388 -22.113 2
      vertex -19.85 -22.0089 2
    endloop
  endfacet
  facet normal -0.0654194 -0.997858 0
    outer loop
      vertex 18.95 22.25 2
      vertex 19.1849 22.2346 3.19
      vertex 18.95 22.25 3.19
    endloop
  endfacet
  facet normal -0.0654194 -0.997858 -0
    outer loop
      vertex 19.1849 22.2346 3.19
      vertex 18.95 22.25 2
      vertex 19.1849 22.2346 2
    endloop
  endfacet
  facet normal 0.555778 -0.831331 0
    outer loop
      vertex -20.0458 21.878 2
      vertex -19.85 22.0089 3.19
      vertex -20.0458 21.878 3.19
    endloop
  endfacet
  facet normal 0.555778 -0.831331 0
    outer loop
      vertex -19.85 22.0089 3.19
      vertex -20.0458 21.878 2
      vertex -19.85 22.0089 2
    endloop
  endfacet
  facet normal -0.659286 -0.751892 0
    outer loop
      vertex 20.0458 21.878 2
      vertex 20.2228 21.7228 3.19
      vertex 20.0458 21.878 3.19
    endloop
  endfacet
  facet normal -0.659286 -0.751892 -0
    outer loop
      vertex 20.2228 21.7228 3.19
      vertex 20.0458 21.878 2
      vertex 20.2228 21.7228 2
    endloop
  endfacet
  facet normal -0.194891 0.980825 0
    outer loop
      vertex 19.4159 -22.1887 2
      vertex 19.1849 -22.2346 3.19
      vertex 19.4159 -22.1887 3.19
    endloop
  endfacet
  facet normal -0.194891 0.980825 0
    outer loop
      vertex 19.1849 -22.2346 3.19
      vertex 19.4159 -22.1887 2
      vertex 19.1849 -22.2346 2
    endloop
  endfacet
  facet normal 0.946884 0.321575 0
    outer loop
      vertex -20.613 -21.1388 3.19
      vertex -20.6887 -20.9159 2
      vertex -20.6887 -20.9159 3.19
    endloop
  endfacet
  facet normal 0.946884 0.321575 0
    outer loop
      vertex -20.6887 -20.9159 2
      vertex -20.613 -21.1388 3.19
      vertex -20.613 -21.1388 2
    endloop
  endfacet
  facet normal 0.980825 0.194891 0
    outer loop
      vertex -20.6887 -20.9159 3.19
      vertex -20.7346 -20.6849 2
      vertex -20.7346 -20.6849 3.19
    endloop
  endfacet
  facet normal 0.980825 0.194891 0
    outer loop
      vertex -20.7346 -20.6849 2
      vertex -20.6887 -20.9159 3.19
      vertex -20.6887 -20.9159 2
    endloop
  endfacet
  facet normal -0.751892 0.659286 0
    outer loop
      vertex 20.2228 -21.7228 2
      vertex 20.378 -21.5458 3.19
      vertex 20.378 -21.5458 2
    endloop
  endfacet
  facet normal -0.751892 0.659286 0
    outer loop
      vertex 20.378 -21.5458 3.19
      vertex 20.2228 -21.7228 2
      vertex 20.2228 -21.7228 3.19
    endloop
  endfacet
  facet normal -0.44211 -0.896961 0
    outer loop
      vertex 19.6388 22.113 2
      vertex 19.85 22.0089 3.19
      vertex 19.6388 22.113 3.19
    endloop
  endfacet
  facet normal -0.44211 -0.896961 -0
    outer loop
      vertex 19.85 22.0089 3.19
      vertex 19.6388 22.113 2
      vertex 19.85 22.0089 2
    endloop
  endfacet
  facet normal 0.321575 -0.946884 0
    outer loop
      vertex -19.6388 22.113 2
      vertex -19.4159 22.1887 3.19
      vertex -19.6388 22.113 3.19
    endloop
  endfacet
  facet normal 0.321575 -0.946884 0
    outer loop
      vertex -19.4159 22.1887 3.19
      vertex -19.6388 22.113 2
      vertex -19.4159 22.1887 2
    endloop
  endfacet
  facet normal -0.555778 0.831331 0
    outer loop
      vertex 20.0458 -21.878 2
      vertex 19.85 -22.0089 3.19
      vertex 20.0458 -21.878 3.19
    endloop
  endfacet
  facet normal -0.555778 0.831331 0
    outer loop
      vertex 19.85 -22.0089 3.19
      vertex 20.0458 -21.878 2
      vertex 19.85 -22.0089 2
    endloop
  endfacet
  facet normal -0.831331 -0.555778 0
    outer loop
      vertex 20.5089 21.35 2
      vertex 20.378 21.5458 3.19
      vertex 20.378 21.5458 2
    endloop
  endfacet
  facet normal -0.831331 -0.555778 0
    outer loop
      vertex 20.378 21.5458 3.19
      vertex 20.5089 21.35 2
      vertex 20.5089 21.35 3.19
    endloop
  endfacet
  facet normal -0.946884 -0.321575 0
    outer loop
      vertex 20.6887 20.9159 2
      vertex 20.613 21.1388 3.19
      vertex 20.613 21.1388 2
    endloop
  endfacet
  facet normal -0.946884 -0.321575 0
    outer loop
      vertex 20.613 21.1388 3.19
      vertex 20.6887 20.9159 2
      vertex 20.6887 20.9159 3.19
    endloop
  endfacet
  facet normal -0.831331 0.555778 0
    outer loop
      vertex 20.378 -21.5458 2
      vertex 20.5089 -21.35 3.19
      vertex 20.5089 -21.35 2
    endloop
  endfacet
  facet normal -0.831331 0.555778 0
    outer loop
      vertex 20.5089 -21.35 3.19
      vertex 20.378 -21.5458 2
      vertex 20.378 -21.5458 3.19
    endloop
  endfacet
  facet normal -0.321575 0.946884 0
    outer loop
      vertex 19.6388 -22.113 2
      vertex 19.4159 -22.1887 3.19
      vertex 19.6388 -22.113 3.19
    endloop
  endfacet
  facet normal -0.321575 0.946884 0
    outer loop
      vertex 19.4159 -22.1887 3.19
      vertex 19.6388 -22.113 2
      vertex 19.4159 -22.1887 2
    endloop
  endfacet
  facet normal -0.980825 0.194891 0
    outer loop
      vertex 20.6887 -20.9159 2
      vertex 20.7346 -20.6849 3.19
      vertex 20.7346 -20.6849 2
    endloop
  endfacet
  facet normal -0.980825 0.194891 0
    outer loop
      vertex 20.7346 -20.6849 3.19
      vertex 20.6887 -20.9159 2
      vertex 20.6887 -20.9159 3.19
    endloop
  endfacet
  facet normal 1 -0 0
    outer loop
      vertex -21.6 -21 8
      vertex -21.6 -7 3.19
      vertex -21.6 -7 8
    endloop
  endfacet
  facet normal 1 0 0
    outer loop
      vertex -21.6 -7 3.19
      vertex -21.6 -21 8
      vertex -21.6 -21 3.19
    endloop
  endfacet
  facet normal -0 0 1
    outer loop
      vertex -23.2 -7 8
      vertex -21.6 -21 8
      vertex -21.6 -7 8
    endloop
  endfacet
  facet normal 0 0 1
    outer loop
      vertex -21.6 -21 8
      vertex -23.2 -7 8
      vertex -23.2 -21 8
    endloop
  endfacet
  facet normal 0 0 1
    outer loop
      vertex 23.2346 23.1849 2
      vertex 25.7 23.2 2
      vertex 25.6658 23.7221 2
    endloop
  endfacet
  facet normal 0 0 1
    outer loop
      vertex 25.7 23.2 2
      vertex 23.25 22.95 2
      vertex 25.7 -23.2 2
    endloop
  endfacet
  facet normal 0 0 1
    outer loop
      vertex 23.1887 23.4159 2
      vertex 25.6658 23.7221 2
      vertex 25.5637 24.2353 2
    endloop
  endfacet
  facet normal -0 0 1
    outer loop
      vertex 23.25 -22.95 2
      vertex 25.7 -23.2 2
      vertex 23.25 22.95 2
    endloop
  endfacet
  facet normal 0 0 1
    outer loop
      vertex 23.113 23.6388 2
      vertex 25.5637 24.2353 2
      vertex 25.3955 24.7307 2
    endloop
  endfacet
  facet normal -0 0 1
    outer loop
      vertex 23.2346 -23.1849 2
      vertex 25.7 -23.2 2
      vertex 23.25 -22.95 2
    endloop
  endfacet
  facet normal 0 0 1
    outer loop
      vertex 23.0089 23.85 2
      vertex 25.3955 24.7307 2
      vertex 25.1641 25.2 2
    endloop
  endfacet
  facet normal 0 0 1
    outer loop
      vertex 25.7 -23.2 2
      vertex 23.2346 -23.1849 2
      vertex 25.6658 -23.7221 2
    endloop
  endfacet
  facet normal 0 0 1
    outer loop
      vertex 22.878 24.0458 2
      vertex 25.1641 25.2 2
      vertex 24.8734 25.635 2
    endloop
  endfacet
  facet normal -0 0 1
    outer loop
      vertex 23.1887 -23.4159 2
      vertex 25.6658 -23.7221 2
      vertex 23.2346 -23.1849 2
    endloop
  endfacet
  facet normal 0 0 1
    outer loop
      vertex 22.7228 24.2228 2
      vertex 24.8734 25.635 2
      vertex 24.5284 26.0284 2
    endloop
  endfacet
  facet normal 0 0 1
    outer loop
      vertex 25.6658 -23.7221 2
      vertex 23.1887 -23.4159 2
      vertex 25.5637 -24.2353 2
    endloop
  endfacet
  facet normal 0 0 1
    outer loop
      vertex 22.7228 24.2228 2
      vertex 24.5284 26.0284 2
      vertex 24.135 26.3734 2
    endloop
  endfacet
  facet normal -0 0 1
    outer loop
      vertex 23.113 -23.6388 2
      vertex 25.5637 -24.2353 2
      vertex 23.1887 -23.4159 2
    endloop
  endfacet
  facet normal 0 0 1
    outer loop
      vertex 22.5458 24.378 2
      vertex 24.135 26.3734 2
      vertex 23.7 26.6641 2
    endloop
  endfacet
  facet normal 0 0 1
    outer loop
      vertex 25.5637 -24.2353 2
      vertex 23.113 -23.6388 2
      vertex 25.3955 -24.7307 2
    endloop
  endfacet
  facet normal -0 0 1
    outer loop
      vertex 23.0089 -23.85 2
      vertex 25.3955 -24.7307 2
      vertex 23.113 -23.6388 2
    endloop
  endfacet
  facet normal 0 0 1
    outer loop
      vertex 25.7 23.2 2
      vertex 23.2346 23.1849 2
      vertex 23.25 22.95 2
    endloop
  endfacet
  facet normal 0 0 1
    outer loop
      vertex 22.35 24.5089 2
      vertex 23.7 26.6641 2
      vertex 23.2307 26.8955 2
    endloop
  endfacet
  facet normal 0 0 1
    outer loop
      vertex 25.6658 23.7221 2
      vertex 23.1887 23.4159 2
      vertex 23.2346 23.1849 2
    endloop
  endfacet
  facet normal 0 0 1
    outer loop
      vertex 25.5637 24.2353 2
      vertex 23.113 23.6388 2
      vertex 23.1887 23.4159 2
    endloop
  endfacet
  facet normal 0 0 1
    outer loop
      vertex 25.3955 24.7307 2
      vertex 23.0089 23.85 2
      vertex 23.113 23.6388 2
    endloop
  endfacet
  facet normal 0 0 1
    outer loop
      vertex 25.1641 25.2 2
      vertex 22.878 24.0458 2
      vertex 23.0089 23.85 2
    endloop
  endfacet
  facet normal 0 0 1
    outer loop
      vertex 22.1388 24.613 2
      vertex 23.2307 26.8955 2
      vertex 22.7353 27.0637 2
    endloop
  endfacet
  facet normal 0 0 1
    outer loop
      vertex 24.8734 25.635 2
      vertex 22.7228 24.2228 2
      vertex 22.878 24.0458 2
    endloop
  endfacet
  facet normal 0 0 1
    outer loop
      vertex 24.135 26.3734 2
      vertex 22.5458 24.378 2
      vertex 22.7228 24.2228 2
    endloop
  endfacet
  facet normal 0 0 1
    outer loop
      vertex 23.7 26.6641 2
      vertex 22.35 24.5089 2
      vertex 22.5458 24.378 2
    endloop
  endfacet
  facet normal 0 0 1
    outer loop
      vertex 21.9159 24.6887 2
      vertex 22.7353 27.0637 2
      vertex 22.2221 27.1658 2
    endloop
  endfacet
  facet normal 0 0 1
    outer loop
      vertex 23.2307 26.8955 2
      vertex 22.1388 24.613 2
      vertex 22.35 24.5089 2
    endloop
  endfacet
  facet normal 0 0 1
    outer loop
      vertex 22.7353 27.0637 2
      vertex 21.9159 24.6887 2
      vertex 22.1388 24.613 2
    endloop
  endfacet
  facet normal 0 0 1
    outer loop
      vertex 21.6849 24.7346 2
      vertex 22.2221 27.1658 2
      vertex 21.7 27.2 2
    endloop
  endfacet
  facet normal 0 0 1
    outer loop
      vertex 22.2221 27.1658 2
      vertex 21.6849 24.7346 2
      vertex 21.9159 24.6887 2
    endloop
  endfacet
  facet normal 0 0 1
    outer loop
      vertex 21.7 27.2 2
      vertex 21.45 24.75 2
      vertex 21.6849 24.7346 2
    endloop
  endfacet
  facet normal 0 0 1
    outer loop
      vertex 21.7 27.2 2
      vertex -21.45 24.75 2
      vertex 21.45 24.75 2
    endloop
  endfacet
  facet normal -0 0 1
    outer loop
      vertex -21.7 27.2 2
      vertex -21.45 24.75 2
      vertex 21.7 27.2 2
    endloop
  endfacet
  facet normal 0 0 1
    outer loop
      vertex -21.7 27.2 2
      vertex -21.6849 24.7346 2
      vertex -21.45 24.75 2
    endloop
  endfacet
  facet normal -0 0 1
    outer loop
      vertex -22.2221 27.1658 2
      vertex -21.6849 24.7346 2
      vertex -21.7 27.2 2
    endloop
  endfacet
  facet normal 0 0 1
    outer loop
      vertex -21.6849 24.7346 2
      vertex -22.2221 27.1658 2
      vertex -21.9159 24.6887 2
    endloop
  endfacet
  facet normal -0 0 1
    outer loop
      vertex -22.7353 27.0637 2
      vertex -21.9159 24.6887 2
      vertex -22.2221 27.1658 2
    endloop
  endfacet
  facet normal 0 0 1
    outer loop
      vertex -21.9159 24.6887 2
      vertex -22.7353 27.0637 2
      vertex -22.1388 24.613 2
    endloop
  endfacet
  facet normal -0 0 1
    outer loop
      vertex -23.2307 26.8955 2
      vertex -22.1388 24.613 2
      vertex -22.7353 27.0637 2
    endloop
  endfacet
  facet normal 0 0 1
    outer loop
      vertex -22.1388 24.613 2
      vertex -23.2307 26.8955 2
      vertex -22.35 24.5089 2
    endloop
  endfacet
  facet normal -0 0 1
    outer loop
      vertex -23.7 26.6641 2
      vertex -22.35 24.5089 2
      vertex -23.2307 26.8955 2
    endloop
  endfacet
  facet normal 0 0 1
    outer loop
      vertex -22.35 24.5089 2
      vertex -23.7 26.6641 2
      vertex -22.5458 24.378 2
    endloop
  endfacet
  facet normal -0 0 1
    outer loop
      vertex -24.135 26.3734 2
      vertex -22.5458 24.378 2
      vertex -23.7 26.6641 2
    endloop
  endfacet
  facet normal 0 0 1
    outer loop
      vertex -22.5458 24.378 2
      vertex -24.135 26.3734 2
      vertex -22.7228 24.2228 2
    endloop
  endfacet
  facet normal -0 0 1
    outer loop
      vertex -24.5284 26.0284 2
      vertex -22.7228 24.2228 2
      vertex -24.135 26.3734 2
    endloop
  endfacet
  facet normal -0 0 1
    outer loop
      vertex -24.8734 25.635 2
      vertex -22.7228 24.2228 2
      vertex -24.5284 26.0284 2
    endloop
  endfacet
  facet normal 0 0 1
    outer loop
      vertex -22.7228 24.2228 2
      vertex -24.8734 25.635 2
      vertex -22.878 24.0458 2
    endloop
  endfacet
  facet normal -0 0 1
    outer loop
      vertex -25.1641 25.2 2
      vertex -22.878 24.0458 2
      vertex -24.8734 25.635 2
    endloop
  endfacet
  facet normal -0 0 1
    outer loop
      vertex -25.3955 24.7307 2
      vertex -23.0089 23.85 2
      vertex -25.1641 25.2 2
    endloop
  endfacet
  facet normal 0 0 1
    outer loop
      vertex -22.878 24.0458 2
      vertex -25.1641 25.2 2
      vertex -23.0089 23.85 2
    endloop
  endfacet
  facet normal 0 0 1
    outer loop
      vertex 25.3955 -24.7307 2
      vertex 23.0089 -23.85 2
      vertex 25.1641 -25.2 2
    endloop
  endfacet
  facet normal -0 0 1
    outer loop
      vertex 22.878 -24.0458 2
      vertex 25.1641 -25.2 2
      vertex 23.0089 -23.85 2
    endloop
  endfacet
  facet normal 0 0 1
    outer loop
      vertex 25.1641 -25.2 2
      vertex 22.878 -24.0458 2
      vertex 24.8734 -25.635 2
    endloop
  endfacet
  facet normal -0 0 1
    outer loop
      vertex 22.7228 -24.2228 2
      vertex 24.8734 -25.635 2
      vertex 22.878 -24.0458 2
    endloop
  endfacet
  facet normal 0 0 1
    outer loop
      vertex 24.8734 -25.635 2
      vertex 22.7228 -24.2228 2
      vertex 24.5284 -26.0284 2
    endloop
  endfacet
  facet normal 0 0 1
    outer loop
      vertex 24.5284 -26.0284 2
      vertex 22.7228 -24.2228 2
      vertex 24.135 -26.3734 2
    endloop
  endfacet
  facet normal -0 0 1
    outer loop
      vertex 22.5458 -24.378 2
      vertex 24.135 -26.3734 2
      vertex 22.7228 -24.2228 2
    endloop
  endfacet
  facet normal 0 0 1
    outer loop
      vertex 24.135 -26.3734 2
      vertex 22.5458 -24.378 2
      vertex 23.7 -26.6641 2
    endloop
  endfacet
  facet normal -0 0 1
    outer loop
      vertex 22.35 -24.5089 2
      vertex 23.7 -26.6641 2
      vertex 22.5458 -24.378 2
    endloop
  endfacet
  facet normal 0 0 1
    outer loop
      vertex 23.7 -26.6641 2
      vertex 22.35 -24.5089 2
      vertex 23.2307 -26.8955 2
    endloop
  endfacet
  facet normal -0 0 1
    outer loop
      vertex 22.1388 -24.613 2
      vertex 23.2307 -26.8955 2
      vertex 22.35 -24.5089 2
    endloop
  endfacet
  facet normal 0 0 1
    outer loop
      vertex 23.2307 -26.8955 2
      vertex 22.1388 -24.613 2
      vertex 22.7353 -27.0637 2
    endloop
  endfacet
  facet normal -0 0 1
    outer loop
      vertex 21.9159 -24.6887 2
      vertex 22.7353 -27.0637 2
      vertex 22.1388 -24.613 2
    endloop
  endfacet
  facet normal 0 0 1
    outer loop
      vertex 22.7353 -27.0637 2
      vertex 21.9159 -24.6887 2
      vertex 22.2221 -27.1658 2
    endloop
  endfacet
  facet normal -0 0 1
    outer loop
      vertex 21.6849 -24.7346 2
      vertex 22.2221 -27.1658 2
      vertex 21.9159 -24.6887 2
    endloop
  endfacet
  facet normal 0 0 1
    outer loop
      vertex 22.2221 -27.1658 2
      vertex 21.6849 -24.7346 2
      vertex 21.7 -27.2 2
    endloop
  endfacet
  facet normal -0 0 1
    outer loop
      vertex 21.45 -24.75 2
      vertex 21.7 -27.2 2
      vertex 21.6849 -24.7346 2
    endloop
  endfacet
  facet normal -0 0 1
    outer loop
      vertex -21.45 -24.75 2
      vertex 21.7 -27.2 2
      vertex 21.45 -24.75 2
    endloop
  endfacet
  facet normal 0 0 1
    outer loop
      vertex -21.45 -24.75 2
      vertex -21.7 -27.2 2
      vertex 21.7 -27.2 2
    endloop
  endfacet
  facet normal 0 0 1
    outer loop
      vertex -21.6849 -24.7346 2
      vertex -21.7 -27.2 2
      vertex -21.45 -24.75 2
    endloop
  endfacet
  facet normal 0 0 1
    outer loop
      vertex -22.2221 -27.1658 2
      vertex -21.6849 -24.7346 2
      vertex -21.9159 -24.6887 2
    endloop
  endfacet
  facet normal 0 0 1
    outer loop
      vertex -22.7353 -27.0637 2
      vertex -21.9159 -24.6887 2
      vertex -22.1388 -24.613 2
    endloop
  endfacet
  facet normal 0 0 1
    outer loop
      vertex -21.6849 -24.7346 2
      vertex -22.2221 -27.1658 2
      vertex -21.7 -27.2 2
    endloop
  endfacet
  facet normal 0 0 1
    outer loop
      vertex -23.2307 -26.8955 2
      vertex -22.1388 -24.613 2
      vertex -22.35 -24.5089 2
    endloop
  endfacet
  facet normal 0 0 1
    outer loop
      vertex -23.7 -26.6641 2
      vertex -22.35 -24.5089 2
      vertex -22.5458 -24.378 2
    endloop
  endfacet
  facet normal 0 0 1
    outer loop
      vertex -24.135 -26.3734 2
      vertex -22.5458 -24.378 2
      vertex -22.7228 -24.2228 2
    endloop
  endfacet
  facet normal 0 0 1
    outer loop
      vertex -21.9159 -24.6887 2
      vertex -22.7353 -27.0637 2
      vertex -22.2221 -27.1658 2
    endloop
  endfacet
  facet normal 0 0 1
    outer loop
      vertex -24.8734 -25.635 2
      vertex -22.7228 -24.2228 2
      vertex -22.878 -24.0458 2
    endloop
  endfacet
  facet normal 0 0 1
    outer loop
      vertex -25.1641 -25.2 2
      vertex -22.878 -24.0458 2
      vertex -23.0089 -23.85 2
    endloop
  endfacet
  facet normal 0 0 1
    outer loop
      vertex -25.3955 -24.7307 2
      vertex -23.0089 -23.85 2
      vertex -23.113 -23.6388 2
    endloop
  endfacet
  facet normal 0 0 1
    outer loop
      vertex -25.5637 -24.2353 2
      vertex -23.113 -23.6388 2
      vertex -23.1887 -23.4159 2
    endloop
  endfacet
  facet normal 0 0 1
    outer loop
      vertex -22.1388 -24.613 2
      vertex -23.2307 -26.8955 2
      vertex -22.7353 -27.0637 2
    endloop
  endfacet
  facet normal 0 0 1
    outer loop
      vertex -25.6658 -23.7221 2
      vertex -23.1887 -23.4159 2
      vertex -23.2346 -23.1849 2
    endloop
  endfacet
  facet normal 0 0 1
    outer loop
      vertex -25.7 -23.2 2
      vertex -23.2346 -23.1849 2
      vertex -23.25 -22.95 2
    endloop
  endfacet
  facet normal 0 0 1
    outer loop
      vertex -23.25 22.95 2
      vertex -25.7 23.2 2
      vertex -23.25 -22.95 2
    endloop
  endfacet
  facet normal 0 0 1
    outer loop
      vertex -25.7 -23.2 2
      vertex -23.25 -22.95 2
      vertex -25.7 23.2 2
    endloop
  endfacet
  facet normal 0 0 1
    outer loop
      vertex -23.0089 23.85 2
      vertex -25.3955 24.7307 2
      vertex -23.113 23.6388 2
    endloop
  endfacet
  facet normal 0 0 1
    outer loop
      vertex -23.2346 -23.1849 2
      vertex -25.7 -23.2 2
      vertex -25.6658 -23.7221 2
    endloop
  endfacet
  facet normal -0 0 1
    outer loop
      vertex -25.5637 24.2353 2
      vertex -23.113 23.6388 2
      vertex -25.3955 24.7307 2
    endloop
  endfacet
  facet normal 0 0 1
    outer loop
      vertex -22.35 -24.5089 2
      vertex -23.7 -26.6641 2
      vertex -23.2307 -26.8955 2
    endloop
  endfacet
  facet normal 0 0 1
    outer loop
      vertex -23.113 23.6388 2
      vertex -25.5637 24.2353 2
      vertex -23.1887 23.4159 2
    endloop
  endfacet
  facet normal 0 0 1
    outer loop
      vertex -22.5458 -24.378 2
      vertex -24.135 -26.3734 2
      vertex -23.7 -26.6641 2
    endloop
  endfacet
  facet normal -0 0 1
    outer loop
      vertex -25.6658 23.7221 2
      vertex -23.1887 23.4159 2
      vertex -25.5637 24.2353 2
    endloop
  endfacet
  facet normal 0 0 1
    outer loop
      vertex -22.7228 -24.2228 2
      vertex -24.5284 -26.0284 2
      vertex -24.135 -26.3734 2
    endloop
  endfacet
  facet normal 0 0 1
    outer loop
      vertex -23.1887 23.4159 2
      vertex -25.6658 23.7221 2
      vertex -23.2346 23.1849 2
    endloop
  endfacet
  facet normal 0 0 1
    outer loop
      vertex -22.7228 -24.2228 2
      vertex -24.8734 -25.635 2
      vertex -24.5284 -26.0284 2
    endloop
  endfacet
  facet normal -0 0 1
    outer loop
      vertex -25.7 23.2 2
      vertex -23.2346 23.1849 2
      vertex -25.6658 23.7221 2
    endloop
  endfacet
  facet normal 0 0 1
    outer loop
      vertex -22.878 -24.0458 2
      vertex -25.1641 -25.2 2
      vertex -24.8734 -25.635 2
    endloop
  endfacet
  facet normal 0 0 1
    outer loop
      vertex -23.2346 23.1849 2
      vertex -25.7 23.2 2
      vertex -23.25 22.95 2
    endloop
  endfacet
  facet normal 0 0 1
    outer loop
      vertex -23.0089 -23.85 2
      vertex -25.3955 -24.7307 2
      vertex -25.1641 -25.2 2
    endloop
  endfacet
  facet normal 0 0 1
    outer loop
      vertex -23.113 -23.6388 2
      vertex -25.5637 -24.2353 2
      vertex -25.3955 -24.7307 2
    endloop
  endfacet
  facet normal 0 0 1
    outer loop
      vertex -23.1887 -23.4159 2
      vertex -25.6658 -23.7221 2
      vertex -25.5637 -24.2353 2
    endloop
  endfacet
  facet normal -0 0 1
    outer loop
      vertex -11 18 2
      vertex 11 -6.5 2
      vertex 11 18 2
    endloop
  endfacet
  facet normal 0 0 1
    outer loop
      vertex 11 -6.5 2
      vertex -11 18 2
      vertex -11 -6.5 2
    endloop
  endfacet
  facet normal 0 0 1
    outer loop
      vertex 18.95 22.25 2
      vertex 20.75 20.45 2
      vertex 20.7346 20.6849 2
    endloop
  endfacet
  facet normal 0 0 1
    outer loop
      vertex 20.75 20.45 2
      vertex 11 -6.5 2
      vertex 20.75 -20.45 2
    endloop
  endfacet
  facet normal 0 0 1
    outer loop
      vertex 18.95 22.25 2
      vertex 20.7346 20.6849 2
      vertex 20.6887 20.9159 2
    endloop
  endfacet
  facet normal -0 0 1
    outer loop
      vertex 11 -10.5 2
      vertex 20.75 -20.45 2
      vertex 11 -6.5 2
    endloop
  endfacet
  facet normal 0 0 1
    outer loop
      vertex 18.95 22.25 2
      vertex 20.6887 20.9159 2
      vertex 20.613 21.1388 2
    endloop
  endfacet
  facet normal 0 -0 1
    outer loop
      vertex 18.95 -22.25 2
      vertex 20.75 -20.45 2
      vertex 11 -10.5 2
    endloop
  endfacet
  facet normal 0 0 1
    outer loop
      vertex 18.95 22.25 2
      vertex 20.613 21.1388 2
      vertex 20.5089 21.35 2
    endloop
  endfacet
  facet normal 0 0 1
    outer loop
      vertex 20.75 -20.45 2
      vertex 18.95 -22.25 2
      vertex 20.7346 -20.6849 2
    endloop
  endfacet
  facet normal 0 0 1
    outer loop
      vertex 18.95 22.25 2
      vertex 20.5089 21.35 2
      vertex 20.378 21.5458 2
    endloop
  endfacet
  facet normal 0 0 1
    outer loop
      vertex 20.7346 -20.6849 2
      vertex 18.95 -22.25 2
      vertex 20.6887 -20.9159 2
    endloop
  endfacet
  facet normal 0 0 1
    outer loop
      vertex 18.95 22.25 2
      vertex 20.378 21.5458 2
      vertex 20.2228 21.7228 2
    endloop
  endfacet
  facet normal 0 0 1
    outer loop
      vertex 20.6887 -20.9159 2
      vertex 18.95 -22.25 2
      vertex 20.613 -21.1388 2
    endloop
  endfacet
  facet normal 0 0 1
    outer loop
      vertex 18.95 22.25 2
      vertex 20.2228 21.7228 2
      vertex 20.0458 21.878 2
    endloop
  endfacet
  facet normal 0 0 1
    outer loop
      vertex 20.613 -21.1388 2
      vertex 18.95 -22.25 2
      vertex 20.5089 -21.35 2
    endloop
  endfacet
  facet normal 0 0 1
    outer loop
      vertex 18.95 22.25 2
      vertex 20.0458 21.878 2
      vertex 19.85 22.0089 2
    endloop
  endfacet
  facet normal 0 0 1
    outer loop
      vertex 20.5089 -21.35 2
      vertex 18.95 -22.25 2
      vertex 20.378 -21.5458 2
    endloop
  endfacet
  facet normal 0 0 1
    outer loop
      vertex 18.95 22.25 2
      vertex 19.85 22.0089 2
      vertex 19.6388 22.113 2
    endloop
  endfacet
  facet normal 0 0 1
    outer loop
      vertex 20.378 -21.5458 2
      vertex 18.95 -22.25 2
      vertex 20.2228 -21.7228 2
    endloop
  endfacet
  facet normal 0 0 1
    outer loop
      vertex 18.95 22.25 2
      vertex 19.6388 22.113 2
      vertex 19.4159 22.1887 2
    endloop
  endfacet
  facet normal 0 0 1
    outer loop
      vertex 20.2228 -21.7228 2
      vertex 18.95 -22.25 2
      vertex 20.0458 -21.878 2
    endloop
  endfacet
  facet normal 0 0 1
    outer loop
      vertex 18.95 22.25 2
      vertex 19.4159 22.1887 2
      vertex 19.1849 22.2346 2
    endloop
  endfacet
  facet normal 0 0 1
    outer loop
      vertex 20.0458 -21.878 2
      vertex 18.95 -22.25 2
      vertex 19.85 -22.0089 2
    endloop
  endfacet
  facet normal 0 0 1
    outer loop
      vertex 20.75 20.45 2
      vertex 18.95 22.25 2
      vertex 11 18 2
    endloop
  endfacet
  facet normal 0 0 1
    outer loop
      vertex 19.85 -22.0089 2
      vertex 18.95 -22.25 2
      vertex 19.6388 -22.113 2
    endloop
  endfacet
  facet normal 0 0 1
    outer loop
      vertex 11 18 2
      vertex 18.95 22.25 2
      vertex 11 22 2
    endloop
  endfacet
  facet normal 0 0 1
    outer loop
      vertex 18.95 22.25 2
      vertex -11 22 2
      vertex 11 22 2
    endloop
  endfacet
  facet normal 0 0 1
    outer loop
      vertex -18.95 22.25 2
      vertex -11 18 2
      vertex -11 22 2
    endloop
  endfacet
  facet normal 0 0 1
    outer loop
      vertex -11 18 2
      vertex -20.75 20.45 2
      vertex -11 -6.5 2
    endloop
  endfacet
  facet normal 0 0 1
    outer loop
      vertex -11 18 2
      vertex -18.95 22.25 2
      vertex -20.75 20.45 2
    endloop
  endfacet
  facet normal -0 0 1
    outer loop
      vertex -18.95 22.25 2
      vertex -11 22 2
      vertex 18.95 22.25 2
    endloop
  endfacet
  facet normal 0 0 1
    outer loop
      vertex 20.75 20.45 2
      vertex 11 18 2
      vertex 11 -6.5 2
    endloop
  endfacet
  facet normal 0 0 1
    outer loop
      vertex 19.6388 -22.113 2
      vertex 18.95 -22.25 2
      vertex 19.4159 -22.1887 2
    endloop
  endfacet
  facet normal 0 0 1
    outer loop
      vertex 19.4159 -22.1887 2
      vertex 18.95 -22.25 2
      vertex 19.1849 -22.2346 2
    endloop
  endfacet
  facet normal -0 0 1
    outer loop
      vertex -11 -10.5 2
      vertex 18.95 -22.25 2
      vertex 11 -10.5 2
    endloop
  endfacet
  facet normal 0 0 1
    outer loop
      vertex -11 -10.5 2
      vertex -18.95 -22.25 2
      vertex 18.95 -22.25 2
    endloop
  endfacet
  facet normal 0 0 1
    outer loop
      vertex -20.75 -20.45 2
      vertex -11 -6.5 2
      vertex -20.75 20.45 2
    endloop
  endfacet
  facet normal 0 0 1
    outer loop
      vertex -20.75 20.45 2
      vertex -18.95 22.25 2
      vertex -19.1849 22.2346 2
    endloop
  endfacet
  facet normal 0 0 1
    outer loop
      vertex -11 -6.5 2
      vertex -20.75 -20.45 2
      vertex -11 -10.5 2
    endloop
  endfacet
  facet normal 0 0 1
    outer loop
      vertex -20.75 20.45 2
      vertex -19.1849 22.2346 2
      vertex -19.4159 22.1887 2
    endloop
  endfacet
  facet normal 0 0 1
    outer loop
      vertex -11 -10.5 2
      vertex -20.75 -20.45 2
      vertex -18.95 -22.25 2
    endloop
  endfacet
  facet normal 0 0 1
    outer loop
      vertex -20.75 20.45 2
      vertex -19.4159 22.1887 2
      vertex -19.6388 22.113 2
    endloop
  endfacet
  facet normal 0 0 1
    outer loop
      vertex -18.95 -22.25 2
      vertex -20.75 -20.45 2
      vertex -19.1849 -22.2346 2
    endloop
  endfacet
  facet normal 0 0 1
    outer loop
      vertex -20.75 20.45 2
      vertex -19.6388 22.113 2
      vertex -19.85 22.0089 2
    endloop
  endfacet
  facet normal 0 0 1
    outer loop
      vertex -19.1849 -22.2346 2
      vertex -20.75 -20.45 2
      vertex -19.4159 -22.1887 2
    endloop
  endfacet
  facet normal 0 0 1
    outer loop
      vertex -20.75 20.45 2
      vertex -19.85 22.0089 2
      vertex -20.0458 21.878 2
    endloop
  endfacet
  facet normal 0 0 1
    outer loop
      vertex -19.4159 -22.1887 2
      vertex -20.75 -20.45 2
      vertex -19.6388 -22.113 2
    endloop
  endfacet
  facet normal 0 0 1
    outer loop
      vertex -20.75 20.45 2
      vertex -20.0458 21.878 2
      vertex -20.2228 21.7228 2
    endloop
  endfacet
  facet normal 0 0 1
    outer loop
      vertex -19.6388 -22.113 2
      vertex -20.75 -20.45 2
      vertex -19.85 -22.0089 2
    endloop
  endfacet
  facet normal 0 0 1
    outer loop
      vertex -20.75 20.45 2
      vertex -20.2228 21.7228 2
      vertex -20.378 21.5458 2
    endloop
  endfacet
  facet normal 0 0 1
    outer loop
      vertex -19.85 -22.0089 2
      vertex -20.75 -20.45 2
      vertex -20.0458 -21.878 2
    endloop
  endfacet
  facet normal 0 0 1
    outer loop
      vertex -20.75 20.45 2
      vertex -20.378 21.5458 2
      vertex -20.5089 21.35 2
    endloop
  endfacet
  facet normal 0 0 1
    outer loop
      vertex -20.0458 -21.878 2
      vertex -20.75 -20.45 2
      vertex -20.2228 -21.7228 2
    endloop
  endfacet
  facet normal 0 0 1
    outer loop
      vertex -20.75 20.45 2
      vertex -20.5089 21.35 2
      vertex -20.613 21.1388 2
    endloop
  endfacet
  facet normal 0 0 1
    outer loop
      vertex -20.2228 -21.7228 2
      vertex -20.75 -20.45 2
      vertex -20.378 -21.5458 2
    endloop
  endfacet
  facet normal 0 0 1
    outer loop
      vertex -20.75 20.45 2
      vertex -20.613 21.1388 2
      vertex -20.6887 20.9159 2
    endloop
  endfacet
  facet normal 0 0 1
    outer loop
      vertex -20.378 -21.5458 2
      vertex -20.75 -20.45 2
      vertex -20.5089 -21.35 2
    endloop
  endfacet
  facet normal 0 0 1
    outer loop
      vertex -20.75 20.45 2
      vertex -20.6887 20.9159 2
      vertex -20.7346 20.6849 2
    endloop
  endfacet
  facet normal 0 0 1
    outer loop
      vertex -20.5089 -21.35 2
      vertex -20.75 -20.45 2
      vertex -20.613 -21.1388 2
    endloop
  endfacet
  facet normal 0 0 1
    outer loop
      vertex -20.613 -21.1388 2
      vertex -20.75 -20.45 2
      vertex -20.6887 -20.9159 2
    endloop
  endfacet
  facet normal 0 0 1
    outer loop
      vertex -20.6887 -20.9159 2
      vertex -20.75 -20.45 2
      vertex -20.7346 -20.6849 2
    endloop
  endfacet
  facet normal -1 0 0
    outer loop
      vertex -23.2 -21 6.105
      vertex -23.2 -7 8
      vertex -23.2 -7 6.105
    endloop
  endfacet
  facet normal -1 -0 0
    outer loop
      vertex -23.2 -7 8
      vertex -23.2 -21 6.105
      vertex -23.2 -21 8
    endloop
  endfacet
  facet normal -1 0 0
    outer loop
      vertex -23.2 -21 3.19
      vertex -23.2 -7 3.995
      vertex -23.2 -7 3.19
    endloop
  endfacet
  facet normal -1 -0 0
    outer loop
      vertex -23.2 -7 3.995
      vertex -23.2 -21 3.19
      vertex -23.2 -21 3.995
    endloop
  endfacet
  facet normal 0 1 0
    outer loop
      vertex -21.6 -7 8
      vertex -23.2 -7 6.105
      vertex -23.2 -7 8
    endloop
  endfacet
  facet normal 0 1 -0
    outer loop
      vertex -23.2 -7 3.995
      vertex -23.6 -7 6.105
      vertex -23.2 -7 6.105
    endloop
  endfacet
  facet normal 0 1 -0
    outer loop
      vertex -21.6 -7 3.19
      vertex -23.2 -7 6.105
      vertex -21.6 -7 8
    endloop
  endfacet
  facet normal 0 1 0
    outer loop
      vertex -23.6 -7 6.105
      vertex -23.2 -7 3.995
      vertex -24 -7 4.005
    endloop
  endfacet
  facet normal 0 1 0
    outer loop
      vertex -23.2 -7 6.105
      vertex -21.6 -7 3.19
      vertex -23.2 -7 3.995
    endloop
  endfacet
  facet normal 0 1 0
    outer loop
      vertex -23.2 -7 3.995
      vertex -21.6 -7 3.19
      vertex -23.2 -7 3.19
    endloop
  endfacet
  facet normal 0 1 0
    outer loop
      vertex -24 -7 4.005
      vertex -23.2 -7 3.995
      vertex -24 -7 3.995
    endloop
  endfacet
  facet normal 0 -1 0
    outer loop
      vertex -23.2 -21 3.995
      vertex -23.6 -21 6.105
      vertex -24 -21 4.005
    endloop
  endfacet
  facet normal 0 -1 0
    outer loop
      vertex -23.2 -21 6.105
      vertex -21.6 -21 8
      vertex -23.2 -21 8
    endloop
  endfacet
  facet normal 0 -1 0
    outer loop
      vertex -23.6 -21 6.105
      vertex -23.2 -21 3.995
      vertex -23.2 -21 6.105
    endloop
  endfacet
  facet normal 0 -1 0
    outer loop
      vertex -23.2 -21 3.995
      vertex -24 -21 4.005
      vertex -24 -21 3.995
    endloop
  endfacet
  facet normal 0 -1 0
    outer loop
      vertex -21.6 -21 3.19
      vertex -23.2 -21 6.105
      vertex -23.2 -21 3.995
    endloop
  endfacet
  facet normal 0 -1 0
    outer loop
      vertex -21.6 -21 3.19
      vertex -23.2 -21 3.995
      vertex -23.2 -21 3.19
    endloop
  endfacet
  facet normal 0 -1 0
    outer loop
      vertex -23.2 -21 6.105
      vertex -21.6 -21 3.19
      vertex -21.6 -21 8
    endloop
  endfacet
  facet normal -0 0 1
    outer loop
      vertex -23.6 -7 6.105
      vertex -23.2 -21 6.105
      vertex -23.2 -7 6.105
    endloop
  endfacet
  facet normal 0 0 1
    outer loop
      vertex -23.2 -21 6.105
      vertex -23.6 -7 6.105
      vertex -23.6 -21 6.105
    endloop
  endfacet
  facet normal 0 0 -1
    outer loop
      vertex -24 -21 3.995
      vertex -23.2 -7 3.995
      vertex -23.2 -21 3.995
    endloop
  endfacet
  facet normal -0 0 -1
    outer loop
      vertex -23.2 -7 3.995
      vertex -24 -21 3.995
      vertex -24 -7 3.995
    endloop
  endfacet
  facet normal -0.982339 0 0.187112
    outer loop
      vertex -24 -21 4.005
      vertex -23.6 -7 6.105
      vertex -24 -7 4.005
    endloop
  endfacet
  facet normal -0.982339 0 0.187112
    outer loop
      vertex -23.6 -7 6.105
      vertex -24 -21 4.005
      vertex -23.6 -21 6.105
    endloop
  endfacet
  facet normal -1 0 0
    outer loop
      vertex -24 -21 3.995
      vertex -24 -7 4.005
      vertex -24 -7 3.995
    endloop
  endfacet
  facet normal -1 -0 0
    outer loop
      vertex -24 -7 4.005
      vertex -24 -21 3.995
      vertex -24 -21 4.005
    endloop
  endfacet
  facet normal 1 -0 0
    outer loop
      vertex -21.6 7 8
      vertex -21.6 21 3.19
      vertex -21.6 21 8
    endloop
  endfacet
  facet normal 1 0 0
    outer loop
      vertex -21.6 21 3.19
      vertex -21.6 7 8
      vertex -21.6 7 3.19
    endloop
  endfacet
  facet normal -0 0 1
    outer loop
      vertex -23.2 21 8
      vertex -21.6 7 8
      vertex -21.6 21 8
    endloop
  endfacet
  facet normal 0 0 1
    outer loop
      vertex -21.6 7 8
      vertex -23.2 21 8
      vertex -23.2 7 8
    endloop
  endfacet
  facet normal -1 0 0
    outer loop
      vertex -23.2 7 6.105
      vertex -23.2 21 8
      vertex -23.2 21 6.105
    endloop
  endfacet
  facet normal -1 -0 0
    outer loop
      vertex -23.2 21 8
      vertex -23.2 7 6.105
      vertex -23.2 7 8
    endloop
  endfacet
  facet normal -1 0 0
    outer loop
      vertex -23.2 7 3.19
      vertex -23.2 21 3.995
      vertex -23.2 21 3.19
    endloop
  endfacet
  facet normal -1 -0 0
    outer loop
      vertex -23.2 21 3.995
      vertex -23.2 7 3.19
      vertex -23.2 7 3.995
    endloop
  endfacet
  facet normal 0 1 0
    outer loop
      vertex -21.6 21 8
      vertex -23.2 21 6.105
      vertex -23.2 21 8
    endloop
  endfacet
  facet normal 0 1 -0
    outer loop
      vertex -23.2 21 3.995
      vertex -23.6 21 6.105
      vertex -23.2 21 6.105
    endloop
  endfacet
  facet normal 0 1 -0
    outer loop
      vertex -21.6 21 3.19
      vertex -23.2 21 6.105
      vertex -21.6 21 8
    endloop
  endfacet
  facet normal 0 1 0
    outer loop
      vertex -23.6 21 6.105
      vertex -23.2 21 3.995
      vertex -24 21 4.005
    endloop
  endfacet
  facet normal 0 1 0
    outer loop
      vertex -23.2 21 6.105
      vertex -21.6 21 3.19
      vertex -23.2 21 3.995
    endloop
  endfacet
  facet normal 0 1 0
    outer loop
      vertex -23.2 21 3.995
      vertex -21.6 21 3.19
      vertex -23.2 21 3.19
    endloop
  endfacet
  facet normal 0 1 0
    outer loop
      vertex -24 21 4.005
      vertex -23.2 21 3.995
      vertex -24 21 3.995
    endloop
  endfacet
  facet normal 0 -1 0
    outer loop
      vertex -23.2 7 3.995
      vertex -23.6 7 6.105
      vertex -24 7 4.005
    endloop
  endfacet
  facet normal 0 -1 0
    outer loop
      vertex -23.2 7 6.105
      vertex -21.6 7 8
      vertex -23.2 7 8
    endloop
  endfacet
  facet normal 0 -1 0
    outer loop
      vertex -23.6 7 6.105
      vertex -23.2 7 3.995
      vertex -23.2 7 6.105
    endloop
  endfacet
  facet normal 0 -1 0
    outer loop
      vertex -23.2 7 3.995
      vertex -24 7 4.005
      vertex -24 7 3.995
    endloop
  endfacet
  facet normal 0 -1 0
    outer loop
      vertex -21.6 7 3.19
      vertex -23.2 7 6.105
      vertex -23.2 7 3.995
    endloop
  endfacet
  facet normal 0 -1 0
    outer loop
      vertex -21.6 7 3.19
      vertex -23.2 7 3.995
      vertex -23.2 7 3.19
    endloop
  endfacet
  facet normal 0 -1 0
    outer loop
      vertex -23.2 7 6.105
      vertex -21.6 7 3.19
      vertex -21.6 7 8
    endloop
  endfacet
  facet normal -0 0 1
    outer loop
      vertex -23.6 21 6.105
      vertex -23.2 7 6.105
      vertex -23.2 21 6.105
    endloop
  endfacet
  facet normal 0 0 1
    outer loop
      vertex -23.2 7 6.105
      vertex -23.6 21 6.105
      vertex -23.6 7 6.105
    endloop
  endfacet
  facet normal 0 0 -1
    outer loop
      vertex -24 7 3.995
      vertex -23.2 21 3.995
      vertex -23.2 7 3.995
    endloop
  endfacet
  facet normal -0 0 -1
    outer loop
      vertex -23.2 21 3.995
      vertex -24 7 3.995
      vertex -24 21 3.995
    endloop
  endfacet
  facet normal -0.982339 0 0.187112
    outer loop
      vertex -24 7 4.005
      vertex -23.6 21 6.105
      vertex -24 21 4.005
    endloop
  endfacet
  facet normal -0.982339 0 0.187112
    outer loop
      vertex -23.6 21 6.105
      vertex -24 7 4.005
      vertex -23.6 7 6.105
    endloop
  endfacet
  facet normal -1 0 0
    outer loop
      vertex -24 7 3.995
      vertex -24 21 4.005
      vertex -24 21 3.995
    endloop
  endfacet
  facet normal -1 -0 0
    outer loop
      vertex -24 21 4.005
      vertex -24 7 3.995
      vertex -24 7 4.005
    endloop
  endfacet
  facet normal 1 -0 0
    outer loop
      vertex 23.2 -21 8
      vertex 23.2 -7 6.105
      vertex 23.2 -7 8
    endloop
  endfacet
  facet normal 1 0 0
    outer loop
      vertex 23.2 -7 6.105
      vertex 23.2 -21 8
      vertex 23.2 -21 6.105
    endloop
  endfacet
  facet normal 1 -0 0
    outer loop
      vertex 23.2 -21 3.995
      vertex 23.2 -7 3.19
      vertex 23.2 -7 3.995
    endloop
  endfacet
  facet normal 1 0 0
    outer loop
      vertex 23.2 -7 3.19
      vertex 23.2 -21 3.995
      vertex 23.2 -21 3.19
    endloop
  endfacet
  facet normal -0 0 1
    outer loop
      vertex 21.6 -7 8
      vertex 23.2 -21 8
      vertex 23.2 -7 8
    endloop
  endfacet
  facet normal 0 0 1
    outer loop
      vertex 23.2 -21 8
      vertex 21.6 -7 8
      vertex 21.6 -21 8
    endloop
  endfacet
  facet normal -1 0 0
    outer loop
      vertex 21.6 -21 3.19
      vertex 21.6 -7 8
      vertex 21.6 -7 3.19
    endloop
  endfacet
  facet normal -1 -0 0
    outer loop
      vertex 21.6 -7 8
      vertex 21.6 -21 3.19
      vertex 21.6 -21 8
    endloop
  endfacet
  facet normal 0 1 0
    outer loop
      vertex 23.2 -7 3.995
      vertex 23.6 -7 6.105
      vertex 24 -7 4.005
    endloop
  endfacet
  facet normal 0 1 -0
    outer loop
      vertex 23.2 -7 6.105
      vertex 21.6 -7 8
      vertex 23.2 -7 8
    endloop
  endfacet
  facet normal 0 1 0
    outer loop
      vertex 23.6 -7 6.105
      vertex 23.2 -7 3.995
      vertex 23.2 -7 6.105
    endloop
  endfacet
  facet normal 0 1 0
    outer loop
      vertex 23.2 -7 3.995
      vertex 24 -7 4.005
      vertex 24 -7 3.995
    endloop
  endfacet
  facet normal 0 1 0
    outer loop
      vertex 21.6 -7 3.19
      vertex 23.2 -7 6.105
      vertex 23.2 -7 3.995
    endloop
  endfacet
  facet normal 0 1 0
    outer loop
      vertex 21.6 -7 3.19
      vertex 23.2 -7 3.995
      vertex 23.2 -7 3.19
    endloop
  endfacet
  facet normal 0 1 0
    outer loop
      vertex 23.2 -7 6.105
      vertex 21.6 -7 3.19
      vertex 21.6 -7 8
    endloop
  endfacet
  facet normal 0 -1 0
    outer loop
      vertex 21.6 -21 8
      vertex 23.2 -21 6.105
      vertex 23.2 -21 8
    endloop
  endfacet
  facet normal 0 -1 0
    outer loop
      vertex 23.2 -21 3.995
      vertex 23.6 -21 6.105
      vertex 23.2 -21 6.105
    endloop
  endfacet
  facet normal 0 -1 0
    outer loop
      vertex 21.6 -21 3.19
      vertex 23.2 -21 6.105
      vertex 21.6 -21 8
    endloop
  endfacet
  facet normal 0 -1 -0
    outer loop
      vertex 23.6 -21 6.105
      vertex 23.2 -21 3.995
      vertex 24 -21 4.005
    endloop
  endfacet
  facet normal 0 -1 -0
    outer loop
      vertex 23.2 -21 6.105
      vertex 21.6 -21 3.19
      vertex 23.2 -21 3.995
    endloop
  endfacet
  facet normal 0 -1 -0
    outer loop
      vertex 23.2 -21 3.995
      vertex 21.6 -21 3.19
      vertex 23.2 -21 3.19
    endloop
  endfacet
  facet normal 0 -1 -0
    outer loop
      vertex 24 -21 4.005
      vertex 23.2 -21 3.995
      vertex 24 -21 3.995
    endloop
  endfacet
  facet normal -0 0 1
    outer loop
      vertex 23.2 -7 6.105
      vertex 23.6 -21 6.105
      vertex 23.6 -7 6.105
    endloop
  endfacet
  facet normal 0 0 1
    outer loop
      vertex 23.6 -21 6.105
      vertex 23.2 -7 6.105
      vertex 23.2 -21 6.105
    endloop
  endfacet
  facet normal 0 0 -1
    outer loop
      vertex 23.2 -21 3.995
      vertex 24 -7 3.995
      vertex 24 -21 3.995
    endloop
  endfacet
  facet normal -0 0 -1
    outer loop
      vertex 24 -7 3.995
      vertex 23.2 -21 3.995
      vertex 23.2 -7 3.995
    endloop
  endfacet
  facet normal 0.982339 -0 0.187112
    outer loop
      vertex 23.6 -21 6.105
      vertex 24 -7 4.005
      vertex 23.6 -7 6.105
    endloop
  endfacet
  facet normal 0.982339 0 0.187112
    outer loop
      vertex 24 -7 4.005
      vertex 23.6 -21 6.105
      vertex 24 -21 4.005
    endloop
  endfacet
  facet normal 1 -0 0
    outer loop
      vertex 24 -21 4.005
      vertex 24 -7 3.995
      vertex 24 -7 4.005
    endloop
  endfacet
  facet normal 1 0 0
    outer loop
      vertex 24 -7 3.995
      vertex 24 -21 4.005
      vertex 24 -21 3.995
    endloop
  endfacet
  facet normal 1 -0 0
    outer loop
      vertex 23.2 7 8
      vertex 23.2 21 6.105
      vertex 23.2 21 8
    endloop
  endfacet
  facet normal 1 0 0
    outer loop
      vertex 23.2 21 6.105
      vertex 23.2 7 8
      vertex 23.2 7 6.105
    endloop
  endfacet
  facet normal 1 -0 0
    outer loop
      vertex 23.2 7 3.995
      vertex 23.2 21 3.19
      vertex 23.2 21 3.995
    endloop
  endfacet
  facet normal 1 0 0
    outer loop
      vertex 23.2 21 3.19
      vertex 23.2 7 3.995
      vertex 23.2 7 3.19
    endloop
  endfacet
  facet normal -0 0 1
    outer loop
      vertex 21.6 21 8
      vertex 23.2 7 8
      vertex 23.2 21 8
    endloop
  endfacet
  facet normal 0 0 1
    outer loop
      vertex 23.2 7 8
      vertex 21.6 21 8
      vertex 21.6 7 8
    endloop
  endfacet
  facet normal -1 0 0
    outer loop
      vertex 21.6 7 3.19
      vertex 21.6 21 8
      vertex 21.6 21 3.19
    endloop
  endfacet
  facet normal -1 -0 0
    outer loop
      vertex 21.6 21 8
      vertex 21.6 7 3.19
      vertex 21.6 7 8
    endloop
  endfacet
  facet normal 0 1 0
    outer loop
      vertex 23.2 21 3.995
      vertex 23.6 21 6.105
      vertex 24 21 4.005
    endloop
  endfacet
  facet normal 0 1 -0
    outer loop
      vertex 23.2 21 6.105
      vertex 21.6 21 8
      vertex 23.2 21 8
    endloop
  endfacet
  facet normal 0 1 0
    outer loop
      vertex 23.6 21 6.105
      vertex 23.2 21 3.995
      vertex 23.2 21 6.105
    endloop
  endfacet
  facet normal 0 1 0
    outer loop
      vertex 23.2 21 3.995
      vertex 24 21 4.005
      vertex 24 21 3.995
    endloop
  endfacet
  facet normal 0 1 0
    outer loop
      vertex 21.6 21 3.19
      vertex 23.2 21 6.105
      vertex 23.2 21 3.995
    endloop
  endfacet
  facet normal 0 1 0
    outer loop
      vertex 21.6 21 3.19
      vertex 23.2 21 3.995
      vertex 23.2 21 3.19
    endloop
  endfacet
  facet normal 0 1 0
    outer loop
      vertex 23.2 21 6.105
      vertex 21.6 21 3.19
      vertex 21.6 21 8
    endloop
  endfacet
  facet normal 0 -1 0
    outer loop
      vertex 21.6 7 8
      vertex 23.2 7 6.105
      vertex 23.2 7 8
    endloop
  endfacet
  facet normal 0 -1 0
    outer loop
      vertex 23.2 7 3.995
      vertex 23.6 7 6.105
      vertex 23.2 7 6.105
    endloop
  endfacet
  facet normal 0 -1 0
    outer loop
      vertex 21.6 7 3.19
      vertex 23.2 7 6.105
      vertex 21.6 7 8
    endloop
  endfacet
  facet normal 0 -1 -0
    outer loop
      vertex 23.6 7 6.105
      vertex 23.2 7 3.995
      vertex 24 7 4.005
    endloop
  endfacet
  facet normal 0 -1 -0
    outer loop
      vertex 23.2 7 6.105
      vertex 21.6 7 3.19
      vertex 23.2 7 3.995
    endloop
  endfacet
  facet normal 0 -1 -0
    outer loop
      vertex 23.2 7 3.995
      vertex 21.6 7 3.19
      vertex 23.2 7 3.19
    endloop
  endfacet
  facet normal 0 -1 -0
    outer loop
      vertex 24 7 4.005
      vertex 23.2 7 3.995
      vertex 24 7 3.995
    endloop
  endfacet
  facet normal -0 0 1
    outer loop
      vertex 23.2 21 6.105
      vertex 23.6 7 6.105
      vertex 23.6 21 6.105
    endloop
  endfacet
  facet normal 0 0 1
    outer loop
      vertex 23.6 7 6.105
      vertex 23.2 21 6.105
      vertex 23.2 7 6.105
    endloop
  endfacet
  facet normal 0 0 -1
    outer loop
      vertex 23.2 7 3.995
      vertex 24 21 3.995
      vertex 24 7 3.995
    endloop
  endfacet
  facet normal -0 0 -1
    outer loop
      vertex 24 21 3.995
      vertex 23.2 7 3.995
      vertex 23.2 21 3.995
    endloop
  endfacet
  facet normal 0.982339 -0 0.187112
    outer loop
      vertex 23.6 7 6.105
      vertex 24 21 4.005
      vertex 23.6 21 6.105
    endloop
  endfacet
  facet normal 0.982339 0 0.187112
    outer loop
      vertex 24 21 4.005
      vertex 23.6 7 6.105
      vertex 24 7 4.005
    endloop
  endfacet
  facet normal 1 -0 0
    outer loop
      vertex 24 7 4.005
      vertex 24 21 3.995
      vertex 24 21 4.005
    endloop
  endfacet
  facet normal 1 0 0
    outer loop
      vertex 24 21 3.995
      vertex 24 7 4.005
      vertex 24 7 3.995
    endloop
  endfacet
  facet normal 1 -0 0
    outer loop
      vertex -13.4 -11.9 6.8
      vertex -13.4 -5.7 2
      vertex -13.4 -5.7 6.8
    endloop
  endfacet
  facet normal 1 0 0
    outer loop
      vertex -13.4 -5.7 2
      vertex -13.4 -11.9 6.8
      vertex -13.4 -11.9 2
    endloop
  endfacet
  facet normal 0 0 1
    outer loop
      vertex -13.4 -5.7 6.8
      vertex -15.2 -5.7 6.8
      vertex -13.4 -11.9 6.8
    endloop
  endfacet
  facet normal -0 0 1
    outer loop
      vertex -13.4 -11.9 6.8
      vertex -7.2 -13.7 6.8
      vertex -7.2 -11.9 6.8
    endloop
  endfacet
  facet normal 0 0 1
    outer loop
      vertex -13.4 -11.9 6.8
      vertex -15.2 -13.7 6.8
      vertex -7.2 -13.7 6.8
    endloop
  endfacet
  facet normal 0 0 1
    outer loop
      vertex -15.2 -13.7 6.8
      vertex -13.4 -11.9 6.8
      vertex -15.2 -5.7 6.8
    endloop
  endfacet
  facet normal 0 0 -1
    outer loop
      vertex -7.2 -13.7 2
      vertex -13.4 -11.9 2
      vertex -7.2 -11.9 2
    endloop
  endfacet
  facet normal 0 0 -1
    outer loop
      vertex -15.2 -13.7 2
      vertex -13.4 -11.9 2
      vertex -7.2 -13.7 2
    endloop
  endfacet
  facet normal 0 0 -1
    outer loop
      vertex -15.2 -5.7 2
      vertex -13.4 -11.9 2
      vertex -15.2 -13.7 2
    endloop
  endfacet
  facet normal 0 0 -1
    outer loop
      vertex -13.4 -11.9 2
      vertex -15.2 -5.7 2
      vertex -13.4 -5.7 2
    endloop
  endfacet
  facet normal -1 0 0
    outer loop
      vertex -15.2 -13.7 2
      vertex -15.2 -5.7 6.8
      vertex -15.2 -5.7 2
    endloop
  endfacet
  facet normal -1 -0 0
    outer loop
      vertex -15.2 -5.7 6.8
      vertex -15.2 -13.7 2
      vertex -15.2 -13.7 6.8
    endloop
  endfacet
  facet normal 0 1 -0
    outer loop
      vertex -13.4 -5.7 2
      vertex -15.2 -5.7 6.8
      vertex -13.4 -5.7 6.8
    endloop
  endfacet
  facet normal 0 1 0
    outer loop
      vertex -15.2 -5.7 6.8
      vertex -13.4 -5.7 2
      vertex -15.2 -5.7 2
    endloop
  endfacet
  facet normal 0 -1 0
    outer loop
      vertex -15.2 -13.7 2
      vertex -7.2 -13.7 6.8
      vertex -15.2 -13.7 6.8
    endloop
  endfacet
  facet normal 0 -1 -0
    outer loop
      vertex -7.2 -13.7 6.8
      vertex -15.2 -13.7 2
      vertex -7.2 -13.7 2
    endloop
  endfacet
  facet normal 1 -0 0
    outer loop
      vertex -7.2 -13.7 6.8
      vertex -7.2 -11.9 2
      vertex -7.2 -11.9 6.8
    endloop
  endfacet
  facet normal 1 0 0
    outer loop
      vertex -7.2 -11.9 2
      vertex -7.2 -13.7 6.8
      vertex -7.2 -13.7 2
    endloop
  endfacet
  facet normal 0 1 -0
    outer loop
      vertex -7.2 -11.9 2
      vertex -13.4 -11.9 6.8
      vertex -7.2 -11.9 6.8
    endloop
  endfacet
  facet normal 0 1 0
    outer loop
      vertex -13.4 -11.9 6.8
      vertex -7.2 -11.9 2
      vertex -13.4 -11.9 2
    endloop
  endfacet
  facet normal 1 0 0
    outer loop
      vertex -13.4 23.4 6.8
      vertex -13.4 22.25 3.19
      vertex -13.4 23.4 3.19
    endloop
  endfacet
  facet normal 1 -0 0
    outer loop
      vertex -13.4 17.2 6.8
      vertex -13.4 22.25 3.19
      vertex -13.4 23.4 6.8
    endloop
  endfacet
  facet normal 1 0 0
    outer loop
      vertex -13.4 17.2 2
      vertex -13.4 22.25 3.19
      vertex -13.4 17.2 6.8
    endloop
  endfacet
  facet normal 1 0 0
    outer loop
      vertex -13.4 22.25 3.19
      vertex -13.4 17.2 2
      vertex -13.4 22.25 2
    endloop
  endfacet
  facet normal 0 0 1
    outer loop
      vertex -7.2 25.2 6.8
      vertex -13.4 23.4 6.8
      vertex -7.2 23.4 6.8
    endloop
  endfacet
  facet normal -0 0 1
    outer loop
      vertex -15.2 25.2 6.8
      vertex -13.4 23.4 6.8
      vertex -7.2 25.2 6.8
    endloop
  endfacet
  facet normal 0 0 1
    outer loop
      vertex -15.2 17.2 6.8
      vertex -13.4 23.4 6.8
      vertex -15.2 25.2 6.8
    endloop
  endfacet
  facet normal 0 0 1
    outer loop
      vertex -13.4 23.4 6.8
      vertex -15.2 17.2 6.8
      vertex -13.4 17.2 6.8
    endloop
  endfacet
  facet normal 0 0 -1
    outer loop
      vertex -15.2 17.2 2
      vertex -13.4 22.25 2
      vertex -13.4 17.2 2
    endloop
  endfacet
  facet normal -0 0 -1
    outer loop
      vertex -13.4 22.25 2
      vertex -15.2 17.2 2
      vertex -15.2 22.25 2
    endloop
  endfacet
  facet normal 0 0 -1
    outer loop
      vertex -15.2 24.75 2
      vertex -7.2 25.2 2
      vertex -7.2 24.75 2
    endloop
  endfacet
  facet normal -0 0 -1
    outer loop
      vertex -7.2 25.2 2
      vertex -15.2 24.75 2
      vertex -15.2 25.2 2
    endloop
  endfacet
  facet normal -1 0 0
    outer loop
      vertex -15.2 22.25 2
      vertex -15.2 17.2 2
      vertex -15.2 22.25 3.19
    endloop
  endfacet
  facet normal -1 0 0
    outer loop
      vertex -15.2 24.75 3.19
      vertex -15.2 25.2 2
      vertex -15.2 24.75 2
    endloop
  endfacet
  facet normal -1 0 0
    outer loop
      vertex -15.2 25.2 2
      vertex -15.2 24.75 3.19
      vertex -15.2 25.2 6.8
    endloop
  endfacet
  facet normal -1 0 0
    outer loop
      vertex -15.2 22.25 3.19
      vertex -15.2 25.2 6.8
      vertex -15.2 24.75 3.19
    endloop
  endfacet
  facet normal -1 0 0
    outer loop
      vertex -15.2 17.2 6.8
      vertex -15.2 22.25 3.19
      vertex -15.2 17.2 2
    endloop
  endfacet
  facet normal -1 0 0
    outer loop
      vertex -15.2 22.25 3.19
      vertex -15.2 17.2 6.8
      vertex -15.2 25.2 6.8
    endloop
  endfacet
  facet normal 0 1 -0
    outer loop
      vertex -7.2 25.2 2
      vertex -15.2 25.2 6.8
      vertex -7.2 25.2 6.8
    endloop
  endfacet
  facet normal 0 1 0
    outer loop
      vertex -15.2 25.2 6.8
      vertex -7.2 25.2 2
      vertex -15.2 25.2 2
    endloop
  endfacet
  facet normal 0 -1 0
    outer loop
      vertex -15.2 17.2 2
      vertex -13.4 17.2 6.8
      vertex -15.2 17.2 6.8
    endloop
  endfacet
  facet normal 0 -1 -0
    outer loop
      vertex -13.4 17.2 6.8
      vertex -15.2 17.2 2
      vertex -13.4 17.2 2
    endloop
  endfacet
  facet normal 1 0 0
    outer loop
      vertex -7.2 25.2 6.8
      vertex -7.2 24.75 3.19
      vertex -7.2 25.2 2
    endloop
  endfacet
  facet normal 1 -0 0
    outer loop
      vertex -7.2 23.4 6.8
      vertex -7.2 24.75 3.19
      vertex -7.2 25.2 6.8
    endloop
  endfacet
  facet normal 1 0 0
    outer loop
      vertex -7.2 24.75 3.19
      vertex -7.2 23.4 6.8
      vertex -7.2 23.4 3.19
    endloop
  endfacet
  facet normal 1 0 0
    outer loop
      vertex -7.2 25.2 2
      vertex -7.2 24.75 3.19
      vertex -7.2 24.75 2
    endloop
  endfacet
  facet normal 0 -1 0
    outer loop
      vertex -13.4 23.4 3.19
      vertex -7.2 23.4 6.8
      vertex -13.4 23.4 6.8
    endloop
  endfacet
  facet normal 0 -1 -0
    outer loop
      vertex -7.2 23.4 6.8
      vertex -13.4 23.4 3.19
      vertex -7.2 23.4 3.19
    endloop
  endfacet
  facet normal 1 -0 0
    outer loop
      vertex 15.2 -13.7 6.8
      vertex 15.2 -5.7 2
      vertex 15.2 -5.7 6.8
    endloop
  endfacet
  facet normal 1 0 0
    outer loop
      vertex 15.2 -5.7 2
      vertex 15.2 -13.7 6.8
      vertex 15.2 -13.7 2
    endloop
  endfacet
  facet normal 0 0 1
    outer loop
      vertex 13.4 -11.9 6.8
      vertex 15.2 -5.7 6.8
      vertex 13.4 -5.7 6.8
    endloop
  endfacet
  facet normal 0 0 1
    outer loop
      vertex 15.2 -5.7 6.8
      vertex 13.4 -11.9 6.8
      vertex 15.2 -13.7 6.8
    endloop
  endfacet
  facet normal 0 0 1
    outer loop
      vertex 7.2 -13.7 6.8
      vertex 13.4 -11.9 6.8
      vertex 7.2 -11.9 6.8
    endloop
  endfacet
  facet normal 0 0 1
    outer loop
      vertex 13.4 -11.9 6.8
      vertex 7.2 -13.7 6.8
      vertex 15.2 -13.7 6.8
    endloop
  endfacet
  facet normal 0 0 -1
    outer loop
      vertex 15.2 -13.7 2
      vertex 13.4 -11.9 2
      vertex 15.2 -5.7 2
    endloop
  endfacet
  facet normal 0 0 -1
    outer loop
      vertex 7.2 -13.7 2
      vertex 13.4 -11.9 2
      vertex 15.2 -13.7 2
    endloop
  endfacet
  facet normal -0 0 -1
    outer loop
      vertex 13.4 -11.9 2
      vertex 7.2 -13.7 2
      vertex 7.2 -11.9 2
    endloop
  endfacet
  facet normal -0 0 -1
    outer loop
      vertex 15.2 -5.7 2
      vertex 13.4 -11.9 2
      vertex 13.4 -5.7 2
    endloop
  endfacet
  facet normal -1 0 0
    outer loop
      vertex 13.4 -11.9 2
      vertex 13.4 -5.7 6.8
      vertex 13.4 -5.7 2
    endloop
  endfacet
  facet normal -1 -0 0
    outer loop
      vertex 13.4 -5.7 6.8
      vertex 13.4 -11.9 2
      vertex 13.4 -11.9 6.8
    endloop
  endfacet
  facet normal 0 1 -0
    outer loop
      vertex 15.2 -5.7 2
      vertex 13.4 -5.7 6.8
      vertex 15.2 -5.7 6.8
    endloop
  endfacet
  facet normal 0 1 0
    outer loop
      vertex 13.4 -5.7 6.8
      vertex 15.2 -5.7 2
      vertex 13.4 -5.7 2
    endloop
  endfacet
  facet normal 0 -1 0
    outer loop
      vertex 7.2 -13.7 2
      vertex 15.2 -13.7 6.8
      vertex 7.2 -13.7 6.8
    endloop
  endfacet
  facet normal 0 -1 -0
    outer loop
      vertex 15.2 -13.7 6.8
      vertex 7.2 -13.7 2
      vertex 15.2 -13.7 2
    endloop
  endfacet
  facet normal -1 0 0
    outer loop
      vertex 7.2 -13.7 2
      vertex 7.2 -11.9 6.8
      vertex 7.2 -11.9 2
    endloop
  endfacet
  facet normal -1 -0 0
    outer loop
      vertex 7.2 -11.9 6.8
      vertex 7.2 -13.7 2
      vertex 7.2 -13.7 6.8
    endloop
  endfacet
  facet normal 0 1 -0
    outer loop
      vertex 13.4 -11.9 2
      vertex 7.2 -11.9 6.8
      vertex 13.4 -11.9 6.8
    endloop
  endfacet
  facet normal 0 1 0
    outer loop
      vertex 7.2 -11.9 6.8
      vertex 13.4 -11.9 2
      vertex 7.2 -11.9 2
    endloop
  endfacet
  facet normal 1 0 0
    outer loop
      vertex 15.2 25.2 6.8
      vertex 15.2 24.75 3.19
      vertex 15.2 25.2 2
    endloop
  endfacet
  facet normal 1 0 0
    outer loop
      vertex 15.2 25.2 6.8
      vertex 15.2 22.25 3.19
      vertex 15.2 24.75 3.19
    endloop
  endfacet
  facet normal 1 -0 0
    outer loop
      vertex 15.2 17.2 6.8
      vertex 15.2 22.25 3.19
      vertex 15.2 25.2 6.8
    endloop
  endfacet
  facet normal 1 0 0
    outer loop
      vertex 15.2 17.2 2
      vertex 15.2 22.25 3.19
      vertex 15.2 17.2 6.8
    endloop
  endfacet
  facet normal 1 0 0
    outer loop
      vertex 15.2 22.25 3.19
      vertex 15.2 17.2 2
      vertex 15.2 22.25 2
    endloop
  endfacet
  facet normal 1 0 0
    outer loop
      vertex 15.2 25.2 2
      vertex 15.2 24.75 3.19
      vertex 15.2 24.75 2
    endloop
  endfacet
  facet normal 0 0 1
    outer loop
      vertex 15.2 25.2 6.8
      vertex 13.4 23.4 6.8
      vertex 15.2 17.2 6.8
    endloop
  endfacet
  facet normal -0 0 1
    outer loop
      vertex 7.2 25.2 6.8
      vertex 13.4 23.4 6.8
      vertex 15.2 25.2 6.8
    endloop
  endfacet
  facet normal 0 0 1
    outer loop
      vertex 13.4 23.4 6.8
      vertex 7.2 25.2 6.8
      vertex 7.2 23.4 6.8
    endloop
  endfacet
  facet normal 0 0 1
    outer loop
      vertex 15.2 17.2 6.8
      vertex 13.4 23.4 6.8
      vertex 13.4 17.2 6.8
    endloop
  endfacet
  facet normal 0 0 -1
    outer loop
      vertex 7.2 24.75 2
      vertex 15.2 25.2 2
      vertex 15.2 24.75 2
    endloop
  endfacet
  facet normal -0 0 -1
    outer loop
      vertex 15.2 25.2 2
      vertex 7.2 24.75 2
      vertex 7.2 25.2 2
    endloop
  endfacet
  facet normal 0 0 -1
    outer loop
      vertex 13.4 17.2 2
      vertex 15.2 22.25 2
      vertex 15.2 17.2 2
    endloop
  endfacet
  facet normal -0 0 -1
    outer loop
      vertex 15.2 22.25 2
      vertex 13.4 17.2 2
      vertex 13.4 22.25 2
    endloop
  endfacet
  facet normal -1 0 0
    outer loop
      vertex 13.4 22.25 2
      vertex 13.4 17.2 2
      vertex 13.4 22.25 3.19
    endloop
  endfacet
  facet normal -1 0 0
    outer loop
      vertex 13.4 22.25 3.19
      vertex 13.4 23.4 6.8
      vertex 13.4 23.4 3.19
    endloop
  endfacet
  facet normal -1 0 0
    outer loop
      vertex 13.4 17.2 6.8
      vertex 13.4 22.25 3.19
      vertex 13.4 17.2 2
    endloop
  endfacet
  facet normal -1 0 0
    outer loop
      vertex 13.4 22.25 3.19
      vertex 13.4 17.2 6.8
      vertex 13.4 23.4 6.8
    endloop
  endfacet
  facet normal 0 1 -0
    outer loop
      vertex 15.2 25.2 2
      vertex 7.2 25.2 6.8
      vertex 15.2 25.2 6.8
    endloop
  endfacet
  facet normal 0 1 0
    outer loop
      vertex 7.2 25.2 6.8
      vertex 15.2 25.2 2
      vertex 7.2 25.2 2
    endloop
  endfacet
  facet normal 0 -1 0
    outer loop
      vertex 13.4 17.2 2
      vertex 15.2 17.2 6.8
      vertex 13.4 17.2 6.8
    endloop
  endfacet
  facet normal 0 -1 -0
    outer loop
      vertex 15.2 17.2 6.8
      vertex 13.4 17.2 2
      vertex 15.2 17.2 2
    endloop
  endfacet
  facet normal -1 0 0
    outer loop
      vertex 7.2 24.75 3.19
      vertex 7.2 25.2 2
      vertex 7.2 24.75 2
    endloop
  endfacet
  facet normal -1 0 0
    outer loop
      vertex 7.2 25.2 2
      vertex 7.2 24.75 3.19
      vertex 7.2 25.2 6.8
    endloop
  endfacet
  facet normal -1 0 0
    outer loop
      vertex 7.2 23.4 6.8
      vertex 7.2 24.75 3.19
      vertex 7.2 23.4 3.19
    endloop
  endfacet
  facet normal -1 0 0
    outer loop
      vertex 7.2 24.75 3.19
      vertex 7.2 23.4 6.8
      vertex 7.2 25.2 6.8
    endloop
  endfacet
  facet normal 0 -1 0
    outer loop
      vertex 7.2 23.4 3.19
      vertex 13.4 23.4 6.8
      vertex 7.2 23.4 6.8
    endloop
  endfacet
  facet normal 0 -1 -0
    outer loop
      vertex 13.4 23.4 6.8
      vertex 7.2 23.4 3.19
      vertex 13.4 23.4 3.19
    endloop
  endfacet
  facet normal 1 -0 0
    outer loop
      vertex 11 -10.5 4
      vertex 11 -6.5 2
      vertex 11 -6.5 4
    endloop
  endfacet
  facet normal 1 0 0
    outer loop
      vertex 11 -6.5 2
      vertex 11 -10.5 4
      vertex 11 -10.5 2
    endloop
  endfacet
  facet normal -0 0 1
    outer loop
      vertex -11 -6.5 4
      vertex 11 -10.5 4
      vertex 11 -6.5 4
    endloop
  endfacet
  facet normal 0 0 1
    outer loop
      vertex 11 -10.5 4
      vertex -11 -6.5 4
      vertex -11 -10.5 4
    endloop
  endfacet
  facet normal -1 0 0
    outer loop
      vertex -11 -10.5 2
      vertex -11 -6.5 4
      vertex -11 -6.5 2
    endloop
  endfacet
  facet normal -1 -0 0
    outer loop
      vertex -11 -6.5 4
      vertex -11 -10.5 2
      vertex -11 -10.5 4
    endloop
  endfacet
  facet normal 0 1 -0
    outer loop
      vertex 11 -6.5 2
      vertex -11 -6.5 4
      vertex 11 -6.5 4
    endloop
  endfacet
  facet normal 0 1 0
    outer loop
      vertex -11 -6.5 4
      vertex 11 -6.5 2
      vertex -11 -6.5 2
    endloop
  endfacet
  facet normal 0 -1 0
    outer loop
      vertex -11 -10.5 2
      vertex 11 -10.5 4
      vertex -11 -10.5 4
    endloop
  endfacet
  facet normal 0 -1 -0
    outer loop
      vertex 11 -10.5 4
      vertex -11 -10.5 2
      vertex 11 -10.5 2
    endloop
  endfacet
  facet normal 1 -0 0
    outer loop
      vertex 11 18 4
      vertex 11 22 2
      vertex 11 22 4
    endloop
  endfacet
  facet normal 1 0 0
    outer loop
      vertex 11 22 2
      vertex 11 18 4
      vertex 11 18 2
    endloop
  endfacet
  facet normal -0 0 1
    outer loop
      vertex -11 22 4
      vertex 11 18 4
      vertex 11 22 4
    endloop
  endfacet
  facet normal 0 0 1
    outer loop
      vertex 11 18 4
      vertex -11 22 4
      vertex -11 18 4
    endloop
  endfacet
  facet normal -1 0 0
    outer loop
      vertex -11 18 2
      vertex -11 22 4
      vertex -11 22 2
    endloop
  endfacet
  facet normal -1 -0 0
    outer loop
      vertex -11 22 4
      vertex -11 18 2
      vertex -11 18 4
    endloop
  endfacet
  facet normal 0 1 -0
    outer loop
      vertex 11 22 2
      vertex -11 22 4
      vertex 11 22 4
    endloop
  endfacet
  facet normal 0 1 0
    outer loop
      vertex -11 22 4
      vertex 11 22 2
      vertex -11 22 2
    endloop
  endfacet
  facet normal 0 -1 0
    outer loop
      vertex -11 18 2
      vertex 11 18 4
      vertex -11 18 4
    endloop
  endfacet
  facet normal 0 -1 -0
    outer loop
      vertex 11 18 4
      vertex -11 18 2
      vertex 11 18 2
    endloop
  endfacet
  facet normal 0 1 0
    outer loop
      vertex -12.5 9.75 5.6
      vertex -13.8 9.75 5.6
      vertex -13.8 9.75 7.19999
    endloop
  endfacet
  facet normal 0 -1 0
    outer loop
      vertex -13.8 1.75 7.19999
      vertex -13.8 1.75 5.6
      vertex -12.5 1.75 5.6
    endloop
  endfacet
  facet normal 0.776112 -0 0.630595
    outer loop
      vertex -13.8 1.75 7.19999
      vertex -12.5 9.75 5.6
      vertex -13.8 9.75 7.19999
    endloop
  endfacet
  facet normal 0.776112 0 0.630595
    outer loop
      vertex -12.5 9.75 5.6
      vertex -13.8 1.75 7.19999
      vertex -12.5 1.75 5.6
    endloop
  endfacet
  facet normal 0 0 -1
    outer loop
      vertex -13.8 1.75 5.6
      vertex -12.5 9.75 5.6
      vertex -12.5 1.75 5.6
    endloop
  endfacet
  facet normal -0 0 -1
    outer loop
      vertex -12.5 9.75 5.6
      vertex -13.8 1.75 5.6
      vertex -13.8 9.75 5.6
    endloop
  endfacet
  facet normal -1 0 0
    outer loop
      vertex -13.8 1.75 5.6
      vertex -13.8 9.75 7.19999
      vertex -13.8 9.75 5.6
    endloop
  endfacet
  facet normal -1 -0 0
    outer loop
      vertex -13.8 9.75 7.19999
      vertex -13.8 1.75 5.6
      vertex -13.8 1.75 7.19999
    endloop
  endfacet
  facet normal 0 1 -0
    outer loop
      vertex 13.8 9.75 5.6
      vertex 12.5 9.75 5.6
      vertex 13.8 9.75 7.19999
    endloop
  endfacet
  facet normal 1 -0 0
    outer loop
      vertex 13.8 1.75 7.19999
      vertex 13.8 9.75 5.6
      vertex 13.8 9.75 7.19999
    endloop
  endfacet
  facet normal 1 0 0
    outer loop
      vertex 13.8 9.75 5.6
      vertex 13.8 1.75 7.19999
      vertex 13.8 1.75 5.6
    endloop
  endfacet
  facet normal 0 -1 -0
    outer loop
      vertex 13.8 1.75 7.19999
      vertex 12.5 1.75 5.6
      vertex 13.8 1.75 5.6
    endloop
  endfacet
  facet normal 0 0 -1
    outer loop
      vertex 12.5 1.75 5.6
      vertex 13.8 9.75 5.6
      vertex 13.8 1.75 5.6
    endloop
  endfacet
  facet normal -0 0 -1
    outer loop
      vertex 13.8 9.75 5.6
      vertex 12.5 1.75 5.6
      vertex 12.5 9.75 5.6
    endloop
  endfacet
  facet normal -0.776112 0 0.630595
    outer loop
      vertex 12.5 1.75 5.6
      vertex 13.8 9.75 7.19999
      vertex 12.5 9.75 5.6
    endloop
  endfacet
  facet normal -0.776112 0 0.630595
    outer loop
      vertex 13.8 9.75 7.19999
      vertex 12.5 1.75 5.6
      vertex 13.8 1.75 7.19999
    endloop
  endfacet
  facet normal 0.321498 -0.94691 0
    outer loop
      vertex 22.7353 -27.0637 0
      vertex 23.2307 -26.8955 2
      vertex 22.7353 -27.0637 2
    endloop
  endfacet
  facet normal 0.321498 -0.94691 0
    outer loop
      vertex 23.2307 -26.8955 2
      vertex 22.7353 -27.0637 0
      vertex 23.2307 -26.8955 0
    endloop
  endfacet
  facet normal 0.751842 0.659343 0
    outer loop
      vertex 24.8734 25.635 2
      vertex 24.5284 26.0284 0
      vertex 24.5284 26.0284 2
    endloop
  endfacet
  facet normal 0.751842 0.659343 0
    outer loop
      vertex 24.5284 26.0284 0
      vertex 24.8734 25.635 2
      vertex 24.8734 25.635 0
    endloop
  endfacet
  facet normal 0 -1 0
    outer loop
      vertex -21.7 -27.2 0
      vertex 21.7 -27.2 2
      vertex -21.7 -27.2 2
    endloop
  endfacet
  facet normal 0 -1 -0
    outer loop
      vertex 21.7 -27.2 2
      vertex -21.7 -27.2 0
      vertex 21.7 -27.2 0
    endloop
  endfacet
  facet normal 0.195124 -0.980779 0
    outer loop
      vertex 22.2221 -27.1658 0
      vertex 22.7353 -27.0637 2
      vertex 22.2221 -27.1658 2
    endloop
  endfacet
  facet normal 0.195124 -0.980779 0
    outer loop
      vertex 22.7353 -27.0637 2
      vertex 22.2221 -27.1658 0
      vertex 22.7353 -27.0637 0
    endloop
  endfacet
  facet normal 0.831432 0.555626 0
    outer loop
      vertex 25.1641 25.2 2
      vertex 24.8734 25.635 0
      vertex 24.8734 25.635 2
    endloop
  endfacet
  facet normal 0.831432 0.555626 0
    outer loop
      vertex 24.8734 25.635 0
      vertex 25.1641 25.2 2
      vertex 25.1641 25.2 0
    endloop
  endfacet
  facet normal 0.0653646 -0.997861 0
    outer loop
      vertex 21.7 -27.2 0
      vertex 22.2221 -27.1658 2
      vertex 21.7 -27.2 2
    endloop
  endfacet
  facet normal 0.0653646 -0.997861 0
    outer loop
      vertex 22.2221 -27.1658 2
      vertex 21.7 -27.2 0
      vertex 22.2221 -27.1658 0
    endloop
  endfacet
  facet normal -0.896898 -0.442238 0
    outer loop
      vertex -25.1641 -25.2 0
      vertex -25.3955 -24.7307 2
      vertex -25.3955 -24.7307 0
    endloop
  endfacet
  facet normal -0.896898 -0.442238 0
    outer loop
      vertex -25.3955 -24.7307 2
      vertex -25.1641 -25.2 0
      vertex -25.1641 -25.2 2
    endloop
  endfacet
  facet normal -0.94691 0.321498 0
    outer loop
      vertex -25.5637 24.2353 0
      vertex -25.3955 24.7307 2
      vertex -25.3955 24.7307 0
    endloop
  endfacet
  facet normal -0.94691 0.321498 0
    outer loop
      vertex -25.3955 24.7307 2
      vertex -25.5637 24.2353 0
      vertex -25.5637 24.2353 2
    endloop
  endfacet
  facet normal 0.980779 -0.195124 0
    outer loop
      vertex 25.5637 -24.2353 2
      vertex 25.6658 -23.7221 0
      vertex 25.6658 -23.7221 2
    endloop
  endfacet
  facet normal 0.980779 -0.195124 0
    outer loop
      vertex 25.6658 -23.7221 0
      vertex 25.5637 -24.2353 2
      vertex 25.5637 -24.2353 0
    endloop
  endfacet
  facet normal 0.195124 0.980779 -0
    outer loop
      vertex 22.7353 27.0637 0
      vertex 22.2221 27.1658 2
      vertex 22.7353 27.0637 2
    endloop
  endfacet
  facet normal 0.195124 0.980779 0
    outer loop
      vertex 22.2221 27.1658 2
      vertex 22.7353 27.0637 0
      vertex 22.2221 27.1658 0
    endloop
  endfacet
  facet normal -0.555626 0.831432 0
    outer loop
      vertex -23.7 26.6641 0
      vertex -24.135 26.3734 2
      vertex -23.7 26.6641 2
    endloop
  endfacet
  facet normal -0.555626 0.831432 0
    outer loop
      vertex -24.135 26.3734 2
      vertex -23.7 26.6641 0
      vertex -24.135 26.3734 0
    endloop
  endfacet
  facet normal 0.831432 -0.555626 0
    outer loop
      vertex 24.8734 -25.635 2
      vertex 25.1641 -25.2 0
      vertex 25.1641 -25.2 2
    endloop
  endfacet
  facet normal 0.831432 -0.555626 0
    outer loop
      vertex 25.1641 -25.2 0
      vertex 24.8734 -25.635 2
      vertex 24.8734 -25.635 0
    endloop
  endfacet
  facet normal 0.659343 0.751842 -0
    outer loop
      vertex 24.5284 26.0284 0
      vertex 24.135 26.3734 2
      vertex 24.5284 26.0284 2
    endloop
  endfacet
  facet normal 0.659343 0.751842 0
    outer loop
      vertex 24.135 26.3734 2
      vertex 24.5284 26.0284 0
      vertex 24.135 26.3734 0
    endloop
  endfacet
  facet normal -0.442238 -0.896898 0
    outer loop
      vertex -23.7 -26.6641 0
      vertex -23.2307 -26.8955 2
      vertex -23.7 -26.6641 2
    endloop
  endfacet
  facet normal -0.442238 -0.896898 -0
    outer loop
      vertex -23.2307 -26.8955 2
      vertex -23.7 -26.6641 0
      vertex -23.2307 -26.8955 0
    endloop
  endfacet
  facet normal 0.980779 0.195124 0
    outer loop
      vertex 25.6658 23.7221 2
      vertex 25.5637 24.2353 0
      vertex 25.5637 24.2353 2
    endloop
  endfacet
  facet normal 0.980779 0.195124 0
    outer loop
      vertex 25.5637 24.2353 0
      vertex 25.6658 23.7221 2
      vertex 25.6658 23.7221 0
    endloop
  endfacet
  facet normal 1 -0 0
    outer loop
      vertex 25.7 -23.2 2
      vertex 25.7 23.2 0
      vertex 25.7 23.2 2
    endloop
  endfacet
  facet normal 1 0 0
    outer loop
      vertex 25.7 23.2 0
      vertex 25.7 -23.2 2
      vertex 25.7 -23.2 0
    endloop
  endfacet
  facet normal -0.997861 -0.0653646 0
    outer loop
      vertex -25.6658 -23.7221 0
      vertex -25.7 -23.2 2
      vertex -25.7 -23.2 0
    endloop
  endfacet
  facet normal -0.997861 -0.0653646 0
    outer loop
      vertex -25.7 -23.2 2
      vertex -25.6658 -23.7221 0
      vertex -25.6658 -23.7221 2
    endloop
  endfacet
  facet normal -1 0 0
    outer loop
      vertex -25.7 -23.2 0
      vertex -25.7 23.2 2
      vertex -25.7 23.2 0
    endloop
  endfacet
  facet normal -1 -0 0
    outer loop
      vertex -25.7 23.2 2
      vertex -25.7 -23.2 0
      vertex -25.7 -23.2 2
    endloop
  endfacet
  facet normal 0.442238 0.896898 -0
    outer loop
      vertex 23.7 26.6641 0
      vertex 23.2307 26.8955 2
      vertex 23.7 26.6641 2
    endloop
  endfacet
  facet normal 0.442238 0.896898 0
    outer loop
      vertex 23.2307 26.8955 2
      vertex 23.7 26.6641 0
      vertex 23.2307 26.8955 0
    endloop
  endfacet
  facet normal -0.0653646 0.997861 0
    outer loop
      vertex -21.7 27.2 0
      vertex -22.2221 27.1658 2
      vertex -21.7 27.2 2
    endloop
  endfacet
  facet normal -0.0653646 0.997861 0
    outer loop
      vertex -22.2221 27.1658 2
      vertex -21.7 27.2 0
      vertex -22.2221 27.1658 0
    endloop
  endfacet
  facet normal 0.94691 0.321498 0
    outer loop
      vertex 25.5637 24.2353 2
      vertex 25.3955 24.7307 0
      vertex 25.3955 24.7307 2
    endloop
  endfacet
  facet normal 0.94691 0.321498 0
    outer loop
      vertex 25.3955 24.7307 0
      vertex 25.5637 24.2353 2
      vertex 25.5637 24.2353 0
    endloop
  endfacet
  facet normal -0.0653646 -0.997861 0
    outer loop
      vertex -22.2221 -27.1658 0
      vertex -21.7 -27.2 2
      vertex -22.2221 -27.1658 2
    endloop
  endfacet
  facet normal -0.0653646 -0.997861 -0
    outer loop
      vertex -21.7 -27.2 2
      vertex -22.2221 -27.1658 0
      vertex -21.7 -27.2 0
    endloop
  endfacet
  facet normal 0.321498 0.94691 -0
    outer loop
      vertex 23.2307 26.8955 0
      vertex 22.7353 27.0637 2
      vertex 23.2307 26.8955 2
    endloop
  endfacet
  facet normal 0.321498 0.94691 0
    outer loop
      vertex 22.7353 27.0637 2
      vertex 23.2307 26.8955 0
      vertex 22.7353 27.0637 0
    endloop
  endfacet
  facet normal -0.442238 0.896898 0
    outer loop
      vertex -23.2307 26.8955 0
      vertex -23.7 26.6641 2
      vertex -23.2307 26.8955 2
    endloop
  endfacet
  facet normal -0.442238 0.896898 0
    outer loop
      vertex -23.7 26.6641 2
      vertex -23.2307 26.8955 0
      vertex -23.7 26.6641 0
    endloop
  endfacet
  facet normal -0.751842 -0.659343 0
    outer loop
      vertex -24.5284 -26.0284 0
      vertex -24.8734 -25.635 2
      vertex -24.8734 -25.635 0
    endloop
  endfacet
  facet normal -0.751842 -0.659343 0
    outer loop
      vertex -24.8734 -25.635 2
      vertex -24.5284 -26.0284 0
      vertex -24.5284 -26.0284 2
    endloop
  endfacet
  facet normal 0 1 -0
    outer loop
      vertex 21.7 27.2 0
      vertex -21.7 27.2 2
      vertex 21.7 27.2 2
    endloop
  endfacet
  facet normal 0 1 0
    outer loop
      vertex -21.7 27.2 2
      vertex 21.7 27.2 0
      vertex -21.7 27.2 0
    endloop
  endfacet
  facet normal 0.896898 -0.442238 0
    outer loop
      vertex 25.1641 -25.2 2
      vertex 25.3955 -24.7307 0
      vertex 25.3955 -24.7307 2
    endloop
  endfacet
  facet normal 0.896898 -0.442238 0
    outer loop
      vertex 25.3955 -24.7307 0
      vertex 25.1641 -25.2 2
      vertex 25.1641 -25.2 0
    endloop
  endfacet
  facet normal -0.997861 0.0653646 0
    outer loop
      vertex -25.7 23.2 0
      vertex -25.6658 23.7221 2
      vertex -25.6658 23.7221 0
    endloop
  endfacet
  facet normal -0.997861 0.0653646 0
    outer loop
      vertex -25.6658 23.7221 2
      vertex -25.7 23.2 0
      vertex -25.7 23.2 2
    endloop
  endfacet
  facet normal -0.980779 0.195124 0
    outer loop
      vertex -25.6658 23.7221 0
      vertex -25.5637 24.2353 2
      vertex -25.5637 24.2353 0
    endloop
  endfacet
  facet normal -0.980779 0.195124 0
    outer loop
      vertex -25.5637 24.2353 2
      vertex -25.6658 23.7221 0
      vertex -25.6658 23.7221 2
    endloop
  endfacet
  facet normal -0.831432 -0.555626 0
    outer loop
      vertex -24.8734 -25.635 0
      vertex -25.1641 -25.2 2
      vertex -25.1641 -25.2 0
    endloop
  endfacet
  facet normal -0.831432 -0.555626 0
    outer loop
      vertex -25.1641 -25.2 2
      vertex -24.8734 -25.635 0
      vertex -24.8734 -25.635 2
    endloop
  endfacet
  facet normal -0.195124 -0.980779 0
    outer loop
      vertex -22.7353 -27.0637 0
      vertex -22.2221 -27.1658 2
      vertex -22.7353 -27.0637 2
    endloop
  endfacet
  facet normal -0.195124 -0.980779 -0
    outer loop
      vertex -22.2221 -27.1658 2
      vertex -22.7353 -27.0637 0
      vertex -22.2221 -27.1658 0
    endloop
  endfacet
  facet normal -0.659343 0.751842 0
    outer loop
      vertex -24.135 26.3734 0
      vertex -24.5284 26.0284 2
      vertex -24.135 26.3734 2
    endloop
  endfacet
  facet normal -0.659343 0.751842 0
    outer loop
      vertex -24.5284 26.0284 2
      vertex -24.135 26.3734 0
      vertex -24.5284 26.0284 0
    endloop
  endfacet
  facet normal -0.751842 0.659343 0
    outer loop
      vertex -24.8734 25.635 0
      vertex -24.5284 26.0284 2
      vertex -24.5284 26.0284 0
    endloop
  endfacet
  facet normal -0.751842 0.659343 0
    outer loop
      vertex -24.5284 26.0284 2
      vertex -24.8734 25.635 0
      vertex -24.8734 25.635 2
    endloop
  endfacet
  facet normal -0.195124 0.980779 0
    outer loop
      vertex -22.2221 27.1658 0
      vertex -22.7353 27.0637 2
      vertex -22.2221 27.1658 2
    endloop
  endfacet
  facet normal -0.195124 0.980779 0
    outer loop
      vertex -22.7353 27.0637 2
      vertex -22.2221 27.1658 0
      vertex -22.7353 27.0637 0
    endloop
  endfacet
  facet normal -0.321498 0.94691 0
    outer loop
      vertex -22.7353 27.0637 0
      vertex -23.2307 26.8955 2
      vertex -22.7353 27.0637 2
    endloop
  endfacet
  facet normal -0.321498 0.94691 0
    outer loop
      vertex -23.2307 26.8955 2
      vertex -22.7353 27.0637 0
      vertex -23.2307 26.8955 0
    endloop
  endfacet
  facet normal 0.997861 0.0653646 0
    outer loop
      vertex 25.7 23.2 2
      vertex 25.6658 23.7221 0
      vertex 25.6658 23.7221 2
    endloop
  endfacet
  facet normal 0.997861 0.0653646 0
    outer loop
      vertex 25.6658 23.7221 0
      vertex 25.7 23.2 2
      vertex 25.7 23.2 0
    endloop
  endfacet
  facet normal -0.831432 0.555626 0
    outer loop
      vertex -25.1641 25.2 0
      vertex -24.8734 25.635 2
      vertex -24.8734 25.635 0
    endloop
  endfacet
  facet normal -0.831432 0.555626 0
    outer loop
      vertex -24.8734 25.635 2
      vertex -25.1641 25.2 0
      vertex -25.1641 25.2 2
    endloop
  endfacet
  facet normal -0.659343 -0.751842 0
    outer loop
      vertex -24.5284 -26.0284 0
      vertex -24.135 -26.3734 2
      vertex -24.5284 -26.0284 2
    endloop
  endfacet
  facet normal -0.659343 -0.751842 -0
    outer loop
      vertex -24.135 -26.3734 2
      vertex -24.5284 -26.0284 0
      vertex -24.135 -26.3734 0
    endloop
  endfacet
  facet normal -0.555626 -0.831432 0
    outer loop
      vertex -24.135 -26.3734 0
      vertex -23.7 -26.6641 2
      vertex -24.135 -26.3734 2
    endloop
  endfacet
  facet normal -0.555626 -0.831432 -0
    outer loop
      vertex -23.7 -26.6641 2
      vertex -24.135 -26.3734 0
      vertex -23.7 -26.6641 0
    endloop
  endfacet
  facet normal -0.980779 -0.195124 0
    outer loop
      vertex -25.5637 -24.2353 0
      vertex -25.6658 -23.7221 2
      vertex -25.6658 -23.7221 0
    endloop
  endfacet
  facet normal -0.980779 -0.195124 0
    outer loop
      vertex -25.6658 -23.7221 2
      vertex -25.5637 -24.2353 0
      vertex -25.5637 -24.2353 2
    endloop
  endfacet
  facet normal 0.94691 -0.321498 0
    outer loop
      vertex 25.3955 -24.7307 2
      vertex 25.5637 -24.2353 0
      vertex 25.5637 -24.2353 2
    endloop
  endfacet
  facet normal 0.94691 -0.321498 0
    outer loop
      vertex 25.5637 -24.2353 0
      vertex 25.3955 -24.7307 2
      vertex 25.3955 -24.7307 0
    endloop
  endfacet
  facet normal 0.555626 0.831432 -0
    outer loop
      vertex 24.135 26.3734 0
      vertex 23.7 26.6641 2
      vertex 24.135 26.3734 2
    endloop
  endfacet
  facet normal 0.555626 0.831432 0
    outer loop
      vertex 23.7 26.6641 2
      vertex 24.135 26.3734 0
      vertex 23.7 26.6641 0
    endloop
  endfacet
  facet normal -0.321498 -0.94691 0
    outer loop
      vertex -23.2307 -26.8955 0
      vertex -22.7353 -27.0637 2
      vertex -23.2307 -26.8955 2
    endloop
  endfacet
  facet normal -0.321498 -0.94691 -0
    outer loop
      vertex -22.7353 -27.0637 2
      vertex -23.2307 -26.8955 0
      vertex -22.7353 -27.0637 0
    endloop
  endfacet
  facet normal -0.896898 0.442238 0
    outer loop
      vertex -25.3955 24.7307 0
      vertex -25.1641 25.2 2
      vertex -25.1641 25.2 0
    endloop
  endfacet
  facet normal -0.896898 0.442238 0
    outer loop
      vertex -25.1641 25.2 2
      vertex -25.3955 24.7307 0
      vertex -25.3955 24.7307 2
    endloop
  endfacet
  facet normal 0 0 -1
    outer loop
      vertex 21.7 -27.2 0
      vertex 25.7 -23.2 0
      vertex 25.6658 -23.7221 0
    endloop
  endfacet
  facet normal 0 0 -1
    outer loop
      vertex -25.7 -23.2 0
      vertex 25.7 -23.2 0
      vertex 21.7 -27.2 0
    endloop
  endfacet
  facet normal 0 0 -1
    outer loop
      vertex 21.7 -27.2 0
      vertex 25.6658 -23.7221 0
      vertex 25.5637 -24.2353 0
    endloop
  endfacet
  facet normal 0 0 -1
    outer loop
      vertex 25.7 -23.2 0
      vertex -25.7 -23.2 0
      vertex 25.7 23.2 0
    endloop
  endfacet
  facet normal 0 0 -1
    outer loop
      vertex 21.7 -27.2 0
      vertex 25.5637 -24.2353 0
      vertex 25.3955 -24.7307 0
    endloop
  endfacet
  facet normal 0 0 -1
    outer loop
      vertex 25.7 23.2 0
      vertex 21.7 27.2 0
      vertex 25.6658 23.7221 0
    endloop
  endfacet
  facet normal 0 0 -1
    outer loop
      vertex 21.7 -27.2 0
      vertex 25.3955 -24.7307 0
      vertex 25.1641 -25.2 0
    endloop
  endfacet
  facet normal 0 0 -1
    outer loop
      vertex 25.6658 23.7221 0
      vertex 21.7 27.2 0
      vertex 25.5637 24.2353 0
    endloop
  endfacet
  facet normal 0 0 -1
    outer loop
      vertex 21.7 -27.2 0
      vertex 25.1641 -25.2 0
      vertex 24.8734 -25.635 0
    endloop
  endfacet
  facet normal 0 0 -1
    outer loop
      vertex 25.5637 24.2353 0
      vertex 21.7 27.2 0
      vertex 25.3955 24.7307 0
    endloop
  endfacet
  facet normal 0 0 -1
    outer loop
      vertex 21.7 -27.2 0
      vertex 24.8734 -25.635 0
      vertex 24.5284 -26.0284 0
    endloop
  endfacet
  facet normal 0 0 -1
    outer loop
      vertex 25.3955 24.7307 0
      vertex 21.7 27.2 0
      vertex 25.1641 25.2 0
    endloop
  endfacet
  facet normal 0 0 -1
    outer loop
      vertex 21.7 -27.2 0
      vertex 24.5284 -26.0284 0
      vertex 24.135 -26.3734 0
    endloop
  endfacet
  facet normal 0 0 -1
    outer loop
      vertex 25.1641 25.2 0
      vertex 21.7 27.2 0
      vertex 24.8734 25.635 0
    endloop
  endfacet
  facet normal 0 0 -1
    outer loop
      vertex 21.7 -27.2 0
      vertex 24.135 -26.3734 0
      vertex 23.7 -26.6641 0
    endloop
  endfacet
  facet normal 0 0 -1
    outer loop
      vertex 24.8734 25.635 0
      vertex 21.7 27.2 0
      vertex 24.5284 26.0284 0
    endloop
  endfacet
  facet normal 0 0 -1
    outer loop
      vertex 21.7 -27.2 0
      vertex 23.7 -26.6641 0
      vertex 23.2307 -26.8955 0
    endloop
  endfacet
  facet normal 0 0 -1
    outer loop
      vertex 24.5284 26.0284 0
      vertex 21.7 27.2 0
      vertex 24.135 26.3734 0
    endloop
  endfacet
  facet normal 0 0 -1
    outer loop
      vertex 21.7 -27.2 0
      vertex 23.2307 -26.8955 0
      vertex 22.7353 -27.0637 0
    endloop
  endfacet
  facet normal 0 0 -1
    outer loop
      vertex 24.135 26.3734 0
      vertex 21.7 27.2 0
      vertex 23.7 26.6641 0
    endloop
  endfacet
  facet normal 0 0 -1
    outer loop
      vertex 21.7 -27.2 0
      vertex 22.7353 -27.0637 0
      vertex 22.2221 -27.1658 0
    endloop
  endfacet
  facet normal 0 0 -1
    outer loop
      vertex 23.7 26.6641 0
      vertex 21.7 27.2 0
      vertex 23.2307 26.8955 0
    endloop
  endfacet
  facet normal 0 0 -1
    outer loop
      vertex 23.2307 26.8955 0
      vertex 21.7 27.2 0
      vertex 22.7353 27.0637 0
    endloop
  endfacet
  facet normal 0 0 -1
    outer loop
      vertex 22.7353 27.0637 0
      vertex 21.7 27.2 0
      vertex 22.2221 27.1658 0
    endloop
  endfacet
  facet normal 0 0 -1
    outer loop
      vertex -25.7 -23.2 0
      vertex 21.7 -27.2 0
      vertex -21.7 -27.2 0
    endloop
  endfacet
  facet normal 0 0 -1
    outer loop
      vertex -25.7 23.2 0
      vertex 25.7 23.2 0
      vertex -25.7 -23.2 0
    endloop
  endfacet
  facet normal 0 0 -1
    outer loop
      vertex -25.7 -23.2 0
      vertex -21.7 -27.2 0
      vertex -22.2221 -27.1658 0
    endloop
  endfacet
  facet normal 0 0 -1
    outer loop
      vertex 25.7 23.2 0
      vertex -25.7 23.2 0
      vertex 21.7 27.2 0
    endloop
  endfacet
  facet normal 0 0 -1
    outer loop
      vertex -25.7 -23.2 0
      vertex -22.2221 -27.1658 0
      vertex -22.7353 -27.0637 0
    endloop
  endfacet
  facet normal -0 0 -1
    outer loop
      vertex 21.7 27.2 0
      vertex -25.7 23.2 0
      vertex -21.7 27.2 0
    endloop
  endfacet
  facet normal 0 0 -1
    outer loop
      vertex -25.7 -23.2 0
      vertex -22.7353 -27.0637 0
      vertex -23.2307 -26.8955 0
    endloop
  endfacet
  facet normal 0 0 -1
    outer loop
      vertex -21.7 27.2 0
      vertex -25.7 23.2 0
      vertex -22.2221 27.1658 0
    endloop
  endfacet
  facet normal 0 0 -1
    outer loop
      vertex -25.7 -23.2 0
      vertex -23.2307 -26.8955 0
      vertex -23.7 -26.6641 0
    endloop
  endfacet
  facet normal 0 0 -1
    outer loop
      vertex -22.2221 27.1658 0
      vertex -25.7 23.2 0
      vertex -22.7353 27.0637 0
    endloop
  endfacet
  facet normal 0 0 -1
    outer loop
      vertex -25.7 -23.2 0
      vertex -23.7 -26.6641 0
      vertex -24.135 -26.3734 0
    endloop
  endfacet
  facet normal 0 0 -1
    outer loop
      vertex -22.7353 27.0637 0
      vertex -25.7 23.2 0
      vertex -23.2307 26.8955 0
    endloop
  endfacet
  facet normal 0 0 -1
    outer loop
      vertex -25.7 -23.2 0
      vertex -24.135 -26.3734 0
      vertex -24.5284 -26.0284 0
    endloop
  endfacet
  facet normal 0 0 -1
    outer loop
      vertex -23.2307 26.8955 0
      vertex -25.7 23.2 0
      vertex -23.7 26.6641 0
    endloop
  endfacet
  facet normal 0 0 -1
    outer loop
      vertex -25.7 -23.2 0
      vertex -24.5284 -26.0284 0
      vertex -24.8734 -25.635 0
    endloop
  endfacet
  facet normal 0 0 -1
    outer loop
      vertex -23.7 26.6641 0
      vertex -25.7 23.2 0
      vertex -24.135 26.3734 0
    endloop
  endfacet
  facet normal 0 0 -1
    outer loop
      vertex -25.7 -23.2 0
      vertex -24.8734 -25.635 0
      vertex -25.1641 -25.2 0
    endloop
  endfacet
  facet normal 0 0 -1
    outer loop
      vertex -24.135 26.3734 0
      vertex -25.7 23.2 0
      vertex -24.5284 26.0284 0
    endloop
  endfacet
  facet normal 0 0 -1
    outer loop
      vertex -25.7 -23.2 0
      vertex -25.1641 -25.2 0
      vertex -25.3955 -24.7307 0
    endloop
  endfacet
  facet normal 0 0 -1
    outer loop
      vertex -24.5284 26.0284 0
      vertex -25.7 23.2 0
      vertex -24.8734 25.635 0
    endloop
  endfacet
  facet normal 0 0 -1
    outer loop
      vertex -25.7 -23.2 0
      vertex -25.3955 -24.7307 0
      vertex -25.5637 -24.2353 0
    endloop
  endfacet
  facet normal 0 0 -1
    outer loop
      vertex -24.8734 25.635 0
      vertex -25.7 23.2 0
      vertex -25.1641 25.2 0
    endloop
  endfacet
  facet normal 0 0 -1
    outer loop
      vertex -25.7 -23.2 0
      vertex -25.5637 -24.2353 0
      vertex -25.6658 -23.7221 0
    endloop
  endfacet
  facet normal 0 0 -1
    outer loop
      vertex -25.1641 25.2 0
      vertex -25.7 23.2 0
      vertex -25.3955 24.7307 0
    endloop
  endfacet
  facet normal 0 0 -1
    outer loop
      vertex -25.3955 24.7307 0
      vertex -25.7 23.2 0
      vertex -25.5637 24.2353 0
    endloop
  endfacet
  facet normal 0 0 -1
    outer loop
      vertex -25.5637 24.2353 0
      vertex -25.7 23.2 0
      vertex -25.6658 23.7221 0
    endloop
  endfacet
  facet normal 0.555626 -0.831432 0
    outer loop
      vertex 23.7 -26.6641 0
      vertex 24.135 -26.3734 2
      vertex 23.7 -26.6641 2
    endloop
  endfacet
  facet normal 0.555626 -0.831432 0
    outer loop
      vertex 24.135 -26.3734 2
      vertex 23.7 -26.6641 0
      vertex 24.135 -26.3734 0
    endloop
  endfacet
  facet normal 0.659343 -0.751842 0
    outer loop
      vertex 24.135 -26.3734 0
      vertex 24.5284 -26.0284 2
      vertex 24.135 -26.3734 2
    endloop
  endfacet
  facet normal 0.659343 -0.751842 0
    outer loop
      vertex 24.5284 -26.0284 2
      vertex 24.135 -26.3734 0
      vertex 24.5284 -26.0284 0
    endloop
  endfacet
  facet normal 0.896898 0.442238 0
    outer loop
      vertex 25.3955 24.7307 2
      vertex 25.1641 25.2 0
      vertex 25.1641 25.2 2
    endloop
  endfacet
  facet normal 0.896898 0.442238 0
    outer loop
      vertex 25.1641 25.2 0
      vertex 25.3955 24.7307 2
      vertex 25.3955 24.7307 0
    endloop
  endfacet
  facet normal 0.751842 -0.659343 0
    outer loop
      vertex 24.5284 -26.0284 2
      vertex 24.8734 -25.635 0
      vertex 24.8734 -25.635 2
    endloop
  endfacet
  facet normal 0.751842 -0.659343 0
    outer loop
      vertex 24.8734 -25.635 0
      vertex 24.5284 -26.0284 2
      vertex 24.5284 -26.0284 0
    endloop
  endfacet
  facet normal -0.94691 -0.321498 0
    outer loop
      vertex -25.3955 -24.7307 0
      vertex -25.5637 -24.2353 2
      vertex -25.5637 -24.2353 0
    endloop
  endfacet
  facet normal -0.94691 -0.321498 0
    outer loop
      vertex -25.5637 -24.2353 2
      vertex -25.3955 -24.7307 0
      vertex -25.3955 -24.7307 2
    endloop
  endfacet
  facet normal 0.0653646 0.997861 -0
    outer loop
      vertex 22.2221 27.1658 0
      vertex 21.7 27.2 2
      vertex 22.2221 27.1658 2
    endloop
  endfacet
  facet normal 0.0653646 0.997861 0
    outer loop
      vertex 21.7 27.2 2
      vertex 22.2221 27.1658 0
      vertex 21.7 27.2 0
    endloop
  endfacet
  facet normal 0.997861 -0.0653646 0
    outer loop
      vertex 25.6658 -23.7221 2
      vertex 25.7 -23.2 0
      vertex 25.7 -23.2 2
    endloop
  endfacet
  facet normal 0.997861 -0.0653646 0
    outer loop
      vertex 25.7 -23.2 0
      vertex 25.6658 -23.7221 2
      vertex 25.6658 -23.7221 0
    endloop
  endfacet
  facet normal 0.442238 -0.896898 0
    outer loop
      vertex 23.2307 -26.8955 0
      vertex 23.7 -26.6641 2
      vertex 23.2307 -26.8955 2
    endloop
  endfacet
  facet normal 0.442238 -0.896898 0
    outer loop
      vertex 23.7 -26.6641 2
      vertex 23.2307 -26.8955 0
      vertex 23.7 -26.6641 0
    endloop
  endfacet
endsolid OpenSCAD_Model
