solid OpenSCAD_Model
  facet normal -0.980757 -0.195234 0
    outer loop
      vertex -18.2299 -22.7432 2
      vertex -18.3193 -22.2941 3.19
      vertex -18.3193 -22.2941 2
    endloop
  endfacet
  facet normal -0.980757 -0.195234 0
    outer loop
      vertex -18.3193 -22.2941 3.19
      vertex -18.2299 -22.7432 2
      vertex -18.2299 -22.7432 3.19
    endloop
  endfacet
  facet normal -0.997865 -0.0653156 0
    outer loop
      vertex -18.2 -23.2 2
      vertex -18.2299 -22.7432 3.19
      vertex -18.2299 -22.7432 2
    endloop
  endfacet
  facet normal -0.997865 -0.0653156 0
    outer loop
      vertex -18.2299 -22.7432 3.19
      vertex -18.2 -23.2 2
      vertex -18.2 -23.2 3.19
    endloop
  endfacet
  facet normal -0.947386 -0.320092 0
    outer loop
      vertex -18.3193 -22.2941 2
      vertex -18.3342 -22.25 3.19
      vertex -18.3342 -22.25 2
    endloop
  endfacet
  facet normal -0.947386 -0.320092 0
    outer loop
      vertex -18.3342 -22.25 3.19
      vertex -18.3193 -22.2941 2
      vertex -18.3193 -22.2941 3.19
    endloop
  endfacet
  facet normal -0.896799 0.442438 0
    outer loop
      vertex -18.5703 -24.75 2
      vertex -18.4664 -24.5394 3.19
      vertex -18.4664 -24.5394 2
    endloop
  endfacet
  facet normal -0.896799 0.442438 0
    outer loop
      vertex -18.4664 -24.5394 3.19
      vertex -18.5703 -24.75 2
      vertex -18.5703 -24.75 3.19
    endloop
  endfacet
  facet normal -0.980757 0.195234 0
    outer loop
      vertex -18.3193 -24.1059 2
      vertex -18.2299 -23.6568 3.19
      vertex -18.2299 -23.6568 2
    endloop
  endfacet
  facet normal -0.980757 0.195234 0
    outer loop
      vertex -18.2299 -23.6568 3.19
      vertex -18.3193 -24.1059 2
      vertex -18.3193 -24.1059 3.19
    endloop
  endfacet
  facet normal 0.0653156 -0.997865 0
    outer loop
      vertex -22.1568 -19.7299 2
      vertex -21.7 -19.7 3.19
      vertex -22.1568 -19.7299 3.19
    endloop
  endfacet
  facet normal 0.0653156 -0.997865 0
    outer loop
      vertex -21.7 -19.7 3.19
      vertex -22.1568 -19.7299 2
      vertex -21.7 -19.7 2
    endloop
  endfacet
  facet normal -0.946966 0.321335 0
    outer loop
      vertex -18.4664 -24.5394 2
      vertex -18.3193 -24.1059 3.19
      vertex -18.3193 -24.1059 2
    endloop
  endfacet
  facet normal -0.946966 0.321335 0
    outer loop
      vertex -18.3193 -24.1059 3.19
      vertex -18.4664 -24.5394 2
      vertex -18.4664 -24.5394 3.19
    endloop
  endfacet
  facet normal -0.320092 -0.947386 0
    outer loop
      vertex -20.7941 -19.8193 2
      vertex -20.75 -19.8342 3.19
      vertex -20.7941 -19.8193 3.19
    endloop
  endfacet
  facet normal -0.320092 -0.947386 -0
    outer loop
      vertex -20.75 -19.8342 3.19
      vertex -20.7941 -19.8193 2
      vertex -20.75 -19.8342 2
    endloop
  endfacet
  facet normal 0.321335 -0.946966 0
    outer loop
      vertex -23.0394 -19.9664 2
      vertex -22.6059 -19.8193 3.19
      vertex -23.0394 -19.9664 3.19
    endloop
  endfacet
  facet normal 0.321335 -0.946966 0
    outer loop
      vertex -22.6059 -19.8193 3.19
      vertex -23.0394 -19.9664 2
      vertex -22.6059 -19.8193 2
    endloop
  endfacet
  facet normal -0.195234 -0.980757 0
    outer loop
      vertex -21.2432 -19.7299 2
      vertex -20.7941 -19.8193 3.19
      vertex -21.2432 -19.7299 3.19
    endloop
  endfacet
  facet normal -0.195234 -0.980757 -0
    outer loop
      vertex -20.7941 -19.8193 3.19
      vertex -21.2432 -19.7299 2
      vertex -20.7941 -19.8193 2
    endloop
  endfacet
  facet normal -0.997865 0.0653156 0
    outer loop
      vertex -18.2299 -23.6568 2
      vertex -18.2 -23.2 3.19
      vertex -18.2 -23.2 2
    endloop
  endfacet
  facet normal -0.997865 0.0653156 0
    outer loop
      vertex -18.2 -23.2 3.19
      vertex -18.2299 -23.6568 2
      vertex -18.2299 -23.6568 3.19
    endloop
  endfacet
  facet normal 0.195234 -0.980757 0
    outer loop
      vertex -22.6059 -19.8193 2
      vertex -22.1568 -19.7299 3.19
      vertex -22.6059 -19.8193 3.19
    endloop
  endfacet
  facet normal 0.195234 -0.980757 0
    outer loop
      vertex -22.1568 -19.7299 3.19
      vertex -22.6059 -19.8193 2
      vertex -22.1568 -19.7299 2
    endloop
  endfacet
  facet normal 0.442438 -0.896799 0
    outer loop
      vertex -23.25 -20.0703 2
      vertex -23.0394 -19.9664 3.19
      vertex -23.25 -20.0703 3.19
    endloop
  endfacet
  facet normal 0.442438 -0.896799 0
    outer loop
      vertex -23.0394 -19.9664 3.19
      vertex -23.25 -20.0703 2
      vertex -23.0394 -19.9664 2
    endloop
  endfacet
  facet normal -0.0653156 -0.997865 0
    outer loop
      vertex -21.7 -19.7 2
      vertex -21.2432 -19.7299 3.19
      vertex -21.7 -19.7 3.19
    endloop
  endfacet
  facet normal -0.0653156 -0.997865 -0
    outer loop
      vertex -21.2432 -19.7299 3.19
      vertex -21.7 -19.7 2
      vertex -21.2432 -19.7299 2
    endloop
  endfacet
  facet normal -0.980757 -0.195234 0
    outer loop
      vertex -18.2299 23.6568 2
      vertex -18.3193 24.1059 3.19
      vertex -18.3193 24.1059 2
    endloop
  endfacet
  facet normal -0.980757 -0.195234 0
    outer loop
      vertex -18.3193 24.1059 3.19
      vertex -18.2299 23.6568 2
      vertex -18.2299 23.6568 3.19
    endloop
  endfacet
  facet normal -0.997865 -0.0653156 0
    outer loop
      vertex -18.2 23.2 2
      vertex -18.2299 23.6568 3.19
      vertex -18.2299 23.6568 2
    endloop
  endfacet
  facet normal -0.997865 -0.0653156 0
    outer loop
      vertex -18.2299 23.6568 3.19
      vertex -18.2 23.2 2
      vertex -18.2 23.2 3.19
    endloop
  endfacet
  facet normal -0.946966 -0.321335 0
    outer loop
      vertex -18.3193 24.1059 2
      vertex -18.4664 24.5394 3.19
      vertex -18.4664 24.5394 2
    endloop
  endfacet
  facet normal -0.946966 -0.321335 0
    outer loop
      vertex -18.4664 24.5394 3.19
      vertex -18.3193 24.1059 2
      vertex -18.3193 24.1059 3.19
    endloop
  endfacet
  facet normal -0.195234 0.980757 0
    outer loop
      vertex -20.7941 19.8193 2
      vertex -21.2432 19.7299 3.19
      vertex -20.7941 19.8193 3.19
    endloop
  endfacet
  facet normal -0.195234 0.980757 0
    outer loop
      vertex -21.2432 19.7299 3.19
      vertex -20.7941 19.8193 2
      vertex -21.2432 19.7299 2
    endloop
  endfacet
  facet normal -0.947386 0.320092 0
    outer loop
      vertex -18.3342 22.25 2
      vertex -18.3193 22.2941 3.19
      vertex -18.3193 22.2941 2
    endloop
  endfacet
  facet normal -0.947386 0.320092 0
    outer loop
      vertex -18.3193 22.2941 3.19
      vertex -18.3342 22.25 2
      vertex -18.3342 22.25 3.19
    endloop
  endfacet
  facet normal -0.980757 0.195234 0
    outer loop
      vertex -18.3193 22.2941 2
      vertex -18.2299 22.7432 3.19
      vertex -18.2299 22.7432 2
    endloop
  endfacet
  facet normal -0.980757 0.195234 0
    outer loop
      vertex -18.2299 22.7432 3.19
      vertex -18.3193 22.2941 2
      vertex -18.3193 22.2941 3.19
    endloop
  endfacet
  facet normal -0.896799 -0.442438 0
    outer loop
      vertex -18.4664 24.5394 2
      vertex -18.5703 24.75 3.19
      vertex -18.5703 24.75 2
    endloop
  endfacet
  facet normal -0.896799 -0.442438 0
    outer loop
      vertex -18.5703 24.75 3.19
      vertex -18.4664 24.5394 2
      vertex -18.4664 24.5394 3.19
    endloop
  endfacet
  facet normal 0.321335 0.946966 -0
    outer loop
      vertex -22.6059 19.8193 2
      vertex -23.0394 19.9664 3.19
      vertex -22.6059 19.8193 3.19
    endloop
  endfacet
  facet normal 0.321335 0.946966 0
    outer loop
      vertex -23.0394 19.9664 3.19
      vertex -22.6059 19.8193 2
      vertex -23.0394 19.9664 2
    endloop
  endfacet
  facet normal -0.320092 0.947386 0
    outer loop
      vertex -20.75 19.8342 2
      vertex -20.7941 19.8193 3.19
      vertex -20.75 19.8342 3.19
    endloop
  endfacet
  facet normal -0.320092 0.947386 0
    outer loop
      vertex -20.7941 19.8193 3.19
      vertex -20.75 19.8342 2
      vertex -20.7941 19.8193 2
    endloop
  endfacet
  facet normal -0.997865 0.0653156 0
    outer loop
      vertex -18.2299 22.7432 2
      vertex -18.2 23.2 3.19
      vertex -18.2 23.2 2
    endloop
  endfacet
  facet normal -0.997865 0.0653156 0
    outer loop
      vertex -18.2 23.2 3.19
      vertex -18.2299 22.7432 2
      vertex -18.2299 22.7432 3.19
    endloop
  endfacet
  facet normal 0.195234 0.980757 -0
    outer loop
      vertex -22.1568 19.7299 2
      vertex -22.6059 19.8193 3.19
      vertex -22.1568 19.7299 3.19
    endloop
  endfacet
  facet normal 0.195234 0.980757 0
    outer loop
      vertex -22.6059 19.8193 3.19
      vertex -22.1568 19.7299 2
      vertex -22.6059 19.8193 2
    endloop
  endfacet
  facet normal 0.0653156 0.997865 -0
    outer loop
      vertex -21.7 19.7 2
      vertex -22.1568 19.7299 3.19
      vertex -21.7 19.7 3.19
    endloop
  endfacet
  facet normal 0.0653156 0.997865 0
    outer loop
      vertex -22.1568 19.7299 3.19
      vertex -21.7 19.7 2
      vertex -22.1568 19.7299 2
    endloop
  endfacet
  facet normal 0.442438 0.896799 -0
    outer loop
      vertex -23.0394 19.9664 2
      vertex -23.25 20.0703 3.19
      vertex -23.0394 19.9664 3.19
    endloop
  endfacet
  facet normal 0.442438 0.896799 0
    outer loop
      vertex -23.25 20.0703 3.19
      vertex -23.0394 19.9664 2
      vertex -23.25 20.0703 2
    endloop
  endfacet
  facet normal -0.0653156 0.997865 0
    outer loop
      vertex -21.2432 19.7299 2
      vertex -21.7 19.7 3.19
      vertex -21.2432 19.7299 3.19
    endloop
  endfacet
  facet normal -0.0653156 0.997865 0
    outer loop
      vertex -21.7 19.7 3.19
      vertex -21.2432 19.7299 2
      vertex -21.7 19.7 2
    endloop
  endfacet
  facet normal 0.946966 0.321335 0
    outer loop
      vertex 18.4664 -24.5394 3.19
      vertex 18.3193 -24.1059 2
      vertex 18.3193 -24.1059 3.19
    endloop
  endfacet
  facet normal 0.946966 0.321335 0
    outer loop
      vertex 18.3193 -24.1059 2
      vertex 18.4664 -24.5394 3.19
      vertex 18.4664 -24.5394 2
    endloop
  endfacet
  facet normal 0.320092 -0.947386 0
    outer loop
      vertex 20.75 -19.8342 2
      vertex 20.7941 -19.8193 3.19
      vertex 20.75 -19.8342 3.19
    endloop
  endfacet
  facet normal 0.320092 -0.947386 0
    outer loop
      vertex 20.7941 -19.8193 3.19
      vertex 20.75 -19.8342 2
      vertex 20.7941 -19.8193 2
    endloop
  endfacet
  facet normal 0.896799 0.442438 0
    outer loop
      vertex 18.5703 -24.75 3.19
      vertex 18.4664 -24.5394 2
      vertex 18.4664 -24.5394 3.19
    endloop
  endfacet
  facet normal 0.896799 0.442438 0
    outer loop
      vertex 18.4664 -24.5394 2
      vertex 18.5703 -24.75 3.19
      vertex 18.5703 -24.75 2
    endloop
  endfacet
  facet normal -0.321335 -0.946966 0
    outer loop
      vertex 22.6059 -19.8193 2
      vertex 23.0394 -19.9664 3.19
      vertex 22.6059 -19.8193 3.19
    endloop
  endfacet
  facet normal -0.321335 -0.946966 -0
    outer loop
      vertex 23.0394 -19.9664 3.19
      vertex 22.6059 -19.8193 2
      vertex 23.0394 -19.9664 2
    endloop
  endfacet
  facet normal 0.997865 -0.0653156 0
    outer loop
      vertex 18.2 -23.2 3.19
      vertex 18.2299 -22.7432 2
      vertex 18.2299 -22.7432 3.19
    endloop
  endfacet
  facet normal 0.997865 -0.0653156 0
    outer loop
      vertex 18.2299 -22.7432 2
      vertex 18.2 -23.2 3.19
      vertex 18.2 -23.2 2
    endloop
  endfacet
  facet normal 0.0653156 -0.997865 0
    outer loop
      vertex 21.2432 -19.7299 2
      vertex 21.7 -19.7 3.19
      vertex 21.2432 -19.7299 3.19
    endloop
  endfacet
  facet normal 0.0653156 -0.997865 0
    outer loop
      vertex 21.7 -19.7 3.19
      vertex 21.2432 -19.7299 2
      vertex 21.7 -19.7 2
    endloop
  endfacet
  facet normal -0.442438 -0.896799 0
    outer loop
      vertex 23.0394 -19.9664 2
      vertex 23.25 -20.0703 3.19
      vertex 23.0394 -19.9664 3.19
    endloop
  endfacet
  facet normal -0.442438 -0.896799 -0
    outer loop
      vertex 23.25 -20.0703 3.19
      vertex 23.0394 -19.9664 2
      vertex 23.25 -20.0703 2
    endloop
  endfacet
  facet normal 0.980757 -0.195234 0
    outer loop
      vertex 18.2299 -22.7432 3.19
      vertex 18.3193 -22.2941 2
      vertex 18.3193 -22.2941 3.19
    endloop
  endfacet
  facet normal 0.980757 -0.195234 0
    outer loop
      vertex 18.3193 -22.2941 2
      vertex 18.2299 -22.7432 3.19
      vertex 18.2299 -22.7432 2
    endloop
  endfacet
  facet normal -0.0653156 -0.997865 0
    outer loop
      vertex 21.7 -19.7 2
      vertex 22.1568 -19.7299 3.19
      vertex 21.7 -19.7 3.19
    endloop
  endfacet
  facet normal -0.0653156 -0.997865 -0
    outer loop
      vertex 22.1568 -19.7299 3.19
      vertex 21.7 -19.7 2
      vertex 22.1568 -19.7299 2
    endloop
  endfacet
  facet normal 0.947386 -0.320092 0
    outer loop
      vertex 18.3193 -22.2941 3.19
      vertex 18.3342 -22.25 2
      vertex 18.3342 -22.25 3.19
    endloop
  endfacet
  facet normal 0.947386 -0.320092 0
    outer loop
      vertex 18.3342 -22.25 2
      vertex 18.3193 -22.2941 3.19
      vertex 18.3193 -22.2941 2
    endloop
  endfacet
  facet normal 0.980757 0.195234 0
    outer loop
      vertex 18.3193 -24.1059 3.19
      vertex 18.2299 -23.6568 2
      vertex 18.2299 -23.6568 3.19
    endloop
  endfacet
  facet normal 0.980757 0.195234 0
    outer loop
      vertex 18.2299 -23.6568 2
      vertex 18.3193 -24.1059 3.19
      vertex 18.3193 -24.1059 2
    endloop
  endfacet
  facet normal 0.997865 0.0653156 0
    outer loop
      vertex 18.2299 -23.6568 3.19
      vertex 18.2 -23.2 2
      vertex 18.2 -23.2 3.19
    endloop
  endfacet
  facet normal 0.997865 0.0653156 0
    outer loop
      vertex 18.2 -23.2 2
      vertex 18.2299 -23.6568 3.19
      vertex 18.2299 -23.6568 2
    endloop
  endfacet
  facet normal -0.195234 -0.980757 0
    outer loop
      vertex 22.1568 -19.7299 2
      vertex 22.6059 -19.8193 3.19
      vertex 22.1568 -19.7299 3.19
    endloop
  endfacet
  facet normal -0.195234 -0.980757 -0
    outer loop
      vertex 22.6059 -19.8193 3.19
      vertex 22.1568 -19.7299 2
      vertex 22.6059 -19.8193 2
    endloop
  endfacet
  facet normal 0.195234 -0.980757 0
    outer loop
      vertex 20.7941 -19.8193 2
      vertex 21.2432 -19.7299 3.19
      vertex 20.7941 -19.8193 3.19
    endloop
  endfacet
  facet normal 0.195234 -0.980757 0
    outer loop
      vertex 21.2432 -19.7299 3.19
      vertex 20.7941 -19.8193 2
      vertex 21.2432 -19.7299 2
    endloop
  endfacet
  facet normal -0.195234 0.980757 0
    outer loop
      vertex 22.6059 19.8193 2
      vertex 22.1568 19.7299 3.19
      vertex 22.6059 19.8193 3.19
    endloop
  endfacet
  facet normal -0.195234 0.980757 0
    outer loop
      vertex 22.1568 19.7299 3.19
      vertex 22.6059 19.8193 2
      vertex 22.1568 19.7299 2
    endloop
  endfacet
  facet normal 0.320092 0.947386 -0
    outer loop
      vertex 20.7941 19.8193 2
      vertex 20.75 19.8342 3.19
      vertex 20.7941 19.8193 3.19
    endloop
  endfacet
  facet normal 0.320092 0.947386 0
    outer loop
      vertex 20.75 19.8342 3.19
      vertex 20.7941 19.8193 2
      vertex 20.75 19.8342 2
    endloop
  endfacet
  facet normal 0.947386 0.320092 0
    outer loop
      vertex 18.3342 22.25 3.19
      vertex 18.3193 22.2941 2
      vertex 18.3193 22.2941 3.19
    endloop
  endfacet
  facet normal 0.947386 0.320092 0
    outer loop
      vertex 18.3193 22.2941 2
      vertex 18.3342 22.25 3.19
      vertex 18.3342 22.25 2
    endloop
  endfacet
  facet normal 0.980757 0.195234 0
    outer loop
      vertex 18.3193 22.2941 3.19
      vertex 18.2299 22.7432 2
      vertex 18.2299 22.7432 3.19
    endloop
  endfacet
  facet normal 0.980757 0.195234 0
    outer loop
      vertex 18.2299 22.7432 2
      vertex 18.3193 22.2941 3.19
      vertex 18.3193 22.2941 2
    endloop
  endfacet
  facet normal 0.980757 -0.195234 0
    outer loop
      vertex 18.2299 23.6568 3.19
      vertex 18.3193 24.1059 2
      vertex 18.3193 24.1059 3.19
    endloop
  endfacet
  facet normal 0.980757 -0.195234 0
    outer loop
      vertex 18.3193 24.1059 2
      vertex 18.2299 23.6568 3.19
      vertex 18.2299 23.6568 2
    endloop
  endfacet
  facet normal 0.997865 0.0653156 0
    outer loop
      vertex 18.2299 22.7432 3.19
      vertex 18.2 23.2 2
      vertex 18.2 23.2 3.19
    endloop
  endfacet
  facet normal 0.997865 0.0653156 0
    outer loop
      vertex 18.2 23.2 2
      vertex 18.2299 22.7432 3.19
      vertex 18.2299 22.7432 2
    endloop
  endfacet
  facet normal -0.321335 0.946966 0
    outer loop
      vertex 23.0394 19.9664 2
      vertex 22.6059 19.8193 3.19
      vertex 23.0394 19.9664 3.19
    endloop
  endfacet
  facet normal -0.321335 0.946966 0
    outer loop
      vertex 22.6059 19.8193 3.19
      vertex 23.0394 19.9664 2
      vertex 22.6059 19.8193 2
    endloop
  endfacet
  facet normal -0.442438 0.896799 0
    outer loop
      vertex 23.25 20.0703 2
      vertex 23.0394 19.9664 3.19
      vertex 23.25 20.0703 3.19
    endloop
  endfacet
  facet normal -0.442438 0.896799 0
    outer loop
      vertex 23.0394 19.9664 3.19
      vertex 23.25 20.0703 2
      vertex 23.0394 19.9664 2
    endloop
  endfacet
  facet normal 0.997865 -0.0653156 0
    outer loop
      vertex 18.2 23.2 3.19
      vertex 18.2299 23.6568 2
      vertex 18.2299 23.6568 3.19
    endloop
  endfacet
  facet normal 0.997865 -0.0653156 0
    outer loop
      vertex 18.2299 23.6568 2
      vertex 18.2 23.2 3.19
      vertex 18.2 23.2 2
    endloop
  endfacet
  facet normal -0.0653156 0.997865 0
    outer loop
      vertex 22.1568 19.7299 2
      vertex 21.7 19.7 3.19
      vertex 22.1568 19.7299 3.19
    endloop
  endfacet
  facet normal -0.0653156 0.997865 0
    outer loop
      vertex 21.7 19.7 3.19
      vertex 22.1568 19.7299 2
      vertex 21.7 19.7 2
    endloop
  endfacet
  facet normal 0.195234 0.980757 -0
    outer loop
      vertex 21.2432 19.7299 2
      vertex 20.7941 19.8193 3.19
      vertex 21.2432 19.7299 3.19
    endloop
  endfacet
  facet normal 0.195234 0.980757 0
    outer loop
      vertex 20.7941 19.8193 3.19
      vertex 21.2432 19.7299 2
      vertex 20.7941 19.8193 2
    endloop
  endfacet
  facet normal 0.946966 -0.321335 0
    outer loop
      vertex 18.3193 24.1059 3.19
      vertex 18.4664 24.5394 2
      vertex 18.4664 24.5394 3.19
    endloop
  endfacet
  facet normal 0.946966 -0.321335 0
    outer loop
      vertex 18.4664 24.5394 2
      vertex 18.3193 24.1059 3.19
      vertex 18.3193 24.1059 2
    endloop
  endfacet
  facet normal 0.896799 -0.442438 0
    outer loop
      vertex 18.4664 24.5394 3.19
      vertex 18.5703 24.75 2
      vertex 18.5703 24.75 3.19
    endloop
  endfacet
  facet normal 0.896799 -0.442438 0
    outer loop
      vertex 18.5703 24.75 2
      vertex 18.4664 24.5394 3.19
      vertex 18.4664 24.5394 2
    endloop
  endfacet
  facet normal 0.0653156 0.997865 -0
    outer loop
      vertex 21.7 19.7 2
      vertex 21.2432 19.7299 3.19
      vertex 21.7 19.7 3.19
    endloop
  endfacet
  facet normal 0.0653156 0.997865 0
    outer loop
      vertex 21.2432 19.7299 3.19
      vertex 21.7 19.7 2
      vertex 21.2432 19.7299 2
    endloop
  endfacet
  facet normal -1 0 0
    outer loop
      vertex -23.25 -20.0703 2
      vertex -23.25 20.0703 3.19
      vertex -23.25 20.0703 2
    endloop
  endfacet
  facet normal -1 -0 0
    outer loop
      vertex -23.25 20.0703 3.19
      vertex -23.25 -20.0703 2
      vertex -23.25 -20.0703 3.19
    endloop
  endfacet
  facet normal 0 -1 0
    outer loop
      vertex -18.5703 -24.75 2
      vertex 18.5703 -24.75 3.19
      vertex -18.5703 -24.75 3.19
    endloop
  endfacet
  facet normal 0 -1 -0
    outer loop
      vertex 18.5703 -24.75 3.19
      vertex -18.5703 -24.75 2
      vertex 18.5703 -24.75 2
    endloop
  endfacet
  facet normal 0 1 0
    outer loop
      vertex 18.5703 24.75 3.19
      vertex 15.2 24.75 2
      vertex 15.2 24.75 3.19
    endloop
  endfacet
  facet normal 0 0 0
    outer loop
      vertex 15.2 24.75 2
      vertex -7.2 24.75 2
      vertex 7.2 24.75 2
    endloop
  endfacet
  facet normal 0 0 0
    outer loop
      vertex 15.2 24.75 2
      vertex -15.2 24.75 2
      vertex -7.2 24.75 2
    endloop
  endfacet
  facet normal 0 -0 0
    outer loop
      vertex 15.2 24.75 2
      vertex 18.5703 24.75 2
      vertex -15.2 24.75 2
    endloop
  endfacet
  facet normal 0 1 -0
    outer loop
      vertex 18.5703 24.75 2
      vertex 15.2 24.75 2
      vertex 18.5703 24.75 3.19
    endloop
  endfacet
  facet normal 0 1 -0
    outer loop
      vertex 7.2 24.75 2
      vertex -7.2 24.75 3.19
      vertex 7.2 24.75 3.19
    endloop
  endfacet
  facet normal 0 1 0
    outer loop
      vertex -7.2 24.75 3.19
      vertex 7.2 24.75 2
      vertex -7.2 24.75 2
    endloop
  endfacet
  facet normal 0 1 -0
    outer loop
      vertex -15.2 24.75 2
      vertex -18.5703 24.75 3.19
      vertex -15.2 24.75 3.19
    endloop
  endfacet
  facet normal 0 1 0
    outer loop
      vertex -15.2 24.75 2
      vertex -18.5703 24.75 2
      vertex -18.5703 24.75 3.19
    endloop
  endfacet
  facet normal 0 0 0
    outer loop
      vertex -18.5703 24.75 2
      vertex -15.2 24.75 2
      vertex 18.5703 24.75 2
    endloop
  endfacet
  facet normal 1 -0 0
    outer loop
      vertex 23.25 -20.0703 3.19
      vertex 23.25 20.0703 2
      vertex 23.25 20.0703 3.19
    endloop
  endfacet
  facet normal 1 0 0
    outer loop
      vertex 23.25 20.0703 2
      vertex 23.25 -20.0703 3.19
      vertex 23.25 -20.0703 2
    endloop
  endfacet
  facet normal -0 0 1
    outer loop
      vertex -20.7941 19.8193 3.19
      vertex -20.75 -19.8342 3.19
      vertex -20.75 19.8342 3.19
    endloop
  endfacet
  facet normal 0 0 1
    outer loop
      vertex -20.7941 19.8193 3.19
      vertex -20.7941 -19.8193 3.19
      vertex -20.75 -19.8342 3.19
    endloop
  endfacet
  facet normal -0 0 1
    outer loop
      vertex -21.2432 19.7299 3.19
      vertex -20.7941 -19.8193 3.19
      vertex -20.7941 19.8193 3.19
    endloop
  endfacet
  facet normal 0 0 1
    outer loop
      vertex -21.2432 19.7299 3.19
      vertex -21.2432 -19.7299 3.19
      vertex -20.7941 -19.8193 3.19
    endloop
  endfacet
  facet normal -0 0 1
    outer loop
      vertex -21.7 19.7 3.19
      vertex -21.2432 -19.7299 3.19
      vertex -21.2432 19.7299 3.19
    endloop
  endfacet
  facet normal 0 0 1
    outer loop
      vertex -21.7 19.7 3.19
      vertex -21.7 -19.7 3.19
      vertex -21.2432 -19.7299 3.19
    endloop
  endfacet
  facet normal 0 0 1
    outer loop
      vertex -22.1568 19.7299 3.19
      vertex -21.7 -19.7 3.19
      vertex -21.7 19.7 3.19
    endloop
  endfacet
  facet normal 0 0 1
    outer loop
      vertex -22.1568 19.7299 3.19
      vertex -22.1568 -19.7299 3.19
      vertex -21.7 -19.7 3.19
    endloop
  endfacet
  facet normal 0 0 1
    outer loop
      vertex -22.6059 19.8193 3.19
      vertex -22.1568 -19.7299 3.19
      vertex -22.1568 19.7299 3.19
    endloop
  endfacet
  facet normal 0 0 1
    outer loop
      vertex -22.6059 19.8193 3.19
      vertex -22.6059 -19.8193 3.19
      vertex -22.1568 -19.7299 3.19
    endloop
  endfacet
  facet normal 0 0 1
    outer loop
      vertex -23.0394 19.9664 3.19
      vertex -22.6059 -19.8193 3.19
      vertex -22.6059 19.8193 3.19
    endloop
  endfacet
  facet normal 0 0 1
    outer loop
      vertex -23.0394 19.9664 3.19
      vertex -23.0394 -19.9664 3.19
      vertex -22.6059 -19.8193 3.19
    endloop
  endfacet
  facet normal 0 0 1
    outer loop
      vertex -23.25 20.0703 3.19
      vertex -23.0394 -19.9664 3.19
      vertex -23.0394 19.9664 3.19
    endloop
  endfacet
  facet normal 0 0 1
    outer loop
      vertex -23.0394 -19.9664 3.19
      vertex -23.25 20.0703 3.19
      vertex -23.25 -20.0703 3.19
    endloop
  endfacet
  facet normal 0 0 1
    outer loop
      vertex -15.2 24.75 3.19
      vertex -18.2 23.2 3.19
      vertex -15.2 22.25 3.19
    endloop
  endfacet
  facet normal 0 0 1
    outer loop
      vertex -15.2 24.75 3.19
      vertex -18.2299 23.6568 3.19
      vertex -18.2 23.2 3.19
    endloop
  endfacet
  facet normal 0 0 1
    outer loop
      vertex -15.2 24.75 3.19
      vertex -18.3193 24.1059 3.19
      vertex -18.2299 23.6568 3.19
    endloop
  endfacet
  facet normal 0 0 1
    outer loop
      vertex -15.2 24.75 3.19
      vertex -18.4664 24.5394 3.19
      vertex -18.3193 24.1059 3.19
    endloop
  endfacet
  facet normal 0 -0 1
    outer loop
      vertex -18.4664 24.5394 3.19
      vertex -15.2 24.75 3.19
      vertex -18.5703 24.75 3.19
    endloop
  endfacet
  facet normal -0 0 1
    outer loop
      vertex -18.2299 22.7432 3.19
      vertex -15.2 22.25 3.19
      vertex -18.2 23.2 3.19
    endloop
  endfacet
  facet normal -0 0 1
    outer loop
      vertex -18.3193 22.2941 3.19
      vertex -15.2 22.25 3.19
      vertex -18.2299 22.7432 3.19
    endloop
  endfacet
  facet normal 0 0 1
    outer loop
      vertex -15.2 22.25 3.19
      vertex -18.3193 22.2941 3.19
      vertex -18.3342 22.25 3.19
    endloop
  endfacet
  facet normal 0 0 1
    outer loop
      vertex 18.2299 23.6568 3.19
      vertex 15.2 24.75 3.19
      vertex 18.2 23.2 3.19
    endloop
  endfacet
  facet normal 0 0 1
    outer loop
      vertex 18.3193 24.1059 3.19
      vertex 15.2 24.75 3.19
      vertex 18.2299 23.6568 3.19
    endloop
  endfacet
  facet normal 0 0 1
    outer loop
      vertex 18.4664 24.5394 3.19
      vertex 15.2 24.75 3.19
      vertex 18.3193 24.1059 3.19
    endloop
  endfacet
  facet normal -0 0 1
    outer loop
      vertex 15.2 24.75 3.19
      vertex 18.4664 24.5394 3.19
      vertex 18.5703 24.75 3.19
    endloop
  endfacet
  facet normal 0 0 1
    outer loop
      vertex 15.2 22.25 3.19
      vertex 18.2 23.2 3.19
      vertex 15.2 24.75 3.19
    endloop
  endfacet
  facet normal 0 0 1
    outer loop
      vertex 18.2 23.2 3.19
      vertex 15.2 22.25 3.19
      vertex 18.2299 22.7432 3.19
    endloop
  endfacet
  facet normal 0 0 1
    outer loop
      vertex 18.2299 22.7432 3.19
      vertex 15.2 22.25 3.19
      vertex 18.3193 22.2941 3.19
    endloop
  endfacet
  facet normal 0 0 1
    outer loop
      vertex 18.3193 22.2941 3.19
      vertex 15.2 22.25 3.19
      vertex 18.3342 22.25 3.19
    endloop
  endfacet
  facet normal 0 0 1
    outer loop
      vertex 18.2299 -22.7432 3.19
      vertex -18.2 -23.2 3.19
      vertex 18.2 -23.2 3.19
    endloop
  endfacet
  facet normal 0 0 1
    outer loop
      vertex -18.2299 -22.7432 3.19
      vertex 18.2299 -22.7432 3.19
      vertex 18.3193 -22.2941 3.19
    endloop
  endfacet
  facet normal 0 0 1
    outer loop
      vertex -18.3193 -22.2941 3.19
      vertex 18.3193 -22.2941 3.19
      vertex 18.3342 -22.25 3.19
    endloop
  endfacet
  facet normal 0 0 1
    outer loop
      vertex 18.2299 -22.7432 3.19
      vertex -18.2299 -22.7432 3.19
      vertex -18.2 -23.2 3.19
    endloop
  endfacet
  facet normal 0 0 1
    outer loop
      vertex 18.3193 -22.2941 3.19
      vertex -18.3193 -22.2941 3.19
      vertex -18.2299 -22.7432 3.19
    endloop
  endfacet
  facet normal 0 -0 1
    outer loop
      vertex -18.3193 -22.2941 3.19
      vertex 18.3342 -22.25 3.19
      vertex -18.3342 -22.25 3.19
    endloop
  endfacet
  facet normal -0 0 1
    outer loop
      vertex -18.2 -23.2 3.19
      vertex 18.2299 -23.6568 3.19
      vertex 18.2 -23.2 3.19
    endloop
  endfacet
  facet normal 0 0 1
    outer loop
      vertex -18.2299 -23.6568 3.19
      vertex 18.2299 -23.6568 3.19
      vertex -18.2 -23.2 3.19
    endloop
  endfacet
  facet normal 0 0 1
    outer loop
      vertex 18.2299 -23.6568 3.19
      vertex -18.2299 -23.6568 3.19
      vertex 18.3193 -24.1059 3.19
    endloop
  endfacet
  facet normal 0 0 1
    outer loop
      vertex -18.3193 -24.1059 3.19
      vertex 18.3193 -24.1059 3.19
      vertex -18.2299 -23.6568 3.19
    endloop
  endfacet
  facet normal 0 0 1
    outer loop
      vertex 18.3193 -24.1059 3.19
      vertex -18.3193 -24.1059 3.19
      vertex 18.4664 -24.5394 3.19
    endloop
  endfacet
  facet normal 0 0 1
    outer loop
      vertex -18.4664 -24.5394 3.19
      vertex 18.4664 -24.5394 3.19
      vertex -18.3193 -24.1059 3.19
    endloop
  endfacet
  facet normal 0 0 1
    outer loop
      vertex 18.4664 -24.5394 3.19
      vertex -18.4664 -24.5394 3.19
      vertex 18.5703 -24.75 3.19
    endloop
  endfacet
  facet normal 0 0 1
    outer loop
      vertex 18.5703 -24.75 3.19
      vertex -18.4664 -24.5394 3.19
      vertex -18.5703 -24.75 3.19
    endloop
  endfacet
  facet normal -0 0 1
    outer loop
      vertex 23.0394 19.9664 3.19
      vertex 23.25 -20.0703 3.19
      vertex 23.25 20.0703 3.19
    endloop
  endfacet
  facet normal 0 0 1
    outer loop
      vertex 23.0394 19.9664 3.19
      vertex 23.0394 -19.9664 3.19
      vertex 23.25 -20.0703 3.19
    endloop
  endfacet
  facet normal -0 0 1
    outer loop
      vertex 22.6059 19.8193 3.19
      vertex 23.0394 -19.9664 3.19
      vertex 23.0394 19.9664 3.19
    endloop
  endfacet
  facet normal 0 0 1
    outer loop
      vertex 22.6059 19.8193 3.19
      vertex 22.6059 -19.8193 3.19
      vertex 23.0394 -19.9664 3.19
    endloop
  endfacet
  facet normal -0 0 1
    outer loop
      vertex 22.1568 19.7299 3.19
      vertex 22.6059 -19.8193 3.19
      vertex 22.6059 19.8193 3.19
    endloop
  endfacet
  facet normal 0 0 1
    outer loop
      vertex 22.1568 19.7299 3.19
      vertex 22.1568 -19.7299 3.19
      vertex 22.6059 -19.8193 3.19
    endloop
  endfacet
  facet normal -0 0 1
    outer loop
      vertex 21.7 19.7 3.19
      vertex 22.1568 -19.7299 3.19
      vertex 22.1568 19.7299 3.19
    endloop
  endfacet
  facet normal 0 0 1
    outer loop
      vertex 21.7 19.7 3.19
      vertex 21.7 -19.7 3.19
      vertex 22.1568 -19.7299 3.19
    endloop
  endfacet
  facet normal 0 0 1
    outer loop
      vertex 21.2432 19.7299 3.19
      vertex 21.7 -19.7 3.19
      vertex 21.7 19.7 3.19
    endloop
  endfacet
  facet normal 0 0 1
    outer loop
      vertex 21.2432 19.7299 3.19
      vertex 21.2432 -19.7299 3.19
      vertex 21.7 -19.7 3.19
    endloop
  endfacet
  facet normal 0 0 1
    outer loop
      vertex 20.7941 19.8193 3.19
      vertex 21.2432 -19.7299 3.19
      vertex 21.2432 19.7299 3.19
    endloop
  endfacet
  facet normal 0 0 1
    outer loop
      vertex 20.7941 19.8193 3.19
      vertex 20.7941 -19.8193 3.19
      vertex 21.2432 -19.7299 3.19
    endloop
  endfacet
  facet normal 0 0 1
    outer loop
      vertex 20.75 19.8342 3.19
      vertex 20.7941 -19.8193 3.19
      vertex 20.7941 19.8193 3.19
    endloop
  endfacet
  facet normal 0 0 1
    outer loop
      vertex 20.7941 -19.8193 3.19
      vertex 20.75 19.8342 3.19
      vertex 20.75 -19.8342 3.19
    endloop
  endfacet
  facet normal 0 0 1
    outer loop
      vertex 7.2 24.75 3.19
      vertex -7.2 24.75 3.19
      vertex 7.2 23.4 3.19
    endloop
  endfacet
  facet normal -0 0 1
    outer loop
      vertex 7.2 23.4 3.19
      vertex 13.4 22.25 3.19
      vertex 13.4 23.4 3.19
    endloop
  endfacet
  facet normal 0 0 1
    outer loop
      vertex -7.2 23.4 3.19
      vertex 7.2 23.4 3.19
      vertex -7.2 24.75 3.19
    endloop
  endfacet
  facet normal 0 0 1
    outer loop
      vertex 7.2 23.4 3.19
      vertex -7.2 23.4 3.19
      vertex 13.4 22.25 3.19
    endloop
  endfacet
  facet normal 0 0 1
    outer loop
      vertex -13.4 22.25 3.19
      vertex -7.2 23.4 3.19
      vertex -13.4 23.4 3.19
    endloop
  endfacet
  facet normal 0 0 1
    outer loop
      vertex -7.2 23.4 3.19
      vertex -13.4 22.25 3.19
      vertex 13.4 22.25 3.19
    endloop
  endfacet
  facet normal 1 -0 0
    outer loop
      vertex -20.75 -19.8342 3.19
      vertex -20.75 19.8342 2
      vertex -20.75 19.8342 3.19
    endloop
  endfacet
  facet normal 1 0 0
    outer loop
      vertex -20.75 19.8342 2
      vertex -20.75 -19.8342 3.19
      vertex -20.75 -19.8342 2
    endloop
  endfacet
  facet normal -1 0 0
    outer loop
      vertex 20.75 -19.8342 2
      vertex 20.75 19.8342 3.19
      vertex 20.75 19.8342 2
    endloop
  endfacet
  facet normal -1 -0 0
    outer loop
      vertex 20.75 19.8342 3.19
      vertex 20.75 -19.8342 2
      vertex 20.75 -19.8342 3.19
    endloop
  endfacet
  facet normal 0 1 -0
    outer loop
      vertex 18.3342 -22.25 2
      vertex -18.3342 -22.25 3.19
      vertex 18.3342 -22.25 3.19
    endloop
  endfacet
  facet normal 0 1 0
    outer loop
      vertex -18.3342 -22.25 3.19
      vertex 18.3342 -22.25 2
      vertex -18.3342 -22.25 2
    endloop
  endfacet
  facet normal 0 -1 0
    outer loop
      vertex -18.3342 22.25 3.19
      vertex -15.2 22.25 2
      vertex -15.2 22.25 3.19
    endloop
  endfacet
  facet normal 0 0 0
    outer loop
      vertex -15.2 22.25 2
      vertex 13.4 22.25 2
      vertex -13.4 22.25 2
    endloop
  endfacet
  facet normal 0 0 0
    outer loop
      vertex -15.2 22.25 2
      vertex 15.2 22.25 2
      vertex 13.4 22.25 2
    endloop
  endfacet
  facet normal 0 0 -0
    outer loop
      vertex -15.2 22.25 2
      vertex -18.3342 22.25 2
      vertex 15.2 22.25 2
    endloop
  endfacet
  facet normal 0 -1 0
    outer loop
      vertex -18.3342 22.25 2
      vertex -15.2 22.25 2
      vertex -18.3342 22.25 3.19
    endloop
  endfacet
  facet normal 0 -1 0
    outer loop
      vertex -13.4 22.25 2
      vertex 13.4 22.25 3.19
      vertex -13.4 22.25 3.19
    endloop
  endfacet
  facet normal 0 -1 -0
    outer loop
      vertex 13.4 22.25 3.19
      vertex -13.4 22.25 2
      vertex 13.4 22.25 2
    endloop
  endfacet
  facet normal 0 -1 0
    outer loop
      vertex 15.2 22.25 2
      vertex 18.3342 22.25 3.19
      vertex 15.2 22.25 3.19
    endloop
  endfacet
  facet normal 0 -1 0
    outer loop
      vertex 15.2 22.25 2
      vertex 18.3342 22.25 2
      vertex 18.3342 22.25 3.19
    endloop
  endfacet
  facet normal 0 0 0
    outer loop
      vertex 18.3342 22.25 2
      vertex 15.2 22.25 2
      vertex -18.3342 22.25 2
    endloop
  endfacet
  facet normal 1 -0 0
    outer loop
      vertex -13.4 -11.9 6.8
      vertex -13.4 -5.7 2
      vertex -13.4 -5.7 6.8
    endloop
  endfacet
  facet normal 1 0 0
    outer loop
      vertex -13.4 -5.7 2
      vertex -13.4 -11.9 6.8
      vertex -13.4 -11.9 2
    endloop
  endfacet
  facet normal 0 0 1
    outer loop
      vertex -13.4 -5.7 6.8
      vertex -15.2 -5.7 6.8
      vertex -13.4 -11.9 6.8
    endloop
  endfacet
  facet normal -0 0 1
    outer loop
      vertex -13.4 -11.9 6.8
      vertex -7.2 -13.7 6.8
      vertex -7.2 -11.9 6.8
    endloop
  endfacet
  facet normal 0 0 1
    outer loop
      vertex -13.4 -11.9 6.8
      vertex -15.2 -13.7 6.8
      vertex -7.2 -13.7 6.8
    endloop
  endfacet
  facet normal 0 0 1
    outer loop
      vertex -15.2 -13.7 6.8
      vertex -13.4 -11.9 6.8
      vertex -15.2 -5.7 6.8
    endloop
  endfacet
  facet normal 0 0 -1
    outer loop
      vertex -7.2 -13.7 2
      vertex -13.4 -11.9 2
      vertex -7.2 -11.9 2
    endloop
  endfacet
  facet normal 0 0 -1
    outer loop
      vertex -15.2 -13.7 2
      vertex -13.4 -11.9 2
      vertex -7.2 -13.7 2
    endloop
  endfacet
  facet normal 0 0 -1
    outer loop
      vertex -15.2 -5.7 2
      vertex -13.4 -11.9 2
      vertex -15.2 -13.7 2
    endloop
  endfacet
  facet normal 0 0 -1
    outer loop
      vertex -13.4 -11.9 2
      vertex -15.2 -5.7 2
      vertex -13.4 -5.7 2
    endloop
  endfacet
  facet normal -1 0 0
    outer loop
      vertex -15.2 -13.7 2
      vertex -15.2 -5.7 6.8
      vertex -15.2 -5.7 2
    endloop
  endfacet
  facet normal -1 -0 0
    outer loop
      vertex -15.2 -5.7 6.8
      vertex -15.2 -13.7 2
      vertex -15.2 -13.7 6.8
    endloop
  endfacet
  facet normal 0 1 -0
    outer loop
      vertex -13.4 -5.7 2
      vertex -15.2 -5.7 6.8
      vertex -13.4 -5.7 6.8
    endloop
  endfacet
  facet normal 0 1 0
    outer loop
      vertex -15.2 -5.7 6.8
      vertex -13.4 -5.7 2
      vertex -15.2 -5.7 2
    endloop
  endfacet
  facet normal 0 -1 0
    outer loop
      vertex -15.2 -13.7 2
      vertex -7.2 -13.7 6.8
      vertex -15.2 -13.7 6.8
    endloop
  endfacet
  facet normal 0 -1 -0
    outer loop
      vertex -7.2 -13.7 6.8
      vertex -15.2 -13.7 2
      vertex -7.2 -13.7 2
    endloop
  endfacet
  facet normal 1 -0 0
    outer loop
      vertex -7.2 -13.7 6.8
      vertex -7.2 -11.9 2
      vertex -7.2 -11.9 6.8
    endloop
  endfacet
  facet normal 1 0 0
    outer loop
      vertex -7.2 -11.9 2
      vertex -7.2 -13.7 6.8
      vertex -7.2 -13.7 2
    endloop
  endfacet
  facet normal 0 1 -0
    outer loop
      vertex -7.2 -11.9 2
      vertex -13.4 -11.9 6.8
      vertex -7.2 -11.9 6.8
    endloop
  endfacet
  facet normal 0 1 0
    outer loop
      vertex -13.4 -11.9 6.8
      vertex -7.2 -11.9 2
      vertex -13.4 -11.9 2
    endloop
  endfacet
  facet normal 1 0 0
    outer loop
      vertex -13.4 23.4 6.8
      vertex -13.4 22.25 3.19
      vertex -13.4 23.4 3.19
    endloop
  endfacet
  facet normal 1 -0 0
    outer loop
      vertex -13.4 17.2 6.8
      vertex -13.4 22.25 3.19
      vertex -13.4 23.4 6.8
    endloop
  endfacet
  facet normal 1 0 0
    outer loop
      vertex -13.4 17.2 2
      vertex -13.4 22.25 3.19
      vertex -13.4 17.2 6.8
    endloop
  endfacet
  facet normal 1 0 0
    outer loop
      vertex -13.4 22.25 3.19
      vertex -13.4 17.2 2
      vertex -13.4 22.25 2
    endloop
  endfacet
  facet normal 0 0 1
    outer loop
      vertex -7.2 25.2 6.8
      vertex -13.4 23.4 6.8
      vertex -7.2 23.4 6.8
    endloop
  endfacet
  facet normal -0 0 1
    outer loop
      vertex -15.2 25.2 6.8
      vertex -13.4 23.4 6.8
      vertex -7.2 25.2 6.8
    endloop
  endfacet
  facet normal 0 0 1
    outer loop
      vertex -15.2 17.2 6.8
      vertex -13.4 23.4 6.8
      vertex -15.2 25.2 6.8
    endloop
  endfacet
  facet normal 0 0 1
    outer loop
      vertex -13.4 23.4 6.8
      vertex -15.2 17.2 6.8
      vertex -13.4 17.2 6.8
    endloop
  endfacet
  facet normal 0 0 -1
    outer loop
      vertex -15.2 17.2 2
      vertex -13.4 22.25 2
      vertex -13.4 17.2 2
    endloop
  endfacet
  facet normal -0 0 -1
    outer loop
      vertex -13.4 22.25 2
      vertex -15.2 17.2 2
      vertex -15.2 22.25 2
    endloop
  endfacet
  facet normal 0 0 -1
    outer loop
      vertex -15.2 24.75 2
      vertex -7.2 25.2 2
      vertex -7.2 24.75 2
    endloop
  endfacet
  facet normal -0 0 -1
    outer loop
      vertex -7.2 25.2 2
      vertex -15.2 24.75 2
      vertex -15.2 25.2 2
    endloop
  endfacet
  facet normal -1 0 0
    outer loop
      vertex -15.2 22.25 2
      vertex -15.2 17.2 2
      vertex -15.2 22.25 3.19
    endloop
  endfacet
  facet normal -1 0 0
    outer loop
      vertex -15.2 24.75 3.19
      vertex -15.2 25.2 2
      vertex -15.2 24.75 2
    endloop
  endfacet
  facet normal -1 0 0
    outer loop
      vertex -15.2 25.2 2
      vertex -15.2 24.75 3.19
      vertex -15.2 25.2 6.8
    endloop
  endfacet
  facet normal -1 0 0
    outer loop
      vertex -15.2 22.25 3.19
      vertex -15.2 25.2 6.8
      vertex -15.2 24.75 3.19
    endloop
  endfacet
  facet normal -1 0 0
    outer loop
      vertex -15.2 17.2 6.8
      vertex -15.2 22.25 3.19
      vertex -15.2 17.2 2
    endloop
  endfacet
  facet normal -1 0 0
    outer loop
      vertex -15.2 22.25 3.19
      vertex -15.2 17.2 6.8
      vertex -15.2 25.2 6.8
    endloop
  endfacet
  facet normal 0 1 -0
    outer loop
      vertex -7.2 25.2 2
      vertex -15.2 25.2 6.8
      vertex -7.2 25.2 6.8
    endloop
  endfacet
  facet normal 0 1 0
    outer loop
      vertex -15.2 25.2 6.8
      vertex -7.2 25.2 2
      vertex -15.2 25.2 2
    endloop
  endfacet
  facet normal 0 -1 0
    outer loop
      vertex -15.2 17.2 2
      vertex -13.4 17.2 6.8
      vertex -15.2 17.2 6.8
    endloop
  endfacet
  facet normal 0 -1 -0
    outer loop
      vertex -13.4 17.2 6.8
      vertex -15.2 17.2 2
      vertex -13.4 17.2 2
    endloop
  endfacet
  facet normal 1 0 0
    outer loop
      vertex -7.2 25.2 6.8
      vertex -7.2 24.75 3.19
      vertex -7.2 25.2 2
    endloop
  endfacet
  facet normal 1 -0 0
    outer loop
      vertex -7.2 23.4 6.8
      vertex -7.2 24.75 3.19
      vertex -7.2 25.2 6.8
    endloop
  endfacet
  facet normal 1 0 0
    outer loop
      vertex -7.2 24.75 3.19
      vertex -7.2 23.4 6.8
      vertex -7.2 23.4 3.19
    endloop
  endfacet
  facet normal 1 0 0
    outer loop
      vertex -7.2 25.2 2
      vertex -7.2 24.75 3.19
      vertex -7.2 24.75 2
    endloop
  endfacet
  facet normal 0 -1 0
    outer loop
      vertex -13.4 23.4 3.19
      vertex -7.2 23.4 6.8
      vertex -13.4 23.4 6.8
    endloop
  endfacet
  facet normal 0 -1 -0
    outer loop
      vertex -7.2 23.4 6.8
      vertex -13.4 23.4 3.19
      vertex -7.2 23.4 3.19
    endloop
  endfacet
  facet normal 1 -0 0
    outer loop
      vertex 15.2 -13.7 6.8
      vertex 15.2 -5.7 2
      vertex 15.2 -5.7 6.8
    endloop
  endfacet
  facet normal 1 0 0
    outer loop
      vertex 15.2 -5.7 2
      vertex 15.2 -13.7 6.8
      vertex 15.2 -13.7 2
    endloop
  endfacet
  facet normal 0 0 1
    outer loop
      vertex 13.4 -11.9 6.8
      vertex 15.2 -5.7 6.8
      vertex 13.4 -5.7 6.8
    endloop
  endfacet
  facet normal 0 0 1
    outer loop
      vertex 15.2 -5.7 6.8
      vertex 13.4 -11.9 6.8
      vertex 15.2 -13.7 6.8
    endloop
  endfacet
  facet normal 0 0 1
    outer loop
      vertex 7.2 -13.7 6.8
      vertex 13.4 -11.9 6.8
      vertex 7.2 -11.9 6.8
    endloop
  endfacet
  facet normal 0 0 1
    outer loop
      vertex 13.4 -11.9 6.8
      vertex 7.2 -13.7 6.8
      vertex 15.2 -13.7 6.8
    endloop
  endfacet
  facet normal 0 0 -1
    outer loop
      vertex 15.2 -13.7 2
      vertex 13.4 -11.9 2
      vertex 15.2 -5.7 2
    endloop
  endfacet
  facet normal 0 0 -1
    outer loop
      vertex 7.2 -13.7 2
      vertex 13.4 -11.9 2
      vertex 15.2 -13.7 2
    endloop
  endfacet
  facet normal -0 0 -1
    outer loop
      vertex 13.4 -11.9 2
      vertex 7.2 -13.7 2
      vertex 7.2 -11.9 2
    endloop
  endfacet
  facet normal -0 0 -1
    outer loop
      vertex 15.2 -5.7 2
      vertex 13.4 -11.9 2
      vertex 13.4 -5.7 2
    endloop
  endfacet
  facet normal -1 0 0
    outer loop
      vertex 13.4 -11.9 2
      vertex 13.4 -5.7 6.8
      vertex 13.4 -5.7 2
    endloop
  endfacet
  facet normal -1 -0 0
    outer loop
      vertex 13.4 -5.7 6.8
      vertex 13.4 -11.9 2
      vertex 13.4 -11.9 6.8
    endloop
  endfacet
  facet normal 0 1 -0
    outer loop
      vertex 15.2 -5.7 2
      vertex 13.4 -5.7 6.8
      vertex 15.2 -5.7 6.8
    endloop
  endfacet
  facet normal 0 1 0
    outer loop
      vertex 13.4 -5.7 6.8
      vertex 15.2 -5.7 2
      vertex 13.4 -5.7 2
    endloop
  endfacet
  facet normal 0 -1 0
    outer loop
      vertex 7.2 -13.7 2
      vertex 15.2 -13.7 6.8
      vertex 7.2 -13.7 6.8
    endloop
  endfacet
  facet normal 0 -1 -0
    outer loop
      vertex 15.2 -13.7 6.8
      vertex 7.2 -13.7 2
      vertex 15.2 -13.7 2
    endloop
  endfacet
  facet normal -1 0 0
    outer loop
      vertex 7.2 -13.7 2
      vertex 7.2 -11.9 6.8
      vertex 7.2 -11.9 2
    endloop
  endfacet
  facet normal -1 -0 0
    outer loop
      vertex 7.2 -11.9 6.8
      vertex 7.2 -13.7 2
      vertex 7.2 -13.7 6.8
    endloop
  endfacet
  facet normal 0 1 -0
    outer loop
      vertex 13.4 -11.9 2
      vertex 7.2 -11.9 6.8
      vertex 13.4 -11.9 6.8
    endloop
  endfacet
  facet normal 0 1 0
    outer loop
      vertex 7.2 -11.9 6.8
      vertex 13.4 -11.9 2
      vertex 7.2 -11.9 2
    endloop
  endfacet
  facet normal 1 0 0
    outer loop
      vertex 15.2 25.2 6.8
      vertex 15.2 24.75 3.19
      vertex 15.2 25.2 2
    endloop
  endfacet
  facet normal 1 0 0
    outer loop
      vertex 15.2 25.2 6.8
      vertex 15.2 22.25 3.19
      vertex 15.2 24.75 3.19
    endloop
  endfacet
  facet normal 1 -0 0
    outer loop
      vertex 15.2 17.2 6.8
      vertex 15.2 22.25 3.19
      vertex 15.2 25.2 6.8
    endloop
  endfacet
  facet normal 1 0 0
    outer loop
      vertex 15.2 17.2 2
      vertex 15.2 22.25 3.19
      vertex 15.2 17.2 6.8
    endloop
  endfacet
  facet normal 1 0 0
    outer loop
      vertex 15.2 22.25 3.19
      vertex 15.2 17.2 2
      vertex 15.2 22.25 2
    endloop
  endfacet
  facet normal 1 0 0
    outer loop
      vertex 15.2 25.2 2
      vertex 15.2 24.75 3.19
      vertex 15.2 24.75 2
    endloop
  endfacet
  facet normal 0 0 1
    outer loop
      vertex 15.2 25.2 6.8
      vertex 13.4 23.4 6.8
      vertex 15.2 17.2 6.8
    endloop
  endfacet
  facet normal -0 0 1
    outer loop
      vertex 7.2 25.2 6.8
      vertex 13.4 23.4 6.8
      vertex 15.2 25.2 6.8
    endloop
  endfacet
  facet normal 0 0 1
    outer loop
      vertex 13.4 23.4 6.8
      vertex 7.2 25.2 6.8
      vertex 7.2 23.4 6.8
    endloop
  endfacet
  facet normal 0 0 1
    outer loop
      vertex 15.2 17.2 6.8
      vertex 13.4 23.4 6.8
      vertex 13.4 17.2 6.8
    endloop
  endfacet
  facet normal 0 0 -1
    outer loop
      vertex 7.2 24.75 2
      vertex 15.2 25.2 2
      vertex 15.2 24.75 2
    endloop
  endfacet
  facet normal -0 0 -1
    outer loop
      vertex 15.2 25.2 2
      vertex 7.2 24.75 2
      vertex 7.2 25.2 2
    endloop
  endfacet
  facet normal 0 0 -1
    outer loop
      vertex 13.4 17.2 2
      vertex 15.2 22.25 2
      vertex 15.2 17.2 2
    endloop
  endfacet
  facet normal -0 0 -1
    outer loop
      vertex 15.2 22.25 2
      vertex 13.4 17.2 2
      vertex 13.4 22.25 2
    endloop
  endfacet
  facet normal -1 0 0
    outer loop
      vertex 13.4 22.25 2
      vertex 13.4 17.2 2
      vertex 13.4 22.25 3.19
    endloop
  endfacet
  facet normal -1 0 0
    outer loop
      vertex 13.4 22.25 3.19
      vertex 13.4 23.4 6.8
      vertex 13.4 23.4 3.19
    endloop
  endfacet
  facet normal -1 0 0
    outer loop
      vertex 13.4 17.2 6.8
      vertex 13.4 22.25 3.19
      vertex 13.4 17.2 2
    endloop
  endfacet
  facet normal -1 0 0
    outer loop
      vertex 13.4 22.25 3.19
      vertex 13.4 17.2 6.8
      vertex 13.4 23.4 6.8
    endloop
  endfacet
  facet normal 0 1 -0
    outer loop
      vertex 15.2 25.2 2
      vertex 7.2 25.2 6.8
      vertex 15.2 25.2 6.8
    endloop
  endfacet
  facet normal 0 1 0
    outer loop
      vertex 7.2 25.2 6.8
      vertex 15.2 25.2 2
      vertex 7.2 25.2 2
    endloop
  endfacet
  facet normal 0 -1 0
    outer loop
      vertex 13.4 17.2 2
      vertex 15.2 17.2 6.8
      vertex 13.4 17.2 6.8
    endloop
  endfacet
  facet normal 0 -1 -0
    outer loop
      vertex 15.2 17.2 6.8
      vertex 13.4 17.2 2
      vertex 15.2 17.2 2
    endloop
  endfacet
  facet normal -1 0 0
    outer loop
      vertex 7.2 24.75 3.19
      vertex 7.2 25.2 2
      vertex 7.2 24.75 2
    endloop
  endfacet
  facet normal -1 0 0
    outer loop
      vertex 7.2 25.2 2
      vertex 7.2 24.75 3.19
      vertex 7.2 25.2 6.8
    endloop
  endfacet
  facet normal -1 0 0
    outer loop
      vertex 7.2 23.4 6.8
      vertex 7.2 24.75 3.19
      vertex 7.2 23.4 3.19
    endloop
  endfacet
  facet normal -1 0 0
    outer loop
      vertex 7.2 24.75 3.19
      vertex 7.2 23.4 6.8
      vertex 7.2 25.2 6.8
    endloop
  endfacet
  facet normal 0 -1 0
    outer loop
      vertex 7.2 23.4 3.19
      vertex 13.4 23.4 6.8
      vertex 7.2 23.4 6.8
    endloop
  endfacet
  facet normal 0 -1 -0
    outer loop
      vertex 13.4 23.4 6.8
      vertex 7.2 23.4 3.19
      vertex 13.4 23.4 3.19
    endloop
  endfacet
  facet normal 1 -0 0
    outer loop
      vertex 11 -10.5 4
      vertex 11 -6.5 2
      vertex 11 -6.5 4
    endloop
  endfacet
  facet normal 1 0 0
    outer loop
      vertex 11 -6.5 2
      vertex 11 -10.5 4
      vertex 11 -10.5 2
    endloop
  endfacet
  facet normal -0 0 1
    outer loop
      vertex -11 -6.5 4
      vertex 11 -10.5 4
      vertex 11 -6.5 4
    endloop
  endfacet
  facet normal 0 0 1
    outer loop
      vertex 11 -10.5 4
      vertex -11 -6.5 4
      vertex -11 -10.5 4
    endloop
  endfacet
  facet normal -0 0 1
    outer loop
      vertex -20.1756 22.5686 2
      vertex -18.3342 22.25 2
      vertex -20.1062 22.7729 2
    endloop
  endfacet
  facet normal 0 0 1
    outer loop
      vertex -11 -6.5 2
      vertex -20.0641 -22.9846 2
      vertex -20.05 -23.2 2
    endloop
  endfacet
  facet normal 0 0 1
    outer loop
      vertex -18.3342 22.25 2
      vertex -20.75 19.8342 2
      vertex -11 -6.5 2
    endloop
  endfacet
  facet normal 0 0 1
    outer loop
      vertex -11 -6.5 2
      vertex -20.1062 -22.7729 2
      vertex -20.0641 -22.9846 2
    endloop
  endfacet
  facet normal -0 0 1
    outer loop
      vertex -20.2711 22.375 2
      vertex -18.3342 22.25 2
      vertex -20.1756 22.5686 2
    endloop
  endfacet
  facet normal 0 0 1
    outer loop
      vertex -20.75 -19.8342 2
      vertex -11 -6.5 2
      vertex -20.75 19.8342 2
    endloop
  endfacet
  facet normal 0 0 1
    outer loop
      vertex -20.391 22.1955 2
      vertex -18.3342 22.25 2
      vertex -20.2711 22.375 2
    endloop
  endfacet
  facet normal 0 0 1
    outer loop
      vertex -11 -6.5 2
      vertex -20.75 -19.8342 2
      vertex -20.1062 -22.7729 2
    endloop
  endfacet
  facet normal 0 0 1
    outer loop
      vertex -20.5333 22.0333 2
      vertex -18.3342 22.25 2
      vertex -20.391 22.1955 2
    endloop
  endfacet
  facet normal 0 0 1
    outer loop
      vertex -20.1062 -22.7729 2
      vertex -20.75 -19.8342 2
      vertex -20.1756 -22.5686 2
    endloop
  endfacet
  facet normal 0 0 1
    outer loop
      vertex -18.3342 22.25 2
      vertex -20.5333 22.0333 2
      vertex -20.75 19.8342 2
    endloop
  endfacet
  facet normal 0 0 1
    outer loop
      vertex -20.1756 -22.5686 2
      vertex -20.75 -19.8342 2
      vertex -20.2711 -22.375 2
    endloop
  endfacet
  facet normal 0 0 1
    outer loop
      vertex -20.75 19.8342 2
      vertex -20.5333 22.0333 2
      vertex -20.6955 21.891 2
    endloop
  endfacet
  facet normal 0 0 1
    outer loop
      vertex -20.2711 -22.375 2
      vertex -20.75 -19.8342 2
      vertex -20.391 -22.1955 2
    endloop
  endfacet
  facet normal 0 0 1
    outer loop
      vertex -20.391 -22.1955 2
      vertex -20.75 -19.8342 2
      vertex -20.5333 -22.0333 2
    endloop
  endfacet
  facet normal -0 0 1
    outer loop
      vertex -20.875 21.7711 2
      vertex -20.75 19.8342 2
      vertex -20.6955 21.891 2
    endloop
  endfacet
  facet normal -0 0 1
    outer loop
      vertex -21.0686 21.6756 2
      vertex -20.75 19.8342 2
      vertex -20.875 21.7711 2
    endloop
  endfacet
  facet normal -0 0 1
    outer loop
      vertex -21.2729 21.6062 2
      vertex -20.75 19.8342 2
      vertex -21.0686 21.6756 2
    endloop
  endfacet
  facet normal 0 0 1
    outer loop
      vertex -20.75 19.8342 2
      vertex -21.2729 21.6062 2
      vertex -20.7941 19.8193 2
    endloop
  endfacet
  facet normal 0 0 1
    outer loop
      vertex -20.7941 19.8193 2
      vertex -21.2729 21.6062 2
      vertex -21.2432 19.7299 2
    endloop
  endfacet
  facet normal -0 0 1
    outer loop
      vertex -21.4846 21.5641 2
      vertex -21.2432 19.7299 2
      vertex -21.2729 21.6062 2
    endloop
  endfacet
  facet normal -0 0 1
    outer loop
      vertex -21.7 21.55 2
      vertex -21.2432 19.7299 2
      vertex -21.4846 21.5641 2
    endloop
  endfacet
  facet normal 0 0 1
    outer loop
      vertex -21.7 21.55 2
      vertex -21.7 19.7 2
      vertex -21.2432 19.7299 2
    endloop
  endfacet
  facet normal 0 0 1
    outer loop
      vertex -21.9154 21.5641 2
      vertex -21.7 19.7 2
      vertex -21.7 21.55 2
    endloop
  endfacet
  facet normal 0 0 1
    outer loop
      vertex -22.1568 19.7299 2
      vertex -21.9154 21.5641 2
      vertex -22.1271 21.6062 2
    endloop
  endfacet
  facet normal 0 0 1
    outer loop
      vertex -21.9154 21.5641 2
      vertex -22.1568 19.7299 2
      vertex -21.7 19.7 2
    endloop
  endfacet
  facet normal 0 0 1
    outer loop
      vertex -22.6059 19.8193 2
      vertex -22.1271 21.6062 2
      vertex -22.3314 21.6756 2
    endloop
  endfacet
  facet normal 0 0 1
    outer loop
      vertex -23.25 20.0703 2
      vertex -22.3314 21.6756 2
      vertex -22.525 21.7711 2
    endloop
  endfacet
  facet normal 0 0 1
    outer loop
      vertex -22.1271 21.6062 2
      vertex -22.6059 19.8193 2
      vertex -22.1568 19.7299 2
    endloop
  endfacet
  facet normal 0 0 1
    outer loop
      vertex -23.25 20.0703 2
      vertex -22.525 21.7711 2
      vertex -22.7045 21.891 2
    endloop
  endfacet
  facet normal 0 0 1
    outer loop
      vertex -23.25 20.0703 2
      vertex -22.7045 21.891 2
      vertex -22.8667 22.0333 2
    endloop
  endfacet
  facet normal 0 0 1
    outer loop
      vertex -23.25 20.0703 2
      vertex -22.8667 22.0333 2
      vertex -23.009 22.1955 2
    endloop
  endfacet
  facet normal 0 0 1
    outer loop
      vertex -22.3314 21.6756 2
      vertex -23.0394 19.9664 2
      vertex -22.6059 19.8193 2
    endloop
  endfacet
  facet normal 0 0 1
    outer loop
      vertex -23.25 20.0703 2
      vertex -23.009 22.1955 2
      vertex -23.1289 22.375 2
    endloop
  endfacet
  facet normal 0 0 1
    outer loop
      vertex -25.7 23.2 2
      vertex -23.1289 22.375 2
      vertex -23.2244 22.5686 2
    endloop
  endfacet
  facet normal 0 0 1
    outer loop
      vertex -22.3314 21.6756 2
      vertex -23.25 20.0703 2
      vertex -23.0394 19.9664 2
    endloop
  endfacet
  facet normal 0 0 1
    outer loop
      vertex -23.1289 22.375 2
      vertex -25.7 23.2 2
      vertex -23.25 20.0703 2
    endloop
  endfacet
  facet normal 0 0 1
    outer loop
      vertex -25.7 23.2 2
      vertex -23.2244 22.5686 2
      vertex -23.2938 22.7729 2
    endloop
  endfacet
  facet normal 0 0 1
    outer loop
      vertex 11 -6.5 2
      vertex 20.75 19.8342 2
      vertex 11 18 2
    endloop
  endfacet
  facet normal 0 0 1
    outer loop
      vertex 18.3342 22.25 2
      vertex -11 22 2
      vertex 11 22 2
    endloop
  endfacet
  facet normal 0 0 1
    outer loop
      vertex -18.3342 22.25 2
      vertex -11 18 2
      vertex -11 22 2
    endloop
  endfacet
  facet normal 0 0 1
    outer loop
      vertex -11 18 2
      vertex -18.3342 22.25 2
      vertex -11 -6.5 2
    endloop
  endfacet
  facet normal -0 0 1
    outer loop
      vertex -20.1062 22.7729 2
      vertex -18.3193 22.2941 2
      vertex -20.0641 22.9846 2
    endloop
  endfacet
  facet normal -0 0 1
    outer loop
      vertex -18.3342 22.25 2
      vertex -11 22 2
      vertex 18.3342 22.25 2
    endloop
  endfacet
  facet normal 0 0 1
    outer loop
      vertex 11 18 2
      vertex 18.3342 22.25 2
      vertex 11 22 2
    endloop
  endfacet
  facet normal 0 0 1
    outer loop
      vertex 18.3342 22.25 2
      vertex 11 18 2
      vertex 20.75 19.8342 2
    endloop
  endfacet
  facet normal 0 0 1
    outer loop
      vertex 20.75 -19.8342 2
      vertex 18.3342 -22.25 2
      vertex 18.5703 -24.75 2
    endloop
  endfacet
  facet normal -0 0 1
    outer loop
      vertex 18.3193 24.1059 2
      vertex 18.3342 22.25 2
      vertex 18.4664 24.5394 2
    endloop
  endfacet
  facet normal -0 0 1
    outer loop
      vertex 18.2299 23.6568 2
      vertex 18.3342 22.25 2
      vertex 18.3193 24.1059 2
    endloop
  endfacet
  facet normal -0 0 1
    outer loop
      vertex 18.2299 22.7432 2
      vertex 18.3342 22.25 2
      vertex 18.2299 23.6568 2
    endloop
  endfacet
  facet normal 0 0 1
    outer loop
      vertex 18.3342 22.25 2
      vertex 18.2299 22.7432 2
      vertex 18.3193 22.2941 2
    endloop
  endfacet
  facet normal 0 -0 1
    outer loop
      vertex 18.2299 22.7432 2
      vertex 18.2299 23.6568 2
      vertex 18.2 23.2 2
    endloop
  endfacet
  facet normal -0 0 1
    outer loop
      vertex 18.3193 -24.1059 2
      vertex 18.5703 -24.75 2
      vertex 18.3342 -22.25 2
    endloop
  endfacet
  facet normal 0 0 1
    outer loop
      vertex 18.2299 -22.7432 2
      vertex 18.3342 -22.25 2
      vertex 18.3193 -22.2941 2
    endloop
  endfacet
  facet normal 0 0 1
    outer loop
      vertex 18.5703 -24.75 2
      vertex 18.3193 -24.1059 2
      vertex 18.4664 -24.5394 2
    endloop
  endfacet
  facet normal 0 0 1
    outer loop
      vertex 18.3342 -22.25 2
      vertex 18.2299 -22.7432 2
      vertex 18.3193 -24.1059 2
    endloop
  endfacet
  facet normal 0 0 1
    outer loop
      vertex 18.2299 -22.7432 2
      vertex 18.2299 -23.6568 2
      vertex 18.3193 -24.1059 2
    endloop
  endfacet
  facet normal 0 -0 1
    outer loop
      vertex 18.2299 -23.6568 2
      vertex 18.2299 -22.7432 2
      vertex 18.2 -23.2 2
    endloop
  endfacet
  facet normal 0 0 1
    outer loop
      vertex -20.05 23.2 2
      vertex -18.2 23.2 2
      vertex -18.2299 23.6568 2
    endloop
  endfacet
  facet normal 0 0 1
    outer loop
      vertex -20.05 23.2 2
      vertex -18.2299 23.6568 2
      vertex -18.3193 24.1059 2
    endloop
  endfacet
  facet normal 0 0 1
    outer loop
      vertex -18.2 23.2 2
      vertex -20.05 23.2 2
      vertex -18.2299 22.7432 2
    endloop
  endfacet
  facet normal -0 0 1
    outer loop
      vertex -20.0641 22.9846 2
      vertex -18.2299 22.7432 2
      vertex -20.05 23.2 2
    endloop
  endfacet
  facet normal 0 0 1
    outer loop
      vertex -18.2299 22.7432 2
      vertex -20.0641 22.9846 2
      vertex -18.3193 22.2941 2
    endloop
  endfacet
  facet normal 0 0 1
    outer loop
      vertex -20.05 23.2 2
      vertex -18.3193 24.1059 2
      vertex -18.4664 24.5394 2
    endloop
  endfacet
  facet normal 0 0 1
    outer loop
      vertex -20.05 -23.2 2
      vertex -18.2 -23.2 2
      vertex -18.2299 -22.7432 2
    endloop
  endfacet
  facet normal 0 0 1
    outer loop
      vertex -20.05 -23.2 2
      vertex -18.2299 -22.7432 2
      vertex -18.3193 -22.2941 2
    endloop
  endfacet
  facet normal 0 0 1
    outer loop
      vertex -18.2 -23.2 2
      vertex -20.05 -23.2 2
      vertex -18.2299 -23.6568 2
    endloop
  endfacet
  facet normal 0 0 1
    outer loop
      vertex -20.05 -23.2 2
      vertex -18.3193 -22.2941 2
      vertex -18.3342 -22.25 2
    endloop
  endfacet
  facet normal -0 0 1
    outer loop
      vertex -20.0641 -23.4154 2
      vertex -18.2299 -23.6568 2
      vertex -20.05 -23.2 2
    endloop
  endfacet
  facet normal 0 0 1
    outer loop
      vertex -18.3193 22.2941 2
      vertex -20.1062 22.7729 2
      vertex -18.3342 22.25 2
    endloop
  endfacet
  facet normal 0 0 1
    outer loop
      vertex -20.1756 23.8314 2
      vertex -18.4664 24.5394 2
      vertex -18.5703 24.75 2
    endloop
  endfacet
  facet normal 0 0 1
    outer loop
      vertex -11 -6.5 2
      vertex -20.05 -23.2 2
      vertex -18.3342 -22.25 2
    endloop
  endfacet
  facet normal 0 0 1
    outer loop
      vertex -20.5333 -22.0333 2
      vertex -20.75 -19.8342 2
      vertex -20.6955 -21.891 2
    endloop
  endfacet
  facet normal 0 0 1
    outer loop
      vertex -21.2729 -21.6062 2
      vertex -20.75 -19.8342 2
      vertex -20.7941 -19.8193 2
    endloop
  endfacet
  facet normal 0 0 1
    outer loop
      vertex -20.75 -19.8342 2
      vertex -20.875 -21.7711 2
      vertex -20.6955 -21.891 2
    endloop
  endfacet
  facet normal 0 0 1
    outer loop
      vertex -20.75 -19.8342 2
      vertex -21.0686 -21.6756 2
      vertex -20.875 -21.7711 2
    endloop
  endfacet
  facet normal 0 0 1
    outer loop
      vertex -21.2729 -21.6062 2
      vertex -20.7941 -19.8193 2
      vertex -21.2432 -19.7299 2
    endloop
  endfacet
  facet normal 0 0 1
    outer loop
      vertex -20.75 -19.8342 2
      vertex -21.2729 -21.6062 2
      vertex -21.0686 -21.6756 2
    endloop
  endfacet
  facet normal 0 0 1
    outer loop
      vertex -21.2432 -19.7299 2
      vertex -21.4846 -21.5641 2
      vertex -21.2729 -21.6062 2
    endloop
  endfacet
  facet normal 0 0 1
    outer loop
      vertex -21.7 -19.7 2
      vertex -21.4846 -21.5641 2
      vertex -21.2432 -19.7299 2
    endloop
  endfacet
  facet normal 0 0 1
    outer loop
      vertex -21.7 -19.7 2
      vertex -21.7 -21.55 2
      vertex -21.4846 -21.5641 2
    endloop
  endfacet
  facet normal 0 0 1
    outer loop
      vertex -21.7 -19.7 2
      vertex -21.9154 -21.5641 2
      vertex -21.7 -21.55 2
    endloop
  endfacet
  facet normal -0 0 1
    outer loop
      vertex -22.1568 -19.7299 2
      vertex -21.9154 -21.5641 2
      vertex -21.7 -19.7 2
    endloop
  endfacet
  facet normal 0 0 1
    outer loop
      vertex -21.9154 -21.5641 2
      vertex -22.1568 -19.7299 2
      vertex -22.1271 -21.6062 2
    endloop
  endfacet
  facet normal -0 0 1
    outer loop
      vertex -22.6059 -19.8193 2
      vertex -22.1271 -21.6062 2
      vertex -22.1568 -19.7299 2
    endloop
  endfacet
  facet normal 0 0 1
    outer loop
      vertex -22.1271 -21.6062 2
      vertex -22.6059 -19.8193 2
      vertex -22.3314 -21.6756 2
    endloop
  endfacet
  facet normal -0 0 1
    outer loop
      vertex -23.0394 -19.9664 2
      vertex -22.3314 -21.6756 2
      vertex -22.6059 -19.8193 2
    endloop
  endfacet
  facet normal -0 0 1
    outer loop
      vertex -23.25 -20.0703 2
      vertex -22.3314 -21.6756 2
      vertex -23.0394 -19.9664 2
    endloop
  endfacet
  facet normal 0 0 1
    outer loop
      vertex -22.3314 -21.6756 2
      vertex -23.25 -20.0703 2
      vertex -22.525 -21.7711 2
    endloop
  endfacet
  facet normal 0 0 1
    outer loop
      vertex -22.525 -21.7711 2
      vertex -23.25 -20.0703 2
      vertex -22.7045 -21.891 2
    endloop
  endfacet
  facet normal 0 0 1
    outer loop
      vertex -22.7045 -21.891 2
      vertex -23.25 -20.0703 2
      vertex -22.8667 -22.0333 2
    endloop
  endfacet
  facet normal 0 0 1
    outer loop
      vertex -22.8667 -22.0333 2
      vertex -23.25 -20.0703 2
      vertex -23.009 -22.1955 2
    endloop
  endfacet
  facet normal 0 0 1
    outer loop
      vertex -23.009 -22.1955 2
      vertex -23.25 -20.0703 2
      vertex -23.1289 -22.375 2
    endloop
  endfacet
  facet normal 0 0 1
    outer loop
      vertex -25.7 -23.2 2
      vertex -23.1289 -22.375 2
      vertex -23.25 -20.0703 2
    endloop
  endfacet
  facet normal 0 0 1
    outer loop
      vertex -23.1289 -22.375 2
      vertex -25.7 -23.2 2
      vertex -23.2244 -22.5686 2
    endloop
  endfacet
  facet normal 0 0 1
    outer loop
      vertex -23.25 20.0703 2
      vertex -25.7 23.2 2
      vertex -23.25 -20.0703 2
    endloop
  endfacet
  facet normal 0 0 1
    outer loop
      vertex -25.7 23.2 2
      vertex -23.2938 22.7729 2
      vertex -23.3359 22.9846 2
    endloop
  endfacet
  facet normal 0 0 1
    outer loop
      vertex -25.7 -23.2 2
      vertex -23.25 -20.0703 2
      vertex -25.7 23.2 2
    endloop
  endfacet
  facet normal -0 0 1
    outer loop
      vertex -25.7 23.2 2
      vertex -23.3359 22.9846 2
      vertex -23.35 23.2 2
    endloop
  endfacet
  facet normal 0 0 1
    outer loop
      vertex -23.2244 -22.5686 2
      vertex -25.7 -23.2 2
      vertex -23.2938 -22.7729 2
    endloop
  endfacet
  facet normal -0 0 1
    outer loop
      vertex -11 18 2
      vertex 11 -6.5 2
      vertex 11 18 2
    endloop
  endfacet
  facet normal 0 0 1
    outer loop
      vertex 11 -6.5 2
      vertex -11 18 2
      vertex -11 -6.5 2
    endloop
  endfacet
  facet normal 0 0 1
    outer loop
      vertex 20.75 19.8342 2
      vertex 11 -6.5 2
      vertex 20.75 -19.8342 2
    endloop
  endfacet
  facet normal -0 0 1
    outer loop
      vertex 11 -10.5 2
      vertex 20.75 -19.8342 2
      vertex 11 -6.5 2
    endloop
  endfacet
  facet normal 0 0 1
    outer loop
      vertex 20.75 -19.8342 2
      vertex 11 -10.5 2
      vertex 18.3342 -22.25 2
    endloop
  endfacet
  facet normal -0 0 1
    outer loop
      vertex -11 -10.5 2
      vertex 18.3342 -22.25 2
      vertex 11 -10.5 2
    endloop
  endfacet
  facet normal 0 0 1
    outer loop
      vertex -11 -10.5 2
      vertex -18.3342 -22.25 2
      vertex 18.3342 -22.25 2
    endloop
  endfacet
  facet normal 0 0 1
    outer loop
      vertex -11 -6.5 2
      vertex -18.3342 -22.25 2
      vertex -11 -10.5 2
    endloop
  endfacet
  facet normal 0 0 1
    outer loop
      vertex 25.7 23.2 2
      vertex 23.25 20.0703 2
      vertex 25.7 -23.2 2
    endloop
  endfacet
  facet normal -0 0 1
    outer loop
      vertex 23.25 -20.0703 2
      vertex 25.7 -23.2 2
      vertex 23.25 20.0703 2
    endloop
  endfacet
  facet normal 0 0 1
    outer loop
      vertex 23.25 20.0703 2
      vertex 23.3359 22.9846 2
      vertex 23.2938 22.7729 2
    endloop
  endfacet
  facet normal -0 0 1
    outer loop
      vertex 23.1289 -22.375 2
      vertex 25.7 -23.2 2
      vertex 23.25 -20.0703 2
    endloop
  endfacet
  facet normal 0 0 1
    outer loop
      vertex 25.7 -23.2 2
      vertex 23.3359 -22.9846 2
      vertex 23.35 -23.2 2
    endloop
  endfacet
  facet normal -0 0 1
    outer loop
      vertex 23.2244 22.5686 2
      vertex 23.25 20.0703 2
      vertex 23.2938 22.7729 2
    endloop
  endfacet
  facet normal -0 0 1
    outer loop
      vertex 23.1289 22.375 2
      vertex 23.25 20.0703 2
      vertex 23.2244 22.5686 2
    endloop
  endfacet
  facet normal -0 0 1
    outer loop
      vertex 23.009 22.1955 2
      vertex 23.25 20.0703 2
      vertex 23.1289 22.375 2
    endloop
  endfacet
  facet normal -0 0 1
    outer loop
      vertex 22.8667 22.0333 2
      vertex 23.25 20.0703 2
      vertex 23.009 22.1955 2
    endloop
  endfacet
  facet normal -0 0 1
    outer loop
      vertex 22.7045 21.891 2
      vertex 23.25 20.0703 2
      vertex 22.8667 22.0333 2
    endloop
  endfacet
  facet normal -0 0 1
    outer loop
      vertex 22.525 21.7711 2
      vertex 23.25 20.0703 2
      vertex 22.7045 21.891 2
    endloop
  endfacet
  facet normal -0 0 1
    outer loop
      vertex 22.3314 21.6756 2
      vertex 23.25 20.0703 2
      vertex 22.525 21.7711 2
    endloop
  endfacet
  facet normal 0 0 1
    outer loop
      vertex 23.25 20.0703 2
      vertex 22.3314 21.6756 2
      vertex 23.0394 19.9664 2
    endloop
  endfacet
  facet normal 0 0 1
    outer loop
      vertex 23.0394 19.9664 2
      vertex 22.3314 21.6756 2
      vertex 22.6059 19.8193 2
    endloop
  endfacet
  facet normal -0 0 1
    outer loop
      vertex 22.1271 21.6062 2
      vertex 22.6059 19.8193 2
      vertex 22.3314 21.6756 2
    endloop
  endfacet
  facet normal 0 0 1
    outer loop
      vertex 22.6059 19.8193 2
      vertex 22.1271 21.6062 2
      vertex 22.1568 19.7299 2
    endloop
  endfacet
  facet normal -0 0 1
    outer loop
      vertex 21.9154 21.5641 2
      vertex 22.1568 19.7299 2
      vertex 22.1271 21.6062 2
    endloop
  endfacet
  facet normal -0 0 1
    outer loop
      vertex 21.7 21.55 2
      vertex 22.1568 19.7299 2
      vertex 21.9154 21.5641 2
    endloop
  endfacet
  facet normal 0 0 1
    outer loop
      vertex 21.7 21.55 2
      vertex 21.7 19.7 2
      vertex 22.1568 19.7299 2
    endloop
  endfacet
  facet normal 0 0 1
    outer loop
      vertex 21.4846 21.5641 2
      vertex 21.7 19.7 2
      vertex 21.7 21.55 2
    endloop
  endfacet
  facet normal 0 0 1
    outer loop
      vertex 21.2432 19.7299 2
      vertex 21.4846 21.5641 2
      vertex 21.2729 21.6062 2
    endloop
  endfacet
  facet normal 0 0 1
    outer loop
      vertex 21.4846 21.5641 2
      vertex 21.2432 19.7299 2
      vertex 21.7 19.7 2
    endloop
  endfacet
  facet normal 0 0 1
    outer loop
      vertex 20.75 19.8342 2
      vertex 21.2729 21.6062 2
      vertex 21.0686 21.6756 2
    endloop
  endfacet
  facet normal 0 0 1
    outer loop
      vertex 20.75 19.8342 2
      vertex 21.0686 21.6756 2
      vertex 20.875 21.7711 2
    endloop
  endfacet
  facet normal 0 0 1
    outer loop
      vertex 21.2729 21.6062 2
      vertex 20.7941 19.8193 2
      vertex 21.2432 19.7299 2
    endloop
  endfacet
  facet normal 0 0 1
    outer loop
      vertex 21.2729 21.6062 2
      vertex 20.75 19.8342 2
      vertex 20.7941 19.8193 2
    endloop
  endfacet
  facet normal 0 0 1
    outer loop
      vertex 20.5333 22.0333 2
      vertex 20.75 19.8342 2
      vertex 20.6955 21.891 2
    endloop
  endfacet
  facet normal 0 0 1
    outer loop
      vertex 20.6955 21.891 2
      vertex 20.75 19.8342 2
      vertex 20.875 21.7711 2
    endloop
  endfacet
  facet normal 0 0 1
    outer loop
      vertex 23.35 23.2 2
      vertex 25.7 23.2 2
      vertex 25.6658 23.7221 2
    endloop
  endfacet
  facet normal 0 0 1
    outer loop
      vertex 23.3359 22.9846 2
      vertex 25.7 23.2 2
      vertex 23.35 23.2 2
    endloop
  endfacet
  facet normal 0 0 1
    outer loop
      vertex 23.3359 23.4154 2
      vertex 25.6658 23.7221 2
      vertex 25.5637 24.2353 2
    endloop
  endfacet
  facet normal 0 0 1
    outer loop
      vertex 23.25 20.0703 2
      vertex 25.7 23.2 2
      vertex 23.3359 22.9846 2
    endloop
  endfacet
  facet normal 0 0 1
    outer loop
      vertex 23.2938 23.6271 2
      vertex 25.5637 24.2353 2
      vertex 25.3955 24.7307 2
    endloop
  endfacet
  facet normal 0 0 1
    outer loop
      vertex 25.7 -23.2 2
      vertex 23.35 -23.2 2
      vertex 25.6658 -23.7221 2
    endloop
  endfacet
  facet normal 0 0 1
    outer loop
      vertex 23.2244 23.8314 2
      vertex 25.3955 24.7307 2
      vertex 25.1641 25.2 2
    endloop
  endfacet
  facet normal -0 0 1
    outer loop
      vertex 23.3359 -23.4154 2
      vertex 25.6658 -23.7221 2
      vertex 23.35 -23.2 2
    endloop
  endfacet
  facet normal 0 0 1
    outer loop
      vertex 23.1289 24.025 2
      vertex 25.1641 25.2 2
      vertex 24.8734 25.635 2
    endloop
  endfacet
  facet normal 0 0 1
    outer loop
      vertex 25.6658 -23.7221 2
      vertex 23.3359 -23.4154 2
      vertex 25.5637 -24.2353 2
    endloop
  endfacet
  facet normal 0 0 1
    outer loop
      vertex 23.009 24.2045 2
      vertex 24.8734 25.635 2
      vertex 24.5284 26.0284 2
    endloop
  endfacet
  facet normal -0 0 1
    outer loop
      vertex 23.2938 -23.6271 2
      vertex 25.5637 -24.2353 2
      vertex 23.3359 -23.4154 2
    endloop
  endfacet
  facet normal 0 0 1
    outer loop
      vertex 22.8667 24.3667 2
      vertex 24.5284 26.0284 2
      vertex 24.135 26.3734 2
    endloop
  endfacet
  facet normal 0 0 1
    outer loop
      vertex 25.5637 -24.2353 2
      vertex 23.2938 -23.6271 2
      vertex 25.3955 -24.7307 2
    endloop
  endfacet
  facet normal 0 0 1
    outer loop
      vertex 22.7045 24.509 2
      vertex 24.135 26.3734 2
      vertex 23.7 26.6641 2
    endloop
  endfacet
  facet normal -0 0 1
    outer loop
      vertex 23.2244 -23.8314 2
      vertex 25.3955 -24.7307 2
      vertex 23.2938 -23.6271 2
    endloop
  endfacet
  facet normal 0 0 1
    outer loop
      vertex 25.3955 -24.7307 2
      vertex 23.2244 -23.8314 2
      vertex 25.1641 -25.2 2
    endloop
  endfacet
  facet normal 0 0 1
    outer loop
      vertex 25.6658 23.7221 2
      vertex 23.3359 23.4154 2
      vertex 23.35 23.2 2
    endloop
  endfacet
  facet normal 0 0 1
    outer loop
      vertex 25.5637 24.2353 2
      vertex 23.2938 23.6271 2
      vertex 23.3359 23.4154 2
    endloop
  endfacet
  facet normal 0 0 1
    outer loop
      vertex 22.525 24.6289 2
      vertex 23.7 26.6641 2
      vertex 23.2307 26.8955 2
    endloop
  endfacet
  facet normal 0 0 1
    outer loop
      vertex 25.3955 24.7307 2
      vertex 23.2244 23.8314 2
      vertex 23.2938 23.6271 2
    endloop
  endfacet
  facet normal 0 0 1
    outer loop
      vertex 25.1641 25.2 2
      vertex 23.1289 24.025 2
      vertex 23.2244 23.8314 2
    endloop
  endfacet
  facet normal 0 0 1
    outer loop
      vertex 24.8734 25.635 2
      vertex 23.009 24.2045 2
      vertex 23.1289 24.025 2
    endloop
  endfacet
  facet normal 0 0 1
    outer loop
      vertex 24.5284 26.0284 2
      vertex 22.8667 24.3667 2
      vertex 23.009 24.2045 2
    endloop
  endfacet
  facet normal 0 0 1
    outer loop
      vertex 22.3314 24.7244 2
      vertex 23.2307 26.8955 2
      vertex 22.7353 27.0637 2
    endloop
  endfacet
  facet normal 0 0 1
    outer loop
      vertex 24.135 26.3734 2
      vertex 22.7045 24.509 2
      vertex 22.8667 24.3667 2
    endloop
  endfacet
  facet normal 0 0 1
    outer loop
      vertex 23.7 26.6641 2
      vertex 22.525 24.6289 2
      vertex 22.7045 24.509 2
    endloop
  endfacet
  facet normal 0 0 1
    outer loop
      vertex 23.2307 26.8955 2
      vertex 22.3314 24.7244 2
      vertex 22.525 24.6289 2
    endloop
  endfacet
  facet normal 0 0 1
    outer loop
      vertex 22.1271 24.7938 2
      vertex 22.7353 27.0637 2
      vertex 22.2221 27.1658 2
    endloop
  endfacet
  facet normal 0 0 1
    outer loop
      vertex 22.7353 27.0637 2
      vertex 22.1271 24.7938 2
      vertex 22.3314 24.7244 2
    endloop
  endfacet
  facet normal 0 0 1
    outer loop
      vertex 22.2221 27.1658 2
      vertex 21.9154 24.8359 2
      vertex 22.1271 24.7938 2
    endloop
  endfacet
  facet normal 0 0 1
    outer loop
      vertex 22.2221 27.1658 2
      vertex 21.7 24.85 2
      vertex 21.9154 24.8359 2
    endloop
  endfacet
  facet normal 0 0 1
    outer loop
      vertex 21.7 27.2 2
      vertex 21.7 24.85 2
      vertex 22.2221 27.1658 2
    endloop
  endfacet
  facet normal 0 0 1
    outer loop
      vertex 21.7 27.2 2
      vertex 21.4846 24.8359 2
      vertex 21.7 24.85 2
    endloop
  endfacet
  facet normal 0 0 1
    outer loop
      vertex 21.7 27.2 2
      vertex 21.2729 24.7938 2
      vertex 21.4846 24.8359 2
    endloop
  endfacet
  facet normal 0 0 1
    outer loop
      vertex 21.7 27.2 2
      vertex 21.0686 24.7244 2
      vertex 21.2729 24.7938 2
    endloop
  endfacet
  facet normal 0 0 1
    outer loop
      vertex 21.7 27.2 2
      vertex 20.875 24.6289 2
      vertex 21.0686 24.7244 2
    endloop
  endfacet
  facet normal -0 0 1
    outer loop
      vertex 18.5703 24.75 2
      vertex 20.875 24.6289 2
      vertex 21.7 27.2 2
    endloop
  endfacet
  facet normal 0 0 1
    outer loop
      vertex 20.875 24.6289 2
      vertex 18.5703 24.75 2
      vertex 20.6955 24.509 2
    endloop
  endfacet
  facet normal 0 0 1
    outer loop
      vertex 20.6955 24.509 2
      vertex 18.5703 24.75 2
      vertex 20.5333 24.3667 2
    endloop
  endfacet
  facet normal 0 0 1
    outer loop
      vertex 20.5333 24.3667 2
      vertex 18.5703 24.75 2
      vertex 20.391 24.2045 2
    endloop
  endfacet
  facet normal 0 0 1
    outer loop
      vertex 20.391 24.2045 2
      vertex 18.5703 24.75 2
      vertex 20.2711 24.025 2
    endloop
  endfacet
  facet normal 0 0 1
    outer loop
      vertex 20.1062 -22.7729 2
      vertex 18.5703 -24.75 2
      vertex 20.0641 -22.9846 2
    endloop
  endfacet
  facet normal 0 0 1
    outer loop
      vertex 20.1062 23.6271 2
      vertex 18.4664 24.5394 2
      vertex 20.0641 23.4154 2
    endloop
  endfacet
  facet normal 0 0 1
    outer loop
      vertex 20.1756 23.8314 2
      vertex 18.4664 24.5394 2
      vertex 20.1062 23.6271 2
    endloop
  endfacet
  facet normal -0 0 1
    outer loop
      vertex 18.4664 24.5394 2
      vertex 20.1756 23.8314 2
      vertex 18.5703 24.75 2
    endloop
  endfacet
  facet normal 0 0 1
    outer loop
      vertex 20.2711 24.025 2
      vertex 18.5703 24.75 2
      vertex 20.1756 23.8314 2
    endloop
  endfacet
  facet normal 0 0 1
    outer loop
      vertex 21.7 27.2 2
      vertex -18.5703 24.75 2
      vertex 18.5703 24.75 2
    endloop
  endfacet
  facet normal 0 0 1
    outer loop
      vertex -18.2299 -23.6568 2
      vertex -20.0641 -23.4154 2
      vertex -18.3193 -24.1059 2
    endloop
  endfacet
  facet normal 0 0 1
    outer loop
      vertex -18.4664 24.5394 2
      vertex -20.0641 23.4154 2
      vertex -20.05 23.2 2
    endloop
  endfacet
  facet normal 0 0 1
    outer loop
      vertex -18.4664 24.5394 2
      vertex -20.1062 23.6271 2
      vertex -20.0641 23.4154 2
    endloop
  endfacet
  facet normal 0 0 1
    outer loop
      vertex -18.4664 24.5394 2
      vertex -20.1756 23.8314 2
      vertex -20.1062 23.6271 2
    endloop
  endfacet
  facet normal 0 0 1
    outer loop
      vertex -18.5703 24.75 2
      vertex -20.2711 24.025 2
      vertex -20.1756 23.8314 2
    endloop
  endfacet
  facet normal 0 0 1
    outer loop
      vertex -18.5703 24.75 2
      vertex -20.391 24.2045 2
      vertex -20.2711 24.025 2
    endloop
  endfacet
  facet normal 0 0 1
    outer loop
      vertex -18.5703 24.75 2
      vertex -20.5333 24.3667 2
      vertex -20.391 24.2045 2
    endloop
  endfacet
  facet normal 0 0 1
    outer loop
      vertex -18.5703 24.75 2
      vertex -20.6955 24.509 2
      vertex -20.5333 24.3667 2
    endloop
  endfacet
  facet normal 0 0 1
    outer loop
      vertex -18.5703 24.75 2
      vertex -20.875 24.6289 2
      vertex -20.6955 24.509 2
    endloop
  endfacet
  facet normal -0 0 1
    outer loop
      vertex -21.7 27.2 2
      vertex -18.5703 24.75 2
      vertex 21.7 27.2 2
    endloop
  endfacet
  facet normal 0 0 1
    outer loop
      vertex -18.5703 24.75 2
      vertex -21.7 27.2 2
      vertex -20.875 24.6289 2
    endloop
  endfacet
  facet normal 0 0 1
    outer loop
      vertex -20.875 24.6289 2
      vertex -21.7 27.2 2
      vertex -21.0686 24.7244 2
    endloop
  endfacet
  facet normal 0 0 1
    outer loop
      vertex -21.0686 24.7244 2
      vertex -21.7 27.2 2
      vertex -21.2729 24.7938 2
    endloop
  endfacet
  facet normal 0 0 1
    outer loop
      vertex -21.2729 24.7938 2
      vertex -21.7 27.2 2
      vertex -21.4846 24.8359 2
    endloop
  endfacet
  facet normal 0 0 1
    outer loop
      vertex -21.7 27.2 2
      vertex -21.7 24.85 2
      vertex -21.4846 24.8359 2
    endloop
  endfacet
  facet normal 0 0 1
    outer loop
      vertex -21.7 27.2 2
      vertex -21.9154 24.8359 2
      vertex -21.7 24.85 2
    endloop
  endfacet
  facet normal -0 0 1
    outer loop
      vertex -22.2221 27.1658 2
      vertex -21.9154 24.8359 2
      vertex -21.7 27.2 2
    endloop
  endfacet
  facet normal 0 0 1
    outer loop
      vertex -21.9154 24.8359 2
      vertex -22.2221 27.1658 2
      vertex -22.1271 24.7938 2
    endloop
  endfacet
  facet normal -0 0 1
    outer loop
      vertex -22.7353 27.0637 2
      vertex -22.1271 24.7938 2
      vertex -22.2221 27.1658 2
    endloop
  endfacet
  facet normal 0 0 1
    outer loop
      vertex -22.1271 24.7938 2
      vertex -22.7353 27.0637 2
      vertex -22.3314 24.7244 2
    endloop
  endfacet
  facet normal -0 0 1
    outer loop
      vertex -23.2307 26.8955 2
      vertex -22.3314 24.7244 2
      vertex -22.7353 27.0637 2
    endloop
  endfacet
  facet normal 0 0 1
    outer loop
      vertex -22.3314 24.7244 2
      vertex -23.2307 26.8955 2
      vertex -22.525 24.6289 2
    endloop
  endfacet
  facet normal -0 0 1
    outer loop
      vertex -23.7 26.6641 2
      vertex -22.525 24.6289 2
      vertex -23.2307 26.8955 2
    endloop
  endfacet
  facet normal 0 0 1
    outer loop
      vertex -22.525 24.6289 2
      vertex -23.7 26.6641 2
      vertex -22.7045 24.509 2
    endloop
  endfacet
  facet normal -0 0 1
    outer loop
      vertex -24.135 26.3734 2
      vertex -22.7045 24.509 2
      vertex -23.7 26.6641 2
    endloop
  endfacet
  facet normal 0 0 1
    outer loop
      vertex -22.7045 24.509 2
      vertex -24.135 26.3734 2
      vertex -22.8667 24.3667 2
    endloop
  endfacet
  facet normal -0 0 1
    outer loop
      vertex -24.5284 26.0284 2
      vertex -22.8667 24.3667 2
      vertex -24.135 26.3734 2
    endloop
  endfacet
  facet normal 0 0 1
    outer loop
      vertex -22.8667 24.3667 2
      vertex -24.5284 26.0284 2
      vertex -23.009 24.2045 2
    endloop
  endfacet
  facet normal -0 0 1
    outer loop
      vertex -24.8734 25.635 2
      vertex -23.009 24.2045 2
      vertex -24.5284 26.0284 2
    endloop
  endfacet
  facet normal 0 0 1
    outer loop
      vertex -23.009 24.2045 2
      vertex -24.8734 25.635 2
      vertex -23.1289 24.025 2
    endloop
  endfacet
  facet normal 0 0 1
    outer loop
      vertex -23.1289 24.025 2
      vertex -25.1641 25.2 2
      vertex -23.2244 23.8314 2
    endloop
  endfacet
  facet normal -0 0 1
    outer loop
      vertex -25.1641 25.2 2
      vertex -23.1289 24.025 2
      vertex -24.8734 25.635 2
    endloop
  endfacet
  facet normal -0 0 1
    outer loop
      vertex 23.1289 -24.025 2
      vertex 25.1641 -25.2 2
      vertex 23.2244 -23.8314 2
    endloop
  endfacet
  facet normal 0 0 1
    outer loop
      vertex 25.1641 -25.2 2
      vertex 23.1289 -24.025 2
      vertex 24.8734 -25.635 2
    endloop
  endfacet
  facet normal -0 0 1
    outer loop
      vertex 23.009 -24.2045 2
      vertex 24.8734 -25.635 2
      vertex 23.1289 -24.025 2
    endloop
  endfacet
  facet normal 0 0 1
    outer loop
      vertex 24.8734 -25.635 2
      vertex 23.009 -24.2045 2
      vertex 24.5284 -26.0284 2
    endloop
  endfacet
  facet normal -0 0 1
    outer loop
      vertex 22.8667 -24.3667 2
      vertex 24.5284 -26.0284 2
      vertex 23.009 -24.2045 2
    endloop
  endfacet
  facet normal 0 0 1
    outer loop
      vertex 24.5284 -26.0284 2
      vertex 22.8667 -24.3667 2
      vertex 24.135 -26.3734 2
    endloop
  endfacet
  facet normal -0 0 1
    outer loop
      vertex 22.7045 -24.509 2
      vertex 24.135 -26.3734 2
      vertex 22.8667 -24.3667 2
    endloop
  endfacet
  facet normal 0 0 1
    outer loop
      vertex 24.135 -26.3734 2
      vertex 22.7045 -24.509 2
      vertex 23.7 -26.6641 2
    endloop
  endfacet
  facet normal -0 0 1
    outer loop
      vertex 22.525 -24.6289 2
      vertex 23.7 -26.6641 2
      vertex 22.7045 -24.509 2
    endloop
  endfacet
  facet normal 0 0 1
    outer loop
      vertex 23.7 -26.6641 2
      vertex 22.525 -24.6289 2
      vertex 23.2307 -26.8955 2
    endloop
  endfacet
  facet normal -0 0 1
    outer loop
      vertex 22.3314 -24.7244 2
      vertex 23.2307 -26.8955 2
      vertex 22.525 -24.6289 2
    endloop
  endfacet
  facet normal 0 0 1
    outer loop
      vertex 23.2307 -26.8955 2
      vertex 22.3314 -24.7244 2
      vertex 22.7353 -27.0637 2
    endloop
  endfacet
  facet normal -0 0 1
    outer loop
      vertex 22.1271 -24.7938 2
      vertex 22.7353 -27.0637 2
      vertex 22.3314 -24.7244 2
    endloop
  endfacet
  facet normal 0 0 1
    outer loop
      vertex 22.7353 -27.0637 2
      vertex 22.1271 -24.7938 2
      vertex 22.2221 -27.1658 2
    endloop
  endfacet
  facet normal -0 0 1
    outer loop
      vertex 21.9154 -24.8359 2
      vertex 22.2221 -27.1658 2
      vertex 22.1271 -24.7938 2
    endloop
  endfacet
  facet normal -0 0 1
    outer loop
      vertex 21.7 -24.85 2
      vertex 22.2221 -27.1658 2
      vertex 21.9154 -24.8359 2
    endloop
  endfacet
  facet normal 0 0 1
    outer loop
      vertex 21.7 -24.85 2
      vertex 21.7 -27.2 2
      vertex 22.2221 -27.1658 2
    endloop
  endfacet
  facet normal 0 0 1
    outer loop
      vertex 21.4846 -24.8359 2
      vertex 21.7 -27.2 2
      vertex 21.7 -24.85 2
    endloop
  endfacet
  facet normal 0 0 1
    outer loop
      vertex 21.2729 -24.7938 2
      vertex 21.7 -27.2 2
      vertex 21.4846 -24.8359 2
    endloop
  endfacet
  facet normal 0 0 1
    outer loop
      vertex 21.0686 -24.7244 2
      vertex 21.7 -27.2 2
      vertex 21.2729 -24.7938 2
    endloop
  endfacet
  facet normal 0 0 1
    outer loop
      vertex 20.875 -24.6289 2
      vertex 21.7 -27.2 2
      vertex 21.0686 -24.7244 2
    endloop
  endfacet
  facet normal 0 0 1
    outer loop
      vertex 18.5703 -24.75 2
      vertex 20.875 -24.6289 2
      vertex 20.6955 -24.509 2
    endloop
  endfacet
  facet normal 0 0 1
    outer loop
      vertex 18.5703 -24.75 2
      vertex 20.6955 -24.509 2
      vertex 20.5333 -24.3667 2
    endloop
  endfacet
  facet normal 0 0 1
    outer loop
      vertex 18.5703 -24.75 2
      vertex 20.5333 -24.3667 2
      vertex 20.391 -24.2045 2
    endloop
  endfacet
  facet normal 0 0 1
    outer loop
      vertex 18.5703 -24.75 2
      vertex 20.391 -24.2045 2
      vertex 20.2711 -24.025 2
    endloop
  endfacet
  facet normal 0 0 1
    outer loop
      vertex 18.5703 -24.75 2
      vertex 20.2711 -24.025 2
      vertex 20.1756 -23.8314 2
    endloop
  endfacet
  facet normal 0 0 1
    outer loop
      vertex 20.0641 -22.9846 2
      vertex 18.5703 -24.75 2
      vertex 20.05 -23.2 2
    endloop
  endfacet
  facet normal 0 0 1
    outer loop
      vertex 18.5703 -24.75 2
      vertex 20.0641 -23.4154 2
      vertex 20.05 -23.2 2
    endloop
  endfacet
  facet normal 0 0 1
    outer loop
      vertex 18.5703 -24.75 2
      vertex 20.1062 -23.6271 2
      vertex 20.0641 -23.4154 2
    endloop
  endfacet
  facet normal 0 0 1
    outer loop
      vertex 18.5703 -24.75 2
      vertex 20.1756 -23.8314 2
      vertex 20.1062 -23.6271 2
    endloop
  endfacet
  facet normal 0 0 1
    outer loop
      vertex 20.875 -24.6289 2
      vertex 18.5703 -24.75 2
      vertex 21.7 -27.2 2
    endloop
  endfacet
  facet normal -0 0 1
    outer loop
      vertex -18.5703 -24.75 2
      vertex 21.7 -27.2 2
      vertex 18.5703 -24.75 2
    endloop
  endfacet
  facet normal -0 0 1
    outer loop
      vertex -20.1062 -23.6271 2
      vertex -18.3193 -24.1059 2
      vertex -20.0641 -23.4154 2
    endloop
  endfacet
  facet normal 0 0 1
    outer loop
      vertex -18.3193 -24.1059 2
      vertex -20.1062 -23.6271 2
      vertex -18.4664 -24.5394 2
    endloop
  endfacet
  facet normal -0 0 1
    outer loop
      vertex -20.1756 -23.8314 2
      vertex -18.4664 -24.5394 2
      vertex -20.1062 -23.6271 2
    endloop
  endfacet
  facet normal 0 0 1
    outer loop
      vertex -18.4664 -24.5394 2
      vertex -20.1756 -23.8314 2
      vertex -18.5703 -24.75 2
    endloop
  endfacet
  facet normal -0 0 1
    outer loop
      vertex -20.2711 -24.025 2
      vertex -18.5703 -24.75 2
      vertex -20.1756 -23.8314 2
    endloop
  endfacet
  facet normal -0 0 1
    outer loop
      vertex -20.391 -24.2045 2
      vertex -18.5703 -24.75 2
      vertex -20.2711 -24.025 2
    endloop
  endfacet
  facet normal -0 0 1
    outer loop
      vertex -20.5333 -24.3667 2
      vertex -18.5703 -24.75 2
      vertex -20.391 -24.2045 2
    endloop
  endfacet
  facet normal -0 0 1
    outer loop
      vertex -20.6955 -24.509 2
      vertex -18.5703 -24.75 2
      vertex -20.5333 -24.3667 2
    endloop
  endfacet
  facet normal -0 0 1
    outer loop
      vertex -20.875 -24.6289 2
      vertex -18.5703 -24.75 2
      vertex -20.6955 -24.509 2
    endloop
  endfacet
  facet normal 0 0 1
    outer loop
      vertex -21.7 -27.2 2
      vertex -18.5703 -24.75 2
      vertex -20.875 -24.6289 2
    endloop
  endfacet
  facet normal 0 0 1
    outer loop
      vertex -21.7 -27.2 2
      vertex -20.875 -24.6289 2
      vertex -21.0686 -24.7244 2
    endloop
  endfacet
  facet normal 0 0 1
    outer loop
      vertex -21.7 -27.2 2
      vertex -21.0686 -24.7244 2
      vertex -21.2729 -24.7938 2
    endloop
  endfacet
  facet normal 0 0 1
    outer loop
      vertex -21.7 -27.2 2
      vertex -21.2729 -24.7938 2
      vertex -21.4846 -24.8359 2
    endloop
  endfacet
  facet normal 0 0 1
    outer loop
      vertex -18.5703 -24.75 2
      vertex -21.7 -27.2 2
      vertex 21.7 -27.2 2
    endloop
  endfacet
  facet normal -0 0 1
    outer loop
      vertex -21.7 -24.85 2
      vertex -21.7 -27.2 2
      vertex -21.4846 -24.8359 2
    endloop
  endfacet
  facet normal 0 0 1
    outer loop
      vertex -21.9154 -24.8359 2
      vertex -21.7 -27.2 2
      vertex -21.7 -24.85 2
    endloop
  endfacet
  facet normal 0 0 1
    outer loop
      vertex -22.2221 -27.1658 2
      vertex -21.9154 -24.8359 2
      vertex -22.1271 -24.7938 2
    endloop
  endfacet
  facet normal 0 0 1
    outer loop
      vertex -21.9154 -24.8359 2
      vertex -22.2221 -27.1658 2
      vertex -21.7 -27.2 2
    endloop
  endfacet
  facet normal 0 0 1
    outer loop
      vertex -22.7353 -27.0637 2
      vertex -22.1271 -24.7938 2
      vertex -22.3314 -24.7244 2
    endloop
  endfacet
  facet normal 0 0 1
    outer loop
      vertex -23.2307 -26.8955 2
      vertex -22.3314 -24.7244 2
      vertex -22.525 -24.6289 2
    endloop
  endfacet
  facet normal 0 0 1
    outer loop
      vertex -23.7 -26.6641 2
      vertex -22.525 -24.6289 2
      vertex -22.7045 -24.509 2
    endloop
  endfacet
  facet normal 0 0 1
    outer loop
      vertex -22.1271 -24.7938 2
      vertex -22.7353 -27.0637 2
      vertex -22.2221 -27.1658 2
    endloop
  endfacet
  facet normal 0 0 1
    outer loop
      vertex -24.135 -26.3734 2
      vertex -22.7045 -24.509 2
      vertex -22.8667 -24.3667 2
    endloop
  endfacet
  facet normal 0 0 1
    outer loop
      vertex -24.5284 -26.0284 2
      vertex -22.8667 -24.3667 2
      vertex -23.009 -24.2045 2
    endloop
  endfacet
  facet normal 0 0 1
    outer loop
      vertex -24.8734 -25.635 2
      vertex -23.009 -24.2045 2
      vertex -23.1289 -24.025 2
    endloop
  endfacet
  facet normal 0 0 1
    outer loop
      vertex -25.1641 -25.2 2
      vertex -23.1289 -24.025 2
      vertex -23.2244 -23.8314 2
    endloop
  endfacet
  facet normal 0 0 1
    outer loop
      vertex -22.3314 -24.7244 2
      vertex -23.2307 -26.8955 2
      vertex -22.7353 -27.0637 2
    endloop
  endfacet
  facet normal 0 0 1
    outer loop
      vertex -25.3955 -24.7307 2
      vertex -23.2244 -23.8314 2
      vertex -23.2938 -23.6271 2
    endloop
  endfacet
  facet normal 0 0 1
    outer loop
      vertex -25.5637 -24.2353 2
      vertex -23.2938 -23.6271 2
      vertex -23.3359 -23.4154 2
    endloop
  endfacet
  facet normal 0 0 1
    outer loop
      vertex -25.6658 -23.7221 2
      vertex -23.3359 -23.4154 2
      vertex -23.35 -23.2 2
    endloop
  endfacet
  facet normal 0 0 1
    outer loop
      vertex -22.525 -24.6289 2
      vertex -23.7 -26.6641 2
      vertex -23.2307 -26.8955 2
    endloop
  endfacet
  facet normal 0 0 1
    outer loop
      vertex -23.2938 -22.7729 2
      vertex -25.7 -23.2 2
      vertex -23.3359 -22.9846 2
    endloop
  endfacet
  facet normal -0 0 1
    outer loop
      vertex -25.3955 24.7307 2
      vertex -23.2244 23.8314 2
      vertex -25.1641 25.2 2
    endloop
  endfacet
  facet normal 0 0 1
    outer loop
      vertex -23.3359 -22.9846 2
      vertex -25.7 -23.2 2
      vertex -23.35 -23.2 2
    endloop
  endfacet
  facet normal 0 0 1
    outer loop
      vertex -23.2244 23.8314 2
      vertex -25.3955 24.7307 2
      vertex -23.2938 23.6271 2
    endloop
  endfacet
  facet normal 0 -0 1
    outer loop
      vertex -25.6658 -23.7221 2
      vertex -23.35 -23.2 2
      vertex -25.7 -23.2 2
    endloop
  endfacet
  facet normal -0 0 1
    outer loop
      vertex -25.5637 24.2353 2
      vertex -23.2938 23.6271 2
      vertex -25.3955 24.7307 2
    endloop
  endfacet
  facet normal 0 0 1
    outer loop
      vertex -22.7045 -24.509 2
      vertex -24.135 -26.3734 2
      vertex -23.7 -26.6641 2
    endloop
  endfacet
  facet normal 0 0 1
    outer loop
      vertex -23.2938 23.6271 2
      vertex -25.5637 24.2353 2
      vertex -23.3359 23.4154 2
    endloop
  endfacet
  facet normal 0 0 1
    outer loop
      vertex -22.8667 -24.3667 2
      vertex -24.5284 -26.0284 2
      vertex -24.135 -26.3734 2
    endloop
  endfacet
  facet normal -0 0 1
    outer loop
      vertex -25.6658 23.7221 2
      vertex -23.3359 23.4154 2
      vertex -25.5637 24.2353 2
    endloop
  endfacet
  facet normal 0 0 1
    outer loop
      vertex -23.009 -24.2045 2
      vertex -24.8734 -25.635 2
      vertex -24.5284 -26.0284 2
    endloop
  endfacet
  facet normal 0 0 1
    outer loop
      vertex -23.3359 23.4154 2
      vertex -25.6658 23.7221 2
      vertex -23.35 23.2 2
    endloop
  endfacet
  facet normal 0 0 1
    outer loop
      vertex -23.1289 -24.025 2
      vertex -25.1641 -25.2 2
      vertex -24.8734 -25.635 2
    endloop
  endfacet
  facet normal 0 0 1
    outer loop
      vertex -23.35 23.2 2
      vertex -25.6658 23.7221 2
      vertex -25.7 23.2 2
    endloop
  endfacet
  facet normal 0 0 1
    outer loop
      vertex -23.2244 -23.8314 2
      vertex -25.3955 -24.7307 2
      vertex -25.1641 -25.2 2
    endloop
  endfacet
  facet normal 0 0 1
    outer loop
      vertex -23.2938 -23.6271 2
      vertex -25.5637 -24.2353 2
      vertex -25.3955 -24.7307 2
    endloop
  endfacet
  facet normal 0 0 1
    outer loop
      vertex -23.3359 -23.4154 2
      vertex -25.6658 -23.7221 2
      vertex -25.5637 -24.2353 2
    endloop
  endfacet
  facet normal 0 0 1
    outer loop
      vertex 25.7 -23.2 2
      vertex 23.2938 -22.7729 2
      vertex 23.3359 -22.9846 2
    endloop
  endfacet
  facet normal 0 0 1
    outer loop
      vertex 25.7 -23.2 2
      vertex 23.2244 -22.5686 2
      vertex 23.2938 -22.7729 2
    endloop
  endfacet
  facet normal 0 0 1
    outer loop
      vertex 25.7 -23.2 2
      vertex 23.1289 -22.375 2
      vertex 23.2244 -22.5686 2
    endloop
  endfacet
  facet normal 0 0 1
    outer loop
      vertex 22.3314 -21.6756 2
      vertex 23.25 -20.0703 2
      vertex 23.0394 -19.9664 2
    endloop
  endfacet
  facet normal 0 0 1
    outer loop
      vertex 23.25 -20.0703 2
      vertex 23.009 -22.1955 2
      vertex 23.1289 -22.375 2
    endloop
  endfacet
  facet normal 0 0 1
    outer loop
      vertex 23.25 -20.0703 2
      vertex 22.8667 -22.0333 2
      vertex 23.009 -22.1955 2
    endloop
  endfacet
  facet normal 0 0 1
    outer loop
      vertex 23.25 -20.0703 2
      vertex 22.7045 -21.891 2
      vertex 22.8667 -22.0333 2
    endloop
  endfacet
  facet normal 0 0 1
    outer loop
      vertex 22.3314 -21.6756 2
      vertex 23.0394 -19.9664 2
      vertex 22.6059 -19.8193 2
    endloop
  endfacet
  facet normal 0 0 1
    outer loop
      vertex 23.25 -20.0703 2
      vertex 22.525 -21.7711 2
      vertex 22.7045 -21.891 2
    endloop
  endfacet
  facet normal 0 0 1
    outer loop
      vertex 23.25 -20.0703 2
      vertex 22.3314 -21.6756 2
      vertex 22.525 -21.7711 2
    endloop
  endfacet
  facet normal 0 0 1
    outer loop
      vertex 22.1271 -21.6062 2
      vertex 22.6059 -19.8193 2
      vertex 22.1568 -19.7299 2
    endloop
  endfacet
  facet normal 0 0 1
    outer loop
      vertex 22.6059 -19.8193 2
      vertex 22.1271 -21.6062 2
      vertex 22.3314 -21.6756 2
    endloop
  endfacet
  facet normal 0 0 1
    outer loop
      vertex 22.1568 -19.7299 2
      vertex 21.9154 -21.5641 2
      vertex 22.1271 -21.6062 2
    endloop
  endfacet
  facet normal 0 0 1
    outer loop
      vertex 21.7 -19.7 2
      vertex 21.9154 -21.5641 2
      vertex 22.1568 -19.7299 2
    endloop
  endfacet
  facet normal 0 0 1
    outer loop
      vertex 21.7 -19.7 2
      vertex 21.7 -21.55 2
      vertex 21.9154 -21.5641 2
    endloop
  endfacet
  facet normal 0 0 1
    outer loop
      vertex 21.7 -19.7 2
      vertex 21.4846 -21.5641 2
      vertex 21.7 -21.55 2
    endloop
  endfacet
  facet normal -0 0 1
    outer loop
      vertex 21.2432 -19.7299 2
      vertex 21.4846 -21.5641 2
      vertex 21.7 -19.7 2
    endloop
  endfacet
  facet normal 0 0 1
    outer loop
      vertex 21.4846 -21.5641 2
      vertex 21.2432 -19.7299 2
      vertex 21.2729 -21.6062 2
    endloop
  endfacet
  facet normal -0 0 1
    outer loop
      vertex 20.7941 -19.8193 2
      vertex 21.2729 -21.6062 2
      vertex 21.2432 -19.7299 2
    endloop
  endfacet
  facet normal -0 0 1
    outer loop
      vertex 20.75 -19.8342 2
      vertex 21.2729 -21.6062 2
      vertex 20.7941 -19.8193 2
    endloop
  endfacet
  facet normal 0 0 1
    outer loop
      vertex 21.2729 -21.6062 2
      vertex 20.75 -19.8342 2
      vertex 21.0686 -21.6756 2
    endloop
  endfacet
  facet normal 0 0 1
    outer loop
      vertex 21.0686 -21.6756 2
      vertex 20.75 -19.8342 2
      vertex 20.875 -21.7711 2
    endloop
  endfacet
  facet normal 0 0 1
    outer loop
      vertex 20.75 -19.8342 2
      vertex 20.6955 -21.891 2
      vertex 20.875 -21.7711 2
    endloop
  endfacet
  facet normal 0 0 1
    outer loop
      vertex 18.3342 22.25 2
      vertex 20.5333 22.0333 2
      vertex 20.391 22.1955 2
    endloop
  endfacet
  facet normal -0 0 1
    outer loop
      vertex 18.3342 22.25 2
      vertex 20.391 22.1955 2
      vertex 20.2711 22.375 2
    endloop
  endfacet
  facet normal 0 0 1
    outer loop
      vertex 20.75 -19.8342 2
      vertex 20.5333 -22.0333 2
      vertex 20.6955 -21.891 2
    endloop
  endfacet
  facet normal 0 0 1
    outer loop
      vertex 18.3342 22.25 2
      vertex 20.2711 22.375 2
      vertex 20.1756 22.5686 2
    endloop
  endfacet
  facet normal 0 0 1
    outer loop
      vertex 20.75 -19.8342 2
      vertex 20.391 -22.1955 2
      vertex 20.5333 -22.0333 2
    endloop
  endfacet
  facet normal 0 0 1
    outer loop
      vertex 20.0641 22.9846 2
      vertex 18.3342 22.25 2
      vertex 20.1062 22.7729 2
    endloop
  endfacet
  facet normal 0 0 1
    outer loop
      vertex 20.75 -19.8342 2
      vertex 20.2711 -22.375 2
      vertex 20.391 -22.1955 2
    endloop
  endfacet
  facet normal 0 0 1
    outer loop
      vertex 20.05 23.2 2
      vertex 18.3342 22.25 2
      vertex 20.0641 22.9846 2
    endloop
  endfacet
  facet normal 0 0 1
    outer loop
      vertex 20.75 -19.8342 2
      vertex 20.1756 -22.5686 2
      vertex 20.2711 -22.375 2
    endloop
  endfacet
  facet normal 0 0 1
    outer loop
      vertex 20.1062 22.7729 2
      vertex 18.3342 22.25 2
      vertex 20.1756 22.5686 2
    endloop
  endfacet
  facet normal 0 0 1
    outer loop
      vertex 18.5703 -24.75 2
      vertex 20.1756 -22.5686 2
      vertex 20.75 -19.8342 2
    endloop
  endfacet
  facet normal 0 0 1
    outer loop
      vertex 18.3342 22.25 2
      vertex 20.05 23.2 2
      vertex 18.4664 24.5394 2
    endloop
  endfacet
  facet normal 0 0 1
    outer loop
      vertex 20.5333 22.0333 2
      vertex 18.3342 22.25 2
      vertex 20.75 19.8342 2
    endloop
  endfacet
  facet normal 0 0 1
    outer loop
      vertex 20.0641 23.4154 2
      vertex 18.4664 24.5394 2
      vertex 20.05 23.2 2
    endloop
  endfacet
  facet normal 0 0 1
    outer loop
      vertex 20.1756 -22.5686 2
      vertex 18.5703 -24.75 2
      vertex 20.1062 -22.7729 2
    endloop
  endfacet
  facet normal -1 0 0
    outer loop
      vertex -11 -10.5 2
      vertex -11 -6.5 4
      vertex -11 -6.5 2
    endloop
  endfacet
  facet normal -1 -0 0
    outer loop
      vertex -11 -6.5 4
      vertex -11 -10.5 2
      vertex -11 -10.5 4
    endloop
  endfacet
  facet normal 0 1 -0
    outer loop
      vertex 11 -6.5 2
      vertex -11 -6.5 4
      vertex 11 -6.5 4
    endloop
  endfacet
  facet normal 0 1 0
    outer loop
      vertex -11 -6.5 4
      vertex 11 -6.5 2
      vertex -11 -6.5 2
    endloop
  endfacet
  facet normal 0 -1 0
    outer loop
      vertex -11 -10.5 2
      vertex 11 -10.5 4
      vertex -11 -10.5 4
    endloop
  endfacet
  facet normal 0 -1 -0
    outer loop
      vertex 11 -10.5 4
      vertex -11 -10.5 2
      vertex 11 -10.5 2
    endloop
  endfacet
  facet normal 1 -0 0
    outer loop
      vertex 11 18 4
      vertex 11 22 2
      vertex 11 22 4
    endloop
  endfacet
  facet normal 1 0 0
    outer loop
      vertex 11 22 2
      vertex 11 18 4
      vertex 11 18 2
    endloop
  endfacet
  facet normal -0 0 1
    outer loop
      vertex -11 22 4
      vertex 11 18 4
      vertex 11 22 4
    endloop
  endfacet
  facet normal 0 0 1
    outer loop
      vertex 11 18 4
      vertex -11 22 4
      vertex -11 18 4
    endloop
  endfacet
  facet normal -1 0 0
    outer loop
      vertex -11 18 2
      vertex -11 22 4
      vertex -11 22 2
    endloop
  endfacet
  facet normal -1 -0 0
    outer loop
      vertex -11 22 4
      vertex -11 18 2
      vertex -11 18 4
    endloop
  endfacet
  facet normal 0 1 -0
    outer loop
      vertex 11 22 2
      vertex -11 22 4
      vertex 11 22 4
    endloop
  endfacet
  facet normal 0 1 0
    outer loop
      vertex -11 22 4
      vertex 11 22 2
      vertex -11 22 2
    endloop
  endfacet
  facet normal 0 -1 0
    outer loop
      vertex -11 18 2
      vertex 11 18 4
      vertex -11 18 4
    endloop
  endfacet
  facet normal 0 -1 -0
    outer loop
      vertex 11 18 4
      vertex -11 18 2
      vertex 11 18 2
    endloop
  endfacet
  facet normal 0 1 0
    outer loop
      vertex -12.5 9.75 5.6
      vertex -13.8 9.75 5.6
      vertex -13.8 9.75 7.19999
    endloop
  endfacet
  facet normal 0 0 -1
    outer loop
      vertex -13.8 1.75 5.6
      vertex -12.5 9.75 5.6
      vertex -12.5 1.75 5.6
    endloop
  endfacet
  facet normal -0 0 -1
    outer loop
      vertex -12.5 9.75 5.6
      vertex -13.8 1.75 5.6
      vertex -13.8 9.75 5.6
    endloop
  endfacet
  facet normal 0 -1 0
    outer loop
      vertex -13.8 1.75 7.19999
      vertex -13.8 1.75 5.6
      vertex -12.5 1.75 5.6
    endloop
  endfacet
  facet normal 0.776112 -0 0.630595
    outer loop
      vertex -13.8 1.75 7.19999
      vertex -12.5 9.75 5.6
      vertex -13.8 9.75 7.19999
    endloop
  endfacet
  facet normal 0.776112 0 0.630595
    outer loop
      vertex -12.5 9.75 5.6
      vertex -13.8 1.75 7.19999
      vertex -12.5 1.75 5.6
    endloop
  endfacet
  facet normal -1 0 0
    outer loop
      vertex -13.8 1.75 5.6
      vertex -13.8 9.75 7.19999
      vertex -13.8 9.75 5.6
    endloop
  endfacet
  facet normal -1 -0 0
    outer loop
      vertex -13.8 9.75 7.19999
      vertex -13.8 1.75 5.6
      vertex -13.8 1.75 7.19999
    endloop
  endfacet
  facet normal 0 1 -0
    outer loop
      vertex 13.8 9.75 5.6
      vertex 12.5 9.75 5.6
      vertex 13.8 9.75 7.19999
    endloop
  endfacet
  facet normal 1 -0 0
    outer loop
      vertex 13.8 1.75 7.19999
      vertex 13.8 9.75 5.6
      vertex 13.8 9.75 7.19999
    endloop
  endfacet
  facet normal 1 0 0
    outer loop
      vertex 13.8 9.75 5.6
      vertex 13.8 1.75 7.19999
      vertex 13.8 1.75 5.6
    endloop
  endfacet
  facet normal 0 -1 -0
    outer loop
      vertex 13.8 1.75 7.19999
      vertex 12.5 1.75 5.6
      vertex 13.8 1.75 5.6
    endloop
  endfacet
  facet normal 0 0 -1
    outer loop
      vertex 12.5 1.75 5.6
      vertex 13.8 9.75 5.6
      vertex 13.8 1.75 5.6
    endloop
  endfacet
  facet normal -0 0 -1
    outer loop
      vertex 13.8 9.75 5.6
      vertex 12.5 1.75 5.6
      vertex 12.5 9.75 5.6
    endloop
  endfacet
  facet normal -0.776112 0 0.630595
    outer loop
      vertex 12.5 1.75 5.6
      vertex 13.8 9.75 7.19999
      vertex 12.5 9.75 5.6
    endloop
  endfacet
  facet normal -0.776112 0 0.630595
    outer loop
      vertex 13.8 9.75 7.19999
      vertex 12.5 1.75 5.6
      vertex 13.8 1.75 7.19999
    endloop
  endfacet
  facet normal 0.321498 -0.94691 0
    outer loop
      vertex 22.7353 -27.0637 0
      vertex 23.2307 -26.8955 2
      vertex 22.7353 -27.0637 2
    endloop
  endfacet
  facet normal 0.321498 -0.94691 0
    outer loop
      vertex 23.2307 -26.8955 2
      vertex 22.7353 -27.0637 0
      vertex 23.2307 -26.8955 0
    endloop
  endfacet
  facet normal 0.751842 0.659343 0
    outer loop
      vertex 24.8734 25.635 2
      vertex 24.5284 26.0284 0
      vertex 24.5284 26.0284 2
    endloop
  endfacet
  facet normal 0.751842 0.659343 0
    outer loop
      vertex 24.5284 26.0284 0
      vertex 24.8734 25.635 2
      vertex 24.8734 25.635 0
    endloop
  endfacet
  facet normal 0 -1 0
    outer loop
      vertex -21.7 -27.2 0
      vertex 21.7 -27.2 2
      vertex -21.7 -27.2 2
    endloop
  endfacet
  facet normal 0 -1 -0
    outer loop
      vertex 21.7 -27.2 2
      vertex -21.7 -27.2 0
      vertex 21.7 -27.2 0
    endloop
  endfacet
  facet normal 0.195124 -0.980779 0
    outer loop
      vertex 22.2221 -27.1658 0
      vertex 22.7353 -27.0637 2
      vertex 22.2221 -27.1658 2
    endloop
  endfacet
  facet normal 0.195124 -0.980779 0
    outer loop
      vertex 22.7353 -27.0637 2
      vertex 22.2221 -27.1658 0
      vertex 22.7353 -27.0637 0
    endloop
  endfacet
  facet normal 0.831432 0.555626 0
    outer loop
      vertex 25.1641 25.2 2
      vertex 24.8734 25.635 0
      vertex 24.8734 25.635 2
    endloop
  endfacet
  facet normal 0.831432 0.555626 0
    outer loop
      vertex 24.8734 25.635 0
      vertex 25.1641 25.2 2
      vertex 25.1641 25.2 0
    endloop
  endfacet
  facet normal 0.0653646 -0.997861 0
    outer loop
      vertex 21.7 -27.2 0
      vertex 22.2221 -27.1658 2
      vertex 21.7 -27.2 2
    endloop
  endfacet
  facet normal 0.0653646 -0.997861 0
    outer loop
      vertex 22.2221 -27.1658 2
      vertex 21.7 -27.2 0
      vertex 22.2221 -27.1658 0
    endloop
  endfacet
  facet normal -0.896898 -0.442238 0
    outer loop
      vertex -25.1641 -25.2 0
      vertex -25.3955 -24.7307 2
      vertex -25.3955 -24.7307 0
    endloop
  endfacet
  facet normal -0.896898 -0.442238 0
    outer loop
      vertex -25.3955 -24.7307 2
      vertex -25.1641 -25.2 0
      vertex -25.1641 -25.2 2
    endloop
  endfacet
  facet normal -0.94691 0.321498 0
    outer loop
      vertex -25.5637 24.2353 0
      vertex -25.3955 24.7307 2
      vertex -25.3955 24.7307 0
    endloop
  endfacet
  facet normal -0.94691 0.321498 0
    outer loop
      vertex -25.3955 24.7307 2
      vertex -25.5637 24.2353 0
      vertex -25.5637 24.2353 2
    endloop
  endfacet
  facet normal 0.980779 -0.195124 0
    outer loop
      vertex 25.5637 -24.2353 2
      vertex 25.6658 -23.7221 0
      vertex 25.6658 -23.7221 2
    endloop
  endfacet
  facet normal 0.980779 -0.195124 0
    outer loop
      vertex 25.6658 -23.7221 0
      vertex 25.5637 -24.2353 2
      vertex 25.5637 -24.2353 0
    endloop
  endfacet
  facet normal 0.195124 0.980779 -0
    outer loop
      vertex 22.7353 27.0637 0
      vertex 22.2221 27.1658 2
      vertex 22.7353 27.0637 2
    endloop
  endfacet
  facet normal 0.195124 0.980779 0
    outer loop
      vertex 22.2221 27.1658 2
      vertex 22.7353 27.0637 0
      vertex 22.2221 27.1658 0
    endloop
  endfacet
  facet normal -0.555626 0.831432 0
    outer loop
      vertex -23.7 26.6641 0
      vertex -24.135 26.3734 2
      vertex -23.7 26.6641 2
    endloop
  endfacet
  facet normal -0.555626 0.831432 0
    outer loop
      vertex -24.135 26.3734 2
      vertex -23.7 26.6641 0
      vertex -24.135 26.3734 0
    endloop
  endfacet
  facet normal 0.831432 -0.555626 0
    outer loop
      vertex 24.8734 -25.635 2
      vertex 25.1641 -25.2 0
      vertex 25.1641 -25.2 2
    endloop
  endfacet
  facet normal 0.831432 -0.555626 0
    outer loop
      vertex 25.1641 -25.2 0
      vertex 24.8734 -25.635 2
      vertex 24.8734 -25.635 0
    endloop
  endfacet
  facet normal 0.659343 0.751842 -0
    outer loop
      vertex 24.5284 26.0284 0
      vertex 24.135 26.3734 2
      vertex 24.5284 26.0284 2
    endloop
  endfacet
  facet normal 0.659343 0.751842 0
    outer loop
      vertex 24.135 26.3734 2
      vertex 24.5284 26.0284 0
      vertex 24.135 26.3734 0
    endloop
  endfacet
  facet normal -0.442238 -0.896898 0
    outer loop
      vertex -23.7 -26.6641 0
      vertex -23.2307 -26.8955 2
      vertex -23.7 -26.6641 2
    endloop
  endfacet
  facet normal -0.442238 -0.896898 -0
    outer loop
      vertex -23.2307 -26.8955 2
      vertex -23.7 -26.6641 0
      vertex -23.2307 -26.8955 0
    endloop
  endfacet
  facet normal 0.980779 0.195124 0
    outer loop
      vertex 25.6658 23.7221 2
      vertex 25.5637 24.2353 0
      vertex 25.5637 24.2353 2
    endloop
  endfacet
  facet normal 0.980779 0.195124 0
    outer loop
      vertex 25.5637 24.2353 0
      vertex 25.6658 23.7221 2
      vertex 25.6658 23.7221 0
    endloop
  endfacet
  facet normal 1 -0 0
    outer loop
      vertex 25.7 -23.2 2
      vertex 25.7 23.2 0
      vertex 25.7 23.2 2
    endloop
  endfacet
  facet normal 1 0 0
    outer loop
      vertex 25.7 23.2 0
      vertex 25.7 -23.2 2
      vertex 25.7 -23.2 0
    endloop
  endfacet
  facet normal -0.997861 -0.0653646 0
    outer loop
      vertex -25.6658 -23.7221 0
      vertex -25.7 -23.2 2
      vertex -25.7 -23.2 0
    endloop
  endfacet
  facet normal -0.997861 -0.0653646 0
    outer loop
      vertex -25.7 -23.2 2
      vertex -25.6658 -23.7221 0
      vertex -25.6658 -23.7221 2
    endloop
  endfacet
  facet normal -1 0 0
    outer loop
      vertex -25.7 -23.2 0
      vertex -25.7 23.2 2
      vertex -25.7 23.2 0
    endloop
  endfacet
  facet normal -1 -0 0
    outer loop
      vertex -25.7 23.2 2
      vertex -25.7 -23.2 0
      vertex -25.7 -23.2 2
    endloop
  endfacet
  facet normal 0.442238 0.896898 -0
    outer loop
      vertex 23.7 26.6641 0
      vertex 23.2307 26.8955 2
      vertex 23.7 26.6641 2
    endloop
  endfacet
  facet normal 0.442238 0.896898 0
    outer loop
      vertex 23.2307 26.8955 2
      vertex 23.7 26.6641 0
      vertex 23.2307 26.8955 0
    endloop
  endfacet
  facet normal -0.0653646 0.997861 0
    outer loop
      vertex -21.7 27.2 0
      vertex -22.2221 27.1658 2
      vertex -21.7 27.2 2
    endloop
  endfacet
  facet normal -0.0653646 0.997861 0
    outer loop
      vertex -22.2221 27.1658 2
      vertex -21.7 27.2 0
      vertex -22.2221 27.1658 0
    endloop
  endfacet
  facet normal 0.94691 0.321498 0
    outer loop
      vertex 25.5637 24.2353 2
      vertex 25.3955 24.7307 0
      vertex 25.3955 24.7307 2
    endloop
  endfacet
  facet normal 0.94691 0.321498 0
    outer loop
      vertex 25.3955 24.7307 0
      vertex 25.5637 24.2353 2
      vertex 25.5637 24.2353 0
    endloop
  endfacet
  facet normal -0.0653646 -0.997861 0
    outer loop
      vertex -22.2221 -27.1658 0
      vertex -21.7 -27.2 2
      vertex -22.2221 -27.1658 2
    endloop
  endfacet
  facet normal -0.0653646 -0.997861 -0
    outer loop
      vertex -21.7 -27.2 2
      vertex -22.2221 -27.1658 0
      vertex -21.7 -27.2 0
    endloop
  endfacet
  facet normal 0.321498 0.94691 -0
    outer loop
      vertex 23.2307 26.8955 0
      vertex 22.7353 27.0637 2
      vertex 23.2307 26.8955 2
    endloop
  endfacet
  facet normal 0.321498 0.94691 0
    outer loop
      vertex 22.7353 27.0637 2
      vertex 23.2307 26.8955 0
      vertex 22.7353 27.0637 0
    endloop
  endfacet
  facet normal -0.442238 0.896898 0
    outer loop
      vertex -23.2307 26.8955 0
      vertex -23.7 26.6641 2
      vertex -23.2307 26.8955 2
    endloop
  endfacet
  facet normal -0.442238 0.896898 0
    outer loop
      vertex -23.7 26.6641 2
      vertex -23.2307 26.8955 0
      vertex -23.7 26.6641 0
    endloop
  endfacet
  facet normal -0.751842 -0.659343 0
    outer loop
      vertex -24.5284 -26.0284 0
      vertex -24.8734 -25.635 2
      vertex -24.8734 -25.635 0
    endloop
  endfacet
  facet normal -0.751842 -0.659343 0
    outer loop
      vertex -24.8734 -25.635 2
      vertex -24.5284 -26.0284 0
      vertex -24.5284 -26.0284 2
    endloop
  endfacet
  facet normal 0 1 -0
    outer loop
      vertex 21.7 27.2 0
      vertex -21.7 27.2 2
      vertex 21.7 27.2 2
    endloop
  endfacet
  facet normal 0 1 0
    outer loop
      vertex -21.7 27.2 2
      vertex 21.7 27.2 0
      vertex -21.7 27.2 0
    endloop
  endfacet
  facet normal 0.896898 -0.442238 0
    outer loop
      vertex 25.1641 -25.2 2
      vertex 25.3955 -24.7307 0
      vertex 25.3955 -24.7307 2
    endloop
  endfacet
  facet normal 0.896898 -0.442238 0
    outer loop
      vertex 25.3955 -24.7307 0
      vertex 25.1641 -25.2 2
      vertex 25.1641 -25.2 0
    endloop
  endfacet
  facet normal -0.997861 0.0653646 0
    outer loop
      vertex -25.7 23.2 0
      vertex -25.6658 23.7221 2
      vertex -25.6658 23.7221 0
    endloop
  endfacet
  facet normal -0.997861 0.0653646 0
    outer loop
      vertex -25.6658 23.7221 2
      vertex -25.7 23.2 0
      vertex -25.7 23.2 2
    endloop
  endfacet
  facet normal -0.980779 0.195124 0
    outer loop
      vertex -25.6658 23.7221 0
      vertex -25.5637 24.2353 2
      vertex -25.5637 24.2353 0
    endloop
  endfacet
  facet normal -0.980779 0.195124 0
    outer loop
      vertex -25.5637 24.2353 2
      vertex -25.6658 23.7221 0
      vertex -25.6658 23.7221 2
    endloop
  endfacet
  facet normal -0.831432 -0.555626 0
    outer loop
      vertex -24.8734 -25.635 0
      vertex -25.1641 -25.2 2
      vertex -25.1641 -25.2 0
    endloop
  endfacet
  facet normal -0.831432 -0.555626 0
    outer loop
      vertex -25.1641 -25.2 2
      vertex -24.8734 -25.635 0
      vertex -24.8734 -25.635 2
    endloop
  endfacet
  facet normal -0.195124 -0.980779 0
    outer loop
      vertex -22.7353 -27.0637 0
      vertex -22.2221 -27.1658 2
      vertex -22.7353 -27.0637 2
    endloop
  endfacet
  facet normal -0.195124 -0.980779 -0
    outer loop
      vertex -22.2221 -27.1658 2
      vertex -22.7353 -27.0637 0
      vertex -22.2221 -27.1658 0
    endloop
  endfacet
  facet normal -0.659343 0.751842 0
    outer loop
      vertex -24.135 26.3734 0
      vertex -24.5284 26.0284 2
      vertex -24.135 26.3734 2
    endloop
  endfacet
  facet normal -0.659343 0.751842 0
    outer loop
      vertex -24.5284 26.0284 2
      vertex -24.135 26.3734 0
      vertex -24.5284 26.0284 0
    endloop
  endfacet
  facet normal -0.751842 0.659343 0
    outer loop
      vertex -24.8734 25.635 0
      vertex -24.5284 26.0284 2
      vertex -24.5284 26.0284 0
    endloop
  endfacet
  facet normal -0.751842 0.659343 0
    outer loop
      vertex -24.5284 26.0284 2
      vertex -24.8734 25.635 0
      vertex -24.8734 25.635 2
    endloop
  endfacet
  facet normal -0.195124 0.980779 0
    outer loop
      vertex -22.2221 27.1658 0
      vertex -22.7353 27.0637 2
      vertex -22.2221 27.1658 2
    endloop
  endfacet
  facet normal -0.195124 0.980779 0
    outer loop
      vertex -22.7353 27.0637 2
      vertex -22.2221 27.1658 0
      vertex -22.7353 27.0637 0
    endloop
  endfacet
  facet normal -0.321498 0.94691 0
    outer loop
      vertex -22.7353 27.0637 0
      vertex -23.2307 26.8955 2
      vertex -22.7353 27.0637 2
    endloop
  endfacet
  facet normal -0.321498 0.94691 0
    outer loop
      vertex -23.2307 26.8955 2
      vertex -22.7353 27.0637 0
      vertex -23.2307 26.8955 0
    endloop
  endfacet
  facet normal 0.997861 0.0653646 0
    outer loop
      vertex 25.7 23.2 2
      vertex 25.6658 23.7221 0
      vertex 25.6658 23.7221 2
    endloop
  endfacet
  facet normal 0.997861 0.0653646 0
    outer loop
      vertex 25.6658 23.7221 0
      vertex 25.7 23.2 2
      vertex 25.7 23.2 0
    endloop
  endfacet
  facet normal -0.831432 0.555626 0
    outer loop
      vertex -25.1641 25.2 0
      vertex -24.8734 25.635 2
      vertex -24.8734 25.635 0
    endloop
  endfacet
  facet normal -0.831432 0.555626 0
    outer loop
      vertex -24.8734 25.635 2
      vertex -25.1641 25.2 0
      vertex -25.1641 25.2 2
    endloop
  endfacet
  facet normal -0.659343 -0.751842 0
    outer loop
      vertex -24.5284 -26.0284 0
      vertex -24.135 -26.3734 2
      vertex -24.5284 -26.0284 2
    endloop
  endfacet
  facet normal -0.659343 -0.751842 -0
    outer loop
      vertex -24.135 -26.3734 2
      vertex -24.5284 -26.0284 0
      vertex -24.135 -26.3734 0
    endloop
  endfacet
  facet normal -0.555626 -0.831432 0
    outer loop
      vertex -24.135 -26.3734 0
      vertex -23.7 -26.6641 2
      vertex -24.135 -26.3734 2
    endloop
  endfacet
  facet normal -0.555626 -0.831432 -0
    outer loop
      vertex -23.7 -26.6641 2
      vertex -24.135 -26.3734 0
      vertex -23.7 -26.6641 0
    endloop
  endfacet
  facet normal -0.980779 -0.195124 0
    outer loop
      vertex -25.5637 -24.2353 0
      vertex -25.6658 -23.7221 2
      vertex -25.6658 -23.7221 0
    endloop
  endfacet
  facet normal -0.980779 -0.195124 0
    outer loop
      vertex -25.6658 -23.7221 2
      vertex -25.5637 -24.2353 0
      vertex -25.5637 -24.2353 2
    endloop
  endfacet
  facet normal 0.94691 -0.321498 0
    outer loop
      vertex 25.3955 -24.7307 2
      vertex 25.5637 -24.2353 0
      vertex 25.5637 -24.2353 2
    endloop
  endfacet
  facet normal 0.94691 -0.321498 0
    outer loop
      vertex 25.5637 -24.2353 0
      vertex 25.3955 -24.7307 2
      vertex 25.3955 -24.7307 0
    endloop
  endfacet
  facet normal 0.555626 0.831432 -0
    outer loop
      vertex 24.135 26.3734 0
      vertex 23.7 26.6641 2
      vertex 24.135 26.3734 2
    endloop
  endfacet
  facet normal 0.555626 0.831432 0
    outer loop
      vertex 23.7 26.6641 2
      vertex 24.135 26.3734 0
      vertex 23.7 26.6641 0
    endloop
  endfacet
  facet normal -0.321498 -0.94691 0
    outer loop
      vertex -23.2307 -26.8955 0
      vertex -22.7353 -27.0637 2
      vertex -23.2307 -26.8955 2
    endloop
  endfacet
  facet normal -0.321498 -0.94691 -0
    outer loop
      vertex -22.7353 -27.0637 2
      vertex -23.2307 -26.8955 0
      vertex -22.7353 -27.0637 0
    endloop
  endfacet
  facet normal -0.896898 0.442238 0
    outer loop
      vertex -25.3955 24.7307 0
      vertex -25.1641 25.2 2
      vertex -25.1641 25.2 0
    endloop
  endfacet
  facet normal -0.896898 0.442238 0
    outer loop
      vertex -25.1641 25.2 2
      vertex -25.3955 24.7307 0
      vertex -25.3955 24.7307 2
    endloop
  endfacet
  facet normal 0 0 -1
    outer loop
      vertex -19.3426 -22.1321 0
      vertex 19.4551 -21.9039 0
      vertex -19.3052 -22.208 0
    endloop
  endfacet
  facet normal 0 0 -1
    outer loop
      vertex 19.8671 21.3671 0
      vertex -19.1245 22.9461 0
      vertex -19.1078 23.2 0
    endloop
  endfacet
  facet normal 0 0 -1
    outer loop
      vertex -19.4551 -21.9039 0
      vertex 19.4551 -21.9039 0
      vertex -19.3426 -22.1321 0
    endloop
  endfacet
  facet normal 0 0 -1
    outer loop
      vertex 19.8671 21.3671 0
      vertex -19.13 22.8617 0
      vertex -19.1245 22.9461 0
    endloop
  endfacet
  facet normal 0 0 -1
    outer loop
      vertex 19.4551 -21.9039 0
      vertex -19.4551 -21.9039 0
      vertex 19.5965 -21.6924 0
    endloop
  endfacet
  facet normal 0 0 -1
    outer loop
      vertex 19.8671 21.3671 0
      vertex -19.1797 22.6121 0
      vertex -19.13 22.8617 0
    endloop
  endfacet
  facet normal -0 0 -1
    outer loop
      vertex 19.5965 -21.6924 0
      vertex -19.4551 -21.9039 0
      vertex 19.6435 -21.622 0
    endloop
  endfacet
  facet normal 0 0 -1
    outer loop
      vertex 19.8671 21.3671 0
      vertex -19.1962 22.5291 0
      vertex -19.1797 22.6121 0
    endloop
  endfacet
  facet normal 0 0 -1
    outer loop
      vertex -19.5965 -21.6924 0
      vertex 19.6435 -21.622 0
      vertex -19.4551 -21.9039 0
    endloop
  endfacet
  facet normal 0 0 -1
    outer loop
      vertex 19.8671 21.3671 0
      vertex -19.2234 22.449 0
      vertex -19.1962 22.5291 0
    endloop
  endfacet
  facet normal 0 0 -1
    outer loop
      vertex -19.6435 -21.622 0
      vertex 19.6435 -21.622 0
      vertex -19.5965 -21.6924 0
    endloop
  endfacet
  facet normal 0 0 -1
    outer loop
      vertex 19.8671 21.3671 0
      vertex -19.3052 22.208 0
      vertex -19.2234 22.449 0
    endloop
  endfacet
  facet normal 0 0 -1
    outer loop
      vertex 19.6435 -21.622 0
      vertex -19.6435 -21.622 0
      vertex 19.6993 -21.5584 0
    endloop
  endfacet
  facet normal 0 0 -1
    outer loop
      vertex 19.8671 21.3671 0
      vertex -19.3426 22.1321 0
      vertex -19.3052 22.208 0
    endloop
  endfacet
  facet normal -0 0 -1
    outer loop
      vertex 19.6993 -21.5584 0
      vertex -19.6435 -21.622 0
      vertex 19.8671 -21.3671 0
    endloop
  endfacet
  facet normal 0 0 -1
    outer loop
      vertex 19.8671 21.3671 0
      vertex -19.4551 21.9039 0
      vertex -19.3426 22.1321 0
    endloop
  endfacet
  facet normal 0 0 -1
    outer loop
      vertex -19.6993 -21.5584 0
      vertex 19.8671 -21.3671 0
      vertex -19.6435 -21.622 0
    endloop
  endfacet
  facet normal 0 0 -1
    outer loop
      vertex 19.8671 21.3671 0
      vertex -19.5965 21.6924 0
      vertex -19.4551 21.9039 0
    endloop
  endfacet
  facet normal 0 0 -1
    outer loop
      vertex -19.8671 -21.3671 0
      vertex 19.8671 -21.3671 0
      vertex -19.6993 -21.5584 0
    endloop
  endfacet
  facet normal 0 0 -1
    outer loop
      vertex 19.8671 21.3671 0
      vertex -19.6435 21.622 0
      vertex -19.5965 21.6924 0
    endloop
  endfacet
  facet normal 0 0 -1
    outer loop
      vertex 19.8671 -21.3671 0
      vertex -19.8671 -21.3671 0
      vertex 19.8671 21.3671 0
    endloop
  endfacet
  facet normal 0 0 -1
    outer loop
      vertex 19.8671 21.3671 0
      vertex -19.6993 21.5584 0
      vertex -19.6435 21.622 0
    endloop
  endfacet
  facet normal 0 0 -1
    outer loop
      vertex -19.8671 21.3671 0
      vertex 19.8671 21.3671 0
      vertex -19.8671 -21.3671 0
    endloop
  endfacet
  facet normal 0 0 -1
    outer loop
      vertex 19.8671 21.3671 0
      vertex -19.8671 21.3671 0
      vertex -19.6993 21.5584 0
    endloop
  endfacet
  facet normal 0 0 -1
    outer loop
      vertex -20.0584 -21.1993 0
      vertex -19.8671 21.3671 0
      vertex -19.8671 -21.3671 0
    endloop
  endfacet
  facet normal 0 0 -1
    outer loop
      vertex -20.0584 -21.1993 0
      vertex -20.0584 21.1993 0
      vertex -19.8671 21.3671 0
    endloop
  endfacet
  facet normal 0 0 -1
    outer loop
      vertex -20.122 -21.1435 0
      vertex -20.0584 21.1993 0
      vertex -20.0584 -21.1993 0
    endloop
  endfacet
  facet normal 0 0 -1
    outer loop
      vertex -20.122 -21.1435 0
      vertex -20.122 21.1435 0
      vertex -20.0584 21.1993 0
    endloop
  endfacet
  facet normal 0 0 -1
    outer loop
      vertex -20.1924 -21.0965 0
      vertex -20.122 21.1435 0
      vertex -20.122 -21.1435 0
    endloop
  endfacet
  facet normal 0 0 -1
    outer loop
      vertex -20.1924 -21.0965 0
      vertex -20.1924 21.0965 0
      vertex -20.122 21.1435 0
    endloop
  endfacet
  facet normal 0 0 -1
    outer loop
      vertex -20.4039 -20.9551 0
      vertex -20.1924 21.0965 0
      vertex -20.1924 -21.0965 0
    endloop
  endfacet
  facet normal 0 0 -1
    outer loop
      vertex -20.4039 -20.9551 0
      vertex -20.4039 20.9551 0
      vertex -20.1924 21.0965 0
    endloop
  endfacet
  facet normal 0 0 -1
    outer loop
      vertex -20.6321 -20.8426 0
      vertex -20.4039 20.9551 0
      vertex -20.4039 -20.9551 0
    endloop
  endfacet
  facet normal 0 0 -1
    outer loop
      vertex -20.6321 -20.8426 0
      vertex -20.6321 20.8426 0
      vertex -20.4039 20.9551 0
    endloop
  endfacet
  facet normal 0 0 -1
    outer loop
      vertex -20.708 -20.8052 0
      vertex -20.6321 20.8426 0
      vertex -20.6321 -20.8426 0
    endloop
  endfacet
  facet normal 0 0 -1
    outer loop
      vertex -20.708 -20.8052 0
      vertex -20.708 20.8052 0
      vertex -20.6321 20.8426 0
    endloop
  endfacet
  facet normal 0 0 -1
    outer loop
      vertex -20.949 -20.7234 0
      vertex -20.708 20.8052 0
      vertex -20.708 -20.8052 0
    endloop
  endfacet
  facet normal 0 0 -1
    outer loop
      vertex -20.949 -20.7234 0
      vertex -20.949 20.7234 0
      vertex -20.708 20.8052 0
    endloop
  endfacet
  facet normal 0 0 -1
    outer loop
      vertex -21.0291 -20.6962 0
      vertex -20.949 20.7234 0
      vertex -20.949 -20.7234 0
    endloop
  endfacet
  facet normal 0 0 -1
    outer loop
      vertex -21.0291 -20.6962 0
      vertex -21.0291 20.6962 0
      vertex -20.949 20.7234 0
    endloop
  endfacet
  facet normal 0 0 -1
    outer loop
      vertex -21.1121 -20.6797 0
      vertex -21.0291 20.6962 0
      vertex -21.0291 -20.6962 0
    endloop
  endfacet
  facet normal 0 0 -1
    outer loop
      vertex -21.1121 -20.6797 0
      vertex -21.1121 20.6797 0
      vertex -21.0291 20.6962 0
    endloop
  endfacet
  facet normal 0 0 -1
    outer loop
      vertex -21.3617 -20.63 0
      vertex -21.1121 20.6797 0
      vertex -21.1121 -20.6797 0
    endloop
  endfacet
  facet normal 0 0 -1
    outer loop
      vertex -21.3617 -20.63 0
      vertex -21.3617 20.63 0
      vertex -21.1121 20.6797 0
    endloop
  endfacet
  facet normal 0 0 -1
    outer loop
      vertex -21.4461 -20.6245 0
      vertex -21.3617 20.63 0
      vertex -21.3617 -20.63 0
    endloop
  endfacet
  facet normal 0 0 -1
    outer loop
      vertex -21.4461 -20.6245 0
      vertex -21.4461 20.6245 0
      vertex -21.3617 20.63 0
    endloop
  endfacet
  facet normal 0 0 -1
    outer loop
      vertex -21.7 -20.6078 0
      vertex -21.4461 20.6245 0
      vertex -21.4461 -20.6245 0
    endloop
  endfacet
  facet normal 0 0 -1
    outer loop
      vertex -21.7 -20.6078 0
      vertex -21.7 20.6078 0
      vertex -21.4461 20.6245 0
    endloop
  endfacet
  facet normal 0 0 -1
    outer loop
      vertex -21.9539 -20.6245 0
      vertex -21.7 20.6078 0
      vertex -21.7 -20.6078 0
    endloop
  endfacet
  facet normal 0 0 -1
    outer loop
      vertex -21.9539 -20.6245 0
      vertex -21.9539 20.6245 0
      vertex -21.7 20.6078 0
    endloop
  endfacet
  facet normal 0 0 -1
    outer loop
      vertex -22.0383 -20.63 0
      vertex -21.9539 20.6245 0
      vertex -21.9539 -20.6245 0
    endloop
  endfacet
  facet normal 0 0 -1
    outer loop
      vertex -22.0383 -20.63 0
      vertex -22.0383 20.63 0
      vertex -21.9539 20.6245 0
    endloop
  endfacet
  facet normal 0 0 -1
    outer loop
      vertex -22.2879 -20.6797 0
      vertex -22.0383 20.63 0
      vertex -22.0383 -20.63 0
    endloop
  endfacet
  facet normal 0 0 -1
    outer loop
      vertex -22.2879 -20.6797 0
      vertex -22.2879 20.6797 0
      vertex -22.0383 20.63 0
    endloop
  endfacet
  facet normal 0 0 -1
    outer loop
      vertex -22.3709 -20.6962 0
      vertex -22.2879 20.6797 0
      vertex -22.2879 -20.6797 0
    endloop
  endfacet
  facet normal 0 0 -1
    outer loop
      vertex -22.3709 -20.6962 0
      vertex -22.3709 20.6962 0
      vertex -22.2879 20.6797 0
    endloop
  endfacet
  facet normal 0 0 -1
    outer loop
      vertex -22.451 -20.7234 0
      vertex -22.3709 20.6962 0
      vertex -22.3709 -20.6962 0
    endloop
  endfacet
  facet normal 0 0 -1
    outer loop
      vertex -22.451 -20.7234 0
      vertex -22.451 20.7234 0
      vertex -22.3709 20.6962 0
    endloop
  endfacet
  facet normal 0 0 -1
    outer loop
      vertex -22.692 -20.8052 0
      vertex -22.451 20.7234 0
      vertex -22.451 -20.7234 0
    endloop
  endfacet
  facet normal 0 0 -1
    outer loop
      vertex -22.692 -20.8052 0
      vertex -22.692 20.8052 0
      vertex -22.451 20.7234 0
    endloop
  endfacet
  facet normal 0 0 -1
    outer loop
      vertex -22.7679 -20.8426 0
      vertex -22.692 20.8052 0
      vertex -22.692 -20.8052 0
    endloop
  endfacet
  facet normal 0 0 -1
    outer loop
      vertex -22.7679 -20.8426 0
      vertex -22.7679 20.8426 0
      vertex -22.692 20.8052 0
    endloop
  endfacet
  facet normal 0 0 -1
    outer loop
      vertex -22.9961 -20.9551 0
      vertex -22.7679 20.8426 0
      vertex -22.7679 -20.8426 0
    endloop
  endfacet
  facet normal 0 0 -1
    outer loop
      vertex -22.9961 -20.9551 0
      vertex -22.9961 20.9551 0
      vertex -22.7679 20.8426 0
    endloop
  endfacet
  facet normal 0 0 -1
    outer loop
      vertex -23.2076 -21.0965 0
      vertex -22.9961 20.9551 0
      vertex -22.9961 -20.9551 0
    endloop
  endfacet
  facet normal 0 0 -1
    outer loop
      vertex -23.2076 -21.0965 0
      vertex -23.2076 21.0965 0
      vertex -22.9961 20.9551 0
    endloop
  endfacet
  facet normal 0 0 -1
    outer loop
      vertex -23.278 -21.1435 0
      vertex -23.2076 21.0965 0
      vertex -23.2076 -21.0965 0
    endloop
  endfacet
  facet normal 0 0 -1
    outer loop
      vertex -23.278 -21.1435 0
      vertex -23.278 21.1435 0
      vertex -23.2076 21.0965 0
    endloop
  endfacet
  facet normal 0 0 -1
    outer loop
      vertex -23.3416 -21.1993 0
      vertex -23.278 21.1435 0
      vertex -23.278 -21.1435 0
    endloop
  endfacet
  facet normal 0 0 -1
    outer loop
      vertex -23.3416 -21.1993 0
      vertex -23.3416 21.1993 0
      vertex -23.278 21.1435 0
    endloop
  endfacet
  facet normal 0 0 -1
    outer loop
      vertex -23.5329 -21.3671 0
      vertex -23.3416 21.1993 0
      vertex -23.3416 -21.1993 0
    endloop
  endfacet
  facet normal 0 0 -1
    outer loop
      vertex -23.5329 -21.3671 0
      vertex -23.5329 21.3671 0
      vertex -23.3416 21.1993 0
    endloop
  endfacet
  facet normal 0 0 -1
    outer loop
      vertex -25.7 -23.2 0
      vertex -23.5329 -21.3671 0
      vertex -23.7007 -21.5584 0
    endloop
  endfacet
  facet normal -0 0 -1
    outer loop
      vertex -23.5329 -21.3671 0
      vertex -25.7 -23.2 0
      vertex -23.5329 21.3671 0
    endloop
  endfacet
  facet normal 0 0 -1
    outer loop
      vertex -25.7 -23.2 0
      vertex -23.7007 -21.5584 0
      vertex -23.7565 -21.622 0
    endloop
  endfacet
  facet normal 0 0 -1
    outer loop
      vertex -25.7 23.2 0
      vertex -23.5329 21.3671 0
      vertex -25.7 -23.2 0
    endloop
  endfacet
  facet normal 0 0 -1
    outer loop
      vertex -25.7 -23.2 0
      vertex -23.7565 -21.622 0
      vertex -23.8035 -21.6924 0
    endloop
  endfacet
  facet normal 0 0 -1
    outer loop
      vertex -23.5329 21.3671 0
      vertex -25.7 23.2 0
      vertex -23.7007 21.5584 0
    endloop
  endfacet
  facet normal 0 0 -1
    outer loop
      vertex -25.7 -23.2 0
      vertex -23.8035 -21.6924 0
      vertex -23.9449 -21.9039 0
    endloop
  endfacet
  facet normal 0 0 -1
    outer loop
      vertex -23.7007 21.5584 0
      vertex -25.7 23.2 0
      vertex -23.7565 21.622 0
    endloop
  endfacet
  facet normal 0 0 -1
    outer loop
      vertex -25.7 -23.2 0
      vertex -23.9449 -21.9039 0
      vertex -24.0574 -22.1321 0
    endloop
  endfacet
  facet normal 0 0 -1
    outer loop
      vertex -23.7565 21.622 0
      vertex -25.7 23.2 0
      vertex -23.8035 21.6924 0
    endloop
  endfacet
  facet normal 0 0 -1
    outer loop
      vertex -25.7 -23.2 0
      vertex -24.0574 -22.1321 0
      vertex -24.0948 -22.208 0
    endloop
  endfacet
  facet normal 0 0 -1
    outer loop
      vertex -23.8035 21.6924 0
      vertex -25.7 23.2 0
      vertex -23.9449 21.9039 0
    endloop
  endfacet
  facet normal 0 0 -1
    outer loop
      vertex -25.7 -23.2 0
      vertex -24.0948 -22.208 0
      vertex -24.1766 -22.449 0
    endloop
  endfacet
  facet normal 0 0 -1
    outer loop
      vertex -23.9449 21.9039 0
      vertex -25.7 23.2 0
      vertex -24.0574 22.1321 0
    endloop
  endfacet
  facet normal 0 0 -1
    outer loop
      vertex -25.7 -23.2 0
      vertex -24.1766 -22.449 0
      vertex -24.2038 -22.5291 0
    endloop
  endfacet
  facet normal 0 0 -1
    outer loop
      vertex -24.0574 22.1321 0
      vertex -25.7 23.2 0
      vertex -24.0948 22.208 0
    endloop
  endfacet
  facet normal 0 0 -1
    outer loop
      vertex -25.7 -23.2 0
      vertex -24.2038 -22.5291 0
      vertex -24.2203 -22.6121 0
    endloop
  endfacet
  facet normal 0 0 -1
    outer loop
      vertex -24.0948 22.208 0
      vertex -25.7 23.2 0
      vertex -24.1766 22.449 0
    endloop
  endfacet
  facet normal 0 0 -1
    outer loop
      vertex -25.7 -23.2 0
      vertex -24.2203 -22.6121 0
      vertex -24.27 -22.8617 0
    endloop
  endfacet
  facet normal 0 0 -1
    outer loop
      vertex -24.1766 22.449 0
      vertex -25.7 23.2 0
      vertex -24.2038 22.5291 0
    endloop
  endfacet
  facet normal 0 0 -1
    outer loop
      vertex -25.7 -23.2 0
      vertex -24.27 -22.8617 0
      vertex -24.2755 -22.9461 0
    endloop
  endfacet
  facet normal 0 0 -1
    outer loop
      vertex -24.2038 22.5291 0
      vertex -25.7 23.2 0
      vertex -24.2203 22.6121 0
    endloop
  endfacet
  facet normal 0 0 -1
    outer loop
      vertex -25.7 -23.2 0
      vertex -24.2755 -22.9461 0
      vertex -24.2922 -23.2 0
    endloop
  endfacet
  facet normal 0 0 -1
    outer loop
      vertex -24.2203 22.6121 0
      vertex -25.7 23.2 0
      vertex -24.27 22.8617 0
    endloop
  endfacet
  facet normal 0 0 -1
    outer loop
      vertex 24.2203 -22.6121 0
      vertex 25.7 -23.2 0
      vertex 24.27 -22.8617 0
    endloop
  endfacet
  facet normal -0 0 -1
    outer loop
      vertex 25.7 23.2 0
      vertex 24.2755 22.9461 0
      vertex 24.2922 23.2 0
    endloop
  endfacet
  facet normal 0 0 -1
    outer loop
      vertex 24.2038 -22.5291 0
      vertex 25.7 -23.2 0
      vertex 24.2203 -22.6121 0
    endloop
  endfacet
  facet normal 0 0 -1
    outer loop
      vertex 25.7 23.2 0
      vertex 24.27 22.8617 0
      vertex 24.2755 22.9461 0
    endloop
  endfacet
  facet normal 0 0 -1
    outer loop
      vertex 24.1766 -22.449 0
      vertex 25.7 -23.2 0
      vertex 24.2038 -22.5291 0
    endloop
  endfacet
  facet normal 0 0 -1
    outer loop
      vertex 25.7 23.2 0
      vertex 24.2203 22.6121 0
      vertex 24.27 22.8617 0
    endloop
  endfacet
  facet normal 0 0 -1
    outer loop
      vertex 24.0948 -22.208 0
      vertex 25.7 -23.2 0
      vertex 24.1766 -22.449 0
    endloop
  endfacet
  facet normal 0 0 -1
    outer loop
      vertex 25.7 23.2 0
      vertex 24.2038 22.5291 0
      vertex 24.2203 22.6121 0
    endloop
  endfacet
  facet normal 0 0 -1
    outer loop
      vertex 24.0574 -22.1321 0
      vertex 25.7 -23.2 0
      vertex 24.0948 -22.208 0
    endloop
  endfacet
  facet normal 0 0 -1
    outer loop
      vertex 25.7 23.2 0
      vertex 24.1766 22.449 0
      vertex 24.2038 22.5291 0
    endloop
  endfacet
  facet normal 0 0 -1
    outer loop
      vertex 23.9449 -21.9039 0
      vertex 25.7 -23.2 0
      vertex 24.0574 -22.1321 0
    endloop
  endfacet
  facet normal 0 0 -1
    outer loop
      vertex 25.7 23.2 0
      vertex 24.0948 22.208 0
      vertex 24.1766 22.449 0
    endloop
  endfacet
  facet normal 0 0 -1
    outer loop
      vertex 23.8035 -21.6924 0
      vertex 25.7 -23.2 0
      vertex 23.9449 -21.9039 0
    endloop
  endfacet
  facet normal 0 0 -1
    outer loop
      vertex 25.7 23.2 0
      vertex 24.0574 22.1321 0
      vertex 24.0948 22.208 0
    endloop
  endfacet
  facet normal 0 0 -1
    outer loop
      vertex 23.7565 -21.622 0
      vertex 25.7 -23.2 0
      vertex 23.8035 -21.6924 0
    endloop
  endfacet
  facet normal 0 0 -1
    outer loop
      vertex 25.7 23.2 0
      vertex 23.9449 21.9039 0
      vertex 24.0574 22.1321 0
    endloop
  endfacet
  facet normal 0 0 -1
    outer loop
      vertex 23.7007 -21.5584 0
      vertex 25.7 -23.2 0
      vertex 23.7565 -21.622 0
    endloop
  endfacet
  facet normal 0 0 -1
    outer loop
      vertex 25.7 23.2 0
      vertex 23.8035 21.6924 0
      vertex 23.9449 21.9039 0
    endloop
  endfacet
  facet normal 0 0 -1
    outer loop
      vertex 23.5329 -21.3671 0
      vertex 25.7 -23.2 0
      vertex 23.7007 -21.5584 0
    endloop
  endfacet
  facet normal 0 0 -1
    outer loop
      vertex 25.7 23.2 0
      vertex 23.7565 21.622 0
      vertex 23.8035 21.6924 0
    endloop
  endfacet
  facet normal 0 0 -1
    outer loop
      vertex 25.7 -23.2 0
      vertex 23.5329 -21.3671 0
      vertex 25.7 23.2 0
    endloop
  endfacet
  facet normal 0 0 -1
    outer loop
      vertex 25.7 23.2 0
      vertex 23.7007 21.5584 0
      vertex 23.7565 21.622 0
    endloop
  endfacet
  facet normal 0 0 -1
    outer loop
      vertex 23.5329 21.3671 0
      vertex 25.7 23.2 0
      vertex 23.5329 -21.3671 0
    endloop
  endfacet
  facet normal 0 0 -1
    outer loop
      vertex 25.7 23.2 0
      vertex 23.5329 21.3671 0
      vertex 23.7007 21.5584 0
    endloop
  endfacet
  facet normal 0 0 -1
    outer loop
      vertex 23.3416 -21.1993 0
      vertex 23.5329 21.3671 0
      vertex 23.5329 -21.3671 0
    endloop
  endfacet
  facet normal 0 0 -1
    outer loop
      vertex 23.3416 -21.1993 0
      vertex 23.3416 21.1993 0
      vertex 23.5329 21.3671 0
    endloop
  endfacet
  facet normal 0 0 -1
    outer loop
      vertex 23.278 -21.1435 0
      vertex 23.3416 21.1993 0
      vertex 23.3416 -21.1993 0
    endloop
  endfacet
  facet normal 0 0 -1
    outer loop
      vertex 23.278 -21.1435 0
      vertex 23.278 21.1435 0
      vertex 23.3416 21.1993 0
    endloop
  endfacet
  facet normal 0 0 -1
    outer loop
      vertex 23.2076 -21.0965 0
      vertex 23.278 21.1435 0
      vertex 23.278 -21.1435 0
    endloop
  endfacet
  facet normal 0 0 -1
    outer loop
      vertex 23.2076 -21.0965 0
      vertex 23.2076 21.0965 0
      vertex 23.278 21.1435 0
    endloop
  endfacet
  facet normal 0 0 -1
    outer loop
      vertex 22.9961 -20.9551 0
      vertex 23.2076 21.0965 0
      vertex 23.2076 -21.0965 0
    endloop
  endfacet
  facet normal 0 0 -1
    outer loop
      vertex 22.9961 -20.9551 0
      vertex 22.9961 20.9551 0
      vertex 23.2076 21.0965 0
    endloop
  endfacet
  facet normal 0 0 -1
    outer loop
      vertex 22.7679 -20.8426 0
      vertex 22.9961 20.9551 0
      vertex 22.9961 -20.9551 0
    endloop
  endfacet
  facet normal 0 0 -1
    outer loop
      vertex 22.7679 -20.8426 0
      vertex 22.7679 20.8426 0
      vertex 22.9961 20.9551 0
    endloop
  endfacet
  facet normal 0 0 -1
    outer loop
      vertex 22.692 -20.8052 0
      vertex 22.7679 20.8426 0
      vertex 22.7679 -20.8426 0
    endloop
  endfacet
  facet normal 0 0 -1
    outer loop
      vertex 22.692 -20.8052 0
      vertex 22.692 20.8052 0
      vertex 22.7679 20.8426 0
    endloop
  endfacet
  facet normal 0 0 -1
    outer loop
      vertex 22.451 -20.7234 0
      vertex 22.692 20.8052 0
      vertex 22.692 -20.8052 0
    endloop
  endfacet
  facet normal 0 0 -1
    outer loop
      vertex 22.451 -20.7234 0
      vertex 22.451 20.7234 0
      vertex 22.692 20.8052 0
    endloop
  endfacet
  facet normal 0 0 -1
    outer loop
      vertex 22.3709 -20.6962 0
      vertex 22.451 20.7234 0
      vertex 22.451 -20.7234 0
    endloop
  endfacet
  facet normal 0 0 -1
    outer loop
      vertex 22.3709 -20.6962 0
      vertex 22.3709 20.6962 0
      vertex 22.451 20.7234 0
    endloop
  endfacet
  facet normal 0 0 -1
    outer loop
      vertex 22.2879 -20.6797 0
      vertex 22.3709 20.6962 0
      vertex 22.3709 -20.6962 0
    endloop
  endfacet
  facet normal 0 0 -1
    outer loop
      vertex 22.2879 -20.6797 0
      vertex 22.2879 20.6797 0
      vertex 22.3709 20.6962 0
    endloop
  endfacet
  facet normal 0 0 -1
    outer loop
      vertex 22.0383 -20.63 0
      vertex 22.2879 20.6797 0
      vertex 22.2879 -20.6797 0
    endloop
  endfacet
  facet normal 0 0 -1
    outer loop
      vertex 22.0383 -20.63 0
      vertex 22.0383 20.63 0
      vertex 22.2879 20.6797 0
    endloop
  endfacet
  facet normal 0 0 -1
    outer loop
      vertex 21.9539 -20.6245 0
      vertex 22.0383 20.63 0
      vertex 22.0383 -20.63 0
    endloop
  endfacet
  facet normal 0 0 -1
    outer loop
      vertex 21.9539 -20.6245 0
      vertex 21.9539 20.6245 0
      vertex 22.0383 20.63 0
    endloop
  endfacet
  facet normal 0 0 -1
    outer loop
      vertex 21.7 -20.6078 0
      vertex 21.9539 20.6245 0
      vertex 21.9539 -20.6245 0
    endloop
  endfacet
  facet normal 0 0 -1
    outer loop
      vertex 21.7 -20.6078 0
      vertex 21.7 20.6078 0
      vertex 21.9539 20.6245 0
    endloop
  endfacet
  facet normal 0 0 -1
    outer loop
      vertex 21.4461 -20.6245 0
      vertex 21.7 20.6078 0
      vertex 21.7 -20.6078 0
    endloop
  endfacet
  facet normal 0 0 -1
    outer loop
      vertex 21.4461 -20.6245 0
      vertex 21.4461 20.6245 0
      vertex 21.7 20.6078 0
    endloop
  endfacet
  facet normal 0 0 -1
    outer loop
      vertex 21.3617 -20.63 0
      vertex 21.4461 20.6245 0
      vertex 21.4461 -20.6245 0
    endloop
  endfacet
  facet normal 0 0 -1
    outer loop
      vertex 21.3617 -20.63 0
      vertex 21.3617 20.63 0
      vertex 21.4461 20.6245 0
    endloop
  endfacet
  facet normal 0 0 -1
    outer loop
      vertex 21.1121 -20.6797 0
      vertex 21.3617 20.63 0
      vertex 21.3617 -20.63 0
    endloop
  endfacet
  facet normal 0 0 -1
    outer loop
      vertex 21.1121 -20.6797 0
      vertex 21.1121 20.6797 0
      vertex 21.3617 20.63 0
    endloop
  endfacet
  facet normal 0 0 -1
    outer loop
      vertex 21.0291 -20.6962 0
      vertex 21.1121 20.6797 0
      vertex 21.1121 -20.6797 0
    endloop
  endfacet
  facet normal 0 0 -1
    outer loop
      vertex 21.0291 -20.6962 0
      vertex 21.0291 20.6962 0
      vertex 21.1121 20.6797 0
    endloop
  endfacet
  facet normal 0 0 -1
    outer loop
      vertex 20.949 -20.7234 0
      vertex 21.0291 20.6962 0
      vertex 21.0291 -20.6962 0
    endloop
  endfacet
  facet normal 0 0 -1
    outer loop
      vertex 20.949 -20.7234 0
      vertex 20.949 20.7234 0
      vertex 21.0291 20.6962 0
    endloop
  endfacet
  facet normal 0 0 -1
    outer loop
      vertex 20.708 -20.8052 0
      vertex 20.949 20.7234 0
      vertex 20.949 -20.7234 0
    endloop
  endfacet
  facet normal 0 0 -1
    outer loop
      vertex 20.708 -20.8052 0
      vertex 20.708 20.8052 0
      vertex 20.949 20.7234 0
    endloop
  endfacet
  facet normal 0 0 -1
    outer loop
      vertex 20.6321 -20.8426 0
      vertex 20.708 20.8052 0
      vertex 20.708 -20.8052 0
    endloop
  endfacet
  facet normal 0 0 -1
    outer loop
      vertex 20.6321 -20.8426 0
      vertex 20.6321 20.8426 0
      vertex 20.708 20.8052 0
    endloop
  endfacet
  facet normal 0 0 -1
    outer loop
      vertex 20.4039 -20.9551 0
      vertex 20.6321 20.8426 0
      vertex 20.6321 -20.8426 0
    endloop
  endfacet
  facet normal 0 0 -1
    outer loop
      vertex 20.4039 -20.9551 0
      vertex 20.4039 20.9551 0
      vertex 20.6321 20.8426 0
    endloop
  endfacet
  facet normal 0 0 -1
    outer loop
      vertex 20.1924 -21.0965 0
      vertex 20.4039 20.9551 0
      vertex 20.4039 -20.9551 0
    endloop
  endfacet
  facet normal 0 0 -1
    outer loop
      vertex 20.1924 -21.0965 0
      vertex 20.1924 21.0965 0
      vertex 20.4039 20.9551 0
    endloop
  endfacet
  facet normal 0 0 -1
    outer loop
      vertex 20.122 -21.1435 0
      vertex 20.1924 21.0965 0
      vertex 20.1924 -21.0965 0
    endloop
  endfacet
  facet normal 0 0 -1
    outer loop
      vertex 20.122 -21.1435 0
      vertex 20.122 21.1435 0
      vertex 20.1924 21.0965 0
    endloop
  endfacet
  facet normal 0 0 -1
    outer loop
      vertex 20.0584 -21.1993 0
      vertex 20.122 21.1435 0
      vertex 20.122 -21.1435 0
    endloop
  endfacet
  facet normal 0 0 -1
    outer loop
      vertex 20.0584 -21.1993 0
      vertex 20.0584 21.1993 0
      vertex 20.122 21.1435 0
    endloop
  endfacet
  facet normal 0 0 -1
    outer loop
      vertex 19.8671 -21.3671 0
      vertex 20.0584 21.1993 0
      vertex 20.0584 -21.1993 0
    endloop
  endfacet
  facet normal 0 0 -1
    outer loop
      vertex 19.8671 -21.3671 0
      vertex 19.8671 21.3671 0
      vertex 20.0584 21.1993 0
    endloop
  endfacet
  facet normal 0 0 -1
    outer loop
      vertex -19.3052 -22.208 0
      vertex 19.3052 -22.208 0
      vertex -19.2234 -22.449 0
    endloop
  endfacet
  facet normal 0 0 -1
    outer loop
      vertex 19.3052 -22.208 0
      vertex -19.3052 -22.208 0
      vertex 19.3426 -22.1321 0
    endloop
  endfacet
  facet normal 0 0 -1
    outer loop
      vertex -19.2234 -22.449 0
      vertex 19.3052 -22.208 0
      vertex -19.1962 -22.5291 0
    endloop
  endfacet
  facet normal -0 0 -1
    outer loop
      vertex 19.3426 -22.1321 0
      vertex -19.3052 -22.208 0
      vertex 19.4551 -21.9039 0
    endloop
  endfacet
  facet normal -0 0 -1
    outer loop
      vertex 19.2234 -22.449 0
      vertex -19.1962 -22.5291 0
      vertex 19.3052 -22.208 0
    endloop
  endfacet
  facet normal 0 0 -1
    outer loop
      vertex 19.8671 21.3671 0
      vertex -19.1078 23.2 0
      vertex 19.6993 21.5584 0
    endloop
  endfacet
  facet normal 0 0 -1
    outer loop
      vertex 19.1962 -22.5291 0
      vertex -19.1962 -22.5291 0
      vertex 19.2234 -22.449 0
    endloop
  endfacet
  facet normal 0 0 -1
    outer loop
      vertex 19.6993 21.5584 0
      vertex -19.1078 23.2 0
      vertex 19.6435 21.622 0
    endloop
  endfacet
  facet normal 0 0 -1
    outer loop
      vertex -19.1962 -22.5291 0
      vertex 19.1962 -22.5291 0
      vertex -19.1797 -22.6121 0
    endloop
  endfacet
  facet normal 0 0 -1
    outer loop
      vertex 19.6435 21.622 0
      vertex -19.1078 23.2 0
      vertex 19.5965 21.6924 0
    endloop
  endfacet
  facet normal 0 0 -1
    outer loop
      vertex -19.1797 -22.6121 0
      vertex 19.1962 -22.5291 0
      vertex -19.13 -22.8617 0
    endloop
  endfacet
  facet normal 0 0 -1
    outer loop
      vertex 19.5965 21.6924 0
      vertex -19.1078 23.2 0
      vertex 19.4551 21.9039 0
    endloop
  endfacet
  facet normal -0 0 -1
    outer loop
      vertex 19.1797 -22.6121 0
      vertex -19.13 -22.8617 0
      vertex 19.1962 -22.5291 0
    endloop
  endfacet
  facet normal 0 0 -1
    outer loop
      vertex 19.4551 21.9039 0
      vertex -19.1078 23.2 0
      vertex 19.3426 22.1321 0
    endloop
  endfacet
  facet normal 0 0 -1
    outer loop
      vertex 19.13 -22.8617 0
      vertex -19.13 -22.8617 0
      vertex 19.1797 -22.6121 0
    endloop
  endfacet
  facet normal 0 0 -1
    outer loop
      vertex 19.3426 22.1321 0
      vertex -19.1078 23.2 0
      vertex 19.3052 22.208 0
    endloop
  endfacet
  facet normal 0 0 -1
    outer loop
      vertex -19.13 -22.8617 0
      vertex 19.13 -22.8617 0
      vertex -19.1245 -22.9461 0
    endloop
  endfacet
  facet normal 0 0 -1
    outer loop
      vertex 19.3052 22.208 0
      vertex -19.1078 23.2 0
      vertex 19.2234 22.449 0
    endloop
  endfacet
  facet normal 0 0 -1
    outer loop
      vertex -19.1245 -22.9461 0
      vertex 19.13 -22.8617 0
      vertex -19.1078 -23.2 0
    endloop
  endfacet
  facet normal 0 0 -1
    outer loop
      vertex 19.2234 22.449 0
      vertex -19.1078 23.2 0
      vertex 19.1962 22.5291 0
    endloop
  endfacet
  facet normal 0 0 -1
    outer loop
      vertex -19.1078 -23.2 0
      vertex 19.13 -22.8617 0
      vertex 19.1245 -22.9461 0
    endloop
  endfacet
  facet normal 0 0 -1
    outer loop
      vertex 19.1962 22.5291 0
      vertex -19.1078 23.2 0
      vertex 19.1797 22.6121 0
    endloop
  endfacet
  facet normal 0 0 -1
    outer loop
      vertex -19.1078 -23.2 0
      vertex 19.1245 -22.9461 0
      vertex 19.1078 -23.2 0
    endloop
  endfacet
  facet normal 0 0 -1
    outer loop
      vertex 19.1797 22.6121 0
      vertex -19.1078 23.2 0
      vertex 19.13 22.8617 0
    endloop
  endfacet
  facet normal 0 0 -1
    outer loop
      vertex 24.2755 -23.4539 0
      vertex 25.7 -23.2 0
      vertex 25.6658 -23.7221 0
    endloop
  endfacet
  facet normal 0 0 -1
    outer loop
      vertex 24.2755 -22.9461 0
      vertex 25.7 -23.2 0
      vertex 24.2922 -23.2 0
    endloop
  endfacet
  facet normal 0 0 -1
    outer loop
      vertex 24.2203 -23.7879 0
      vertex 25.6658 -23.7221 0
      vertex 25.5637 -24.2353 0
    endloop
  endfacet
  facet normal 0 0 -1
    outer loop
      vertex 24.27 -22.8617 0
      vertex 25.7 -23.2 0
      vertex 24.2755 -22.9461 0
    endloop
  endfacet
  facet normal 0 0 -1
    outer loop
      vertex 24.1766 -23.951 0
      vertex 25.5637 -24.2353 0
      vertex 25.3955 -24.7307 0
    endloop
  endfacet
  facet normal 0 0 -1
    outer loop
      vertex 24.2755 23.4539 0
      vertex 25.7 23.2 0
      vertex 24.2922 23.2 0
    endloop
  endfacet
  facet normal 0 0 -1
    outer loop
      vertex 24.0574 -24.2679 0
      vertex 25.3955 -24.7307 0
      vertex 25.1641 -25.2 0
    endloop
  endfacet
  facet normal 0 0 -1
    outer loop
      vertex 25.7 23.2 0
      vertex 24.2755 23.4539 0
      vertex 25.6658 23.7221 0
    endloop
  endfacet
  facet normal 0 0 -1
    outer loop
      vertex 23.8035 -24.7076 0
      vertex 25.1641 -25.2 0
      vertex 24.8734 -25.635 0
    endloop
  endfacet
  facet normal 0 0 -1
    outer loop
      vertex 24.27 23.5383 0
      vertex 25.6658 23.7221 0
      vertex 24.2755 23.4539 0
    endloop
  endfacet
  facet normal 0 0 -1
    outer loop
      vertex 23.7007 -24.8416 0
      vertex 24.8734 -25.635 0
      vertex 24.5284 -26.0284 0
    endloop
  endfacet
  facet normal 0 0 -1
    outer loop
      vertex 24.2203 23.7879 0
      vertex 25.6658 23.7221 0
      vertex 24.27 23.5383 0
    endloop
  endfacet
  facet normal 0 0 -1
    outer loop
      vertex 25.6658 23.7221 0
      vertex 24.2203 23.7879 0
      vertex 25.5637 24.2353 0
    endloop
  endfacet
  facet normal -0 0 -1
    outer loop
      vertex 25.7 -23.2 0
      vertex 24.2755 -23.4539 0
      vertex 24.2922 -23.2 0
    endloop
  endfacet
  facet normal 0 0 -1
    outer loop
      vertex 25.6658 -23.7221 0
      vertex 24.27 -23.5383 0
      vertex 24.2755 -23.4539 0
    endloop
  endfacet
  facet normal -0 0 -1
    outer loop
      vertex 25.6658 -23.7221 0
      vertex 24.2203 -23.7879 0
      vertex 24.27 -23.5383 0
    endloop
  endfacet
  facet normal 0 0 -1
    outer loop
      vertex 25.5637 -24.2353 0
      vertex 24.2038 -23.8709 0
      vertex 24.2203 -23.7879 0
    endloop
  endfacet
  facet normal 0 0 -1
    outer loop
      vertex 25.5637 -24.2353 0
      vertex 24.1766 -23.951 0
      vertex 24.2038 -23.8709 0
    endloop
  endfacet
  facet normal 0 0 -1
    outer loop
      vertex 23.3416 -25.2007 0
      vertex 24.5284 -26.0284 0
      vertex 24.135 -26.3734 0
    endloop
  endfacet
  facet normal 0 0 -1
    outer loop
      vertex 25.3955 -24.7307 0
      vertex 24.0948 -24.192 0
      vertex 24.1766 -23.951 0
    endloop
  endfacet
  facet normal 0 0 -1
    outer loop
      vertex 25.3955 -24.7307 0
      vertex 24.0574 -24.2679 0
      vertex 24.0948 -24.192 0
    endloop
  endfacet
  facet normal 0 0 -1
    outer loop
      vertex 25.1641 -25.2 0
      vertex 23.9449 -24.4961 0
      vertex 24.0574 -24.2679 0
    endloop
  endfacet
  facet normal 0 0 -1
    outer loop
      vertex 25.1641 -25.2 0
      vertex 23.8035 -24.7076 0
      vertex 23.9449 -24.4961 0
    endloop
  endfacet
  facet normal 0 0 -1
    outer loop
      vertex 24.8734 -25.635 0
      vertex 23.7565 -24.778 0
      vertex 23.8035 -24.7076 0
    endloop
  endfacet
  facet normal 0 0 -1
    outer loop
      vertex 24.8734 -25.635 0
      vertex 23.7007 -24.8416 0
      vertex 23.7565 -24.778 0
    endloop
  endfacet
  facet normal 0 0 -1
    outer loop
      vertex 23.2076 -25.3035 0
      vertex 24.135 -26.3734 0
      vertex 23.7 -26.6641 0
    endloop
  endfacet
  facet normal 0 0 -1
    outer loop
      vertex 24.5284 -26.0284 0
      vertex 23.5329 -25.0329 0
      vertex 23.7007 -24.8416 0
    endloop
  endfacet
  facet normal 0 0 -1
    outer loop
      vertex 24.5284 -26.0284 0
      vertex 23.3416 -25.2007 0
      vertex 23.5329 -25.0329 0
    endloop
  endfacet
  facet normal 0 0 -1
    outer loop
      vertex 24.135 -26.3734 0
      vertex 23.278 -25.2565 0
      vertex 23.3416 -25.2007 0
    endloop
  endfacet
  facet normal 0 0 -1
    outer loop
      vertex 22.7679 -25.5574 0
      vertex 23.7 -26.6641 0
      vertex 23.2307 -26.8955 0
    endloop
  endfacet
  facet normal 0 0 -1
    outer loop
      vertex 24.135 -26.3734 0
      vertex 23.2076 -25.3035 0
      vertex 23.278 -25.2565 0
    endloop
  endfacet
  facet normal 0 0 -1
    outer loop
      vertex 23.7 -26.6641 0
      vertex 22.9961 -25.4449 0
      vertex 23.2076 -25.3035 0
    endloop
  endfacet
  facet normal 0 0 -1
    outer loop
      vertex 23.7 -26.6641 0
      vertex 22.7679 -25.5574 0
      vertex 22.9961 -25.4449 0
    endloop
  endfacet
  facet normal 0 0 -1
    outer loop
      vertex 22.451 -25.6766 0
      vertex 23.2307 -26.8955 0
      vertex 22.7353 -27.0637 0
    endloop
  endfacet
  facet normal 0 0 -1
    outer loop
      vertex 23.2307 -26.8955 0
      vertex 22.692 -25.5948 0
      vertex 22.7679 -25.5574 0
    endloop
  endfacet
  facet normal 0 0 -1
    outer loop
      vertex 23.2307 -26.8955 0
      vertex 22.451 -25.6766 0
      vertex 22.692 -25.5948 0
    endloop
  endfacet
  facet normal 0 0 -1
    outer loop
      vertex 22.7353 -27.0637 0
      vertex 22.3709 -25.7038 0
      vertex 22.451 -25.6766 0
    endloop
  endfacet
  facet normal 0 0 -1
    outer loop
      vertex 22.7353 -27.0637 0
      vertex 22.2879 -25.7203 0
      vertex 22.3709 -25.7038 0
    endloop
  endfacet
  facet normal 0 0 -1
    outer loop
      vertex 22.2221 -27.1658 0
      vertex 22.2879 -25.7203 0
      vertex 22.7353 -27.0637 0
    endloop
  endfacet
  facet normal 0 0 -1
    outer loop
      vertex 22.2221 -27.1658 0
      vertex 22.0383 -25.77 0
      vertex 22.2879 -25.7203 0
    endloop
  endfacet
  facet normal 0 0 -1
    outer loop
      vertex 22.2221 -27.1658 0
      vertex 21.9539 -25.7755 0
      vertex 22.0383 -25.77 0
    endloop
  endfacet
  facet normal 0 0 -1
    outer loop
      vertex 21.7 -27.2 0
      vertex 21.9539 -25.7755 0
      vertex 22.2221 -27.1658 0
    endloop
  endfacet
  facet normal 0 0 -1
    outer loop
      vertex 21.9539 -25.7755 0
      vertex 21.7 -27.2 0
      vertex 21.7 -25.7922 0
    endloop
  endfacet
  facet normal 0 0 -1
    outer loop
      vertex 21.7 -27.2 0
      vertex 21.4461 -25.7755 0
      vertex 21.7 -25.7922 0
    endloop
  endfacet
  facet normal 0 0 -1
    outer loop
      vertex 21.7 -27.2 0
      vertex 21.3617 -25.77 0
      vertex 21.4461 -25.7755 0
    endloop
  endfacet
  facet normal 0 0 -1
    outer loop
      vertex 21.7 -27.2 0
      vertex 21.1121 -25.7203 0
      vertex 21.3617 -25.77 0
    endloop
  endfacet
  facet normal 0 0 -1
    outer loop
      vertex 21.7 -27.2 0
      vertex 21.0291 -25.7038 0
      vertex 21.1121 -25.7203 0
    endloop
  endfacet
  facet normal 0 0 -1
    outer loop
      vertex 21.7 -27.2 0
      vertex 20.949 -25.6766 0
      vertex 21.0291 -25.7038 0
    endloop
  endfacet
  facet normal 0 0 -1
    outer loop
      vertex 21.7 -27.2 0
      vertex 20.708 -25.5948 0
      vertex 20.949 -25.6766 0
    endloop
  endfacet
  facet normal 0 0 -1
    outer loop
      vertex 21.7 -27.2 0
      vertex 20.6321 -25.5574 0
      vertex 20.708 -25.5948 0
    endloop
  endfacet
  facet normal 0 0 -1
    outer loop
      vertex 21.7 -27.2 0
      vertex 20.4039 -25.4449 0
      vertex 20.6321 -25.5574 0
    endloop
  endfacet
  facet normal 0 0 -1
    outer loop
      vertex 21.7 -27.2 0
      vertex 20.1924 -25.3035 0
      vertex 20.4039 -25.4449 0
    endloop
  endfacet
  facet normal 0 0 -1
    outer loop
      vertex 21.7 -27.2 0
      vertex 20.122 -25.2565 0
      vertex 20.1924 -25.3035 0
    endloop
  endfacet
  facet normal 0 0 -1
    outer loop
      vertex 21.7 -27.2 0
      vertex 20.0584 -25.2007 0
      vertex 20.122 -25.2565 0
    endloop
  endfacet
  facet normal 0 0 -1
    outer loop
      vertex 21.7 -27.2 0
      vertex 19.8671 -25.0329 0
      vertex 20.0584 -25.2007 0
    endloop
  endfacet
  facet normal 0 0 -1
    outer loop
      vertex -19.8671 -25.0329 0
      vertex 19.8671 -25.0329 0
      vertex 21.7 -27.2 0
    endloop
  endfacet
  facet normal 0 0 -1
    outer loop
      vertex 19.8671 -25.0329 0
      vertex -19.8671 -25.0329 0
      vertex 19.6993 -24.8416 0
    endloop
  endfacet
  facet normal 0 0 -1
    outer loop
      vertex 19.6435 -24.778 0
      vertex 19.4551 -24.4961 0
      vertex 19.5965 -24.7076 0
    endloop
  endfacet
  facet normal 0 0 -1
    outer loop
      vertex 19.1962 -23.8709 0
      vertex 19.13 -23.5383 0
      vertex 19.1797 -23.7879 0
    endloop
  endfacet
  facet normal 0 0 -1
    outer loop
      vertex 19.13 -23.5383 0
      vertex 19.1078 -23.2 0
      vertex 19.1245 -23.4539 0
    endloop
  endfacet
  facet normal 0 0 -1
    outer loop
      vertex 19.13 22.8617 0
      vertex -19.1078 23.2 0
      vertex 19.1245 22.9461 0
    endloop
  endfacet
  facet normal 0 0 -1
    outer loop
      vertex 19.13 -23.5383 0
      vertex -19.1078 -23.2 0
      vertex 19.1078 -23.2 0
    endloop
  endfacet
  facet normal 0 0 -1
    outer loop
      vertex -19.13 -23.5383 0
      vertex 19.13 -23.5383 0
      vertex 19.1962 -23.8709 0
    endloop
  endfacet
  facet normal 0 0 -1
    outer loop
      vertex -19.1962 -23.8709 0
      vertex 19.1962 -23.8709 0
      vertex 19.2234 -23.951 0
    endloop
  endfacet
  facet normal 0 0 -1
    outer loop
      vertex -19.1962 -23.8709 0
      vertex 19.2234 -23.951 0
      vertex 19.3052 -24.192 0
    endloop
  endfacet
  facet normal 0 0 -1
    outer loop
      vertex -19.3052 -24.192 0
      vertex 19.3052 -24.192 0
      vertex 19.3426 -24.2679 0
    endloop
  endfacet
  facet normal 0 0 -1
    outer loop
      vertex -19.3052 -24.192 0
      vertex 19.3426 -24.2679 0
      vertex 19.4551 -24.4961 0
    endloop
  endfacet
  facet normal 0 0 -1
    outer loop
      vertex -19.4551 -24.4961 0
      vertex 19.4551 -24.4961 0
      vertex 19.6435 -24.778 0
    endloop
  endfacet
  facet normal -0 0 -1
    outer loop
      vertex 19.6993 -24.8416 0
      vertex -19.8671 -25.0329 0
      vertex 19.6435 -24.778 0
    endloop
  endfacet
  facet normal 0 0 -1
    outer loop
      vertex 19.13 -23.5383 0
      vertex -19.1245 -23.4539 0
      vertex -19.1078 -23.2 0
    endloop
  endfacet
  facet normal 0 0 -1
    outer loop
      vertex 19.13 -23.5383 0
      vertex -19.13 -23.5383 0
      vertex -19.1245 -23.4539 0
    endloop
  endfacet
  facet normal 0 0 -1
    outer loop
      vertex 19.1962 -23.8709 0
      vertex -19.1797 -23.7879 0
      vertex -19.13 -23.5383 0
    endloop
  endfacet
  facet normal 0 0 -1
    outer loop
      vertex 19.1962 -23.8709 0
      vertex -19.1962 -23.8709 0
      vertex -19.1797 -23.7879 0
    endloop
  endfacet
  facet normal 0 0 -1
    outer loop
      vertex 19.3052 -24.192 0
      vertex -19.2234 -23.951 0
      vertex -19.1962 -23.8709 0
    endloop
  endfacet
  facet normal 0 0 -1
    outer loop
      vertex 19.3052 -24.192 0
      vertex -19.3052 -24.192 0
      vertex -19.2234 -23.951 0
    endloop
  endfacet
  facet normal 0 0 -1
    outer loop
      vertex 19.4551 -24.4961 0
      vertex -19.3426 -24.2679 0
      vertex -19.3052 -24.192 0
    endloop
  endfacet
  facet normal 0 0 -1
    outer loop
      vertex 19.4551 -24.4961 0
      vertex -19.4551 -24.4961 0
      vertex -19.3426 -24.2679 0
    endloop
  endfacet
  facet normal 0 0 -1
    outer loop
      vertex 19.6435 -24.778 0
      vertex -19.5965 -24.7076 0
      vertex -19.4551 -24.4961 0
    endloop
  endfacet
  facet normal 0 0 -1
    outer loop
      vertex 19.6435 -24.778 0
      vertex -19.6435 -24.778 0
      vertex -19.5965 -24.7076 0
    endloop
  endfacet
  facet normal -0 0 -1
    outer loop
      vertex 19.6435 -24.778 0
      vertex -19.6993 -24.8416 0
      vertex -19.6435 -24.778 0
    endloop
  endfacet
  facet normal 0 0 -1
    outer loop
      vertex 19.6435 -24.778 0
      vertex -19.8671 -25.0329 0
      vertex -19.6993 -24.8416 0
    endloop
  endfacet
  facet normal 0 0 -1
    outer loop
      vertex -21.7 -27.2 0
      vertex -19.8671 -25.0329 0
      vertex 21.7 -27.2 0
    endloop
  endfacet
  facet normal 0 0 -1
    outer loop
      vertex -19.8671 -25.0329 0
      vertex -21.7 -27.2 0
      vertex -20.0584 -25.2007 0
    endloop
  endfacet
  facet normal 0 0 -1
    outer loop
      vertex -20.0584 -25.2007 0
      vertex -21.7 -27.2 0
      vertex -20.122 -25.2565 0
    endloop
  endfacet
  facet normal 0 0 -1
    outer loop
      vertex -20.122 -25.2565 0
      vertex -21.7 -27.2 0
      vertex -20.1924 -25.3035 0
    endloop
  endfacet
  facet normal 0 0 -1
    outer loop
      vertex -20.1924 -25.3035 0
      vertex -21.7 -27.2 0
      vertex -20.4039 -25.4449 0
    endloop
  endfacet
  facet normal 0 0 -1
    outer loop
      vertex -20.4039 -25.4449 0
      vertex -21.7 -27.2 0
      vertex -20.6321 -25.5574 0
    endloop
  endfacet
  facet normal 0 0 -1
    outer loop
      vertex -20.6321 -25.5574 0
      vertex -21.7 -27.2 0
      vertex -20.708 -25.5948 0
    endloop
  endfacet
  facet normal 0 0 -1
    outer loop
      vertex -20.708 -25.5948 0
      vertex -21.7 -27.2 0
      vertex -20.949 -25.6766 0
    endloop
  endfacet
  facet normal 0 0 -1
    outer loop
      vertex -20.949 -25.6766 0
      vertex -21.7 -27.2 0
      vertex -21.0291 -25.7038 0
    endloop
  endfacet
  facet normal 0 0 -1
    outer loop
      vertex -21.0291 -25.7038 0
      vertex -21.7 -27.2 0
      vertex -21.1121 -25.7203 0
    endloop
  endfacet
  facet normal 0 0 -1
    outer loop
      vertex -21.1121 -25.7203 0
      vertex -21.7 -27.2 0
      vertex -21.3617 -25.77 0
    endloop
  endfacet
  facet normal 0 0 -1
    outer loop
      vertex -21.3617 -25.77 0
      vertex -21.7 -27.2 0
      vertex -21.4461 -25.7755 0
    endloop
  endfacet
  facet normal 0 0 -1
    outer loop
      vertex -21.7 -27.2 0
      vertex -21.7 -25.7922 0
      vertex -21.4461 -25.7755 0
    endloop
  endfacet
  facet normal 0 0 -1
    outer loop
      vertex -21.7 -27.2 0
      vertex -21.9539 -25.7755 0
      vertex -21.7 -25.7922 0
    endloop
  endfacet
  facet normal 0 0 -1
    outer loop
      vertex -22.2221 -27.1658 0
      vertex -21.9539 -25.7755 0
      vertex -21.7 -27.2 0
    endloop
  endfacet
  facet normal -0 0 -1
    outer loop
      vertex -21.9539 -25.7755 0
      vertex -22.2221 -27.1658 0
      vertex -22.0383 -25.77 0
    endloop
  endfacet
  facet normal 0 0 -1
    outer loop
      vertex -22.2221 -27.1658 0
      vertex -22.2879 -25.7203 0
      vertex -22.0383 -25.77 0
    endloop
  endfacet
  facet normal 0 0 -1
    outer loop
      vertex -22.7353 -27.0637 0
      vertex -22.2879 -25.7203 0
      vertex -22.2221 -27.1658 0
    endloop
  endfacet
  facet normal -0 0 -1
    outer loop
      vertex -22.2879 -25.7203 0
      vertex -22.7353 -27.0637 0
      vertex -22.3709 -25.7038 0
    endloop
  endfacet
  facet normal -0 0 -1
    outer loop
      vertex -22.3709 -25.7038 0
      vertex -22.7353 -27.0637 0
      vertex -22.451 -25.6766 0
    endloop
  endfacet
  facet normal 0 0 -1
    outer loop
      vertex -23.2307 -26.8955 0
      vertex -22.451 -25.6766 0
      vertex -22.7353 -27.0637 0
    endloop
  endfacet
  facet normal -0 0 -1
    outer loop
      vertex -22.451 -25.6766 0
      vertex -23.2307 -26.8955 0
      vertex -22.692 -25.5948 0
    endloop
  endfacet
  facet normal -0 0 -1
    outer loop
      vertex -22.692 -25.5948 0
      vertex -23.2307 -26.8955 0
      vertex -22.7679 -25.5574 0
    endloop
  endfacet
  facet normal 0 0 -1
    outer loop
      vertex -23.7 -26.6641 0
      vertex -22.7679 -25.5574 0
      vertex -23.2307 -26.8955 0
    endloop
  endfacet
  facet normal -0 0 -1
    outer loop
      vertex -22.7679 -25.5574 0
      vertex -23.7 -26.6641 0
      vertex -22.9961 -25.4449 0
    endloop
  endfacet
  facet normal -0 0 -1
    outer loop
      vertex -22.9961 -25.4449 0
      vertex -23.7 -26.6641 0
      vertex -23.2076 -25.3035 0
    endloop
  endfacet
  facet normal 0 0 -1
    outer loop
      vertex -24.135 -26.3734 0
      vertex -23.2076 -25.3035 0
      vertex -23.7 -26.6641 0
    endloop
  endfacet
  facet normal -0 0 -1
    outer loop
      vertex -23.2076 -25.3035 0
      vertex -24.135 -26.3734 0
      vertex -23.278 -25.2565 0
    endloop
  endfacet
  facet normal -0 0 -1
    outer loop
      vertex -23.278 -25.2565 0
      vertex -24.135 -26.3734 0
      vertex -23.3416 -25.2007 0
    endloop
  endfacet
  facet normal 0 0 -1
    outer loop
      vertex -24.5284 -26.0284 0
      vertex -23.3416 -25.2007 0
      vertex -24.135 -26.3734 0
    endloop
  endfacet
  facet normal -0 0 -1
    outer loop
      vertex -23.3416 -25.2007 0
      vertex -24.5284 -26.0284 0
      vertex -23.5329 -25.0329 0
    endloop
  endfacet
  facet normal -0 0 -1
    outer loop
      vertex -23.5329 -25.0329 0
      vertex -24.5284 -26.0284 0
      vertex -23.7007 -24.8416 0
    endloop
  endfacet
  facet normal 0 0 -1
    outer loop
      vertex -24.8734 -25.635 0
      vertex -23.7007 -24.8416 0
      vertex -24.5284 -26.0284 0
    endloop
  endfacet
  facet normal -0 0 -1
    outer loop
      vertex -23.7007 -24.8416 0
      vertex -24.8734 -25.635 0
      vertex -23.7565 -24.778 0
    endloop
  endfacet
  facet normal -0 0 -1
    outer loop
      vertex -23.7565 -24.778 0
      vertex -24.8734 -25.635 0
      vertex -23.8035 -24.7076 0
    endloop
  endfacet
  facet normal 0 0 -1
    outer loop
      vertex -25.1641 -25.2 0
      vertex -23.8035 -24.7076 0
      vertex -24.8734 -25.635 0
    endloop
  endfacet
  facet normal -0 0 -1
    outer loop
      vertex -23.8035 -24.7076 0
      vertex -25.1641 -25.2 0
      vertex -23.9449 -24.4961 0
    endloop
  endfacet
  facet normal -0 0 -1
    outer loop
      vertex -23.9449 -24.4961 0
      vertex -25.1641 -25.2 0
      vertex -24.0574 -24.2679 0
    endloop
  endfacet
  facet normal 0 0 -1
    outer loop
      vertex -25.3955 -24.7307 0
      vertex -24.0574 -24.2679 0
      vertex -25.1641 -25.2 0
    endloop
  endfacet
  facet normal -0 0 -1
    outer loop
      vertex -24.0574 -24.2679 0
      vertex -25.3955 -24.7307 0
      vertex -24.0948 -24.192 0
    endloop
  endfacet
  facet normal -0 0 -1
    outer loop
      vertex -24.0948 -24.192 0
      vertex -25.3955 -24.7307 0
      vertex -24.1766 -23.951 0
    endloop
  endfacet
  facet normal 0 0 -1
    outer loop
      vertex -25.5637 -24.2353 0
      vertex -24.1766 -23.951 0
      vertex -25.3955 -24.7307 0
    endloop
  endfacet
  facet normal -0 0 -1
    outer loop
      vertex -24.2038 -23.8709 0
      vertex -25.5637 -24.2353 0
      vertex -24.2203 -23.7879 0
    endloop
  endfacet
  facet normal -0 0 -1
    outer loop
      vertex -24.1766 -23.951 0
      vertex -25.5637 -24.2353 0
      vertex -24.2038 -23.8709 0
    endloop
  endfacet
  facet normal 0 0 -1
    outer loop
      vertex 24.2038 23.8709 0
      vertex 25.5637 24.2353 0
      vertex 24.2203 23.7879 0
    endloop
  endfacet
  facet normal 0 0 -1
    outer loop
      vertex 24.1766 23.951 0
      vertex 25.5637 24.2353 0
      vertex 24.2038 23.8709 0
    endloop
  endfacet
  facet normal -0 0 -1
    outer loop
      vertex 25.5637 24.2353 0
      vertex 24.1766 23.951 0
      vertex 25.3955 24.7307 0
    endloop
  endfacet
  facet normal 0 0 -1
    outer loop
      vertex 24.0948 24.192 0
      vertex 25.3955 24.7307 0
      vertex 24.1766 23.951 0
    endloop
  endfacet
  facet normal 0 0 -1
    outer loop
      vertex 24.0574 24.2679 0
      vertex 25.3955 24.7307 0
      vertex 24.0948 24.192 0
    endloop
  endfacet
  facet normal -0 0 -1
    outer loop
      vertex 25.3955 24.7307 0
      vertex 24.0574 24.2679 0
      vertex 25.1641 25.2 0
    endloop
  endfacet
  facet normal 0 0 -1
    outer loop
      vertex 23.9449 24.4961 0
      vertex 25.1641 25.2 0
      vertex 24.0574 24.2679 0
    endloop
  endfacet
  facet normal 0 0 -1
    outer loop
      vertex 23.8035 24.7076 0
      vertex 25.1641 25.2 0
      vertex 23.9449 24.4961 0
    endloop
  endfacet
  facet normal -0 0 -1
    outer loop
      vertex 25.1641 25.2 0
      vertex 23.8035 24.7076 0
      vertex 24.8734 25.635 0
    endloop
  endfacet
  facet normal 0 0 -1
    outer loop
      vertex 23.7565 24.778 0
      vertex 24.8734 25.635 0
      vertex 23.8035 24.7076 0
    endloop
  endfacet
  facet normal 0 0 -1
    outer loop
      vertex 23.7007 24.8416 0
      vertex 24.8734 25.635 0
      vertex 23.7565 24.778 0
    endloop
  endfacet
  facet normal -0 0 -1
    outer loop
      vertex 24.8734 25.635 0
      vertex 23.7007 24.8416 0
      vertex 24.5284 26.0284 0
    endloop
  endfacet
  facet normal 0 0 -1
    outer loop
      vertex 23.5329 25.0329 0
      vertex 24.5284 26.0284 0
      vertex 23.7007 24.8416 0
    endloop
  endfacet
  facet normal 0 0 -1
    outer loop
      vertex 23.3416 25.2007 0
      vertex 24.5284 26.0284 0
      vertex 23.5329 25.0329 0
    endloop
  endfacet
  facet normal -0 0 -1
    outer loop
      vertex 24.5284 26.0284 0
      vertex 23.3416 25.2007 0
      vertex 24.135 26.3734 0
    endloop
  endfacet
  facet normal 0 0 -1
    outer loop
      vertex 23.278 25.2565 0
      vertex 24.135 26.3734 0
      vertex 23.3416 25.2007 0
    endloop
  endfacet
  facet normal 0 0 -1
    outer loop
      vertex 23.2076 25.3035 0
      vertex 24.135 26.3734 0
      vertex 23.278 25.2565 0
    endloop
  endfacet
  facet normal -0 0 -1
    outer loop
      vertex 24.135 26.3734 0
      vertex 23.2076 25.3035 0
      vertex 23.7 26.6641 0
    endloop
  endfacet
  facet normal 0 0 -1
    outer loop
      vertex 22.9961 25.4449 0
      vertex 23.7 26.6641 0
      vertex 23.2076 25.3035 0
    endloop
  endfacet
  facet normal 0 0 -1
    outer loop
      vertex 22.7679 25.5574 0
      vertex 23.7 26.6641 0
      vertex 22.9961 25.4449 0
    endloop
  endfacet
  facet normal -0 0 -1
    outer loop
      vertex 23.7 26.6641 0
      vertex 22.7679 25.5574 0
      vertex 23.2307 26.8955 0
    endloop
  endfacet
  facet normal 0 0 -1
    outer loop
      vertex 22.692 25.5948 0
      vertex 23.2307 26.8955 0
      vertex 22.7679 25.5574 0
    endloop
  endfacet
  facet normal 0 0 -1
    outer loop
      vertex 22.451 25.6766 0
      vertex 23.2307 26.8955 0
      vertex 22.692 25.5948 0
    endloop
  endfacet
  facet normal -0 0 -1
    outer loop
      vertex 23.2307 26.8955 0
      vertex 22.451 25.6766 0
      vertex 22.7353 27.0637 0
    endloop
  endfacet
  facet normal 0 0 -1
    outer loop
      vertex 22.3709 25.7038 0
      vertex 22.7353 27.0637 0
      vertex 22.451 25.6766 0
    endloop
  endfacet
  facet normal 0 0 -1
    outer loop
      vertex 22.2879 25.7203 0
      vertex 22.7353 27.0637 0
      vertex 22.3709 25.7038 0
    endloop
  endfacet
  facet normal 0 0 -1
    outer loop
      vertex 22.2879 25.7203 0
      vertex 22.2221 27.1658 0
      vertex 22.7353 27.0637 0
    endloop
  endfacet
  facet normal 0 0 -1
    outer loop
      vertex 22.0383 25.77 0
      vertex 22.2221 27.1658 0
      vertex 22.2879 25.7203 0
    endloop
  endfacet
  facet normal 0 0 -1
    outer loop
      vertex 21.9539 25.7755 0
      vertex 22.2221 27.1658 0
      vertex 22.0383 25.77 0
    endloop
  endfacet
  facet normal 0 0 -1
    outer loop
      vertex 21.7 27.2 0
      vertex 21.9539 25.7755 0
      vertex 21.7 25.7922 0
    endloop
  endfacet
  facet normal 0 0 -1
    outer loop
      vertex 21.9539 25.7755 0
      vertex 21.7 27.2 0
      vertex 22.2221 27.1658 0
    endloop
  endfacet
  facet normal 0 0 -1
    outer loop
      vertex 21.4461 25.7755 0
      vertex 21.7 27.2 0
      vertex 21.7 25.7922 0
    endloop
  endfacet
  facet normal 0 0 -1
    outer loop
      vertex 21.3617 25.77 0
      vertex 21.7 27.2 0
      vertex 21.4461 25.7755 0
    endloop
  endfacet
  facet normal 0 0 -1
    outer loop
      vertex 21.1121 25.7203 0
      vertex 21.7 27.2 0
      vertex 21.3617 25.77 0
    endloop
  endfacet
  facet normal 0 0 -1
    outer loop
      vertex 21.0291 25.7038 0
      vertex 21.7 27.2 0
      vertex 21.1121 25.7203 0
    endloop
  endfacet
  facet normal 0 0 -1
    outer loop
      vertex 20.949 25.6766 0
      vertex 21.7 27.2 0
      vertex 21.0291 25.7038 0
    endloop
  endfacet
  facet normal 0 0 -1
    outer loop
      vertex 20.708 25.5948 0
      vertex 21.7 27.2 0
      vertex 20.949 25.6766 0
    endloop
  endfacet
  facet normal 0 0 -1
    outer loop
      vertex 20.6321 25.5574 0
      vertex 21.7 27.2 0
      vertex 20.708 25.5948 0
    endloop
  endfacet
  facet normal 0 0 -1
    outer loop
      vertex 20.4039 25.4449 0
      vertex 21.7 27.2 0
      vertex 20.6321 25.5574 0
    endloop
  endfacet
  facet normal 0 0 -1
    outer loop
      vertex 20.1924 25.3035 0
      vertex 21.7 27.2 0
      vertex 20.4039 25.4449 0
    endloop
  endfacet
  facet normal 0 0 -1
    outer loop
      vertex 20.122 25.2565 0
      vertex 21.7 27.2 0
      vertex 20.1924 25.3035 0
    endloop
  endfacet
  facet normal 0 0 -1
    outer loop
      vertex 20.0584 25.2007 0
      vertex 21.7 27.2 0
      vertex 20.122 25.2565 0
    endloop
  endfacet
  facet normal 0 0 -1
    outer loop
      vertex 19.8671 25.0329 0
      vertex 21.7 27.2 0
      vertex 20.0584 25.2007 0
    endloop
  endfacet
  facet normal 0 0 -1
    outer loop
      vertex -19.8671 25.0329 0
      vertex 19.8671 25.0329 0
      vertex 19.6993 24.8416 0
    endloop
  endfacet
  facet normal 0 0 -1
    outer loop
      vertex -19.8671 25.0329 0
      vertex 19.6993 24.8416 0
      vertex 19.6435 24.778 0
    endloop
  endfacet
  facet normal 0 0 -1
    outer loop
      vertex 19.4551 24.4961 0
      vertex 19.6435 24.778 0
      vertex 19.5965 24.7076 0
    endloop
  endfacet
  facet normal 0 0 -1
    outer loop
      vertex 19.13 23.5383 0
      vertex 19.1962 23.8709 0
      vertex 19.1797 23.7879 0
    endloop
  endfacet
  facet normal 0 0 -1
    outer loop
      vertex 19.1078 23.2 0
      vertex 19.13 23.5383 0
      vertex 19.1245 23.4539 0
    endloop
  endfacet
  facet normal 0 0 -1
    outer loop
      vertex 19.1245 22.9461 0
      vertex -19.1078 23.2 0
      vertex 19.1078 23.2 0
    endloop
  endfacet
  facet normal 0 0 -1
    outer loop
      vertex 19.1078 23.2 0
      vertex -19.1078 23.2 0
      vertex 19.13 23.5383 0
    endloop
  endfacet
  facet normal 0 0 -1
    outer loop
      vertex -19.1245 23.4539 0
      vertex 19.13 23.5383 0
      vertex -19.1078 23.2 0
    endloop
  endfacet
  facet normal 0 0 -1
    outer loop
      vertex -19.13 23.5383 0
      vertex 19.13 23.5383 0
      vertex -19.1245 23.4539 0
    endloop
  endfacet
  facet normal 0 0 -1
    outer loop
      vertex 19.13 23.5383 0
      vertex -19.13 23.5383 0
      vertex 19.1962 23.8709 0
    endloop
  endfacet
  facet normal 0 0 -1
    outer loop
      vertex -19.1797 23.7879 0
      vertex 19.1962 23.8709 0
      vertex -19.13 23.5383 0
    endloop
  endfacet
  facet normal 0 0 -1
    outer loop
      vertex -19.1962 23.8709 0
      vertex 19.1962 23.8709 0
      vertex -19.1797 23.7879 0
    endloop
  endfacet
  facet normal 0 0 -1
    outer loop
      vertex 19.1962 23.8709 0
      vertex -19.1962 23.8709 0
      vertex 19.2234 23.951 0
    endloop
  endfacet
  facet normal -0 0 -1
    outer loop
      vertex 19.2234 23.951 0
      vertex -19.1962 23.8709 0
      vertex 19.3052 24.192 0
    endloop
  endfacet
  facet normal 0 0 -1
    outer loop
      vertex -19.2234 23.951 0
      vertex 19.3052 24.192 0
      vertex -19.1962 23.8709 0
    endloop
  endfacet
  facet normal 0 0 -1
    outer loop
      vertex -19.3052 24.192 0
      vertex 19.3052 24.192 0
      vertex -19.2234 23.951 0
    endloop
  endfacet
  facet normal 0 0 -1
    outer loop
      vertex 19.3052 24.192 0
      vertex -19.3052 24.192 0
      vertex 19.3426 24.2679 0
    endloop
  endfacet
  facet normal -0 0 -1
    outer loop
      vertex 19.3426 24.2679 0
      vertex -19.3052 24.192 0
      vertex 19.4551 24.4961 0
    endloop
  endfacet
  facet normal 0 0 -1
    outer loop
      vertex -19.3426 24.2679 0
      vertex 19.4551 24.4961 0
      vertex -19.3052 24.192 0
    endloop
  endfacet
  facet normal 0 0 -1
    outer loop
      vertex -19.4551 24.4961 0
      vertex 19.4551 24.4961 0
      vertex -19.3426 24.2679 0
    endloop
  endfacet
  facet normal 0 0 -1
    outer loop
      vertex 19.4551 24.4961 0
      vertex -19.4551 24.4961 0
      vertex 19.6435 24.778 0
    endloop
  endfacet
  facet normal 0 0 -1
    outer loop
      vertex -19.5965 24.7076 0
      vertex 19.6435 24.778 0
      vertex -19.4551 24.4961 0
    endloop
  endfacet
  facet normal 0 0 -1
    outer loop
      vertex -19.6435 24.778 0
      vertex 19.6435 24.778 0
      vertex -19.5965 24.7076 0
    endloop
  endfacet
  facet normal 0 0 -1
    outer loop
      vertex -19.6993 24.8416 0
      vertex 19.6435 24.778 0
      vertex -19.6435 24.778 0
    endloop
  endfacet
  facet normal 0 0 -1
    outer loop
      vertex -19.8671 25.0329 0
      vertex 19.6435 24.778 0
      vertex -19.6993 24.8416 0
    endloop
  endfacet
  facet normal 0 0 -1
    outer loop
      vertex 19.8671 25.0329 0
      vertex -19.8671 25.0329 0
      vertex 21.7 27.2 0
    endloop
  endfacet
  facet normal 0 0 -1
    outer loop
      vertex -21.7 27.2 0
      vertex -19.8671 25.0329 0
      vertex -20.0584 25.2007 0
    endloop
  endfacet
  facet normal 0 0 -1
    outer loop
      vertex -21.7 27.2 0
      vertex -20.0584 25.2007 0
      vertex -20.122 25.2565 0
    endloop
  endfacet
  facet normal 0 0 -1
    outer loop
      vertex -21.7 27.2 0
      vertex -20.122 25.2565 0
      vertex -20.1924 25.3035 0
    endloop
  endfacet
  facet normal 0 0 -1
    outer loop
      vertex -21.7 27.2 0
      vertex -20.1924 25.3035 0
      vertex -20.4039 25.4449 0
    endloop
  endfacet
  facet normal 0 0 -1
    outer loop
      vertex -21.7 27.2 0
      vertex -20.4039 25.4449 0
      vertex -20.6321 25.5574 0
    endloop
  endfacet
  facet normal 0 0 -1
    outer loop
      vertex -21.7 27.2 0
      vertex -20.6321 25.5574 0
      vertex -20.708 25.5948 0
    endloop
  endfacet
  facet normal 0 0 -1
    outer loop
      vertex -21.7 27.2 0
      vertex -20.708 25.5948 0
      vertex -20.949 25.6766 0
    endloop
  endfacet
  facet normal 0 0 -1
    outer loop
      vertex -21.7 27.2 0
      vertex -20.949 25.6766 0
      vertex -21.0291 25.7038 0
    endloop
  endfacet
  facet normal 0 0 -1
    outer loop
      vertex -21.7 27.2 0
      vertex -21.0291 25.7038 0
      vertex -21.1121 25.7203 0
    endloop
  endfacet
  facet normal 0 0 -1
    outer loop
      vertex -21.7 27.2 0
      vertex -21.1121 25.7203 0
      vertex -21.3617 25.77 0
    endloop
  endfacet
  facet normal 0 0 -1
    outer loop
      vertex -21.7 27.2 0
      vertex -21.3617 25.77 0
      vertex -21.4461 25.7755 0
    endloop
  endfacet
  facet normal 0 0 -1
    outer loop
      vertex -19.8671 25.0329 0
      vertex -21.7 27.2 0
      vertex 21.7 27.2 0
    endloop
  endfacet
  facet normal 0 0 -1
    outer loop
      vertex -21.7 25.7922 0
      vertex -21.7 27.2 0
      vertex -21.4461 25.7755 0
    endloop
  endfacet
  facet normal 0 0 -1
    outer loop
      vertex -21.9539 25.7755 0
      vertex -21.7 27.2 0
      vertex -21.7 25.7922 0
    endloop
  endfacet
  facet normal 0 0 -1
    outer loop
      vertex -22.2221 27.1658 0
      vertex -21.9539 25.7755 0
      vertex -22.0383 25.77 0
    endloop
  endfacet
  facet normal 0 0 -1
    outer loop
      vertex -21.9539 25.7755 0
      vertex -22.2221 27.1658 0
      vertex -21.7 27.2 0
    endloop
  endfacet
  facet normal 0 0 -1
    outer loop
      vertex -22.2879 25.7203 0
      vertex -22.2221 27.1658 0
      vertex -22.0383 25.77 0
    endloop
  endfacet
  facet normal 0 0 -1
    outer loop
      vertex -22.7353 27.0637 0
      vertex -22.2879 25.7203 0
      vertex -22.3709 25.7038 0
    endloop
  endfacet
  facet normal 0 0 -1
    outer loop
      vertex -22.7353 27.0637 0
      vertex -22.3709 25.7038 0
      vertex -22.451 25.6766 0
    endloop
  endfacet
  facet normal 0 0 -1
    outer loop
      vertex -23.2307 26.8955 0
      vertex -22.451 25.6766 0
      vertex -22.692 25.5948 0
    endloop
  endfacet
  facet normal 0 0 -1
    outer loop
      vertex -22.2879 25.7203 0
      vertex -22.7353 27.0637 0
      vertex -22.2221 27.1658 0
    endloop
  endfacet
  facet normal 0 0 -1
    outer loop
      vertex -23.2307 26.8955 0
      vertex -22.692 25.5948 0
      vertex -22.7679 25.5574 0
    endloop
  endfacet
  facet normal 0 0 -1
    outer loop
      vertex -23.7 26.6641 0
      vertex -22.7679 25.5574 0
      vertex -22.9961 25.4449 0
    endloop
  endfacet
  facet normal 0 0 -1
    outer loop
      vertex -23.7 26.6641 0
      vertex -22.9961 25.4449 0
      vertex -23.2076 25.3035 0
    endloop
  endfacet
  facet normal 0 0 -1
    outer loop
      vertex -22.451 25.6766 0
      vertex -23.2307 26.8955 0
      vertex -22.7353 27.0637 0
    endloop
  endfacet
  facet normal 0 0 -1
    outer loop
      vertex -24.135 26.3734 0
      vertex -23.2076 25.3035 0
      vertex -23.278 25.2565 0
    endloop
  endfacet
  facet normal 0 0 -1
    outer loop
      vertex -24.135 26.3734 0
      vertex -23.278 25.2565 0
      vertex -23.3416 25.2007 0
    endloop
  endfacet
  facet normal 0 0 -1
    outer loop
      vertex -24.5284 26.0284 0
      vertex -23.3416 25.2007 0
      vertex -23.5329 25.0329 0
    endloop
  endfacet
  facet normal 0 0 -1
    outer loop
      vertex -22.7679 25.5574 0
      vertex -23.7 26.6641 0
      vertex -23.2307 26.8955 0
    endloop
  endfacet
  facet normal 0 0 -1
    outer loop
      vertex -24.5284 26.0284 0
      vertex -23.5329 25.0329 0
      vertex -23.7007 24.8416 0
    endloop
  endfacet
  facet normal 0 0 -1
    outer loop
      vertex -24.8734 25.635 0
      vertex -23.7007 24.8416 0
      vertex -23.7565 24.778 0
    endloop
  endfacet
  facet normal 0 0 -1
    outer loop
      vertex -24.8734 25.635 0
      vertex -23.7565 24.778 0
      vertex -23.8035 24.7076 0
    endloop
  endfacet
  facet normal 0 0 -1
    outer loop
      vertex -25.1641 25.2 0
      vertex -23.8035 24.7076 0
      vertex -23.9449 24.4961 0
    endloop
  endfacet
  facet normal 0 0 -1
    outer loop
      vertex -25.1641 25.2 0
      vertex -23.9449 24.4961 0
      vertex -24.0574 24.2679 0
    endloop
  endfacet
  facet normal 0 0 -1
    outer loop
      vertex -25.3955 24.7307 0
      vertex -24.0574 24.2679 0
      vertex -24.0948 24.192 0
    endloop
  endfacet
  facet normal 0 0 -1
    outer loop
      vertex -23.2076 25.3035 0
      vertex -24.135 26.3734 0
      vertex -23.7 26.6641 0
    endloop
  endfacet
  facet normal 0 0 -1
    outer loop
      vertex -25.3955 24.7307 0
      vertex -24.0948 24.192 0
      vertex -24.1766 23.951 0
    endloop
  endfacet
  facet normal 0 0 -1
    outer loop
      vertex -25.5637 24.2353 0
      vertex -24.1766 23.951 0
      vertex -24.2038 23.8709 0
    endloop
  endfacet
  facet normal 0 0 -1
    outer loop
      vertex -25.5637 24.2353 0
      vertex -24.2038 23.8709 0
      vertex -24.2203 23.7879 0
    endloop
  endfacet
  facet normal 0 0 -1
    outer loop
      vertex -25.6658 23.7221 0
      vertex -24.2203 23.7879 0
      vertex -24.27 23.5383 0
    endloop
  endfacet
  facet normal 0 0 -1
    outer loop
      vertex -25.6658 23.7221 0
      vertex -24.27 23.5383 0
      vertex -24.2755 23.4539 0
    endloop
  endfacet
  facet normal 0 0 -1
    outer loop
      vertex -25.7 23.2 0
      vertex -24.2755 23.4539 0
      vertex -24.2922 23.2 0
    endloop
  endfacet
  facet normal 0 0 -1
    outer loop
      vertex -23.3416 25.2007 0
      vertex -24.5284 26.0284 0
      vertex -24.135 26.3734 0
    endloop
  endfacet
  facet normal 0 0 -1
    outer loop
      vertex -24.27 22.8617 0
      vertex -25.7 23.2 0
      vertex -24.2755 22.9461 0
    endloop
  endfacet
  facet normal 0 0 -1
    outer loop
      vertex -25.6658 -23.7221 0
      vertex -24.2203 -23.7879 0
      vertex -25.5637 -24.2353 0
    endloop
  endfacet
  facet normal 0 0 -1
    outer loop
      vertex -24.2755 22.9461 0
      vertex -25.7 23.2 0
      vertex -24.2922 23.2 0
    endloop
  endfacet
  facet normal 0 0 -1
    outer loop
      vertex -24.2203 -23.7879 0
      vertex -25.6658 -23.7221 0
      vertex -24.27 -23.5383 0
    endloop
  endfacet
  facet normal -0 0 -1
    outer loop
      vertex -24.2755 23.4539 0
      vertex -25.7 23.2 0
      vertex -25.6658 23.7221 0
    endloop
  endfacet
  facet normal -0 0 -1
    outer loop
      vertex -24.27 -23.5383 0
      vertex -25.6658 -23.7221 0
      vertex -24.2755 -23.4539 0
    endloop
  endfacet
  facet normal 0 0 -1
    outer loop
      vertex -23.7007 24.8416 0
      vertex -24.8734 25.635 0
      vertex -24.5284 26.0284 0
    endloop
  endfacet
  facet normal 0 0 -1
    outer loop
      vertex -25.7 -23.2 0
      vertex -24.2755 -23.4539 0
      vertex -25.6658 -23.7221 0
    endloop
  endfacet
  facet normal 0 0 -1
    outer loop
      vertex -23.8035 24.7076 0
      vertex -25.1641 25.2 0
      vertex -24.8734 25.635 0
    endloop
  endfacet
  facet normal 0 0 -1
    outer loop
      vertex -24.2755 -23.4539 0
      vertex -25.7 -23.2 0
      vertex -24.2922 -23.2 0
    endloop
  endfacet
  facet normal 0 0 -1
    outer loop
      vertex -24.0574 24.2679 0
      vertex -25.3955 24.7307 0
      vertex -25.1641 25.2 0
    endloop
  endfacet
  facet normal 0 0 -1
    outer loop
      vertex -24.1766 23.951 0
      vertex -25.5637 24.2353 0
      vertex -25.3955 24.7307 0
    endloop
  endfacet
  facet normal -0 0 -1
    outer loop
      vertex -24.2203 23.7879 0
      vertex -25.6658 23.7221 0
      vertex -25.5637 24.2353 0
    endloop
  endfacet
  facet normal 0.555626 -0.831432 0
    outer loop
      vertex 23.7 -26.6641 0
      vertex 24.135 -26.3734 2
      vertex 23.7 -26.6641 2
    endloop
  endfacet
  facet normal 0.555626 -0.831432 0
    outer loop
      vertex 24.135 -26.3734 2
      vertex 23.7 -26.6641 0
      vertex 24.135 -26.3734 0
    endloop
  endfacet
  facet normal 0.659343 -0.751842 0
    outer loop
      vertex 24.135 -26.3734 0
      vertex 24.5284 -26.0284 2
      vertex 24.135 -26.3734 2
    endloop
  endfacet
  facet normal 0.659343 -0.751842 0
    outer loop
      vertex 24.5284 -26.0284 2
      vertex 24.135 -26.3734 0
      vertex 24.5284 -26.0284 0
    endloop
  endfacet
  facet normal 0.896898 0.442238 0
    outer loop
      vertex 25.3955 24.7307 2
      vertex 25.1641 25.2 0
      vertex 25.1641 25.2 2
    endloop
  endfacet
  facet normal 0.896898 0.442238 0
    outer loop
      vertex 25.1641 25.2 0
      vertex 25.3955 24.7307 2
      vertex 25.3955 24.7307 0
    endloop
  endfacet
  facet normal 0.751842 -0.659343 0
    outer loop
      vertex 24.5284 -26.0284 2
      vertex 24.8734 -25.635 0
      vertex 24.8734 -25.635 2
    endloop
  endfacet
  facet normal 0.751842 -0.659343 0
    outer loop
      vertex 24.8734 -25.635 0
      vertex 24.5284 -26.0284 2
      vertex 24.5284 -26.0284 0
    endloop
  endfacet
  facet normal -0.94691 -0.321498 0
    outer loop
      vertex -25.3955 -24.7307 0
      vertex -25.5637 -24.2353 2
      vertex -25.5637 -24.2353 0
    endloop
  endfacet
  facet normal -0.94691 -0.321498 0
    outer loop
      vertex -25.5637 -24.2353 2
      vertex -25.3955 -24.7307 0
      vertex -25.3955 -24.7307 2
    endloop
  endfacet
  facet normal 0.0653646 0.997861 -0
    outer loop
      vertex 22.2221 27.1658 0
      vertex 21.7 27.2 2
      vertex 22.2221 27.1658 2
    endloop
  endfacet
  facet normal 0.0653646 0.997861 0
    outer loop
      vertex 21.7 27.2 2
      vertex 22.2221 27.1658 0
      vertex 21.7 27.2 0
    endloop
  endfacet
  facet normal 0.997861 -0.0653646 0
    outer loop
      vertex 25.6658 -23.7221 2
      vertex 25.7 -23.2 0
      vertex 25.7 -23.2 2
    endloop
  endfacet
  facet normal 0.997861 -0.0653646 0
    outer loop
      vertex 25.7 -23.2 0
      vertex 25.6658 -23.7221 2
      vertex 25.6658 -23.7221 0
    endloop
  endfacet
  facet normal 0.442238 -0.896898 0
    outer loop
      vertex 23.2307 -26.8955 0
      vertex 23.7 -26.6641 2
      vertex 23.2307 -26.8955 2
    endloop
  endfacet
  facet normal 0.442238 -0.896898 0
    outer loop
      vertex 23.7 -26.6641 2
      vertex 23.2307 -26.8955 0
      vertex 23.7 -26.6641 0
    endloop
  endfacet
  facet normal -0.0653198 0.997864 0
    outer loop
      vertex -21.4846 -24.8359 1.55
      vertex -21.7 -24.85 2
      vertex -21.4846 -24.8359 2
    endloop
  endfacet
  facet normal -0.0653198 0.997864 0
    outer loop
      vertex -21.7 -24.85 2
      vertex -21.4846 -24.8359 1.55
      vertex -21.7 -24.85 1.55
    endloop
  endfacet
  facet normal -0.980794 -0.195047 0
    outer loop
      vertex -20.0641 -22.9846 1.55
      vertex -20.1062 -22.7729 2
      vertex -20.1062 -22.7729 1.55
    endloop
  endfacet
  facet normal -0.980794 -0.195047 0
    outer loop
      vertex -20.1062 -22.7729 2
      vertex -20.0641 -22.9846 1.55
      vertex -20.0641 -22.9846 2
    endloop
  endfacet
  facet normal -0.997864 -0.0653198 0
    outer loop
      vertex -20.05 -23.2 1.55
      vertex -20.0641 -22.9846 2
      vertex -20.0641 -22.9846 1.55
    endloop
  endfacet
  facet normal -0.997864 -0.0653198 0
    outer loop
      vertex -20.0641 -22.9846 2
      vertex -20.05 -23.2 1.55
      vertex -20.05 -23.2 2
    endloop
  endfacet
  facet normal -0.94686 -0.321645 0
    outer loop
      vertex -20.1062 -22.7729 1.55
      vertex -20.1756 -22.5686 2
      vertex -20.1756 -22.5686 1.55
    endloop
  endfacet
  facet normal -0.94686 -0.321645 0
    outer loop
      vertex -20.1756 -22.5686 2
      vertex -20.1062 -22.7729 1.55
      vertex -20.1062 -22.7729 2
    endloop
  endfacet
  facet normal -0.0653198 -0.997864 0
    outer loop
      vertex -21.7 -21.55 1.55
      vertex -21.4846 -21.5641 2
      vertex -21.7 -21.55 2
    endloop
  endfacet
  facet normal -0.0653198 -0.997864 -0
    outer loop
      vertex -21.4846 -21.5641 2
      vertex -21.7 -21.55 1.55
      vertex -21.4846 -21.5641 1.55
    endloop
  endfacet
  facet normal 0.659488 0.751715 -0
    outer loop
      vertex -22.7045 -24.509 1.55
      vertex -22.8667 -24.3667 2
      vertex -22.7045 -24.509 2
    endloop
  endfacet
  facet normal 0.659488 0.751715 0
    outer loop
      vertex -22.8667 -24.3667 2
      vertex -22.7045 -24.509 1.55
      vertex -22.8667 -24.3667 1.55
    endloop
  endfacet
  facet normal 0.997864 0.0653198 0
    outer loop
      vertex -23.3359 -23.4154 2
      vertex -23.35 -23.2 1.55
      vertex -23.35 -23.2 2
    endloop
  endfacet
  facet normal 0.997864 0.0653198 0
    outer loop
      vertex -23.35 -23.2 1.55
      vertex -23.3359 -23.4154 2
      vertex -23.3359 -23.4154 1.55
    endloop
  endfacet
  facet normal 0.659488 -0.751715 0
    outer loop
      vertex -22.8667 -22.0333 1.55
      vertex -22.7045 -21.891 2
      vertex -22.8667 -22.0333 2
    endloop
  endfacet
  facet normal 0.659488 -0.751715 0
    outer loop
      vertex -22.7045 -21.891 2
      vertex -22.8667 -22.0333 1.55
      vertex -22.7045 -21.891 1.55
    endloop
  endfacet
  facet normal -0.751715 -0.659488 0
    outer loop
      vertex -20.391 -22.1955 1.55
      vertex -20.5333 -22.0333 2
      vertex -20.5333 -22.0333 1.55
    endloop
  endfacet
  facet normal -0.751715 -0.659488 0
    outer loop
      vertex -20.5333 -22.0333 2
      vertex -20.391 -22.1955 1.55
      vertex -20.391 -22.1955 2
    endloop
  endfacet
  facet normal -0.997864 0.0653198 0
    outer loop
      vertex -20.0641 -23.4154 1.55
      vertex -20.05 -23.2 2
      vertex -20.05 -23.2 1.55
    endloop
  endfacet
  facet normal -0.997864 0.0653198 0
    outer loop
      vertex -20.05 -23.2 2
      vertex -20.0641 -23.4154 1.55
      vertex -20.0641 -23.4154 2
    endloop
  endfacet
  facet normal -0.442389 -0.896823 0
    outer loop
      vertex -21.0686 -21.6756 1.55
      vertex -20.875 -21.7711 2
      vertex -21.0686 -21.6756 2
    endloop
  endfacet
  facet normal -0.442389 -0.896823 -0
    outer loop
      vertex -20.875 -21.7711 2
      vertex -21.0686 -21.6756 1.55
      vertex -20.875 -21.7711 1.55
    endloop
  endfacet
  facet normal -0.896823 0.442389 0
    outer loop
      vertex -20.2711 -24.025 1.55
      vertex -20.1756 -23.8314 2
      vertex -20.1756 -23.8314 1.55
    endloop
  endfacet
  facet normal -0.896823 0.442389 0
    outer loop
      vertex -20.1756 -23.8314 2
      vertex -20.2711 -24.025 1.55
      vertex -20.2711 -24.025 2
    endloop
  endfacet
  facet normal 0.321645 0.94686 -0
    outer loop
      vertex -22.1271 -24.7938 1.55
      vertex -22.3314 -24.7244 2
      vertex -22.1271 -24.7938 2
    endloop
  endfacet
  facet normal 0.321645 0.94686 0
    outer loop
      vertex -22.3314 -24.7244 2
      vertex -22.1271 -24.7938 1.55
      vertex -22.3314 -24.7244 1.55
    endloop
  endfacet
  facet normal -0.831551 -0.555448 0
    outer loop
      vertex -20.2711 -22.375 1.55
      vertex -20.391 -22.1955 2
      vertex -20.391 -22.1955 1.55
    endloop
  endfacet
  facet normal -0.831551 -0.555448 0
    outer loop
      vertex -20.391 -22.1955 2
      vertex -20.2711 -22.375 1.55
      vertex -20.2711 -22.375 2
    endloop
  endfacet
  facet normal -0.896823 -0.442389 0
    outer loop
      vertex -20.1756 -22.5686 1.55
      vertex -20.2711 -22.375 2
      vertex -20.2711 -22.375 1.55
    endloop
  endfacet
  facet normal -0.896823 -0.442389 0
    outer loop
      vertex -20.2711 -22.375 2
      vertex -20.1756 -22.5686 1.55
      vertex -20.1756 -22.5686 2
    endloop
  endfacet
  facet normal 0.831551 0.555448 0
    outer loop
      vertex -23.009 -24.2045 2
      vertex -23.1289 -24.025 1.55
      vertex -23.1289 -24.025 2
    endloop
  endfacet
  facet normal 0.831551 0.555448 0
    outer loop
      vertex -23.1289 -24.025 1.55
      vertex -23.009 -24.2045 2
      vertex -23.009 -24.2045 1.55
    endloop
  endfacet
  facet normal -0.442389 0.896823 0
    outer loop
      vertex -20.875 -24.6289 1.55
      vertex -21.0686 -24.7244 2
      vertex -20.875 -24.6289 2
    endloop
  endfacet
  facet normal -0.442389 0.896823 0
    outer loop
      vertex -21.0686 -24.7244 2
      vertex -20.875 -24.6289 1.55
      vertex -21.0686 -24.7244 1.55
    endloop
  endfacet
  facet normal 0.442389 -0.896823 0
    outer loop
      vertex -22.525 -21.7711 1.55
      vertex -22.3314 -21.6756 2
      vertex -22.525 -21.7711 2
    endloop
  endfacet
  facet normal 0.442389 -0.896823 0
    outer loop
      vertex -22.3314 -21.6756 2
      vertex -22.525 -21.7711 1.55
      vertex -22.3314 -21.6756 1.55
    endloop
  endfacet
  facet normal 0.997864 -0.0653198 0
    outer loop
      vertex -23.35 -23.2 2
      vertex -23.3359 -22.9846 1.55
      vertex -23.3359 -22.9846 2
    endloop
  endfacet
  facet normal 0.997864 -0.0653198 0
    outer loop
      vertex -23.3359 -22.9846 1.55
      vertex -23.35 -23.2 2
      vertex -23.35 -23.2 1.55
    endloop
  endfacet
  facet normal -0.195047 -0.980794 0
    outer loop
      vertex -21.4846 -21.5641 1.55
      vertex -21.2729 -21.6062 2
      vertex -21.4846 -21.5641 2
    endloop
  endfacet
  facet normal -0.195047 -0.980794 -0
    outer loop
      vertex -21.2729 -21.6062 2
      vertex -21.4846 -21.5641 1.55
      vertex -21.2729 -21.6062 1.55
    endloop
  endfacet
  facet normal 0.751715 -0.659488 0
    outer loop
      vertex -23.009 -22.1955 2
      vertex -22.8667 -22.0333 1.55
      vertex -22.8667 -22.0333 2
    endloop
  endfacet
  facet normal 0.751715 -0.659488 0
    outer loop
      vertex -22.8667 -22.0333 1.55
      vertex -23.009 -22.1955 2
      vertex -23.009 -22.1955 1.55
    endloop
  endfacet
  facet normal 0.94686 0.321645 0
    outer loop
      vertex -23.2244 -23.8314 2
      vertex -23.2938 -23.6271 1.55
      vertex -23.2938 -23.6271 2
    endloop
  endfacet
  facet normal 0.94686 0.321645 0
    outer loop
      vertex -23.2938 -23.6271 1.55
      vertex -23.2244 -23.8314 2
      vertex -23.2244 -23.8314 1.55
    endloop
  endfacet
  facet normal -0.94686 0.321645 0
    outer loop
      vertex -20.1756 -23.8314 1.55
      vertex -20.1062 -23.6271 2
      vertex -20.1062 -23.6271 1.55
    endloop
  endfacet
  facet normal -0.94686 0.321645 0
    outer loop
      vertex -20.1062 -23.6271 2
      vertex -20.1756 -23.8314 1.55
      vertex -20.1756 -23.8314 2
    endloop
  endfacet
  facet normal 0.980794 -0.195047 0
    outer loop
      vertex -23.3359 -22.9846 2
      vertex -23.2938 -22.7729 1.55
      vertex -23.2938 -22.7729 2
    endloop
  endfacet
  facet normal 0.980794 -0.195047 0
    outer loop
      vertex -23.2938 -22.7729 1.55
      vertex -23.3359 -22.9846 2
      vertex -23.3359 -22.9846 1.55
    endloop
  endfacet
  facet normal 0.442389 0.896823 -0
    outer loop
      vertex -22.3314 -24.7244 1.55
      vertex -22.525 -24.6289 2
      vertex -22.3314 -24.7244 2
    endloop
  endfacet
  facet normal 0.442389 0.896823 0
    outer loop
      vertex -22.525 -24.6289 2
      vertex -22.3314 -24.7244 1.55
      vertex -22.525 -24.6289 1.55
    endloop
  endfacet
  facet normal 0.555448 -0.831551 0
    outer loop
      vertex -22.7045 -21.891 1.55
      vertex -22.525 -21.7711 2
      vertex -22.7045 -21.891 2
    endloop
  endfacet
  facet normal 0.555448 -0.831551 0
    outer loop
      vertex -22.525 -21.7711 2
      vertex -22.7045 -21.891 1.55
      vertex -22.525 -21.7711 1.55
    endloop
  endfacet
  facet normal -0.659488 0.751715 0
    outer loop
      vertex -20.5333 -24.3667 1.55
      vertex -20.6955 -24.509 2
      vertex -20.5333 -24.3667 2
    endloop
  endfacet
  facet normal -0.659488 0.751715 0
    outer loop
      vertex -20.6955 -24.509 2
      vertex -20.5333 -24.3667 1.55
      vertex -20.6955 -24.509 1.55
    endloop
  endfacet
  facet normal 0.321645 -0.94686 0
    outer loop
      vertex -22.3314 -21.6756 1.55
      vertex -22.1271 -21.6062 2
      vertex -22.3314 -21.6756 2
    endloop
  endfacet
  facet normal 0.321645 -0.94686 0
    outer loop
      vertex -22.1271 -21.6062 2
      vertex -22.3314 -21.6756 1.55
      vertex -22.1271 -21.6062 1.55
    endloop
  endfacet
  facet normal -0.831551 0.555448 0
    outer loop
      vertex -20.391 -24.2045 1.55
      vertex -20.2711 -24.025 2
      vertex -20.2711 -24.025 1.55
    endloop
  endfacet
  facet normal -0.831551 0.555448 0
    outer loop
      vertex -20.2711 -24.025 2
      vertex -20.391 -24.2045 1.55
      vertex -20.391 -24.2045 2
    endloop
  endfacet
  facet normal -0.555448 0.831551 0
    outer loop
      vertex -20.6955 -24.509 1.55
      vertex -20.875 -24.6289 2
      vertex -20.6955 -24.509 2
    endloop
  endfacet
  facet normal -0.555448 0.831551 0
    outer loop
      vertex -20.875 -24.6289 2
      vertex -20.6955 -24.509 1.55
      vertex -20.875 -24.6289 1.55
    endloop
  endfacet
  facet normal -0.751715 0.659488 0
    outer loop
      vertex -20.5333 -24.3667 1.55
      vertex -20.391 -24.2045 2
      vertex -20.391 -24.2045 1.55
    endloop
  endfacet
  facet normal -0.751715 0.659488 0
    outer loop
      vertex -20.391 -24.2045 2
      vertex -20.5333 -24.3667 1.55
      vertex -20.5333 -24.3667 2
    endloop
  endfacet
  facet normal -0.980794 0.195047 0
    outer loop
      vertex -20.1062 -23.6271 1.55
      vertex -20.0641 -23.4154 2
      vertex -20.0641 -23.4154 1.55
    endloop
  endfacet
  facet normal -0.980794 0.195047 0
    outer loop
      vertex -20.0641 -23.4154 2
      vertex -20.1062 -23.6271 1.55
      vertex -20.1062 -23.6271 2
    endloop
  endfacet
  facet normal 0.0653198 -0.997864 0
    outer loop
      vertex -21.9154 -21.5641 1.55
      vertex -21.7 -21.55 2
      vertex -21.9154 -21.5641 2
    endloop
  endfacet
  facet normal 0.0653198 -0.997864 0
    outer loop
      vertex -21.7 -21.55 2
      vertex -21.9154 -21.5641 1.55
      vertex -21.7 -21.55 1.55
    endloop
  endfacet
  facet normal 0.896823 0.442389 0
    outer loop
      vertex -23.1289 -24.025 2
      vertex -23.2244 -23.8314 1.55
      vertex -23.2244 -23.8314 2
    endloop
  endfacet
  facet normal 0.896823 0.442389 0
    outer loop
      vertex -23.2244 -23.8314 1.55
      vertex -23.1289 -24.025 2
      vertex -23.1289 -24.025 1.55
    endloop
  endfacet
  facet normal 0.555448 0.831551 -0
    outer loop
      vertex -22.525 -24.6289 1.55
      vertex -22.7045 -24.509 2
      vertex -22.525 -24.6289 2
    endloop
  endfacet
  facet normal 0.555448 0.831551 0
    outer loop
      vertex -22.7045 -24.509 2
      vertex -22.525 -24.6289 1.55
      vertex -22.7045 -24.509 1.55
    endloop
  endfacet
  facet normal 0.896823 -0.442389 0
    outer loop
      vertex -23.2244 -22.5686 2
      vertex -23.1289 -22.375 1.55
      vertex -23.1289 -22.375 2
    endloop
  endfacet
  facet normal 0.896823 -0.442389 0
    outer loop
      vertex -23.1289 -22.375 1.55
      vertex -23.2244 -22.5686 2
      vertex -23.2244 -22.5686 1.55
    endloop
  endfacet
  facet normal -0.555448 -0.831551 0
    outer loop
      vertex -20.875 -21.7711 1.55
      vertex -20.6955 -21.891 2
      vertex -20.875 -21.7711 2
    endloop
  endfacet
  facet normal -0.555448 -0.831551 -0
    outer loop
      vertex -20.6955 -21.891 2
      vertex -20.875 -21.7711 1.55
      vertex -20.6955 -21.891 1.55
    endloop
  endfacet
  facet normal 0.980794 0.195047 0
    outer loop
      vertex -23.2938 -23.6271 2
      vertex -23.3359 -23.4154 1.55
      vertex -23.3359 -23.4154 2
    endloop
  endfacet
  facet normal 0.980794 0.195047 0
    outer loop
      vertex -23.3359 -23.4154 1.55
      vertex -23.2938 -23.6271 2
      vertex -23.2938 -23.6271 1.55
    endloop
  endfacet
  facet normal -0.321645 0.94686 0
    outer loop
      vertex -21.0686 -24.7244 1.55
      vertex -21.2729 -24.7938 2
      vertex -21.0686 -24.7244 2
    endloop
  endfacet
  facet normal -0.321645 0.94686 0
    outer loop
      vertex -21.2729 -24.7938 2
      vertex -21.0686 -24.7244 1.55
      vertex -21.2729 -24.7938 1.55
    endloop
  endfacet
  facet normal -0.659488 -0.751715 0
    outer loop
      vertex -20.6955 -21.891 1.55
      vertex -20.5333 -22.0333 2
      vertex -20.6955 -21.891 2
    endloop
  endfacet
  facet normal -0.659488 -0.751715 -0
    outer loop
      vertex -20.5333 -22.0333 2
      vertex -20.6955 -21.891 1.55
      vertex -20.5333 -22.0333 1.55
    endloop
  endfacet
  facet normal -0.195047 0.980794 0
    outer loop
      vertex -21.2729 -24.7938 1.55
      vertex -21.4846 -24.8359 2
      vertex -21.2729 -24.7938 2
    endloop
  endfacet
  facet normal -0.195047 0.980794 0
    outer loop
      vertex -21.4846 -24.8359 2
      vertex -21.2729 -24.7938 1.55
      vertex -21.4846 -24.8359 1.55
    endloop
  endfacet
  facet normal 0.94686 -0.321645 0
    outer loop
      vertex -23.2938 -22.7729 2
      vertex -23.2244 -22.5686 1.55
      vertex -23.2244 -22.5686 2
    endloop
  endfacet
  facet normal 0.94686 -0.321645 0
    outer loop
      vertex -23.2244 -22.5686 1.55
      vertex -23.2938 -22.7729 2
      vertex -23.2938 -22.7729 1.55
    endloop
  endfacet
  facet normal 0.195047 -0.980794 0
    outer loop
      vertex -22.1271 -21.6062 1.55
      vertex -21.9154 -21.5641 2
      vertex -22.1271 -21.6062 2
    endloop
  endfacet
  facet normal 0.195047 -0.980794 0
    outer loop
      vertex -21.9154 -21.5641 2
      vertex -22.1271 -21.6062 1.55
      vertex -21.9154 -21.5641 1.55
    endloop
  endfacet
  facet normal 0.0653198 0.997864 -0
    outer loop
      vertex -21.7 -24.85 1.55
      vertex -21.9154 -24.8359 2
      vertex -21.7 -24.85 2
    endloop
  endfacet
  facet normal 0.0653198 0.997864 0
    outer loop
      vertex -21.9154 -24.8359 2
      vertex -21.7 -24.85 1.55
      vertex -21.9154 -24.8359 1.55
    endloop
  endfacet
  facet normal 0.751715 0.659488 0
    outer loop
      vertex -22.8667 -24.3667 2
      vertex -23.009 -24.2045 1.55
      vertex -23.009 -24.2045 2
    endloop
  endfacet
  facet normal 0.751715 0.659488 0
    outer loop
      vertex -23.009 -24.2045 1.55
      vertex -22.8667 -24.3667 2
      vertex -22.8667 -24.3667 1.55
    endloop
  endfacet
  facet normal 0.195047 0.980794 -0
    outer loop
      vertex -21.9154 -24.8359 1.55
      vertex -22.1271 -24.7938 2
      vertex -21.9154 -24.8359 2
    endloop
  endfacet
  facet normal 0.195047 0.980794 0
    outer loop
      vertex -22.1271 -24.7938 2
      vertex -21.9154 -24.8359 1.55
      vertex -22.1271 -24.7938 1.55
    endloop
  endfacet
  facet normal -0.321645 -0.94686 0
    outer loop
      vertex -21.2729 -21.6062 1.55
      vertex -21.0686 -21.6756 2
      vertex -21.2729 -21.6062 2
    endloop
  endfacet
  facet normal -0.321645 -0.94686 -0
    outer loop
      vertex -21.0686 -21.6756 2
      vertex -21.2729 -21.6062 1.55
      vertex -21.0686 -21.6756 1.55
    endloop
  endfacet
  facet normal 0.831551 -0.555448 0
    outer loop
      vertex -23.1289 -22.375 2
      vertex -23.009 -22.1955 1.55
      vertex -23.009 -22.1955 2
    endloop
  endfacet
  facet normal 0.831551 -0.555448 0
    outer loop
      vertex -23.009 -22.1955 1.55
      vertex -23.1289 -22.375 2
      vertex -23.1289 -22.375 1.55
    endloop
  endfacet
  facet normal -0.853165 -0.056116 -0.518614
    outer loop
      vertex -19.1245 -22.9461 0
      vertex -19.1078 -23.2 0
      vertex -20.05 -23.2 1.55
    endloop
  endfacet
  facet normal -0.377911 0.766937 -0.518643
    outer loop
      vertex -20.708 -25.5948 0
      vertex -20.875 -24.6289 1.55
      vertex -20.6321 -25.5574 0
    endloop
  endfacet
  facet normal -0.378252 0.766802 -0.518595
    outer loop
      vertex -20.875 -24.6289 1.55
      vertex -20.708 -25.5948 0
      vertex -21.0686 -24.7244 1.55
    endloop
  endfacet
  facet normal -0.378252 -0.766802 -0.518595
    outer loop
      vertex -20.708 -20.8052 0
      vertex -20.875 -21.7711 1.55
      vertex -21.0686 -21.6756 1.55
    endloop
  endfacet
  facet normal -0.377911 -0.766937 -0.518643
    outer loop
      vertex -20.875 -21.7711 1.55
      vertex -20.708 -20.8052 0
      vertex -20.6321 -20.8426 0
    endloop
  endfacet
  facet normal 0.474746 -0.711109 -0.518594
    outer loop
      vertex -23.2076 -21.0965 0
      vertex -22.7045 -21.891 1.55
      vertex -23.278 -21.1435 0
    endloop
  endfacet
  facet normal 0.47492 -0.710994 -0.518592
    outer loop
      vertex -22.7045 -21.891 1.55
      vertex -23.2076 -21.0965 0
      vertex -22.525 -21.7711 1.55
    endloop
  endfacet
  facet normal -0.838559 -0.166973 -0.518593
    outer loop
      vertex -19.1797 -22.6121 0
      vertex -19.13 -22.8617 0
      vertex -20.0641 -22.9846 1.55
    endloop
  endfacet
  facet normal 0.47492 0.710994 -0.518592
    outer loop
      vertex -23.2076 -25.3035 0
      vertex -22.7045 -24.509 1.55
      vertex -22.525 -24.6289 1.55
    endloop
  endfacet
  facet normal 0.474746 0.711109 -0.518594
    outer loop
      vertex -22.7045 -24.509 1.55
      vertex -23.2076 -25.3035 0
      vertex -23.278 -25.2565 0
    endloop
  endfacet
  facet normal 0.166714 -0.838622 -0.518575
    outer loop
      vertex -22.2879 -20.6797 0
      vertex -22.1271 -21.6062 1.55
      vertex -22.3709 -20.6962 0
    endloop
  endfacet
  facet normal 0.166771 -0.838611 -0.518574
    outer loop
      vertex -22.1271 -21.6062 1.55
      vertex -22.2879 -20.6797 0
      vertex -21.9154 -21.5641 1.55
    endloop
  endfacet
  facet normal -0.563816 0.642778 -0.518602
    outer loop
      vertex -19.8671 -25.0329 0
      vertex -20.0584 -25.2007 0
      vertex -20.5333 -24.3667 1.55
    endloop
  endfacet
  facet normal 0.766937 -0.377911 -0.518643
    outer loop
      vertex -23.1289 -22.375 1.55
      vertex -24.0948 -22.208 0
      vertex -24.0574 -22.1321 0
    endloop
  endfacet
  facet normal 0.766802 -0.378252 -0.518595
    outer loop
      vertex -24.0948 -22.208 0
      vertex -23.1289 -22.375 1.55
      vertex -23.2244 -22.5686 1.55
    endloop
  endfacet
  facet normal 0.563816 -0.642778 -0.518602
    outer loop
      vertex -23.3416 -21.1993 0
      vertex -22.8667 -22.0333 1.55
      vertex -23.5329 -21.3671 0
    endloop
  endfacet
  facet normal -0.274812 0.809654 -0.518593
    outer loop
      vertex -20.708 -25.5948 0
      vertex -20.949 -25.6766 0
      vertex -21.0686 -24.7244 1.55
    endloop
  endfacet
  facet normal 0.056116 0.853165 -0.518614
    outer loop
      vertex -21.7 -24.85 1.55
      vertex -21.7 -25.7922 0
      vertex -21.9539 -25.7755 0
    endloop
  endfacet
  facet normal -0.766802 0.378252 -0.518595
    outer loop
      vertex -19.3052 -24.192 0
      vertex -20.2711 -24.025 1.55
      vertex -20.1756 -23.8314 1.55
    endloop
  endfacet
  facet normal -0.766937 0.377911 -0.518643
    outer loop
      vertex -20.2711 -24.025 1.55
      vertex -19.3052 -24.192 0
      vertex -19.3426 -24.2679 0
    endloop
  endfacet
  facet normal -0.853165 0.056116 -0.518614
    outer loop
      vertex -19.1078 -23.2 0
      vertex -19.1245 -23.4539 0
      vertex -20.05 -23.2 1.55
    endloop
  endfacet
  facet normal 0.809654 -0.274812 -0.518593
    outer loop
      vertex -24.0948 -22.208 0
      vertex -23.2244 -22.5686 1.55
      vertex -24.1766 -22.449 0
    endloop
  endfacet
  facet normal 0.642778 0.563816 -0.518602
    outer loop
      vertex -22.8667 -24.3667 1.55
      vertex -23.5329 -25.0329 0
      vertex -23.7007 -24.8416 0
    endloop
  endfacet
  facet normal -0.4752 -0.710784 -0.518624
    outer loop
      vertex -20.4039 -20.9551 0
      vertex -20.1924 -21.0965 0
      vertex -20.875 -21.7711 1.55
    endloop
  endfacet
  facet normal -0.166714 0.838622 -0.518575
    outer loop
      vertex -21.1121 -25.7203 0
      vertex -21.2729 -24.7938 1.55
      vertex -21.0291 -25.7038 0
    endloop
  endfacet
  facet normal -0.166771 0.838611 -0.518574
    outer loop
      vertex -21.2729 -24.7938 1.55
      vertex -21.1121 -25.7203 0
      vertex -21.4846 -24.8359 1.55
    endloop
  endfacet
  facet normal 0.166973 0.838559 -0.518593
    outer loop
      vertex -21.9154 -24.8359 1.55
      vertex -22.0383 -25.77 0
      vertex -22.2879 -25.7203 0
    endloop
  endfacet
  facet normal 0.563893 -0.642717 -0.518593
    outer loop
      vertex -23.278 -21.1435 0
      vertex -22.8667 -22.0333 1.55
      vertex -23.3416 -21.1993 0
    endloop
  endfacet
  facet normal 0.563875 -0.642731 -0.518596
    outer loop
      vertex -22.8667 -22.0333 1.55
      vertex -23.278 -21.1435 0
      vertex -22.7045 -21.891 1.55
    endloop
  endfacet
  facet normal 0.166771 0.838611 -0.518574
    outer loop
      vertex -22.2879 -25.7203 0
      vertex -22.1271 -24.7938 1.55
      vertex -21.9154 -24.8359 1.55
    endloop
  endfacet
  facet normal 0.166714 0.838622 -0.518575
    outer loop
      vertex -22.1271 -24.7938 1.55
      vertex -22.2879 -25.7203 0
      vertex -22.3709 -25.7038 0
    endloop
  endfacet
  facet normal 0.766874 -0.37806 -0.518628
    outer loop
      vertex -23.9449 -21.9039 0
      vertex -23.1289 -22.375 1.55
      vertex -24.0574 -22.1321 0
    endloop
  endfacet
  facet normal -0.056116 0.853165 -0.518614
    outer loop
      vertex -21.7 -24.85 1.55
      vertex -21.4461 -25.7755 0
      vertex -21.7 -25.7922 0
    endloop
  endfacet
  facet normal -0.166771 -0.838611 -0.518574
    outer loop
      vertex -21.1121 -20.6797 0
      vertex -21.2729 -21.6062 1.55
      vertex -21.4846 -21.5641 1.55
    endloop
  endfacet
  facet normal -0.166714 -0.838622 -0.518575
    outer loop
      vertex -21.2729 -21.6062 1.55
      vertex -21.1121 -20.6797 0
      vertex -21.0291 -20.6962 0
    endloop
  endfacet
  facet normal 0.274812 0.809654 -0.518593
    outer loop
      vertex -22.3314 -24.7244 1.55
      vertex -22.451 -25.6766 0
      vertex -22.692 -25.5948 0
    endloop
  endfacet
  facet normal -0.711109 -0.474746 -0.518594
    outer loop
      vertex -19.5965 -21.6924 0
      vertex -20.391 -22.1955 1.55
      vertex -19.6435 -21.622 0
    endloop
  endfacet
  facet normal -0.710994 -0.47492 -0.518592
    outer loop
      vertex -20.391 -22.1955 1.55
      vertex -19.5965 -21.6924 0
      vertex -20.2711 -22.375 1.55
    endloop
  endfacet
  facet normal -0.056116 -0.853165 -0.518614
    outer loop
      vertex -21.7 -20.6078 0
      vertex -21.4461 -20.6245 0
      vertex -21.7 -21.55 1.55
    endloop
  endfacet
  facet normal -0.563893 0.642717 -0.518593
    outer loop
      vertex -20.122 -25.2565 0
      vertex -20.5333 -24.3667 1.55
      vertex -20.0584 -25.2007 0
    endloop
  endfacet
  facet normal -0.563875 0.642731 -0.518596
    outer loop
      vertex -20.5333 -24.3667 1.55
      vertex -20.122 -25.2565 0
      vertex -20.6955 -24.509 1.55
    endloop
  endfacet
  facet normal 0.809621 -0.274928 -0.518583
    outer loop
      vertex -23.2244 -22.5686 1.55
      vertex -24.2038 -22.5291 0
      vertex -24.1766 -22.449 0
    endloop
  endfacet
  facet normal 0.809599 -0.275018 -0.51857
    outer loop
      vertex -24.2038 -22.5291 0
      vertex -23.2244 -22.5686 1.55
      vertex -23.2938 -22.7729 1.55
    endloop
  endfacet
  facet normal 0.838622 -0.166714 -0.518575
    outer loop
      vertex -23.2938 -22.7729 1.55
      vertex -24.2203 -22.6121 0
      vertex -24.2038 -22.5291 0
    endloop
  endfacet
  facet normal 0.838611 -0.166771 -0.518574
    outer loop
      vertex -24.2203 -22.6121 0
      vertex -23.2938 -22.7729 1.55
      vertex -23.3359 -22.9846 1.55
    endloop
  endfacet
  facet normal -0.710784 0.4752 -0.518624
    outer loop
      vertex -19.4551 -24.4961 0
      vertex -19.5965 -24.7076 0
      vertex -20.2711 -24.025 1.55
    endloop
  endfacet
  facet normal 0.642778 -0.563816 -0.518602
    outer loop
      vertex -23.5329 -21.3671 0
      vertex -22.8667 -22.0333 1.55
      vertex -23.7007 -21.5584 0
    endloop
  endfacet
  facet normal 0.642717 -0.563893 -0.518593
    outer loop
      vertex -22.8667 -22.0333 1.55
      vertex -23.7565 -21.622 0
      vertex -23.7007 -21.5584 0
    endloop
  endfacet
  facet normal 0.642731 -0.563875 -0.518596
    outer loop
      vertex -23.7565 -21.622 0
      vertex -22.8667 -22.0333 1.55
      vertex -23.009 -22.1955 1.55
    endloop
  endfacet
  facet normal -0.766874 0.37806 -0.518628
    outer loop
      vertex -19.3426 -24.2679 0
      vertex -19.4551 -24.4961 0
      vertex -20.2711 -24.025 1.55
    endloop
  endfacet
  facet normal -0.37806 -0.766874 -0.518628
    outer loop
      vertex -20.6321 -20.8426 0
      vertex -20.4039 -20.9551 0
      vertex -20.875 -21.7711 1.55
    endloop
  endfacet
  facet normal 0.37806 0.766874 -0.518628
    outer loop
      vertex -22.525 -24.6289 1.55
      vertex -22.7679 -25.5574 0
      vertex -22.9961 -25.4449 0
    endloop
  endfacet
  facet normal 0.563816 0.642778 -0.518602
    outer loop
      vertex -22.8667 -24.3667 1.55
      vertex -23.3416 -25.2007 0
      vertex -23.5329 -25.0329 0
    endloop
  endfacet
  facet normal 0.4752 -0.710784 -0.518624
    outer loop
      vertex -22.9961 -20.9551 0
      vertex -22.525 -21.7711 1.55
      vertex -23.2076 -21.0965 0
    endloop
  endfacet
  facet normal -0.766874 -0.37806 -0.518628
    outer loop
      vertex -19.4551 -21.9039 0
      vertex -19.3426 -22.1321 0
      vertex -20.2711 -22.375 1.55
    endloop
  endfacet
  facet normal 0.853197 0.05585 -0.51859
    outer loop
      vertex -23.3359 -23.4154 1.55
      vertex -24.2755 -23.4539 0
      vertex -23.35 -23.2 1.55
    endloop
  endfacet
  facet normal 0.853212 0.0556003 -0.518593
    outer loop
      vertex -24.2755 -23.4539 0
      vertex -23.3359 -23.4154 1.55
      vertex -24.27 -23.5383 0
    endloop
  endfacet
  facet normal 0.166973 -0.838559 -0.518593
    outer loop
      vertex -22.0383 -20.63 0
      vertex -21.9154 -21.5641 1.55
      vertex -22.2879 -20.6797 0
    endloop
  endfacet
  facet normal 0.711109 -0.474746 -0.518594
    outer loop
      vertex -23.009 -22.1955 1.55
      vertex -23.8035 -21.6924 0
      vertex -23.7565 -21.622 0
    endloop
  endfacet
  facet normal 0.710994 -0.47492 -0.518592
    outer loop
      vertex -23.8035 -21.6924 0
      vertex -23.009 -22.1955 1.55
      vertex -23.1289 -22.375 1.55
    endloop
  endfacet
  facet normal -0.05585 -0.853197 -0.51859
    outer loop
      vertex -21.4461 -20.6245 0
      vertex -21.4846 -21.5641 1.55
      vertex -21.7 -21.55 1.55
    endloop
  endfacet
  facet normal -0.0556003 -0.853212 -0.518593
    outer loop
      vertex -21.4846 -21.5641 1.55
      vertex -21.4461 -20.6245 0
      vertex -21.3617 -20.63 0
    endloop
  endfacet
  facet normal -0.166973 -0.838559 -0.518593
    outer loop
      vertex -21.3617 -20.63 0
      vertex -21.1121 -20.6797 0
      vertex -21.4846 -21.5641 1.55
    endloop
  endfacet
  facet normal 0.378252 0.766802 -0.518595
    outer loop
      vertex -22.692 -25.5948 0
      vertex -22.525 -24.6289 1.55
      vertex -22.3314 -24.7244 1.55
    endloop
  endfacet
  facet normal 0.377911 0.766937 -0.518643
    outer loop
      vertex -22.525 -24.6289 1.55
      vertex -22.692 -25.5948 0
      vertex -22.7679 -25.5574 0
    endloop
  endfacet
  facet normal -0.642778 0.563816 -0.518602
    outer loop
      vertex -19.6993 -24.8416 0
      vertex -19.8671 -25.0329 0
      vertex -20.5333 -24.3667 1.55
    endloop
  endfacet
  facet normal 0.056116 -0.853165 -0.518614
    outer loop
      vertex -21.7 -20.6078 0
      vertex -21.7 -21.55 1.55
      vertex -21.9539 -20.6245 0
    endloop
  endfacet
  facet normal 0.37806 -0.766874 -0.518628
    outer loop
      vertex -22.7679 -20.8426 0
      vertex -22.525 -21.7711 1.55
      vertex -22.9961 -20.9551 0
    endloop
  endfacet
  facet normal -0.166973 0.838559 -0.518593
    outer loop
      vertex -21.1121 -25.7203 0
      vertex -21.3617 -25.77 0
      vertex -21.4846 -24.8359 1.55
    endloop
  endfacet
  facet normal 0.853165 -0.056116 -0.518614
    outer loop
      vertex -24.2755 -22.9461 0
      vertex -23.35 -23.2 1.55
      vertex -24.2922 -23.2 0
    endloop
  endfacet
  facet normal -0.809654 0.274812 -0.518593
    outer loop
      vertex -19.2234 -23.951 0
      vertex -19.3052 -24.192 0
      vertex -20.1756 -23.8314 1.55
    endloop
  endfacet
  facet normal -0.710994 0.47492 -0.518592
    outer loop
      vertex -19.5965 -24.7076 0
      vertex -20.391 -24.2045 1.55
      vertex -20.2711 -24.025 1.55
    endloop
  endfacet
  facet normal -0.711109 0.474746 -0.518594
    outer loop
      vertex -20.391 -24.2045 1.55
      vertex -19.5965 -24.7076 0
      vertex -19.6435 -24.778 0
    endloop
  endfacet
  facet normal 0.0556003 -0.853212 -0.518593
    outer loop
      vertex -21.9539 -20.6245 0
      vertex -21.9154 -21.5641 1.55
      vertex -22.0383 -20.63 0
    endloop
  endfacet
  facet normal 0.05585 -0.853197 -0.51859
    outer loop
      vertex -21.9154 -21.5641 1.55
      vertex -21.9539 -20.6245 0
      vertex -21.7 -21.55 1.55
    endloop
  endfacet
  facet normal -0.710784 -0.4752 -0.518624
    outer loop
      vertex -19.5965 -21.6924 0
      vertex -19.4551 -21.9039 0
      vertex -20.2711 -22.375 1.55
    endloop
  endfacet
  facet normal 0.274812 -0.809654 -0.518593
    outer loop
      vertex -22.451 -20.7234 0
      vertex -22.3314 -21.6756 1.55
      vertex -22.692 -20.8052 0
    endloop
  endfacet
  facet normal -0.275018 -0.809599 -0.51857
    outer loop
      vertex -21.0291 -20.6962 0
      vertex -21.0686 -21.6756 1.55
      vertex -21.2729 -21.6062 1.55
    endloop
  endfacet
  facet normal -0.274928 -0.809621 -0.518583
    outer loop
      vertex -21.0686 -21.6756 1.55
      vertex -21.0291 -20.6962 0
      vertex -20.949 -20.7234 0
    endloop
  endfacet
  facet normal -0.47492 -0.710994 -0.518592
    outer loop
      vertex -20.1924 -21.0965 0
      vertex -20.6955 -21.891 1.55
      vertex -20.875 -21.7711 1.55
    endloop
  endfacet
  facet normal -0.474746 -0.711109 -0.518594
    outer loop
      vertex -20.6955 -21.891 1.55
      vertex -20.1924 -21.0965 0
      vertex -20.122 -21.1435 0
    endloop
  endfacet
  facet normal -0.766937 -0.377911 -0.518643
    outer loop
      vertex -19.3052 -22.208 0
      vertex -20.2711 -22.375 1.55
      vertex -19.3426 -22.1321 0
    endloop
  endfacet
  facet normal -0.766802 -0.378252 -0.518595
    outer loop
      vertex -20.2711 -22.375 1.55
      vertex -19.3052 -22.208 0
      vertex -20.1756 -22.5686 1.55
    endloop
  endfacet
  facet normal -0.274812 -0.809654 -0.518593
    outer loop
      vertex -20.949 -20.7234 0
      vertex -20.708 -20.8052 0
      vertex -21.0686 -21.6756 1.55
    endloop
  endfacet
  facet normal 0.563875 0.642731 -0.518596
    outer loop
      vertex -23.278 -25.2565 0
      vertex -22.8667 -24.3667 1.55
      vertex -22.7045 -24.509 1.55
    endloop
  endfacet
  facet normal 0.563893 0.642717 -0.518593
    outer loop
      vertex -22.8667 -24.3667 1.55
      vertex -23.278 -25.2565 0
      vertex -23.3416 -25.2007 0
    endloop
  endfacet
  facet normal 0.377911 -0.766937 -0.518643
    outer loop
      vertex -22.692 -20.8052 0
      vertex -22.525 -21.7711 1.55
      vertex -22.7679 -20.8426 0
    endloop
  endfacet
  facet normal 0.378252 -0.766802 -0.518595
    outer loop
      vertex -22.525 -21.7711 1.55
      vertex -22.692 -20.8052 0
      vertex -22.3314 -21.6756 1.55
    endloop
  endfacet
  facet normal 0.05585 0.853197 -0.51859
    outer loop
      vertex -21.9539 -25.7755 0
      vertex -21.9154 -24.8359 1.55
      vertex -21.7 -24.85 1.55
    endloop
  endfacet
  facet normal 0.0556003 0.853212 -0.518593
    outer loop
      vertex -21.9154 -24.8359 1.55
      vertex -21.9539 -25.7755 0
      vertex -22.0383 -25.77 0
    endloop
  endfacet
  facet normal 0.853165 0.056116 -0.518614
    outer loop
      vertex -23.35 -23.2 1.55
      vertex -24.2755 -23.4539 0
      vertex -24.2922 -23.2 0
    endloop
  endfacet
  facet normal 0.4752 0.710784 -0.518624
    outer loop
      vertex -22.525 -24.6289 1.55
      vertex -22.9961 -25.4449 0
      vertex -23.2076 -25.3035 0
    endloop
  endfacet
  facet normal 0.710784 0.4752 -0.518624
    outer loop
      vertex -23.1289 -24.025 1.55
      vertex -23.8035 -24.7076 0
      vertex -23.9449 -24.4961 0
    endloop
  endfacet
  facet normal -0.838622 -0.166714 -0.518575
    outer loop
      vertex -19.1797 -22.6121 0
      vertex -20.1062 -22.7729 1.55
      vertex -19.1962 -22.5291 0
    endloop
  endfacet
  facet normal -0.838611 -0.166771 -0.518574
    outer loop
      vertex -20.1062 -22.7729 1.55
      vertex -19.1797 -22.6121 0
      vertex -20.0641 -22.9846 1.55
    endloop
  endfacet
  facet normal 0.809654 0.274812 -0.518593
    outer loop
      vertex -23.2244 -23.8314 1.55
      vertex -24.0948 -24.192 0
      vertex -24.1766 -23.951 0
    endloop
  endfacet
  facet normal -0.642778 -0.563816 -0.518602
    outer loop
      vertex -19.8671 -21.3671 0
      vertex -19.6993 -21.5584 0
      vertex -20.5333 -22.0333 1.55
    endloop
  endfacet
  facet normal -0.563816 -0.642778 -0.518602
    outer loop
      vertex -20.0584 -21.1993 0
      vertex -19.8671 -21.3671 0
      vertex -20.5333 -22.0333 1.55
    endloop
  endfacet
  facet normal -0.4752 0.710784 -0.518624
    outer loop
      vertex -20.1924 -25.3035 0
      vertex -20.4039 -25.4449 0
      vertex -20.875 -24.6289 1.55
    endloop
  endfacet
  facet normal -0.853212 -0.0556003 -0.518593
    outer loop
      vertex -19.1245 -22.9461 0
      vertex -20.0641 -22.9846 1.55
      vertex -19.13 -22.8617 0
    endloop
  endfacet
  facet normal -0.853197 -0.05585 -0.51859
    outer loop
      vertex -20.0641 -22.9846 1.55
      vertex -19.1245 -22.9461 0
      vertex -20.05 -23.2 1.55
    endloop
  endfacet
  facet normal -0.809654 -0.274812 -0.518593
    outer loop
      vertex -19.3052 -22.208 0
      vertex -19.2234 -22.449 0
      vertex -20.1756 -22.5686 1.55
    endloop
  endfacet
  facet normal 0.710784 -0.4752 -0.518624
    outer loop
      vertex -23.8035 -21.6924 0
      vertex -23.1289 -22.375 1.55
      vertex -23.9449 -21.9039 0
    endloop
  endfacet
  facet normal -0.642731 0.563875 -0.518596
    outer loop
      vertex -19.6435 -24.778 0
      vertex -20.5333 -24.3667 1.55
      vertex -20.391 -24.2045 1.55
    endloop
  endfacet
  facet normal -0.642717 0.563893 -0.518593
    outer loop
      vertex -20.5333 -24.3667 1.55
      vertex -19.6435 -24.778 0
      vertex -19.6993 -24.8416 0
    endloop
  endfacet
  facet normal -0.838559 0.166973 -0.518593
    outer loop
      vertex -19.13 -23.5383 0
      vertex -19.1797 -23.7879 0
      vertex -20.0641 -23.4154 1.55
    endloop
  endfacet
  facet normal -0.853197 0.05585 -0.51859
    outer loop
      vertex -19.1245 -23.4539 0
      vertex -20.0641 -23.4154 1.55
      vertex -20.05 -23.2 1.55
    endloop
  endfacet
  facet normal -0.853212 0.0556003 -0.518593
    outer loop
      vertex -20.0641 -23.4154 1.55
      vertex -19.1245 -23.4539 0
      vertex -19.13 -23.5383 0
    endloop
  endfacet
  facet normal 0.766802 0.378252 -0.518595
    outer loop
      vertex -23.1289 -24.025 1.55
      vertex -24.0948 -24.192 0
      vertex -23.2244 -23.8314 1.55
    endloop
  endfacet
  facet normal 0.766937 0.377911 -0.518643
    outer loop
      vertex -24.0948 -24.192 0
      vertex -23.1289 -24.025 1.55
      vertex -24.0574 -24.2679 0
    endloop
  endfacet
  facet normal 0.642731 0.563875 -0.518596
    outer loop
      vertex -22.8667 -24.3667 1.55
      vertex -23.7565 -24.778 0
      vertex -23.009 -24.2045 1.55
    endloop
  endfacet
  facet normal 0.642717 0.563893 -0.518593
    outer loop
      vertex -23.7565 -24.778 0
      vertex -22.8667 -24.3667 1.55
      vertex -23.7007 -24.8416 0
    endloop
  endfacet
  facet normal -0.809621 -0.274928 -0.518583
    outer loop
      vertex -19.1962 -22.5291 0
      vertex -20.1756 -22.5686 1.55
      vertex -19.2234 -22.449 0
    endloop
  endfacet
  facet normal -0.809599 -0.275018 -0.51857
    outer loop
      vertex -20.1756 -22.5686 1.55
      vertex -19.1962 -22.5291 0
      vertex -20.1062 -22.7729 1.55
    endloop
  endfacet
  facet normal -0.563875 -0.642731 -0.518596
    outer loop
      vertex -20.122 -21.1435 0
      vertex -20.5333 -22.0333 1.55
      vertex -20.6955 -21.891 1.55
    endloop
  endfacet
  facet normal -0.563893 -0.642717 -0.518593
    outer loop
      vertex -20.5333 -22.0333 1.55
      vertex -20.122 -21.1435 0
      vertex -20.0584 -21.1993 0
    endloop
  endfacet
  facet normal -0.0556003 0.853212 -0.518593
    outer loop
      vertex -21.4461 -25.7755 0
      vertex -21.4846 -24.8359 1.55
      vertex -21.3617 -25.77 0
    endloop
  endfacet
  facet normal -0.05585 0.853197 -0.51859
    outer loop
      vertex -21.4846 -24.8359 1.55
      vertex -21.4461 -25.7755 0
      vertex -21.7 -24.85 1.55
    endloop
  endfacet
  facet normal 0.838559 -0.166973 -0.518593
    outer loop
      vertex -24.2203 -22.6121 0
      vertex -23.3359 -22.9846 1.55
      vertex -24.27 -22.8617 0
    endloop
  endfacet
  facet normal 0.853212 -0.0556003 -0.518593
    outer loop
      vertex -23.3359 -22.9846 1.55
      vertex -24.2755 -22.9461 0
      vertex -24.27 -22.8617 0
    endloop
  endfacet
  facet normal 0.853197 -0.05585 -0.51859
    outer loop
      vertex -24.2755 -22.9461 0
      vertex -23.3359 -22.9846 1.55
      vertex -23.35 -23.2 1.55
    endloop
  endfacet
  facet normal 0.766874 0.37806 -0.518628
    outer loop
      vertex -23.1289 -24.025 1.55
      vertex -23.9449 -24.4961 0
      vertex -24.0574 -24.2679 0
    endloop
  endfacet
  facet normal 0.274928 -0.809621 -0.518583
    outer loop
      vertex -22.3709 -20.6962 0
      vertex -22.3314 -21.6756 1.55
      vertex -22.451 -20.7234 0
    endloop
  endfacet
  facet normal 0.275018 -0.809599 -0.51857
    outer loop
      vertex -22.3314 -21.6756 1.55
      vertex -22.3709 -20.6962 0
      vertex -22.1271 -21.6062 1.55
    endloop
  endfacet
  facet normal -0.474746 0.711109 -0.518594
    outer loop
      vertex -20.1924 -25.3035 0
      vertex -20.6955 -24.509 1.55
      vertex -20.122 -25.2565 0
    endloop
  endfacet
  facet normal -0.47492 0.710994 -0.518592
    outer loop
      vertex -20.6955 -24.509 1.55
      vertex -20.1924 -25.3035 0
      vertex -20.875 -24.6289 1.55
    endloop
  endfacet
  facet normal 0.710994 0.47492 -0.518592
    outer loop
      vertex -23.009 -24.2045 1.55
      vertex -23.8035 -24.7076 0
      vertex -23.1289 -24.025 1.55
    endloop
  endfacet
  facet normal 0.711109 0.474746 -0.518594
    outer loop
      vertex -23.8035 -24.7076 0
      vertex -23.009 -24.2045 1.55
      vertex -23.7565 -24.778 0
    endloop
  endfacet
  facet normal -0.809599 0.275018 -0.51857
    outer loop
      vertex -19.1962 -23.8709 0
      vertex -20.1756 -23.8314 1.55
      vertex -20.1062 -23.6271 1.55
    endloop
  endfacet
  facet normal -0.809621 0.274928 -0.518583
    outer loop
      vertex -20.1756 -23.8314 1.55
      vertex -19.1962 -23.8709 0
      vertex -19.2234 -23.951 0
    endloop
  endfacet
  facet normal -0.274928 0.809621 -0.518583
    outer loop
      vertex -21.0291 -25.7038 0
      vertex -21.0686 -24.7244 1.55
      vertex -20.949 -25.6766 0
    endloop
  endfacet
  facet normal -0.275018 0.809599 -0.51857
    outer loop
      vertex -21.0686 -24.7244 1.55
      vertex -21.0291 -25.7038 0
      vertex -21.2729 -24.7938 1.55
    endloop
  endfacet
  facet normal -0.642717 -0.563893 -0.518593
    outer loop
      vertex -19.6435 -21.622 0
      vertex -20.5333 -22.0333 1.55
      vertex -19.6993 -21.5584 0
    endloop
  endfacet
  facet normal -0.642731 -0.563875 -0.518596
    outer loop
      vertex -20.5333 -22.0333 1.55
      vertex -19.6435 -21.622 0
      vertex -20.391 -22.1955 1.55
    endloop
  endfacet
  facet normal -0.37806 0.766874 -0.518628
    outer loop
      vertex -20.4039 -25.4449 0
      vertex -20.6321 -25.5574 0
      vertex -20.875 -24.6289 1.55
    endloop
  endfacet
  facet normal 0.809599 0.275018 -0.51857
    outer loop
      vertex -23.2244 -23.8314 1.55
      vertex -24.2038 -23.8709 0
      vertex -23.2938 -23.6271 1.55
    endloop
  endfacet
  facet normal 0.809621 0.274928 -0.518583
    outer loop
      vertex -24.2038 -23.8709 0
      vertex -23.2244 -23.8314 1.55
      vertex -24.1766 -23.951 0
    endloop
  endfacet
  facet normal 0.838611 0.166771 -0.518574
    outer loop
      vertex -23.2938 -23.6271 1.55
      vertex -24.2203 -23.7879 0
      vertex -23.3359 -23.4154 1.55
    endloop
  endfacet
  facet normal 0.838622 0.166714 -0.518575
    outer loop
      vertex -24.2203 -23.7879 0
      vertex -23.2938 -23.6271 1.55
      vertex -24.2038 -23.8709 0
    endloop
  endfacet
  facet normal -0.838611 0.166771 -0.518574
    outer loop
      vertex -19.1797 -23.7879 0
      vertex -20.1062 -23.6271 1.55
      vertex -20.0641 -23.4154 1.55
    endloop
  endfacet
  facet normal -0.838622 0.166714 -0.518575
    outer loop
      vertex -20.1062 -23.6271 1.55
      vertex -19.1797 -23.7879 0
      vertex -19.1962 -23.8709 0
    endloop
  endfacet
  facet normal 0.838559 0.166973 -0.518593
    outer loop
      vertex -23.3359 -23.4154 1.55
      vertex -24.2203 -23.7879 0
      vertex -24.27 -23.5383 0
    endloop
  endfacet
  facet normal 0.275018 0.809599 -0.51857
    outer loop
      vertex -22.3709 -25.7038 0
      vertex -22.3314 -24.7244 1.55
      vertex -22.1271 -24.7938 1.55
    endloop
  endfacet
  facet normal 0.274928 0.809621 -0.518583
    outer loop
      vertex -22.3314 -24.7244 1.55
      vertex -22.3709 -25.7038 0
      vertex -22.451 -25.6766 0
    endloop
  endfacet
  facet normal -0.0653198 0.997864 0
    outer loop
      vertex -21.4846 21.5641 1.55
      vertex -21.7 21.55 2
      vertex -21.4846 21.5641 2
    endloop
  endfacet
  facet normal -0.0653198 0.997864 0
    outer loop
      vertex -21.7 21.55 2
      vertex -21.4846 21.5641 1.55
      vertex -21.7 21.55 1.55
    endloop
  endfacet
  facet normal -0.980794 -0.195047 0
    outer loop
      vertex -20.0641 23.4154 1.55
      vertex -20.1062 23.6271 2
      vertex -20.1062 23.6271 1.55
    endloop
  endfacet
  facet normal -0.980794 -0.195047 0
    outer loop
      vertex -20.1062 23.6271 2
      vertex -20.0641 23.4154 1.55
      vertex -20.0641 23.4154 2
    endloop
  endfacet
  facet normal -0.997864 -0.0653198 0
    outer loop
      vertex -20.05 23.2 1.55
      vertex -20.0641 23.4154 2
      vertex -20.0641 23.4154 1.55
    endloop
  endfacet
  facet normal -0.997864 -0.0653198 0
    outer loop
      vertex -20.0641 23.4154 2
      vertex -20.05 23.2 1.55
      vertex -20.05 23.2 2
    endloop
  endfacet
  facet normal -0.94686 -0.321645 0
    outer loop
      vertex -20.1062 23.6271 1.55
      vertex -20.1756 23.8314 2
      vertex -20.1756 23.8314 1.55
    endloop
  endfacet
  facet normal -0.94686 -0.321645 0
    outer loop
      vertex -20.1756 23.8314 2
      vertex -20.1062 23.6271 1.55
      vertex -20.1062 23.6271 2
    endloop
  endfacet
  facet normal -0.0653198 -0.997864 0
    outer loop
      vertex -21.7 24.85 1.55
      vertex -21.4846 24.8359 2
      vertex -21.7 24.85 2
    endloop
  endfacet
  facet normal -0.0653198 -0.997864 -0
    outer loop
      vertex -21.4846 24.8359 2
      vertex -21.7 24.85 1.55
      vertex -21.4846 24.8359 1.55
    endloop
  endfacet
  facet normal 0.659488 0.751715 -0
    outer loop
      vertex -22.7045 21.891 1.55
      vertex -22.8667 22.0333 2
      vertex -22.7045 21.891 2
    endloop
  endfacet
  facet normal 0.659488 0.751715 0
    outer loop
      vertex -22.8667 22.0333 2
      vertex -22.7045 21.891 1.55
      vertex -22.8667 22.0333 1.55
    endloop
  endfacet
  facet normal 0.997864 0.0653198 0
    outer loop
      vertex -23.3359 22.9846 2
      vertex -23.35 23.2 1.55
      vertex -23.35 23.2 2
    endloop
  endfacet
  facet normal 0.997864 0.0653198 0
    outer loop
      vertex -23.35 23.2 1.55
      vertex -23.3359 22.9846 2
      vertex -23.3359 22.9846 1.55
    endloop
  endfacet
  facet normal 0.659488 -0.751715 0
    outer loop
      vertex -22.8667 24.3667 1.55
      vertex -22.7045 24.509 2
      vertex -22.8667 24.3667 2
    endloop
  endfacet
  facet normal 0.659488 -0.751715 0
    outer loop
      vertex -22.7045 24.509 2
      vertex -22.8667 24.3667 1.55
      vertex -22.7045 24.509 1.55
    endloop
  endfacet
  facet normal -0.751715 -0.659488 0
    outer loop
      vertex -20.391 24.2045 1.55
      vertex -20.5333 24.3667 2
      vertex -20.5333 24.3667 1.55
    endloop
  endfacet
  facet normal -0.751715 -0.659488 0
    outer loop
      vertex -20.5333 24.3667 2
      vertex -20.391 24.2045 1.55
      vertex -20.391 24.2045 2
    endloop
  endfacet
  facet normal -0.997864 0.0653198 0
    outer loop
      vertex -20.0641 22.9846 1.55
      vertex -20.05 23.2 2
      vertex -20.05 23.2 1.55
    endloop
  endfacet
  facet normal -0.997864 0.0653198 0
    outer loop
      vertex -20.05 23.2 2
      vertex -20.0641 22.9846 1.55
      vertex -20.0641 22.9846 2
    endloop
  endfacet
  facet normal -0.442389 -0.896823 0
    outer loop
      vertex -21.0686 24.7244 1.55
      vertex -20.875 24.6289 2
      vertex -21.0686 24.7244 2
    endloop
  endfacet
  facet normal -0.442389 -0.896823 -0
    outer loop
      vertex -20.875 24.6289 2
      vertex -21.0686 24.7244 1.55
      vertex -20.875 24.6289 1.55
    endloop
  endfacet
  facet normal -0.896823 0.442389 0
    outer loop
      vertex -20.2711 22.375 1.55
      vertex -20.1756 22.5686 2
      vertex -20.1756 22.5686 1.55
    endloop
  endfacet
  facet normal -0.896823 0.442389 0
    outer loop
      vertex -20.1756 22.5686 2
      vertex -20.2711 22.375 1.55
      vertex -20.2711 22.375 2
    endloop
  endfacet
  facet normal 0.321645 0.94686 -0
    outer loop
      vertex -22.1271 21.6062 1.55
      vertex -22.3314 21.6756 2
      vertex -22.1271 21.6062 2
    endloop
  endfacet
  facet normal 0.321645 0.94686 0
    outer loop
      vertex -22.3314 21.6756 2
      vertex -22.1271 21.6062 1.55
      vertex -22.3314 21.6756 1.55
    endloop
  endfacet
  facet normal -0.831551 -0.555448 0
    outer loop
      vertex -20.2711 24.025 1.55
      vertex -20.391 24.2045 2
      vertex -20.391 24.2045 1.55
    endloop
  endfacet
  facet normal -0.831551 -0.555448 0
    outer loop
      vertex -20.391 24.2045 2
      vertex -20.2711 24.025 1.55
      vertex -20.2711 24.025 2
    endloop
  endfacet
  facet normal -0.896823 -0.442389 0
    outer loop
      vertex -20.1756 23.8314 1.55
      vertex -20.2711 24.025 2
      vertex -20.2711 24.025 1.55
    endloop
  endfacet
  facet normal -0.896823 -0.442389 0
    outer loop
      vertex -20.2711 24.025 2
      vertex -20.1756 23.8314 1.55
      vertex -20.1756 23.8314 2
    endloop
  endfacet
  facet normal 0.831551 0.555448 0
    outer loop
      vertex -23.009 22.1955 2
      vertex -23.1289 22.375 1.55
      vertex -23.1289 22.375 2
    endloop
  endfacet
  facet normal 0.831551 0.555448 0
    outer loop
      vertex -23.1289 22.375 1.55
      vertex -23.009 22.1955 2
      vertex -23.009 22.1955 1.55
    endloop
  endfacet
  facet normal -0.442389 0.896823 0
    outer loop
      vertex -20.875 21.7711 1.55
      vertex -21.0686 21.6756 2
      vertex -20.875 21.7711 2
    endloop
  endfacet
  facet normal -0.442389 0.896823 0
    outer loop
      vertex -21.0686 21.6756 2
      vertex -20.875 21.7711 1.55
      vertex -21.0686 21.6756 1.55
    endloop
  endfacet
  facet normal 0.997864 -0.0653198 0
    outer loop
      vertex -23.35 23.2 2
      vertex -23.3359 23.4154 1.55
      vertex -23.3359 23.4154 2
    endloop
  endfacet
  facet normal 0.997864 -0.0653198 0
    outer loop
      vertex -23.3359 23.4154 1.55
      vertex -23.35 23.2 2
      vertex -23.35 23.2 1.55
    endloop
  endfacet
  facet normal 0.442389 -0.896823 0
    outer loop
      vertex -22.525 24.6289 1.55
      vertex -22.3314 24.7244 2
      vertex -22.525 24.6289 2
    endloop
  endfacet
  facet normal 0.442389 -0.896823 0
    outer loop
      vertex -22.3314 24.7244 2
      vertex -22.525 24.6289 1.55
      vertex -22.3314 24.7244 1.55
    endloop
  endfacet
  facet normal -0.195047 -0.980794 0
    outer loop
      vertex -21.4846 24.8359 1.55
      vertex -21.2729 24.7938 2
      vertex -21.4846 24.8359 2
    endloop
  endfacet
  facet normal -0.195047 -0.980794 -0
    outer loop
      vertex -21.2729 24.7938 2
      vertex -21.4846 24.8359 1.55
      vertex -21.2729 24.7938 1.55
    endloop
  endfacet
  facet normal 0.751715 -0.659488 0
    outer loop
      vertex -23.009 24.2045 2
      vertex -22.8667 24.3667 1.55
      vertex -22.8667 24.3667 2
    endloop
  endfacet
  facet normal 0.751715 -0.659488 0
    outer loop
      vertex -22.8667 24.3667 1.55
      vertex -23.009 24.2045 2
      vertex -23.009 24.2045 1.55
    endloop
  endfacet
  facet normal 0.94686 0.321645 0
    outer loop
      vertex -23.2244 22.5686 2
      vertex -23.2938 22.7729 1.55
      vertex -23.2938 22.7729 2
    endloop
  endfacet
  facet normal 0.94686 0.321645 0
    outer loop
      vertex -23.2938 22.7729 1.55
      vertex -23.2244 22.5686 2
      vertex -23.2244 22.5686 1.55
    endloop
  endfacet
  facet normal -0.94686 0.321645 0
    outer loop
      vertex -20.1756 22.5686 1.55
      vertex -20.1062 22.7729 2
      vertex -20.1062 22.7729 1.55
    endloop
  endfacet
  facet normal -0.94686 0.321645 0
    outer loop
      vertex -20.1062 22.7729 2
      vertex -20.1756 22.5686 1.55
      vertex -20.1756 22.5686 2
    endloop
  endfacet
  facet normal 0.980794 -0.195047 0
    outer loop
      vertex -23.3359 23.4154 2
      vertex -23.2938 23.6271 1.55
      vertex -23.2938 23.6271 2
    endloop
  endfacet
  facet normal 0.980794 -0.195047 0
    outer loop
      vertex -23.2938 23.6271 1.55
      vertex -23.3359 23.4154 2
      vertex -23.3359 23.4154 1.55
    endloop
  endfacet
  facet normal 0.442389 0.896823 -0
    outer loop
      vertex -22.3314 21.6756 1.55
      vertex -22.525 21.7711 2
      vertex -22.3314 21.6756 2
    endloop
  endfacet
  facet normal 0.442389 0.896823 0
    outer loop
      vertex -22.525 21.7711 2
      vertex -22.3314 21.6756 1.55
      vertex -22.525 21.7711 1.55
    endloop
  endfacet
  facet normal 0.555448 -0.831551 0
    outer loop
      vertex -22.7045 24.509 1.55
      vertex -22.525 24.6289 2
      vertex -22.7045 24.509 2
    endloop
  endfacet
  facet normal 0.555448 -0.831551 0
    outer loop
      vertex -22.525 24.6289 2
      vertex -22.7045 24.509 1.55
      vertex -22.525 24.6289 1.55
    endloop
  endfacet
  facet normal -0.659488 0.751715 0
    outer loop
      vertex -20.5333 22.0333 1.55
      vertex -20.6955 21.891 2
      vertex -20.5333 22.0333 2
    endloop
  endfacet
  facet normal -0.659488 0.751715 0
    outer loop
      vertex -20.6955 21.891 2
      vertex -20.5333 22.0333 1.55
      vertex -20.6955 21.891 1.55
    endloop
  endfacet
  facet normal 0.321645 -0.94686 0
    outer loop
      vertex -22.3314 24.7244 1.55
      vertex -22.1271 24.7938 2
      vertex -22.3314 24.7244 2
    endloop
  endfacet
  facet normal 0.321645 -0.94686 0
    outer loop
      vertex -22.1271 24.7938 2
      vertex -22.3314 24.7244 1.55
      vertex -22.1271 24.7938 1.55
    endloop
  endfacet
  facet normal -0.831551 0.555448 0
    outer loop
      vertex -20.391 22.1955 1.55
      vertex -20.2711 22.375 2
      vertex -20.2711 22.375 1.55
    endloop
  endfacet
  facet normal -0.831551 0.555448 0
    outer loop
      vertex -20.2711 22.375 2
      vertex -20.391 22.1955 1.55
      vertex -20.391 22.1955 2
    endloop
  endfacet
  facet normal -0.555448 0.831551 0
    outer loop
      vertex -20.6955 21.891 1.55
      vertex -20.875 21.7711 2
      vertex -20.6955 21.891 2
    endloop
  endfacet
  facet normal -0.555448 0.831551 0
    outer loop
      vertex -20.875 21.7711 2
      vertex -20.6955 21.891 1.55
      vertex -20.875 21.7711 1.55
    endloop
  endfacet
  facet normal -0.751715 0.659488 0
    outer loop
      vertex -20.5333 22.0333 1.55
      vertex -20.391 22.1955 2
      vertex -20.391 22.1955 1.55
    endloop
  endfacet
  facet normal -0.751715 0.659488 0
    outer loop
      vertex -20.391 22.1955 2
      vertex -20.5333 22.0333 1.55
      vertex -20.5333 22.0333 2
    endloop
  endfacet
  facet normal -0.980794 0.195047 0
    outer loop
      vertex -20.1062 22.7729 1.55
      vertex -20.0641 22.9846 2
      vertex -20.0641 22.9846 1.55
    endloop
  endfacet
  facet normal -0.980794 0.195047 0
    outer loop
      vertex -20.0641 22.9846 2
      vertex -20.1062 22.7729 1.55
      vertex -20.1062 22.7729 2
    endloop
  endfacet
  facet normal 0.0653198 -0.997864 0
    outer loop
      vertex -21.9154 24.8359 1.55
      vertex -21.7 24.85 2
      vertex -21.9154 24.8359 2
    endloop
  endfacet
  facet normal 0.0653198 -0.997864 0
    outer loop
      vertex -21.7 24.85 2
      vertex -21.9154 24.8359 1.55
      vertex -21.7 24.85 1.55
    endloop
  endfacet
  facet normal 0.896823 0.442389 0
    outer loop
      vertex -23.1289 22.375 2
      vertex -23.2244 22.5686 1.55
      vertex -23.2244 22.5686 2
    endloop
  endfacet
  facet normal 0.896823 0.442389 0
    outer loop
      vertex -23.2244 22.5686 1.55
      vertex -23.1289 22.375 2
      vertex -23.1289 22.375 1.55
    endloop
  endfacet
  facet normal 0.555448 0.831551 -0
    outer loop
      vertex -22.525 21.7711 1.55
      vertex -22.7045 21.891 2
      vertex -22.525 21.7711 2
    endloop
  endfacet
  facet normal 0.555448 0.831551 0
    outer loop
      vertex -22.7045 21.891 2
      vertex -22.525 21.7711 1.55
      vertex -22.7045 21.891 1.55
    endloop
  endfacet
  facet normal 0.896823 -0.442389 0
    outer loop
      vertex -23.2244 23.8314 2
      vertex -23.1289 24.025 1.55
      vertex -23.1289 24.025 2
    endloop
  endfacet
  facet normal 0.896823 -0.442389 0
    outer loop
      vertex -23.1289 24.025 1.55
      vertex -23.2244 23.8314 2
      vertex -23.2244 23.8314 1.55
    endloop
  endfacet
  facet normal -0.555448 -0.831551 0
    outer loop
      vertex -20.875 24.6289 1.55
      vertex -20.6955 24.509 2
      vertex -20.875 24.6289 2
    endloop
  endfacet
  facet normal -0.555448 -0.831551 -0
    outer loop
      vertex -20.6955 24.509 2
      vertex -20.875 24.6289 1.55
      vertex -20.6955 24.509 1.55
    endloop
  endfacet
  facet normal 0.980794 0.195047 0
    outer loop
      vertex -23.2938 22.7729 2
      vertex -23.3359 22.9846 1.55
      vertex -23.3359 22.9846 2
    endloop
  endfacet
  facet normal 0.980794 0.195047 0
    outer loop
      vertex -23.3359 22.9846 1.55
      vertex -23.2938 22.7729 2
      vertex -23.2938 22.7729 1.55
    endloop
  endfacet
  facet normal -0.321645 0.94686 0
    outer loop
      vertex -21.0686 21.6756 1.55
      vertex -21.2729 21.6062 2
      vertex -21.0686 21.6756 2
    endloop
  endfacet
  facet normal -0.321645 0.94686 0
    outer loop
      vertex -21.2729 21.6062 2
      vertex -21.0686 21.6756 1.55
      vertex -21.2729 21.6062 1.55
    endloop
  endfacet
  facet normal -0.659488 -0.751715 0
    outer loop
      vertex -20.6955 24.509 1.55
      vertex -20.5333 24.3667 2
      vertex -20.6955 24.509 2
    endloop
  endfacet
  facet normal -0.659488 -0.751715 -0
    outer loop
      vertex -20.5333 24.3667 2
      vertex -20.6955 24.509 1.55
      vertex -20.5333 24.3667 1.55
    endloop
  endfacet
  facet normal -0.195047 0.980794 0
    outer loop
      vertex -21.2729 21.6062 1.55
      vertex -21.4846 21.5641 2
      vertex -21.2729 21.6062 2
    endloop
  endfacet
  facet normal -0.195047 0.980794 0
    outer loop
      vertex -21.4846 21.5641 2
      vertex -21.2729 21.6062 1.55
      vertex -21.4846 21.5641 1.55
    endloop
  endfacet
  facet normal 0.94686 -0.321645 0
    outer loop
      vertex -23.2938 23.6271 2
      vertex -23.2244 23.8314 1.55
      vertex -23.2244 23.8314 2
    endloop
  endfacet
  facet normal 0.94686 -0.321645 0
    outer loop
      vertex -23.2244 23.8314 1.55
      vertex -23.2938 23.6271 2
      vertex -23.2938 23.6271 1.55
    endloop
  endfacet
  facet normal 0.195047 -0.980794 0
    outer loop
      vertex -22.1271 24.7938 1.55
      vertex -21.9154 24.8359 2
      vertex -22.1271 24.7938 2
    endloop
  endfacet
  facet normal 0.195047 -0.980794 0
    outer loop
      vertex -21.9154 24.8359 2
      vertex -22.1271 24.7938 1.55
      vertex -21.9154 24.8359 1.55
    endloop
  endfacet
  facet normal 0.0653198 0.997864 -0
    outer loop
      vertex -21.7 21.55 1.55
      vertex -21.9154 21.5641 2
      vertex -21.7 21.55 2
    endloop
  endfacet
  facet normal 0.0653198 0.997864 0
    outer loop
      vertex -21.9154 21.5641 2
      vertex -21.7 21.55 1.55
      vertex -21.9154 21.5641 1.55
    endloop
  endfacet
  facet normal 0.751715 0.659488 0
    outer loop
      vertex -22.8667 22.0333 2
      vertex -23.009 22.1955 1.55
      vertex -23.009 22.1955 2
    endloop
  endfacet
  facet normal 0.751715 0.659488 0
    outer loop
      vertex -23.009 22.1955 1.55
      vertex -22.8667 22.0333 2
      vertex -22.8667 22.0333 1.55
    endloop
  endfacet
  facet normal 0.195047 0.980794 -0
    outer loop
      vertex -21.9154 21.5641 1.55
      vertex -22.1271 21.6062 2
      vertex -21.9154 21.5641 2
    endloop
  endfacet
  facet normal 0.195047 0.980794 0
    outer loop
      vertex -22.1271 21.6062 2
      vertex -21.9154 21.5641 1.55
      vertex -22.1271 21.6062 1.55
    endloop
  endfacet
  facet normal -0.321645 -0.94686 0
    outer loop
      vertex -21.2729 24.7938 1.55
      vertex -21.0686 24.7244 2
      vertex -21.2729 24.7938 2
    endloop
  endfacet
  facet normal -0.321645 -0.94686 -0
    outer loop
      vertex -21.0686 24.7244 2
      vertex -21.2729 24.7938 1.55
      vertex -21.0686 24.7244 1.55
    endloop
  endfacet
  facet normal 0.831551 -0.555448 0
    outer loop
      vertex -23.1289 24.025 2
      vertex -23.009 24.2045 1.55
      vertex -23.009 24.2045 2
    endloop
  endfacet
  facet normal 0.831551 -0.555448 0
    outer loop
      vertex -23.009 24.2045 1.55
      vertex -23.1289 24.025 2
      vertex -23.1289 24.025 1.55
    endloop
  endfacet
  facet normal -0.853165 -0.056116 -0.518614
    outer loop
      vertex -19.1245 23.4539 0
      vertex -19.1078 23.2 0
      vertex -20.05 23.2 1.55
    endloop
  endfacet
  facet normal -0.377911 0.766937 -0.518643
    outer loop
      vertex -20.708 20.8052 0
      vertex -20.875 21.7711 1.55
      vertex -20.6321 20.8426 0
    endloop
  endfacet
  facet normal -0.378252 0.766802 -0.518595
    outer loop
      vertex -20.875 21.7711 1.55
      vertex -20.708 20.8052 0
      vertex -21.0686 21.6756 1.55
    endloop
  endfacet
  facet normal -0.378252 -0.766802 -0.518595
    outer loop
      vertex -20.708 25.5948 0
      vertex -20.875 24.6289 1.55
      vertex -21.0686 24.7244 1.55
    endloop
  endfacet
  facet normal -0.377911 -0.766937 -0.518643
    outer loop
      vertex -20.875 24.6289 1.55
      vertex -20.708 25.5948 0
      vertex -20.6321 25.5574 0
    endloop
  endfacet
  facet normal 0.474746 -0.711109 -0.518594
    outer loop
      vertex -23.2076 25.3035 0
      vertex -22.7045 24.509 1.55
      vertex -23.278 25.2565 0
    endloop
  endfacet
  facet normal 0.47492 -0.710994 -0.518592
    outer loop
      vertex -22.7045 24.509 1.55
      vertex -23.2076 25.3035 0
      vertex -22.525 24.6289 1.55
    endloop
  endfacet
  facet normal -0.838559 -0.166973 -0.518593
    outer loop
      vertex -19.1797 23.7879 0
      vertex -19.13 23.5383 0
      vertex -20.0641 23.4154 1.55
    endloop
  endfacet
  facet normal 0.47492 0.710994 -0.518592
    outer loop
      vertex -23.2076 21.0965 0
      vertex -22.7045 21.891 1.55
      vertex -22.525 21.7711 1.55
    endloop
  endfacet
  facet normal 0.474746 0.711109 -0.518594
    outer loop
      vertex -22.7045 21.891 1.55
      vertex -23.2076 21.0965 0
      vertex -23.278 21.1435 0
    endloop
  endfacet
  facet normal 0.166714 -0.838622 -0.518575
    outer loop
      vertex -22.2879 25.7203 0
      vertex -22.1271 24.7938 1.55
      vertex -22.3709 25.7038 0
    endloop
  endfacet
  facet normal 0.166771 -0.838611 -0.518574
    outer loop
      vertex -22.1271 24.7938 1.55
      vertex -22.2879 25.7203 0
      vertex -21.9154 24.8359 1.55
    endloop
  endfacet
  facet normal -0.563816 0.642778 -0.518602
    outer loop
      vertex -19.8671 21.3671 0
      vertex -20.0584 21.1993 0
      vertex -20.5333 22.0333 1.55
    endloop
  endfacet
  facet normal 0.766937 -0.377911 -0.518643
    outer loop
      vertex -23.1289 24.025 1.55
      vertex -24.0948 24.192 0
      vertex -24.0574 24.2679 0
    endloop
  endfacet
  facet normal 0.766802 -0.378252 -0.518595
    outer loop
      vertex -24.0948 24.192 0
      vertex -23.1289 24.025 1.55
      vertex -23.2244 23.8314 1.55
    endloop
  endfacet
  facet normal 0.563816 -0.642778 -0.518602
    outer loop
      vertex -23.3416 25.2007 0
      vertex -22.8667 24.3667 1.55
      vertex -23.5329 25.0329 0
    endloop
  endfacet
  facet normal -0.274812 0.809654 -0.518593
    outer loop
      vertex -20.708 20.8052 0
      vertex -20.949 20.7234 0
      vertex -21.0686 21.6756 1.55
    endloop
  endfacet
  facet normal 0.056116 0.853165 -0.518614
    outer loop
      vertex -21.7 21.55 1.55
      vertex -21.7 20.6078 0
      vertex -21.9539 20.6245 0
    endloop
  endfacet
  facet normal -0.766802 0.378252 -0.518595
    outer loop
      vertex -19.3052 22.208 0
      vertex -20.2711 22.375 1.55
      vertex -20.1756 22.5686 1.55
    endloop
  endfacet
  facet normal -0.766937 0.377911 -0.518643
    outer loop
      vertex -20.2711 22.375 1.55
      vertex -19.3052 22.208 0
      vertex -19.3426 22.1321 0
    endloop
  endfacet
  facet normal -0.853165 0.056116 -0.518614
    outer loop
      vertex -19.1078 23.2 0
      vertex -19.1245 22.9461 0
      vertex -20.05 23.2 1.55
    endloop
  endfacet
  facet normal 0.809654 -0.274812 -0.518593
    outer loop
      vertex -24.0948 24.192 0
      vertex -23.2244 23.8314 1.55
      vertex -24.1766 23.951 0
    endloop
  endfacet
  facet normal 0.642778 0.563816 -0.518602
    outer loop
      vertex -22.8667 22.0333 1.55
      vertex -23.5329 21.3671 0
      vertex -23.7007 21.5584 0
    endloop
  endfacet
  facet normal -0.4752 -0.710784 -0.518624
    outer loop
      vertex -20.4039 25.4449 0
      vertex -20.1924 25.3035 0
      vertex -20.875 24.6289 1.55
    endloop
  endfacet
  facet normal -0.166714 0.838622 -0.518575
    outer loop
      vertex -21.1121 20.6797 0
      vertex -21.2729 21.6062 1.55
      vertex -21.0291 20.6962 0
    endloop
  endfacet
  facet normal -0.166771 0.838611 -0.518574
    outer loop
      vertex -21.2729 21.6062 1.55
      vertex -21.1121 20.6797 0
      vertex -21.4846 21.5641 1.55
    endloop
  endfacet
  facet normal 0.166973 0.838559 -0.518593
    outer loop
      vertex -21.9154 21.5641 1.55
      vertex -22.0383 20.63 0
      vertex -22.2879 20.6797 0
    endloop
  endfacet
  facet normal 0.563893 -0.642717 -0.518593
    outer loop
      vertex -23.278 25.2565 0
      vertex -22.8667 24.3667 1.55
      vertex -23.3416 25.2007 0
    endloop
  endfacet
  facet normal 0.563875 -0.642731 -0.518596
    outer loop
      vertex -22.8667 24.3667 1.55
      vertex -23.278 25.2565 0
      vertex -22.7045 24.509 1.55
    endloop
  endfacet
  facet normal 0.166771 0.838611 -0.518574
    outer loop
      vertex -22.2879 20.6797 0
      vertex -22.1271 21.6062 1.55
      vertex -21.9154 21.5641 1.55
    endloop
  endfacet
  facet normal 0.166714 0.838622 -0.518575
    outer loop
      vertex -22.1271 21.6062 1.55
      vertex -22.2879 20.6797 0
      vertex -22.3709 20.6962 0
    endloop
  endfacet
  facet normal 0.766874 -0.37806 -0.518628
    outer loop
      vertex -23.9449 24.4961 0
      vertex -23.1289 24.025 1.55
      vertex -24.0574 24.2679 0
    endloop
  endfacet
  facet normal -0.056116 0.853165 -0.518614
    outer loop
      vertex -21.7 21.55 1.55
      vertex -21.4461 20.6245 0
      vertex -21.7 20.6078 0
    endloop
  endfacet
  facet normal -0.166771 -0.838611 -0.518574
    outer loop
      vertex -21.1121 25.7203 0
      vertex -21.2729 24.7938 1.55
      vertex -21.4846 24.8359 1.55
    endloop
  endfacet
  facet normal -0.166714 -0.838622 -0.518575
    outer loop
      vertex -21.2729 24.7938 1.55
      vertex -21.1121 25.7203 0
      vertex -21.0291 25.7038 0
    endloop
  endfacet
  facet normal 0.274812 0.809654 -0.518593
    outer loop
      vertex -22.3314 21.6756 1.55
      vertex -22.451 20.7234 0
      vertex -22.692 20.8052 0
    endloop
  endfacet
  facet normal -0.711109 -0.474746 -0.518594
    outer loop
      vertex -19.5965 24.7076 0
      vertex -20.391 24.2045 1.55
      vertex -19.6435 24.778 0
    endloop
  endfacet
  facet normal -0.710994 -0.47492 -0.518592
    outer loop
      vertex -20.391 24.2045 1.55
      vertex -19.5965 24.7076 0
      vertex -20.2711 24.025 1.55
    endloop
  endfacet
  facet normal -0.056116 -0.853165 -0.518614
    outer loop
      vertex -21.7 25.7922 0
      vertex -21.4461 25.7755 0
      vertex -21.7 24.85 1.55
    endloop
  endfacet
  facet normal -0.563893 0.642717 -0.518593
    outer loop
      vertex -20.122 21.1435 0
      vertex -20.5333 22.0333 1.55
      vertex -20.0584 21.1993 0
    endloop
  endfacet
  facet normal -0.563875 0.642731 -0.518596
    outer loop
      vertex -20.5333 22.0333 1.55
      vertex -20.122 21.1435 0
      vertex -20.6955 21.891 1.55
    endloop
  endfacet
  facet normal 0.809621 -0.274928 -0.518583
    outer loop
      vertex -23.2244 23.8314 1.55
      vertex -24.2038 23.8709 0
      vertex -24.1766 23.951 0
    endloop
  endfacet
  facet normal 0.809599 -0.275018 -0.51857
    outer loop
      vertex -24.2038 23.8709 0
      vertex -23.2244 23.8314 1.55
      vertex -23.2938 23.6271 1.55
    endloop
  endfacet
  facet normal 0.838622 -0.166714 -0.518575
    outer loop
      vertex -23.2938 23.6271 1.55
      vertex -24.2203 23.7879 0
      vertex -24.2038 23.8709 0
    endloop
  endfacet
  facet normal 0.838611 -0.166771 -0.518574
    outer loop
      vertex -24.2203 23.7879 0
      vertex -23.2938 23.6271 1.55
      vertex -23.3359 23.4154 1.55
    endloop
  endfacet
  facet normal -0.710784 0.4752 -0.518624
    outer loop
      vertex -19.4551 21.9039 0
      vertex -19.5965 21.6924 0
      vertex -20.2711 22.375 1.55
    endloop
  endfacet
  facet normal 0.642778 -0.563816 -0.518602
    outer loop
      vertex -23.5329 25.0329 0
      vertex -22.8667 24.3667 1.55
      vertex -23.7007 24.8416 0
    endloop
  endfacet
  facet normal 0.642717 -0.563893 -0.518593
    outer loop
      vertex -22.8667 24.3667 1.55
      vertex -23.7565 24.778 0
      vertex -23.7007 24.8416 0
    endloop
  endfacet
  facet normal 0.642731 -0.563875 -0.518596
    outer loop
      vertex -23.7565 24.778 0
      vertex -22.8667 24.3667 1.55
      vertex -23.009 24.2045 1.55
    endloop
  endfacet
  facet normal -0.766874 0.37806 -0.518628
    outer loop
      vertex -19.3426 22.1321 0
      vertex -19.4551 21.9039 0
      vertex -20.2711 22.375 1.55
    endloop
  endfacet
  facet normal -0.37806 -0.766874 -0.518628
    outer loop
      vertex -20.6321 25.5574 0
      vertex -20.4039 25.4449 0
      vertex -20.875 24.6289 1.55
    endloop
  endfacet
  facet normal 0.37806 0.766874 -0.518628
    outer loop
      vertex -22.525 21.7711 1.55
      vertex -22.7679 20.8426 0
      vertex -22.9961 20.9551 0
    endloop
  endfacet
  facet normal 0.563816 0.642778 -0.518602
    outer loop
      vertex -22.8667 22.0333 1.55
      vertex -23.3416 21.1993 0
      vertex -23.5329 21.3671 0
    endloop
  endfacet
  facet normal 0.4752 -0.710784 -0.518624
    outer loop
      vertex -22.9961 25.4449 0
      vertex -22.525 24.6289 1.55
      vertex -23.2076 25.3035 0
    endloop
  endfacet
  facet normal -0.766874 -0.37806 -0.518628
    outer loop
      vertex -19.4551 24.4961 0
      vertex -19.3426 24.2679 0
      vertex -20.2711 24.025 1.55
    endloop
  endfacet
  facet normal 0.853197 0.05585 -0.51859
    outer loop
      vertex -23.3359 22.9846 1.55
      vertex -24.2755 22.9461 0
      vertex -23.35 23.2 1.55
    endloop
  endfacet
  facet normal 0.853212 0.0556003 -0.518593
    outer loop
      vertex -24.2755 22.9461 0
      vertex -23.3359 22.9846 1.55
      vertex -24.27 22.8617 0
    endloop
  endfacet
  facet normal 0.166973 -0.838559 -0.518593
    outer loop
      vertex -22.0383 25.77 0
      vertex -21.9154 24.8359 1.55
      vertex -22.2879 25.7203 0
    endloop
  endfacet
  facet normal 0.711109 -0.474746 -0.518594
    outer loop
      vertex -23.009 24.2045 1.55
      vertex -23.8035 24.7076 0
      vertex -23.7565 24.778 0
    endloop
  endfacet
  facet normal 0.710994 -0.47492 -0.518592
    outer loop
      vertex -23.8035 24.7076 0
      vertex -23.009 24.2045 1.55
      vertex -23.1289 24.025 1.55
    endloop
  endfacet
  facet normal -0.05585 -0.853197 -0.51859
    outer loop
      vertex -21.4461 25.7755 0
      vertex -21.4846 24.8359 1.55
      vertex -21.7 24.85 1.55
    endloop
  endfacet
  facet normal -0.0556003 -0.853212 -0.518593
    outer loop
      vertex -21.4846 24.8359 1.55
      vertex -21.4461 25.7755 0
      vertex -21.3617 25.77 0
    endloop
  endfacet
  facet normal -0.166973 -0.838559 -0.518593
    outer loop
      vertex -21.3617 25.77 0
      vertex -21.1121 25.7203 0
      vertex -21.4846 24.8359 1.55
    endloop
  endfacet
  facet normal 0.378252 0.766802 -0.518595
    outer loop
      vertex -22.692 20.8052 0
      vertex -22.525 21.7711 1.55
      vertex -22.3314 21.6756 1.55
    endloop
  endfacet
  facet normal 0.377911 0.766937 -0.518643
    outer loop
      vertex -22.525 21.7711 1.55
      vertex -22.692 20.8052 0
      vertex -22.7679 20.8426 0
    endloop
  endfacet
  facet normal -0.642778 0.563816 -0.518602
    outer loop
      vertex -19.6993 21.5584 0
      vertex -19.8671 21.3671 0
      vertex -20.5333 22.0333 1.55
    endloop
  endfacet
  facet normal 0.056116 -0.853165 -0.518614
    outer loop
      vertex -21.7 25.7922 0
      vertex -21.7 24.85 1.55
      vertex -21.9539 25.7755 0
    endloop
  endfacet
  facet normal 0.37806 -0.766874 -0.518628
    outer loop
      vertex -22.7679 25.5574 0
      vertex -22.525 24.6289 1.55
      vertex -22.9961 25.4449 0
    endloop
  endfacet
  facet normal -0.166973 0.838559 -0.518593
    outer loop
      vertex -21.1121 20.6797 0
      vertex -21.3617 20.63 0
      vertex -21.4846 21.5641 1.55
    endloop
  endfacet
  facet normal 0.853165 -0.056116 -0.518614
    outer loop
      vertex -24.2755 23.4539 0
      vertex -23.35 23.2 1.55
      vertex -24.2922 23.2 0
    endloop
  endfacet
  facet normal -0.809654 0.274812 -0.518593
    outer loop
      vertex -19.2234 22.449 0
      vertex -19.3052 22.208 0
      vertex -20.1756 22.5686 1.55
    endloop
  endfacet
  facet normal -0.710994 0.47492 -0.518592
    outer loop
      vertex -19.5965 21.6924 0
      vertex -20.391 22.1955 1.55
      vertex -20.2711 22.375 1.55
    endloop
  endfacet
  facet normal -0.711109 0.474746 -0.518594
    outer loop
      vertex -20.391 22.1955 1.55
      vertex -19.5965 21.6924 0
      vertex -19.6435 21.622 0
    endloop
  endfacet
  facet normal 0.0556003 -0.853212 -0.518593
    outer loop
      vertex -21.9539 25.7755 0
      vertex -21.9154 24.8359 1.55
      vertex -22.0383 25.77 0
    endloop
  endfacet
  facet normal 0.05585 -0.853197 -0.51859
    outer loop
      vertex -21.9154 24.8359 1.55
      vertex -21.9539 25.7755 0
      vertex -21.7 24.85 1.55
    endloop
  endfacet
  facet normal -0.710784 -0.4752 -0.518624
    outer loop
      vertex -19.5965 24.7076 0
      vertex -19.4551 24.4961 0
      vertex -20.2711 24.025 1.55
    endloop
  endfacet
  facet normal 0.274812 -0.809654 -0.518593
    outer loop
      vertex -22.451 25.6766 0
      vertex -22.3314 24.7244 1.55
      vertex -22.692 25.5948 0
    endloop
  endfacet
  facet normal -0.275018 -0.809599 -0.51857
    outer loop
      vertex -21.0291 25.7038 0
      vertex -21.0686 24.7244 1.55
      vertex -21.2729 24.7938 1.55
    endloop
  endfacet
  facet normal -0.274928 -0.809621 -0.518583
    outer loop
      vertex -21.0686 24.7244 1.55
      vertex -21.0291 25.7038 0
      vertex -20.949 25.6766 0
    endloop
  endfacet
  facet normal -0.47492 -0.710994 -0.518592
    outer loop
      vertex -20.1924 25.3035 0
      vertex -20.6955 24.509 1.55
      vertex -20.875 24.6289 1.55
    endloop
  endfacet
  facet normal -0.474746 -0.711109 -0.518594
    outer loop
      vertex -20.6955 24.509 1.55
      vertex -20.1924 25.3035 0
      vertex -20.122 25.2565 0
    endloop
  endfacet
  facet normal -0.766937 -0.377911 -0.518643
    outer loop
      vertex -19.3052 24.192 0
      vertex -20.2711 24.025 1.55
      vertex -19.3426 24.2679 0
    endloop
  endfacet
  facet normal -0.766802 -0.378252 -0.518595
    outer loop
      vertex -20.2711 24.025 1.55
      vertex -19.3052 24.192 0
      vertex -20.1756 23.8314 1.55
    endloop
  endfacet
  facet normal -0.274812 -0.809654 -0.518593
    outer loop
      vertex -20.949 25.6766 0
      vertex -20.708 25.5948 0
      vertex -21.0686 24.7244 1.55
    endloop
  endfacet
  facet normal 0.563875 0.642731 -0.518596
    outer loop
      vertex -23.278 21.1435 0
      vertex -22.8667 22.0333 1.55
      vertex -22.7045 21.891 1.55
    endloop
  endfacet
  facet normal 0.563893 0.642717 -0.518593
    outer loop
      vertex -22.8667 22.0333 1.55
      vertex -23.278 21.1435 0
      vertex -23.3416 21.1993 0
    endloop
  endfacet
  facet normal 0.377911 -0.766937 -0.518643
    outer loop
      vertex -22.692 25.5948 0
      vertex -22.525 24.6289 1.55
      vertex -22.7679 25.5574 0
    endloop
  endfacet
  facet normal 0.378252 -0.766802 -0.518595
    outer loop
      vertex -22.525 24.6289 1.55
      vertex -22.692 25.5948 0
      vertex -22.3314 24.7244 1.55
    endloop
  endfacet
  facet normal 0.05585 0.853197 -0.51859
    outer loop
      vertex -21.9539 20.6245 0
      vertex -21.9154 21.5641 1.55
      vertex -21.7 21.55 1.55
    endloop
  endfacet
  facet normal 0.0556003 0.853212 -0.518593
    outer loop
      vertex -21.9154 21.5641 1.55
      vertex -21.9539 20.6245 0
      vertex -22.0383 20.63 0
    endloop
  endfacet
  facet normal 0.853165 0.056116 -0.518614
    outer loop
      vertex -23.35 23.2 1.55
      vertex -24.2755 22.9461 0
      vertex -24.2922 23.2 0
    endloop
  endfacet
  facet normal 0.4752 0.710784 -0.518624
    outer loop
      vertex -22.525 21.7711 1.55
      vertex -22.9961 20.9551 0
      vertex -23.2076 21.0965 0
    endloop
  endfacet
  facet normal 0.710784 0.4752 -0.518624
    outer loop
      vertex -23.1289 22.375 1.55
      vertex -23.8035 21.6924 0
      vertex -23.9449 21.9039 0
    endloop
  endfacet
  facet normal -0.838622 -0.166714 -0.518575
    outer loop
      vertex -19.1797 23.7879 0
      vertex -20.1062 23.6271 1.55
      vertex -19.1962 23.8709 0
    endloop
  endfacet
  facet normal -0.838611 -0.166771 -0.518574
    outer loop
      vertex -20.1062 23.6271 1.55
      vertex -19.1797 23.7879 0
      vertex -20.0641 23.4154 1.55
    endloop
  endfacet
  facet normal 0.809654 0.274812 -0.518593
    outer loop
      vertex -23.2244 22.5686 1.55
      vertex -24.0948 22.208 0
      vertex -24.1766 22.449 0
    endloop
  endfacet
  facet normal -0.642778 -0.563816 -0.518602
    outer loop
      vertex -19.8671 25.0329 0
      vertex -19.6993 24.8416 0
      vertex -20.5333 24.3667 1.55
    endloop
  endfacet
  facet normal -0.563816 -0.642778 -0.518602
    outer loop
      vertex -20.0584 25.2007 0
      vertex -19.8671 25.0329 0
      vertex -20.5333 24.3667 1.55
    endloop
  endfacet
  facet normal -0.4752 0.710784 -0.518624
    outer loop
      vertex -20.1924 21.0965 0
      vertex -20.4039 20.9551 0
      vertex -20.875 21.7711 1.55
    endloop
  endfacet
  facet normal -0.853212 -0.0556003 -0.518593
    outer loop
      vertex -19.1245 23.4539 0
      vertex -20.0641 23.4154 1.55
      vertex -19.13 23.5383 0
    endloop
  endfacet
  facet normal -0.853197 -0.05585 -0.51859
    outer loop
      vertex -20.0641 23.4154 1.55
      vertex -19.1245 23.4539 0
      vertex -20.05 23.2 1.55
    endloop
  endfacet
  facet normal -0.809654 -0.274812 -0.518593
    outer loop
      vertex -19.3052 24.192 0
      vertex -19.2234 23.951 0
      vertex -20.1756 23.8314 1.55
    endloop
  endfacet
  facet normal 0.710784 -0.4752 -0.518624
    outer loop
      vertex -23.8035 24.7076 0
      vertex -23.1289 24.025 1.55
      vertex -23.9449 24.4961 0
    endloop
  endfacet
  facet normal -0.642731 0.563875 -0.518596
    outer loop
      vertex -19.6435 21.622 0
      vertex -20.5333 22.0333 1.55
      vertex -20.391 22.1955 1.55
    endloop
  endfacet
  facet normal -0.642717 0.563893 -0.518593
    outer loop
      vertex -20.5333 22.0333 1.55
      vertex -19.6435 21.622 0
      vertex -19.6993 21.5584 0
    endloop
  endfacet
  facet normal -0.838559 0.166973 -0.518593
    outer loop
      vertex -19.13 22.8617 0
      vertex -19.1797 22.6121 0
      vertex -20.0641 22.9846 1.55
    endloop
  endfacet
  facet normal -0.853197 0.05585 -0.51859
    outer loop
      vertex -19.1245 22.9461 0
      vertex -20.0641 22.9846 1.55
      vertex -20.05 23.2 1.55
    endloop
  endfacet
  facet normal -0.853212 0.0556003 -0.518593
    outer loop
      vertex -20.0641 22.9846 1.55
      vertex -19.1245 22.9461 0
      vertex -19.13 22.8617 0
    endloop
  endfacet
  facet normal 0.766802 0.378252 -0.518595
    outer loop
      vertex -23.1289 22.375 1.55
      vertex -24.0948 22.208 0
      vertex -23.2244 22.5686 1.55
    endloop
  endfacet
  facet normal 0.766937 0.377911 -0.518643
    outer loop
      vertex -24.0948 22.208 0
      vertex -23.1289 22.375 1.55
      vertex -24.0574 22.1321 0
    endloop
  endfacet
  facet normal 0.642731 0.563875 -0.518596
    outer loop
      vertex -22.8667 22.0333 1.55
      vertex -23.7565 21.622 0
      vertex -23.009 22.1955 1.55
    endloop
  endfacet
  facet normal 0.642717 0.563893 -0.518593
    outer loop
      vertex -23.7565 21.622 0
      vertex -22.8667 22.0333 1.55
      vertex -23.7007 21.5584 0
    endloop
  endfacet
  facet normal -0.809621 -0.274928 -0.518583
    outer loop
      vertex -19.1962 23.8709 0
      vertex -20.1756 23.8314 1.55
      vertex -19.2234 23.951 0
    endloop
  endfacet
  facet normal -0.809599 -0.275018 -0.51857
    outer loop
      vertex -20.1756 23.8314 1.55
      vertex -19.1962 23.8709 0
      vertex -20.1062 23.6271 1.55
    endloop
  endfacet
  facet normal -0.563875 -0.642731 -0.518596
    outer loop
      vertex -20.122 25.2565 0
      vertex -20.5333 24.3667 1.55
      vertex -20.6955 24.509 1.55
    endloop
  endfacet
  facet normal -0.563893 -0.642717 -0.518593
    outer loop
      vertex -20.5333 24.3667 1.55
      vertex -20.122 25.2565 0
      vertex -20.0584 25.2007 0
    endloop
  endfacet
  facet normal -0.0556003 0.853212 -0.518593
    outer loop
      vertex -21.4461 20.6245 0
      vertex -21.4846 21.5641 1.55
      vertex -21.3617 20.63 0
    endloop
  endfacet
  facet normal -0.05585 0.853197 -0.51859
    outer loop
      vertex -21.4846 21.5641 1.55
      vertex -21.4461 20.6245 0
      vertex -21.7 21.55 1.55
    endloop
  endfacet
  facet normal 0.838559 -0.166973 -0.518593
    outer loop
      vertex -24.2203 23.7879 0
      vertex -23.3359 23.4154 1.55
      vertex -24.27 23.5383 0
    endloop
  endfacet
  facet normal 0.853212 -0.0556003 -0.518593
    outer loop
      vertex -23.3359 23.4154 1.55
      vertex -24.2755 23.4539 0
      vertex -24.27 23.5383 0
    endloop
  endfacet
  facet normal 0.853197 -0.05585 -0.51859
    outer loop
      vertex -24.2755 23.4539 0
      vertex -23.3359 23.4154 1.55
      vertex -23.35 23.2 1.55
    endloop
  endfacet
  facet normal 0.766874 0.37806 -0.518628
    outer loop
      vertex -23.1289 22.375 1.55
      vertex -23.9449 21.9039 0
      vertex -24.0574 22.1321 0
    endloop
  endfacet
  facet normal 0.274928 -0.809621 -0.518583
    outer loop
      vertex -22.3709 25.7038 0
      vertex -22.3314 24.7244 1.55
      vertex -22.451 25.6766 0
    endloop
  endfacet
  facet normal 0.275018 -0.809599 -0.51857
    outer loop
      vertex -22.3314 24.7244 1.55
      vertex -22.3709 25.7038 0
      vertex -22.1271 24.7938 1.55
    endloop
  endfacet
  facet normal -0.474746 0.711109 -0.518594
    outer loop
      vertex -20.1924 21.0965 0
      vertex -20.6955 21.891 1.55
      vertex -20.122 21.1435 0
    endloop
  endfacet
  facet normal -0.47492 0.710994 -0.518592
    outer loop
      vertex -20.6955 21.891 1.55
      vertex -20.1924 21.0965 0
      vertex -20.875 21.7711 1.55
    endloop
  endfacet
  facet normal 0.710994 0.47492 -0.518592
    outer loop
      vertex -23.009 22.1955 1.55
      vertex -23.8035 21.6924 0
      vertex -23.1289 22.375 1.55
    endloop
  endfacet
  facet normal 0.711109 0.474746 -0.518594
    outer loop
      vertex -23.8035 21.6924 0
      vertex -23.009 22.1955 1.55
      vertex -23.7565 21.622 0
    endloop
  endfacet
  facet normal -0.809599 0.275018 -0.51857
    outer loop
      vertex -19.1962 22.5291 0
      vertex -20.1756 22.5686 1.55
      vertex -20.1062 22.7729 1.55
    endloop
  endfacet
  facet normal -0.809621 0.274928 -0.518583
    outer loop
      vertex -20.1756 22.5686 1.55
      vertex -19.1962 22.5291 0
      vertex -19.2234 22.449 0
    endloop
  endfacet
  facet normal -0.274928 0.809621 -0.518583
    outer loop
      vertex -21.0291 20.6962 0
      vertex -21.0686 21.6756 1.55
      vertex -20.949 20.7234 0
    endloop
  endfacet
  facet normal -0.275018 0.809599 -0.51857
    outer loop
      vertex -21.0686 21.6756 1.55
      vertex -21.0291 20.6962 0
      vertex -21.2729 21.6062 1.55
    endloop
  endfacet
  facet normal -0.642717 -0.563893 -0.518593
    outer loop
      vertex -19.6435 24.778 0
      vertex -20.5333 24.3667 1.55
      vertex -19.6993 24.8416 0
    endloop
  endfacet
  facet normal -0.642731 -0.563875 -0.518596
    outer loop
      vertex -20.5333 24.3667 1.55
      vertex -19.6435 24.778 0
      vertex -20.391 24.2045 1.55
    endloop
  endfacet
  facet normal -0.37806 0.766874 -0.518628
    outer loop
      vertex -20.4039 20.9551 0
      vertex -20.6321 20.8426 0
      vertex -20.875 21.7711 1.55
    endloop
  endfacet
  facet normal 0.809599 0.275018 -0.51857
    outer loop
      vertex -23.2244 22.5686 1.55
      vertex -24.2038 22.5291 0
      vertex -23.2938 22.7729 1.55
    endloop
  endfacet
  facet normal 0.809621 0.274928 -0.518583
    outer loop
      vertex -24.2038 22.5291 0
      vertex -23.2244 22.5686 1.55
      vertex -24.1766 22.449 0
    endloop
  endfacet
  facet normal 0.838611 0.166771 -0.518574
    outer loop
      vertex -23.2938 22.7729 1.55
      vertex -24.2203 22.6121 0
      vertex -23.3359 22.9846 1.55
    endloop
  endfacet
  facet normal 0.838622 0.166714 -0.518575
    outer loop
      vertex -24.2203 22.6121 0
      vertex -23.2938 22.7729 1.55
      vertex -24.2038 22.5291 0
    endloop
  endfacet
  facet normal -0.838611 0.166771 -0.518574
    outer loop
      vertex -19.1797 22.6121 0
      vertex -20.1062 22.7729 1.55
      vertex -20.0641 22.9846 1.55
    endloop
  endfacet
  facet normal -0.838622 0.166714 -0.518575
    outer loop
      vertex -20.1062 22.7729 1.55
      vertex -19.1797 22.6121 0
      vertex -19.1962 22.5291 0
    endloop
  endfacet
  facet normal 0.838559 0.166973 -0.518593
    outer loop
      vertex -23.3359 22.9846 1.55
      vertex -24.2203 22.6121 0
      vertex -24.27 22.8617 0
    endloop
  endfacet
  facet normal 0.275018 0.809599 -0.51857
    outer loop
      vertex -22.3709 20.6962 0
      vertex -22.3314 21.6756 1.55
      vertex -22.1271 21.6062 1.55
    endloop
  endfacet
  facet normal 0.274928 0.809621 -0.518583
    outer loop
      vertex -22.3314 21.6756 1.55
      vertex -22.3709 20.6962 0
      vertex -22.451 20.7234 0
    endloop
  endfacet
  facet normal -0.0653198 0.997864 0
    outer loop
      vertex 21.9154 -24.8359 1.55
      vertex 21.7 -24.85 2
      vertex 21.9154 -24.8359 2
    endloop
  endfacet
  facet normal -0.0653198 0.997864 0
    outer loop
      vertex 21.7 -24.85 2
      vertex 21.9154 -24.8359 1.55
      vertex 21.7 -24.85 1.55
    endloop
  endfacet
  facet normal -0.980794 -0.195047 0
    outer loop
      vertex 23.3359 -22.9846 1.55
      vertex 23.2938 -22.7729 2
      vertex 23.2938 -22.7729 1.55
    endloop
  endfacet
  facet normal -0.980794 -0.195047 0
    outer loop
      vertex 23.2938 -22.7729 2
      vertex 23.3359 -22.9846 1.55
      vertex 23.3359 -22.9846 2
    endloop
  endfacet
  facet normal -0.997864 -0.0653198 0
    outer loop
      vertex 23.35 -23.2 1.55
      vertex 23.3359 -22.9846 2
      vertex 23.3359 -22.9846 1.55
    endloop
  endfacet
  facet normal -0.997864 -0.0653198 0
    outer loop
      vertex 23.3359 -22.9846 2
      vertex 23.35 -23.2 1.55
      vertex 23.35 -23.2 2
    endloop
  endfacet
  facet normal -0.94686 -0.321645 0
    outer loop
      vertex 23.2938 -22.7729 1.55
      vertex 23.2244 -22.5686 2
      vertex 23.2244 -22.5686 1.55
    endloop
  endfacet
  facet normal -0.94686 -0.321645 0
    outer loop
      vertex 23.2244 -22.5686 2
      vertex 23.2938 -22.7729 1.55
      vertex 23.2938 -22.7729 2
    endloop
  endfacet
  facet normal -0.321645 -0.94686 0
    outer loop
      vertex 22.1271 -21.6062 1.55
      vertex 22.3314 -21.6756 2
      vertex 22.1271 -21.6062 2
    endloop
  endfacet
  facet normal -0.321645 -0.94686 -0
    outer loop
      vertex 22.3314 -21.6756 2
      vertex 22.1271 -21.6062 1.55
      vertex 22.3314 -21.6756 1.55
    endloop
  endfacet
  facet normal -0.0653198 -0.997864 0
    outer loop
      vertex 21.7 -21.55 1.55
      vertex 21.9154 -21.5641 2
      vertex 21.7 -21.55 2
    endloop
  endfacet
  facet normal -0.0653198 -0.997864 -0
    outer loop
      vertex 21.9154 -21.5641 2
      vertex 21.7 -21.55 1.55
      vertex 21.9154 -21.5641 1.55
    endloop
  endfacet
  facet normal 0.659488 0.751715 -0
    outer loop
      vertex 20.6955 -24.509 1.55
      vertex 20.5333 -24.3667 2
      vertex 20.6955 -24.509 2
    endloop
  endfacet
  facet normal 0.659488 0.751715 0
    outer loop
      vertex 20.5333 -24.3667 2
      vertex 20.6955 -24.509 1.55
      vertex 20.5333 -24.3667 1.55
    endloop
  endfacet
  facet normal 0.997864 0.0653198 0
    outer loop
      vertex 20.0641 -23.4154 2
      vertex 20.05 -23.2 1.55
      vertex 20.05 -23.2 2
    endloop
  endfacet
  facet normal 0.997864 0.0653198 0
    outer loop
      vertex 20.05 -23.2 1.55
      vertex 20.0641 -23.4154 2
      vertex 20.0641 -23.4154 1.55
    endloop
  endfacet
  facet normal 0.659488 -0.751715 0
    outer loop
      vertex 20.5333 -22.0333 1.55
      vertex 20.6955 -21.891 2
      vertex 20.5333 -22.0333 2
    endloop
  endfacet
  facet normal 0.659488 -0.751715 0
    outer loop
      vertex 20.6955 -21.891 2
      vertex 20.5333 -22.0333 1.55
      vertex 20.6955 -21.891 1.55
    endloop
  endfacet
  facet normal -0.751715 -0.659488 0
    outer loop
      vertex 23.009 -22.1955 1.55
      vertex 22.8667 -22.0333 2
      vertex 22.8667 -22.0333 1.55
    endloop
  endfacet
  facet normal -0.751715 -0.659488 0
    outer loop
      vertex 22.8667 -22.0333 2
      vertex 23.009 -22.1955 1.55
      vertex 23.009 -22.1955 2
    endloop
  endfacet
  facet normal -0.997864 0.0653198 0
    outer loop
      vertex 23.3359 -23.4154 1.55
      vertex 23.35 -23.2 2
      vertex 23.35 -23.2 1.55
    endloop
  endfacet
  facet normal -0.997864 0.0653198 0
    outer loop
      vertex 23.35 -23.2 2
      vertex 23.3359 -23.4154 1.55
      vertex 23.3359 -23.4154 2
    endloop
  endfacet
  facet normal -0.442389 -0.896823 0
    outer loop
      vertex 22.3314 -21.6756 1.55
      vertex 22.525 -21.7711 2
      vertex 22.3314 -21.6756 2
    endloop
  endfacet
  facet normal -0.442389 -0.896823 -0
    outer loop
      vertex 22.525 -21.7711 2
      vertex 22.3314 -21.6756 1.55
      vertex 22.525 -21.7711 1.55
    endloop
  endfacet
  facet normal -0.896823 0.442389 0
    outer loop
      vertex 23.1289 -24.025 1.55
      vertex 23.2244 -23.8314 2
      vertex 23.2244 -23.8314 1.55
    endloop
  endfacet
  facet normal -0.896823 0.442389 0
    outer loop
      vertex 23.2244 -23.8314 2
      vertex 23.1289 -24.025 1.55
      vertex 23.1289 -24.025 2
    endloop
  endfacet
  facet normal 0.321645 0.94686 -0
    outer loop
      vertex 21.2729 -24.7938 1.55
      vertex 21.0686 -24.7244 2
      vertex 21.2729 -24.7938 2
    endloop
  endfacet
  facet normal 0.321645 0.94686 0
    outer loop
      vertex 21.0686 -24.7244 2
      vertex 21.2729 -24.7938 1.55
      vertex 21.0686 -24.7244 1.55
    endloop
  endfacet
  facet normal -0.831551 -0.555448 0
    outer loop
      vertex 23.1289 -22.375 1.55
      vertex 23.009 -22.1955 2
      vertex 23.009 -22.1955 1.55
    endloop
  endfacet
  facet normal -0.831551 -0.555448 0
    outer loop
      vertex 23.009 -22.1955 2
      vertex 23.1289 -22.375 1.55
      vertex 23.1289 -22.375 2
    endloop
  endfacet
  facet normal -0.896823 -0.442389 0
    outer loop
      vertex 23.2244 -22.5686 1.55
      vertex 23.1289 -22.375 2
      vertex 23.1289 -22.375 1.55
    endloop
  endfacet
  facet normal -0.896823 -0.442389 0
    outer loop
      vertex 23.1289 -22.375 2
      vertex 23.2244 -22.5686 1.55
      vertex 23.2244 -22.5686 2
    endloop
  endfacet
  facet normal 0.831551 0.555448 0
    outer loop
      vertex 20.391 -24.2045 2
      vertex 20.2711 -24.025 1.55
      vertex 20.2711 -24.025 2
    endloop
  endfacet
  facet normal 0.831551 0.555448 0
    outer loop
      vertex 20.2711 -24.025 1.55
      vertex 20.391 -24.2045 2
      vertex 20.391 -24.2045 1.55
    endloop
  endfacet
  facet normal -0.442389 0.896823 0
    outer loop
      vertex 22.525 -24.6289 1.55
      vertex 22.3314 -24.7244 2
      vertex 22.525 -24.6289 2
    endloop
  endfacet
  facet normal -0.442389 0.896823 0
    outer loop
      vertex 22.3314 -24.7244 2
      vertex 22.525 -24.6289 1.55
      vertex 22.3314 -24.7244 1.55
    endloop
  endfacet
  facet normal 0.442389 -0.896823 0
    outer loop
      vertex 20.875 -21.7711 1.55
      vertex 21.0686 -21.6756 2
      vertex 20.875 -21.7711 2
    endloop
  endfacet
  facet normal 0.442389 -0.896823 0
    outer loop
      vertex 21.0686 -21.6756 2
      vertex 20.875 -21.7711 1.55
      vertex 21.0686 -21.6756 1.55
    endloop
  endfacet
  facet normal 0.997864 -0.0653198 0
    outer loop
      vertex 20.05 -23.2 2
      vertex 20.0641 -22.9846 1.55
      vertex 20.0641 -22.9846 2
    endloop
  endfacet
  facet normal 0.997864 -0.0653198 0
    outer loop
      vertex 20.0641 -22.9846 1.55
      vertex 20.05 -23.2 2
      vertex 20.05 -23.2 1.55
    endloop
  endfacet
  facet normal -0.195047 -0.980794 0
    outer loop
      vertex 21.9154 -21.5641 1.55
      vertex 22.1271 -21.6062 2
      vertex 21.9154 -21.5641 2
    endloop
  endfacet
  facet normal -0.195047 -0.980794 -0
    outer loop
      vertex 22.1271 -21.6062 2
      vertex 21.9154 -21.5641 1.55
      vertex 22.1271 -21.6062 1.55
    endloop
  endfacet
  facet normal 0.751715 -0.659488 0
    outer loop
      vertex 20.391 -22.1955 2
      vertex 20.5333 -22.0333 1.55
      vertex 20.5333 -22.0333 2
    endloop
  endfacet
  facet normal 0.751715 -0.659488 0
    outer loop
      vertex 20.5333 -22.0333 1.55
      vertex 20.391 -22.1955 2
      vertex 20.391 -22.1955 1.55
    endloop
  endfacet
  facet normal -0.94686 0.321645 0
    outer loop
      vertex 23.2244 -23.8314 1.55
      vertex 23.2938 -23.6271 2
      vertex 23.2938 -23.6271 1.55
    endloop
  endfacet
  facet normal -0.94686 0.321645 0
    outer loop
      vertex 23.2938 -23.6271 2
      vertex 23.2244 -23.8314 1.55
      vertex 23.2244 -23.8314 2
    endloop
  endfacet
  facet normal 0.980794 -0.195047 0
    outer loop
      vertex 20.0641 -22.9846 2
      vertex 20.1062 -22.7729 1.55
      vertex 20.1062 -22.7729 2
    endloop
  endfacet
  facet normal 0.980794 -0.195047 0
    outer loop
      vertex 20.1062 -22.7729 1.55
      vertex 20.0641 -22.9846 2
      vertex 20.0641 -22.9846 1.55
    endloop
  endfacet
  facet normal 0.442389 0.896823 -0
    outer loop
      vertex 21.0686 -24.7244 1.55
      vertex 20.875 -24.6289 2
      vertex 21.0686 -24.7244 2
    endloop
  endfacet
  facet normal 0.442389 0.896823 0
    outer loop
      vertex 20.875 -24.6289 2
      vertex 21.0686 -24.7244 1.55
      vertex 20.875 -24.6289 1.55
    endloop
  endfacet
  facet normal 0.555448 -0.831551 0
    outer loop
      vertex 20.6955 -21.891 1.55
      vertex 20.875 -21.7711 2
      vertex 20.6955 -21.891 2
    endloop
  endfacet
  facet normal 0.555448 -0.831551 0
    outer loop
      vertex 20.875 -21.7711 2
      vertex 20.6955 -21.891 1.55
      vertex 20.875 -21.7711 1.55
    endloop
  endfacet
  facet normal -0.659488 0.751715 0
    outer loop
      vertex 22.8667 -24.3667 1.55
      vertex 22.7045 -24.509 2
      vertex 22.8667 -24.3667 2
    endloop
  endfacet
  facet normal -0.659488 0.751715 0
    outer loop
      vertex 22.7045 -24.509 2
      vertex 22.8667 -24.3667 1.55
      vertex 22.7045 -24.509 1.55
    endloop
  endfacet
  facet normal 0.321645 -0.94686 0
    outer loop
      vertex 21.0686 -21.6756 1.55
      vertex 21.2729 -21.6062 2
      vertex 21.0686 -21.6756 2
    endloop
  endfacet
  facet normal 0.321645 -0.94686 0
    outer loop
      vertex 21.2729 -21.6062 2
      vertex 21.0686 -21.6756 1.55
      vertex 21.2729 -21.6062 1.55
    endloop
  endfacet
  facet normal -0.831551 0.555448 0
    outer loop
      vertex 23.009 -24.2045 1.55
      vertex 23.1289 -24.025 2
      vertex 23.1289 -24.025 1.55
    endloop
  endfacet
  facet normal -0.831551 0.555448 0
    outer loop
      vertex 23.1289 -24.025 2
      vertex 23.009 -24.2045 1.55
      vertex 23.009 -24.2045 2
    endloop
  endfacet
  facet normal -0.555448 0.831551 0
    outer loop
      vertex 22.7045 -24.509 1.55
      vertex 22.525 -24.6289 2
      vertex 22.7045 -24.509 2
    endloop
  endfacet
  facet normal -0.555448 0.831551 0
    outer loop
      vertex 22.525 -24.6289 2
      vertex 22.7045 -24.509 1.55
      vertex 22.525 -24.6289 1.55
    endloop
  endfacet
  facet normal -0.751715 0.659488 0
    outer loop
      vertex 22.8667 -24.3667 1.55
      vertex 23.009 -24.2045 2
      vertex 23.009 -24.2045 1.55
    endloop
  endfacet
  facet normal -0.751715 0.659488 0
    outer loop
      vertex 23.009 -24.2045 2
      vertex 22.8667 -24.3667 1.55
      vertex 22.8667 -24.3667 2
    endloop
  endfacet
  facet normal -0.980794 0.195047 0
    outer loop
      vertex 23.2938 -23.6271 1.55
      vertex 23.3359 -23.4154 2
      vertex 23.3359 -23.4154 1.55
    endloop
  endfacet
  facet normal -0.980794 0.195047 0
    outer loop
      vertex 23.3359 -23.4154 2
      vertex 23.2938 -23.6271 1.55
      vertex 23.2938 -23.6271 2
    endloop
  endfacet
  facet normal 0.0653198 -0.997864 0
    outer loop
      vertex 21.4846 -21.5641 1.55
      vertex 21.7 -21.55 2
      vertex 21.4846 -21.5641 2
    endloop
  endfacet
  facet normal 0.0653198 -0.997864 0
    outer loop
      vertex 21.7 -21.55 2
      vertex 21.4846 -21.5641 1.55
      vertex 21.7 -21.55 1.55
    endloop
  endfacet
  facet normal 0.896823 0.442389 0
    outer loop
      vertex 20.2711 -24.025 2
      vertex 20.1756 -23.8314 1.55
      vertex 20.1756 -23.8314 2
    endloop
  endfacet
  facet normal 0.896823 0.442389 0
    outer loop
      vertex 20.1756 -23.8314 1.55
      vertex 20.2711 -24.025 2
      vertex 20.2711 -24.025 1.55
    endloop
  endfacet
  facet normal 0.896823 -0.442389 0
    outer loop
      vertex 20.1756 -22.5686 2
      vertex 20.2711 -22.375 1.55
      vertex 20.2711 -22.375 2
    endloop
  endfacet
  facet normal 0.896823 -0.442389 0
    outer loop
      vertex 20.2711 -22.375 1.55
      vertex 20.1756 -22.5686 2
      vertex 20.1756 -22.5686 1.55
    endloop
  endfacet
  facet normal -0.555448 -0.831551 0
    outer loop
      vertex 22.525 -21.7711 1.55
      vertex 22.7045 -21.891 2
      vertex 22.525 -21.7711 2
    endloop
  endfacet
  facet normal -0.555448 -0.831551 -0
    outer loop
      vertex 22.7045 -21.891 2
      vertex 22.525 -21.7711 1.55
      vertex 22.7045 -21.891 1.55
    endloop
  endfacet
  facet normal 0.980794 0.195047 0
    outer loop
      vertex 20.1062 -23.6271 2
      vertex 20.0641 -23.4154 1.55
      vertex 20.0641 -23.4154 2
    endloop
  endfacet
  facet normal 0.980794 0.195047 0
    outer loop
      vertex 20.0641 -23.4154 1.55
      vertex 20.1062 -23.6271 2
      vertex 20.1062 -23.6271 1.55
    endloop
  endfacet
  facet normal -0.321645 0.94686 0
    outer loop
      vertex 22.3314 -24.7244 1.55
      vertex 22.1271 -24.7938 2
      vertex 22.3314 -24.7244 2
    endloop
  endfacet
  facet normal -0.321645 0.94686 0
    outer loop
      vertex 22.1271 -24.7938 2
      vertex 22.3314 -24.7244 1.55
      vertex 22.1271 -24.7938 1.55
    endloop
  endfacet
  facet normal -0.659488 -0.751715 0
    outer loop
      vertex 22.7045 -21.891 1.55
      vertex 22.8667 -22.0333 2
      vertex 22.7045 -21.891 2
    endloop
  endfacet
  facet normal -0.659488 -0.751715 -0
    outer loop
      vertex 22.8667 -22.0333 2
      vertex 22.7045 -21.891 1.55
      vertex 22.8667 -22.0333 1.55
    endloop
  endfacet
  facet normal -0.195047 0.980794 0
    outer loop
      vertex 22.1271 -24.7938 1.55
      vertex 21.9154 -24.8359 2
      vertex 22.1271 -24.7938 2
    endloop
  endfacet
  facet normal -0.195047 0.980794 0
    outer loop
      vertex 21.9154 -24.8359 2
      vertex 22.1271 -24.7938 1.55
      vertex 21.9154 -24.8359 1.55
    endloop
  endfacet
  facet normal 0.94686 -0.321645 0
    outer loop
      vertex 20.1062 -22.7729 2
      vertex 20.1756 -22.5686 1.55
      vertex 20.1756 -22.5686 2
    endloop
  endfacet
  facet normal 0.94686 -0.321645 0
    outer loop
      vertex 20.1756 -22.5686 1.55
      vertex 20.1062 -22.7729 2
      vertex 20.1062 -22.7729 1.55
    endloop
  endfacet
  facet normal 0.195047 -0.980794 0
    outer loop
      vertex 21.2729 -21.6062 1.55
      vertex 21.4846 -21.5641 2
      vertex 21.2729 -21.6062 2
    endloop
  endfacet
  facet normal 0.195047 -0.980794 0
    outer loop
      vertex 21.4846 -21.5641 2
      vertex 21.2729 -21.6062 1.55
      vertex 21.4846 -21.5641 1.55
    endloop
  endfacet
  facet normal 0.0653198 0.997864 -0
    outer loop
      vertex 21.7 -24.85 1.55
      vertex 21.4846 -24.8359 2
      vertex 21.7 -24.85 2
    endloop
  endfacet
  facet normal 0.0653198 0.997864 0
    outer loop
      vertex 21.4846 -24.8359 2
      vertex 21.7 -24.85 1.55
      vertex 21.4846 -24.8359 1.55
    endloop
  endfacet
  facet normal 0.94686 0.321645 0
    outer loop
      vertex 20.1756 -23.8314 2
      vertex 20.1062 -23.6271 1.55
      vertex 20.1062 -23.6271 2
    endloop
  endfacet
  facet normal 0.94686 0.321645 0
    outer loop
      vertex 20.1062 -23.6271 1.55
      vertex 20.1756 -23.8314 2
      vertex 20.1756 -23.8314 1.55
    endloop
  endfacet
  facet normal 0.751715 0.659488 0
    outer loop
      vertex 20.5333 -24.3667 2
      vertex 20.391 -24.2045 1.55
      vertex 20.391 -24.2045 2
    endloop
  endfacet
  facet normal 0.751715 0.659488 0
    outer loop
      vertex 20.391 -24.2045 1.55
      vertex 20.5333 -24.3667 2
      vertex 20.5333 -24.3667 1.55
    endloop
  endfacet
  facet normal 0.195047 0.980794 -0
    outer loop
      vertex 21.4846 -24.8359 1.55
      vertex 21.2729 -24.7938 2
      vertex 21.4846 -24.8359 2
    endloop
  endfacet
  facet normal 0.195047 0.980794 0
    outer loop
      vertex 21.2729 -24.7938 2
      vertex 21.4846 -24.8359 1.55
      vertex 21.2729 -24.7938 1.55
    endloop
  endfacet
  facet normal 0.555448 0.831551 -0
    outer loop
      vertex 20.875 -24.6289 1.55
      vertex 20.6955 -24.509 2
      vertex 20.875 -24.6289 2
    endloop
  endfacet
  facet normal 0.555448 0.831551 0
    outer loop
      vertex 20.6955 -24.509 2
      vertex 20.875 -24.6289 1.55
      vertex 20.6955 -24.509 1.55
    endloop
  endfacet
  facet normal 0.831551 -0.555448 0
    outer loop
      vertex 20.2711 -22.375 2
      vertex 20.391 -22.1955 1.55
      vertex 20.391 -22.1955 2
    endloop
  endfacet
  facet normal 0.831551 -0.555448 0
    outer loop
      vertex 20.391 -22.1955 1.55
      vertex 20.2711 -22.375 2
      vertex 20.2711 -22.375 1.55
    endloop
  endfacet
  facet normal -0.853165 -0.056116 -0.518614
    outer loop
      vertex 24.2755 -22.9461 0
      vertex 24.2922 -23.2 0
      vertex 23.35 -23.2 1.55
    endloop
  endfacet
  facet normal -0.377911 0.766937 -0.518643
    outer loop
      vertex 22.692 -25.5948 0
      vertex 22.525 -24.6289 1.55
      vertex 22.7679 -25.5574 0
    endloop
  endfacet
  facet normal -0.378252 0.766802 -0.518595
    outer loop
      vertex 22.525 -24.6289 1.55
      vertex 22.692 -25.5948 0
      vertex 22.3314 -24.7244 1.55
    endloop
  endfacet
  facet normal -0.378252 -0.766802 -0.518595
    outer loop
      vertex 22.692 -20.8052 0
      vertex 22.525 -21.7711 1.55
      vertex 22.3314 -21.6756 1.55
    endloop
  endfacet
  facet normal -0.377911 -0.766937 -0.518643
    outer loop
      vertex 22.525 -21.7711 1.55
      vertex 22.692 -20.8052 0
      vertex 22.7679 -20.8426 0
    endloop
  endfacet
  facet normal 0.474746 -0.711109 -0.518594
    outer loop
      vertex 20.1924 -21.0965 0
      vertex 20.6955 -21.891 1.55
      vertex 20.122 -21.1435 0
    endloop
  endfacet
  facet normal 0.47492 -0.710994 -0.518592
    outer loop
      vertex 20.6955 -21.891 1.55
      vertex 20.1924 -21.0965 0
      vertex 20.875 -21.7711 1.55
    endloop
  endfacet
  facet normal -0.838559 -0.166973 -0.518593
    outer loop
      vertex 24.2203 -22.6121 0
      vertex 24.27 -22.8617 0
      vertex 23.3359 -22.9846 1.55
    endloop
  endfacet
  facet normal 0.47492 0.710994 -0.518592
    outer loop
      vertex 20.1924 -25.3035 0
      vertex 20.6955 -24.509 1.55
      vertex 20.875 -24.6289 1.55
    endloop
  endfacet
  facet normal 0.474746 0.711109 -0.518594
    outer loop
      vertex 20.6955 -24.509 1.55
      vertex 20.1924 -25.3035 0
      vertex 20.122 -25.2565 0
    endloop
  endfacet
  facet normal 0.166714 -0.838622 -0.518575
    outer loop
      vertex 21.1121 -20.6797 0
      vertex 21.2729 -21.6062 1.55
      vertex 21.0291 -20.6962 0
    endloop
  endfacet
  facet normal 0.166771 -0.838611 -0.518574
    outer loop
      vertex 21.2729 -21.6062 1.55
      vertex 21.1121 -20.6797 0
      vertex 21.4846 -21.5641 1.55
    endloop
  endfacet
  facet normal -0.563816 0.642778 -0.518602
    outer loop
      vertex 23.5329 -25.0329 0
      vertex 23.3416 -25.2007 0
      vertex 22.8667 -24.3667 1.55
    endloop
  endfacet
  facet normal 0.766937 -0.377911 -0.518643
    outer loop
      vertex 20.2711 -22.375 1.55
      vertex 19.3052 -22.208 0
      vertex 19.3426 -22.1321 0
    endloop
  endfacet
  facet normal 0.766802 -0.378252 -0.518595
    outer loop
      vertex 19.3052 -22.208 0
      vertex 20.2711 -22.375 1.55
      vertex 20.1756 -22.5686 1.55
    endloop
  endfacet
  facet normal 0.563816 -0.642778 -0.518602
    outer loop
      vertex 20.0584 -21.1993 0
      vertex 20.5333 -22.0333 1.55
      vertex 19.8671 -21.3671 0
    endloop
  endfacet
  facet normal -0.274812 0.809654 -0.518593
    outer loop
      vertex 22.692 -25.5948 0
      vertex 22.451 -25.6766 0
      vertex 22.3314 -24.7244 1.55
    endloop
  endfacet
  facet normal 0.056116 0.853165 -0.518614
    outer loop
      vertex 21.7 -24.85 1.55
      vertex 21.7 -25.7922 0
      vertex 21.4461 -25.7755 0
    endloop
  endfacet
  facet normal -0.766802 0.378252 -0.518595
    outer loop
      vertex 24.0948 -24.192 0
      vertex 23.1289 -24.025 1.55
      vertex 23.2244 -23.8314 1.55
    endloop
  endfacet
  facet normal -0.766937 0.377911 -0.518643
    outer loop
      vertex 23.1289 -24.025 1.55
      vertex 24.0948 -24.192 0
      vertex 24.0574 -24.2679 0
    endloop
  endfacet
  facet normal -0.853165 0.056116 -0.518614
    outer loop
      vertex 24.2922 -23.2 0
      vertex 24.2755 -23.4539 0
      vertex 23.35 -23.2 1.55
    endloop
  endfacet
  facet normal 0.809654 -0.274812 -0.518593
    outer loop
      vertex 19.3052 -22.208 0
      vertex 20.1756 -22.5686 1.55
      vertex 19.2234 -22.449 0
    endloop
  endfacet
  facet normal 0.642778 0.563816 -0.518602
    outer loop
      vertex 20.5333 -24.3667 1.55
      vertex 19.8671 -25.0329 0
      vertex 19.6993 -24.8416 0
    endloop
  endfacet
  facet normal -0.4752 -0.710784 -0.518624
    outer loop
      vertex 22.9961 -20.9551 0
      vertex 23.2076 -21.0965 0
      vertex 22.525 -21.7711 1.55
    endloop
  endfacet
  facet normal -0.166714 0.838622 -0.518575
    outer loop
      vertex 22.2879 -25.7203 0
      vertex 22.1271 -24.7938 1.55
      vertex 22.3709 -25.7038 0
    endloop
  endfacet
  facet normal -0.166771 0.838611 -0.518574
    outer loop
      vertex 22.1271 -24.7938 1.55
      vertex 22.2879 -25.7203 0
      vertex 21.9154 -24.8359 1.55
    endloop
  endfacet
  facet normal 0.166973 0.838559 -0.518593
    outer loop
      vertex 21.4846 -24.8359 1.55
      vertex 21.3617 -25.77 0
      vertex 21.1121 -25.7203 0
    endloop
  endfacet
  facet normal 0.563893 -0.642717 -0.518593
    outer loop
      vertex 20.122 -21.1435 0
      vertex 20.5333 -22.0333 1.55
      vertex 20.0584 -21.1993 0
    endloop
  endfacet
  facet normal 0.563875 -0.642731 -0.518596
    outer loop
      vertex 20.5333 -22.0333 1.55
      vertex 20.122 -21.1435 0
      vertex 20.6955 -21.891 1.55
    endloop
  endfacet
  facet normal 0.166771 0.838611 -0.518574
    outer loop
      vertex 21.1121 -25.7203 0
      vertex 21.2729 -24.7938 1.55
      vertex 21.4846 -24.8359 1.55
    endloop
  endfacet
  facet normal 0.166714 0.838622 -0.518575
    outer loop
      vertex 21.2729 -24.7938 1.55
      vertex 21.1121 -25.7203 0
      vertex 21.0291 -25.7038 0
    endloop
  endfacet
  facet normal 0.766874 -0.37806 -0.518628
    outer loop
      vertex 19.4551 -21.9039 0
      vertex 20.2711 -22.375 1.55
      vertex 19.3426 -22.1321 0
    endloop
  endfacet
  facet normal -0.056116 0.853165 -0.518614
    outer loop
      vertex 21.7 -24.85 1.55
      vertex 21.9539 -25.7755 0
      vertex 21.7 -25.7922 0
    endloop
  endfacet
  facet normal -0.166771 -0.838611 -0.518574
    outer loop
      vertex 22.2879 -20.6797 0
      vertex 22.1271 -21.6062 1.55
      vertex 21.9154 -21.5641 1.55
    endloop
  endfacet
  facet normal -0.166714 -0.838622 -0.518575
    outer loop
      vertex 22.1271 -21.6062 1.55
      vertex 22.2879 -20.6797 0
      vertex 22.3709 -20.6962 0
    endloop
  endfacet
  facet normal 0.274812 0.809654 -0.518593
    outer loop
      vertex 21.0686 -24.7244 1.55
      vertex 20.949 -25.6766 0
      vertex 20.708 -25.5948 0
    endloop
  endfacet
  facet normal -0.711109 -0.474746 -0.518594
    outer loop
      vertex 23.8035 -21.6924 0
      vertex 23.009 -22.1955 1.55
      vertex 23.7565 -21.622 0
    endloop
  endfacet
  facet normal -0.710994 -0.47492 -0.518592
    outer loop
      vertex 23.009 -22.1955 1.55
      vertex 23.8035 -21.6924 0
      vertex 23.1289 -22.375 1.55
    endloop
  endfacet
  facet normal -0.056116 -0.853165 -0.518614
    outer loop
      vertex 21.7 -20.6078 0
      vertex 21.9539 -20.6245 0
      vertex 21.7 -21.55 1.55
    endloop
  endfacet
  facet normal -0.563893 0.642717 -0.518593
    outer loop
      vertex 23.278 -25.2565 0
      vertex 22.8667 -24.3667 1.55
      vertex 23.3416 -25.2007 0
    endloop
  endfacet
  facet normal -0.563875 0.642731 -0.518596
    outer loop
      vertex 22.8667 -24.3667 1.55
      vertex 23.278 -25.2565 0
      vertex 22.7045 -24.509 1.55
    endloop
  endfacet
  facet normal 0.809621 -0.274928 -0.518583
    outer loop
      vertex 20.1756 -22.5686 1.55
      vertex 19.1962 -22.5291 0
      vertex 19.2234 -22.449 0
    endloop
  endfacet
  facet normal 0.809599 -0.275018 -0.51857
    outer loop
      vertex 19.1962 -22.5291 0
      vertex 20.1756 -22.5686 1.55
      vertex 20.1062 -22.7729 1.55
    endloop
  endfacet
  facet normal 0.838622 -0.166714 -0.518575
    outer loop
      vertex 20.1062 -22.7729 1.55
      vertex 19.1797 -22.6121 0
      vertex 19.1962 -22.5291 0
    endloop
  endfacet
  facet normal 0.838611 -0.166771 -0.518574
    outer loop
      vertex 19.1797 -22.6121 0
      vertex 20.1062 -22.7729 1.55
      vertex 20.0641 -22.9846 1.55
    endloop
  endfacet
  facet normal -0.710784 0.4752 -0.518624
    outer loop
      vertex 23.9449 -24.4961 0
      vertex 23.8035 -24.7076 0
      vertex 23.1289 -24.025 1.55
    endloop
  endfacet
  facet normal 0.642778 -0.563816 -0.518602
    outer loop
      vertex 19.8671 -21.3671 0
      vertex 20.5333 -22.0333 1.55
      vertex 19.6993 -21.5584 0
    endloop
  endfacet
  facet normal 0.642717 -0.563893 -0.518593
    outer loop
      vertex 20.5333 -22.0333 1.55
      vertex 19.6435 -21.622 0
      vertex 19.6993 -21.5584 0
    endloop
  endfacet
  facet normal 0.642731 -0.563875 -0.518596
    outer loop
      vertex 19.6435 -21.622 0
      vertex 20.5333 -22.0333 1.55
      vertex 20.391 -22.1955 1.55
    endloop
  endfacet
  facet normal -0.766874 0.37806 -0.518628
    outer loop
      vertex 24.0574 -24.2679 0
      vertex 23.9449 -24.4961 0
      vertex 23.1289 -24.025 1.55
    endloop
  endfacet
  facet normal -0.37806 -0.766874 -0.518628
    outer loop
      vertex 22.7679 -20.8426 0
      vertex 22.9961 -20.9551 0
      vertex 22.525 -21.7711 1.55
    endloop
  endfacet
  facet normal 0.37806 0.766874 -0.518628
    outer loop
      vertex 20.875 -24.6289 1.55
      vertex 20.6321 -25.5574 0
      vertex 20.4039 -25.4449 0
    endloop
  endfacet
  facet normal 0.563816 0.642778 -0.518602
    outer loop
      vertex 20.5333 -24.3667 1.55
      vertex 20.0584 -25.2007 0
      vertex 19.8671 -25.0329 0
    endloop
  endfacet
  facet normal 0.4752 -0.710784 -0.518624
    outer loop
      vertex 20.4039 -20.9551 0
      vertex 20.875 -21.7711 1.55
      vertex 20.1924 -21.0965 0
    endloop
  endfacet
  facet normal -0.766874 -0.37806 -0.518628
    outer loop
      vertex 23.9449 -21.9039 0
      vertex 24.0574 -22.1321 0
      vertex 23.1289 -22.375 1.55
    endloop
  endfacet
  facet normal 0.853197 0.05585 -0.51859
    outer loop
      vertex 20.0641 -23.4154 1.55
      vertex 19.1245 -23.4539 0
      vertex 20.05 -23.2 1.55
    endloop
  endfacet
  facet normal 0.853212 0.0556003 -0.518593
    outer loop
      vertex 19.1245 -23.4539 0
      vertex 20.0641 -23.4154 1.55
      vertex 19.13 -23.5383 0
    endloop
  endfacet
  facet normal 0.166973 -0.838559 -0.518593
    outer loop
      vertex 21.3617 -20.63 0
      vertex 21.4846 -21.5641 1.55
      vertex 21.1121 -20.6797 0
    endloop
  endfacet
  facet normal 0.711109 -0.474746 -0.518594
    outer loop
      vertex 20.391 -22.1955 1.55
      vertex 19.5965 -21.6924 0
      vertex 19.6435 -21.622 0
    endloop
  endfacet
  facet normal 0.710994 -0.47492 -0.518592
    outer loop
      vertex 19.5965 -21.6924 0
      vertex 20.391 -22.1955 1.55
      vertex 20.2711 -22.375 1.55
    endloop
  endfacet
  facet normal -0.05585 -0.853197 -0.51859
    outer loop
      vertex 21.9539 -20.6245 0
      vertex 21.9154 -21.5641 1.55
      vertex 21.7 -21.55 1.55
    endloop
  endfacet
  facet normal -0.0556003 -0.853212 -0.518593
    outer loop
      vertex 21.9154 -21.5641 1.55
      vertex 21.9539 -20.6245 0
      vertex 22.0383 -20.63 0
    endloop
  endfacet
  facet normal -0.166973 -0.838559 -0.518593
    outer loop
      vertex 22.0383 -20.63 0
      vertex 22.2879 -20.6797 0
      vertex 21.9154 -21.5641 1.55
    endloop
  endfacet
  facet normal 0.378252 0.766802 -0.518595
    outer loop
      vertex 20.708 -25.5948 0
      vertex 20.875 -24.6289 1.55
      vertex 21.0686 -24.7244 1.55
    endloop
  endfacet
  facet normal 0.377911 0.766937 -0.518643
    outer loop
      vertex 20.875 -24.6289 1.55
      vertex 20.708 -25.5948 0
      vertex 20.6321 -25.5574 0
    endloop
  endfacet
  facet normal -0.642778 0.563816 -0.518602
    outer loop
      vertex 23.7007 -24.8416 0
      vertex 23.5329 -25.0329 0
      vertex 22.8667 -24.3667 1.55
    endloop
  endfacet
  facet normal 0.056116 -0.853165 -0.518614
    outer loop
      vertex 21.7 -20.6078 0
      vertex 21.7 -21.55 1.55
      vertex 21.4461 -20.6245 0
    endloop
  endfacet
  facet normal 0.37806 -0.766874 -0.518628
    outer loop
      vertex 20.6321 -20.8426 0
      vertex 20.875 -21.7711 1.55
      vertex 20.4039 -20.9551 0
    endloop
  endfacet
  facet normal -0.166973 0.838559 -0.518593
    outer loop
      vertex 22.2879 -25.7203 0
      vertex 22.0383 -25.77 0
      vertex 21.9154 -24.8359 1.55
    endloop
  endfacet
  facet normal 0.853165 -0.056116 -0.518614
    outer loop
      vertex 19.1245 -22.9461 0
      vertex 20.05 -23.2 1.55
      vertex 19.1078 -23.2 0
    endloop
  endfacet
  facet normal -0.809654 0.274812 -0.518593
    outer loop
      vertex 24.1766 -23.951 0
      vertex 24.0948 -24.192 0
      vertex 23.2244 -23.8314 1.55
    endloop
  endfacet
  facet normal -0.710994 0.47492 -0.518592
    outer loop
      vertex 23.8035 -24.7076 0
      vertex 23.009 -24.2045 1.55
      vertex 23.1289 -24.025 1.55
    endloop
  endfacet
  facet normal -0.711109 0.474746 -0.518594
    outer loop
      vertex 23.009 -24.2045 1.55
      vertex 23.8035 -24.7076 0
      vertex 23.7565 -24.778 0
    endloop
  endfacet
  facet normal 0.0556003 -0.853212 -0.518593
    outer loop
      vertex 21.4461 -20.6245 0
      vertex 21.4846 -21.5641 1.55
      vertex 21.3617 -20.63 0
    endloop
  endfacet
  facet normal 0.05585 -0.853197 -0.51859
    outer loop
      vertex 21.4846 -21.5641 1.55
      vertex 21.4461 -20.6245 0
      vertex 21.7 -21.55 1.55
    endloop
  endfacet
  facet normal -0.710784 -0.4752 -0.518624
    outer loop
      vertex 23.8035 -21.6924 0
      vertex 23.9449 -21.9039 0
      vertex 23.1289 -22.375 1.55
    endloop
  endfacet
  facet normal 0.274812 -0.809654 -0.518593
    outer loop
      vertex 20.949 -20.7234 0
      vertex 21.0686 -21.6756 1.55
      vertex 20.708 -20.8052 0
    endloop
  endfacet
  facet normal -0.275018 -0.809599 -0.51857
    outer loop
      vertex 22.3709 -20.6962 0
      vertex 22.3314 -21.6756 1.55
      vertex 22.1271 -21.6062 1.55
    endloop
  endfacet
  facet normal -0.274928 -0.809621 -0.518583
    outer loop
      vertex 22.3314 -21.6756 1.55
      vertex 22.3709 -20.6962 0
      vertex 22.451 -20.7234 0
    endloop
  endfacet
  facet normal -0.47492 -0.710994 -0.518592
    outer loop
      vertex 23.2076 -21.0965 0
      vertex 22.7045 -21.891 1.55
      vertex 22.525 -21.7711 1.55
    endloop
  endfacet
  facet normal -0.474746 -0.711109 -0.518594
    outer loop
      vertex 22.7045 -21.891 1.55
      vertex 23.2076 -21.0965 0
      vertex 23.278 -21.1435 0
    endloop
  endfacet
  facet normal -0.766937 -0.377911 -0.518643
    outer loop
      vertex 24.0948 -22.208 0
      vertex 23.1289 -22.375 1.55
      vertex 24.0574 -22.1321 0
    endloop
  endfacet
  facet normal -0.766802 -0.378252 -0.518595
    outer loop
      vertex 23.1289 -22.375 1.55
      vertex 24.0948 -22.208 0
      vertex 23.2244 -22.5686 1.55
    endloop
  endfacet
  facet normal -0.274812 -0.809654 -0.518593
    outer loop
      vertex 22.451 -20.7234 0
      vertex 22.692 -20.8052 0
      vertex 22.3314 -21.6756 1.55
    endloop
  endfacet
  facet normal 0.563875 0.642731 -0.518596
    outer loop
      vertex 20.122 -25.2565 0
      vertex 20.5333 -24.3667 1.55
      vertex 20.6955 -24.509 1.55
    endloop
  endfacet
  facet normal 0.563893 0.642717 -0.518593
    outer loop
      vertex 20.5333 -24.3667 1.55
      vertex 20.122 -25.2565 0
      vertex 20.0584 -25.2007 0
    endloop
  endfacet
  facet normal 0.377911 -0.766937 -0.518643
    outer loop
      vertex 20.708 -20.8052 0
      vertex 20.875 -21.7711 1.55
      vertex 20.6321 -20.8426 0
    endloop
  endfacet
  facet normal 0.378252 -0.766802 -0.518595
    outer loop
      vertex 20.875 -21.7711 1.55
      vertex 20.708 -20.8052 0
      vertex 21.0686 -21.6756 1.55
    endloop
  endfacet
  facet normal 0.05585 0.853197 -0.51859
    outer loop
      vertex 21.4461 -25.7755 0
      vertex 21.4846 -24.8359 1.55
      vertex 21.7 -24.85 1.55
    endloop
  endfacet
  facet normal 0.0556003 0.853212 -0.518593
    outer loop
      vertex 21.4846 -24.8359 1.55
      vertex 21.4461 -25.7755 0
      vertex 21.3617 -25.77 0
    endloop
  endfacet
  facet normal 0.853165 0.056116 -0.518614
    outer loop
      vertex 20.05 -23.2 1.55
      vertex 19.1245 -23.4539 0
      vertex 19.1078 -23.2 0
    endloop
  endfacet
  facet normal 0.4752 0.710784 -0.518624
    outer loop
      vertex 20.875 -24.6289 1.55
      vertex 20.4039 -25.4449 0
      vertex 20.1924 -25.3035 0
    endloop
  endfacet
  facet normal 0.710784 0.4752 -0.518624
    outer loop
      vertex 20.2711 -24.025 1.55
      vertex 19.5965 -24.7076 0
      vertex 19.4551 -24.4961 0
    endloop
  endfacet
  facet normal -0.838622 -0.166714 -0.518575
    outer loop
      vertex 24.2203 -22.6121 0
      vertex 23.2938 -22.7729 1.55
      vertex 24.2038 -22.5291 0
    endloop
  endfacet
  facet normal -0.838611 -0.166771 -0.518574
    outer loop
      vertex 23.2938 -22.7729 1.55
      vertex 24.2203 -22.6121 0
      vertex 23.3359 -22.9846 1.55
    endloop
  endfacet
  facet normal 0.809654 0.274812 -0.518593
    outer loop
      vertex 20.1756 -23.8314 1.55
      vertex 19.3052 -24.192 0
      vertex 19.2234 -23.951 0
    endloop
  endfacet
  facet normal -0.642778 -0.563816 -0.518602
    outer loop
      vertex 23.5329 -21.3671 0
      vertex 23.7007 -21.5584 0
      vertex 22.8667 -22.0333 1.55
    endloop
  endfacet
  facet normal -0.563816 -0.642778 -0.518602
    outer loop
      vertex 23.3416 -21.1993 0
      vertex 23.5329 -21.3671 0
      vertex 22.8667 -22.0333 1.55
    endloop
  endfacet
  facet normal -0.4752 0.710784 -0.518624
    outer loop
      vertex 23.2076 -25.3035 0
      vertex 22.9961 -25.4449 0
      vertex 22.525 -24.6289 1.55
    endloop
  endfacet
  facet normal -0.853212 -0.0556003 -0.518593
    outer loop
      vertex 24.2755 -22.9461 0
      vertex 23.3359 -22.9846 1.55
      vertex 24.27 -22.8617 0
    endloop
  endfacet
  facet normal -0.853197 -0.05585 -0.51859
    outer loop
      vertex 23.3359 -22.9846 1.55
      vertex 24.2755 -22.9461 0
      vertex 23.35 -23.2 1.55
    endloop
  endfacet
  facet normal -0.809654 -0.274812 -0.518593
    outer loop
      vertex 24.0948 -22.208 0
      vertex 24.1766 -22.449 0
      vertex 23.2244 -22.5686 1.55
    endloop
  endfacet
  facet normal 0.710784 -0.4752 -0.518624
    outer loop
      vertex 19.5965 -21.6924 0
      vertex 20.2711 -22.375 1.55
      vertex 19.4551 -21.9039 0
    endloop
  endfacet
  facet normal -0.642731 0.563875 -0.518596
    outer loop
      vertex 23.7565 -24.778 0
      vertex 22.8667 -24.3667 1.55
      vertex 23.009 -24.2045 1.55
    endloop
  endfacet
  facet normal -0.642717 0.563893 -0.518593
    outer loop
      vertex 22.8667 -24.3667 1.55
      vertex 23.7565 -24.778 0
      vertex 23.7007 -24.8416 0
    endloop
  endfacet
  facet normal -0.838559 0.166973 -0.518593
    outer loop
      vertex 24.27 -23.5383 0
      vertex 24.2203 -23.7879 0
      vertex 23.3359 -23.4154 1.55
    endloop
  endfacet
  facet normal -0.853197 0.05585 -0.51859
    outer loop
      vertex 24.2755 -23.4539 0
      vertex 23.3359 -23.4154 1.55
      vertex 23.35 -23.2 1.55
    endloop
  endfacet
  facet normal -0.853212 0.0556003 -0.518593
    outer loop
      vertex 23.3359 -23.4154 1.55
      vertex 24.2755 -23.4539 0
      vertex 24.27 -23.5383 0
    endloop
  endfacet
  facet normal 0.766802 0.378252 -0.518595
    outer loop
      vertex 20.2711 -24.025 1.55
      vertex 19.3052 -24.192 0
      vertex 20.1756 -23.8314 1.55
    endloop
  endfacet
  facet normal 0.766937 0.377911 -0.518643
    outer loop
      vertex 19.3052 -24.192 0
      vertex 20.2711 -24.025 1.55
      vertex 19.3426 -24.2679 0
    endloop
  endfacet
  facet normal 0.642731 0.563875 -0.518596
    outer loop
      vertex 20.5333 -24.3667 1.55
      vertex 19.6435 -24.778 0
      vertex 20.391 -24.2045 1.55
    endloop
  endfacet
  facet normal 0.642717 0.563893 -0.518593
    outer loop
      vertex 19.6435 -24.778 0
      vertex 20.5333 -24.3667 1.55
      vertex 19.6993 -24.8416 0
    endloop
  endfacet
  facet normal -0.809621 -0.274928 -0.518583
    outer loop
      vertex 24.2038 -22.5291 0
      vertex 23.2244 -22.5686 1.55
      vertex 24.1766 -22.449 0
    endloop
  endfacet
  facet normal -0.809599 -0.275018 -0.51857
    outer loop
      vertex 23.2244 -22.5686 1.55
      vertex 24.2038 -22.5291 0
      vertex 23.2938 -22.7729 1.55
    endloop
  endfacet
  facet normal -0.563875 -0.642731 -0.518596
    outer loop
      vertex 23.278 -21.1435 0
      vertex 22.8667 -22.0333 1.55
      vertex 22.7045 -21.891 1.55
    endloop
  endfacet
  facet normal -0.563893 -0.642717 -0.518593
    outer loop
      vertex 22.8667 -22.0333 1.55
      vertex 23.278 -21.1435 0
      vertex 23.3416 -21.1993 0
    endloop
  endfacet
  facet normal -0.0556003 0.853212 -0.518593
    outer loop
      vertex 21.9539 -25.7755 0
      vertex 21.9154 -24.8359 1.55
      vertex 22.0383 -25.77 0
    endloop
  endfacet
  facet normal -0.05585 0.853197 -0.51859
    outer loop
      vertex 21.9154 -24.8359 1.55
      vertex 21.9539 -25.7755 0
      vertex 21.7 -24.85 1.55
    endloop
  endfacet
  facet normal 0.838559 -0.166973 -0.518593
    outer loop
      vertex 19.1797 -22.6121 0
      vertex 20.0641 -22.9846 1.55
      vertex 19.13 -22.8617 0
    endloop
  endfacet
  facet normal 0.853212 -0.0556003 -0.518593
    outer loop
      vertex 20.0641 -22.9846 1.55
      vertex 19.1245 -22.9461 0
      vertex 19.13 -22.8617 0
    endloop
  endfacet
  facet normal 0.853197 -0.05585 -0.51859
    outer loop
      vertex 19.1245 -22.9461 0
      vertex 20.0641 -22.9846 1.55
      vertex 20.05 -23.2 1.55
    endloop
  endfacet
  facet normal 0.766874 0.37806 -0.518628
    outer loop
      vertex 20.2711 -24.025 1.55
      vertex 19.4551 -24.4961 0
      vertex 19.3426 -24.2679 0
    endloop
  endfacet
  facet normal 0.274928 -0.809621 -0.518583
    outer loop
      vertex 21.0291 -20.6962 0
      vertex 21.0686 -21.6756 1.55
      vertex 20.949 -20.7234 0
    endloop
  endfacet
  facet normal 0.275018 -0.809599 -0.51857
    outer loop
      vertex 21.0686 -21.6756 1.55
      vertex 21.0291 -20.6962 0
      vertex 21.2729 -21.6062 1.55
    endloop
  endfacet
  facet normal -0.474746 0.711109 -0.518594
    outer loop
      vertex 23.2076 -25.3035 0
      vertex 22.7045 -24.509 1.55
      vertex 23.278 -25.2565 0
    endloop
  endfacet
  facet normal -0.47492 0.710994 -0.518592
    outer loop
      vertex 22.7045 -24.509 1.55
      vertex 23.2076 -25.3035 0
      vertex 22.525 -24.6289 1.55
    endloop
  endfacet
  facet normal 0.710994 0.47492 -0.518592
    outer loop
      vertex 20.391 -24.2045 1.55
      vertex 19.5965 -24.7076 0
      vertex 20.2711 -24.025 1.55
    endloop
  endfacet
  facet normal 0.711109 0.474746 -0.518594
    outer loop
      vertex 19.5965 -24.7076 0
      vertex 20.391 -24.2045 1.55
      vertex 19.6435 -24.778 0
    endloop
  endfacet
  facet normal -0.809599 0.275018 -0.51857
    outer loop
      vertex 24.2038 -23.8709 0
      vertex 23.2244 -23.8314 1.55
      vertex 23.2938 -23.6271 1.55
    endloop
  endfacet
  facet normal -0.809621 0.274928 -0.518583
    outer loop
      vertex 23.2244 -23.8314 1.55
      vertex 24.2038 -23.8709 0
      vertex 24.1766 -23.951 0
    endloop
  endfacet
  facet normal -0.274928 0.809621 -0.518583
    outer loop
      vertex 22.3709 -25.7038 0
      vertex 22.3314 -24.7244 1.55
      vertex 22.451 -25.6766 0
    endloop
  endfacet
  facet normal -0.275018 0.809599 -0.51857
    outer loop
      vertex 22.3314 -24.7244 1.55
      vertex 22.3709 -25.7038 0
      vertex 22.1271 -24.7938 1.55
    endloop
  endfacet
  facet normal -0.642717 -0.563893 -0.518593
    outer loop
      vertex 23.7565 -21.622 0
      vertex 22.8667 -22.0333 1.55
      vertex 23.7007 -21.5584 0
    endloop
  endfacet
  facet normal -0.642731 -0.563875 -0.518596
    outer loop
      vertex 22.8667 -22.0333 1.55
      vertex 23.7565 -21.622 0
      vertex 23.009 -22.1955 1.55
    endloop
  endfacet
  facet normal -0.37806 0.766874 -0.518628
    outer loop
      vertex 22.9961 -25.4449 0
      vertex 22.7679 -25.5574 0
      vertex 22.525 -24.6289 1.55
    endloop
  endfacet
  facet normal 0.809599 0.275018 -0.51857
    outer loop
      vertex 20.1756 -23.8314 1.55
      vertex 19.1962 -23.8709 0
      vertex 20.1062 -23.6271 1.55
    endloop
  endfacet
  facet normal 0.809621 0.274928 -0.518583
    outer loop
      vertex 19.1962 -23.8709 0
      vertex 20.1756 -23.8314 1.55
      vertex 19.2234 -23.951 0
    endloop
  endfacet
  facet normal 0.838611 0.166771 -0.518574
    outer loop
      vertex 20.1062 -23.6271 1.55
      vertex 19.1797 -23.7879 0
      vertex 20.0641 -23.4154 1.55
    endloop
  endfacet
  facet normal 0.838622 0.166714 -0.518575
    outer loop
      vertex 19.1797 -23.7879 0
      vertex 20.1062 -23.6271 1.55
      vertex 19.1962 -23.8709 0
    endloop
  endfacet
  facet normal -0.838611 0.166771 -0.518574
    outer loop
      vertex 24.2203 -23.7879 0
      vertex 23.2938 -23.6271 1.55
      vertex 23.3359 -23.4154 1.55
    endloop
  endfacet
  facet normal -0.838622 0.166714 -0.518575
    outer loop
      vertex 23.2938 -23.6271 1.55
      vertex 24.2203 -23.7879 0
      vertex 24.2038 -23.8709 0
    endloop
  endfacet
  facet normal 0.838559 0.166973 -0.518593
    outer loop
      vertex 20.0641 -23.4154 1.55
      vertex 19.1797 -23.7879 0
      vertex 19.13 -23.5383 0
    endloop
  endfacet
  facet normal 0.275018 0.809599 -0.51857
    outer loop
      vertex 21.0291 -25.7038 0
      vertex 21.0686 -24.7244 1.55
      vertex 21.2729 -24.7938 1.55
    endloop
  endfacet
  facet normal 0.274928 0.809621 -0.518583
    outer loop
      vertex 21.0686 -24.7244 1.55
      vertex 21.0291 -25.7038 0
      vertex 20.949 -25.6766 0
    endloop
  endfacet
  facet normal -0.0653198 0.997864 0
    outer loop
      vertex 21.9154 21.5641 1.55
      vertex 21.7 21.55 2
      vertex 21.9154 21.5641 2
    endloop
  endfacet
  facet normal -0.0653198 0.997864 0
    outer loop
      vertex 21.7 21.55 2
      vertex 21.9154 21.5641 1.55
      vertex 21.7 21.55 1.55
    endloop
  endfacet
  facet normal -0.980794 -0.195047 0
    outer loop
      vertex 23.3359 23.4154 1.55
      vertex 23.2938 23.6271 2
      vertex 23.2938 23.6271 1.55
    endloop
  endfacet
  facet normal -0.980794 -0.195047 0
    outer loop
      vertex 23.2938 23.6271 2
      vertex 23.3359 23.4154 1.55
      vertex 23.3359 23.4154 2
    endloop
  endfacet
  facet normal -0.997864 -0.0653198 0
    outer loop
      vertex 23.35 23.2 1.55
      vertex 23.3359 23.4154 2
      vertex 23.3359 23.4154 1.55
    endloop
  endfacet
  facet normal -0.997864 -0.0653198 0
    outer loop
      vertex 23.3359 23.4154 2
      vertex 23.35 23.2 1.55
      vertex 23.35 23.2 2
    endloop
  endfacet
  facet normal -0.94686 -0.321645 0
    outer loop
      vertex 23.2938 23.6271 1.55
      vertex 23.2244 23.8314 2
      vertex 23.2244 23.8314 1.55
    endloop
  endfacet
  facet normal -0.94686 -0.321645 0
    outer loop
      vertex 23.2244 23.8314 2
      vertex 23.2938 23.6271 1.55
      vertex 23.2938 23.6271 2
    endloop
  endfacet
  facet normal -0.321645 -0.94686 0
    outer loop
      vertex 22.1271 24.7938 1.55
      vertex 22.3314 24.7244 2
      vertex 22.1271 24.7938 2
    endloop
  endfacet
  facet normal -0.321645 -0.94686 -0
    outer loop
      vertex 22.3314 24.7244 2
      vertex 22.1271 24.7938 1.55
      vertex 22.3314 24.7244 1.55
    endloop
  endfacet
  facet normal -0.0653198 -0.997864 0
    outer loop
      vertex 21.7 24.85 1.55
      vertex 21.9154 24.8359 2
      vertex 21.7 24.85 2
    endloop
  endfacet
  facet normal -0.0653198 -0.997864 -0
    outer loop
      vertex 21.9154 24.8359 2
      vertex 21.7 24.85 1.55
      vertex 21.9154 24.8359 1.55
    endloop
  endfacet
  facet normal 0.659488 0.751715 -0
    outer loop
      vertex 20.6955 21.891 1.55
      vertex 20.5333 22.0333 2
      vertex 20.6955 21.891 2
    endloop
  endfacet
  facet normal 0.659488 0.751715 0
    outer loop
      vertex 20.5333 22.0333 2
      vertex 20.6955 21.891 1.55
      vertex 20.5333 22.0333 1.55
    endloop
  endfacet
  facet normal 0.997864 0.0653198 0
    outer loop
      vertex 20.0641 22.9846 2
      vertex 20.05 23.2 1.55
      vertex 20.05 23.2 2
    endloop
  endfacet
  facet normal 0.997864 0.0653198 0
    outer loop
      vertex 20.05 23.2 1.55
      vertex 20.0641 22.9846 2
      vertex 20.0641 22.9846 1.55
    endloop
  endfacet
  facet normal 0.659488 -0.751715 0
    outer loop
      vertex 20.5333 24.3667 1.55
      vertex 20.6955 24.509 2
      vertex 20.5333 24.3667 2
    endloop
  endfacet
  facet normal 0.659488 -0.751715 0
    outer loop
      vertex 20.6955 24.509 2
      vertex 20.5333 24.3667 1.55
      vertex 20.6955 24.509 1.55
    endloop
  endfacet
  facet normal -0.751715 -0.659488 0
    outer loop
      vertex 23.009 24.2045 1.55
      vertex 22.8667 24.3667 2
      vertex 22.8667 24.3667 1.55
    endloop
  endfacet
  facet normal -0.751715 -0.659488 0
    outer loop
      vertex 22.8667 24.3667 2
      vertex 23.009 24.2045 1.55
      vertex 23.009 24.2045 2
    endloop
  endfacet
  facet normal -0.997864 0.0653198 0
    outer loop
      vertex 23.3359 22.9846 1.55
      vertex 23.35 23.2 2
      vertex 23.35 23.2 1.55
    endloop
  endfacet
  facet normal -0.997864 0.0653198 0
    outer loop
      vertex 23.35 23.2 2
      vertex 23.3359 22.9846 1.55
      vertex 23.3359 22.9846 2
    endloop
  endfacet
  facet normal -0.442389 -0.896823 0
    outer loop
      vertex 22.3314 24.7244 1.55
      vertex 22.525 24.6289 2
      vertex 22.3314 24.7244 2
    endloop
  endfacet
  facet normal -0.442389 -0.896823 -0
    outer loop
      vertex 22.525 24.6289 2
      vertex 22.3314 24.7244 1.55
      vertex 22.525 24.6289 1.55
    endloop
  endfacet
  facet normal -0.896823 0.442389 0
    outer loop
      vertex 23.1289 22.375 1.55
      vertex 23.2244 22.5686 2
      vertex 23.2244 22.5686 1.55
    endloop
  endfacet
  facet normal -0.896823 0.442389 0
    outer loop
      vertex 23.2244 22.5686 2
      vertex 23.1289 22.375 1.55
      vertex 23.1289 22.375 2
    endloop
  endfacet
  facet normal 0.321645 0.94686 -0
    outer loop
      vertex 21.2729 21.6062 1.55
      vertex 21.0686 21.6756 2
      vertex 21.2729 21.6062 2
    endloop
  endfacet
  facet normal 0.321645 0.94686 0
    outer loop
      vertex 21.0686 21.6756 2
      vertex 21.2729 21.6062 1.55
      vertex 21.0686 21.6756 1.55
    endloop
  endfacet
  facet normal -0.831551 -0.555448 0
    outer loop
      vertex 23.1289 24.025 1.55
      vertex 23.009 24.2045 2
      vertex 23.009 24.2045 1.55
    endloop
  endfacet
  facet normal -0.831551 -0.555448 0
    outer loop
      vertex 23.009 24.2045 2
      vertex 23.1289 24.025 1.55
      vertex 23.1289 24.025 2
    endloop
  endfacet
  facet normal -0.896823 -0.442389 0
    outer loop
      vertex 23.2244 23.8314 1.55
      vertex 23.1289 24.025 2
      vertex 23.1289 24.025 1.55
    endloop
  endfacet
  facet normal -0.896823 -0.442389 0
    outer loop
      vertex 23.1289 24.025 2
      vertex 23.2244 23.8314 1.55
      vertex 23.2244 23.8314 2
    endloop
  endfacet
  facet normal 0.831551 0.555448 0
    outer loop
      vertex 20.391 22.1955 2
      vertex 20.2711 22.375 1.55
      vertex 20.2711 22.375 2
    endloop
  endfacet
  facet normal 0.831551 0.555448 0
    outer loop
      vertex 20.2711 22.375 1.55
      vertex 20.391 22.1955 2
      vertex 20.391 22.1955 1.55
    endloop
  endfacet
  facet normal -0.442389 0.896823 0
    outer loop
      vertex 22.525 21.7711 1.55
      vertex 22.3314 21.6756 2
      vertex 22.525 21.7711 2
    endloop
  endfacet
  facet normal -0.442389 0.896823 0
    outer loop
      vertex 22.3314 21.6756 2
      vertex 22.525 21.7711 1.55
      vertex 22.3314 21.6756 1.55
    endloop
  endfacet
  facet normal 0.997864 -0.0653198 0
    outer loop
      vertex 20.05 23.2 2
      vertex 20.0641 23.4154 1.55
      vertex 20.0641 23.4154 2
    endloop
  endfacet
  facet normal 0.997864 -0.0653198 0
    outer loop
      vertex 20.0641 23.4154 1.55
      vertex 20.05 23.2 2
      vertex 20.05 23.2 1.55
    endloop
  endfacet
  facet normal 0.442389 -0.896823 0
    outer loop
      vertex 20.875 24.6289 1.55
      vertex 21.0686 24.7244 2
      vertex 20.875 24.6289 2
    endloop
  endfacet
  facet normal 0.442389 -0.896823 0
    outer loop
      vertex 21.0686 24.7244 2
      vertex 20.875 24.6289 1.55
      vertex 21.0686 24.7244 1.55
    endloop
  endfacet
  facet normal -0.195047 -0.980794 0
    outer loop
      vertex 21.9154 24.8359 1.55
      vertex 22.1271 24.7938 2
      vertex 21.9154 24.8359 2
    endloop
  endfacet
  facet normal -0.195047 -0.980794 -0
    outer loop
      vertex 22.1271 24.7938 2
      vertex 21.9154 24.8359 1.55
      vertex 22.1271 24.7938 1.55
    endloop
  endfacet
  facet normal 0.751715 -0.659488 0
    outer loop
      vertex 20.391 24.2045 2
      vertex 20.5333 24.3667 1.55
      vertex 20.5333 24.3667 2
    endloop
  endfacet
  facet normal 0.751715 -0.659488 0
    outer loop
      vertex 20.5333 24.3667 1.55
      vertex 20.391 24.2045 2
      vertex 20.391 24.2045 1.55
    endloop
  endfacet
  facet normal 0.94686 0.321645 0
    outer loop
      vertex 20.1756 22.5686 2
      vertex 20.1062 22.7729 1.55
      vertex 20.1062 22.7729 2
    endloop
  endfacet
  facet normal 0.94686 0.321645 0
    outer loop
      vertex 20.1062 22.7729 1.55
      vertex 20.1756 22.5686 2
      vertex 20.1756 22.5686 1.55
    endloop
  endfacet
  facet normal -0.94686 0.321645 0
    outer loop
      vertex 23.2244 22.5686 1.55
      vertex 23.2938 22.7729 2
      vertex 23.2938 22.7729 1.55
    endloop
  endfacet
  facet normal -0.94686 0.321645 0
    outer loop
      vertex 23.2938 22.7729 2
      vertex 23.2244 22.5686 1.55
      vertex 23.2244 22.5686 2
    endloop
  endfacet
  facet normal 0.980794 -0.195047 0
    outer loop
      vertex 20.0641 23.4154 2
      vertex 20.1062 23.6271 1.55
      vertex 20.1062 23.6271 2
    endloop
  endfacet
  facet normal 0.980794 -0.195047 0
    outer loop
      vertex 20.1062 23.6271 1.55
      vertex 20.0641 23.4154 2
      vertex 20.0641 23.4154 1.55
    endloop
  endfacet
  facet normal 0.442389 0.896823 -0
    outer loop
      vertex 21.0686 21.6756 1.55
      vertex 20.875 21.7711 2
      vertex 21.0686 21.6756 2
    endloop
  endfacet
  facet normal 0.442389 0.896823 0
    outer loop
      vertex 20.875 21.7711 2
      vertex 21.0686 21.6756 1.55
      vertex 20.875 21.7711 1.55
    endloop
  endfacet
  facet normal 0.555448 -0.831551 0
    outer loop
      vertex 20.6955 24.509 1.55
      vertex 20.875 24.6289 2
      vertex 20.6955 24.509 2
    endloop
  endfacet
  facet normal 0.555448 -0.831551 0
    outer loop
      vertex 20.875 24.6289 2
      vertex 20.6955 24.509 1.55
      vertex 20.875 24.6289 1.55
    endloop
  endfacet
  facet normal -0.659488 0.751715 0
    outer loop
      vertex 22.8667 22.0333 1.55
      vertex 22.7045 21.891 2
      vertex 22.8667 22.0333 2
    endloop
  endfacet
  facet normal -0.659488 0.751715 0
    outer loop
      vertex 22.7045 21.891 2
      vertex 22.8667 22.0333 1.55
      vertex 22.7045 21.891 1.55
    endloop
  endfacet
  facet normal 0.321645 -0.94686 0
    outer loop
      vertex 21.0686 24.7244 1.55
      vertex 21.2729 24.7938 2
      vertex 21.0686 24.7244 2
    endloop
  endfacet
  facet normal 0.321645 -0.94686 0
    outer loop
      vertex 21.2729 24.7938 2
      vertex 21.0686 24.7244 1.55
      vertex 21.2729 24.7938 1.55
    endloop
  endfacet
  facet normal -0.831551 0.555448 0
    outer loop
      vertex 23.009 22.1955 1.55
      vertex 23.1289 22.375 2
      vertex 23.1289 22.375 1.55
    endloop
  endfacet
  facet normal -0.831551 0.555448 0
    outer loop
      vertex 23.1289 22.375 2
      vertex 23.009 22.1955 1.55
      vertex 23.009 22.1955 2
    endloop
  endfacet
  facet normal -0.555448 0.831551 0
    outer loop
      vertex 22.7045 21.891 1.55
      vertex 22.525 21.7711 2
      vertex 22.7045 21.891 2
    endloop
  endfacet
  facet normal -0.555448 0.831551 0
    outer loop
      vertex 22.525 21.7711 2
      vertex 22.7045 21.891 1.55
      vertex 22.525 21.7711 1.55
    endloop
  endfacet
  facet normal -0.751715 0.659488 0
    outer loop
      vertex 22.8667 22.0333 1.55
      vertex 23.009 22.1955 2
      vertex 23.009 22.1955 1.55
    endloop
  endfacet
  facet normal -0.751715 0.659488 0
    outer loop
      vertex 23.009 22.1955 2
      vertex 22.8667 22.0333 1.55
      vertex 22.8667 22.0333 2
    endloop
  endfacet
  facet normal -0.980794 0.195047 0
    outer loop
      vertex 23.2938 22.7729 1.55
      vertex 23.3359 22.9846 2
      vertex 23.3359 22.9846 1.55
    endloop
  endfacet
  facet normal -0.980794 0.195047 0
    outer loop
      vertex 23.3359 22.9846 2
      vertex 23.2938 22.7729 1.55
      vertex 23.2938 22.7729 2
    endloop
  endfacet
  facet normal 0.0653198 -0.997864 0
    outer loop
      vertex 21.4846 24.8359 1.55
      vertex 21.7 24.85 2
      vertex 21.4846 24.8359 2
    endloop
  endfacet
  facet normal 0.0653198 -0.997864 0
    outer loop
      vertex 21.7 24.85 2
      vertex 21.4846 24.8359 1.55
      vertex 21.7 24.85 1.55
    endloop
  endfacet
  facet normal 0.896823 0.442389 0
    outer loop
      vertex 20.2711 22.375 2
      vertex 20.1756 22.5686 1.55
      vertex 20.1756 22.5686 2
    endloop
  endfacet
  facet normal 0.896823 0.442389 0
    outer loop
      vertex 20.1756 22.5686 1.55
      vertex 20.2711 22.375 2
      vertex 20.2711 22.375 1.55
    endloop
  endfacet
  facet normal 0.555448 0.831551 -0
    outer loop
      vertex 20.875 21.7711 1.55
      vertex 20.6955 21.891 2
      vertex 20.875 21.7711 2
    endloop
  endfacet
  facet normal 0.555448 0.831551 0
    outer loop
      vertex 20.6955 21.891 2
      vertex 20.875 21.7711 1.55
      vertex 20.6955 21.891 1.55
    endloop
  endfacet
  facet normal 0.896823 -0.442389 0
    outer loop
      vertex 20.1756 23.8314 2
      vertex 20.2711 24.025 1.55
      vertex 20.2711 24.025 2
    endloop
  endfacet
  facet normal 0.896823 -0.442389 0
    outer loop
      vertex 20.2711 24.025 1.55
      vertex 20.1756 23.8314 2
      vertex 20.1756 23.8314 1.55
    endloop
  endfacet
  facet normal -0.555448 -0.831551 0
    outer loop
      vertex 22.525 24.6289 1.55
      vertex 22.7045 24.509 2
      vertex 22.525 24.6289 2
    endloop
  endfacet
  facet normal -0.555448 -0.831551 -0
    outer loop
      vertex 22.7045 24.509 2
      vertex 22.525 24.6289 1.55
      vertex 22.7045 24.509 1.55
    endloop
  endfacet
  facet normal 0.980794 0.195047 0
    outer loop
      vertex 20.1062 22.7729 2
      vertex 20.0641 22.9846 1.55
      vertex 20.0641 22.9846 2
    endloop
  endfacet
  facet normal 0.980794 0.195047 0
    outer loop
      vertex 20.0641 22.9846 1.55
      vertex 20.1062 22.7729 2
      vertex 20.1062 22.7729 1.55
    endloop
  endfacet
  facet normal -0.321645 0.94686 0
    outer loop
      vertex 22.3314 21.6756 1.55
      vertex 22.1271 21.6062 2
      vertex 22.3314 21.6756 2
    endloop
  endfacet
  facet normal -0.321645 0.94686 0
    outer loop
      vertex 22.1271 21.6062 2
      vertex 22.3314 21.6756 1.55
      vertex 22.1271 21.6062 1.55
    endloop
  endfacet
  facet normal -0.659488 -0.751715 0
    outer loop
      vertex 22.7045 24.509 1.55
      vertex 22.8667 24.3667 2
      vertex 22.7045 24.509 2
    endloop
  endfacet
  facet normal -0.659488 -0.751715 -0
    outer loop
      vertex 22.8667 24.3667 2
      vertex 22.7045 24.509 1.55
      vertex 22.8667 24.3667 1.55
    endloop
  endfacet
  facet normal -0.195047 0.980794 0
    outer loop
      vertex 22.1271 21.6062 1.55
      vertex 21.9154 21.5641 2
      vertex 22.1271 21.6062 2
    endloop
  endfacet
  facet normal -0.195047 0.980794 0
    outer loop
      vertex 21.9154 21.5641 2
      vertex 22.1271 21.6062 1.55
      vertex 21.9154 21.5641 1.55
    endloop
  endfacet
  facet normal 0.94686 -0.321645 0
    outer loop
      vertex 20.1062 23.6271 2
      vertex 20.1756 23.8314 1.55
      vertex 20.1756 23.8314 2
    endloop
  endfacet
  facet normal 0.94686 -0.321645 0
    outer loop
      vertex 20.1756 23.8314 1.55
      vertex 20.1062 23.6271 2
      vertex 20.1062 23.6271 1.55
    endloop
  endfacet
  facet normal 0.195047 -0.980794 0
    outer loop
      vertex 21.2729 24.7938 1.55
      vertex 21.4846 24.8359 2
      vertex 21.2729 24.7938 2
    endloop
  endfacet
  facet normal 0.195047 -0.980794 0
    outer loop
      vertex 21.4846 24.8359 2
      vertex 21.2729 24.7938 1.55
      vertex 21.4846 24.8359 1.55
    endloop
  endfacet
  facet normal 0.0653198 0.997864 -0
    outer loop
      vertex 21.7 21.55 1.55
      vertex 21.4846 21.5641 2
      vertex 21.7 21.55 2
    endloop
  endfacet
  facet normal 0.0653198 0.997864 0
    outer loop
      vertex 21.4846 21.5641 2
      vertex 21.7 21.55 1.55
      vertex 21.4846 21.5641 1.55
    endloop
  endfacet
  facet normal 0.751715 0.659488 0
    outer loop
      vertex 20.5333 22.0333 2
      vertex 20.391 22.1955 1.55
      vertex 20.391 22.1955 2
    endloop
  endfacet
  facet normal 0.751715 0.659488 0
    outer loop
      vertex 20.391 22.1955 1.55
      vertex 20.5333 22.0333 2
      vertex 20.5333 22.0333 1.55
    endloop
  endfacet
  facet normal 0.195047 0.980794 -0
    outer loop
      vertex 21.4846 21.5641 1.55
      vertex 21.2729 21.6062 2
      vertex 21.4846 21.5641 2
    endloop
  endfacet
  facet normal 0.195047 0.980794 0
    outer loop
      vertex 21.2729 21.6062 2
      vertex 21.4846 21.5641 1.55
      vertex 21.2729 21.6062 1.55
    endloop
  endfacet
  facet normal 0.831551 -0.555448 0
    outer loop
      vertex 20.2711 24.025 2
      vertex 20.391 24.2045 1.55
      vertex 20.391 24.2045 2
    endloop
  endfacet
  facet normal 0.831551 -0.555448 0
    outer loop
      vertex 20.391 24.2045 1.55
      vertex 20.2711 24.025 2
      vertex 20.2711 24.025 1.55
    endloop
  endfacet
  facet normal -0.853165 -0.056116 -0.518614
    outer loop
      vertex 24.2755 23.4539 0
      vertex 24.2922 23.2 0
      vertex 23.35 23.2 1.55
    endloop
  endfacet
  facet normal -0.377911 0.766937 -0.518643
    outer loop
      vertex 22.692 20.8052 0
      vertex 22.525 21.7711 1.55
      vertex 22.7679 20.8426 0
    endloop
  endfacet
  facet normal -0.378252 0.766802 -0.518595
    outer loop
      vertex 22.525 21.7711 1.55
      vertex 22.692 20.8052 0
      vertex 22.3314 21.6756 1.55
    endloop
  endfacet
  facet normal -0.378252 -0.766802 -0.518595
    outer loop
      vertex 22.692 25.5948 0
      vertex 22.525 24.6289 1.55
      vertex 22.3314 24.7244 1.55
    endloop
  endfacet
  facet normal -0.377911 -0.766937 -0.518643
    outer loop
      vertex 22.525 24.6289 1.55
      vertex 22.692 25.5948 0
      vertex 22.7679 25.5574 0
    endloop
  endfacet
  facet normal 0.474746 -0.711109 -0.518594
    outer loop
      vertex 20.1924 25.3035 0
      vertex 20.6955 24.509 1.55
      vertex 20.122 25.2565 0
    endloop
  endfacet
  facet normal 0.47492 -0.710994 -0.518592
    outer loop
      vertex 20.6955 24.509 1.55
      vertex 20.1924 25.3035 0
      vertex 20.875 24.6289 1.55
    endloop
  endfacet
  facet normal -0.838559 -0.166973 -0.518593
    outer loop
      vertex 24.2203 23.7879 0
      vertex 24.27 23.5383 0
      vertex 23.3359 23.4154 1.55
    endloop
  endfacet
  facet normal 0.47492 0.710994 -0.518592
    outer loop
      vertex 20.1924 21.0965 0
      vertex 20.6955 21.891 1.55
      vertex 20.875 21.7711 1.55
    endloop
  endfacet
  facet normal 0.474746 0.711109 -0.518594
    outer loop
      vertex 20.6955 21.891 1.55
      vertex 20.1924 21.0965 0
      vertex 20.122 21.1435 0
    endloop
  endfacet
  facet normal 0.166714 -0.838622 -0.518575
    outer loop
      vertex 21.1121 25.7203 0
      vertex 21.2729 24.7938 1.55
      vertex 21.0291 25.7038 0
    endloop
  endfacet
  facet normal 0.166771 -0.838611 -0.518574
    outer loop
      vertex 21.2729 24.7938 1.55
      vertex 21.1121 25.7203 0
      vertex 21.4846 24.8359 1.55
    endloop
  endfacet
  facet normal -0.563816 0.642778 -0.518602
    outer loop
      vertex 23.5329 21.3671 0
      vertex 23.3416 21.1993 0
      vertex 22.8667 22.0333 1.55
    endloop
  endfacet
  facet normal 0.766937 -0.377911 -0.518643
    outer loop
      vertex 20.2711 24.025 1.55
      vertex 19.3052 24.192 0
      vertex 19.3426 24.2679 0
    endloop
  endfacet
  facet normal 0.766802 -0.378252 -0.518595
    outer loop
      vertex 19.3052 24.192 0
      vertex 20.2711 24.025 1.55
      vertex 20.1756 23.8314 1.55
    endloop
  endfacet
  facet normal 0.563816 -0.642778 -0.518602
    outer loop
      vertex 20.0584 25.2007 0
      vertex 20.5333 24.3667 1.55
      vertex 19.8671 25.0329 0
    endloop
  endfacet
  facet normal -0.274812 0.809654 -0.518593
    outer loop
      vertex 22.692 20.8052 0
      vertex 22.451 20.7234 0
      vertex 22.3314 21.6756 1.55
    endloop
  endfacet
  facet normal 0.056116 0.853165 -0.518614
    outer loop
      vertex 21.7 21.55 1.55
      vertex 21.7 20.6078 0
      vertex 21.4461 20.6245 0
    endloop
  endfacet
  facet normal -0.766802 0.378252 -0.518595
    outer loop
      vertex 24.0948 22.208 0
      vertex 23.1289 22.375 1.55
      vertex 23.2244 22.5686 1.55
    endloop
  endfacet
  facet normal -0.766937 0.377911 -0.518643
    outer loop
      vertex 23.1289 22.375 1.55
      vertex 24.0948 22.208 0
      vertex 24.0574 22.1321 0
    endloop
  endfacet
  facet normal -0.853165 0.056116 -0.518614
    outer loop
      vertex 24.2922 23.2 0
      vertex 24.2755 22.9461 0
      vertex 23.35 23.2 1.55
    endloop
  endfacet
  facet normal 0.809654 -0.274812 -0.518593
    outer loop
      vertex 19.3052 24.192 0
      vertex 20.1756 23.8314 1.55
      vertex 19.2234 23.951 0
    endloop
  endfacet
  facet normal 0.642778 0.563816 -0.518602
    outer loop
      vertex 20.5333 22.0333 1.55
      vertex 19.8671 21.3671 0
      vertex 19.6993 21.5584 0
    endloop
  endfacet
  facet normal -0.4752 -0.710784 -0.518624
    outer loop
      vertex 22.9961 25.4449 0
      vertex 23.2076 25.3035 0
      vertex 22.525 24.6289 1.55
    endloop
  endfacet
  facet normal -0.166714 0.838622 -0.518575
    outer loop
      vertex 22.2879 20.6797 0
      vertex 22.1271 21.6062 1.55
      vertex 22.3709 20.6962 0
    endloop
  endfacet
  facet normal -0.166771 0.838611 -0.518574
    outer loop
      vertex 22.1271 21.6062 1.55
      vertex 22.2879 20.6797 0
      vertex 21.9154 21.5641 1.55
    endloop
  endfacet
  facet normal 0.166973 0.838559 -0.518593
    outer loop
      vertex 21.4846 21.5641 1.55
      vertex 21.3617 20.63 0
      vertex 21.1121 20.6797 0
    endloop
  endfacet
  facet normal 0.563893 -0.642717 -0.518593
    outer loop
      vertex 20.122 25.2565 0
      vertex 20.5333 24.3667 1.55
      vertex 20.0584 25.2007 0
    endloop
  endfacet
  facet normal 0.563875 -0.642731 -0.518596
    outer loop
      vertex 20.5333 24.3667 1.55
      vertex 20.122 25.2565 0
      vertex 20.6955 24.509 1.55
    endloop
  endfacet
  facet normal 0.166771 0.838611 -0.518574
    outer loop
      vertex 21.1121 20.6797 0
      vertex 21.2729 21.6062 1.55
      vertex 21.4846 21.5641 1.55
    endloop
  endfacet
  facet normal 0.166714 0.838622 -0.518575
    outer loop
      vertex 21.2729 21.6062 1.55
      vertex 21.1121 20.6797 0
      vertex 21.0291 20.6962 0
    endloop
  endfacet
  facet normal 0.766874 -0.37806 -0.518628
    outer loop
      vertex 19.4551 24.4961 0
      vertex 20.2711 24.025 1.55
      vertex 19.3426 24.2679 0
    endloop
  endfacet
  facet normal -0.056116 0.853165 -0.518614
    outer loop
      vertex 21.7 21.55 1.55
      vertex 21.9539 20.6245 0
      vertex 21.7 20.6078 0
    endloop
  endfacet
  facet normal -0.166771 -0.838611 -0.518574
    outer loop
      vertex 22.2879 25.7203 0
      vertex 22.1271 24.7938 1.55
      vertex 21.9154 24.8359 1.55
    endloop
  endfacet
  facet normal -0.166714 -0.838622 -0.518575
    outer loop
      vertex 22.1271 24.7938 1.55
      vertex 22.2879 25.7203 0
      vertex 22.3709 25.7038 0
    endloop
  endfacet
  facet normal 0.274812 0.809654 -0.518593
    outer loop
      vertex 21.0686 21.6756 1.55
      vertex 20.949 20.7234 0
      vertex 20.708 20.8052 0
    endloop
  endfacet
  facet normal -0.711109 -0.474746 -0.518594
    outer loop
      vertex 23.8035 24.7076 0
      vertex 23.009 24.2045 1.55
      vertex 23.7565 24.778 0
    endloop
  endfacet
  facet normal -0.710994 -0.47492 -0.518592
    outer loop
      vertex 23.009 24.2045 1.55
      vertex 23.8035 24.7076 0
      vertex 23.1289 24.025 1.55
    endloop
  endfacet
  facet normal -0.056116 -0.853165 -0.518614
    outer loop
      vertex 21.7 25.7922 0
      vertex 21.9539 25.7755 0
      vertex 21.7 24.85 1.55
    endloop
  endfacet
  facet normal -0.563893 0.642717 -0.518593
    outer loop
      vertex 23.278 21.1435 0
      vertex 22.8667 22.0333 1.55
      vertex 23.3416 21.1993 0
    endloop
  endfacet
  facet normal -0.563875 0.642731 -0.518596
    outer loop
      vertex 22.8667 22.0333 1.55
      vertex 23.278 21.1435 0
      vertex 22.7045 21.891 1.55
    endloop
  endfacet
  facet normal 0.809621 -0.274928 -0.518583
    outer loop
      vertex 20.1756 23.8314 1.55
      vertex 19.1962 23.8709 0
      vertex 19.2234 23.951 0
    endloop
  endfacet
  facet normal 0.809599 -0.275018 -0.51857
    outer loop
      vertex 19.1962 23.8709 0
      vertex 20.1756 23.8314 1.55
      vertex 20.1062 23.6271 1.55
    endloop
  endfacet
  facet normal 0.838622 -0.166714 -0.518575
    outer loop
      vertex 20.1062 23.6271 1.55
      vertex 19.1797 23.7879 0
      vertex 19.1962 23.8709 0
    endloop
  endfacet
  facet normal 0.838611 -0.166771 -0.518574
    outer loop
      vertex 19.1797 23.7879 0
      vertex 20.1062 23.6271 1.55
      vertex 20.0641 23.4154 1.55
    endloop
  endfacet
  facet normal -0.710784 0.4752 -0.518624
    outer loop
      vertex 23.9449 21.9039 0
      vertex 23.8035 21.6924 0
      vertex 23.1289 22.375 1.55
    endloop
  endfacet
  facet normal 0.642778 -0.563816 -0.518602
    outer loop
      vertex 19.8671 25.0329 0
      vertex 20.5333 24.3667 1.55
      vertex 19.6993 24.8416 0
    endloop
  endfacet
  facet normal 0.642717 -0.563893 -0.518593
    outer loop
      vertex 20.5333 24.3667 1.55
      vertex 19.6435 24.778 0
      vertex 19.6993 24.8416 0
    endloop
  endfacet
  facet normal 0.642731 -0.563875 -0.518596
    outer loop
      vertex 19.6435 24.778 0
      vertex 20.5333 24.3667 1.55
      vertex 20.391 24.2045 1.55
    endloop
  endfacet
  facet normal -0.766874 0.37806 -0.518628
    outer loop
      vertex 24.0574 22.1321 0
      vertex 23.9449 21.9039 0
      vertex 23.1289 22.375 1.55
    endloop
  endfacet
  facet normal -0.37806 -0.766874 -0.518628
    outer loop
      vertex 22.7679 25.5574 0
      vertex 22.9961 25.4449 0
      vertex 22.525 24.6289 1.55
    endloop
  endfacet
  facet normal 0.37806 0.766874 -0.518628
    outer loop
      vertex 20.875 21.7711 1.55
      vertex 20.6321 20.8426 0
      vertex 20.4039 20.9551 0
    endloop
  endfacet
  facet normal 0.563816 0.642778 -0.518602
    outer loop
      vertex 20.5333 22.0333 1.55
      vertex 20.0584 21.1993 0
      vertex 19.8671 21.3671 0
    endloop
  endfacet
  facet normal 0.4752 -0.710784 -0.518624
    outer loop
      vertex 20.4039 25.4449 0
      vertex 20.875 24.6289 1.55
      vertex 20.1924 25.3035 0
    endloop
  endfacet
  facet normal -0.766874 -0.37806 -0.518628
    outer loop
      vertex 23.9449 24.4961 0
      vertex 24.0574 24.2679 0
      vertex 23.1289 24.025 1.55
    endloop
  endfacet
  facet normal 0.853197 0.05585 -0.51859
    outer loop
      vertex 20.0641 22.9846 1.55
      vertex 19.1245 22.9461 0
      vertex 20.05 23.2 1.55
    endloop
  endfacet
  facet normal 0.853212 0.0556003 -0.518593
    outer loop
      vertex 19.1245 22.9461 0
      vertex 20.0641 22.9846 1.55
      vertex 19.13 22.8617 0
    endloop
  endfacet
  facet normal 0.166973 -0.838559 -0.518593
    outer loop
      vertex 21.3617 25.77 0
      vertex 21.4846 24.8359 1.55
      vertex 21.1121 25.7203 0
    endloop
  endfacet
  facet normal 0.711109 -0.474746 -0.518594
    outer loop
      vertex 20.391 24.2045 1.55
      vertex 19.5965 24.7076 0
      vertex 19.6435 24.778 0
    endloop
  endfacet
  facet normal 0.710994 -0.47492 -0.518592
    outer loop
      vertex 19.5965 24.7076 0
      vertex 20.391 24.2045 1.55
      vertex 20.2711 24.025 1.55
    endloop
  endfacet
  facet normal -0.05585 -0.853197 -0.51859
    outer loop
      vertex 21.9539 25.7755 0
      vertex 21.9154 24.8359 1.55
      vertex 21.7 24.85 1.55
    endloop
  endfacet
  facet normal -0.0556003 -0.853212 -0.518593
    outer loop
      vertex 21.9154 24.8359 1.55
      vertex 21.9539 25.7755 0
      vertex 22.0383 25.77 0
    endloop
  endfacet
  facet normal -0.166973 -0.838559 -0.518593
    outer loop
      vertex 22.0383 25.77 0
      vertex 22.2879 25.7203 0
      vertex 21.9154 24.8359 1.55
    endloop
  endfacet
  facet normal 0.378252 0.766802 -0.518595
    outer loop
      vertex 20.708 20.8052 0
      vertex 20.875 21.7711 1.55
      vertex 21.0686 21.6756 1.55
    endloop
  endfacet
  facet normal 0.377911 0.766937 -0.518643
    outer loop
      vertex 20.875 21.7711 1.55
      vertex 20.708 20.8052 0
      vertex 20.6321 20.8426 0
    endloop
  endfacet
  facet normal -0.642778 0.563816 -0.518602
    outer loop
      vertex 23.7007 21.5584 0
      vertex 23.5329 21.3671 0
      vertex 22.8667 22.0333 1.55
    endloop
  endfacet
  facet normal 0.056116 -0.853165 -0.518614
    outer loop
      vertex 21.7 25.7922 0
      vertex 21.7 24.85 1.55
      vertex 21.4461 25.7755 0
    endloop
  endfacet
  facet normal 0.37806 -0.766874 -0.518628
    outer loop
      vertex 20.6321 25.5574 0
      vertex 20.875 24.6289 1.55
      vertex 20.4039 25.4449 0
    endloop
  endfacet
  facet normal -0.166973 0.838559 -0.518593
    outer loop
      vertex 22.2879 20.6797 0
      vertex 22.0383 20.63 0
      vertex 21.9154 21.5641 1.55
    endloop
  endfacet
  facet normal 0.853165 -0.056116 -0.518614
    outer loop
      vertex 19.1245 23.4539 0
      vertex 20.05 23.2 1.55
      vertex 19.1078 23.2 0
    endloop
  endfacet
  facet normal -0.809654 0.274812 -0.518593
    outer loop
      vertex 24.1766 22.449 0
      vertex 24.0948 22.208 0
      vertex 23.2244 22.5686 1.55
    endloop
  endfacet
  facet normal -0.710994 0.47492 -0.518592
    outer loop
      vertex 23.8035 21.6924 0
      vertex 23.009 22.1955 1.55
      vertex 23.1289 22.375 1.55
    endloop
  endfacet
  facet normal -0.711109 0.474746 -0.518594
    outer loop
      vertex 23.009 22.1955 1.55
      vertex 23.8035 21.6924 0
      vertex 23.7565 21.622 0
    endloop
  endfacet
  facet normal 0.0556003 -0.853212 -0.518593
    outer loop
      vertex 21.4461 25.7755 0
      vertex 21.4846 24.8359 1.55
      vertex 21.3617 25.77 0
    endloop
  endfacet
  facet normal 0.05585 -0.853197 -0.51859
    outer loop
      vertex 21.4846 24.8359 1.55
      vertex 21.4461 25.7755 0
      vertex 21.7 24.85 1.55
    endloop
  endfacet
  facet normal -0.710784 -0.4752 -0.518624
    outer loop
      vertex 23.8035 24.7076 0
      vertex 23.9449 24.4961 0
      vertex 23.1289 24.025 1.55
    endloop
  endfacet
  facet normal 0.274812 -0.809654 -0.518593
    outer loop
      vertex 20.949 25.6766 0
      vertex 21.0686 24.7244 1.55
      vertex 20.708 25.5948 0
    endloop
  endfacet
  facet normal -0.275018 -0.809599 -0.51857
    outer loop
      vertex 22.3709 25.7038 0
      vertex 22.3314 24.7244 1.55
      vertex 22.1271 24.7938 1.55
    endloop
  endfacet
  facet normal -0.274928 -0.809621 -0.518583
    outer loop
      vertex 22.3314 24.7244 1.55
      vertex 22.3709 25.7038 0
      vertex 22.451 25.6766 0
    endloop
  endfacet
  facet normal -0.47492 -0.710994 -0.518592
    outer loop
      vertex 23.2076 25.3035 0
      vertex 22.7045 24.509 1.55
      vertex 22.525 24.6289 1.55
    endloop
  endfacet
  facet normal -0.474746 -0.711109 -0.518594
    outer loop
      vertex 22.7045 24.509 1.55
      vertex 23.2076 25.3035 0
      vertex 23.278 25.2565 0
    endloop
  endfacet
  facet normal -0.766937 -0.377911 -0.518643
    outer loop
      vertex 24.0948 24.192 0
      vertex 23.1289 24.025 1.55
      vertex 24.0574 24.2679 0
    endloop
  endfacet
  facet normal -0.766802 -0.378252 -0.518595
    outer loop
      vertex 23.1289 24.025 1.55
      vertex 24.0948 24.192 0
      vertex 23.2244 23.8314 1.55
    endloop
  endfacet
  facet normal -0.274812 -0.809654 -0.518593
    outer loop
      vertex 22.451 25.6766 0
      vertex 22.692 25.5948 0
      vertex 22.3314 24.7244 1.55
    endloop
  endfacet
  facet normal 0.563875 0.642731 -0.518596
    outer loop
      vertex 20.122 21.1435 0
      vertex 20.5333 22.0333 1.55
      vertex 20.6955 21.891 1.55
    endloop
  endfacet
  facet normal 0.563893 0.642717 -0.518593
    outer loop
      vertex 20.5333 22.0333 1.55
      vertex 20.122 21.1435 0
      vertex 20.0584 21.1993 0
    endloop
  endfacet
  facet normal 0.377911 -0.766937 -0.518643
    outer loop
      vertex 20.708 25.5948 0
      vertex 20.875 24.6289 1.55
      vertex 20.6321 25.5574 0
    endloop
  endfacet
  facet normal 0.378252 -0.766802 -0.518595
    outer loop
      vertex 20.875 24.6289 1.55
      vertex 20.708 25.5948 0
      vertex 21.0686 24.7244 1.55
    endloop
  endfacet
  facet normal 0.05585 0.853197 -0.51859
    outer loop
      vertex 21.4461 20.6245 0
      vertex 21.4846 21.5641 1.55
      vertex 21.7 21.55 1.55
    endloop
  endfacet
  facet normal 0.0556003 0.853212 -0.518593
    outer loop
      vertex 21.4846 21.5641 1.55
      vertex 21.4461 20.6245 0
      vertex 21.3617 20.63 0
    endloop
  endfacet
  facet normal 0.853165 0.056116 -0.518614
    outer loop
      vertex 20.05 23.2 1.55
      vertex 19.1245 22.9461 0
      vertex 19.1078 23.2 0
    endloop
  endfacet
  facet normal 0.4752 0.710784 -0.518624
    outer loop
      vertex 20.875 21.7711 1.55
      vertex 20.4039 20.9551 0
      vertex 20.1924 21.0965 0
    endloop
  endfacet
  facet normal 0.710784 0.4752 -0.518624
    outer loop
      vertex 20.2711 22.375 1.55
      vertex 19.5965 21.6924 0
      vertex 19.4551 21.9039 0
    endloop
  endfacet
  facet normal -0.838622 -0.166714 -0.518575
    outer loop
      vertex 24.2203 23.7879 0
      vertex 23.2938 23.6271 1.55
      vertex 24.2038 23.8709 0
    endloop
  endfacet
  facet normal -0.838611 -0.166771 -0.518574
    outer loop
      vertex 23.2938 23.6271 1.55
      vertex 24.2203 23.7879 0
      vertex 23.3359 23.4154 1.55
    endloop
  endfacet
  facet normal 0.809654 0.274812 -0.518593
    outer loop
      vertex 20.1756 22.5686 1.55
      vertex 19.3052 22.208 0
      vertex 19.2234 22.449 0
    endloop
  endfacet
  facet normal -0.642778 -0.563816 -0.518602
    outer loop
      vertex 23.5329 25.0329 0
      vertex 23.7007 24.8416 0
      vertex 22.8667 24.3667 1.55
    endloop
  endfacet
  facet normal -0.563816 -0.642778 -0.518602
    outer loop
      vertex 23.3416 25.2007 0
      vertex 23.5329 25.0329 0
      vertex 22.8667 24.3667 1.55
    endloop
  endfacet
  facet normal -0.4752 0.710784 -0.518624
    outer loop
      vertex 23.2076 21.0965 0
      vertex 22.9961 20.9551 0
      vertex 22.525 21.7711 1.55
    endloop
  endfacet
  facet normal -0.853212 -0.0556003 -0.518593
    outer loop
      vertex 24.2755 23.4539 0
      vertex 23.3359 23.4154 1.55
      vertex 24.27 23.5383 0
    endloop
  endfacet
  facet normal -0.853197 -0.05585 -0.51859
    outer loop
      vertex 23.3359 23.4154 1.55
      vertex 24.2755 23.4539 0
      vertex 23.35 23.2 1.55
    endloop
  endfacet
  facet normal -0.809654 -0.274812 -0.518593
    outer loop
      vertex 24.0948 24.192 0
      vertex 24.1766 23.951 0
      vertex 23.2244 23.8314 1.55
    endloop
  endfacet
  facet normal 0.710784 -0.4752 -0.518624
    outer loop
      vertex 19.5965 24.7076 0
      vertex 20.2711 24.025 1.55
      vertex 19.4551 24.4961 0
    endloop
  endfacet
  facet normal -0.642731 0.563875 -0.518596
    outer loop
      vertex 23.7565 21.622 0
      vertex 22.8667 22.0333 1.55
      vertex 23.009 22.1955 1.55
    endloop
  endfacet
  facet normal -0.642717 0.563893 -0.518593
    outer loop
      vertex 22.8667 22.0333 1.55
      vertex 23.7565 21.622 0
      vertex 23.7007 21.5584 0
    endloop
  endfacet
  facet normal -0.838559 0.166973 -0.518593
    outer loop
      vertex 24.27 22.8617 0
      vertex 24.2203 22.6121 0
      vertex 23.3359 22.9846 1.55
    endloop
  endfacet
  facet normal -0.853197 0.05585 -0.51859
    outer loop
      vertex 24.2755 22.9461 0
      vertex 23.3359 22.9846 1.55
      vertex 23.35 23.2 1.55
    endloop
  endfacet
  facet normal -0.853212 0.0556003 -0.518593
    outer loop
      vertex 23.3359 22.9846 1.55
      vertex 24.2755 22.9461 0
      vertex 24.27 22.8617 0
    endloop
  endfacet
  facet normal 0.766802 0.378252 -0.518595
    outer loop
      vertex 20.2711 22.375 1.55
      vertex 19.3052 22.208 0
      vertex 20.1756 22.5686 1.55
    endloop
  endfacet
  facet normal 0.766937 0.377911 -0.518643
    outer loop
      vertex 19.3052 22.208 0
      vertex 20.2711 22.375 1.55
      vertex 19.3426 22.1321 0
    endloop
  endfacet
  facet normal 0.642731 0.563875 -0.518596
    outer loop
      vertex 20.5333 22.0333 1.55
      vertex 19.6435 21.622 0
      vertex 20.391 22.1955 1.55
    endloop
  endfacet
  facet normal 0.642717 0.563893 -0.518593
    outer loop
      vertex 19.6435 21.622 0
      vertex 20.5333 22.0333 1.55
      vertex 19.6993 21.5584 0
    endloop
  endfacet
  facet normal -0.809621 -0.274928 -0.518583
    outer loop
      vertex 24.2038 23.8709 0
      vertex 23.2244 23.8314 1.55
      vertex 24.1766 23.951 0
    endloop
  endfacet
  facet normal -0.809599 -0.275018 -0.51857
    outer loop
      vertex 23.2244 23.8314 1.55
      vertex 24.2038 23.8709 0
      vertex 23.2938 23.6271 1.55
    endloop
  endfacet
  facet normal -0.563875 -0.642731 -0.518596
    outer loop
      vertex 23.278 25.2565 0
      vertex 22.8667 24.3667 1.55
      vertex 22.7045 24.509 1.55
    endloop
  endfacet
  facet normal -0.563893 -0.642717 -0.518593
    outer loop
      vertex 22.8667 24.3667 1.55
      vertex 23.278 25.2565 0
      vertex 23.3416 25.2007 0
    endloop
  endfacet
  facet normal -0.0556003 0.853212 -0.518593
    outer loop
      vertex 21.9539 20.6245 0
      vertex 21.9154 21.5641 1.55
      vertex 22.0383 20.63 0
    endloop
  endfacet
  facet normal -0.05585 0.853197 -0.51859
    outer loop
      vertex 21.9154 21.5641 1.55
      vertex 21.9539 20.6245 0
      vertex 21.7 21.55 1.55
    endloop
  endfacet
  facet normal 0.838559 -0.166973 -0.518593
    outer loop
      vertex 19.1797 23.7879 0
      vertex 20.0641 23.4154 1.55
      vertex 19.13 23.5383 0
    endloop
  endfacet
  facet normal 0.853212 -0.0556003 -0.518593
    outer loop
      vertex 20.0641 23.4154 1.55
      vertex 19.1245 23.4539 0
      vertex 19.13 23.5383 0
    endloop
  endfacet
  facet normal 0.853197 -0.05585 -0.51859
    outer loop
      vertex 19.1245 23.4539 0
      vertex 20.0641 23.4154 1.55
      vertex 20.05 23.2 1.55
    endloop
  endfacet
  facet normal 0.766874 0.37806 -0.518628
    outer loop
      vertex 20.2711 22.375 1.55
      vertex 19.4551 21.9039 0
      vertex 19.3426 22.1321 0
    endloop
  endfacet
  facet normal 0.274928 -0.809621 -0.518583
    outer loop
      vertex 21.0291 25.7038 0
      vertex 21.0686 24.7244 1.55
      vertex 20.949 25.6766 0
    endloop
  endfacet
  facet normal 0.275018 -0.809599 -0.51857
    outer loop
      vertex 21.0686 24.7244 1.55
      vertex 21.0291 25.7038 0
      vertex 21.2729 24.7938 1.55
    endloop
  endfacet
  facet normal -0.474746 0.711109 -0.518594
    outer loop
      vertex 23.2076 21.0965 0
      vertex 22.7045 21.891 1.55
      vertex 23.278 21.1435 0
    endloop
  endfacet
  facet normal -0.47492 0.710994 -0.518592
    outer loop
      vertex 22.7045 21.891 1.55
      vertex 23.2076 21.0965 0
      vertex 22.525 21.7711 1.55
    endloop
  endfacet
  facet normal 0.710994 0.47492 -0.518592
    outer loop
      vertex 20.391 22.1955 1.55
      vertex 19.5965 21.6924 0
      vertex 20.2711 22.375 1.55
    endloop
  endfacet
  facet normal 0.711109 0.474746 -0.518594
    outer loop
      vertex 19.5965 21.6924 0
      vertex 20.391 22.1955 1.55
      vertex 19.6435 21.622 0
    endloop
  endfacet
  facet normal -0.809599 0.275018 -0.51857
    outer loop
      vertex 24.2038 22.5291 0
      vertex 23.2244 22.5686 1.55
      vertex 23.2938 22.7729 1.55
    endloop
  endfacet
  facet normal -0.809621 0.274928 -0.518583
    outer loop
      vertex 23.2244 22.5686 1.55
      vertex 24.2038 22.5291 0
      vertex 24.1766 22.449 0
    endloop
  endfacet
  facet normal -0.274928 0.809621 -0.518583
    outer loop
      vertex 22.3709 20.6962 0
      vertex 22.3314 21.6756 1.55
      vertex 22.451 20.7234 0
    endloop
  endfacet
  facet normal -0.275018 0.809599 -0.51857
    outer loop
      vertex 22.3314 21.6756 1.55
      vertex 22.3709 20.6962 0
      vertex 22.1271 21.6062 1.55
    endloop
  endfacet
  facet normal -0.642717 -0.563893 -0.518593
    outer loop
      vertex 23.7565 24.778 0
      vertex 22.8667 24.3667 1.55
      vertex 23.7007 24.8416 0
    endloop
  endfacet
  facet normal -0.642731 -0.563875 -0.518596
    outer loop
      vertex 22.8667 24.3667 1.55
      vertex 23.7565 24.778 0
      vertex 23.009 24.2045 1.55
    endloop
  endfacet
  facet normal -0.37806 0.766874 -0.518628
    outer loop
      vertex 22.9961 20.9551 0
      vertex 22.7679 20.8426 0
      vertex 22.525 21.7711 1.55
    endloop
  endfacet
  facet normal 0.809599 0.275018 -0.51857
    outer loop
      vertex 20.1756 22.5686 1.55
      vertex 19.1962 22.5291 0
      vertex 20.1062 22.7729 1.55
    endloop
  endfacet
  facet normal 0.809621 0.274928 -0.518583
    outer loop
      vertex 19.1962 22.5291 0
      vertex 20.1756 22.5686 1.55
      vertex 19.2234 22.449 0
    endloop
  endfacet
  facet normal 0.838611 0.166771 -0.518574
    outer loop
      vertex 20.1062 22.7729 1.55
      vertex 19.1797 22.6121 0
      vertex 20.0641 22.9846 1.55
    endloop
  endfacet
  facet normal 0.838622 0.166714 -0.518575
    outer loop
      vertex 19.1797 22.6121 0
      vertex 20.1062 22.7729 1.55
      vertex 19.1962 22.5291 0
    endloop
  endfacet
  facet normal -0.838611 0.166771 -0.518574
    outer loop
      vertex 24.2203 22.6121 0
      vertex 23.2938 22.7729 1.55
      vertex 23.3359 22.9846 1.55
    endloop
  endfacet
  facet normal -0.838622 0.166714 -0.518575
    outer loop
      vertex 23.2938 22.7729 1.55
      vertex 24.2203 22.6121 0
      vertex 24.2038 22.5291 0
    endloop
  endfacet
  facet normal 0.838559 0.166973 -0.518593
    outer loop
      vertex 20.0641 22.9846 1.55
      vertex 19.1797 22.6121 0
      vertex 19.13 22.8617 0
    endloop
  endfacet
  facet normal 0.275018 0.809599 -0.51857
    outer loop
      vertex 21.0291 20.6962 0
      vertex 21.0686 21.6756 1.55
      vertex 21.2729 21.6062 1.55
    endloop
  endfacet
  facet normal 0.274928 0.809621 -0.518583
    outer loop
      vertex 21.0686 21.6756 1.55
      vertex 21.0291 20.6962 0
      vertex 20.949 20.7234 0
    endloop
  endfacet
endsolid OpenSCAD_Model
