solid OpenSCAD_Model
  facet normal 1 -0 0
    outer loop
      vertex 86 3 4
      vertex 86 17 1.8
      vertex 86 17 4
    endloop
  endfacet
  facet normal 1 0 0
    outer loop
      vertex 86 17 1.8
      vertex 86 3 4
      vertex 86 3 1.8
    endloop
  endfacet
  facet normal 0 0 1
    outer loop
      vertex 13.4409 8.94899 4
      vertex 11.5498 8.94899 4
      vertex 13.4409 8.04045 4
    endloop
  endfacet
  facet normal 0 0 1
    outer loop
      vertex 86 17 4
      vertex 85 13.6 4
      vertex 86 3 4
    endloop
  endfacet
  facet normal 0 0 1
    outer loop
      vertex 86 17 4
      vertex 22 13.6 4
      vertex 85 13.6 4
    endloop
  endfacet
  facet normal 0 0 1
    outer loop
      vertex 22 13.6 4
      vertex 14.489 9.35345 4
      vertex 22 6.4 4
    endloop
  endfacet
  facet normal 0 0 1
    outer loop
      vertex 22 13.6 4
      vertex 13.9251 12.0535 4
      vertex 14.489 9.35345 4
    endloop
  endfacet
  facet normal 0 0 1
    outer loop
      vertex 2 17 4
      vertex 13.9251 12.0535 4
      vertex 22 13.6 4
    endloop
  endfacet
  facet normal 0 0 1
    outer loop
      vertex 2 3 4
      vertex 11.5498 9.34773 4
      vertex 2 17 4
    endloop
  endfacet
  facet normal 0 0 1
    outer loop
      vertex 13.3868 12.0535 4
      vertex 2 17 4
      vertex 11.5498 9.34773 4
    endloop
  endfacet
  facet normal 0 0 1
    outer loop
      vertex 13.9251 12.0535 4
      vertex 2 17 4
      vertex 13.3868 12.0535 4
    endloop
  endfacet
  facet normal -0 0 1
    outer loop
      vertex 2 17 4
      vertex 22 13.6 4
      vertex 86 17 4
    endloop
  endfacet
  facet normal -0 0 1
    outer loop
      vertex 85 6.4 4
      vertex 86 3 4
      vertex 85 13.6 4
    endloop
  endfacet
  facet normal -0 0 1
    outer loop
      vertex 22 6.4 4
      vertex 86 3 4
      vertex 85 6.4 4
    endloop
  endfacet
  facet normal -0 0 1
    outer loop
      vertex 14.489 8.94899 4
      vertex 22 6.4 4
      vertex 14.489 9.35345 4
    endloop
  endfacet
  facet normal 0 0 1
    outer loop
      vertex 13.9251 8.04045 4
      vertex 14.489 8.94899 4
      vertex 13.9251 8.94899 4
    endloop
  endfacet
  facet normal 0 0 1
    outer loop
      vertex 14.489 8.94899 4
      vertex 13.9251 8.04045 4
      vertex 22 6.4 4
    endloop
  endfacet
  facet normal 0 0 1
    outer loop
      vertex 2 3 4
      vertex 13.9251 8.04045 4
      vertex 13.4409 8.04045 4
    endloop
  endfacet
  facet normal 0 0 1
    outer loop
      vertex 22 6.4 4
      vertex 2 3 4
      vertex 86 3 4
    endloop
  endfacet
  facet normal 0 0 1
    outer loop
      vertex 13.9251 8.04045 4
      vertex 2 3 4
      vertex 22 6.4 4
    endloop
  endfacet
  facet normal 0 0 1
    outer loop
      vertex 11.5498 8.94899 4
      vertex 2 3 4
      vertex 13.4409 8.04045 4
    endloop
  endfacet
  facet normal 0 0 1
    outer loop
      vertex 11.5498 9.34773 4
      vertex 2 3 4
      vertex 11.5498 8.94899 4
    endloop
  endfacet
  facet normal 0 0 1
    outer loop
      vertex 14.489 9.35345 4
      vertex 13.9251 12.0535 4
      vertex 13.9251 9.35345 4
    endloop
  endfacet
  facet normal -0 0 1
    outer loop
      vertex 13.4359 11.4638 4
      vertex 13.4409 9.35345 4
      vertex 13.4409 11.4753 4
    endloop
  endfacet
  facet normal -0 0 1
    outer loop
      vertex 13.4254 11.4429 4
      vertex 13.4409 9.35345 4
      vertex 13.4359 11.4638 4
    endloop
  endfacet
  facet normal -0 0 1
    outer loop
      vertex 13.4095 11.4127 4
      vertex 13.4409 9.35345 4
      vertex 13.4254 11.4429 4
    endloop
  endfacet
  facet normal -0 0 1
    outer loop
      vertex 13.3881 11.3732 4
      vertex 13.4409 9.35345 4
      vertex 13.4095 11.4127 4
    endloop
  endfacet
  facet normal -0 0 1
    outer loop
      vertex 13.3612 11.3243 4
      vertex 13.4409 9.35345 4
      vertex 13.3881 11.3732 4
    endloop
  endfacet
  facet normal -0 0 1
    outer loop
      vertex 13.333 11.274 4
      vertex 13.4409 9.35345 4
      vertex 13.3612 11.3243 4
    endloop
  endfacet
  facet normal -0 0 1
    outer loop
      vertex 13.3079 11.23 4
      vertex 13.4409 9.35345 4
      vertex 13.333 11.274 4
    endloop
  endfacet
  facet normal -0 0 1
    outer loop
      vertex 13.2856 11.1924 4
      vertex 13.4409 9.35345 4
      vertex 13.3079 11.23 4
    endloop
  endfacet
  facet normal -0 0 1
    outer loop
      vertex 13.2664 11.1612 4
      vertex 13.4409 9.35345 4
      vertex 13.2856 11.1924 4
    endloop
  endfacet
  facet normal -0 0 1
    outer loop
      vertex 13.2501 11.1363 4
      vertex 13.4409 9.35345 4
      vertex 13.2664 11.1612 4
    endloop
  endfacet
  facet normal -0 0 1
    outer loop
      vertex 12.2219 9.62115 4
      vertex 13.4409 9.35345 4
      vertex 13.2501 11.1363 4
    endloop
  endfacet
  facet normal -0 0 1
    outer loop
      vertex 12.0681 9.4104 4
      vertex 13.4409 9.35345 4
      vertex 12.2219 9.62115 4
    endloop
  endfacet
  facet normal 0 0 1
    outer loop
      vertex 13.4409 9.35345 4
      vertex 12.0681 9.4104 4
      vertex 12.0226 9.35345 4
    endloop
  endfacet
  facet normal -0 0 1
    outer loop
      vertex 2 18 1.8
      vertex 86 17 1.8
      vertex 86 18 1.8
    endloop
  endfacet
  facet normal 0 0 1
    outer loop
      vertex 86 17 1.8
      vertex 2 18 1.8
      vertex 2 17 1.8
    endloop
  endfacet
  facet normal -0 0 1
    outer loop
      vertex 2 33 1.8
      vertex 86 32 1.8
      vertex 86 33 1.8
    endloop
  endfacet
  facet normal 0 0 1
    outer loop
      vertex 86 32 1.8
      vertex 2 33 1.8
      vertex 2 32 1.8
    endloop
  endfacet
  facet normal -0 0 1
    outer loop
      vertex 2 48 1.8
      vertex 86 47 1.8
      vertex 86 48 1.8
    endloop
  endfacet
  facet normal 0 0 1
    outer loop
      vertex 86 47 1.8
      vertex 2 48 1.8
      vertex 2 47 1.8
    endloop
  endfacet
  facet normal 0 0 1
    outer loop
      vertex 86 62 1.8
      vertex 88 61 1.8
      vertex 87.9424 61.5853 1.8
    endloop
  endfacet
  facet normal 0 0 1
    outer loop
      vertex 88 61 1.8
      vertex 86 33 1.8
      vertex 88 3 1.8
    endloop
  endfacet
  facet normal -0 0 1
    outer loop
      vertex 86 62 1.8
      vertex 87.9424 61.5853 1.8
      vertex 87.7716 62.1481 1.8
    endloop
  endfacet
  facet normal -0 0 1
    outer loop
      vertex 86 32 1.8
      vertex 88 3 1.8
      vertex 86 33 1.8
    endloop
  endfacet
  facet normal 0 0 1
    outer loop
      vertex 86 62 1.8
      vertex 87.7716 62.1481 1.8
      vertex 87.4944 62.6667 1.8
    endloop
  endfacet
  facet normal -0 0 1
    outer loop
      vertex 86 18 1.8
      vertex 88 3 1.8
      vertex 86 32 1.8
    endloop
  endfacet
  facet normal 0 0 1
    outer loop
      vertex 86 62 1.8
      vertex 87.4944 62.6667 1.8
      vertex 87.1213 63.1213 1.8
    endloop
  endfacet
  facet normal -0 0 1
    outer loop
      vertex 86 17 1.8
      vertex 88 3 1.8
      vertex 86 18 1.8
    endloop
  endfacet
  facet normal 0 0 1
    outer loop
      vertex 86 62 1.8
      vertex 87.1213 63.1213 1.8
      vertex 86.6667 63.4944 1.8
    endloop
  endfacet
  facet normal 0 0 1
    outer loop
      vertex 86 3 1.8
      vertex 88 3 1.8
      vertex 86 17 1.8
    endloop
  endfacet
  facet normal 0 0 1
    outer loop
      vertex 86 62 1.8
      vertex 86.6667 63.4944 1.8
      vertex 86.1481 63.7716 1.8
    endloop
  endfacet
  facet normal 0 0 1
    outer loop
      vertex 88 61 1.8
      vertex 86 48 1.8
      vertex 86 47 1.8
    endloop
  endfacet
  facet normal 0 0 1
    outer loop
      vertex 88 61 1.8
      vertex 86 62 1.8
      vertex 86 48 1.8
    endloop
  endfacet
  facet normal 0 0 1
    outer loop
      vertex 85.5853 63.9424 1.8
      vertex 86 62 1.8
      vertex 86.1481 63.7716 1.8
    endloop
  endfacet
  facet normal 0 0 1
    outer loop
      vertex 85 64 1.8
      vertex 86 62 1.8
      vertex 85.5853 63.9424 1.8
    endloop
  endfacet
  facet normal -0 0 1
    outer loop
      vertex 3 64 1.8
      vertex 86 62 1.8
      vertex 85 64 1.8
    endloop
  endfacet
  facet normal 0 0 1
    outer loop
      vertex 2 62 1.8
      vertex 3 64 1.8
      vertex 2.41473 63.9424 1.8
    endloop
  endfacet
  facet normal 0 0 1
    outer loop
      vertex 3 64 1.8
      vertex 2 62 1.8
      vertex 86 62 1.8
    endloop
  endfacet
  facet normal -0 0 1
    outer loop
      vertex 0 61 1.8
      vertex 2 48 1.8
      vertex 2 62 1.8
    endloop
  endfacet
  facet normal 0 0 1
    outer loop
      vertex 2 48 1.8
      vertex 0 61 1.8
      vertex 2 47 1.8
    endloop
  endfacet
  facet normal 0 0 1
    outer loop
      vertex 2 47 1.8
      vertex 0 61 1.8
      vertex 2 33 1.8
    endloop
  endfacet
  facet normal 0 0 1
    outer loop
      vertex 2 33 1.8
      vertex 0 61 1.8
      vertex 2 32 1.8
    endloop
  endfacet
  facet normal 0 0 1
    outer loop
      vertex 0 3 1.8
      vertex 2 32 1.8
      vertex 0 61 1.8
    endloop
  endfacet
  facet normal 0 0 1
    outer loop
      vertex 2 32 1.8
      vertex 0 3 1.8
      vertex 2 18 1.8
    endloop
  endfacet
  facet normal -0 0 1
    outer loop
      vertex 1.33328 63.4944 1.8
      vertex 2 62 1.8
      vertex 1.85194 63.7716 1.8
    endloop
  endfacet
  facet normal -0 0 1
    outer loop
      vertex 1.85194 63.7716 1.8
      vertex 2 62 1.8
      vertex 2.41473 63.9424 1.8
    endloop
  endfacet
  facet normal 0 0 1
    outer loop
      vertex 88 61 1.8
      vertex 86 47 1.8
      vertex 86 33 1.8
    endloop
  endfacet
  facet normal 0 0 1
    outer loop
      vertex 88 3 1.8
      vertex 86 3 1.8
      vertex 87.9424 2.41473 1.8
    endloop
  endfacet
  facet normal 0 0 1
    outer loop
      vertex 87.9424 2.41473 1.8
      vertex 86 3 1.8
      vertex 87.7716 1.85194 1.8
    endloop
  endfacet
  facet normal 0 0 1
    outer loop
      vertex 87.7716 1.85194 1.8
      vertex 86 3 1.8
      vertex 87.4944 1.33328 1.8
    endloop
  endfacet
  facet normal 0 0 1
    outer loop
      vertex 87.4944 1.33328 1.8
      vertex 86 3 1.8
      vertex 87.1213 0.878677 1.8
    endloop
  endfacet
  facet normal 0 0 1
    outer loop
      vertex 87.1213 0.878677 1.8
      vertex 86 3 1.8
      vertex 86.6667 0.505585 1.8
    endloop
  endfacet
  facet normal 0 0 1
    outer loop
      vertex 86.6667 0.505585 1.8
      vertex 86 3 1.8
      vertex 86.1481 0.228363 1.8
    endloop
  endfacet
  facet normal 0 0 1
    outer loop
      vertex 86 3 1.8
      vertex 85.5853 0.0576477 1.8
      vertex 86.1481 0.228363 1.8
    endloop
  endfacet
  facet normal 0 0 1
    outer loop
      vertex 86 3 1.8
      vertex 85 0 1.8
      vertex 85.5853 0.0576477 1.8
    endloop
  endfacet
  facet normal 0 0 1
    outer loop
      vertex 86 3 1.8
      vertex 3 0 1.8
      vertex 85 0 1.8
    endloop
  endfacet
  facet normal -0 0 1
    outer loop
      vertex 2 3 1.8
      vertex 3 0 1.8
      vertex 86 3 1.8
    endloop
  endfacet
  facet normal 0 0 1
    outer loop
      vertex 3 0 1.8
      vertex 2 3 1.8
      vertex 2.41473 0.0576477 1.8
    endloop
  endfacet
  facet normal 0 0 1
    outer loop
      vertex 2 3 1.8
      vertex 1.85194 0.228363 1.8
      vertex 2.41473 0.0576477 1.8
    endloop
  endfacet
  facet normal 0 0 1
    outer loop
      vertex 2 18 1.8
      vertex 0 3 1.8
      vertex 2 17 1.8
    endloop
  endfacet
  facet normal -0 0 1
    outer loop
      vertex 0.878677 63.1213 1.8
      vertex 2 62 1.8
      vertex 1.33328 63.4944 1.8
    endloop
  endfacet
  facet normal 0 0 1
    outer loop
      vertex 2 17 1.8
      vertex 0 3 1.8
      vertex 2 3 1.8
    endloop
  endfacet
  facet normal -0 0 1
    outer loop
      vertex 0.505585 62.6667 1.8
      vertex 2 62 1.8
      vertex 0.878677 63.1213 1.8
    endloop
  endfacet
  facet normal 0 -0 1
    outer loop
      vertex 0.0576477 2.41473 1.8
      vertex 2 3 1.8
      vertex 0 3 1.8
    endloop
  endfacet
  facet normal -0 0 1
    outer loop
      vertex 0.228363 62.1481 1.8
      vertex 2 62 1.8
      vertex 0.505585 62.6667 1.8
    endloop
  endfacet
  facet normal 0 0 1
    outer loop
      vertex 2 3 1.8
      vertex 1.33328 0.505585 1.8
      vertex 1.85194 0.228363 1.8
    endloop
  endfacet
  facet normal 0 0 1
    outer loop
      vertex 0.0576477 61.5853 1.8
      vertex 2 62 1.8
      vertex 0.228363 62.1481 1.8
    endloop
  endfacet
  facet normal 0 0 1
    outer loop
      vertex 2 3 1.8
      vertex 0.878677 0.878677 1.8
      vertex 1.33328 0.505585 1.8
    endloop
  endfacet
  facet normal 0 0 1
    outer loop
      vertex 2 62 1.8
      vertex 0.0576477 61.5853 1.8
      vertex 0 61 1.8
    endloop
  endfacet
  facet normal 0 0 1
    outer loop
      vertex 2 3 1.8
      vertex 0.505585 1.33328 1.8
      vertex 0.878677 0.878677 1.8
    endloop
  endfacet
  facet normal 0 0 1
    outer loop
      vertex 2 3 1.8
      vertex 0.228363 1.85194 1.8
      vertex 0.505585 1.33328 1.8
    endloop
  endfacet
  facet normal 0 0 1
    outer loop
      vertex 2 3 1.8
      vertex 0.0576477 2.41473 1.8
      vertex 0.228363 1.85194 1.8
    endloop
  endfacet
  facet normal -1 0 0
    outer loop
      vertex 2 3 1.8
      vertex 2 17 4
      vertex 2 17 1.8
    endloop
  endfacet
  facet normal -1 -0 0
    outer loop
      vertex 2 17 4
      vertex 2 3 1.8
      vertex 2 3 4
    endloop
  endfacet
  facet normal 0 1 -0
    outer loop
      vertex 86 17 1.8
      vertex 2 17 4
      vertex 86 17 4
    endloop
  endfacet
  facet normal 0 1 0
    outer loop
      vertex 2 17 4
      vertex 86 17 1.8
      vertex 2 17 1.8
    endloop
  endfacet
  facet normal 0 -1 0
    outer loop
      vertex 2 3 1.8
      vertex 86 3 4
      vertex 2 3 4
    endloop
  endfacet
  facet normal 0 -1 -0
    outer loop
      vertex 86 3 4
      vertex 2 3 1.8
      vertex 86 3 1.8
    endloop
  endfacet
  facet normal -1 0 0
    outer loop
      vertex 85 6.4 2.4
      vertex 85 13.6 4
      vertex 85 13.6 2.4
    endloop
  endfacet
  facet normal -1 -0 0
    outer loop
      vertex 85 13.6 4
      vertex 85 6.4 2.4
      vertex 85 6.4 4
    endloop
  endfacet
  facet normal 0 0 1
    outer loop
      vertex 85 13.6 2.4
      vertex 84.2 9.8 2.4
      vertex 85 6.4 2.4
    endloop
  endfacet
  facet normal -0 0 1
    outer loop
      vertex 82.2 13.4 2.4
      vertex 84.2 9.8 2.4
      vertex 85 13.6 2.4
    endloop
  endfacet
  facet normal -0 0 1
    outer loop
      vertex 82.2 10.2 2.4
      vertex 83 9.8 2.4
      vertex 82.2 13.4 2.4
    endloop
  endfacet
  facet normal 0 0 1
    outer loop
      vertex 84.2 9.8 2.4
      vertex 82.2 13.4 2.4
      vertex 83 9.8 2.4
    endloop
  endfacet
  facet normal 0 0 1
    outer loop
      vertex 85 13.6 2.4
      vertex 81 13.4 2.4
      vertex 82.2 13.4 2.4
    endloop
  endfacet
  facet normal 0 0 1
    outer loop
      vertex 81 13.4 2.4
      vertex 80.2 9.8 2.4
      vertex 81 10.2 2.4
    endloop
  endfacet
  facet normal 0 0 1
    outer loop
      vertex 81 13.4 2.4
      vertex 79 9.8 2.4
      vertex 80.2 9.8 2.4
    endloop
  endfacet
  facet normal -0 0 1
    outer loop
      vertex 78.2 10.2 2.4
      vertex 79 9.8 2.4
      vertex 78.2 13.4 2.4
    endloop
  endfacet
  facet normal 0 0 1
    outer loop
      vertex 81 13.4 2.4
      vertex 78.2 13.4 2.4
      vertex 79 9.8 2.4
    endloop
  endfacet
  facet normal 0 0 1
    outer loop
      vertex 85 13.6 2.4
      vertex 78.2 13.4 2.4
      vertex 81 13.4 2.4
    endloop
  endfacet
  facet normal 0 0 1
    outer loop
      vertex 85 13.6 2.4
      vertex 77 13.4 2.4
      vertex 78.2 13.4 2.4
    endloop
  endfacet
  facet normal 0 0 1
    outer loop
      vertex 77 13.4 2.4
      vertex 76.2 9.8 2.4
      vertex 77 10.2 2.4
    endloop
  endfacet
  facet normal 0 0 1
    outer loop
      vertex 77 13.4 2.4
      vertex 75 9.8 2.4
      vertex 76.2 9.8 2.4
    endloop
  endfacet
  facet normal -0 0 1
    outer loop
      vertex 74.2 10.2 2.4
      vertex 75 9.8 2.4
      vertex 74.2 13.4 2.4
    endloop
  endfacet
  facet normal 0 0 1
    outer loop
      vertex 77 13.4 2.4
      vertex 74.2 13.4 2.4
      vertex 75 9.8 2.4
    endloop
  endfacet
  facet normal 0 0 1
    outer loop
      vertex 85 13.6 2.4
      vertex 74.2 13.4 2.4
      vertex 77 13.4 2.4
    endloop
  endfacet
  facet normal 0 0 1
    outer loop
      vertex 85 13.6 2.4
      vertex 73 13.4 2.4
      vertex 74.2 13.4 2.4
    endloop
  endfacet
  facet normal 0 0 1
    outer loop
      vertex 73 13.4 2.4
      vertex 72.2 9.8 2.4
      vertex 73 10.2 2.4
    endloop
  endfacet
  facet normal 0 0 1
    outer loop
      vertex 73 13.4 2.4
      vertex 71 9.8 2.4
      vertex 72.2 9.8 2.4
    endloop
  endfacet
  facet normal -0 0 1
    outer loop
      vertex 70.2 10.2 2.4
      vertex 71 9.8 2.4
      vertex 70.2 13.4 2.4
    endloop
  endfacet
  facet normal 0 0 1
    outer loop
      vertex 73 13.4 2.4
      vertex 70.2 13.4 2.4
      vertex 71 9.8 2.4
    endloop
  endfacet
  facet normal 0 0 1
    outer loop
      vertex 85 13.6 2.4
      vertex 70.2 13.4 2.4
      vertex 73 13.4 2.4
    endloop
  endfacet
  facet normal 0 0 1
    outer loop
      vertex 85 13.6 2.4
      vertex 69 13.4 2.4
      vertex 70.2 13.4 2.4
    endloop
  endfacet
  facet normal 0 0 1
    outer loop
      vertex 69 13.4 2.4
      vertex 68.2 9.8 2.4
      vertex 69 10.2 2.4
    endloop
  endfacet
  facet normal 0 0 1
    outer loop
      vertex 69 13.4 2.4
      vertex 67 9.8 2.4
      vertex 68.2 9.8 2.4
    endloop
  endfacet
  facet normal -0 0 1
    outer loop
      vertex 66.2 10.2 2.4
      vertex 67 9.8 2.4
      vertex 66.2 13.4 2.4
    endloop
  endfacet
  facet normal 0 0 1
    outer loop
      vertex 69 13.4 2.4
      vertex 66.2 13.4 2.4
      vertex 67 9.8 2.4
    endloop
  endfacet
  facet normal 0 0 1
    outer loop
      vertex 85 13.6 2.4
      vertex 66.2 13.4 2.4
      vertex 69 13.4 2.4
    endloop
  endfacet
  facet normal 0 0 1
    outer loop
      vertex 85 13.6 2.4
      vertex 65 13.4 2.4
      vertex 66.2 13.4 2.4
    endloop
  endfacet
  facet normal 0 0 1
    outer loop
      vertex 65 13.4 2.4
      vertex 64.2 9.8 2.4
      vertex 65 10.2 2.4
    endloop
  endfacet
  facet normal 0 0 1
    outer loop
      vertex 65 13.4 2.4
      vertex 63 9.8 2.4
      vertex 64.2 9.8 2.4
    endloop
  endfacet
  facet normal -0 0 1
    outer loop
      vertex 62.2 10.2 2.4
      vertex 63 9.8 2.4
      vertex 62.2 13.4 2.4
    endloop
  endfacet
  facet normal 0 0 1
    outer loop
      vertex 65 13.4 2.4
      vertex 62.2 13.4 2.4
      vertex 63 9.8 2.4
    endloop
  endfacet
  facet normal 0 0 1
    outer loop
      vertex 85 13.6 2.4
      vertex 62.2 13.4 2.4
      vertex 65 13.4 2.4
    endloop
  endfacet
  facet normal 0 0 1
    outer loop
      vertex 85 13.6 2.4
      vertex 61 13.4 2.4
      vertex 62.2 13.4 2.4
    endloop
  endfacet
  facet normal 0 0 1
    outer loop
      vertex 61 13.4 2.4
      vertex 60.2 9.8 2.4
      vertex 61 10.2 2.4
    endloop
  endfacet
  facet normal 0 0 1
    outer loop
      vertex 61 13.4 2.4
      vertex 59 9.8 2.4
      vertex 60.2 9.8 2.4
    endloop
  endfacet
  facet normal -0 0 1
    outer loop
      vertex 58.2 10.2 2.4
      vertex 59 9.8 2.4
      vertex 58.2 13.4 2.4
    endloop
  endfacet
  facet normal 0 0 1
    outer loop
      vertex 61 13.4 2.4
      vertex 58.2 13.4 2.4
      vertex 59 9.8 2.4
    endloop
  endfacet
  facet normal 0 0 1
    outer loop
      vertex 85 13.6 2.4
      vertex 58.2 13.4 2.4
      vertex 61 13.4 2.4
    endloop
  endfacet
  facet normal 0 0 1
    outer loop
      vertex 85 13.6 2.4
      vertex 57 13.4 2.4
      vertex 58.2 13.4 2.4
    endloop
  endfacet
  facet normal 0 0 1
    outer loop
      vertex 57 13.4 2.4
      vertex 56.2 9.8 2.4
      vertex 57 10.2 2.4
    endloop
  endfacet
  facet normal 0 0 1
    outer loop
      vertex 57 13.4 2.4
      vertex 55 9.8 2.4
      vertex 56.2 9.8 2.4
    endloop
  endfacet
  facet normal -0 0 1
    outer loop
      vertex 54.2 10.2 2.4
      vertex 55 9.8 2.4
      vertex 54.2 13.4 2.4
    endloop
  endfacet
  facet normal 0 0 1
    outer loop
      vertex 57 13.4 2.4
      vertex 54.2 13.4 2.4
      vertex 55 9.8 2.4
    endloop
  endfacet
  facet normal 0 0 1
    outer loop
      vertex 85 13.6 2.4
      vertex 54.2 13.4 2.4
      vertex 57 13.4 2.4
    endloop
  endfacet
  facet normal 0 0 1
    outer loop
      vertex 85 13.6 2.4
      vertex 53 13.4 2.4
      vertex 54.2 13.4 2.4
    endloop
  endfacet
  facet normal 0 0 1
    outer loop
      vertex 53 13.4 2.4
      vertex 52.2 9.8 2.4
      vertex 53 10.2 2.4
    endloop
  endfacet
  facet normal 0 0 1
    outer loop
      vertex 53 13.4 2.4
      vertex 51 9.8 2.4
      vertex 52.2 9.8 2.4
    endloop
  endfacet
  facet normal -0 0 1
    outer loop
      vertex 50.2 10.2 2.4
      vertex 51 9.8 2.4
      vertex 50.2 13.4 2.4
    endloop
  endfacet
  facet normal 0 0 1
    outer loop
      vertex 53 13.4 2.4
      vertex 50.2 13.4 2.4
      vertex 51 9.8 2.4
    endloop
  endfacet
  facet normal 0 0 1
    outer loop
      vertex 85 13.6 2.4
      vertex 50.2 13.4 2.4
      vertex 53 13.4 2.4
    endloop
  endfacet
  facet normal 0 0 1
    outer loop
      vertex 85 13.6 2.4
      vertex 49 13.4 2.4
      vertex 50.2 13.4 2.4
    endloop
  endfacet
  facet normal 0 0 1
    outer loop
      vertex 49 13.4 2.4
      vertex 48.2 9.8 2.4
      vertex 49 10.2 2.4
    endloop
  endfacet
  facet normal 0 0 1
    outer loop
      vertex 49 13.4 2.4
      vertex 47 9.8 2.4
      vertex 48.2 9.8 2.4
    endloop
  endfacet
  facet normal -0 0 1
    outer loop
      vertex 46.2 10.2 2.4
      vertex 47 9.8 2.4
      vertex 46.2 13.4 2.4
    endloop
  endfacet
  facet normal 0 0 1
    outer loop
      vertex 49 13.4 2.4
      vertex 46.2 13.4 2.4
      vertex 47 9.8 2.4
    endloop
  endfacet
  facet normal 0 0 1
    outer loop
      vertex 85 13.6 2.4
      vertex 46.2 13.4 2.4
      vertex 49 13.4 2.4
    endloop
  endfacet
  facet normal 0 0 1
    outer loop
      vertex 85 13.6 2.4
      vertex 45 13.4 2.4
      vertex 46.2 13.4 2.4
    endloop
  endfacet
  facet normal 0 0 1
    outer loop
      vertex 45 13.4 2.4
      vertex 44.2 9.8 2.4
      vertex 45 10.2 2.4
    endloop
  endfacet
  facet normal 0 0 1
    outer loop
      vertex 45 13.4 2.4
      vertex 43 9.8 2.4
      vertex 44.2 9.8 2.4
    endloop
  endfacet
  facet normal -0 0 1
    outer loop
      vertex 42.2 10.2 2.4
      vertex 43 9.8 2.4
      vertex 42.2 13.4 2.4
    endloop
  endfacet
  facet normal 0 0 1
    outer loop
      vertex 45 13.4 2.4
      vertex 42.2 13.4 2.4
      vertex 43 9.8 2.4
    endloop
  endfacet
  facet normal 0 0 1
    outer loop
      vertex 85 13.6 2.4
      vertex 42.2 13.4 2.4
      vertex 45 13.4 2.4
    endloop
  endfacet
  facet normal 0 0 1
    outer loop
      vertex 85 13.6 2.4
      vertex 41 13.4 2.4
      vertex 42.2 13.4 2.4
    endloop
  endfacet
  facet normal 0 0 1
    outer loop
      vertex 41 13.4 2.4
      vertex 40.2 9.8 2.4
      vertex 41 10.2 2.4
    endloop
  endfacet
  facet normal 0 0 1
    outer loop
      vertex 41 13.4 2.4
      vertex 39 9.8 2.4
      vertex 40.2 9.8 2.4
    endloop
  endfacet
  facet normal -0 0 1
    outer loop
      vertex 38.2 10.2 2.4
      vertex 39 9.8 2.4
      vertex 38.2 13.4 2.4
    endloop
  endfacet
  facet normal 0 0 1
    outer loop
      vertex 41 13.4 2.4
      vertex 38.2 13.4 2.4
      vertex 39 9.8 2.4
    endloop
  endfacet
  facet normal 0 0 1
    outer loop
      vertex 85 13.6 2.4
      vertex 38.2 13.4 2.4
      vertex 41 13.4 2.4
    endloop
  endfacet
  facet normal 0 0 1
    outer loop
      vertex 85 13.6 2.4
      vertex 37 13.4 2.4
      vertex 38.2 13.4 2.4
    endloop
  endfacet
  facet normal 0 0 1
    outer loop
      vertex 37 13.4 2.4
      vertex 36.2 9.8 2.4
      vertex 37 10.2 2.4
    endloop
  endfacet
  facet normal 0 0 1
    outer loop
      vertex 37 13.4 2.4
      vertex 35 9.8 2.4
      vertex 36.2 9.8 2.4
    endloop
  endfacet
  facet normal -0 0 1
    outer loop
      vertex 34.2 10.2 2.4
      vertex 35 9.8 2.4
      vertex 34.2 13.4 2.4
    endloop
  endfacet
  facet normal 0 0 1
    outer loop
      vertex 37 13.4 2.4
      vertex 34.2 13.4 2.4
      vertex 35 9.8 2.4
    endloop
  endfacet
  facet normal -0 0 1
    outer loop
      vertex 22 13.6 2.4
      vertex 37 13.4 2.4
      vertex 85 13.6 2.4
    endloop
  endfacet
  facet normal 0 0 1
    outer loop
      vertex 37 13.4 2.4
      vertex 22 13.6 2.4
      vertex 34.2 13.4 2.4
    endloop
  endfacet
  facet normal 0 0 1
    outer loop
      vertex 33 13.4 2.4
      vertex 32.2 9.8 2.4
      vertex 33 10.2 2.4
    endloop
  endfacet
  facet normal 0 0 1
    outer loop
      vertex 33 13.4 2.4
      vertex 31 9.8 2.4
      vertex 32.2 9.8 2.4
    endloop
  endfacet
  facet normal -0 0 1
    outer loop
      vertex 30.2 10.2 2.4
      vertex 31 9.8 2.4
      vertex 30.2 13.4 2.4
    endloop
  endfacet
  facet normal 0 0 1
    outer loop
      vertex 33 13.4 2.4
      vertex 30.2 13.4 2.4
      vertex 31 9.8 2.4
    endloop
  endfacet
  facet normal 0 0 1
    outer loop
      vertex 34.2 13.4 2.4
      vertex 22 13.6 2.4
      vertex 33 13.4 2.4
    endloop
  endfacet
  facet normal 0 0 1
    outer loop
      vertex 33 13.4 2.4
      vertex 22 13.6 2.4
      vertex 30.2 13.4 2.4
    endloop
  endfacet
  facet normal 0 0 1
    outer loop
      vertex 29 13.4 2.4
      vertex 28.2 9.8 2.4
      vertex 29 10.2 2.4
    endloop
  endfacet
  facet normal 0 0 1
    outer loop
      vertex 29 13.4 2.4
      vertex 27 9.8 2.4
      vertex 28.2 9.8 2.4
    endloop
  endfacet
  facet normal -0 0 1
    outer loop
      vertex 26.2 10.2 2.4
      vertex 27 9.8 2.4
      vertex 26.2 13.4 2.4
    endloop
  endfacet
  facet normal 0 0 1
    outer loop
      vertex 29 13.4 2.4
      vertex 26.2 13.4 2.4
      vertex 27 9.8 2.4
    endloop
  endfacet
  facet normal 0 0 1
    outer loop
      vertex 30.2 13.4 2.4
      vertex 22 13.6 2.4
      vertex 29 13.4 2.4
    endloop
  endfacet
  facet normal 0 0 1
    outer loop
      vertex 29 13.4 2.4
      vertex 22 13.6 2.4
      vertex 26.2 13.4 2.4
    endloop
  endfacet
  facet normal 0 0 1
    outer loop
      vertex 25 13.4 2.4
      vertex 24.2 9.8 2.4
      vertex 25 10.2 2.4
    endloop
  endfacet
  facet normal 0 0 1
    outer loop
      vertex 25 13.4 2.4
      vertex 23 9.8 2.4
      vertex 24.2 9.8 2.4
    endloop
  endfacet
  facet normal 0 0 1
    outer loop
      vertex 22 6.4 2.4
      vertex 23 9.8 2.4
      vertex 22 13.6 2.4
    endloop
  endfacet
  facet normal 0 0 1
    outer loop
      vertex 25 13.4 2.4
      vertex 22 13.6 2.4
      vertex 23 9.8 2.4
    endloop
  endfacet
  facet normal 0 0 1
    outer loop
      vertex 26.2 13.4 2.4
      vertex 22 13.6 2.4
      vertex 25 13.4 2.4
    endloop
  endfacet
  facet normal -0 0 1
    outer loop
      vertex 84.2 6.6 2.4
      vertex 85 6.4 2.4
      vertex 84.2 9.8 2.4
    endloop
  endfacet
  facet normal -0 0 1
    outer loop
      vertex 83 6.6 2.4
      vertex 85 6.4 2.4
      vertex 84.2 6.6 2.4
    endloop
  endfacet
  facet normal 0 0 1
    outer loop
      vertex 83 9.8 2.4
      vertex 82.2 10.2 2.4
      vertex 83 6.6 2.4
    endloop
  endfacet
  facet normal -0 0 1
    outer loop
      vertex 81 10.2 2.4
      vertex 83 6.6 2.4
      vertex 82.2 10.2 2.4
    endloop
  endfacet
  facet normal 0 0 1
    outer loop
      vertex 80.2 6.6 2.4
      vertex 81 10.2 2.4
      vertex 80.2 9.8 2.4
    endloop
  endfacet
  facet normal 0 0 1
    outer loop
      vertex 81 10.2 2.4
      vertex 80.2 6.6 2.4
      vertex 83 6.6 2.4
    endloop
  endfacet
  facet normal -0 0 1
    outer loop
      vertex 80.2 6.6 2.4
      vertex 85 6.4 2.4
      vertex 83 6.6 2.4
    endloop
  endfacet
  facet normal -0 0 1
    outer loop
      vertex 79 6.6 2.4
      vertex 85 6.4 2.4
      vertex 80.2 6.6 2.4
    endloop
  endfacet
  facet normal 0 0 1
    outer loop
      vertex 79 9.8 2.4
      vertex 78.2 10.2 2.4
      vertex 79 6.6 2.4
    endloop
  endfacet
  facet normal -0 0 1
    outer loop
      vertex 77 10.2 2.4
      vertex 79 6.6 2.4
      vertex 78.2 10.2 2.4
    endloop
  endfacet
  facet normal 0 0 1
    outer loop
      vertex 76.2 6.6 2.4
      vertex 77 10.2 2.4
      vertex 76.2 9.8 2.4
    endloop
  endfacet
  facet normal 0 0 1
    outer loop
      vertex 77 10.2 2.4
      vertex 76.2 6.6 2.4
      vertex 79 6.6 2.4
    endloop
  endfacet
  facet normal -0 0 1
    outer loop
      vertex 76.2 6.6 2.4
      vertex 85 6.4 2.4
      vertex 79 6.6 2.4
    endloop
  endfacet
  facet normal -0 0 1
    outer loop
      vertex 75 6.6 2.4
      vertex 85 6.4 2.4
      vertex 76.2 6.6 2.4
    endloop
  endfacet
  facet normal 0 0 1
    outer loop
      vertex 75 9.8 2.4
      vertex 74.2 10.2 2.4
      vertex 75 6.6 2.4
    endloop
  endfacet
  facet normal -0 0 1
    outer loop
      vertex 73 10.2 2.4
      vertex 75 6.6 2.4
      vertex 74.2 10.2 2.4
    endloop
  endfacet
  facet normal 0 0 1
    outer loop
      vertex 72.2 6.6 2.4
      vertex 73 10.2 2.4
      vertex 72.2 9.8 2.4
    endloop
  endfacet
  facet normal 0 0 1
    outer loop
      vertex 73 10.2 2.4
      vertex 72.2 6.6 2.4
      vertex 75 6.6 2.4
    endloop
  endfacet
  facet normal -0 0 1
    outer loop
      vertex 72.2 6.6 2.4
      vertex 85 6.4 2.4
      vertex 75 6.6 2.4
    endloop
  endfacet
  facet normal -0 0 1
    outer loop
      vertex 71 6.6 2.4
      vertex 85 6.4 2.4
      vertex 72.2 6.6 2.4
    endloop
  endfacet
  facet normal 0 0 1
    outer loop
      vertex 71 9.8 2.4
      vertex 70.2 10.2 2.4
      vertex 71 6.6 2.4
    endloop
  endfacet
  facet normal -0 0 1
    outer loop
      vertex 69 10.2 2.4
      vertex 71 6.6 2.4
      vertex 70.2 10.2 2.4
    endloop
  endfacet
  facet normal 0 0 1
    outer loop
      vertex 68.2 6.6 2.4
      vertex 69 10.2 2.4
      vertex 68.2 9.8 2.4
    endloop
  endfacet
  facet normal 0 0 1
    outer loop
      vertex 69 10.2 2.4
      vertex 68.2 6.6 2.4
      vertex 71 6.6 2.4
    endloop
  endfacet
  facet normal -0 0 1
    outer loop
      vertex 68.2 6.6 2.4
      vertex 85 6.4 2.4
      vertex 71 6.6 2.4
    endloop
  endfacet
  facet normal -0 0 1
    outer loop
      vertex 67 6.6 2.4
      vertex 85 6.4 2.4
      vertex 68.2 6.6 2.4
    endloop
  endfacet
  facet normal 0 0 1
    outer loop
      vertex 67 9.8 2.4
      vertex 66.2 10.2 2.4
      vertex 67 6.6 2.4
    endloop
  endfacet
  facet normal -0 0 1
    outer loop
      vertex 65 10.2 2.4
      vertex 67 6.6 2.4
      vertex 66.2 10.2 2.4
    endloop
  endfacet
  facet normal 0 0 1
    outer loop
      vertex 64.2 6.6 2.4
      vertex 65 10.2 2.4
      vertex 64.2 9.8 2.4
    endloop
  endfacet
  facet normal 0 0 1
    outer loop
      vertex 65 10.2 2.4
      vertex 64.2 6.6 2.4
      vertex 67 6.6 2.4
    endloop
  endfacet
  facet normal -0 0 1
    outer loop
      vertex 64.2 6.6 2.4
      vertex 85 6.4 2.4
      vertex 67 6.6 2.4
    endloop
  endfacet
  facet normal -0 0 1
    outer loop
      vertex 63 6.6 2.4
      vertex 85 6.4 2.4
      vertex 64.2 6.6 2.4
    endloop
  endfacet
  facet normal 0 0 1
    outer loop
      vertex 63 9.8 2.4
      vertex 62.2 10.2 2.4
      vertex 63 6.6 2.4
    endloop
  endfacet
  facet normal -0 0 1
    outer loop
      vertex 61 10.2 2.4
      vertex 63 6.6 2.4
      vertex 62.2 10.2 2.4
    endloop
  endfacet
  facet normal 0 0 1
    outer loop
      vertex 60.2 6.6 2.4
      vertex 61 10.2 2.4
      vertex 60.2 9.8 2.4
    endloop
  endfacet
  facet normal 0 0 1
    outer loop
      vertex 61 10.2 2.4
      vertex 60.2 6.6 2.4
      vertex 63 6.6 2.4
    endloop
  endfacet
  facet normal -0 0 1
    outer loop
      vertex 60.2 6.6 2.4
      vertex 85 6.4 2.4
      vertex 63 6.6 2.4
    endloop
  endfacet
  facet normal -0 0 1
    outer loop
      vertex 59 6.6 2.4
      vertex 85 6.4 2.4
      vertex 60.2 6.6 2.4
    endloop
  endfacet
  facet normal 0 0 1
    outer loop
      vertex 59 9.8 2.4
      vertex 58.2 10.2 2.4
      vertex 59 6.6 2.4
    endloop
  endfacet
  facet normal -0 0 1
    outer loop
      vertex 57 10.2 2.4
      vertex 59 6.6 2.4
      vertex 58.2 10.2 2.4
    endloop
  endfacet
  facet normal 0 0 1
    outer loop
      vertex 56.2 6.6 2.4
      vertex 57 10.2 2.4
      vertex 56.2 9.8 2.4
    endloop
  endfacet
  facet normal 0 0 1
    outer loop
      vertex 57 10.2 2.4
      vertex 56.2 6.6 2.4
      vertex 59 6.6 2.4
    endloop
  endfacet
  facet normal -0 0 1
    outer loop
      vertex 56.2 6.6 2.4
      vertex 85 6.4 2.4
      vertex 59 6.6 2.4
    endloop
  endfacet
  facet normal -0 0 1
    outer loop
      vertex 55 6.6 2.4
      vertex 85 6.4 2.4
      vertex 56.2 6.6 2.4
    endloop
  endfacet
  facet normal 0 0 1
    outer loop
      vertex 55 9.8 2.4
      vertex 54.2 10.2 2.4
      vertex 55 6.6 2.4
    endloop
  endfacet
  facet normal -0 0 1
    outer loop
      vertex 53 10.2 2.4
      vertex 55 6.6 2.4
      vertex 54.2 10.2 2.4
    endloop
  endfacet
  facet normal 0 0 1
    outer loop
      vertex 52.2 6.6 2.4
      vertex 53 10.2 2.4
      vertex 52.2 9.8 2.4
    endloop
  endfacet
  facet normal 0 0 1
    outer loop
      vertex 53 10.2 2.4
      vertex 52.2 6.6 2.4
      vertex 55 6.6 2.4
    endloop
  endfacet
  facet normal -0 0 1
    outer loop
      vertex 52.2 6.6 2.4
      vertex 85 6.4 2.4
      vertex 55 6.6 2.4
    endloop
  endfacet
  facet normal -0 0 1
    outer loop
      vertex 51 6.6 2.4
      vertex 85 6.4 2.4
      vertex 52.2 6.6 2.4
    endloop
  endfacet
  facet normal 0 0 1
    outer loop
      vertex 51 9.8 2.4
      vertex 50.2 10.2 2.4
      vertex 51 6.6 2.4
    endloop
  endfacet
  facet normal -0 0 1
    outer loop
      vertex 49 10.2 2.4
      vertex 51 6.6 2.4
      vertex 50.2 10.2 2.4
    endloop
  endfacet
  facet normal 0 0 1
    outer loop
      vertex 48.2 6.6 2.4
      vertex 49 10.2 2.4
      vertex 48.2 9.8 2.4
    endloop
  endfacet
  facet normal 0 0 1
    outer loop
      vertex 49 10.2 2.4
      vertex 48.2 6.6 2.4
      vertex 51 6.6 2.4
    endloop
  endfacet
  facet normal -0 0 1
    outer loop
      vertex 48.2 6.6 2.4
      vertex 85 6.4 2.4
      vertex 51 6.6 2.4
    endloop
  endfacet
  facet normal -0 0 1
    outer loop
      vertex 47 6.6 2.4
      vertex 85 6.4 2.4
      vertex 48.2 6.6 2.4
    endloop
  endfacet
  facet normal 0 0 1
    outer loop
      vertex 47 9.8 2.4
      vertex 46.2 10.2 2.4
      vertex 47 6.6 2.4
    endloop
  endfacet
  facet normal -0 0 1
    outer loop
      vertex 45 10.2 2.4
      vertex 47 6.6 2.4
      vertex 46.2 10.2 2.4
    endloop
  endfacet
  facet normal 0 0 1
    outer loop
      vertex 44.2 6.6 2.4
      vertex 45 10.2 2.4
      vertex 44.2 9.8 2.4
    endloop
  endfacet
  facet normal 0 0 1
    outer loop
      vertex 45 10.2 2.4
      vertex 44.2 6.6 2.4
      vertex 47 6.6 2.4
    endloop
  endfacet
  facet normal -0 0 1
    outer loop
      vertex 44.2 6.6 2.4
      vertex 85 6.4 2.4
      vertex 47 6.6 2.4
    endloop
  endfacet
  facet normal -0 0 1
    outer loop
      vertex 43 6.6 2.4
      vertex 85 6.4 2.4
      vertex 44.2 6.6 2.4
    endloop
  endfacet
  facet normal 0 0 1
    outer loop
      vertex 43 9.8 2.4
      vertex 42.2 10.2 2.4
      vertex 43 6.6 2.4
    endloop
  endfacet
  facet normal -0 0 1
    outer loop
      vertex 41 10.2 2.4
      vertex 43 6.6 2.4
      vertex 42.2 10.2 2.4
    endloop
  endfacet
  facet normal 0 0 1
    outer loop
      vertex 40.2 6.6 2.4
      vertex 41 10.2 2.4
      vertex 40.2 9.8 2.4
    endloop
  endfacet
  facet normal 0 0 1
    outer loop
      vertex 41 10.2 2.4
      vertex 40.2 6.6 2.4
      vertex 43 6.6 2.4
    endloop
  endfacet
  facet normal -0 0 1
    outer loop
      vertex 40.2 6.6 2.4
      vertex 85 6.4 2.4
      vertex 43 6.6 2.4
    endloop
  endfacet
  facet normal -0 0 1
    outer loop
      vertex 39 6.6 2.4
      vertex 85 6.4 2.4
      vertex 40.2 6.6 2.4
    endloop
  endfacet
  facet normal 0 0 1
    outer loop
      vertex 39 9.8 2.4
      vertex 38.2 10.2 2.4
      vertex 39 6.6 2.4
    endloop
  endfacet
  facet normal -0 0 1
    outer loop
      vertex 37 10.2 2.4
      vertex 39 6.6 2.4
      vertex 38.2 10.2 2.4
    endloop
  endfacet
  facet normal 0 0 1
    outer loop
      vertex 36.2 6.6 2.4
      vertex 37 10.2 2.4
      vertex 36.2 9.8 2.4
    endloop
  endfacet
  facet normal 0 0 1
    outer loop
      vertex 37 10.2 2.4
      vertex 36.2 6.6 2.4
      vertex 39 6.6 2.4
    endloop
  endfacet
  facet normal -0 0 1
    outer loop
      vertex 36.2 6.6 2.4
      vertex 85 6.4 2.4
      vertex 39 6.6 2.4
    endloop
  endfacet
  facet normal 0 0 1
    outer loop
      vertex 22 6.4 2.4
      vertex 36.2 6.6 2.4
      vertex 35 6.6 2.4
    endloop
  endfacet
  facet normal 0 0 1
    outer loop
      vertex 35 9.8 2.4
      vertex 34.2 10.2 2.4
      vertex 35 6.6 2.4
    endloop
  endfacet
  facet normal -0 0 1
    outer loop
      vertex 33 10.2 2.4
      vertex 35 6.6 2.4
      vertex 34.2 10.2 2.4
    endloop
  endfacet
  facet normal 0 0 1
    outer loop
      vertex 32.2 6.6 2.4
      vertex 33 10.2 2.4
      vertex 32.2 9.8 2.4
    endloop
  endfacet
  facet normal 0 0 1
    outer loop
      vertex 33 10.2 2.4
      vertex 32.2 6.6 2.4
      vertex 35 6.6 2.4
    endloop
  endfacet
  facet normal 0 0 1
    outer loop
      vertex 22 6.4 2.4
      vertex 35 6.6 2.4
      vertex 32.2 6.6 2.4
    endloop
  endfacet
  facet normal 0 0 1
    outer loop
      vertex 22 6.4 2.4
      vertex 32.2 6.6 2.4
      vertex 31 6.6 2.4
    endloop
  endfacet
  facet normal 0 0 1
    outer loop
      vertex 31 9.8 2.4
      vertex 30.2 10.2 2.4
      vertex 31 6.6 2.4
    endloop
  endfacet
  facet normal -0 0 1
    outer loop
      vertex 29 10.2 2.4
      vertex 31 6.6 2.4
      vertex 30.2 10.2 2.4
    endloop
  endfacet
  facet normal 0 0 1
    outer loop
      vertex 28.2 6.6 2.4
      vertex 29 10.2 2.4
      vertex 28.2 9.8 2.4
    endloop
  endfacet
  facet normal 0 0 1
    outer loop
      vertex 29 10.2 2.4
      vertex 28.2 6.6 2.4
      vertex 31 6.6 2.4
    endloop
  endfacet
  facet normal 0 0 1
    outer loop
      vertex 22 6.4 2.4
      vertex 31 6.6 2.4
      vertex 28.2 6.6 2.4
    endloop
  endfacet
  facet normal 0 0 1
    outer loop
      vertex 22 6.4 2.4
      vertex 28.2 6.6 2.4
      vertex 27 6.6 2.4
    endloop
  endfacet
  facet normal 0 0 1
    outer loop
      vertex 27 9.8 2.4
      vertex 26.2 10.2 2.4
      vertex 27 6.6 2.4
    endloop
  endfacet
  facet normal -0 0 1
    outer loop
      vertex 25 10.2 2.4
      vertex 27 6.6 2.4
      vertex 26.2 10.2 2.4
    endloop
  endfacet
  facet normal 0 0 1
    outer loop
      vertex 24.2 6.6 2.4
      vertex 25 10.2 2.4
      vertex 24.2 9.8 2.4
    endloop
  endfacet
  facet normal 0 0 1
    outer loop
      vertex 25 10.2 2.4
      vertex 24.2 6.6 2.4
      vertex 27 6.6 2.4
    endloop
  endfacet
  facet normal 0 0 1
    outer loop
      vertex 22 6.4 2.4
      vertex 27 6.6 2.4
      vertex 24.2 6.6 2.4
    endloop
  endfacet
  facet normal 0 0 1
    outer loop
      vertex 22 6.4 2.4
      vertex 24.2 6.6 2.4
      vertex 23 6.6 2.4
    endloop
  endfacet
  facet normal 0 0 1
    outer loop
      vertex 36.2 6.6 2.4
      vertex 22 6.4 2.4
      vertex 85 6.4 2.4
    endloop
  endfacet
  facet normal 0 0 1
    outer loop
      vertex 23 9.8 2.4
      vertex 22 6.4 2.4
      vertex 23 6.6 2.4
    endloop
  endfacet
  facet normal 1 -0 0
    outer loop
      vertex 22 6.4 4
      vertex 22 13.6 2.4
      vertex 22 13.6 4
    endloop
  endfacet
  facet normal 1 0 0
    outer loop
      vertex 22 13.6 2.4
      vertex 22 6.4 4
      vertex 22 6.4 2.4
    endloop
  endfacet
  facet normal 0 -1 0
    outer loop
      vertex 22 13.6 2.4
      vertex 85 13.6 4
      vertex 22 13.6 4
    endloop
  endfacet
  facet normal 0 -1 -0
    outer loop
      vertex 85 13.6 4
      vertex 22 13.6 2.4
      vertex 85 13.6 2.4
    endloop
  endfacet
  facet normal 0 1 -0
    outer loop
      vertex 85 6.4 2.4
      vertex 22 6.4 4
      vertex 85 6.4 4
    endloop
  endfacet
  facet normal 0 1 0
    outer loop
      vertex 22 6.4 4
      vertex 85 6.4 2.4
      vertex 22 6.4 2.4
    endloop
  endfacet
  facet normal 1 -0 0
    outer loop
      vertex 24.2 6.6 3.6
      vertex 24.2 9.8 2.4
      vertex 24.2 9.8 3.6
    endloop
  endfacet
  facet normal 1 0 0
    outer loop
      vertex 24.2 9.8 2.4
      vertex 24.2 6.6 3.6
      vertex 24.2 6.6 2.4
    endloop
  endfacet
  facet normal -0 0 1
    outer loop
      vertex 23 9.8 3.6
      vertex 24.2 6.6 3.6
      vertex 24.2 9.8 3.6
    endloop
  endfacet
  facet normal 0 0 1
    outer loop
      vertex 24.2 6.6 3.6
      vertex 23 9.8 3.6
      vertex 23 6.6 3.6
    endloop
  endfacet
  facet normal -1 0 0
    outer loop
      vertex 23 6.6 2.4
      vertex 23 9.8 3.6
      vertex 23 9.8 2.4
    endloop
  endfacet
  facet normal -1 -0 0
    outer loop
      vertex 23 9.8 3.6
      vertex 23 6.6 2.4
      vertex 23 6.6 3.6
    endloop
  endfacet
  facet normal 0 1 -0
    outer loop
      vertex 24.2 9.8 2.4
      vertex 23 9.8 3.6
      vertex 24.2 9.8 3.6
    endloop
  endfacet
  facet normal 0 1 0
    outer loop
      vertex 23 9.8 3.6
      vertex 24.2 9.8 2.4
      vertex 23 9.8 2.4
    endloop
  endfacet
  facet normal 0 -1 0
    outer loop
      vertex 23 6.6 2.4
      vertex 24.2 6.6 3.6
      vertex 23 6.6 3.6
    endloop
  endfacet
  facet normal 0 -1 -0
    outer loop
      vertex 24.2 6.6 3.6
      vertex 23 6.6 2.4
      vertex 24.2 6.6 2.4
    endloop
  endfacet
  facet normal 1 -0 0
    outer loop
      vertex 26.2 10.2 3.6
      vertex 26.2 13.4 2.4
      vertex 26.2 13.4 3.6
    endloop
  endfacet
  facet normal 1 0 0
    outer loop
      vertex 26.2 13.4 2.4
      vertex 26.2 10.2 3.6
      vertex 26.2 10.2 2.4
    endloop
  endfacet
  facet normal -0 0 1
    outer loop
      vertex 25 13.4 3.6
      vertex 26.2 10.2 3.6
      vertex 26.2 13.4 3.6
    endloop
  endfacet
  facet normal 0 0 1
    outer loop
      vertex 26.2 10.2 3.6
      vertex 25 13.4 3.6
      vertex 25 10.2 3.6
    endloop
  endfacet
  facet normal -1 0 0
    outer loop
      vertex 25 10.2 2.4
      vertex 25 13.4 3.6
      vertex 25 13.4 2.4
    endloop
  endfacet
  facet normal -1 -0 0
    outer loop
      vertex 25 13.4 3.6
      vertex 25 10.2 2.4
      vertex 25 10.2 3.6
    endloop
  endfacet
  facet normal 0 1 -0
    outer loop
      vertex 26.2 13.4 2.4
      vertex 25 13.4 3.6
      vertex 26.2 13.4 3.6
    endloop
  endfacet
  facet normal 0 1 0
    outer loop
      vertex 25 13.4 3.6
      vertex 26.2 13.4 2.4
      vertex 25 13.4 2.4
    endloop
  endfacet
  facet normal 0 -1 0
    outer loop
      vertex 25 10.2 2.4
      vertex 26.2 10.2 3.6
      vertex 25 10.2 3.6
    endloop
  endfacet
  facet normal 0 -1 -0
    outer loop
      vertex 26.2 10.2 3.6
      vertex 25 10.2 2.4
      vertex 26.2 10.2 2.4
    endloop
  endfacet
  facet normal 1 -0 0
    outer loop
      vertex 28.2 6.6 3.6
      vertex 28.2 9.8 2.4
      vertex 28.2 9.8 3.6
    endloop
  endfacet
  facet normal 1 0 0
    outer loop
      vertex 28.2 9.8 2.4
      vertex 28.2 6.6 3.6
      vertex 28.2 6.6 2.4
    endloop
  endfacet
  facet normal -0 0 1
    outer loop
      vertex 27 9.8 3.6
      vertex 28.2 6.6 3.6
      vertex 28.2 9.8 3.6
    endloop
  endfacet
  facet normal 0 0 1
    outer loop
      vertex 28.2 6.6 3.6
      vertex 27 9.8 3.6
      vertex 27 6.6 3.6
    endloop
  endfacet
  facet normal -1 0 0
    outer loop
      vertex 27 6.6 2.4
      vertex 27 9.8 3.6
      vertex 27 9.8 2.4
    endloop
  endfacet
  facet normal -1 -0 0
    outer loop
      vertex 27 9.8 3.6
      vertex 27 6.6 2.4
      vertex 27 6.6 3.6
    endloop
  endfacet
  facet normal 0 1 -0
    outer loop
      vertex 28.2 9.8 2.4
      vertex 27 9.8 3.6
      vertex 28.2 9.8 3.6
    endloop
  endfacet
  facet normal 0 1 0
    outer loop
      vertex 27 9.8 3.6
      vertex 28.2 9.8 2.4
      vertex 27 9.8 2.4
    endloop
  endfacet
  facet normal 0 -1 0
    outer loop
      vertex 27 6.6 2.4
      vertex 28.2 6.6 3.6
      vertex 27 6.6 3.6
    endloop
  endfacet
  facet normal 0 -1 -0
    outer loop
      vertex 28.2 6.6 3.6
      vertex 27 6.6 2.4
      vertex 28.2 6.6 2.4
    endloop
  endfacet
  facet normal 1 -0 0
    outer loop
      vertex 30.2 10.2 3.6
      vertex 30.2 13.4 2.4
      vertex 30.2 13.4 3.6
    endloop
  endfacet
  facet normal 1 0 0
    outer loop
      vertex 30.2 13.4 2.4
      vertex 30.2 10.2 3.6
      vertex 30.2 10.2 2.4
    endloop
  endfacet
  facet normal -0 0 1
    outer loop
      vertex 29 13.4 3.6
      vertex 30.2 10.2 3.6
      vertex 30.2 13.4 3.6
    endloop
  endfacet
  facet normal 0 0 1
    outer loop
      vertex 30.2 10.2 3.6
      vertex 29 13.4 3.6
      vertex 29 10.2 3.6
    endloop
  endfacet
  facet normal -1 0 0
    outer loop
      vertex 29 10.2 2.4
      vertex 29 13.4 3.6
      vertex 29 13.4 2.4
    endloop
  endfacet
  facet normal -1 -0 0
    outer loop
      vertex 29 13.4 3.6
      vertex 29 10.2 2.4
      vertex 29 10.2 3.6
    endloop
  endfacet
  facet normal 0 1 -0
    outer loop
      vertex 30.2 13.4 2.4
      vertex 29 13.4 3.6
      vertex 30.2 13.4 3.6
    endloop
  endfacet
  facet normal 0 1 0
    outer loop
      vertex 29 13.4 3.6
      vertex 30.2 13.4 2.4
      vertex 29 13.4 2.4
    endloop
  endfacet
  facet normal 0 -1 0
    outer loop
      vertex 29 10.2 2.4
      vertex 30.2 10.2 3.6
      vertex 29 10.2 3.6
    endloop
  endfacet
  facet normal 0 -1 -0
    outer loop
      vertex 30.2 10.2 3.6
      vertex 29 10.2 2.4
      vertex 30.2 10.2 2.4
    endloop
  endfacet
  facet normal 1 -0 0
    outer loop
      vertex 32.2 6.6 3.6
      vertex 32.2 9.8 2.4
      vertex 32.2 9.8 3.6
    endloop
  endfacet
  facet normal 1 0 0
    outer loop
      vertex 32.2 9.8 2.4
      vertex 32.2 6.6 3.6
      vertex 32.2 6.6 2.4
    endloop
  endfacet
  facet normal -0 0 1
    outer loop
      vertex 31 9.8 3.6
      vertex 32.2 6.6 3.6
      vertex 32.2 9.8 3.6
    endloop
  endfacet
  facet normal 0 0 1
    outer loop
      vertex 32.2 6.6 3.6
      vertex 31 9.8 3.6
      vertex 31 6.6 3.6
    endloop
  endfacet
  facet normal -1 0 0
    outer loop
      vertex 31 6.6 2.4
      vertex 31 9.8 3.6
      vertex 31 9.8 2.4
    endloop
  endfacet
  facet normal -1 -0 0
    outer loop
      vertex 31 9.8 3.6
      vertex 31 6.6 2.4
      vertex 31 6.6 3.6
    endloop
  endfacet
  facet normal 0 1 -0
    outer loop
      vertex 32.2 9.8 2.4
      vertex 31 9.8 3.6
      vertex 32.2 9.8 3.6
    endloop
  endfacet
  facet normal 0 1 0
    outer loop
      vertex 31 9.8 3.6
      vertex 32.2 9.8 2.4
      vertex 31 9.8 2.4
    endloop
  endfacet
  facet normal 0 -1 0
    outer loop
      vertex 31 6.6 2.4
      vertex 32.2 6.6 3.6
      vertex 31 6.6 3.6
    endloop
  endfacet
  facet normal 0 -1 -0
    outer loop
      vertex 32.2 6.6 3.6
      vertex 31 6.6 2.4
      vertex 32.2 6.6 2.4
    endloop
  endfacet
  facet normal 1 -0 0
    outer loop
      vertex 34.2 10.2 3.6
      vertex 34.2 13.4 2.4
      vertex 34.2 13.4 3.6
    endloop
  endfacet
  facet normal 1 0 0
    outer loop
      vertex 34.2 13.4 2.4
      vertex 34.2 10.2 3.6
      vertex 34.2 10.2 2.4
    endloop
  endfacet
  facet normal -0 0 1
    outer loop
      vertex 33 13.4 3.6
      vertex 34.2 10.2 3.6
      vertex 34.2 13.4 3.6
    endloop
  endfacet
  facet normal 0 0 1
    outer loop
      vertex 34.2 10.2 3.6
      vertex 33 13.4 3.6
      vertex 33 10.2 3.6
    endloop
  endfacet
  facet normal -1 0 0
    outer loop
      vertex 33 10.2 2.4
      vertex 33 13.4 3.6
      vertex 33 13.4 2.4
    endloop
  endfacet
  facet normal -1 -0 0
    outer loop
      vertex 33 13.4 3.6
      vertex 33 10.2 2.4
      vertex 33 10.2 3.6
    endloop
  endfacet
  facet normal 0 1 -0
    outer loop
      vertex 34.2 13.4 2.4
      vertex 33 13.4 3.6
      vertex 34.2 13.4 3.6
    endloop
  endfacet
  facet normal 0 1 0
    outer loop
      vertex 33 13.4 3.6
      vertex 34.2 13.4 2.4
      vertex 33 13.4 2.4
    endloop
  endfacet
  facet normal 0 -1 0
    outer loop
      vertex 33 10.2 2.4
      vertex 34.2 10.2 3.6
      vertex 33 10.2 3.6
    endloop
  endfacet
  facet normal 0 -1 -0
    outer loop
      vertex 34.2 10.2 3.6
      vertex 33 10.2 2.4
      vertex 34.2 10.2 2.4
    endloop
  endfacet
  facet normal 1 -0 0
    outer loop
      vertex 36.2 6.6 3.6
      vertex 36.2 9.8 2.4
      vertex 36.2 9.8 3.6
    endloop
  endfacet
  facet normal 1 0 0
    outer loop
      vertex 36.2 9.8 2.4
      vertex 36.2 6.6 3.6
      vertex 36.2 6.6 2.4
    endloop
  endfacet
  facet normal -0 0 1
    outer loop
      vertex 35 9.8 3.6
      vertex 36.2 6.6 3.6
      vertex 36.2 9.8 3.6
    endloop
  endfacet
  facet normal 0 0 1
    outer loop
      vertex 36.2 6.6 3.6
      vertex 35 9.8 3.6
      vertex 35 6.6 3.6
    endloop
  endfacet
  facet normal -1 0 0
    outer loop
      vertex 35 6.6 2.4
      vertex 35 9.8 3.6
      vertex 35 9.8 2.4
    endloop
  endfacet
  facet normal -1 -0 0
    outer loop
      vertex 35 9.8 3.6
      vertex 35 6.6 2.4
      vertex 35 6.6 3.6
    endloop
  endfacet
  facet normal 0 1 -0
    outer loop
      vertex 36.2 9.8 2.4
      vertex 35 9.8 3.6
      vertex 36.2 9.8 3.6
    endloop
  endfacet
  facet normal 0 1 0
    outer loop
      vertex 35 9.8 3.6
      vertex 36.2 9.8 2.4
      vertex 35 9.8 2.4
    endloop
  endfacet
  facet normal 0 -1 0
    outer loop
      vertex 35 6.6 2.4
      vertex 36.2 6.6 3.6
      vertex 35 6.6 3.6
    endloop
  endfacet
  facet normal 0 -1 -0
    outer loop
      vertex 36.2 6.6 3.6
      vertex 35 6.6 2.4
      vertex 36.2 6.6 2.4
    endloop
  endfacet
  facet normal 1 -0 0
    outer loop
      vertex 38.2 10.2 3.6
      vertex 38.2 13.4 2.4
      vertex 38.2 13.4 3.6
    endloop
  endfacet
  facet normal 1 0 0
    outer loop
      vertex 38.2 13.4 2.4
      vertex 38.2 10.2 3.6
      vertex 38.2 10.2 2.4
    endloop
  endfacet
  facet normal -0 0 1
    outer loop
      vertex 37 13.4 3.6
      vertex 38.2 10.2 3.6
      vertex 38.2 13.4 3.6
    endloop
  endfacet
  facet normal 0 0 1
    outer loop
      vertex 38.2 10.2 3.6
      vertex 37 13.4 3.6
      vertex 37 10.2 3.6
    endloop
  endfacet
  facet normal -1 0 0
    outer loop
      vertex 37 10.2 2.4
      vertex 37 13.4 3.6
      vertex 37 13.4 2.4
    endloop
  endfacet
  facet normal -1 -0 0
    outer loop
      vertex 37 13.4 3.6
      vertex 37 10.2 2.4
      vertex 37 10.2 3.6
    endloop
  endfacet
  facet normal 0 1 -0
    outer loop
      vertex 38.2 13.4 2.4
      vertex 37 13.4 3.6
      vertex 38.2 13.4 3.6
    endloop
  endfacet
  facet normal 0 1 0
    outer loop
      vertex 37 13.4 3.6
      vertex 38.2 13.4 2.4
      vertex 37 13.4 2.4
    endloop
  endfacet
  facet normal 0 -1 0
    outer loop
      vertex 37 10.2 2.4
      vertex 38.2 10.2 3.6
      vertex 37 10.2 3.6
    endloop
  endfacet
  facet normal 0 -1 -0
    outer loop
      vertex 38.2 10.2 3.6
      vertex 37 10.2 2.4
      vertex 38.2 10.2 2.4
    endloop
  endfacet
  facet normal 1 -0 0
    outer loop
      vertex 40.2 6.6 3.6
      vertex 40.2 9.8 2.4
      vertex 40.2 9.8 3.6
    endloop
  endfacet
  facet normal 1 0 0
    outer loop
      vertex 40.2 9.8 2.4
      vertex 40.2 6.6 3.6
      vertex 40.2 6.6 2.4
    endloop
  endfacet
  facet normal -0 0 1
    outer loop
      vertex 39 9.8 3.6
      vertex 40.2 6.6 3.6
      vertex 40.2 9.8 3.6
    endloop
  endfacet
  facet normal 0 0 1
    outer loop
      vertex 40.2 6.6 3.6
      vertex 39 9.8 3.6
      vertex 39 6.6 3.6
    endloop
  endfacet
  facet normal -1 0 0
    outer loop
      vertex 39 6.6 2.4
      vertex 39 9.8 3.6
      vertex 39 9.8 2.4
    endloop
  endfacet
  facet normal -1 -0 0
    outer loop
      vertex 39 9.8 3.6
      vertex 39 6.6 2.4
      vertex 39 6.6 3.6
    endloop
  endfacet
  facet normal 0 1 -0
    outer loop
      vertex 40.2 9.8 2.4
      vertex 39 9.8 3.6
      vertex 40.2 9.8 3.6
    endloop
  endfacet
  facet normal 0 1 0
    outer loop
      vertex 39 9.8 3.6
      vertex 40.2 9.8 2.4
      vertex 39 9.8 2.4
    endloop
  endfacet
  facet normal 0 -1 0
    outer loop
      vertex 39 6.6 2.4
      vertex 40.2 6.6 3.6
      vertex 39 6.6 3.6
    endloop
  endfacet
  facet normal 0 -1 -0
    outer loop
      vertex 40.2 6.6 3.6
      vertex 39 6.6 2.4
      vertex 40.2 6.6 2.4
    endloop
  endfacet
  facet normal 1 -0 0
    outer loop
      vertex 42.2 10.2 3.6
      vertex 42.2 13.4 2.4
      vertex 42.2 13.4 3.6
    endloop
  endfacet
  facet normal 1 0 0
    outer loop
      vertex 42.2 13.4 2.4
      vertex 42.2 10.2 3.6
      vertex 42.2 10.2 2.4
    endloop
  endfacet
  facet normal -0 0 1
    outer loop
      vertex 41 13.4 3.6
      vertex 42.2 10.2 3.6
      vertex 42.2 13.4 3.6
    endloop
  endfacet
  facet normal 0 0 1
    outer loop
      vertex 42.2 10.2 3.6
      vertex 41 13.4 3.6
      vertex 41 10.2 3.6
    endloop
  endfacet
  facet normal -1 0 0
    outer loop
      vertex 41 10.2 2.4
      vertex 41 13.4 3.6
      vertex 41 13.4 2.4
    endloop
  endfacet
  facet normal -1 -0 0
    outer loop
      vertex 41 13.4 3.6
      vertex 41 10.2 2.4
      vertex 41 10.2 3.6
    endloop
  endfacet
  facet normal 0 1 -0
    outer loop
      vertex 42.2 13.4 2.4
      vertex 41 13.4 3.6
      vertex 42.2 13.4 3.6
    endloop
  endfacet
  facet normal 0 1 0
    outer loop
      vertex 41 13.4 3.6
      vertex 42.2 13.4 2.4
      vertex 41 13.4 2.4
    endloop
  endfacet
  facet normal 0 -1 0
    outer loop
      vertex 41 10.2 2.4
      vertex 42.2 10.2 3.6
      vertex 41 10.2 3.6
    endloop
  endfacet
  facet normal 0 -1 -0
    outer loop
      vertex 42.2 10.2 3.6
      vertex 41 10.2 2.4
      vertex 42.2 10.2 2.4
    endloop
  endfacet
  facet normal 1 -0 0
    outer loop
      vertex 44.2 6.6 3.6
      vertex 44.2 9.8 2.4
      vertex 44.2 9.8 3.6
    endloop
  endfacet
  facet normal 1 0 0
    outer loop
      vertex 44.2 9.8 2.4
      vertex 44.2 6.6 3.6
      vertex 44.2 6.6 2.4
    endloop
  endfacet
  facet normal -0 0 1
    outer loop
      vertex 43 9.8 3.6
      vertex 44.2 6.6 3.6
      vertex 44.2 9.8 3.6
    endloop
  endfacet
  facet normal 0 0 1
    outer loop
      vertex 44.2 6.6 3.6
      vertex 43 9.8 3.6
      vertex 43 6.6 3.6
    endloop
  endfacet
  facet normal -1 0 0
    outer loop
      vertex 43 6.6 2.4
      vertex 43 9.8 3.6
      vertex 43 9.8 2.4
    endloop
  endfacet
  facet normal -1 -0 0
    outer loop
      vertex 43 9.8 3.6
      vertex 43 6.6 2.4
      vertex 43 6.6 3.6
    endloop
  endfacet
  facet normal 0 1 -0
    outer loop
      vertex 44.2 9.8 2.4
      vertex 43 9.8 3.6
      vertex 44.2 9.8 3.6
    endloop
  endfacet
  facet normal 0 1 0
    outer loop
      vertex 43 9.8 3.6
      vertex 44.2 9.8 2.4
      vertex 43 9.8 2.4
    endloop
  endfacet
  facet normal 0 -1 0
    outer loop
      vertex 43 6.6 2.4
      vertex 44.2 6.6 3.6
      vertex 43 6.6 3.6
    endloop
  endfacet
  facet normal 0 -1 -0
    outer loop
      vertex 44.2 6.6 3.6
      vertex 43 6.6 2.4
      vertex 44.2 6.6 2.4
    endloop
  endfacet
  facet normal 1 -0 0
    outer loop
      vertex 46.2 10.2 3.6
      vertex 46.2 13.4 2.4
      vertex 46.2 13.4 3.6
    endloop
  endfacet
  facet normal 1 0 0
    outer loop
      vertex 46.2 13.4 2.4
      vertex 46.2 10.2 3.6
      vertex 46.2 10.2 2.4
    endloop
  endfacet
  facet normal -0 0 1
    outer loop
      vertex 45 13.4 3.6
      vertex 46.2 10.2 3.6
      vertex 46.2 13.4 3.6
    endloop
  endfacet
  facet normal 0 0 1
    outer loop
      vertex 46.2 10.2 3.6
      vertex 45 13.4 3.6
      vertex 45 10.2 3.6
    endloop
  endfacet
  facet normal -1 0 0
    outer loop
      vertex 45 10.2 2.4
      vertex 45 13.4 3.6
      vertex 45 13.4 2.4
    endloop
  endfacet
  facet normal -1 -0 0
    outer loop
      vertex 45 13.4 3.6
      vertex 45 10.2 2.4
      vertex 45 10.2 3.6
    endloop
  endfacet
  facet normal 0 1 -0
    outer loop
      vertex 46.2 13.4 2.4
      vertex 45 13.4 3.6
      vertex 46.2 13.4 3.6
    endloop
  endfacet
  facet normal 0 1 0
    outer loop
      vertex 45 13.4 3.6
      vertex 46.2 13.4 2.4
      vertex 45 13.4 2.4
    endloop
  endfacet
  facet normal 0 -1 0
    outer loop
      vertex 45 10.2 2.4
      vertex 46.2 10.2 3.6
      vertex 45 10.2 3.6
    endloop
  endfacet
  facet normal 0 -1 -0
    outer loop
      vertex 46.2 10.2 3.6
      vertex 45 10.2 2.4
      vertex 46.2 10.2 2.4
    endloop
  endfacet
  facet normal 1 -0 0
    outer loop
      vertex 48.2 6.6 3.6
      vertex 48.2 9.8 2.4
      vertex 48.2 9.8 3.6
    endloop
  endfacet
  facet normal 1 0 0
    outer loop
      vertex 48.2 9.8 2.4
      vertex 48.2 6.6 3.6
      vertex 48.2 6.6 2.4
    endloop
  endfacet
  facet normal -0 0 1
    outer loop
      vertex 47 9.8 3.6
      vertex 48.2 6.6 3.6
      vertex 48.2 9.8 3.6
    endloop
  endfacet
  facet normal 0 0 1
    outer loop
      vertex 48.2 6.6 3.6
      vertex 47 9.8 3.6
      vertex 47 6.6 3.6
    endloop
  endfacet
  facet normal -1 0 0
    outer loop
      vertex 47 6.6 2.4
      vertex 47 9.8 3.6
      vertex 47 9.8 2.4
    endloop
  endfacet
  facet normal -1 -0 0
    outer loop
      vertex 47 9.8 3.6
      vertex 47 6.6 2.4
      vertex 47 6.6 3.6
    endloop
  endfacet
  facet normal 0 1 -0
    outer loop
      vertex 48.2 9.8 2.4
      vertex 47 9.8 3.6
      vertex 48.2 9.8 3.6
    endloop
  endfacet
  facet normal 0 1 0
    outer loop
      vertex 47 9.8 3.6
      vertex 48.2 9.8 2.4
      vertex 47 9.8 2.4
    endloop
  endfacet
  facet normal 0 -1 0
    outer loop
      vertex 47 6.6 2.4
      vertex 48.2 6.6 3.6
      vertex 47 6.6 3.6
    endloop
  endfacet
  facet normal 0 -1 -0
    outer loop
      vertex 48.2 6.6 3.6
      vertex 47 6.6 2.4
      vertex 48.2 6.6 2.4
    endloop
  endfacet
  facet normal 1 -0 0
    outer loop
      vertex 50.2 10.2 3.6
      vertex 50.2 13.4 2.4
      vertex 50.2 13.4 3.6
    endloop
  endfacet
  facet normal 1 0 0
    outer loop
      vertex 50.2 13.4 2.4
      vertex 50.2 10.2 3.6
      vertex 50.2 10.2 2.4
    endloop
  endfacet
  facet normal -0 0 1
    outer loop
      vertex 49 13.4 3.6
      vertex 50.2 10.2 3.6
      vertex 50.2 13.4 3.6
    endloop
  endfacet
  facet normal 0 0 1
    outer loop
      vertex 50.2 10.2 3.6
      vertex 49 13.4 3.6
      vertex 49 10.2 3.6
    endloop
  endfacet
  facet normal -1 0 0
    outer loop
      vertex 49 10.2 2.4
      vertex 49 13.4 3.6
      vertex 49 13.4 2.4
    endloop
  endfacet
  facet normal -1 -0 0
    outer loop
      vertex 49 13.4 3.6
      vertex 49 10.2 2.4
      vertex 49 10.2 3.6
    endloop
  endfacet
  facet normal 0 1 -0
    outer loop
      vertex 50.2 13.4 2.4
      vertex 49 13.4 3.6
      vertex 50.2 13.4 3.6
    endloop
  endfacet
  facet normal 0 1 0
    outer loop
      vertex 49 13.4 3.6
      vertex 50.2 13.4 2.4
      vertex 49 13.4 2.4
    endloop
  endfacet
  facet normal 0 -1 0
    outer loop
      vertex 49 10.2 2.4
      vertex 50.2 10.2 3.6
      vertex 49 10.2 3.6
    endloop
  endfacet
  facet normal 0 -1 -0
    outer loop
      vertex 50.2 10.2 3.6
      vertex 49 10.2 2.4
      vertex 50.2 10.2 2.4
    endloop
  endfacet
  facet normal 1 -0 0
    outer loop
      vertex 52.2 6.6 3.6
      vertex 52.2 9.8 2.4
      vertex 52.2 9.8 3.6
    endloop
  endfacet
  facet normal 1 0 0
    outer loop
      vertex 52.2 9.8 2.4
      vertex 52.2 6.6 3.6
      vertex 52.2 6.6 2.4
    endloop
  endfacet
  facet normal -0 0 1
    outer loop
      vertex 51 9.8 3.6
      vertex 52.2 6.6 3.6
      vertex 52.2 9.8 3.6
    endloop
  endfacet
  facet normal 0 0 1
    outer loop
      vertex 52.2 6.6 3.6
      vertex 51 9.8 3.6
      vertex 51 6.6 3.6
    endloop
  endfacet
  facet normal -1 0 0
    outer loop
      vertex 51 6.6 2.4
      vertex 51 9.8 3.6
      vertex 51 9.8 2.4
    endloop
  endfacet
  facet normal -1 -0 0
    outer loop
      vertex 51 9.8 3.6
      vertex 51 6.6 2.4
      vertex 51 6.6 3.6
    endloop
  endfacet
  facet normal 0 1 -0
    outer loop
      vertex 52.2 9.8 2.4
      vertex 51 9.8 3.6
      vertex 52.2 9.8 3.6
    endloop
  endfacet
  facet normal 0 1 0
    outer loop
      vertex 51 9.8 3.6
      vertex 52.2 9.8 2.4
      vertex 51 9.8 2.4
    endloop
  endfacet
  facet normal 0 -1 0
    outer loop
      vertex 51 6.6 2.4
      vertex 52.2 6.6 3.6
      vertex 51 6.6 3.6
    endloop
  endfacet
  facet normal 0 -1 -0
    outer loop
      vertex 52.2 6.6 3.6
      vertex 51 6.6 2.4
      vertex 52.2 6.6 2.4
    endloop
  endfacet
  facet normal 1 -0 0
    outer loop
      vertex 54.2 10.2 3.6
      vertex 54.2 13.4 2.4
      vertex 54.2 13.4 3.6
    endloop
  endfacet
  facet normal 1 0 0
    outer loop
      vertex 54.2 13.4 2.4
      vertex 54.2 10.2 3.6
      vertex 54.2 10.2 2.4
    endloop
  endfacet
  facet normal -0 0 1
    outer loop
      vertex 53 13.4 3.6
      vertex 54.2 10.2 3.6
      vertex 54.2 13.4 3.6
    endloop
  endfacet
  facet normal 0 0 1
    outer loop
      vertex 54.2 10.2 3.6
      vertex 53 13.4 3.6
      vertex 53 10.2 3.6
    endloop
  endfacet
  facet normal -1 0 0
    outer loop
      vertex 53 10.2 2.4
      vertex 53 13.4 3.6
      vertex 53 13.4 2.4
    endloop
  endfacet
  facet normal -1 -0 0
    outer loop
      vertex 53 13.4 3.6
      vertex 53 10.2 2.4
      vertex 53 10.2 3.6
    endloop
  endfacet
  facet normal 0 1 -0
    outer loop
      vertex 54.2 13.4 2.4
      vertex 53 13.4 3.6
      vertex 54.2 13.4 3.6
    endloop
  endfacet
  facet normal 0 1 0
    outer loop
      vertex 53 13.4 3.6
      vertex 54.2 13.4 2.4
      vertex 53 13.4 2.4
    endloop
  endfacet
  facet normal 0 -1 0
    outer loop
      vertex 53 10.2 2.4
      vertex 54.2 10.2 3.6
      vertex 53 10.2 3.6
    endloop
  endfacet
  facet normal 0 -1 -0
    outer loop
      vertex 54.2 10.2 3.6
      vertex 53 10.2 2.4
      vertex 54.2 10.2 2.4
    endloop
  endfacet
  facet normal 1 -0 0
    outer loop
      vertex 56.2 6.6 3.6
      vertex 56.2 9.8 2.4
      vertex 56.2 9.8 3.6
    endloop
  endfacet
  facet normal 1 0 0
    outer loop
      vertex 56.2 9.8 2.4
      vertex 56.2 6.6 3.6
      vertex 56.2 6.6 2.4
    endloop
  endfacet
  facet normal -0 0 1
    outer loop
      vertex 55 9.8 3.6
      vertex 56.2 6.6 3.6
      vertex 56.2 9.8 3.6
    endloop
  endfacet
  facet normal 0 0 1
    outer loop
      vertex 56.2 6.6 3.6
      vertex 55 9.8 3.6
      vertex 55 6.6 3.6
    endloop
  endfacet
  facet normal -1 0 0
    outer loop
      vertex 55 6.6 2.4
      vertex 55 9.8 3.6
      vertex 55 9.8 2.4
    endloop
  endfacet
  facet normal -1 -0 0
    outer loop
      vertex 55 9.8 3.6
      vertex 55 6.6 2.4
      vertex 55 6.6 3.6
    endloop
  endfacet
  facet normal 0 1 -0
    outer loop
      vertex 56.2 9.8 2.4
      vertex 55 9.8 3.6
      vertex 56.2 9.8 3.6
    endloop
  endfacet
  facet normal 0 1 0
    outer loop
      vertex 55 9.8 3.6
      vertex 56.2 9.8 2.4
      vertex 55 9.8 2.4
    endloop
  endfacet
  facet normal 0 -1 0
    outer loop
      vertex 55 6.6 2.4
      vertex 56.2 6.6 3.6
      vertex 55 6.6 3.6
    endloop
  endfacet
  facet normal 0 -1 -0
    outer loop
      vertex 56.2 6.6 3.6
      vertex 55 6.6 2.4
      vertex 56.2 6.6 2.4
    endloop
  endfacet
  facet normal 1 -0 0
    outer loop
      vertex 58.2 10.2 3.6
      vertex 58.2 13.4 2.4
      vertex 58.2 13.4 3.6
    endloop
  endfacet
  facet normal 1 0 0
    outer loop
      vertex 58.2 13.4 2.4
      vertex 58.2 10.2 3.6
      vertex 58.2 10.2 2.4
    endloop
  endfacet
  facet normal -0 0 1
    outer loop
      vertex 57 13.4 3.6
      vertex 58.2 10.2 3.6
      vertex 58.2 13.4 3.6
    endloop
  endfacet
  facet normal 0 0 1
    outer loop
      vertex 58.2 10.2 3.6
      vertex 57 13.4 3.6
      vertex 57 10.2 3.6
    endloop
  endfacet
  facet normal -1 0 0
    outer loop
      vertex 57 10.2 2.4
      vertex 57 13.4 3.6
      vertex 57 13.4 2.4
    endloop
  endfacet
  facet normal -1 -0 0
    outer loop
      vertex 57 13.4 3.6
      vertex 57 10.2 2.4
      vertex 57 10.2 3.6
    endloop
  endfacet
  facet normal 0 1 -0
    outer loop
      vertex 58.2 13.4 2.4
      vertex 57 13.4 3.6
      vertex 58.2 13.4 3.6
    endloop
  endfacet
  facet normal 0 1 0
    outer loop
      vertex 57 13.4 3.6
      vertex 58.2 13.4 2.4
      vertex 57 13.4 2.4
    endloop
  endfacet
  facet normal 0 -1 0
    outer loop
      vertex 57 10.2 2.4
      vertex 58.2 10.2 3.6
      vertex 57 10.2 3.6
    endloop
  endfacet
  facet normal 0 -1 -0
    outer loop
      vertex 58.2 10.2 3.6
      vertex 57 10.2 2.4
      vertex 58.2 10.2 2.4
    endloop
  endfacet
  facet normal 1 -0 0
    outer loop
      vertex 60.2 6.6 3.6
      vertex 60.2 9.8 2.4
      vertex 60.2 9.8 3.6
    endloop
  endfacet
  facet normal 1 0 0
    outer loop
      vertex 60.2 9.8 2.4
      vertex 60.2 6.6 3.6
      vertex 60.2 6.6 2.4
    endloop
  endfacet
  facet normal -0 0 1
    outer loop
      vertex 59 9.8 3.6
      vertex 60.2 6.6 3.6
      vertex 60.2 9.8 3.6
    endloop
  endfacet
  facet normal 0 0 1
    outer loop
      vertex 60.2 6.6 3.6
      vertex 59 9.8 3.6
      vertex 59 6.6 3.6
    endloop
  endfacet
  facet normal -1 0 0
    outer loop
      vertex 59 6.6 2.4
      vertex 59 9.8 3.6
      vertex 59 9.8 2.4
    endloop
  endfacet
  facet normal -1 -0 0
    outer loop
      vertex 59 9.8 3.6
      vertex 59 6.6 2.4
      vertex 59 6.6 3.6
    endloop
  endfacet
  facet normal 0 1 -0
    outer loop
      vertex 60.2 9.8 2.4
      vertex 59 9.8 3.6
      vertex 60.2 9.8 3.6
    endloop
  endfacet
  facet normal 0 1 0
    outer loop
      vertex 59 9.8 3.6
      vertex 60.2 9.8 2.4
      vertex 59 9.8 2.4
    endloop
  endfacet
  facet normal 0 -1 0
    outer loop
      vertex 59 6.6 2.4
      vertex 60.2 6.6 3.6
      vertex 59 6.6 3.6
    endloop
  endfacet
  facet normal 0 -1 -0
    outer loop
      vertex 60.2 6.6 3.6
      vertex 59 6.6 2.4
      vertex 60.2 6.6 2.4
    endloop
  endfacet
  facet normal 1 -0 0
    outer loop
      vertex 62.2 10.2 3.6
      vertex 62.2 13.4 2.4
      vertex 62.2 13.4 3.6
    endloop
  endfacet
  facet normal 1 0 0
    outer loop
      vertex 62.2 13.4 2.4
      vertex 62.2 10.2 3.6
      vertex 62.2 10.2 2.4
    endloop
  endfacet
  facet normal -0 0 1
    outer loop
      vertex 61 13.4 3.6
      vertex 62.2 10.2 3.6
      vertex 62.2 13.4 3.6
    endloop
  endfacet
  facet normal 0 0 1
    outer loop
      vertex 62.2 10.2 3.6
      vertex 61 13.4 3.6
      vertex 61 10.2 3.6
    endloop
  endfacet
  facet normal -1 0 0
    outer loop
      vertex 61 10.2 2.4
      vertex 61 13.4 3.6
      vertex 61 13.4 2.4
    endloop
  endfacet
  facet normal -1 -0 0
    outer loop
      vertex 61 13.4 3.6
      vertex 61 10.2 2.4
      vertex 61 10.2 3.6
    endloop
  endfacet
  facet normal 0 1 -0
    outer loop
      vertex 62.2 13.4 2.4
      vertex 61 13.4 3.6
      vertex 62.2 13.4 3.6
    endloop
  endfacet
  facet normal 0 1 0
    outer loop
      vertex 61 13.4 3.6
      vertex 62.2 13.4 2.4
      vertex 61 13.4 2.4
    endloop
  endfacet
  facet normal 0 -1 0
    outer loop
      vertex 61 10.2 2.4
      vertex 62.2 10.2 3.6
      vertex 61 10.2 3.6
    endloop
  endfacet
  facet normal 0 -1 -0
    outer loop
      vertex 62.2 10.2 3.6
      vertex 61 10.2 2.4
      vertex 62.2 10.2 2.4
    endloop
  endfacet
  facet normal 1 -0 0
    outer loop
      vertex 64.2 6.6 3.6
      vertex 64.2 9.8 2.4
      vertex 64.2 9.8 3.6
    endloop
  endfacet
  facet normal 1 0 0
    outer loop
      vertex 64.2 9.8 2.4
      vertex 64.2 6.6 3.6
      vertex 64.2 6.6 2.4
    endloop
  endfacet
  facet normal -0 0 1
    outer loop
      vertex 63 9.8 3.6
      vertex 64.2 6.6 3.6
      vertex 64.2 9.8 3.6
    endloop
  endfacet
  facet normal 0 0 1
    outer loop
      vertex 64.2 6.6 3.6
      vertex 63 9.8 3.6
      vertex 63 6.6 3.6
    endloop
  endfacet
  facet normal -1 0 0
    outer loop
      vertex 63 6.6 2.4
      vertex 63 9.8 3.6
      vertex 63 9.8 2.4
    endloop
  endfacet
  facet normal -1 -0 0
    outer loop
      vertex 63 9.8 3.6
      vertex 63 6.6 2.4
      vertex 63 6.6 3.6
    endloop
  endfacet
  facet normal 0 1 -0
    outer loop
      vertex 64.2 9.8 2.4
      vertex 63 9.8 3.6
      vertex 64.2 9.8 3.6
    endloop
  endfacet
  facet normal 0 1 0
    outer loop
      vertex 63 9.8 3.6
      vertex 64.2 9.8 2.4
      vertex 63 9.8 2.4
    endloop
  endfacet
  facet normal 0 -1 0
    outer loop
      vertex 63 6.6 2.4
      vertex 64.2 6.6 3.6
      vertex 63 6.6 3.6
    endloop
  endfacet
  facet normal 0 -1 -0
    outer loop
      vertex 64.2 6.6 3.6
      vertex 63 6.6 2.4
      vertex 64.2 6.6 2.4
    endloop
  endfacet
  facet normal 1 -0 0
    outer loop
      vertex 66.2 10.2 3.6
      vertex 66.2 13.4 2.4
      vertex 66.2 13.4 3.6
    endloop
  endfacet
  facet normal 1 0 0
    outer loop
      vertex 66.2 13.4 2.4
      vertex 66.2 10.2 3.6
      vertex 66.2 10.2 2.4
    endloop
  endfacet
  facet normal -0 0 1
    outer loop
      vertex 65 13.4 3.6
      vertex 66.2 10.2 3.6
      vertex 66.2 13.4 3.6
    endloop
  endfacet
  facet normal 0 0 1
    outer loop
      vertex 66.2 10.2 3.6
      vertex 65 13.4 3.6
      vertex 65 10.2 3.6
    endloop
  endfacet
  facet normal -1 0 0
    outer loop
      vertex 65 10.2 2.4
      vertex 65 13.4 3.6
      vertex 65 13.4 2.4
    endloop
  endfacet
  facet normal -1 -0 0
    outer loop
      vertex 65 13.4 3.6
      vertex 65 10.2 2.4
      vertex 65 10.2 3.6
    endloop
  endfacet
  facet normal 0 1 -0
    outer loop
      vertex 66.2 13.4 2.4
      vertex 65 13.4 3.6
      vertex 66.2 13.4 3.6
    endloop
  endfacet
  facet normal 0 1 0
    outer loop
      vertex 65 13.4 3.6
      vertex 66.2 13.4 2.4
      vertex 65 13.4 2.4
    endloop
  endfacet
  facet normal 0 -1 0
    outer loop
      vertex 65 10.2 2.4
      vertex 66.2 10.2 3.6
      vertex 65 10.2 3.6
    endloop
  endfacet
  facet normal 0 -1 -0
    outer loop
      vertex 66.2 10.2 3.6
      vertex 65 10.2 2.4
      vertex 66.2 10.2 2.4
    endloop
  endfacet
  facet normal 1 -0 0
    outer loop
      vertex 68.2 6.6 3.6
      vertex 68.2 9.8 2.4
      vertex 68.2 9.8 3.6
    endloop
  endfacet
  facet normal 1 0 0
    outer loop
      vertex 68.2 9.8 2.4
      vertex 68.2 6.6 3.6
      vertex 68.2 6.6 2.4
    endloop
  endfacet
  facet normal -0 0 1
    outer loop
      vertex 67 9.8 3.6
      vertex 68.2 6.6 3.6
      vertex 68.2 9.8 3.6
    endloop
  endfacet
  facet normal 0 0 1
    outer loop
      vertex 68.2 6.6 3.6
      vertex 67 9.8 3.6
      vertex 67 6.6 3.6
    endloop
  endfacet
  facet normal -1 0 0
    outer loop
      vertex 67 6.6 2.4
      vertex 67 9.8 3.6
      vertex 67 9.8 2.4
    endloop
  endfacet
  facet normal -1 -0 0
    outer loop
      vertex 67 9.8 3.6
      vertex 67 6.6 2.4
      vertex 67 6.6 3.6
    endloop
  endfacet
  facet normal 0 1 -0
    outer loop
      vertex 68.2 9.8 2.4
      vertex 67 9.8 3.6
      vertex 68.2 9.8 3.6
    endloop
  endfacet
  facet normal 0 1 0
    outer loop
      vertex 67 9.8 3.6
      vertex 68.2 9.8 2.4
      vertex 67 9.8 2.4
    endloop
  endfacet
  facet normal 0 -1 0
    outer loop
      vertex 67 6.6 2.4
      vertex 68.2 6.6 3.6
      vertex 67 6.6 3.6
    endloop
  endfacet
  facet normal 0 -1 -0
    outer loop
      vertex 68.2 6.6 3.6
      vertex 67 6.6 2.4
      vertex 68.2 6.6 2.4
    endloop
  endfacet
  facet normal 1 -0 0
    outer loop
      vertex 70.2 10.2 3.6
      vertex 70.2 13.4 2.4
      vertex 70.2 13.4 3.6
    endloop
  endfacet
  facet normal 1 0 0
    outer loop
      vertex 70.2 13.4 2.4
      vertex 70.2 10.2 3.6
      vertex 70.2 10.2 2.4
    endloop
  endfacet
  facet normal -0 0 1
    outer loop
      vertex 69 13.4 3.6
      vertex 70.2 10.2 3.6
      vertex 70.2 13.4 3.6
    endloop
  endfacet
  facet normal 0 0 1
    outer loop
      vertex 70.2 10.2 3.6
      vertex 69 13.4 3.6
      vertex 69 10.2 3.6
    endloop
  endfacet
  facet normal -1 0 0
    outer loop
      vertex 69 10.2 2.4
      vertex 69 13.4 3.6
      vertex 69 13.4 2.4
    endloop
  endfacet
  facet normal -1 -0 0
    outer loop
      vertex 69 13.4 3.6
      vertex 69 10.2 2.4
      vertex 69 10.2 3.6
    endloop
  endfacet
  facet normal 0 1 -0
    outer loop
      vertex 70.2 13.4 2.4
      vertex 69 13.4 3.6
      vertex 70.2 13.4 3.6
    endloop
  endfacet
  facet normal 0 1 0
    outer loop
      vertex 69 13.4 3.6
      vertex 70.2 13.4 2.4
      vertex 69 13.4 2.4
    endloop
  endfacet
  facet normal 0 -1 0
    outer loop
      vertex 69 10.2 2.4
      vertex 70.2 10.2 3.6
      vertex 69 10.2 3.6
    endloop
  endfacet
  facet normal 0 -1 -0
    outer loop
      vertex 70.2 10.2 3.6
      vertex 69 10.2 2.4
      vertex 70.2 10.2 2.4
    endloop
  endfacet
  facet normal 1 -0 0
    outer loop
      vertex 72.2 6.6 3.6
      vertex 72.2 9.8 2.4
      vertex 72.2 9.8 3.6
    endloop
  endfacet
  facet normal 1 0 0
    outer loop
      vertex 72.2 9.8 2.4
      vertex 72.2 6.6 3.6
      vertex 72.2 6.6 2.4
    endloop
  endfacet
  facet normal -0 0 1
    outer loop
      vertex 71 9.8 3.6
      vertex 72.2 6.6 3.6
      vertex 72.2 9.8 3.6
    endloop
  endfacet
  facet normal 0 0 1
    outer loop
      vertex 72.2 6.6 3.6
      vertex 71 9.8 3.6
      vertex 71 6.6 3.6
    endloop
  endfacet
  facet normal -1 0 0
    outer loop
      vertex 71 6.6 2.4
      vertex 71 9.8 3.6
      vertex 71 9.8 2.4
    endloop
  endfacet
  facet normal -1 -0 0
    outer loop
      vertex 71 9.8 3.6
      vertex 71 6.6 2.4
      vertex 71 6.6 3.6
    endloop
  endfacet
  facet normal 0 1 -0
    outer loop
      vertex 72.2 9.8 2.4
      vertex 71 9.8 3.6
      vertex 72.2 9.8 3.6
    endloop
  endfacet
  facet normal 0 1 0
    outer loop
      vertex 71 9.8 3.6
      vertex 72.2 9.8 2.4
      vertex 71 9.8 2.4
    endloop
  endfacet
  facet normal 0 -1 0
    outer loop
      vertex 71 6.6 2.4
      vertex 72.2 6.6 3.6
      vertex 71 6.6 3.6
    endloop
  endfacet
  facet normal 0 -1 -0
    outer loop
      vertex 72.2 6.6 3.6
      vertex 71 6.6 2.4
      vertex 72.2 6.6 2.4
    endloop
  endfacet
  facet normal 1 -0 0
    outer loop
      vertex 74.2 10.2 3.6
      vertex 74.2 13.4 2.4
      vertex 74.2 13.4 3.6
    endloop
  endfacet
  facet normal 1 0 0
    outer loop
      vertex 74.2 13.4 2.4
      vertex 74.2 10.2 3.6
      vertex 74.2 10.2 2.4
    endloop
  endfacet
  facet normal -0 0 1
    outer loop
      vertex 73 13.4 3.6
      vertex 74.2 10.2 3.6
      vertex 74.2 13.4 3.6
    endloop
  endfacet
  facet normal 0 0 1
    outer loop
      vertex 74.2 10.2 3.6
      vertex 73 13.4 3.6
      vertex 73 10.2 3.6
    endloop
  endfacet
  facet normal -1 0 0
    outer loop
      vertex 73 10.2 2.4
      vertex 73 13.4 3.6
      vertex 73 13.4 2.4
    endloop
  endfacet
  facet normal -1 -0 0
    outer loop
      vertex 73 13.4 3.6
      vertex 73 10.2 2.4
      vertex 73 10.2 3.6
    endloop
  endfacet
  facet normal 0 1 -0
    outer loop
      vertex 74.2 13.4 2.4
      vertex 73 13.4 3.6
      vertex 74.2 13.4 3.6
    endloop
  endfacet
  facet normal 0 1 0
    outer loop
      vertex 73 13.4 3.6
      vertex 74.2 13.4 2.4
      vertex 73 13.4 2.4
    endloop
  endfacet
  facet normal 0 -1 0
    outer loop
      vertex 73 10.2 2.4
      vertex 74.2 10.2 3.6
      vertex 73 10.2 3.6
    endloop
  endfacet
  facet normal 0 -1 -0
    outer loop
      vertex 74.2 10.2 3.6
      vertex 73 10.2 2.4
      vertex 74.2 10.2 2.4
    endloop
  endfacet
  facet normal 1 -0 0
    outer loop
      vertex 76.2 6.6 3.6
      vertex 76.2 9.8 2.4
      vertex 76.2 9.8 3.6
    endloop
  endfacet
  facet normal 1 0 0
    outer loop
      vertex 76.2 9.8 2.4
      vertex 76.2 6.6 3.6
      vertex 76.2 6.6 2.4
    endloop
  endfacet
  facet normal -0 0 1
    outer loop
      vertex 75 9.8 3.6
      vertex 76.2 6.6 3.6
      vertex 76.2 9.8 3.6
    endloop
  endfacet
  facet normal 0 0 1
    outer loop
      vertex 76.2 6.6 3.6
      vertex 75 9.8 3.6
      vertex 75 6.6 3.6
    endloop
  endfacet
  facet normal -1 0 0
    outer loop
      vertex 75 6.6 2.4
      vertex 75 9.8 3.6
      vertex 75 9.8 2.4
    endloop
  endfacet
  facet normal -1 -0 0
    outer loop
      vertex 75 9.8 3.6
      vertex 75 6.6 2.4
      vertex 75 6.6 3.6
    endloop
  endfacet
  facet normal 0 1 -0
    outer loop
      vertex 76.2 9.8 2.4
      vertex 75 9.8 3.6
      vertex 76.2 9.8 3.6
    endloop
  endfacet
  facet normal 0 1 0
    outer loop
      vertex 75 9.8 3.6
      vertex 76.2 9.8 2.4
      vertex 75 9.8 2.4
    endloop
  endfacet
  facet normal 0 -1 0
    outer loop
      vertex 75 6.6 2.4
      vertex 76.2 6.6 3.6
      vertex 75 6.6 3.6
    endloop
  endfacet
  facet normal 0 -1 -0
    outer loop
      vertex 76.2 6.6 3.6
      vertex 75 6.6 2.4
      vertex 76.2 6.6 2.4
    endloop
  endfacet
  facet normal 1 -0 0
    outer loop
      vertex 78.2 10.2 3.6
      vertex 78.2 13.4 2.4
      vertex 78.2 13.4 3.6
    endloop
  endfacet
  facet normal 1 0 0
    outer loop
      vertex 78.2 13.4 2.4
      vertex 78.2 10.2 3.6
      vertex 78.2 10.2 2.4
    endloop
  endfacet
  facet normal -0 0 1
    outer loop
      vertex 77 13.4 3.6
      vertex 78.2 10.2 3.6
      vertex 78.2 13.4 3.6
    endloop
  endfacet
  facet normal 0 0 1
    outer loop
      vertex 78.2 10.2 3.6
      vertex 77 13.4 3.6
      vertex 77 10.2 3.6
    endloop
  endfacet
  facet normal -1 0 0
    outer loop
      vertex 77 10.2 2.4
      vertex 77 13.4 3.6
      vertex 77 13.4 2.4
    endloop
  endfacet
  facet normal -1 -0 0
    outer loop
      vertex 77 13.4 3.6
      vertex 77 10.2 2.4
      vertex 77 10.2 3.6
    endloop
  endfacet
  facet normal 0 1 -0
    outer loop
      vertex 78.2 13.4 2.4
      vertex 77 13.4 3.6
      vertex 78.2 13.4 3.6
    endloop
  endfacet
  facet normal 0 1 0
    outer loop
      vertex 77 13.4 3.6
      vertex 78.2 13.4 2.4
      vertex 77 13.4 2.4
    endloop
  endfacet
  facet normal 0 -1 0
    outer loop
      vertex 77 10.2 2.4
      vertex 78.2 10.2 3.6
      vertex 77 10.2 3.6
    endloop
  endfacet
  facet normal 0 -1 -0
    outer loop
      vertex 78.2 10.2 3.6
      vertex 77 10.2 2.4
      vertex 78.2 10.2 2.4
    endloop
  endfacet
  facet normal 1 -0 0
    outer loop
      vertex 80.2 6.6 3.6
      vertex 80.2 9.8 2.4
      vertex 80.2 9.8 3.6
    endloop
  endfacet
  facet normal 1 0 0
    outer loop
      vertex 80.2 9.8 2.4
      vertex 80.2 6.6 3.6
      vertex 80.2 6.6 2.4
    endloop
  endfacet
  facet normal -0 0 1
    outer loop
      vertex 79 9.8 3.6
      vertex 80.2 6.6 3.6
      vertex 80.2 9.8 3.6
    endloop
  endfacet
  facet normal 0 0 1
    outer loop
      vertex 80.2 6.6 3.6
      vertex 79 9.8 3.6
      vertex 79 6.6 3.6
    endloop
  endfacet
  facet normal -1 0 0
    outer loop
      vertex 79 6.6 2.4
      vertex 79 9.8 3.6
      vertex 79 9.8 2.4
    endloop
  endfacet
  facet normal -1 -0 0
    outer loop
      vertex 79 9.8 3.6
      vertex 79 6.6 2.4
      vertex 79 6.6 3.6
    endloop
  endfacet
  facet normal 0 1 -0
    outer loop
      vertex 80.2 9.8 2.4
      vertex 79 9.8 3.6
      vertex 80.2 9.8 3.6
    endloop
  endfacet
  facet normal 0 1 0
    outer loop
      vertex 79 9.8 3.6
      vertex 80.2 9.8 2.4
      vertex 79 9.8 2.4
    endloop
  endfacet
  facet normal 0 -1 0
    outer loop
      vertex 79 6.6 2.4
      vertex 80.2 6.6 3.6
      vertex 79 6.6 3.6
    endloop
  endfacet
  facet normal 0 -1 -0
    outer loop
      vertex 80.2 6.6 3.6
      vertex 79 6.6 2.4
      vertex 80.2 6.6 2.4
    endloop
  endfacet
  facet normal 1 -0 0
    outer loop
      vertex 82.2 10.2 3.6
      vertex 82.2 13.4 2.4
      vertex 82.2 13.4 3.6
    endloop
  endfacet
  facet normal 1 0 0
    outer loop
      vertex 82.2 13.4 2.4
      vertex 82.2 10.2 3.6
      vertex 82.2 10.2 2.4
    endloop
  endfacet
  facet normal -0 0 1
    outer loop
      vertex 81 13.4 3.6
      vertex 82.2 10.2 3.6
      vertex 82.2 13.4 3.6
    endloop
  endfacet
  facet normal 0 0 1
    outer loop
      vertex 82.2 10.2 3.6
      vertex 81 13.4 3.6
      vertex 81 10.2 3.6
    endloop
  endfacet
  facet normal -1 0 0
    outer loop
      vertex 81 10.2 2.4
      vertex 81 13.4 3.6
      vertex 81 13.4 2.4
    endloop
  endfacet
  facet normal -1 -0 0
    outer loop
      vertex 81 13.4 3.6
      vertex 81 10.2 2.4
      vertex 81 10.2 3.6
    endloop
  endfacet
  facet normal 0 1 -0
    outer loop
      vertex 82.2 13.4 2.4
      vertex 81 13.4 3.6
      vertex 82.2 13.4 3.6
    endloop
  endfacet
  facet normal 0 1 0
    outer loop
      vertex 81 13.4 3.6
      vertex 82.2 13.4 2.4
      vertex 81 13.4 2.4
    endloop
  endfacet
  facet normal 0 -1 0
    outer loop
      vertex 81 10.2 2.4
      vertex 82.2 10.2 3.6
      vertex 81 10.2 3.6
    endloop
  endfacet
  facet normal 0 -1 -0
    outer loop
      vertex 82.2 10.2 3.6
      vertex 81 10.2 2.4
      vertex 82.2 10.2 2.4
    endloop
  endfacet
  facet normal 1 -0 0
    outer loop
      vertex 84.2 6.6 3.6
      vertex 84.2 9.8 2.4
      vertex 84.2 9.8 3.6
    endloop
  endfacet
  facet normal 1 0 0
    outer loop
      vertex 84.2 9.8 2.4
      vertex 84.2 6.6 3.6
      vertex 84.2 6.6 2.4
    endloop
  endfacet
  facet normal -0 0 1
    outer loop
      vertex 83 9.8 3.6
      vertex 84.2 6.6 3.6
      vertex 84.2 9.8 3.6
    endloop
  endfacet
  facet normal 0 0 1
    outer loop
      vertex 84.2 6.6 3.6
      vertex 83 9.8 3.6
      vertex 83 6.6 3.6
    endloop
  endfacet
  facet normal -1 0 0
    outer loop
      vertex 83 6.6 2.4
      vertex 83 9.8 3.6
      vertex 83 9.8 2.4
    endloop
  endfacet
  facet normal -1 -0 0
    outer loop
      vertex 83 9.8 3.6
      vertex 83 6.6 2.4
      vertex 83 6.6 3.6
    endloop
  endfacet
  facet normal 0 1 -0
    outer loop
      vertex 84.2 9.8 2.4
      vertex 83 9.8 3.6
      vertex 84.2 9.8 3.6
    endloop
  endfacet
  facet normal 0 1 0
    outer loop
      vertex 83 9.8 3.6
      vertex 84.2 9.8 2.4
      vertex 83 9.8 2.4
    endloop
  endfacet
  facet normal 0 -1 0
    outer loop
      vertex 83 6.6 2.4
      vertex 84.2 6.6 3.6
      vertex 83 6.6 3.6
    endloop
  endfacet
  facet normal 0 -1 -0
    outer loop
      vertex 84.2 6.6 3.6
      vertex 83 6.6 2.4
      vertex 84.2 6.6 2.4
    endloop
  endfacet
  facet normal -0 0 1
    outer loop
      vertex 12.0226 9.35345 4.71
      vertex 13.4409 8.94899 4.71
      vertex 13.4409 9.35345 4.71
    endloop
  endfacet
  facet normal 0 0 1
    outer loop
      vertex 11.5498 8.94899 4.71
      vertex 12.0226 9.35345 4.71
      vertex 11.5498 9.34773 4.71
    endloop
  endfacet
  facet normal 0 0 1
    outer loop
      vertex 12.0226 9.35345 4.71
      vertex 11.5498 8.94899 4.71
      vertex 13.4409 8.94899 4.71
    endloop
  endfacet
  facet normal -0 0 1
    outer loop
      vertex 13.4409 11.4753 4.71
      vertex 13.9251 9.35345 4.71
      vertex 13.9251 12.0535 4.71
    endloop
  endfacet
  facet normal 0 0 1
    outer loop
      vertex 13.4409 9.35345 4.71
      vertex 13.9251 9.35345 4.71
      vertex 13.4409 11.4753 4.71
    endloop
  endfacet
  facet normal 0 0 1
    outer loop
      vertex 13.9251 9.35345 4.71
      vertex 13.4409 9.35345 4.71
      vertex 13.9251 8.94899 4.71
    endloop
  endfacet
  facet normal 0 0 1
    outer loop
      vertex 13.4409 11.4753 4.71
      vertex 13.4254 11.4429 4.71
      vertex 13.4359 11.4638 4.71
    endloop
  endfacet
  facet normal 0 0 1
    outer loop
      vertex 13.3868 12.0535 4.71
      vertex 13.4254 11.4429 4.71
      vertex 13.4409 11.4753 4.71
    endloop
  endfacet
  facet normal 0 0 1
    outer loop
      vertex 13.4254 11.4429 4.71
      vertex 13.3868 12.0535 4.71
      vertex 13.4095 11.4127 4.71
    endloop
  endfacet
  facet normal -0 0 1
    outer loop
      vertex 13.3868 12.0535 4.71
      vertex 13.4409 11.4753 4.71
      vertex 13.9251 12.0535 4.71
    endloop
  endfacet
  facet normal 0 0 1
    outer loop
      vertex 13.4095 11.4127 4.71
      vertex 13.3868 12.0535 4.71
      vertex 13.3881 11.3732 4.71
    endloop
  endfacet
  facet normal 0 0 1
    outer loop
      vertex 13.3868 12.0535 4.71
      vertex 13.3612 11.3243 4.71
      vertex 13.3881 11.3732 4.71
    endloop
  endfacet
  facet normal 0 0 1
    outer loop
      vertex 13.3868 12.0535 4.71
      vertex 13.333 11.274 4.71
      vertex 13.3612 11.3243 4.71
    endloop
  endfacet
  facet normal 0 0 1
    outer loop
      vertex 13.3868 12.0535 4.71
      vertex 13.3079 11.23 4.71
      vertex 13.333 11.274 4.71
    endloop
  endfacet
  facet normal 0 0 1
    outer loop
      vertex 13.3868 12.0535 4.71
      vertex 13.2856 11.1924 4.71
      vertex 13.3079 11.23 4.71
    endloop
  endfacet
  facet normal 0 0 1
    outer loop
      vertex 13.3868 12.0535 4.71
      vertex 13.2664 11.1612 4.71
      vertex 13.2856 11.1924 4.71
    endloop
  endfacet
  facet normal 0 0 1
    outer loop
      vertex 13.3868 12.0535 4.71
      vertex 13.2501 11.1363 4.71
      vertex 13.2664 11.1612 4.71
    endloop
  endfacet
  facet normal 0 0 1
    outer loop
      vertex 11.5498 9.34773 4.71
      vertex 13.2501 11.1363 4.71
      vertex 13.3868 12.0535 4.71
    endloop
  endfacet
  facet normal 0 0 1
    outer loop
      vertex 13.2501 11.1363 4.71
      vertex 11.5498 9.34773 4.71
      vertex 12.2219 9.62115 4.71
    endloop
  endfacet
  facet normal 0 0 1
    outer loop
      vertex 12.2219 9.62115 4.71
      vertex 11.5498 9.34773 4.71
      vertex 12.0681 9.4104 4.71
    endloop
  endfacet
  facet normal 0 0 1
    outer loop
      vertex 12.0681 9.4104 4.71
      vertex 11.5498 9.34773 4.71
      vertex 12.0226 9.35345 4.71
    endloop
  endfacet
  facet normal -0 0 1
    outer loop
      vertex 13.9251 9.35345 4.71
      vertex 14.489 8.94899 4.71
      vertex 14.489 9.35345 4.71
    endloop
  endfacet
  facet normal 0 0 1
    outer loop
      vertex 14.489 8.94899 4.71
      vertex 13.9251 9.35345 4.71
      vertex 13.9251 8.94899 4.71
    endloop
  endfacet
  facet normal 0 0 1
    outer loop
      vertex 13.4409 8.94899 4.71
      vertex 13.9251 8.94899 4.71
      vertex 13.4409 9.35345 4.71
    endloop
  endfacet
  facet normal 0 0 1
    outer loop
      vertex 13.9251 8.94899 4.71
      vertex 13.4409 8.94899 4.71
      vertex 13.9251 8.04045 4.71
    endloop
  endfacet
  facet normal 0 0 1
    outer loop
      vertex 13.9251 8.04045 4.71
      vertex 13.4409 8.94899 4.71
      vertex 13.4409 8.04045 4.71
    endloop
  endfacet
  facet normal 0 -1 0
    outer loop
      vertex 13.9251 8.94899 4
      vertex 14.489 8.94899 4.71
      vertex 13.9251 8.94899 4.71
    endloop
  endfacet
  facet normal 0 -1 -0
    outer loop
      vertex 14.489 8.94899 4.71
      vertex 13.9251 8.94899 4
      vertex 14.489 8.94899 4
    endloop
  endfacet
  facet normal 1 -0 0
    outer loop
      vertex 14.489 8.94899 4.71
      vertex 14.489 9.35345 4
      vertex 14.489 9.35345 4.71
    endloop
  endfacet
  facet normal 1 0 0
    outer loop
      vertex 14.489 9.35345 4
      vertex 14.489 8.94899 4.71
      vertex 14.489 8.94899 4
    endloop
  endfacet
  facet normal 0 1 -0
    outer loop
      vertex 14.489 9.35345 4
      vertex 13.9251 9.35345 4.71
      vertex 14.489 9.35345 4.71
    endloop
  endfacet
  facet normal 0 1 0
    outer loop
      vertex 13.9251 9.35345 4.71
      vertex 14.489 9.35345 4
      vertex 13.9251 9.35345 4
    endloop
  endfacet
  facet normal 1 -0 0
    outer loop
      vertex 13.9251 9.35345 4.71
      vertex 13.9251 12.0535 4
      vertex 13.9251 12.0535 4.71
    endloop
  endfacet
  facet normal 1 0 0
    outer loop
      vertex 13.9251 12.0535 4
      vertex 13.9251 9.35345 4.71
      vertex 13.9251 9.35345 4
    endloop
  endfacet
  facet normal 0 1 -0
    outer loop
      vertex 13.9251 12.0535 4
      vertex 13.3868 12.0535 4.71
      vertex 13.9251 12.0535 4.71
    endloop
  endfacet
  facet normal 0 1 0
    outer loop
      vertex 13.3868 12.0535 4.71
      vertex 13.9251 12.0535 4
      vertex 13.3868 12.0535 4
    endloop
  endfacet
  facet normal -0.827342 0.561699 0
    outer loop
      vertex 11.5498 9.34773 4
      vertex 13.3868 12.0535 4.71
      vertex 13.3868 12.0535 4
    endloop
  endfacet
  facet normal -0.827342 0.561699 0
    outer loop
      vertex 13.3868 12.0535 4.71
      vertex 11.5498 9.34773 4
      vertex 11.5498 9.34773 4.71
    endloop
  endfacet
  facet normal -1 0 0
    outer loop
      vertex 11.5498 8.94899 4
      vertex 11.5498 9.34773 4.71
      vertex 11.5498 9.34773 4
    endloop
  endfacet
  facet normal -1 -0 0
    outer loop
      vertex 11.5498 9.34773 4.71
      vertex 11.5498 8.94899 4
      vertex 11.5498 8.94899 4.71
    endloop
  endfacet
  facet normal 0 -1 0
    outer loop
      vertex 11.5498 8.94899 4
      vertex 13.4409 8.94899 4.71
      vertex 11.5498 8.94899 4.71
    endloop
  endfacet
  facet normal 0 -1 -0
    outer loop
      vertex 13.4409 8.94899 4.71
      vertex 11.5498 8.94899 4
      vertex 13.4409 8.94899 4
    endloop
  endfacet
  facet normal -1 0 0
    outer loop
      vertex 13.4409 8.04045 4
      vertex 13.4409 8.94899 4.71
      vertex 13.4409 8.94899 4
    endloop
  endfacet
  facet normal -1 -0 0
    outer loop
      vertex 13.4409 8.94899 4.71
      vertex 13.4409 8.04045 4
      vertex 13.4409 8.04045 4.71
    endloop
  endfacet
  facet normal 0 -1 0
    outer loop
      vertex 13.4409 8.04045 4
      vertex 13.9251 8.04045 4.71
      vertex 13.4409 8.04045 4.71
    endloop
  endfacet
  facet normal 0 -1 -0
    outer loop
      vertex 13.9251 8.04045 4.71
      vertex 13.4409 8.04045 4
      vertex 13.9251 8.04045 4
    endloop
  endfacet
  facet normal 1 -0 0
    outer loop
      vertex 13.9251 8.04045 4.71
      vertex 13.9251 8.94899 4
      vertex 13.9251 8.94899 4.71
    endloop
  endfacet
  facet normal 1 0 0
    outer loop
      vertex 13.9251 8.94899 4
      vertex 13.9251 8.04045 4.71
      vertex 13.9251 8.04045 4
    endloop
  endfacet
  facet normal 0.78127 -0.624193 0
    outer loop
      vertex 12.0226 9.35345 4.71
      vertex 12.0681 9.4104 4
      vertex 12.0681 9.4104 4.71
    endloop
  endfacet
  facet normal 0.78127 -0.624193 0
    outer loop
      vertex 12.0681 9.4104 4
      vertex 12.0226 9.35345 4.71
      vertex 12.0226 9.35345 4
    endloop
  endfacet
  facet normal 0.807774 -0.589493 0
    outer loop
      vertex 12.0681 9.4104 4.71
      vertex 12.2219 9.62115 4
      vertex 12.2219 9.62115 4.71
    endloop
  endfacet
  facet normal 0.807774 -0.589493 0
    outer loop
      vertex 12.2219 9.62115 4
      vertex 12.0681 9.4104 4.71
      vertex 12.0681 9.4104 4
    endloop
  endfacet
  facet normal 0.82746 -0.561525 0
    outer loop
      vertex 12.2219 9.62115 4.71
      vertex 13.2501 11.1363 4
      vertex 13.2501 11.1363 4.71
    endloop
  endfacet
  facet normal 0.82746 -0.561525 0
    outer loop
      vertex 13.2501 11.1363 4
      vertex 12.2219 9.62115 4.71
      vertex 12.2219 9.62115 4
    endloop
  endfacet
  facet normal 0.836674 -0.547702 0
    outer loop
      vertex 13.2501 11.1363 4.71
      vertex 13.2664 11.1612 4
      vertex 13.2664 11.1612 4.71
    endloop
  endfacet
  facet normal 0.836674 -0.547702 0
    outer loop
      vertex 13.2664 11.1612 4
      vertex 13.2501 11.1363 4.71
      vertex 13.2501 11.1363 4
    endloop
  endfacet
  facet normal 0.851658 -0.524097 0
    outer loop
      vertex 13.2664 11.1612 4.71
      vertex 13.2856 11.1924 4
      vertex 13.2856 11.1924 4.71
    endloop
  endfacet
  facet normal 0.851658 -0.524097 0
    outer loop
      vertex 13.2856 11.1924 4
      vertex 13.2664 11.1612 4.71
      vertex 13.2664 11.1612 4
    endloop
  endfacet
  facet normal 0.860106 -0.510116 0
    outer loop
      vertex 13.2856 11.1924 4.71
      vertex 13.3079 11.23 4
      vertex 13.3079 11.23 4.71
    endloop
  endfacet
  facet normal 0.860106 -0.510116 0
    outer loop
      vertex 13.3079 11.23 4
      vertex 13.2856 11.1924 4.71
      vertex 13.2856 11.1924 4
    endloop
  endfacet
  facet normal 0.868607 -0.495501 0
    outer loop
      vertex 13.3079 11.23 4.71
      vertex 13.333 11.274 4
      vertex 13.333 11.274 4.71
    endloop
  endfacet
  facet normal 0.868607 -0.495501 0
    outer loop
      vertex 13.333 11.274 4
      vertex 13.3079 11.23 4.71
      vertex 13.3079 11.23 4
    endloop
  endfacet
  facet normal 0.872269 -0.489026 0
    outer loop
      vertex 13.333 11.274 4.71
      vertex 13.3612 11.3243 4
      vertex 13.3612 11.3243 4.71
    endloop
  endfacet
  facet normal 0.872269 -0.489026 0
    outer loop
      vertex 13.3612 11.3243 4
      vertex 13.333 11.274 4.71
      vertex 13.333 11.274 4
    endloop
  endfacet
  facet normal 0.876178 -0.481988 0
    outer loop
      vertex 13.3612 11.3243 4.71
      vertex 13.3881 11.3732 4
      vertex 13.3881 11.3732 4.71
    endloop
  endfacet
  facet normal 0.876178 -0.481988 0
    outer loop
      vertex 13.3881 11.3732 4
      vertex 13.3612 11.3243 4.71
      vertex 13.3612 11.3243 4
    endloop
  endfacet
  facet normal 0.879253 -0.476355 0
    outer loop
      vertex 13.3881 11.3732 4.71
      vertex 13.4095 11.4127 4
      vertex 13.4095 11.4127 4.71
    endloop
  endfacet
  facet normal 0.879253 -0.476355 0
    outer loop
      vertex 13.4095 11.4127 4
      vertex 13.3881 11.3732 4.71
      vertex 13.3881 11.3732 4
    endloop
  endfacet
  facet normal 0.884855 -0.465867 0
    outer loop
      vertex 13.4095 11.4127 4.71
      vertex 13.4254 11.4429 4
      vertex 13.4254 11.4429 4.71
    endloop
  endfacet
  facet normal 0.884855 -0.465867 0
    outer loop
      vertex 13.4254 11.4429 4
      vertex 13.4095 11.4127 4.71
      vertex 13.4095 11.4127 4
    endloop
  endfacet
  facet normal 0.89357 -0.448923 0
    outer loop
      vertex 13.4254 11.4429 4.71
      vertex 13.4359 11.4638 4
      vertex 13.4359 11.4638 4.71
    endloop
  endfacet
  facet normal 0.89357 -0.448923 0
    outer loop
      vertex 13.4359 11.4638 4
      vertex 13.4254 11.4429 4.71
      vertex 13.4254 11.4429 4
    endloop
  endfacet
  facet normal 0.91707 -0.398726 0
    outer loop
      vertex 13.4359 11.4638 4.71
      vertex 13.4409 11.4753 4
      vertex 13.4409 11.4753 4.71
    endloop
  endfacet
  facet normal 0.91707 -0.398726 0
    outer loop
      vertex 13.4409 11.4753 4
      vertex 13.4359 11.4638 4.71
      vertex 13.4359 11.4638 4
    endloop
  endfacet
  facet normal -1 0 0
    outer loop
      vertex 13.4409 9.35345 4
      vertex 13.4409 11.4753 4.71
      vertex 13.4409 11.4753 4
    endloop
  endfacet
  facet normal -1 -0 0
    outer loop
      vertex 13.4409 11.4753 4.71
      vertex 13.4409 9.35345 4
      vertex 13.4409 9.35345 4.71
    endloop
  endfacet
  facet normal 0 1 -0
    outer loop
      vertex 13.4409 9.35345 4
      vertex 12.0226 9.35345 4.71
      vertex 13.4409 9.35345 4.71
    endloop
  endfacet
  facet normal 0 1 0
    outer loop
      vertex 12.0226 9.35345 4.71
      vertex 13.4409 9.35345 4
      vertex 12.0226 9.35345 4
    endloop
  endfacet
  facet normal 1 -0 0
    outer loop
      vertex 86 18 4
      vertex 86 32 1.8
      vertex 86 32 4
    endloop
  endfacet
  facet normal 1 0 0
    outer loop
      vertex 86 32 1.8
      vertex 86 18 4
      vertex 86 18 1.8
    endloop
  endfacet
  facet normal 0 0 1
    outer loop
      vertex 11.0655 23.9779 4
      vertex 9.17433 23.9779 4
      vertex 11.0655 23.0693 4
    endloop
  endfacet
  facet normal 0 0 1
    outer loop
      vertex 86 32 4
      vertex 85 28.6 4
      vertex 86 18 4
    endloop
  endfacet
  facet normal 0 0 1
    outer loop
      vertex 86 32 4
      vertex 22 28.6 4
      vertex 85 28.6 4
    endloop
  endfacet
  facet normal -0 0 1
    outer loop
      vertex 16.7764 24.5915 4
      vertex 22 21.4 4
      vertex 22 28.6 4
    endloop
  endfacet
  facet normal 0 0 1
    outer loop
      vertex 22 21.4 4
      vertex 16.7764 24.5915 4
      vertex 16.7904 24.3766 4
    endloop
  endfacet
  facet normal 0 0 1
    outer loop
      vertex 22 28.6 4
      vertex 16.7342 24.7895 4
      vertex 16.7764 24.5915 4
    endloop
  endfacet
  facet normal -0 0 1
    outer loop
      vertex 16.5569 26.6466 4
      vertex 16.7342 24.7895 4
      vertex 22 28.6 4
    endloop
  endfacet
  facet normal 0 0 1
    outer loop
      vertex 16.7342 24.7895 4
      vertex 16.5569 26.6466 4
      vertex 16.6638 24.9706 4
    endloop
  endfacet
  facet normal 0 0 1
    outer loop
      vertex 16.5569 26.6466 4
      vertex 22 28.6 4
      vertex 16.5569 27.0823 4
    endloop
  endfacet
  facet normal 0 0 1
    outer loop
      vertex 22 28.6 4
      vertex 14.2755 27.0823 4
      vertex 16.5569 27.0823 4
    endloop
  endfacet
  facet normal -0 0 1
    outer loop
      vertex 11.5497 27.0823 4
      vertex 14.1417 24.9234 4
      vertex 14.2755 27.0823 4
    endloop
  endfacet
  facet normal 0 -0 1
    outer loop
      vertex 13.2966 23.6931 4
      vertex 14.1417 24.9234 4
      vertex 12.1136 24.3823 4
    endloop
  endfacet
  facet normal 0 0 1
    outer loop
      vertex 14.1417 24.9234 4
      vertex 13.2966 23.6931 4
      vertex 14.0249 23.9665 4
    endloop
  endfacet
  facet normal -0 0 1
    outer loop
      vertex 12.1136 23.9779 4
      vertex 12.7413 23.6931 4
      vertex 12.1136 24.3823 4
    endloop
  endfacet
  facet normal 0 0 1
    outer loop
      vertex 13.2966 23.6931 4
      vertex 12.1136 24.3823 4
      vertex 12.7413 23.6931 4
    endloop
  endfacet
  facet normal 0 0 1
    outer loop
      vertex 14.1417 24.9234 4
      vertex 11.5497 27.0823 4
      vertex 12.1136 24.3823 4
    endloop
  endfacet
  facet normal 0 0 1
    outer loop
      vertex 2 32 4
      vertex 14.2755 27.0823 4
      vertex 22 28.6 4
    endloop
  endfacet
  facet normal 0 0 1
    outer loop
      vertex 14.2755 27.0823 4
      vertex 2 32 4
      vertex 11.5497 27.0823 4
    endloop
  endfacet
  facet normal 0 0 1
    outer loop
      vertex 2 18 4
      vertex 9.17433 24.3766 4
      vertex 2 32 4
    endloop
  endfacet
  facet normal 0 0 1
    outer loop
      vertex 11.0114 27.0823 4
      vertex 2 32 4
      vertex 9.17433 24.3766 4
    endloop
  endfacet
  facet normal 0 0 1
    outer loop
      vertex 11.5497 27.0823 4
      vertex 2 32 4
      vertex 11.0114 27.0823 4
    endloop
  endfacet
  facet normal -0 0 1
    outer loop
      vertex 2 32 4
      vertex 22 28.6 4
      vertex 86 32 4
    endloop
  endfacet
  facet normal -0 0 1
    outer loop
      vertex 85 21.4 4
      vertex 86 18 4
      vertex 85 28.6 4
    endloop
  endfacet
  facet normal -0 0 1
    outer loop
      vertex 22 21.4 4
      vertex 86 18 4
      vertex 85 21.4 4
    endloop
  endfacet
  facet normal -0 0 1
    outer loop
      vertex 16.7753 24.1334 4
      vertex 22 21.4 4
      vertex 16.7904 24.3766 4
    endloop
  endfacet
  facet normal -0 0 1
    outer loop
      vertex 16.7301 23.9118 4
      vertex 22 21.4 4
      vertex 16.7753 24.1334 4
    endloop
  endfacet
  facet normal -0 0 1
    outer loop
      vertex 16.6546 23.7119 4
      vertex 22 21.4 4
      vertex 16.7301 23.9118 4
    endloop
  endfacet
  facet normal -0 0 1
    outer loop
      vertex 16.5489 23.5336 4
      vertex 22 21.4 4
      vertex 16.6546 23.7119 4
    endloop
  endfacet
  facet normal -0 0 1
    outer loop
      vertex 16.413 23.3769 4
      vertex 22 21.4 4
      vertex 16.5489 23.5336 4
    endloop
  endfacet
  facet normal -0 0 1
    outer loop
      vertex 16.2504 23.2457 4
      vertex 22 21.4 4
      vertex 16.413 23.3769 4
    endloop
  endfacet
  facet normal -0 0 1
    outer loop
      vertex 16.0644 23.1436 4
      vertex 22 21.4 4
      vertex 16.2504 23.2457 4
    endloop
  endfacet
  facet normal -0 0 1
    outer loop
      vertex 15.8551 23.0707 4
      vertex 22 21.4 4
      vertex 16.0644 23.1436 4
    endloop
  endfacet
  facet normal -0 0 1
    outer loop
      vertex 15.6224 23.0269 4
      vertex 22 21.4 4
      vertex 15.8551 23.0707 4
    endloop
  endfacet
  facet normal -0 0 1
    outer loop
      vertex 15.3663 23.0124 4
      vertex 22 21.4 4
      vertex 15.6224 23.0269 4
    endloop
  endfacet
  facet normal 0 0 1
    outer loop
      vertex 15.1506 23.0222 4
      vertex 22 21.4 4
      vertex 15.3663 23.0124 4
    endloop
  endfacet
  facet normal 0 0 1
    outer loop
      vertex 13.2966 23.0693 4
      vertex 15.1506 23.0222 4
      vertex 14.9521 23.0516 4
    endloop
  endfacet
  facet normal 0 0 1
    outer loop
      vertex 13.2966 23.6931 4
      vertex 14.0715 23.7896 4
      vertex 14.0249 23.9665 4
    endloop
  endfacet
  facet normal -0 0 1
    outer loop
      vertex 13.2966 23.6931 4
      vertex 14.1384 23.6302 4
      vertex 14.0715 23.7896 4
    endloop
  endfacet
  facet normal 0 0 1
    outer loop
      vertex 13.2966 23.0693 4
      vertex 14.1384 23.6302 4
      vertex 13.2966 23.6931 4
    endloop
  endfacet
  facet normal 0 0 1
    outer loop
      vertex 14.1384 23.6302 4
      vertex 13.2966 23.0693 4
      vertex 14.2255 23.4884 4
    endloop
  endfacet
  facet normal 0 0 1
    outer loop
      vertex 14.2255 23.4884 4
      vertex 13.2966 23.0693 4
      vertex 14.333 23.3641 4
    endloop
  endfacet
  facet normal 0 0 1
    outer loop
      vertex 14.333 23.3641 4
      vertex 13.2966 23.0693 4
      vertex 14.4607 23.2573 4
    endloop
  endfacet
  facet normal 0 0 1
    outer loop
      vertex 14.4607 23.2573 4
      vertex 13.2966 23.0693 4
      vertex 14.6072 23.1691 4
    endloop
  endfacet
  facet normal 0 0 1
    outer loop
      vertex 14.6072 23.1691 4
      vertex 13.2966 23.0693 4
      vertex 14.771 23.1006 4
    endloop
  endfacet
  facet normal -0 0 1
    outer loop
      vertex 13.2966 23.0693 4
      vertex 14.9521 23.0516 4
      vertex 14.771 23.1006 4
    endloop
  endfacet
  facet normal 0 0 1
    outer loop
      vertex 15.1506 23.0222 4
      vertex 13.2966 23.0693 4
      vertex 2 18 4
    endloop
  endfacet
  facet normal 0 0 1
    outer loop
      vertex 2 18 4
      vertex 13.2966 23.0693 4
      vertex 12.7413 23.0693 4
    endloop
  endfacet
  facet normal 0 0 1
    outer loop
      vertex 12.7413 23.6931 4
      vertex 12.1136 23.9779 4
      vertex 12.7413 23.0693 4
    endloop
  endfacet
  facet normal 0 0 1
    outer loop
      vertex 11.5497 23.0693 4
      vertex 12.1136 23.9779 4
      vertex 11.5497 23.9779 4
    endloop
  endfacet
  facet normal 0 0 1
    outer loop
      vertex 12.1136 23.9779 4
      vertex 11.5497 23.0693 4
      vertex 12.7413 23.0693 4
    endloop
  endfacet
  facet normal 0 0 1
    outer loop
      vertex 2 18 4
      vertex 12.7413 23.0693 4
      vertex 11.5497 23.0693 4
    endloop
  endfacet
  facet normal 0 0 1
    outer loop
      vertex 2 18 4
      vertex 11.5497 23.0693 4
      vertex 11.0655 23.0693 4
    endloop
  endfacet
  facet normal 0 0 1
    outer loop
      vertex 22 21.4 4
      vertex 2 18 4
      vertex 86 18 4
    endloop
  endfacet
  facet normal 0 0 1
    outer loop
      vertex 15.1506 23.0222 4
      vertex 2 18 4
      vertex 22 21.4 4
    endloop
  endfacet
  facet normal 0 0 1
    outer loop
      vertex 9.17433 23.9779 4
      vertex 2 18 4
      vertex 11.0655 23.0693 4
    endloop
  endfacet
  facet normal 0 0 1
    outer loop
      vertex 9.17433 24.3766 4
      vertex 2 18 4
      vertex 9.17433 23.9779 4
    endloop
  endfacet
  facet normal 0 0 1
    outer loop
      vertex 16.6638 24.9706 4
      vertex 16.5569 26.6466 4
      vertex 16.5653 25.1349 4
    endloop
  endfacet
  facet normal 0 0 1
    outer loop
      vertex 16.5569 26.6466 4
      vertex 16.4387 25.2823 4
      vertex 16.5653 25.1349 4
    endloop
  endfacet
  facet normal 0 0 1
    outer loop
      vertex 16.5569 26.6466 4
      vertex 16.2884 25.4074 4
      vertex 16.4387 25.2823 4
    endloop
  endfacet
  facet normal 0 0 1
    outer loop
      vertex 16.5569 26.6466 4
      vertex 16.1188 25.5047 4
      vertex 16.2884 25.4074 4
    endloop
  endfacet
  facet normal 0 0 1
    outer loop
      vertex 16.5569 26.6466 4
      vertex 15.9299 25.5742 4
      vertex 16.1188 25.5047 4
    endloop
  endfacet
  facet normal 0 0 1
    outer loop
      vertex 16.5569 26.6466 4
      vertex 15.7219 25.6158 4
      vertex 15.9299 25.5742 4
    endloop
  endfacet
  facet normal 0 0 1
    outer loop
      vertex 16.5569 26.6466 4
      vertex 15.4945 25.6297 4
      vertex 15.7219 25.6158 4
    endloop
  endfacet
  facet normal -0 0 1
    outer loop
      vertex 14.7426 26.6466 4
      vertex 15.4945 25.6297 4
      vertex 16.5569 26.6466 4
    endloop
  endfacet
  facet normal 0 0 1
    outer loop
      vertex 15.4945 25.6297 4
      vertex 14.7426 26.6466 4
      vertex 15.3028 25.6195 4
    endloop
  endfacet
  facet normal 0 0 1
    outer loop
      vertex 15.3028 25.6195 4
      vertex 14.7426 26.6466 4
      vertex 15.1241 25.5887 4
    endloop
  endfacet
  facet normal 0 0 1
    outer loop
      vertex 15.1241 25.5887 4
      vertex 14.7426 26.6466 4
      vertex 14.9583 25.5375 4
    endloop
  endfacet
  facet normal 0 0 1
    outer loop
      vertex 14.9583 25.5375 4
      vertex 14.7426 26.6466 4
      vertex 14.8055 25.4657 4
    endloop
  endfacet
  facet normal 0 0 1
    outer loop
      vertex 14.8055 25.4657 4
      vertex 14.7426 26.6466 4
      vertex 14.6657 25.3734 4
    endloop
  endfacet
  facet normal 0 0 1
    outer loop
      vertex 15.5421 25.2018 4
      vertex 16.2578 24.3652 4
      vertex 16.2484 24.5109 4
    endloop
  endfacet
  facet normal 0 0 1
    outer loop
      vertex 16.2578 24.3652 4
      vertex 15.3892 25.2111 4
      vertex 16.2485 24.1984 4
    endloop
  endfacet
  facet normal 0 0 1
    outer loop
      vertex 15.6819 25.1737 4
      vertex 16.2484 24.5109 4
      vertex 16.2202 24.645 4
    endloop
  endfacet
  facet normal -0 0 1
    outer loop
      vertex 15.3071 25.2085 4
      vertex 16.2485 24.1984 4
      vertex 15.3892 25.2111 4
    endloop
  endfacet
  facet normal 0 0 1
    outer loop
      vertex 15.6819 25.1737 4
      vertex 16.2202 24.645 4
      vertex 16.1732 24.7675 4
    endloop
  endfacet
  facet normal 0 0 1
    outer loop
      vertex 16.2578 24.3652 4
      vertex 15.5421 25.2018 4
      vertex 15.3892 25.2111 4
    endloop
  endfacet
  facet normal 0 0 1
    outer loop
      vertex 15.6819 25.1737 4
      vertex 16.1732 24.7675 4
      vertex 16.1075 24.8783 4
    endloop
  endfacet
  facet normal 0 0 1
    outer loop
      vertex 16.2485 24.1984 4
      vertex 15.3778 23.431 4
      vertex 16.2205 24.0464 4
    endloop
  endfacet
  facet normal 0 0 1
    outer loop
      vertex 15.6819 25.1737 4
      vertex 16.1075 24.8783 4
      vertex 16.0228 24.9776 4
    endloop
  endfacet
  facet normal 0 -0 1
    outer loop
      vertex 15.5358 23.441 4
      vertex 16.2205 24.0464 4
      vertex 15.3778 23.431 4
    endloop
  endfacet
  facet normal 0 0 1
    outer loop
      vertex 15.6819 25.1737 4
      vertex 16.0228 24.9776 4
      vertex 15.9223 25.0616 4
    endloop
  endfacet
  facet normal 0 0 1
    outer loop
      vertex 16.2484 24.5109 4
      vertex 15.6819 25.1737 4
      vertex 15.5421 25.2018 4
    endloop
  endfacet
  facet normal 0 0 1
    outer loop
      vertex 15.6819 25.1737 4
      vertex 15.9223 25.0616 4
      vertex 15.8087 25.127 4
    endloop
  endfacet
  facet normal 0 0 1
    outer loop
      vertex 16.1738 23.9094 4
      vertex 15.6794 23.4709 4
      vertex 16.1084 23.7874 4
    endloop
  endfacet
  facet normal 0 0 1
    outer loop
      vertex 16.1084 23.7874 4
      vertex 15.6794 23.4709 4
      vertex 16.0243 23.6802 4
    endloop
  endfacet
  facet normal 0 0 1
    outer loop
      vertex 15.9237 23.5905 4
      vertex 15.6794 23.4709 4
      vertex 15.8087 23.5207 4
    endloop
  endfacet
  facet normal 0 0 1
    outer loop
      vertex 16.0243 23.6802 4
      vertex 15.6794 23.4709 4
      vertex 15.9237 23.5905 4
    endloop
  endfacet
  facet normal 0 -0 1
    outer loop
      vertex 15.6794 23.4709 4
      vertex 16.1738 23.9094 4
      vertex 15.5358 23.441 4
    endloop
  endfacet
  facet normal 0 0 1
    outer loop
      vertex 16.2205 24.0464 4
      vertex 15.5358 23.441 4
      vertex 16.1738 23.9094 4
    endloop
  endfacet
  facet normal 0 0 1
    outer loop
      vertex 14.5433 24.0263 4
      vertex 16.2485 24.1984 4
      vertex 15.3071 25.2085 4
    endloop
  endfacet
  facet normal 0 0 1
    outer loop
      vertex 14.5433 24.0263 4
      vertex 15.3071 25.2085 4
      vertex 15.2274 25.2006 4
    endloop
  endfacet
  facet normal 0 0 1
    outer loop
      vertex 14.5433 24.0263 4
      vertex 15.2274 25.2006 4
      vertex 15.1499 25.1875 4
    endloop
  endfacet
  facet normal 0 0 1
    outer loop
      vertex 16.2485 24.1984 4
      vertex 14.5433 24.0263 4
      vertex 15.3778 23.431 4
    endloop
  endfacet
  facet normal 0 0 1
    outer loop
      vertex 14.5433 24.0263 4
      vertex 15.1499 25.1875 4
      vertex 15.0747 25.1692 4
    endloop
  endfacet
  facet normal 0 0 1
    outer loop
      vertex 14.5433 24.0263 4
      vertex 15.0747 25.1692 4
      vertex 15.0018 25.1456 4
    endloop
  endfacet
  facet normal 0 0 1
    outer loop
      vertex 14.5433 24.0263 4
      vertex 15.0018 25.1456 4
      vertex 14.93 25.1157 4
    endloop
  endfacet
  facet normal 0 0 1
    outer loop
      vertex 15.3778 23.431 4
      vertex 14.5433 24.0263 4
      vertex 15.1293 23.4548 4
    endloop
  endfacet
  facet normal 0 0 1
    outer loop
      vertex 14.5433 24.0263 4
      vertex 14.93 25.1157 4
      vertex 14.8582 25.0786 4
    endloop
  endfacet
  facet normal 0 0 1
    outer loop
      vertex 14.5433 24.0263 4
      vertex 14.8582 25.0786 4
      vertex 14.7865 25.0342 4
    endloop
  endfacet
  facet normal -0 -0 1
    outer loop
      vertex 14.6286 23.812 4
      vertex 15.1293 23.4548 4
      vertex 14.5433 24.0263 4
    endloop
  endfacet
  facet normal 0 0 1
    outer loop
      vertex 14.5433 24.0263 4
      vertex 14.7865 25.0342 4
      vertex 14.7147 24.9825 4
    endloop
  endfacet
  facet normal 0 0 1
    outer loop
      vertex 14.5433 24.0263 4
      vertex 14.7147 24.9825 4
      vertex 14.6429 24.9234 4
    endloop
  endfacet
  facet normal 0 0 1
    outer loop
      vertex 15.1293 23.4548 4
      vertex 14.6286 23.812 4
      vertex 14.9216 23.5263 4
    endloop
  endfacet
  facet normal 0 0 1
    outer loop
      vertex 14.9216 23.5263 4
      vertex 14.6286 23.812 4
      vertex 14.7547 23.6453 4
    endloop
  endfacet
  facet normal -0 0 1
    outer loop
      vertex 14.1417 24.9234 4
      vertex 14.5433 24.0263 4
      vertex 14.6429 24.9234 4
    endloop
  endfacet
  facet normal 0 0 1
    outer loop
      vertex 14.5433 24.0263 4
      vertex 14.1417 24.9234 4
      vertex 14.0249 23.9665 4
    endloop
  endfacet
  facet normal 0 0 1
    outer loop
      vertex 12.1136 24.3823 4
      vertex 11.5497 27.0823 4
      vertex 11.5497 24.3823 4
    endloop
  endfacet
  facet normal -0 0 1
    outer loop
      vertex 11.0605 26.4926 4
      vertex 11.0655 24.3823 4
      vertex 11.0655 26.5042 4
    endloop
  endfacet
  facet normal -0 0 1
    outer loop
      vertex 11.05 26.4718 4
      vertex 11.0655 24.3823 4
      vertex 11.0605 26.4926 4
    endloop
  endfacet
  facet normal -0 0 1
    outer loop
      vertex 11.0341 26.4416 4
      vertex 11.0655 24.3823 4
      vertex 11.05 26.4718 4
    endloop
  endfacet
  facet normal -0 0 1
    outer loop
      vertex 11.0126 26.4021 4
      vertex 11.0655 24.3823 4
      vertex 11.0341 26.4416 4
    endloop
  endfacet
  facet normal -0 0 1
    outer loop
      vertex 10.9857 26.3532 4
      vertex 11.0655 24.3823 4
      vertex 11.0126 26.4021 4
    endloop
  endfacet
  facet normal -0 0 1
    outer loop
      vertex 10.9576 26.3028 4
      vertex 11.0655 24.3823 4
      vertex 10.9857 26.3532 4
    endloop
  endfacet
  facet normal -0 0 1
    outer loop
      vertex 10.9324 26.2589 4
      vertex 11.0655 24.3823 4
      vertex 10.9576 26.3028 4
    endloop
  endfacet
  facet normal -0 0 1
    outer loop
      vertex 10.9102 26.2213 4
      vertex 11.0655 24.3823 4
      vertex 10.9324 26.2589 4
    endloop
  endfacet
  facet normal -0 0 1
    outer loop
      vertex 10.891 26.19 4
      vertex 11.0655 24.3823 4
      vertex 10.9102 26.2213 4
    endloop
  endfacet
  facet normal -0 0 1
    outer loop
      vertex 10.8747 26.1652 4
      vertex 11.0655 24.3823 4
      vertex 10.891 26.19 4
    endloop
  endfacet
  facet normal -0 0 1
    outer loop
      vertex 9.84651 24.65 4
      vertex 11.0655 24.3823 4
      vertex 10.8747 26.1652 4
    endloop
  endfacet
  facet normal -0 0 1
    outer loop
      vertex 9.6927 24.4393 4
      vertex 11.0655 24.3823 4
      vertex 9.84651 24.65 4
    endloop
  endfacet
  facet normal 0 0 1
    outer loop
      vertex 11.0655 24.3823 4
      vertex 9.6927 24.4393 4
      vertex 9.64713 24.3823 4
    endloop
  endfacet
  facet normal -1 0 0
    outer loop
      vertex 2 18 1.8
      vertex 2 32 4
      vertex 2 32 1.8
    endloop
  endfacet
  facet normal -1 -0 0
    outer loop
      vertex 2 32 4
      vertex 2 18 1.8
      vertex 2 18 4
    endloop
  endfacet
  facet normal 0 1 -0
    outer loop
      vertex 86 32 1.8
      vertex 2 32 4
      vertex 86 32 4
    endloop
  endfacet
  facet normal 0 1 0
    outer loop
      vertex 2 32 4
      vertex 86 32 1.8
      vertex 2 32 1.8
    endloop
  endfacet
  facet normal 0 -1 0
    outer loop
      vertex 2 18 1.8
      vertex 86 18 4
      vertex 2 18 4
    endloop
  endfacet
  facet normal 0 -1 -0
    outer loop
      vertex 86 18 4
      vertex 2 18 1.8
      vertex 86 18 1.8
    endloop
  endfacet
  facet normal -1 0 0
    outer loop
      vertex 85 21.4 2.4
      vertex 85 28.6 4
      vertex 85 28.6 2.4
    endloop
  endfacet
  facet normal -1 -0 0
    outer loop
      vertex 85 28.6 4
      vertex 85 21.4 2.4
      vertex 85 21.4 4
    endloop
  endfacet
  facet normal 0 0 1
    outer loop
      vertex 85 28.6 2.4
      vertex 82.7 24.8 2.4
      vertex 85 21.4 2.4
    endloop
  endfacet
  facet normal -0 0 1
    outer loop
      vertex 80.45 28.4 2.4
      vertex 82.7 24.8 2.4
      vertex 85 28.6 2.4
    endloop
  endfacet
  facet normal -0 0 1
    outer loop
      vertex 80.45 25.2 2.4
      vertex 81.5 24.8 2.4
      vertex 80.45 28.4 2.4
    endloop
  endfacet
  facet normal 0 0 1
    outer loop
      vertex 82.7 24.8 2.4
      vertex 80.45 28.4 2.4
      vertex 81.5 24.8 2.4
    endloop
  endfacet
  facet normal 0 0 1
    outer loop
      vertex 85 28.6 2.4
      vertex 79.25 28.4 2.4
      vertex 80.45 28.4 2.4
    endloop
  endfacet
  facet normal 0 0 1
    outer loop
      vertex 79.25 28.4 2.4
      vertex 78.2 24.8 2.4
      vertex 79.25 25.2 2.4
    endloop
  endfacet
  facet normal 0 0 1
    outer loop
      vertex 79.25 28.4 2.4
      vertex 77 24.8 2.4
      vertex 78.2 24.8 2.4
    endloop
  endfacet
  facet normal -0 0 1
    outer loop
      vertex 75.95 25.2 2.4
      vertex 77 24.8 2.4
      vertex 75.95 28.4 2.4
    endloop
  endfacet
  facet normal 0 0 1
    outer loop
      vertex 79.25 28.4 2.4
      vertex 75.95 28.4 2.4
      vertex 77 24.8 2.4
    endloop
  endfacet
  facet normal 0 0 1
    outer loop
      vertex 85 28.6 2.4
      vertex 75.95 28.4 2.4
      vertex 79.25 28.4 2.4
    endloop
  endfacet
  facet normal 0 0 1
    outer loop
      vertex 85 28.6 2.4
      vertex 74.75 28.4 2.4
      vertex 75.95 28.4 2.4
    endloop
  endfacet
  facet normal 0 0 1
    outer loop
      vertex 74.75 28.4 2.4
      vertex 73.7 24.8 2.4
      vertex 74.75 25.2 2.4
    endloop
  endfacet
  facet normal 0 0 1
    outer loop
      vertex 74.75 28.4 2.4
      vertex 72.5 24.8 2.4
      vertex 73.7 24.8 2.4
    endloop
  endfacet
  facet normal -0 0 1
    outer loop
      vertex 71.45 25.2 2.4
      vertex 72.5 24.8 2.4
      vertex 71.45 28.4 2.4
    endloop
  endfacet
  facet normal 0 0 1
    outer loop
      vertex 74.75 28.4 2.4
      vertex 71.45 28.4 2.4
      vertex 72.5 24.8 2.4
    endloop
  endfacet
  facet normal 0 0 1
    outer loop
      vertex 85 28.6 2.4
      vertex 71.45 28.4 2.4
      vertex 74.75 28.4 2.4
    endloop
  endfacet
  facet normal 0 0 1
    outer loop
      vertex 85 28.6 2.4
      vertex 70.25 28.4 2.4
      vertex 71.45 28.4 2.4
    endloop
  endfacet
  facet normal 0 0 1
    outer loop
      vertex 70.25 28.4 2.4
      vertex 69.2 24.8 2.4
      vertex 70.25 25.2 2.4
    endloop
  endfacet
  facet normal 0 0 1
    outer loop
      vertex 70.25 28.4 2.4
      vertex 68 24.8 2.4
      vertex 69.2 24.8 2.4
    endloop
  endfacet
  facet normal -0 0 1
    outer loop
      vertex 66.95 25.2 2.4
      vertex 68 24.8 2.4
      vertex 66.95 28.4 2.4
    endloop
  endfacet
  facet normal 0 0 1
    outer loop
      vertex 70.25 28.4 2.4
      vertex 66.95 28.4 2.4
      vertex 68 24.8 2.4
    endloop
  endfacet
  facet normal 0 0 1
    outer loop
      vertex 85 28.6 2.4
      vertex 66.95 28.4 2.4
      vertex 70.25 28.4 2.4
    endloop
  endfacet
  facet normal 0 0 1
    outer loop
      vertex 85 28.6 2.4
      vertex 65.75 28.4 2.4
      vertex 66.95 28.4 2.4
    endloop
  endfacet
  facet normal 0 0 1
    outer loop
      vertex 65.75 28.4 2.4
      vertex 64.7 24.8 2.4
      vertex 65.75 25.2 2.4
    endloop
  endfacet
  facet normal 0 0 1
    outer loop
      vertex 65.75 28.4 2.4
      vertex 63.5 24.8 2.4
      vertex 64.7 24.8 2.4
    endloop
  endfacet
  facet normal -0 0 1
    outer loop
      vertex 62.45 25.2 2.4
      vertex 63.5 24.8 2.4
      vertex 62.45 28.4 2.4
    endloop
  endfacet
  facet normal 0 0 1
    outer loop
      vertex 65.75 28.4 2.4
      vertex 62.45 28.4 2.4
      vertex 63.5 24.8 2.4
    endloop
  endfacet
  facet normal 0 0 1
    outer loop
      vertex 85 28.6 2.4
      vertex 62.45 28.4 2.4
      vertex 65.75 28.4 2.4
    endloop
  endfacet
  facet normal 0 0 1
    outer loop
      vertex 85 28.6 2.4
      vertex 61.25 28.4 2.4
      vertex 62.45 28.4 2.4
    endloop
  endfacet
  facet normal 0 0 1
    outer loop
      vertex 61.25 28.4 2.4
      vertex 60.2 24.8 2.4
      vertex 61.25 25.2 2.4
    endloop
  endfacet
  facet normal 0 0 1
    outer loop
      vertex 61.25 28.4 2.4
      vertex 59 24.8 2.4
      vertex 60.2 24.8 2.4
    endloop
  endfacet
  facet normal -0 0 1
    outer loop
      vertex 57.95 25.2 2.4
      vertex 59 24.8 2.4
      vertex 57.95 28.4 2.4
    endloop
  endfacet
  facet normal 0 0 1
    outer loop
      vertex 61.25 28.4 2.4
      vertex 57.95 28.4 2.4
      vertex 59 24.8 2.4
    endloop
  endfacet
  facet normal 0 0 1
    outer loop
      vertex 85 28.6 2.4
      vertex 57.95 28.4 2.4
      vertex 61.25 28.4 2.4
    endloop
  endfacet
  facet normal 0 0 1
    outer loop
      vertex 85 28.6 2.4
      vertex 56.75 28.4 2.4
      vertex 57.95 28.4 2.4
    endloop
  endfacet
  facet normal 0 0 1
    outer loop
      vertex 56.75 28.4 2.4
      vertex 55.7 24.8 2.4
      vertex 56.75 25.2 2.4
    endloop
  endfacet
  facet normal 0 0 1
    outer loop
      vertex 56.75 28.4 2.4
      vertex 54.5 24.8 2.4
      vertex 55.7 24.8 2.4
    endloop
  endfacet
  facet normal -0 0 1
    outer loop
      vertex 53.45 25.2 2.4
      vertex 54.5 24.8 2.4
      vertex 53.45 28.4 2.4
    endloop
  endfacet
  facet normal 0 0 1
    outer loop
      vertex 56.75 28.4 2.4
      vertex 53.45 28.4 2.4
      vertex 54.5 24.8 2.4
    endloop
  endfacet
  facet normal 0 0 1
    outer loop
      vertex 85 28.6 2.4
      vertex 53.45 28.4 2.4
      vertex 56.75 28.4 2.4
    endloop
  endfacet
  facet normal 0 0 1
    outer loop
      vertex 85 28.6 2.4
      vertex 52.25 28.4 2.4
      vertex 53.45 28.4 2.4
    endloop
  endfacet
  facet normal 0 0 1
    outer loop
      vertex 52.25 28.4 2.4
      vertex 51.2 24.8 2.4
      vertex 52.25 25.2 2.4
    endloop
  endfacet
  facet normal 0 0 1
    outer loop
      vertex 52.25 28.4 2.4
      vertex 50 24.8 2.4
      vertex 51.2 24.8 2.4
    endloop
  endfacet
  facet normal -0 0 1
    outer loop
      vertex 48.95 25.2 2.4
      vertex 50 24.8 2.4
      vertex 48.95 28.4 2.4
    endloop
  endfacet
  facet normal 0 0 1
    outer loop
      vertex 52.25 28.4 2.4
      vertex 48.95 28.4 2.4
      vertex 50 24.8 2.4
    endloop
  endfacet
  facet normal 0 0 1
    outer loop
      vertex 85 28.6 2.4
      vertex 48.95 28.4 2.4
      vertex 52.25 28.4 2.4
    endloop
  endfacet
  facet normal 0 0 1
    outer loop
      vertex 85 28.6 2.4
      vertex 47.75 28.4 2.4
      vertex 48.95 28.4 2.4
    endloop
  endfacet
  facet normal 0 0 1
    outer loop
      vertex 47.75 28.4 2.4
      vertex 46.7 24.8 2.4
      vertex 47.75 25.2 2.4
    endloop
  endfacet
  facet normal 0 0 1
    outer loop
      vertex 47.75 28.4 2.4
      vertex 45.5 24.8 2.4
      vertex 46.7 24.8 2.4
    endloop
  endfacet
  facet normal -0 0 1
    outer loop
      vertex 44.45 25.2 2.4
      vertex 45.5 24.8 2.4
      vertex 44.45 28.4 2.4
    endloop
  endfacet
  facet normal 0 0 1
    outer loop
      vertex 47.75 28.4 2.4
      vertex 44.45 28.4 2.4
      vertex 45.5 24.8 2.4
    endloop
  endfacet
  facet normal 0 0 1
    outer loop
      vertex 85 28.6 2.4
      vertex 44.45 28.4 2.4
      vertex 47.75 28.4 2.4
    endloop
  endfacet
  facet normal 0 0 1
    outer loop
      vertex 85 28.6 2.4
      vertex 43.25 28.4 2.4
      vertex 44.45 28.4 2.4
    endloop
  endfacet
  facet normal 0 0 1
    outer loop
      vertex 43.25 28.4 2.4
      vertex 42.2 24.8 2.4
      vertex 43.25 25.2 2.4
    endloop
  endfacet
  facet normal 0 0 1
    outer loop
      vertex 43.25 28.4 2.4
      vertex 41 24.8 2.4
      vertex 42.2 24.8 2.4
    endloop
  endfacet
  facet normal -0 0 1
    outer loop
      vertex 39.95 25.2 2.4
      vertex 41 24.8 2.4
      vertex 39.95 28.4 2.4
    endloop
  endfacet
  facet normal 0 0 1
    outer loop
      vertex 43.25 28.4 2.4
      vertex 39.95 28.4 2.4
      vertex 41 24.8 2.4
    endloop
  endfacet
  facet normal 0 0 1
    outer loop
      vertex 85 28.6 2.4
      vertex 39.95 28.4 2.4
      vertex 43.25 28.4 2.4
    endloop
  endfacet
  facet normal 0 0 1
    outer loop
      vertex 85 28.6 2.4
      vertex 38.75 28.4 2.4
      vertex 39.95 28.4 2.4
    endloop
  endfacet
  facet normal 0 0 1
    outer loop
      vertex 38.75 28.4 2.4
      vertex 37.7 24.8 2.4
      vertex 38.75 25.2 2.4
    endloop
  endfacet
  facet normal 0 0 1
    outer loop
      vertex 38.75 28.4 2.4
      vertex 36.5 24.8 2.4
      vertex 37.7 24.8 2.4
    endloop
  endfacet
  facet normal -0 0 1
    outer loop
      vertex 35.45 25.2 2.4
      vertex 36.5 24.8 2.4
      vertex 35.45 28.4 2.4
    endloop
  endfacet
  facet normal 0 0 1
    outer loop
      vertex 38.75 28.4 2.4
      vertex 35.45 28.4 2.4
      vertex 36.5 24.8 2.4
    endloop
  endfacet
  facet normal -0 0 1
    outer loop
      vertex 22 28.6 2.4
      vertex 38.75 28.4 2.4
      vertex 85 28.6 2.4
    endloop
  endfacet
  facet normal 0 0 1
    outer loop
      vertex 38.75 28.4 2.4
      vertex 22 28.6 2.4
      vertex 35.45 28.4 2.4
    endloop
  endfacet
  facet normal 0 0 1
    outer loop
      vertex 34.25 28.4 2.4
      vertex 33.2 24.8 2.4
      vertex 34.25 25.2 2.4
    endloop
  endfacet
  facet normal 0 0 1
    outer loop
      vertex 34.25 28.4 2.4
      vertex 32 24.8 2.4
      vertex 33.2 24.8 2.4
    endloop
  endfacet
  facet normal -0 0 1
    outer loop
      vertex 30.95 25.2 2.4
      vertex 32 24.8 2.4
      vertex 30.95 28.4 2.4
    endloop
  endfacet
  facet normal 0 0 1
    outer loop
      vertex 34.25 28.4 2.4
      vertex 30.95 28.4 2.4
      vertex 32 24.8 2.4
    endloop
  endfacet
  facet normal 0 0 1
    outer loop
      vertex 35.45 28.4 2.4
      vertex 22 28.6 2.4
      vertex 34.25 28.4 2.4
    endloop
  endfacet
  facet normal 0 0 1
    outer loop
      vertex 34.25 28.4 2.4
      vertex 22 28.6 2.4
      vertex 30.95 28.4 2.4
    endloop
  endfacet
  facet normal 0 0 1
    outer loop
      vertex 29.75 28.4 2.4
      vertex 28.7 24.8 2.4
      vertex 29.75 25.2 2.4
    endloop
  endfacet
  facet normal 0 0 1
    outer loop
      vertex 29.75 28.4 2.4
      vertex 27.5 24.8 2.4
      vertex 28.7 24.8 2.4
    endloop
  endfacet
  facet normal -0 0 1
    outer loop
      vertex 26.45 25.2 2.4
      vertex 27.5 24.8 2.4
      vertex 26.45 28.4 2.4
    endloop
  endfacet
  facet normal 0 0 1
    outer loop
      vertex 29.75 28.4 2.4
      vertex 26.45 28.4 2.4
      vertex 27.5 24.8 2.4
    endloop
  endfacet
  facet normal 0 0 1
    outer loop
      vertex 30.95 28.4 2.4
      vertex 22 28.6 2.4
      vertex 29.75 28.4 2.4
    endloop
  endfacet
  facet normal 0 0 1
    outer loop
      vertex 29.75 28.4 2.4
      vertex 22 28.6 2.4
      vertex 26.45 28.4 2.4
    endloop
  endfacet
  facet normal 0 0 1
    outer loop
      vertex 25.25 28.4 2.4
      vertex 24.2 24.8 2.4
      vertex 25.25 25.2 2.4
    endloop
  endfacet
  facet normal 0 0 1
    outer loop
      vertex 25.25 28.4 2.4
      vertex 23 24.8 2.4
      vertex 24.2 24.8 2.4
    endloop
  endfacet
  facet normal 0 0 1
    outer loop
      vertex 22 21.4 2.4
      vertex 23 24.8 2.4
      vertex 22 28.6 2.4
    endloop
  endfacet
  facet normal 0 0 1
    outer loop
      vertex 25.25 28.4 2.4
      vertex 22 28.6 2.4
      vertex 23 24.8 2.4
    endloop
  endfacet
  facet normal 0 0 1
    outer loop
      vertex 26.45 28.4 2.4
      vertex 22 28.6 2.4
      vertex 25.25 28.4 2.4
    endloop
  endfacet
  facet normal -0 0 1
    outer loop
      vertex 82.7 21.6 2.4
      vertex 85 21.4 2.4
      vertex 82.7 24.8 2.4
    endloop
  endfacet
  facet normal -0 0 1
    outer loop
      vertex 81.5 21.6 2.4
      vertex 85 21.4 2.4
      vertex 82.7 21.6 2.4
    endloop
  endfacet
  facet normal 0 0 1
    outer loop
      vertex 81.5 24.8 2.4
      vertex 80.45 25.2 2.4
      vertex 81.5 21.6 2.4
    endloop
  endfacet
  facet normal -0 0 1
    outer loop
      vertex 79.25 25.2 2.4
      vertex 81.5 21.6 2.4
      vertex 80.45 25.2 2.4
    endloop
  endfacet
  facet normal 0 0 1
    outer loop
      vertex 78.2 21.6 2.4
      vertex 79.25 25.2 2.4
      vertex 78.2 24.8 2.4
    endloop
  endfacet
  facet normal 0 0 1
    outer loop
      vertex 79.25 25.2 2.4
      vertex 78.2 21.6 2.4
      vertex 81.5 21.6 2.4
    endloop
  endfacet
  facet normal -0 0 1
    outer loop
      vertex 78.2 21.6 2.4
      vertex 85 21.4 2.4
      vertex 81.5 21.6 2.4
    endloop
  endfacet
  facet normal -0 0 1
    outer loop
      vertex 77 21.6 2.4
      vertex 85 21.4 2.4
      vertex 78.2 21.6 2.4
    endloop
  endfacet
  facet normal 0 0 1
    outer loop
      vertex 77 24.8 2.4
      vertex 75.95 25.2 2.4
      vertex 77 21.6 2.4
    endloop
  endfacet
  facet normal -0 0 1
    outer loop
      vertex 74.75 25.2 2.4
      vertex 77 21.6 2.4
      vertex 75.95 25.2 2.4
    endloop
  endfacet
  facet normal 0 0 1
    outer loop
      vertex 73.7 21.6 2.4
      vertex 74.75 25.2 2.4
      vertex 73.7 24.8 2.4
    endloop
  endfacet
  facet normal 0 0 1
    outer loop
      vertex 74.75 25.2 2.4
      vertex 73.7 21.6 2.4
      vertex 77 21.6 2.4
    endloop
  endfacet
  facet normal -0 0 1
    outer loop
      vertex 73.7 21.6 2.4
      vertex 85 21.4 2.4
      vertex 77 21.6 2.4
    endloop
  endfacet
  facet normal -0 0 1
    outer loop
      vertex 72.5 21.6 2.4
      vertex 85 21.4 2.4
      vertex 73.7 21.6 2.4
    endloop
  endfacet
  facet normal 0 0 1
    outer loop
      vertex 72.5 24.8 2.4
      vertex 71.45 25.2 2.4
      vertex 72.5 21.6 2.4
    endloop
  endfacet
  facet normal -0 0 1
    outer loop
      vertex 70.25 25.2 2.4
      vertex 72.5 21.6 2.4
      vertex 71.45 25.2 2.4
    endloop
  endfacet
  facet normal 0 0 1
    outer loop
      vertex 69.2 21.6 2.4
      vertex 70.25 25.2 2.4
      vertex 69.2 24.8 2.4
    endloop
  endfacet
  facet normal 0 0 1
    outer loop
      vertex 70.25 25.2 2.4
      vertex 69.2 21.6 2.4
      vertex 72.5 21.6 2.4
    endloop
  endfacet
  facet normal -0 0 1
    outer loop
      vertex 69.2 21.6 2.4
      vertex 85 21.4 2.4
      vertex 72.5 21.6 2.4
    endloop
  endfacet
  facet normal -0 0 1
    outer loop
      vertex 68 21.6 2.4
      vertex 85 21.4 2.4
      vertex 69.2 21.6 2.4
    endloop
  endfacet
  facet normal 0 0 1
    outer loop
      vertex 68 24.8 2.4
      vertex 66.95 25.2 2.4
      vertex 68 21.6 2.4
    endloop
  endfacet
  facet normal -0 0 1
    outer loop
      vertex 65.75 25.2 2.4
      vertex 68 21.6 2.4
      vertex 66.95 25.2 2.4
    endloop
  endfacet
  facet normal 0 0 1
    outer loop
      vertex 64.7 21.6 2.4
      vertex 65.75 25.2 2.4
      vertex 64.7 24.8 2.4
    endloop
  endfacet
  facet normal 0 0 1
    outer loop
      vertex 65.75 25.2 2.4
      vertex 64.7 21.6 2.4
      vertex 68 21.6 2.4
    endloop
  endfacet
  facet normal -0 0 1
    outer loop
      vertex 64.7 21.6 2.4
      vertex 85 21.4 2.4
      vertex 68 21.6 2.4
    endloop
  endfacet
  facet normal -0 0 1
    outer loop
      vertex 63.5 21.6 2.4
      vertex 85 21.4 2.4
      vertex 64.7 21.6 2.4
    endloop
  endfacet
  facet normal 0 0 1
    outer loop
      vertex 63.5 24.8 2.4
      vertex 62.45 25.2 2.4
      vertex 63.5 21.6 2.4
    endloop
  endfacet
  facet normal -0 0 1
    outer loop
      vertex 61.25 25.2 2.4
      vertex 63.5 21.6 2.4
      vertex 62.45 25.2 2.4
    endloop
  endfacet
  facet normal 0 0 1
    outer loop
      vertex 60.2 21.6 2.4
      vertex 61.25 25.2 2.4
      vertex 60.2 24.8 2.4
    endloop
  endfacet
  facet normal 0 0 1
    outer loop
      vertex 61.25 25.2 2.4
      vertex 60.2 21.6 2.4
      vertex 63.5 21.6 2.4
    endloop
  endfacet
  facet normal -0 0 1
    outer loop
      vertex 60.2 21.6 2.4
      vertex 85 21.4 2.4
      vertex 63.5 21.6 2.4
    endloop
  endfacet
  facet normal -0 0 1
    outer loop
      vertex 59 21.6 2.4
      vertex 85 21.4 2.4
      vertex 60.2 21.6 2.4
    endloop
  endfacet
  facet normal 0 0 1
    outer loop
      vertex 59 24.8 2.4
      vertex 57.95 25.2 2.4
      vertex 59 21.6 2.4
    endloop
  endfacet
  facet normal -0 0 1
    outer loop
      vertex 56.75 25.2 2.4
      vertex 59 21.6 2.4
      vertex 57.95 25.2 2.4
    endloop
  endfacet
  facet normal 0 0 1
    outer loop
      vertex 55.7 21.6 2.4
      vertex 56.75 25.2 2.4
      vertex 55.7 24.8 2.4
    endloop
  endfacet
  facet normal 0 0 1
    outer loop
      vertex 56.75 25.2 2.4
      vertex 55.7 21.6 2.4
      vertex 59 21.6 2.4
    endloop
  endfacet
  facet normal -0 0 1
    outer loop
      vertex 55.7 21.6 2.4
      vertex 85 21.4 2.4
      vertex 59 21.6 2.4
    endloop
  endfacet
  facet normal -0 0 1
    outer loop
      vertex 54.5 21.6 2.4
      vertex 85 21.4 2.4
      vertex 55.7 21.6 2.4
    endloop
  endfacet
  facet normal 0 0 1
    outer loop
      vertex 54.5 24.8 2.4
      vertex 53.45 25.2 2.4
      vertex 54.5 21.6 2.4
    endloop
  endfacet
  facet normal -0 0 1
    outer loop
      vertex 52.25 25.2 2.4
      vertex 54.5 21.6 2.4
      vertex 53.45 25.2 2.4
    endloop
  endfacet
  facet normal 0 0 1
    outer loop
      vertex 51.2 21.6 2.4
      vertex 52.25 25.2 2.4
      vertex 51.2 24.8 2.4
    endloop
  endfacet
  facet normal 0 0 1
    outer loop
      vertex 52.25 25.2 2.4
      vertex 51.2 21.6 2.4
      vertex 54.5 21.6 2.4
    endloop
  endfacet
  facet normal -0 0 1
    outer loop
      vertex 51.2 21.6 2.4
      vertex 85 21.4 2.4
      vertex 54.5 21.6 2.4
    endloop
  endfacet
  facet normal -0 0 1
    outer loop
      vertex 50 21.6 2.4
      vertex 85 21.4 2.4
      vertex 51.2 21.6 2.4
    endloop
  endfacet
  facet normal 0 0 1
    outer loop
      vertex 50 24.8 2.4
      vertex 48.95 25.2 2.4
      vertex 50 21.6 2.4
    endloop
  endfacet
  facet normal -0 0 1
    outer loop
      vertex 47.75 25.2 2.4
      vertex 50 21.6 2.4
      vertex 48.95 25.2 2.4
    endloop
  endfacet
  facet normal 0 0 1
    outer loop
      vertex 46.7 21.6 2.4
      vertex 47.75 25.2 2.4
      vertex 46.7 24.8 2.4
    endloop
  endfacet
  facet normal 0 0 1
    outer loop
      vertex 47.75 25.2 2.4
      vertex 46.7 21.6 2.4
      vertex 50 21.6 2.4
    endloop
  endfacet
  facet normal -0 0 1
    outer loop
      vertex 46.7 21.6 2.4
      vertex 85 21.4 2.4
      vertex 50 21.6 2.4
    endloop
  endfacet
  facet normal -0 0 1
    outer loop
      vertex 45.5 21.6 2.4
      vertex 85 21.4 2.4
      vertex 46.7 21.6 2.4
    endloop
  endfacet
  facet normal 0 0 1
    outer loop
      vertex 45.5 24.8 2.4
      vertex 44.45 25.2 2.4
      vertex 45.5 21.6 2.4
    endloop
  endfacet
  facet normal -0 0 1
    outer loop
      vertex 43.25 25.2 2.4
      vertex 45.5 21.6 2.4
      vertex 44.45 25.2 2.4
    endloop
  endfacet
  facet normal 0 0 1
    outer loop
      vertex 42.2 21.6 2.4
      vertex 43.25 25.2 2.4
      vertex 42.2 24.8 2.4
    endloop
  endfacet
  facet normal 0 0 1
    outer loop
      vertex 43.25 25.2 2.4
      vertex 42.2 21.6 2.4
      vertex 45.5 21.6 2.4
    endloop
  endfacet
  facet normal -0 0 1
    outer loop
      vertex 42.2 21.6 2.4
      vertex 85 21.4 2.4
      vertex 45.5 21.6 2.4
    endloop
  endfacet
  facet normal -0 0 1
    outer loop
      vertex 41 21.6 2.4
      vertex 85 21.4 2.4
      vertex 42.2 21.6 2.4
    endloop
  endfacet
  facet normal 0 0 1
    outer loop
      vertex 41 24.8 2.4
      vertex 39.95 25.2 2.4
      vertex 41 21.6 2.4
    endloop
  endfacet
  facet normal -0 0 1
    outer loop
      vertex 38.75 25.2 2.4
      vertex 41 21.6 2.4
      vertex 39.95 25.2 2.4
    endloop
  endfacet
  facet normal 0 0 1
    outer loop
      vertex 37.7 21.6 2.4
      vertex 38.75 25.2 2.4
      vertex 37.7 24.8 2.4
    endloop
  endfacet
  facet normal 0 0 1
    outer loop
      vertex 38.75 25.2 2.4
      vertex 37.7 21.6 2.4
      vertex 41 21.6 2.4
    endloop
  endfacet
  facet normal -0 0 1
    outer loop
      vertex 37.7 21.6 2.4
      vertex 85 21.4 2.4
      vertex 41 21.6 2.4
    endloop
  endfacet
  facet normal -0 0 1
    outer loop
      vertex 36.5 21.6 2.4
      vertex 85 21.4 2.4
      vertex 37.7 21.6 2.4
    endloop
  endfacet
  facet normal 0 0 1
    outer loop
      vertex 36.5 24.8 2.4
      vertex 35.45 25.2 2.4
      vertex 36.5 21.6 2.4
    endloop
  endfacet
  facet normal -0 0 1
    outer loop
      vertex 34.25 25.2 2.4
      vertex 36.5 21.6 2.4
      vertex 35.45 25.2 2.4
    endloop
  endfacet
  facet normal 0 0 1
    outer loop
      vertex 33.2 21.6 2.4
      vertex 34.25 25.2 2.4
      vertex 33.2 24.8 2.4
    endloop
  endfacet
  facet normal 0 0 1
    outer loop
      vertex 34.25 25.2 2.4
      vertex 33.2 21.6 2.4
      vertex 36.5 21.6 2.4
    endloop
  endfacet
  facet normal 0 0 1
    outer loop
      vertex 22 21.4 2.4
      vertex 36.5 21.6 2.4
      vertex 33.2 21.6 2.4
    endloop
  endfacet
  facet normal 0 0 1
    outer loop
      vertex 22 21.4 2.4
      vertex 33.2 21.6 2.4
      vertex 32 21.6 2.4
    endloop
  endfacet
  facet normal 0 0 1
    outer loop
      vertex 32 24.8 2.4
      vertex 30.95 25.2 2.4
      vertex 32 21.6 2.4
    endloop
  endfacet
  facet normal -0 0 1
    outer loop
      vertex 29.75 25.2 2.4
      vertex 32 21.6 2.4
      vertex 30.95 25.2 2.4
    endloop
  endfacet
  facet normal 0 0 1
    outer loop
      vertex 28.7 21.6 2.4
      vertex 29.75 25.2 2.4
      vertex 28.7 24.8 2.4
    endloop
  endfacet
  facet normal 0 0 1
    outer loop
      vertex 29.75 25.2 2.4
      vertex 28.7 21.6 2.4
      vertex 32 21.6 2.4
    endloop
  endfacet
  facet normal 0 0 1
    outer loop
      vertex 22 21.4 2.4
      vertex 32 21.6 2.4
      vertex 28.7 21.6 2.4
    endloop
  endfacet
  facet normal 0 0 1
    outer loop
      vertex 22 21.4 2.4
      vertex 28.7 21.6 2.4
      vertex 27.5 21.6 2.4
    endloop
  endfacet
  facet normal 0 0 1
    outer loop
      vertex 27.5 24.8 2.4
      vertex 26.45 25.2 2.4
      vertex 27.5 21.6 2.4
    endloop
  endfacet
  facet normal -0 0 1
    outer loop
      vertex 25.25 25.2 2.4
      vertex 27.5 21.6 2.4
      vertex 26.45 25.2 2.4
    endloop
  endfacet
  facet normal 0 0 1
    outer loop
      vertex 24.2 21.6 2.4
      vertex 25.25 25.2 2.4
      vertex 24.2 24.8 2.4
    endloop
  endfacet
  facet normal 0 0 1
    outer loop
      vertex 25.25 25.2 2.4
      vertex 24.2 21.6 2.4
      vertex 27.5 21.6 2.4
    endloop
  endfacet
  facet normal 0 0 1
    outer loop
      vertex 22 21.4 2.4
      vertex 27.5 21.6 2.4
      vertex 24.2 21.6 2.4
    endloop
  endfacet
  facet normal 0 0 1
    outer loop
      vertex 22 21.4 2.4
      vertex 24.2 21.6 2.4
      vertex 23 21.6 2.4
    endloop
  endfacet
  facet normal 0 0 1
    outer loop
      vertex 36.5 21.6 2.4
      vertex 22 21.4 2.4
      vertex 85 21.4 2.4
    endloop
  endfacet
  facet normal 0 0 1
    outer loop
      vertex 23 24.8 2.4
      vertex 22 21.4 2.4
      vertex 23 21.6 2.4
    endloop
  endfacet
  facet normal 1 -0 0
    outer loop
      vertex 22 21.4 4
      vertex 22 28.6 2.4
      vertex 22 28.6 4
    endloop
  endfacet
  facet normal 1 0 0
    outer loop
      vertex 22 28.6 2.4
      vertex 22 21.4 4
      vertex 22 21.4 2.4
    endloop
  endfacet
  facet normal 0 -1 0
    outer loop
      vertex 22 28.6 2.4
      vertex 85 28.6 4
      vertex 22 28.6 4
    endloop
  endfacet
  facet normal 0 -1 -0
    outer loop
      vertex 85 28.6 4
      vertex 22 28.6 2.4
      vertex 85 28.6 2.4
    endloop
  endfacet
  facet normal 0 1 -0
    outer loop
      vertex 85 21.4 2.4
      vertex 22 21.4 4
      vertex 85 21.4 4
    endloop
  endfacet
  facet normal 0 1 0
    outer loop
      vertex 22 21.4 4
      vertex 85 21.4 2.4
      vertex 22 21.4 2.4
    endloop
  endfacet
  facet normal 1 -0 0
    outer loop
      vertex 24.2 21.6 3.6
      vertex 24.2 24.8 2.4
      vertex 24.2 24.8 3.6
    endloop
  endfacet
  facet normal 1 0 0
    outer loop
      vertex 24.2 24.8 2.4
      vertex 24.2 21.6 3.6
      vertex 24.2 21.6 2.4
    endloop
  endfacet
  facet normal -0 0 1
    outer loop
      vertex 23 24.8 3.6
      vertex 24.2 21.6 3.6
      vertex 24.2 24.8 3.6
    endloop
  endfacet
  facet normal 0 0 1
    outer loop
      vertex 24.2 21.6 3.6
      vertex 23 24.8 3.6
      vertex 23 21.6 3.6
    endloop
  endfacet
  facet normal -1 0 0
    outer loop
      vertex 23 21.6 2.4
      vertex 23 24.8 3.6
      vertex 23 24.8 2.4
    endloop
  endfacet
  facet normal -1 -0 0
    outer loop
      vertex 23 24.8 3.6
      vertex 23 21.6 2.4
      vertex 23 21.6 3.6
    endloop
  endfacet
  facet normal 0 1 -0
    outer loop
      vertex 24.2 24.8 2.4
      vertex 23 24.8 3.6
      vertex 24.2 24.8 3.6
    endloop
  endfacet
  facet normal 0 1 0
    outer loop
      vertex 23 24.8 3.6
      vertex 24.2 24.8 2.4
      vertex 23 24.8 2.4
    endloop
  endfacet
  facet normal 0 -1 0
    outer loop
      vertex 23 21.6 2.4
      vertex 24.2 21.6 3.6
      vertex 23 21.6 3.6
    endloop
  endfacet
  facet normal 0 -1 -0
    outer loop
      vertex 24.2 21.6 3.6
      vertex 23 21.6 2.4
      vertex 24.2 21.6 2.4
    endloop
  endfacet
  facet normal 1 -0 0
    outer loop
      vertex 26.45 25.2 3.6
      vertex 26.45 28.4 2.4
      vertex 26.45 28.4 3.6
    endloop
  endfacet
  facet normal 1 0 0
    outer loop
      vertex 26.45 28.4 2.4
      vertex 26.45 25.2 3.6
      vertex 26.45 25.2 2.4
    endloop
  endfacet
  facet normal -0 0 1
    outer loop
      vertex 25.25 28.4 3.6
      vertex 26.45 25.2 3.6
      vertex 26.45 28.4 3.6
    endloop
  endfacet
  facet normal 0 0 1
    outer loop
      vertex 26.45 25.2 3.6
      vertex 25.25 28.4 3.6
      vertex 25.25 25.2 3.6
    endloop
  endfacet
  facet normal -1 0 0
    outer loop
      vertex 25.25 25.2 2.4
      vertex 25.25 28.4 3.6
      vertex 25.25 28.4 2.4
    endloop
  endfacet
  facet normal -1 -0 0
    outer loop
      vertex 25.25 28.4 3.6
      vertex 25.25 25.2 2.4
      vertex 25.25 25.2 3.6
    endloop
  endfacet
  facet normal 0 1 -0
    outer loop
      vertex 26.45 28.4 2.4
      vertex 25.25 28.4 3.6
      vertex 26.45 28.4 3.6
    endloop
  endfacet
  facet normal 0 1 0
    outer loop
      vertex 25.25 28.4 3.6
      vertex 26.45 28.4 2.4
      vertex 25.25 28.4 2.4
    endloop
  endfacet
  facet normal 0 -1 0
    outer loop
      vertex 25.25 25.2 2.4
      vertex 26.45 25.2 3.6
      vertex 25.25 25.2 3.6
    endloop
  endfacet
  facet normal 0 -1 -0
    outer loop
      vertex 26.45 25.2 3.6
      vertex 25.25 25.2 2.4
      vertex 26.45 25.2 2.4
    endloop
  endfacet
  facet normal 1 -0 0
    outer loop
      vertex 28.7 21.6 3.6
      vertex 28.7 24.8 2.4
      vertex 28.7 24.8 3.6
    endloop
  endfacet
  facet normal 1 0 0
    outer loop
      vertex 28.7 24.8 2.4
      vertex 28.7 21.6 3.6
      vertex 28.7 21.6 2.4
    endloop
  endfacet
  facet normal -0 0 1
    outer loop
      vertex 27.5 24.8 3.6
      vertex 28.7 21.6 3.6
      vertex 28.7 24.8 3.6
    endloop
  endfacet
  facet normal 0 0 1
    outer loop
      vertex 28.7 21.6 3.6
      vertex 27.5 24.8 3.6
      vertex 27.5 21.6 3.6
    endloop
  endfacet
  facet normal -1 0 0
    outer loop
      vertex 27.5 21.6 2.4
      vertex 27.5 24.8 3.6
      vertex 27.5 24.8 2.4
    endloop
  endfacet
  facet normal -1 -0 0
    outer loop
      vertex 27.5 24.8 3.6
      vertex 27.5 21.6 2.4
      vertex 27.5 21.6 3.6
    endloop
  endfacet
  facet normal 0 1 -0
    outer loop
      vertex 28.7 24.8 2.4
      vertex 27.5 24.8 3.6
      vertex 28.7 24.8 3.6
    endloop
  endfacet
  facet normal 0 1 0
    outer loop
      vertex 27.5 24.8 3.6
      vertex 28.7 24.8 2.4
      vertex 27.5 24.8 2.4
    endloop
  endfacet
  facet normal 0 -1 0
    outer loop
      vertex 27.5 21.6 2.4
      vertex 28.7 21.6 3.6
      vertex 27.5 21.6 3.6
    endloop
  endfacet
  facet normal 0 -1 -0
    outer loop
      vertex 28.7 21.6 3.6
      vertex 27.5 21.6 2.4
      vertex 28.7 21.6 2.4
    endloop
  endfacet
  facet normal 1 -0 0
    outer loop
      vertex 30.95 25.2 3.6
      vertex 30.95 28.4 2.4
      vertex 30.95 28.4 3.6
    endloop
  endfacet
  facet normal 1 0 0
    outer loop
      vertex 30.95 28.4 2.4
      vertex 30.95 25.2 3.6
      vertex 30.95 25.2 2.4
    endloop
  endfacet
  facet normal -0 0 1
    outer loop
      vertex 29.75 28.4 3.6
      vertex 30.95 25.2 3.6
      vertex 30.95 28.4 3.6
    endloop
  endfacet
  facet normal 0 0 1
    outer loop
      vertex 30.95 25.2 3.6
      vertex 29.75 28.4 3.6
      vertex 29.75 25.2 3.6
    endloop
  endfacet
  facet normal -1 0 0
    outer loop
      vertex 29.75 25.2 2.4
      vertex 29.75 28.4 3.6
      vertex 29.75 28.4 2.4
    endloop
  endfacet
  facet normal -1 -0 0
    outer loop
      vertex 29.75 28.4 3.6
      vertex 29.75 25.2 2.4
      vertex 29.75 25.2 3.6
    endloop
  endfacet
  facet normal 0 1 -0
    outer loop
      vertex 30.95 28.4 2.4
      vertex 29.75 28.4 3.6
      vertex 30.95 28.4 3.6
    endloop
  endfacet
  facet normal 0 1 0
    outer loop
      vertex 29.75 28.4 3.6
      vertex 30.95 28.4 2.4
      vertex 29.75 28.4 2.4
    endloop
  endfacet
  facet normal 0 -1 0
    outer loop
      vertex 29.75 25.2 2.4
      vertex 30.95 25.2 3.6
      vertex 29.75 25.2 3.6
    endloop
  endfacet
  facet normal 0 -1 -0
    outer loop
      vertex 30.95 25.2 3.6
      vertex 29.75 25.2 2.4
      vertex 30.95 25.2 2.4
    endloop
  endfacet
  facet normal 1 -0 0
    outer loop
      vertex 33.2 21.6 3.6
      vertex 33.2 24.8 2.4
      vertex 33.2 24.8 3.6
    endloop
  endfacet
  facet normal 1 0 0
    outer loop
      vertex 33.2 24.8 2.4
      vertex 33.2 21.6 3.6
      vertex 33.2 21.6 2.4
    endloop
  endfacet
  facet normal -0 0 1
    outer loop
      vertex 32 24.8 3.6
      vertex 33.2 21.6 3.6
      vertex 33.2 24.8 3.6
    endloop
  endfacet
  facet normal 0 0 1
    outer loop
      vertex 33.2 21.6 3.6
      vertex 32 24.8 3.6
      vertex 32 21.6 3.6
    endloop
  endfacet
  facet normal -1 0 0
    outer loop
      vertex 32 21.6 2.4
      vertex 32 24.8 3.6
      vertex 32 24.8 2.4
    endloop
  endfacet
  facet normal -1 -0 0
    outer loop
      vertex 32 24.8 3.6
      vertex 32 21.6 2.4
      vertex 32 21.6 3.6
    endloop
  endfacet
  facet normal 0 1 -0
    outer loop
      vertex 33.2 24.8 2.4
      vertex 32 24.8 3.6
      vertex 33.2 24.8 3.6
    endloop
  endfacet
  facet normal 0 1 0
    outer loop
      vertex 32 24.8 3.6
      vertex 33.2 24.8 2.4
      vertex 32 24.8 2.4
    endloop
  endfacet
  facet normal 0 -1 0
    outer loop
      vertex 32 21.6 2.4
      vertex 33.2 21.6 3.6
      vertex 32 21.6 3.6
    endloop
  endfacet
  facet normal 0 -1 -0
    outer loop
      vertex 33.2 21.6 3.6
      vertex 32 21.6 2.4
      vertex 33.2 21.6 2.4
    endloop
  endfacet
  facet normal 1 -0 0
    outer loop
      vertex 35.45 25.2 3.6
      vertex 35.45 28.4 2.4
      vertex 35.45 28.4 3.6
    endloop
  endfacet
  facet normal 1 0 0
    outer loop
      vertex 35.45 28.4 2.4
      vertex 35.45 25.2 3.6
      vertex 35.45 25.2 2.4
    endloop
  endfacet
  facet normal -0 0 1
    outer loop
      vertex 34.25 28.4 3.6
      vertex 35.45 25.2 3.6
      vertex 35.45 28.4 3.6
    endloop
  endfacet
  facet normal 0 0 1
    outer loop
      vertex 35.45 25.2 3.6
      vertex 34.25 28.4 3.6
      vertex 34.25 25.2 3.6
    endloop
  endfacet
  facet normal -1 0 0
    outer loop
      vertex 34.25 25.2 2.4
      vertex 34.25 28.4 3.6
      vertex 34.25 28.4 2.4
    endloop
  endfacet
  facet normal -1 -0 0
    outer loop
      vertex 34.25 28.4 3.6
      vertex 34.25 25.2 2.4
      vertex 34.25 25.2 3.6
    endloop
  endfacet
  facet normal 0 1 -0
    outer loop
      vertex 35.45 28.4 2.4
      vertex 34.25 28.4 3.6
      vertex 35.45 28.4 3.6
    endloop
  endfacet
  facet normal 0 1 0
    outer loop
      vertex 34.25 28.4 3.6
      vertex 35.45 28.4 2.4
      vertex 34.25 28.4 2.4
    endloop
  endfacet
  facet normal 0 -1 0
    outer loop
      vertex 34.25 25.2 2.4
      vertex 35.45 25.2 3.6
      vertex 34.25 25.2 3.6
    endloop
  endfacet
  facet normal 0 -1 -0
    outer loop
      vertex 35.45 25.2 3.6
      vertex 34.25 25.2 2.4
      vertex 35.45 25.2 2.4
    endloop
  endfacet
  facet normal 1 -0 0
    outer loop
      vertex 37.7 21.6 3.6
      vertex 37.7 24.8 2.4
      vertex 37.7 24.8 3.6
    endloop
  endfacet
  facet normal 1 0 0
    outer loop
      vertex 37.7 24.8 2.4
      vertex 37.7 21.6 3.6
      vertex 37.7 21.6 2.4
    endloop
  endfacet
  facet normal -0 0 1
    outer loop
      vertex 36.5 24.8 3.6
      vertex 37.7 21.6 3.6
      vertex 37.7 24.8 3.6
    endloop
  endfacet
  facet normal 0 0 1
    outer loop
      vertex 37.7 21.6 3.6
      vertex 36.5 24.8 3.6
      vertex 36.5 21.6 3.6
    endloop
  endfacet
  facet normal -1 0 0
    outer loop
      vertex 36.5 21.6 2.4
      vertex 36.5 24.8 3.6
      vertex 36.5 24.8 2.4
    endloop
  endfacet
  facet normal -1 -0 0
    outer loop
      vertex 36.5 24.8 3.6
      vertex 36.5 21.6 2.4
      vertex 36.5 21.6 3.6
    endloop
  endfacet
  facet normal 0 1 -0
    outer loop
      vertex 37.7 24.8 2.4
      vertex 36.5 24.8 3.6
      vertex 37.7 24.8 3.6
    endloop
  endfacet
  facet normal 0 1 0
    outer loop
      vertex 36.5 24.8 3.6
      vertex 37.7 24.8 2.4
      vertex 36.5 24.8 2.4
    endloop
  endfacet
  facet normal 0 -1 0
    outer loop
      vertex 36.5 21.6 2.4
      vertex 37.7 21.6 3.6
      vertex 36.5 21.6 3.6
    endloop
  endfacet
  facet normal 0 -1 -0
    outer loop
      vertex 37.7 21.6 3.6
      vertex 36.5 21.6 2.4
      vertex 37.7 21.6 2.4
    endloop
  endfacet
  facet normal 1 -0 0
    outer loop
      vertex 39.95 25.2 3.6
      vertex 39.95 28.4 2.4
      vertex 39.95 28.4 3.6
    endloop
  endfacet
  facet normal 1 0 0
    outer loop
      vertex 39.95 28.4 2.4
      vertex 39.95 25.2 3.6
      vertex 39.95 25.2 2.4
    endloop
  endfacet
  facet normal -0 0 1
    outer loop
      vertex 38.75 28.4 3.6
      vertex 39.95 25.2 3.6
      vertex 39.95 28.4 3.6
    endloop
  endfacet
  facet normal 0 0 1
    outer loop
      vertex 39.95 25.2 3.6
      vertex 38.75 28.4 3.6
      vertex 38.75 25.2 3.6
    endloop
  endfacet
  facet normal -1 0 0
    outer loop
      vertex 38.75 25.2 2.4
      vertex 38.75 28.4 3.6
      vertex 38.75 28.4 2.4
    endloop
  endfacet
  facet normal -1 -0 0
    outer loop
      vertex 38.75 28.4 3.6
      vertex 38.75 25.2 2.4
      vertex 38.75 25.2 3.6
    endloop
  endfacet
  facet normal 0 1 -0
    outer loop
      vertex 39.95 28.4 2.4
      vertex 38.75 28.4 3.6
      vertex 39.95 28.4 3.6
    endloop
  endfacet
  facet normal 0 1 0
    outer loop
      vertex 38.75 28.4 3.6
      vertex 39.95 28.4 2.4
      vertex 38.75 28.4 2.4
    endloop
  endfacet
  facet normal 0 -1 0
    outer loop
      vertex 38.75 25.2 2.4
      vertex 39.95 25.2 3.6
      vertex 38.75 25.2 3.6
    endloop
  endfacet
  facet normal 0 -1 -0
    outer loop
      vertex 39.95 25.2 3.6
      vertex 38.75 25.2 2.4
      vertex 39.95 25.2 2.4
    endloop
  endfacet
  facet normal 1 -0 0
    outer loop
      vertex 42.2 21.6 3.6
      vertex 42.2 24.8 2.4
      vertex 42.2 24.8 3.6
    endloop
  endfacet
  facet normal 1 0 0
    outer loop
      vertex 42.2 24.8 2.4
      vertex 42.2 21.6 3.6
      vertex 42.2 21.6 2.4
    endloop
  endfacet
  facet normal -0 0 1
    outer loop
      vertex 41 24.8 3.6
      vertex 42.2 21.6 3.6
      vertex 42.2 24.8 3.6
    endloop
  endfacet
  facet normal 0 0 1
    outer loop
      vertex 42.2 21.6 3.6
      vertex 41 24.8 3.6
      vertex 41 21.6 3.6
    endloop
  endfacet
  facet normal -1 0 0
    outer loop
      vertex 41 21.6 2.4
      vertex 41 24.8 3.6
      vertex 41 24.8 2.4
    endloop
  endfacet
  facet normal -1 -0 0
    outer loop
      vertex 41 24.8 3.6
      vertex 41 21.6 2.4
      vertex 41 21.6 3.6
    endloop
  endfacet
  facet normal 0 1 -0
    outer loop
      vertex 42.2 24.8 2.4
      vertex 41 24.8 3.6
      vertex 42.2 24.8 3.6
    endloop
  endfacet
  facet normal 0 1 0
    outer loop
      vertex 41 24.8 3.6
      vertex 42.2 24.8 2.4
      vertex 41 24.8 2.4
    endloop
  endfacet
  facet normal 0 -1 0
    outer loop
      vertex 41 21.6 2.4
      vertex 42.2 21.6 3.6
      vertex 41 21.6 3.6
    endloop
  endfacet
  facet normal 0 -1 -0
    outer loop
      vertex 42.2 21.6 3.6
      vertex 41 21.6 2.4
      vertex 42.2 21.6 2.4
    endloop
  endfacet
  facet normal 1 -0 0
    outer loop
      vertex 44.45 25.2 3.6
      vertex 44.45 28.4 2.4
      vertex 44.45 28.4 3.6
    endloop
  endfacet
  facet normal 1 0 0
    outer loop
      vertex 44.45 28.4 2.4
      vertex 44.45 25.2 3.6
      vertex 44.45 25.2 2.4
    endloop
  endfacet
  facet normal -0 0 1
    outer loop
      vertex 43.25 28.4 3.6
      vertex 44.45 25.2 3.6
      vertex 44.45 28.4 3.6
    endloop
  endfacet
  facet normal 0 0 1
    outer loop
      vertex 44.45 25.2 3.6
      vertex 43.25 28.4 3.6
      vertex 43.25 25.2 3.6
    endloop
  endfacet
  facet normal -1 0 0
    outer loop
      vertex 43.25 25.2 2.4
      vertex 43.25 28.4 3.6
      vertex 43.25 28.4 2.4
    endloop
  endfacet
  facet normal -1 -0 0
    outer loop
      vertex 43.25 28.4 3.6
      vertex 43.25 25.2 2.4
      vertex 43.25 25.2 3.6
    endloop
  endfacet
  facet normal 0 1 -0
    outer loop
      vertex 44.45 28.4 2.4
      vertex 43.25 28.4 3.6
      vertex 44.45 28.4 3.6
    endloop
  endfacet
  facet normal 0 1 0
    outer loop
      vertex 43.25 28.4 3.6
      vertex 44.45 28.4 2.4
      vertex 43.25 28.4 2.4
    endloop
  endfacet
  facet normal 0 -1 0
    outer loop
      vertex 43.25 25.2 2.4
      vertex 44.45 25.2 3.6
      vertex 43.25 25.2 3.6
    endloop
  endfacet
  facet normal 0 -1 -0
    outer loop
      vertex 44.45 25.2 3.6
      vertex 43.25 25.2 2.4
      vertex 44.45 25.2 2.4
    endloop
  endfacet
  facet normal 1 -0 0
    outer loop
      vertex 46.7 21.6 3.6
      vertex 46.7 24.8 2.4
      vertex 46.7 24.8 3.6
    endloop
  endfacet
  facet normal 1 0 0
    outer loop
      vertex 46.7 24.8 2.4
      vertex 46.7 21.6 3.6
      vertex 46.7 21.6 2.4
    endloop
  endfacet
  facet normal -0 0 1
    outer loop
      vertex 45.5 24.8 3.6
      vertex 46.7 21.6 3.6
      vertex 46.7 24.8 3.6
    endloop
  endfacet
  facet normal 0 0 1
    outer loop
      vertex 46.7 21.6 3.6
      vertex 45.5 24.8 3.6
      vertex 45.5 21.6 3.6
    endloop
  endfacet
  facet normal -1 0 0
    outer loop
      vertex 45.5 21.6 2.4
      vertex 45.5 24.8 3.6
      vertex 45.5 24.8 2.4
    endloop
  endfacet
  facet normal -1 -0 0
    outer loop
      vertex 45.5 24.8 3.6
      vertex 45.5 21.6 2.4
      vertex 45.5 21.6 3.6
    endloop
  endfacet
  facet normal 0 1 -0
    outer loop
      vertex 46.7 24.8 2.4
      vertex 45.5 24.8 3.6
      vertex 46.7 24.8 3.6
    endloop
  endfacet
  facet normal 0 1 0
    outer loop
      vertex 45.5 24.8 3.6
      vertex 46.7 24.8 2.4
      vertex 45.5 24.8 2.4
    endloop
  endfacet
  facet normal 0 -1 0
    outer loop
      vertex 45.5 21.6 2.4
      vertex 46.7 21.6 3.6
      vertex 45.5 21.6 3.6
    endloop
  endfacet
  facet normal 0 -1 -0
    outer loop
      vertex 46.7 21.6 3.6
      vertex 45.5 21.6 2.4
      vertex 46.7 21.6 2.4
    endloop
  endfacet
  facet normal 1 -0 0
    outer loop
      vertex 48.95 25.2 3.6
      vertex 48.95 28.4 2.4
      vertex 48.95 28.4 3.6
    endloop
  endfacet
  facet normal 1 0 0
    outer loop
      vertex 48.95 28.4 2.4
      vertex 48.95 25.2 3.6
      vertex 48.95 25.2 2.4
    endloop
  endfacet
  facet normal -0 0 1
    outer loop
      vertex 47.75 28.4 3.6
      vertex 48.95 25.2 3.6
      vertex 48.95 28.4 3.6
    endloop
  endfacet
  facet normal 0 0 1
    outer loop
      vertex 48.95 25.2 3.6
      vertex 47.75 28.4 3.6
      vertex 47.75 25.2 3.6
    endloop
  endfacet
  facet normal -1 0 0
    outer loop
      vertex 47.75 25.2 2.4
      vertex 47.75 28.4 3.6
      vertex 47.75 28.4 2.4
    endloop
  endfacet
  facet normal -1 -0 0
    outer loop
      vertex 47.75 28.4 3.6
      vertex 47.75 25.2 2.4
      vertex 47.75 25.2 3.6
    endloop
  endfacet
  facet normal 0 1 -0
    outer loop
      vertex 48.95 28.4 2.4
      vertex 47.75 28.4 3.6
      vertex 48.95 28.4 3.6
    endloop
  endfacet
  facet normal 0 1 0
    outer loop
      vertex 47.75 28.4 3.6
      vertex 48.95 28.4 2.4
      vertex 47.75 28.4 2.4
    endloop
  endfacet
  facet normal 0 -1 0
    outer loop
      vertex 47.75 25.2 2.4
      vertex 48.95 25.2 3.6
      vertex 47.75 25.2 3.6
    endloop
  endfacet
  facet normal 0 -1 -0
    outer loop
      vertex 48.95 25.2 3.6
      vertex 47.75 25.2 2.4
      vertex 48.95 25.2 2.4
    endloop
  endfacet
  facet normal 1 -0 0
    outer loop
      vertex 51.2 21.6 3.6
      vertex 51.2 24.8 2.4
      vertex 51.2 24.8 3.6
    endloop
  endfacet
  facet normal 1 0 0
    outer loop
      vertex 51.2 24.8 2.4
      vertex 51.2 21.6 3.6
      vertex 51.2 21.6 2.4
    endloop
  endfacet
  facet normal -0 0 1
    outer loop
      vertex 50 24.8 3.6
      vertex 51.2 21.6 3.6
      vertex 51.2 24.8 3.6
    endloop
  endfacet
  facet normal 0 0 1
    outer loop
      vertex 51.2 21.6 3.6
      vertex 50 24.8 3.6
      vertex 50 21.6 3.6
    endloop
  endfacet
  facet normal -1 0 0
    outer loop
      vertex 50 21.6 2.4
      vertex 50 24.8 3.6
      vertex 50 24.8 2.4
    endloop
  endfacet
  facet normal -1 -0 0
    outer loop
      vertex 50 24.8 3.6
      vertex 50 21.6 2.4
      vertex 50 21.6 3.6
    endloop
  endfacet
  facet normal 0 1 -0
    outer loop
      vertex 51.2 24.8 2.4
      vertex 50 24.8 3.6
      vertex 51.2 24.8 3.6
    endloop
  endfacet
  facet normal 0 1 0
    outer loop
      vertex 50 24.8 3.6
      vertex 51.2 24.8 2.4
      vertex 50 24.8 2.4
    endloop
  endfacet
  facet normal 0 -1 0
    outer loop
      vertex 50 21.6 2.4
      vertex 51.2 21.6 3.6
      vertex 50 21.6 3.6
    endloop
  endfacet
  facet normal 0 -1 -0
    outer loop
      vertex 51.2 21.6 3.6
      vertex 50 21.6 2.4
      vertex 51.2 21.6 2.4
    endloop
  endfacet
  facet normal 1 -0 0
    outer loop
      vertex 53.45 25.2 3.6
      vertex 53.45 28.4 2.4
      vertex 53.45 28.4 3.6
    endloop
  endfacet
  facet normal 1 0 0
    outer loop
      vertex 53.45 28.4 2.4
      vertex 53.45 25.2 3.6
      vertex 53.45 25.2 2.4
    endloop
  endfacet
  facet normal -0 0 1
    outer loop
      vertex 52.25 28.4 3.6
      vertex 53.45 25.2 3.6
      vertex 53.45 28.4 3.6
    endloop
  endfacet
  facet normal 0 0 1
    outer loop
      vertex 53.45 25.2 3.6
      vertex 52.25 28.4 3.6
      vertex 52.25 25.2 3.6
    endloop
  endfacet
  facet normal -1 0 0
    outer loop
      vertex 52.25 25.2 2.4
      vertex 52.25 28.4 3.6
      vertex 52.25 28.4 2.4
    endloop
  endfacet
  facet normal -1 -0 0
    outer loop
      vertex 52.25 28.4 3.6
      vertex 52.25 25.2 2.4
      vertex 52.25 25.2 3.6
    endloop
  endfacet
  facet normal 0 1 -0
    outer loop
      vertex 53.45 28.4 2.4
      vertex 52.25 28.4 3.6
      vertex 53.45 28.4 3.6
    endloop
  endfacet
  facet normal 0 1 0
    outer loop
      vertex 52.25 28.4 3.6
      vertex 53.45 28.4 2.4
      vertex 52.25 28.4 2.4
    endloop
  endfacet
  facet normal 0 -1 0
    outer loop
      vertex 52.25 25.2 2.4
      vertex 53.45 25.2 3.6
      vertex 52.25 25.2 3.6
    endloop
  endfacet
  facet normal 0 -1 -0
    outer loop
      vertex 53.45 25.2 3.6
      vertex 52.25 25.2 2.4
      vertex 53.45 25.2 2.4
    endloop
  endfacet
  facet normal 1 -0 0
    outer loop
      vertex 55.7 21.6 3.6
      vertex 55.7 24.8 2.4
      vertex 55.7 24.8 3.6
    endloop
  endfacet
  facet normal 1 0 0
    outer loop
      vertex 55.7 24.8 2.4
      vertex 55.7 21.6 3.6
      vertex 55.7 21.6 2.4
    endloop
  endfacet
  facet normal -0 0 1
    outer loop
      vertex 54.5 24.8 3.6
      vertex 55.7 21.6 3.6
      vertex 55.7 24.8 3.6
    endloop
  endfacet
  facet normal 0 0 1
    outer loop
      vertex 55.7 21.6 3.6
      vertex 54.5 24.8 3.6
      vertex 54.5 21.6 3.6
    endloop
  endfacet
  facet normal -1 0 0
    outer loop
      vertex 54.5 21.6 2.4
      vertex 54.5 24.8 3.6
      vertex 54.5 24.8 2.4
    endloop
  endfacet
  facet normal -1 -0 0
    outer loop
      vertex 54.5 24.8 3.6
      vertex 54.5 21.6 2.4
      vertex 54.5 21.6 3.6
    endloop
  endfacet
  facet normal 0 1 -0
    outer loop
      vertex 55.7 24.8 2.4
      vertex 54.5 24.8 3.6
      vertex 55.7 24.8 3.6
    endloop
  endfacet
  facet normal 0 1 0
    outer loop
      vertex 54.5 24.8 3.6
      vertex 55.7 24.8 2.4
      vertex 54.5 24.8 2.4
    endloop
  endfacet
  facet normal 0 -1 0
    outer loop
      vertex 54.5 21.6 2.4
      vertex 55.7 21.6 3.6
      vertex 54.5 21.6 3.6
    endloop
  endfacet
  facet normal 0 -1 -0
    outer loop
      vertex 55.7 21.6 3.6
      vertex 54.5 21.6 2.4
      vertex 55.7 21.6 2.4
    endloop
  endfacet
  facet normal 1 -0 0
    outer loop
      vertex 57.95 25.2 3.6
      vertex 57.95 28.4 2.4
      vertex 57.95 28.4 3.6
    endloop
  endfacet
  facet normal 1 0 0
    outer loop
      vertex 57.95 28.4 2.4
      vertex 57.95 25.2 3.6
      vertex 57.95 25.2 2.4
    endloop
  endfacet
  facet normal -0 0 1
    outer loop
      vertex 56.75 28.4 3.6
      vertex 57.95 25.2 3.6
      vertex 57.95 28.4 3.6
    endloop
  endfacet
  facet normal 0 0 1
    outer loop
      vertex 57.95 25.2 3.6
      vertex 56.75 28.4 3.6
      vertex 56.75 25.2 3.6
    endloop
  endfacet
  facet normal -1 0 0
    outer loop
      vertex 56.75 25.2 2.4
      vertex 56.75 28.4 3.6
      vertex 56.75 28.4 2.4
    endloop
  endfacet
  facet normal -1 -0 0
    outer loop
      vertex 56.75 28.4 3.6
      vertex 56.75 25.2 2.4
      vertex 56.75 25.2 3.6
    endloop
  endfacet
  facet normal 0 1 -0
    outer loop
      vertex 57.95 28.4 2.4
      vertex 56.75 28.4 3.6
      vertex 57.95 28.4 3.6
    endloop
  endfacet
  facet normal 0 1 0
    outer loop
      vertex 56.75 28.4 3.6
      vertex 57.95 28.4 2.4
      vertex 56.75 28.4 2.4
    endloop
  endfacet
  facet normal 0 -1 0
    outer loop
      vertex 56.75 25.2 2.4
      vertex 57.95 25.2 3.6
      vertex 56.75 25.2 3.6
    endloop
  endfacet
  facet normal 0 -1 -0
    outer loop
      vertex 57.95 25.2 3.6
      vertex 56.75 25.2 2.4
      vertex 57.95 25.2 2.4
    endloop
  endfacet
  facet normal 1 -0 0
    outer loop
      vertex 60.2 21.6 3.6
      vertex 60.2 24.8 2.4
      vertex 60.2 24.8 3.6
    endloop
  endfacet
  facet normal 1 0 0
    outer loop
      vertex 60.2 24.8 2.4
      vertex 60.2 21.6 3.6
      vertex 60.2 21.6 2.4
    endloop
  endfacet
  facet normal -0 0 1
    outer loop
      vertex 59 24.8 3.6
      vertex 60.2 21.6 3.6
      vertex 60.2 24.8 3.6
    endloop
  endfacet
  facet normal 0 0 1
    outer loop
      vertex 60.2 21.6 3.6
      vertex 59 24.8 3.6
      vertex 59 21.6 3.6
    endloop
  endfacet
  facet normal -1 0 0
    outer loop
      vertex 59 21.6 2.4
      vertex 59 24.8 3.6
      vertex 59 24.8 2.4
    endloop
  endfacet
  facet normal -1 -0 0
    outer loop
      vertex 59 24.8 3.6
      vertex 59 21.6 2.4
      vertex 59 21.6 3.6
    endloop
  endfacet
  facet normal 0 1 -0
    outer loop
      vertex 60.2 24.8 2.4
      vertex 59 24.8 3.6
      vertex 60.2 24.8 3.6
    endloop
  endfacet
  facet normal 0 1 0
    outer loop
      vertex 59 24.8 3.6
      vertex 60.2 24.8 2.4
      vertex 59 24.8 2.4
    endloop
  endfacet
  facet normal 0 -1 0
    outer loop
      vertex 59 21.6 2.4
      vertex 60.2 21.6 3.6
      vertex 59 21.6 3.6
    endloop
  endfacet
  facet normal 0 -1 -0
    outer loop
      vertex 60.2 21.6 3.6
      vertex 59 21.6 2.4
      vertex 60.2 21.6 2.4
    endloop
  endfacet
  facet normal 1 -0 0
    outer loop
      vertex 62.45 25.2 3.6
      vertex 62.45 28.4 2.4
      vertex 62.45 28.4 3.6
    endloop
  endfacet
  facet normal 1 0 0
    outer loop
      vertex 62.45 28.4 2.4
      vertex 62.45 25.2 3.6
      vertex 62.45 25.2 2.4
    endloop
  endfacet
  facet normal -0 0 1
    outer loop
      vertex 61.25 28.4 3.6
      vertex 62.45 25.2 3.6
      vertex 62.45 28.4 3.6
    endloop
  endfacet
  facet normal 0 0 1
    outer loop
      vertex 62.45 25.2 3.6
      vertex 61.25 28.4 3.6
      vertex 61.25 25.2 3.6
    endloop
  endfacet
  facet normal -1 0 0
    outer loop
      vertex 61.25 25.2 2.4
      vertex 61.25 28.4 3.6
      vertex 61.25 28.4 2.4
    endloop
  endfacet
  facet normal -1 -0 0
    outer loop
      vertex 61.25 28.4 3.6
      vertex 61.25 25.2 2.4
      vertex 61.25 25.2 3.6
    endloop
  endfacet
  facet normal 0 1 -0
    outer loop
      vertex 62.45 28.4 2.4
      vertex 61.25 28.4 3.6
      vertex 62.45 28.4 3.6
    endloop
  endfacet
  facet normal 0 1 0
    outer loop
      vertex 61.25 28.4 3.6
      vertex 62.45 28.4 2.4
      vertex 61.25 28.4 2.4
    endloop
  endfacet
  facet normal 0 -1 0
    outer loop
      vertex 61.25 25.2 2.4
      vertex 62.45 25.2 3.6
      vertex 61.25 25.2 3.6
    endloop
  endfacet
  facet normal 0 -1 -0
    outer loop
      vertex 62.45 25.2 3.6
      vertex 61.25 25.2 2.4
      vertex 62.45 25.2 2.4
    endloop
  endfacet
  facet normal 1 -0 0
    outer loop
      vertex 64.7 21.6 3.6
      vertex 64.7 24.8 2.4
      vertex 64.7 24.8 3.6
    endloop
  endfacet
  facet normal 1 0 0
    outer loop
      vertex 64.7 24.8 2.4
      vertex 64.7 21.6 3.6
      vertex 64.7 21.6 2.4
    endloop
  endfacet
  facet normal -0 0 1
    outer loop
      vertex 63.5 24.8 3.6
      vertex 64.7 21.6 3.6
      vertex 64.7 24.8 3.6
    endloop
  endfacet
  facet normal 0 0 1
    outer loop
      vertex 64.7 21.6 3.6
      vertex 63.5 24.8 3.6
      vertex 63.5 21.6 3.6
    endloop
  endfacet
  facet normal -1 0 0
    outer loop
      vertex 63.5 21.6 2.4
      vertex 63.5 24.8 3.6
      vertex 63.5 24.8 2.4
    endloop
  endfacet
  facet normal -1 -0 0
    outer loop
      vertex 63.5 24.8 3.6
      vertex 63.5 21.6 2.4
      vertex 63.5 21.6 3.6
    endloop
  endfacet
  facet normal 0 1 -0
    outer loop
      vertex 64.7 24.8 2.4
      vertex 63.5 24.8 3.6
      vertex 64.7 24.8 3.6
    endloop
  endfacet
  facet normal 0 1 0
    outer loop
      vertex 63.5 24.8 3.6
      vertex 64.7 24.8 2.4
      vertex 63.5 24.8 2.4
    endloop
  endfacet
  facet normal 0 -1 0
    outer loop
      vertex 63.5 21.6 2.4
      vertex 64.7 21.6 3.6
      vertex 63.5 21.6 3.6
    endloop
  endfacet
  facet normal 0 -1 -0
    outer loop
      vertex 64.7 21.6 3.6
      vertex 63.5 21.6 2.4
      vertex 64.7 21.6 2.4
    endloop
  endfacet
  facet normal 1 -0 0
    outer loop
      vertex 66.95 25.2 3.6
      vertex 66.95 28.4 2.4
      vertex 66.95 28.4 3.6
    endloop
  endfacet
  facet normal 1 0 0
    outer loop
      vertex 66.95 28.4 2.4
      vertex 66.95 25.2 3.6
      vertex 66.95 25.2 2.4
    endloop
  endfacet
  facet normal -0 0 1
    outer loop
      vertex 65.75 28.4 3.6
      vertex 66.95 25.2 3.6
      vertex 66.95 28.4 3.6
    endloop
  endfacet
  facet normal 0 0 1
    outer loop
      vertex 66.95 25.2 3.6
      vertex 65.75 28.4 3.6
      vertex 65.75 25.2 3.6
    endloop
  endfacet
  facet normal -1 0 0
    outer loop
      vertex 65.75 25.2 2.4
      vertex 65.75 28.4 3.6
      vertex 65.75 28.4 2.4
    endloop
  endfacet
  facet normal -1 -0 0
    outer loop
      vertex 65.75 28.4 3.6
      vertex 65.75 25.2 2.4
      vertex 65.75 25.2 3.6
    endloop
  endfacet
  facet normal 0 1 -0
    outer loop
      vertex 66.95 28.4 2.4
      vertex 65.75 28.4 3.6
      vertex 66.95 28.4 3.6
    endloop
  endfacet
  facet normal 0 1 0
    outer loop
      vertex 65.75 28.4 3.6
      vertex 66.95 28.4 2.4
      vertex 65.75 28.4 2.4
    endloop
  endfacet
  facet normal 0 -1 0
    outer loop
      vertex 65.75 25.2 2.4
      vertex 66.95 25.2 3.6
      vertex 65.75 25.2 3.6
    endloop
  endfacet
  facet normal 0 -1 -0
    outer loop
      vertex 66.95 25.2 3.6
      vertex 65.75 25.2 2.4
      vertex 66.95 25.2 2.4
    endloop
  endfacet
  facet normal 1 -0 0
    outer loop
      vertex 69.2 21.6 3.6
      vertex 69.2 24.8 2.4
      vertex 69.2 24.8 3.6
    endloop
  endfacet
  facet normal 1 0 0
    outer loop
      vertex 69.2 24.8 2.4
      vertex 69.2 21.6 3.6
      vertex 69.2 21.6 2.4
    endloop
  endfacet
  facet normal -0 0 1
    outer loop
      vertex 68 24.8 3.6
      vertex 69.2 21.6 3.6
      vertex 69.2 24.8 3.6
    endloop
  endfacet
  facet normal 0 0 1
    outer loop
      vertex 69.2 21.6 3.6
      vertex 68 24.8 3.6
      vertex 68 21.6 3.6
    endloop
  endfacet
  facet normal -1 0 0
    outer loop
      vertex 68 21.6 2.4
      vertex 68 24.8 3.6
      vertex 68 24.8 2.4
    endloop
  endfacet
  facet normal -1 -0 0
    outer loop
      vertex 68 24.8 3.6
      vertex 68 21.6 2.4
      vertex 68 21.6 3.6
    endloop
  endfacet
  facet normal 0 1 -0
    outer loop
      vertex 69.2 24.8 2.4
      vertex 68 24.8 3.6
      vertex 69.2 24.8 3.6
    endloop
  endfacet
  facet normal 0 1 0
    outer loop
      vertex 68 24.8 3.6
      vertex 69.2 24.8 2.4
      vertex 68 24.8 2.4
    endloop
  endfacet
  facet normal 0 -1 0
    outer loop
      vertex 68 21.6 2.4
      vertex 69.2 21.6 3.6
      vertex 68 21.6 3.6
    endloop
  endfacet
  facet normal 0 -1 -0
    outer loop
      vertex 69.2 21.6 3.6
      vertex 68 21.6 2.4
      vertex 69.2 21.6 2.4
    endloop
  endfacet
  facet normal 1 -0 0
    outer loop
      vertex 71.45 25.2 3.6
      vertex 71.45 28.4 2.4
      vertex 71.45 28.4 3.6
    endloop
  endfacet
  facet normal 1 0 0
    outer loop
      vertex 71.45 28.4 2.4
      vertex 71.45 25.2 3.6
      vertex 71.45 25.2 2.4
    endloop
  endfacet
  facet normal -0 0 1
    outer loop
      vertex 70.25 28.4 3.6
      vertex 71.45 25.2 3.6
      vertex 71.45 28.4 3.6
    endloop
  endfacet
  facet normal 0 0 1
    outer loop
      vertex 71.45 25.2 3.6
      vertex 70.25 28.4 3.6
      vertex 70.25 25.2 3.6
    endloop
  endfacet
  facet normal -1 0 0
    outer loop
      vertex 70.25 25.2 2.4
      vertex 70.25 28.4 3.6
      vertex 70.25 28.4 2.4
    endloop
  endfacet
  facet normal -1 -0 0
    outer loop
      vertex 70.25 28.4 3.6
      vertex 70.25 25.2 2.4
      vertex 70.25 25.2 3.6
    endloop
  endfacet
  facet normal 0 1 -0
    outer loop
      vertex 71.45 28.4 2.4
      vertex 70.25 28.4 3.6
      vertex 71.45 28.4 3.6
    endloop
  endfacet
  facet normal 0 1 0
    outer loop
      vertex 70.25 28.4 3.6
      vertex 71.45 28.4 2.4
      vertex 70.25 28.4 2.4
    endloop
  endfacet
  facet normal 0 -1 0
    outer loop
      vertex 70.25 25.2 2.4
      vertex 71.45 25.2 3.6
      vertex 70.25 25.2 3.6
    endloop
  endfacet
  facet normal 0 -1 -0
    outer loop
      vertex 71.45 25.2 3.6
      vertex 70.25 25.2 2.4
      vertex 71.45 25.2 2.4
    endloop
  endfacet
  facet normal 1 -0 0
    outer loop
      vertex 73.7 21.6 3.6
      vertex 73.7 24.8 2.4
      vertex 73.7 24.8 3.6
    endloop
  endfacet
  facet normal 1 0 0
    outer loop
      vertex 73.7 24.8 2.4
      vertex 73.7 21.6 3.6
      vertex 73.7 21.6 2.4
    endloop
  endfacet
  facet normal -0 0 1
    outer loop
      vertex 72.5 24.8 3.6
      vertex 73.7 21.6 3.6
      vertex 73.7 24.8 3.6
    endloop
  endfacet
  facet normal 0 0 1
    outer loop
      vertex 73.7 21.6 3.6
      vertex 72.5 24.8 3.6
      vertex 72.5 21.6 3.6
    endloop
  endfacet
  facet normal -1 0 0
    outer loop
      vertex 72.5 21.6 2.4
      vertex 72.5 24.8 3.6
      vertex 72.5 24.8 2.4
    endloop
  endfacet
  facet normal -1 -0 0
    outer loop
      vertex 72.5 24.8 3.6
      vertex 72.5 21.6 2.4
      vertex 72.5 21.6 3.6
    endloop
  endfacet
  facet normal 0 1 -0
    outer loop
      vertex 73.7 24.8 2.4
      vertex 72.5 24.8 3.6
      vertex 73.7 24.8 3.6
    endloop
  endfacet
  facet normal 0 1 0
    outer loop
      vertex 72.5 24.8 3.6
      vertex 73.7 24.8 2.4
      vertex 72.5 24.8 2.4
    endloop
  endfacet
  facet normal 0 -1 0
    outer loop
      vertex 72.5 21.6 2.4
      vertex 73.7 21.6 3.6
      vertex 72.5 21.6 3.6
    endloop
  endfacet
  facet normal 0 -1 -0
    outer loop
      vertex 73.7 21.6 3.6
      vertex 72.5 21.6 2.4
      vertex 73.7 21.6 2.4
    endloop
  endfacet
  facet normal 1 -0 0
    outer loop
      vertex 75.95 25.2 3.6
      vertex 75.95 28.4 2.4
      vertex 75.95 28.4 3.6
    endloop
  endfacet
  facet normal 1 0 0
    outer loop
      vertex 75.95 28.4 2.4
      vertex 75.95 25.2 3.6
      vertex 75.95 25.2 2.4
    endloop
  endfacet
  facet normal -0 0 1
    outer loop
      vertex 74.75 28.4 3.6
      vertex 75.95 25.2 3.6
      vertex 75.95 28.4 3.6
    endloop
  endfacet
  facet normal 0 0 1
    outer loop
      vertex 75.95 25.2 3.6
      vertex 74.75 28.4 3.6
      vertex 74.75 25.2 3.6
    endloop
  endfacet
  facet normal -1 0 0
    outer loop
      vertex 74.75 25.2 2.4
      vertex 74.75 28.4 3.6
      vertex 74.75 28.4 2.4
    endloop
  endfacet
  facet normal -1 -0 0
    outer loop
      vertex 74.75 28.4 3.6
      vertex 74.75 25.2 2.4
      vertex 74.75 25.2 3.6
    endloop
  endfacet
  facet normal 0 1 -0
    outer loop
      vertex 75.95 28.4 2.4
      vertex 74.75 28.4 3.6
      vertex 75.95 28.4 3.6
    endloop
  endfacet
  facet normal 0 1 0
    outer loop
      vertex 74.75 28.4 3.6
      vertex 75.95 28.4 2.4
      vertex 74.75 28.4 2.4
    endloop
  endfacet
  facet normal 0 -1 0
    outer loop
      vertex 74.75 25.2 2.4
      vertex 75.95 25.2 3.6
      vertex 74.75 25.2 3.6
    endloop
  endfacet
  facet normal 0 -1 -0
    outer loop
      vertex 75.95 25.2 3.6
      vertex 74.75 25.2 2.4
      vertex 75.95 25.2 2.4
    endloop
  endfacet
  facet normal 1 -0 0
    outer loop
      vertex 78.2 21.6 3.6
      vertex 78.2 24.8 2.4
      vertex 78.2 24.8 3.6
    endloop
  endfacet
  facet normal 1 0 0
    outer loop
      vertex 78.2 24.8 2.4
      vertex 78.2 21.6 3.6
      vertex 78.2 21.6 2.4
    endloop
  endfacet
  facet normal -0 0 1
    outer loop
      vertex 77 24.8 3.6
      vertex 78.2 21.6 3.6
      vertex 78.2 24.8 3.6
    endloop
  endfacet
  facet normal 0 0 1
    outer loop
      vertex 78.2 21.6 3.6
      vertex 77 24.8 3.6
      vertex 77 21.6 3.6
    endloop
  endfacet
  facet normal -1 0 0
    outer loop
      vertex 77 21.6 2.4
      vertex 77 24.8 3.6
      vertex 77 24.8 2.4
    endloop
  endfacet
  facet normal -1 -0 0
    outer loop
      vertex 77 24.8 3.6
      vertex 77 21.6 2.4
      vertex 77 21.6 3.6
    endloop
  endfacet
  facet normal 0 1 -0
    outer loop
      vertex 78.2 24.8 2.4
      vertex 77 24.8 3.6
      vertex 78.2 24.8 3.6
    endloop
  endfacet
  facet normal 0 1 0
    outer loop
      vertex 77 24.8 3.6
      vertex 78.2 24.8 2.4
      vertex 77 24.8 2.4
    endloop
  endfacet
  facet normal 0 -1 0
    outer loop
      vertex 77 21.6 2.4
      vertex 78.2 21.6 3.6
      vertex 77 21.6 3.6
    endloop
  endfacet
  facet normal 0 -1 -0
    outer loop
      vertex 78.2 21.6 3.6
      vertex 77 21.6 2.4
      vertex 78.2 21.6 2.4
    endloop
  endfacet
  facet normal 1 -0 0
    outer loop
      vertex 80.45 25.2 3.6
      vertex 80.45 28.4 2.4
      vertex 80.45 28.4 3.6
    endloop
  endfacet
  facet normal 1 0 0
    outer loop
      vertex 80.45 28.4 2.4
      vertex 80.45 25.2 3.6
      vertex 80.45 25.2 2.4
    endloop
  endfacet
  facet normal -0 0 1
    outer loop
      vertex 79.25 28.4 3.6
      vertex 80.45 25.2 3.6
      vertex 80.45 28.4 3.6
    endloop
  endfacet
  facet normal 0 0 1
    outer loop
      vertex 80.45 25.2 3.6
      vertex 79.25 28.4 3.6
      vertex 79.25 25.2 3.6
    endloop
  endfacet
  facet normal -1 0 0
    outer loop
      vertex 79.25 25.2 2.4
      vertex 79.25 28.4 3.6
      vertex 79.25 28.4 2.4
    endloop
  endfacet
  facet normal -1 -0 0
    outer loop
      vertex 79.25 28.4 3.6
      vertex 79.25 25.2 2.4
      vertex 79.25 25.2 3.6
    endloop
  endfacet
  facet normal 0 1 -0
    outer loop
      vertex 80.45 28.4 2.4
      vertex 79.25 28.4 3.6
      vertex 80.45 28.4 3.6
    endloop
  endfacet
  facet normal 0 1 0
    outer loop
      vertex 79.25 28.4 3.6
      vertex 80.45 28.4 2.4
      vertex 79.25 28.4 2.4
    endloop
  endfacet
  facet normal 0 -1 0
    outer loop
      vertex 79.25 25.2 2.4
      vertex 80.45 25.2 3.6
      vertex 79.25 25.2 3.6
    endloop
  endfacet
  facet normal 0 -1 -0
    outer loop
      vertex 80.45 25.2 3.6
      vertex 79.25 25.2 2.4
      vertex 80.45 25.2 2.4
    endloop
  endfacet
  facet normal 1 -0 0
    outer loop
      vertex 82.7 21.6 3.6
      vertex 82.7 24.8 2.4
      vertex 82.7 24.8 3.6
    endloop
  endfacet
  facet normal 1 0 0
    outer loop
      vertex 82.7 24.8 2.4
      vertex 82.7 21.6 3.6
      vertex 82.7 21.6 2.4
    endloop
  endfacet
  facet normal -0 0 1
    outer loop
      vertex 81.5 24.8 3.6
      vertex 82.7 21.6 3.6
      vertex 82.7 24.8 3.6
    endloop
  endfacet
  facet normal 0 0 1
    outer loop
      vertex 82.7 21.6 3.6
      vertex 81.5 24.8 3.6
      vertex 81.5 21.6 3.6
    endloop
  endfacet
  facet normal -1 0 0
    outer loop
      vertex 81.5 21.6 2.4
      vertex 81.5 24.8 3.6
      vertex 81.5 24.8 2.4
    endloop
  endfacet
  facet normal -1 -0 0
    outer loop
      vertex 81.5 24.8 3.6
      vertex 81.5 21.6 2.4
      vertex 81.5 21.6 3.6
    endloop
  endfacet
  facet normal 0 1 -0
    outer loop
      vertex 82.7 24.8 2.4
      vertex 81.5 24.8 3.6
      vertex 82.7 24.8 3.6
    endloop
  endfacet
  facet normal 0 1 0
    outer loop
      vertex 81.5 24.8 3.6
      vertex 82.7 24.8 2.4
      vertex 81.5 24.8 2.4
    endloop
  endfacet
  facet normal 0 -1 0
    outer loop
      vertex 81.5 21.6 2.4
      vertex 82.7 21.6 3.6
      vertex 81.5 21.6 3.6
    endloop
  endfacet
  facet normal 0 -1 -0
    outer loop
      vertex 82.7 21.6 3.6
      vertex 81.5 21.6 2.4
      vertex 82.7 21.6 2.4
    endloop
  endfacet
  facet normal -0 0 1
    outer loop
      vertex 9.64713 24.3823 4.71
      vertex 11.0655 23.9779 4.71
      vertex 11.0655 24.3823 4.71
    endloop
  endfacet
  facet normal 0 0 1
    outer loop
      vertex 9.17433 23.9779 4.71
      vertex 9.64713 24.3823 4.71
      vertex 9.17433 24.3766 4.71
    endloop
  endfacet
  facet normal 0 0 1
    outer loop
      vertex 9.64713 24.3823 4.71
      vertex 9.17433 23.9779 4.71
      vertex 11.0655 23.9779 4.71
    endloop
  endfacet
  facet normal -0 0 1
    outer loop
      vertex 11.0655 26.5042 4.71
      vertex 11.5497 24.3823 4.71
      vertex 11.5497 27.0823 4.71
    endloop
  endfacet
  facet normal 0 0 1
    outer loop
      vertex 11.0655 24.3823 4.71
      vertex 11.5497 24.3823 4.71
      vertex 11.0655 26.5042 4.71
    endloop
  endfacet
  facet normal 0 0 1
    outer loop
      vertex 11.5497 24.3823 4.71
      vertex 11.0655 24.3823 4.71
      vertex 11.5497 23.9779 4.71
    endloop
  endfacet
  facet normal 0 0 1
    outer loop
      vertex 11.0655 26.5042 4.71
      vertex 11.05 26.4718 4.71
      vertex 11.0605 26.4926 4.71
    endloop
  endfacet
  facet normal 0 0 1
    outer loop
      vertex 11.0114 27.0823 4.71
      vertex 11.05 26.4718 4.71
      vertex 11.0655 26.5042 4.71
    endloop
  endfacet
  facet normal 0 0 1
    outer loop
      vertex 11.05 26.4718 4.71
      vertex 11.0114 27.0823 4.71
      vertex 11.0341 26.4416 4.71
    endloop
  endfacet
  facet normal -0 0 1
    outer loop
      vertex 11.0114 27.0823 4.71
      vertex 11.0655 26.5042 4.71
      vertex 11.5497 27.0823 4.71
    endloop
  endfacet
  facet normal 0 0 1
    outer loop
      vertex 11.0341 26.4416 4.71
      vertex 11.0114 27.0823 4.71
      vertex 11.0126 26.4021 4.71
    endloop
  endfacet
  facet normal 0 0 1
    outer loop
      vertex 11.0114 27.0823 4.71
      vertex 10.9857 26.3532 4.71
      vertex 11.0126 26.4021 4.71
    endloop
  endfacet
  facet normal 0 0 1
    outer loop
      vertex 11.0114 27.0823 4.71
      vertex 10.9576 26.3028 4.71
      vertex 10.9857 26.3532 4.71
    endloop
  endfacet
  facet normal 0 0 1
    outer loop
      vertex 11.0114 27.0823 4.71
      vertex 10.9324 26.2589 4.71
      vertex 10.9576 26.3028 4.71
    endloop
  endfacet
  facet normal 0 0 1
    outer loop
      vertex 11.0114 27.0823 4.71
      vertex 10.9102 26.2213 4.71
      vertex 10.9324 26.2589 4.71
    endloop
  endfacet
  facet normal 0 0 1
    outer loop
      vertex 11.0114 27.0823 4.71
      vertex 10.891 26.19 4.71
      vertex 10.9102 26.2213 4.71
    endloop
  endfacet
  facet normal 0 0 1
    outer loop
      vertex 11.0114 27.0823 4.71
      vertex 10.8747 26.1652 4.71
      vertex 10.891 26.19 4.71
    endloop
  endfacet
  facet normal 0 0 1
    outer loop
      vertex 9.17433 24.3766 4.71
      vertex 10.8747 26.1652 4.71
      vertex 11.0114 27.0823 4.71
    endloop
  endfacet
  facet normal 0 0 1
    outer loop
      vertex 10.8747 26.1652 4.71
      vertex 9.17433 24.3766 4.71
      vertex 9.84651 24.65 4.71
    endloop
  endfacet
  facet normal 0 0 1
    outer loop
      vertex 9.84651 24.65 4.71
      vertex 9.17433 24.3766 4.71
      vertex 9.6927 24.4393 4.71
    endloop
  endfacet
  facet normal 0 0 1
    outer loop
      vertex 9.6927 24.4393 4.71
      vertex 9.17433 24.3766 4.71
      vertex 9.64713 24.3823 4.71
    endloop
  endfacet
  facet normal -0 0 1
    outer loop
      vertex 11.5497 24.3823 4.71
      vertex 12.1136 23.9779 4.71
      vertex 12.1136 24.3823 4.71
    endloop
  endfacet
  facet normal 0 0 1
    outer loop
      vertex 12.1136 23.9779 4.71
      vertex 11.5497 24.3823 4.71
      vertex 11.5497 23.9779 4.71
    endloop
  endfacet
  facet normal 0 0 1
    outer loop
      vertex 11.0655 23.9779 4.71
      vertex 11.5497 23.9779 4.71
      vertex 11.0655 24.3823 4.71
    endloop
  endfacet
  facet normal 0 0 1
    outer loop
      vertex 11.5497 23.9779 4.71
      vertex 11.0655 23.9779 4.71
      vertex 11.5497 23.0693 4.71
    endloop
  endfacet
  facet normal 0 0 1
    outer loop
      vertex 11.5497 23.0693 4.71
      vertex 11.0655 23.9779 4.71
      vertex 11.0655 23.0693 4.71
    endloop
  endfacet
  facet normal 0 0 1
    outer loop
      vertex 16.5569 27.0823 4.71
      vertex 14.7426 26.6466 4.71
      vertex 16.5569 26.6466 4.71
    endloop
  endfacet
  facet normal -0 0 1
    outer loop
      vertex 14.2755 27.0823 4.71
      vertex 14.7426 26.6466 4.71
      vertex 16.5569 27.0823 4.71
    endloop
  endfacet
  facet normal 0 0 1
    outer loop
      vertex 14.2755 27.0823 4.71
      vertex 14.6657 25.3734 4.71
      vertex 14.7426 26.6466 4.71
    endloop
  endfacet
  facet normal 0 0 1
    outer loop
      vertex 14.1417 24.9234 4.71
      vertex 14.6657 25.3734 4.71
      vertex 14.2755 27.0823 4.71
    endloop
  endfacet
  facet normal 0 0 1
    outer loop
      vertex 14.6657 25.3734 4.71
      vertex 14.1417 24.9234 4.71
      vertex 14.6429 24.9234 4.71
    endloop
  endfacet
  facet normal 0 0 1
    outer loop
      vertex 16.7904 24.3766 4.71
      vertex 16.2484 24.5109 4.71
      vertex 16.2578 24.3652 4.71
    endloop
  endfacet
  facet normal 0 0 1
    outer loop
      vertex 16.4387 25.2823 4.71
      vertex 16.2202 24.645 4.71
      vertex 16.2484 24.5109 4.71
    endloop
  endfacet
  facet normal 0 0 1
    outer loop
      vertex 16.4387 25.2823 4.71
      vertex 16.1732 24.7675 4.71
      vertex 16.2202 24.645 4.71
    endloop
  endfacet
  facet normal 0 0 1
    outer loop
      vertex 15.9223 25.0616 4.71
      vertex 16.2884 25.4074 4.71
      vertex 16.1188 25.5047 4.71
    endloop
  endfacet
  facet normal 0 0 1
    outer loop
      vertex 16.4387 25.2823 4.71
      vertex 16.1075 24.8783 4.71
      vertex 16.1732 24.7675 4.71
    endloop
  endfacet
  facet normal 0 0 1
    outer loop
      vertex 16.4387 25.2823 4.71
      vertex 16.0228 24.9776 4.71
      vertex 16.1075 24.8783 4.71
    endloop
  endfacet
  facet normal 0 0 1
    outer loop
      vertex 15.8087 25.127 4.71
      vertex 16.1188 25.5047 4.71
      vertex 15.9299 25.5742 4.71
    endloop
  endfacet
  facet normal 0 0 1
    outer loop
      vertex 16.2884 25.4074 4.71
      vertex 15.9223 25.0616 4.71
      vertex 16.0228 24.9776 4.71
    endloop
  endfacet
  facet normal 0 0 1
    outer loop
      vertex 16.1188 25.5047 4.71
      vertex 15.8087 25.127 4.71
      vertex 15.9223 25.0616 4.71
    endloop
  endfacet
  facet normal 0 0 1
    outer loop
      vertex 15.6819 25.1737 4.71
      vertex 15.9299 25.5742 4.71
      vertex 15.7219 25.6158 4.71
    endloop
  endfacet
  facet normal 0 0 1
    outer loop
      vertex 15.9299 25.5742 4.71
      vertex 15.6819 25.1737 4.71
      vertex 15.8087 25.127 4.71
    endloop
  endfacet
  facet normal 0 0 1
    outer loop
      vertex 15.7219 25.6158 4.71
      vertex 15.5421 25.2018 4.71
      vertex 15.6819 25.1737 4.71
    endloop
  endfacet
  facet normal 0 0 1
    outer loop
      vertex 15.4945 25.6297 4.71
      vertex 15.5421 25.2018 4.71
      vertex 15.7219 25.6158 4.71
    endloop
  endfacet
  facet normal 0 0 1
    outer loop
      vertex 15.4945 25.6297 4.71
      vertex 15.3892 25.2111 4.71
      vertex 15.5421 25.2018 4.71
    endloop
  endfacet
  facet normal -0 0 1
    outer loop
      vertex 15.3028 25.6195 4.71
      vertex 15.3892 25.2111 4.71
      vertex 15.4945 25.6297 4.71
    endloop
  endfacet
  facet normal 0 0 1
    outer loop
      vertex 15.3892 25.2111 4.71
      vertex 15.3028 25.6195 4.71
      vertex 15.3071 25.2085 4.71
    endloop
  endfacet
  facet normal 0 0 1
    outer loop
      vertex 15.3028 25.6195 4.71
      vertex 15.2274 25.2006 4.71
      vertex 15.3071 25.2085 4.71
    endloop
  endfacet
  facet normal -0 0 1
    outer loop
      vertex 15.1241 25.5887 4.71
      vertex 15.2274 25.2006 4.71
      vertex 15.3028 25.6195 4.71
    endloop
  endfacet
  facet normal 0 0 1
    outer loop
      vertex 15.2274 25.2006 4.71
      vertex 15.1241 25.5887 4.71
      vertex 15.1499 25.1875 4.71
    endloop
  endfacet
  facet normal -0 0 1
    outer loop
      vertex 14.9583 25.5375 4.71
      vertex 15.1499 25.1875 4.71
      vertex 15.1241 25.5887 4.71
    endloop
  endfacet
  facet normal 0 0 1
    outer loop
      vertex 15.1499 25.1875 4.71
      vertex 14.9583 25.5375 4.71
      vertex 15.0747 25.1692 4.71
    endloop
  endfacet
  facet normal 0 0 1
    outer loop
      vertex 15.0747 25.1692 4.71
      vertex 14.9583 25.5375 4.71
      vertex 15.0018 25.1456 4.71
    endloop
  endfacet
  facet normal -0 0 1
    outer loop
      vertex 14.8055 25.4657 4.71
      vertex 15.0018 25.1456 4.71
      vertex 14.9583 25.5375 4.71
    endloop
  endfacet
  facet normal 0 0 1
    outer loop
      vertex 15.0018 25.1456 4.71
      vertex 14.8055 25.4657 4.71
      vertex 14.93 25.1157 4.71
    endloop
  endfacet
  facet normal -0 0 1
    outer loop
      vertex 14.6657 25.3734 4.71
      vertex 14.93 25.1157 4.71
      vertex 14.8055 25.4657 4.71
    endloop
  endfacet
  facet normal 0 0 1
    outer loop
      vertex 14.93 25.1157 4.71
      vertex 14.6657 25.3734 4.71
      vertex 14.8582 25.0786 4.71
    endloop
  endfacet
  facet normal 0 0 1
    outer loop
      vertex 14.8582 25.0786 4.71
      vertex 14.6657 25.3734 4.71
      vertex 14.7865 25.0342 4.71
    endloop
  endfacet
  facet normal 0 0 1
    outer loop
      vertex 14.7865 25.0342 4.71
      vertex 14.6657 25.3734 4.71
      vertex 14.7147 24.9825 4.71
    endloop
  endfacet
  facet normal 0 0 1
    outer loop
      vertex 14.7147 24.9825 4.71
      vertex 14.6657 25.3734 4.71
      vertex 14.6429 24.9234 4.71
    endloop
  endfacet
  facet normal -0 0 1
    outer loop
      vertex 16.2484 24.5109 4.71
      vertex 16.7904 24.3766 4.71
      vertex 16.7764 24.5915 4.71
    endloop
  endfacet
  facet normal 0 0 1
    outer loop
      vertex 16.2484 24.5109 4.71
      vertex 16.7764 24.5915 4.71
      vertex 16.7342 24.7895 4.71
    endloop
  endfacet
  facet normal 0 0 1
    outer loop
      vertex 16.7904 24.3766 4.71
      vertex 16.2578 24.3652 4.71
      vertex 16.7753 24.1334 4.71
    endloop
  endfacet
  facet normal 0 0 1
    outer loop
      vertex 16.2484 24.5109 4.71
      vertex 16.7342 24.7895 4.71
      vertex 16.6638 24.9706 4.71
    endloop
  endfacet
  facet normal -0 0 1
    outer loop
      vertex 16.2485 24.1984 4.71
      vertex 16.7753 24.1334 4.71
      vertex 16.2578 24.3652 4.71
    endloop
  endfacet
  facet normal 0 0 1
    outer loop
      vertex 16.2484 24.5109 4.71
      vertex 16.6638 24.9706 4.71
      vertex 16.5653 25.1349 4.71
    endloop
  endfacet
  facet normal 0 0 1
    outer loop
      vertex 16.7753 24.1334 4.71
      vertex 16.2485 24.1984 4.71
      vertex 16.7301 23.9118 4.71
    endloop
  endfacet
  facet normal 0 0 1
    outer loop
      vertex 16.2484 24.5109 4.71
      vertex 16.5653 25.1349 4.71
      vertex 16.4387 25.2823 4.71
    endloop
  endfacet
  facet normal -0 0 1
    outer loop
      vertex 16.2205 24.0464 4.71
      vertex 16.7301 23.9118 4.71
      vertex 16.2485 24.1984 4.71
    endloop
  endfacet
  facet normal 0 0 1
    outer loop
      vertex 16.0228 24.9776 4.71
      vertex 16.4387 25.2823 4.71
      vertex 16.2884 25.4074 4.71
    endloop
  endfacet
  facet normal 0 0 1
    outer loop
      vertex 16.7301 23.9118 4.71
      vertex 16.2205 24.0464 4.71
      vertex 16.6546 23.7119 4.71
    endloop
  endfacet
  facet normal -0 0 1
    outer loop
      vertex 16.1738 23.9094 4.71
      vertex 16.6546 23.7119 4.71
      vertex 16.2205 24.0464 4.71
    endloop
  endfacet
  facet normal 0 0 1
    outer loop
      vertex 16.6546 23.7119 4.71
      vertex 16.1738 23.9094 4.71
      vertex 16.5489 23.5336 4.71
    endloop
  endfacet
  facet normal -0 0 1
    outer loop
      vertex 16.1084 23.7874 4.71
      vertex 16.5489 23.5336 4.71
      vertex 16.1738 23.9094 4.71
    endloop
  endfacet
  facet normal 0 0 1
    outer loop
      vertex 16.5489 23.5336 4.71
      vertex 16.1084 23.7874 4.71
      vertex 16.413 23.3769 4.71
    endloop
  endfacet
  facet normal -0 0 1
    outer loop
      vertex 16.0243 23.6802 4.71
      vertex 16.413 23.3769 4.71
      vertex 16.1084 23.7874 4.71
    endloop
  endfacet
  facet normal 0 0 1
    outer loop
      vertex 16.413 23.3769 4.71
      vertex 16.0243 23.6802 4.71
      vertex 16.2504 23.2457 4.71
    endloop
  endfacet
  facet normal -0 0 1
    outer loop
      vertex 15.9237 23.5905 4.71
      vertex 16.2504 23.2457 4.71
      vertex 16.0243 23.6802 4.71
    endloop
  endfacet
  facet normal 0 0 1
    outer loop
      vertex 16.2504 23.2457 4.71
      vertex 15.9237 23.5905 4.71
      vertex 16.0644 23.1436 4.71
    endloop
  endfacet
  facet normal -0 0 1
    outer loop
      vertex 15.8087 23.5207 4.71
      vertex 16.0644 23.1436 4.71
      vertex 15.9237 23.5905 4.71
    endloop
  endfacet
  facet normal 0 0 1
    outer loop
      vertex 16.0644 23.1436 4.71
      vertex 15.8087 23.5207 4.71
      vertex 15.8551 23.0707 4.71
    endloop
  endfacet
  facet normal -0 0 1
    outer loop
      vertex 15.6794 23.4709 4.71
      vertex 15.8551 23.0707 4.71
      vertex 15.8087 23.5207 4.71
    endloop
  endfacet
  facet normal 0 0 1
    outer loop
      vertex 15.6794 23.4709 4.71
      vertex 15.6224 23.0269 4.71
      vertex 15.8551 23.0707 4.71
    endloop
  endfacet
  facet normal -0 0 1
    outer loop
      vertex 15.5358 23.441 4.71
      vertex 15.6224 23.0269 4.71
      vertex 15.6794 23.4709 4.71
    endloop
  endfacet
  facet normal 0 0 1
    outer loop
      vertex 15.3663 23.0124 4.71
      vertex 15.5358 23.441 4.71
      vertex 15.3778 23.431 4.71
    endloop
  endfacet
  facet normal 0 0 1
    outer loop
      vertex 15.5358 23.441 4.71
      vertex 15.3663 23.0124 4.71
      vertex 15.6224 23.0269 4.71
    endloop
  endfacet
  facet normal 0 0 1
    outer loop
      vertex 15.3778 23.431 4.71
      vertex 15.1506 23.0222 4.71
      vertex 15.3663 23.0124 4.71
    endloop
  endfacet
  facet normal 0 0 1
    outer loop
      vertex 15.1293 23.4548 4.71
      vertex 15.1506 23.0222 4.71
      vertex 15.3778 23.431 4.71
    endloop
  endfacet
  facet normal 0 0 1
    outer loop
      vertex 15.1293 23.4548 4.71
      vertex 14.9521 23.0516 4.71
      vertex 15.1506 23.0222 4.71
    endloop
  endfacet
  facet normal 0 0 1
    outer loop
      vertex 14.9216 23.5263 4.71
      vertex 14.9521 23.0516 4.71
      vertex 15.1293 23.4548 4.71
    endloop
  endfacet
  facet normal 0 0 1
    outer loop
      vertex 14.9216 23.5263 4.71
      vertex 14.771 23.1006 4.71
      vertex 14.9521 23.0516 4.71
    endloop
  endfacet
  facet normal 0 0 1
    outer loop
      vertex 14.6072 23.1691 4.71
      vertex 14.9216 23.5263 4.71
      vertex 14.7547 23.6453 4.71
    endloop
  endfacet
  facet normal 0 0 1
    outer loop
      vertex 14.333 23.3641 4.71
      vertex 14.7547 23.6453 4.71
      vertex 14.6286 23.812 4.71
    endloop
  endfacet
  facet normal 0 0 1
    outer loop
      vertex 14.9216 23.5263 4.71
      vertex 14.6072 23.1691 4.71
      vertex 14.771 23.1006 4.71
    endloop
  endfacet
  facet normal 0 0 1
    outer loop
      vertex 14.0715 23.7896 4.71
      vertex 14.6286 23.812 4.71
      vertex 14.5433 24.0263 4.71
    endloop
  endfacet
  facet normal 0 0 1
    outer loop
      vertex 14.7547 23.6453 4.71
      vertex 14.4607 23.2573 4.71
      vertex 14.6072 23.1691 4.71
    endloop
  endfacet
  facet normal 0 0 1
    outer loop
      vertex 14.7547 23.6453 4.71
      vertex 14.333 23.3641 4.71
      vertex 14.4607 23.2573 4.71
    endloop
  endfacet
  facet normal 0 0 1
    outer loop
      vertex 14.6286 23.812 4.71
      vertex 14.2255 23.4884 4.71
      vertex 14.333 23.3641 4.71
    endloop
  endfacet
  facet normal 0 0 1
    outer loop
      vertex 14.6286 23.812 4.71
      vertex 14.1384 23.6302 4.71
      vertex 14.2255 23.4884 4.71
    endloop
  endfacet
  facet normal 0 0 1
    outer loop
      vertex 14.6286 23.812 4.71
      vertex 14.0715 23.7896 4.71
      vertex 14.1384 23.6302 4.71
    endloop
  endfacet
  facet normal 0 -0 1
    outer loop
      vertex 14.0715 23.7896 4.71
      vertex 14.5433 24.0263 4.71
      vertex 14.0249 23.9665 4.71
    endloop
  endfacet
  facet normal -0 0 1
    outer loop
      vertex 12.7413 23.6931 4.71
      vertex 13.2966 23.0693 4.71
      vertex 13.2966 23.6931 4.71
    endloop
  endfacet
  facet normal 0 0 1
    outer loop
      vertex 13.2966 23.0693 4.71
      vertex 12.7413 23.6931 4.71
      vertex 12.7413 23.0693 4.71
    endloop
  endfacet
  facet normal 0 -1 0
    outer loop
      vertex 11.5497 23.9779 4
      vertex 12.1136 23.9779 4.71
      vertex 11.5497 23.9779 4.71
    endloop
  endfacet
  facet normal 0 -1 -0
    outer loop
      vertex 12.1136 23.9779 4.71
      vertex 11.5497 23.9779 4
      vertex 12.1136 23.9779 4
    endloop
  endfacet
  facet normal 1 -0 0
    outer loop
      vertex 12.1136 23.9779 4.71
      vertex 12.1136 24.3823 4
      vertex 12.1136 24.3823 4.71
    endloop
  endfacet
  facet normal 1 0 0
    outer loop
      vertex 12.1136 24.3823 4
      vertex 12.1136 23.9779 4.71
      vertex 12.1136 23.9779 4
    endloop
  endfacet
  facet normal 0 1 -0
    outer loop
      vertex 12.1136 24.3823 4
      vertex 11.5497 24.3823 4.71
      vertex 12.1136 24.3823 4.71
    endloop
  endfacet
  facet normal 0 1 0
    outer loop
      vertex 11.5497 24.3823 4.71
      vertex 12.1136 24.3823 4
      vertex 11.5497 24.3823 4
    endloop
  endfacet
  facet normal 1 -0 0
    outer loop
      vertex 11.5497 24.3823 4.71
      vertex 11.5497 27.0823 4
      vertex 11.5497 27.0823 4.71
    endloop
  endfacet
  facet normal 1 0 0
    outer loop
      vertex 11.5497 27.0823 4
      vertex 11.5497 24.3823 4.71
      vertex 11.5497 24.3823 4
    endloop
  endfacet
  facet normal 0 1 -0
    outer loop
      vertex 11.5497 27.0823 4
      vertex 11.0114 27.0823 4.71
      vertex 11.5497 27.0823 4.71
    endloop
  endfacet
  facet normal 0 1 0
    outer loop
      vertex 11.0114 27.0823 4.71
      vertex 11.5497 27.0823 4
      vertex 11.0114 27.0823 4
    endloop
  endfacet
  facet normal -0.827325 0.561723 0
    outer loop
      vertex 9.17433 24.3766 4
      vertex 11.0114 27.0823 4.71
      vertex 11.0114 27.0823 4
    endloop
  endfacet
  facet normal -0.827325 0.561723 0
    outer loop
      vertex 11.0114 27.0823 4.71
      vertex 9.17433 24.3766 4
      vertex 9.17433 24.3766 4.71
    endloop
  endfacet
  facet normal -1 0 0
    outer loop
      vertex 9.17433 23.9779 4
      vertex 9.17433 24.3766 4.71
      vertex 9.17433 24.3766 4
    endloop
  endfacet
  facet normal -1 -0 0
    outer loop
      vertex 9.17433 24.3766 4.71
      vertex 9.17433 23.9779 4
      vertex 9.17433 23.9779 4.71
    endloop
  endfacet
  facet normal 0 -1 0
    outer loop
      vertex 9.17433 23.9779 4
      vertex 11.0655 23.9779 4.71
      vertex 9.17433 23.9779 4.71
    endloop
  endfacet
  facet normal 0 -1 -0
    outer loop
      vertex 11.0655 23.9779 4.71
      vertex 9.17433 23.9779 4
      vertex 11.0655 23.9779 4
    endloop
  endfacet
  facet normal -1 0 0
    outer loop
      vertex 11.0655 23.0693 4
      vertex 11.0655 23.9779 4.71
      vertex 11.0655 23.9779 4
    endloop
  endfacet
  facet normal -1 -0 0
    outer loop
      vertex 11.0655 23.9779 4.71
      vertex 11.0655 23.0693 4
      vertex 11.0655 23.0693 4.71
    endloop
  endfacet
  facet normal 0 -1 0
    outer loop
      vertex 11.0655 23.0693 4
      vertex 11.5497 23.0693 4.71
      vertex 11.0655 23.0693 4.71
    endloop
  endfacet
  facet normal 0 -1 -0
    outer loop
      vertex 11.5497 23.0693 4.71
      vertex 11.0655 23.0693 4
      vertex 11.5497 23.0693 4
    endloop
  endfacet
  facet normal 1 -0 0
    outer loop
      vertex 11.5497 23.0693 4.71
      vertex 11.5497 23.9779 4
      vertex 11.5497 23.9779 4.71
    endloop
  endfacet
  facet normal 1 0 0
    outer loop
      vertex 11.5497 23.9779 4
      vertex 11.5497 23.0693 4.71
      vertex 11.5497 23.0693 4
    endloop
  endfacet
  facet normal 0.781069 -0.624444 0
    outer loop
      vertex 9.64713 24.3823 4.71
      vertex 9.6927 24.4393 4
      vertex 9.6927 24.4393 4.71
    endloop
  endfacet
  facet normal 0.781069 -0.624444 0
    outer loop
      vertex 9.6927 24.4393 4
      vertex 9.64713 24.3823 4.71
      vertex 9.64713 24.3823 4
    endloop
  endfacet
  facet normal 0.807689 -0.589609 0
    outer loop
      vertex 9.6927 24.4393 4.71
      vertex 9.84651 24.65 4
      vertex 9.84651 24.65 4.71
    endloop
  endfacet
  facet normal 0.807689 -0.589609 0
    outer loop
      vertex 9.84651 24.65 4
      vertex 9.6927 24.4393 4.71
      vertex 9.6927 24.4393 4
    endloop
  endfacet
  facet normal 0.827471 -0.561508 0
    outer loop
      vertex 9.84651 24.65 4.71
      vertex 10.8747 26.1652 4
      vertex 10.8747 26.1652 4.71
    endloop
  endfacet
  facet normal 0.827471 -0.561508 0
    outer loop
      vertex 10.8747 26.1652 4
      vertex 9.84651 24.65 4.71
      vertex 9.84651 24.65 4
    endloop
  endfacet
  facet normal 0.835661 -0.549245 0
    outer loop
      vertex 10.8747 26.1652 4.71
      vertex 10.891 26.19 4
      vertex 10.891 26.19 4.71
    endloop
  endfacet
  facet normal 0.835661 -0.549245 0
    outer loop
      vertex 10.891 26.19 4
      vertex 10.8747 26.1652 4.71
      vertex 10.8747 26.1652 4
    endloop
  endfacet
  facet normal 0.852405 -0.522881 0
    outer loop
      vertex 10.891 26.19 4.71
      vertex 10.9102 26.2213 4
      vertex 10.9102 26.2213 4.71
    endloop
  endfacet
  facet normal 0.852405 -0.522881 0
    outer loop
      vertex 10.9102 26.2213 4
      vertex 10.891 26.19 4.71
      vertex 10.891 26.19 4
    endloop
  endfacet
  facet normal 0.861109 -0.508421 0
    outer loop
      vertex 10.9102 26.2213 4.71
      vertex 10.9324 26.2589 4
      vertex 10.9324 26.2589 4.71
    endloop
  endfacet
  facet normal 0.861109 -0.508421 0
    outer loop
      vertex 10.9324 26.2589 4
      vertex 10.9102 26.2213 4.71
      vertex 10.9102 26.2213 4
    endloop
  endfacet
  facet normal 0.867269 -0.49784 0
    outer loop
      vertex 10.9324 26.2589 4.71
      vertex 10.9576 26.3028 4
      vertex 10.9576 26.3028 4.71
    endloop
  endfacet
  facet normal 0.867269 -0.49784 0
    outer loop
      vertex 10.9576 26.3028 4
      vertex 10.9324 26.2589 4.71
      vertex 10.9324 26.2589 4
    endloop
  endfacet
  facet normal 0.873421 -0.486967 0
    outer loop
      vertex 10.9576 26.3028 4.71
      vertex 10.9857 26.3532 4
      vertex 10.9857 26.3532 4.71
    endloop
  endfacet
  facet normal 0.873421 -0.486967 0
    outer loop
      vertex 10.9857 26.3532 4
      vertex 10.9576 26.3028 4.71
      vertex 10.9576 26.3028 4
    endloop
  endfacet
  facet normal 0.876178 -0.481988 0
    outer loop
      vertex 10.9857 26.3532 4.71
      vertex 11.0126 26.4021 4
      vertex 11.0126 26.4021 4.71
    endloop
  endfacet
  facet normal 0.876178 -0.481988 0
    outer loop
      vertex 11.0126 26.4021 4
      vertex 10.9857 26.3532 4.71
      vertex 10.9857 26.3532 4
    endloop
  endfacet
  facet normal 0.87832 -0.478073 0
    outer loop
      vertex 11.0126 26.4021 4.71
      vertex 11.0341 26.4416 4
      vertex 11.0341 26.4416 4.71
    endloop
  endfacet
  facet normal 0.87832 -0.478073 0
    outer loop
      vertex 11.0341 26.4416 4
      vertex 11.0126 26.4021 4.71
      vertex 11.0126 26.4021 4
    endloop
  endfacet
  facet normal 0.884855 -0.465867 0
    outer loop
      vertex 11.0341 26.4416 4.71
      vertex 11.05 26.4718 4
      vertex 11.05 26.4718 4.71
    endloop
  endfacet
  facet normal 0.884855 -0.465867 0
    outer loop
      vertex 11.05 26.4718 4
      vertex 11.0341 26.4416 4.71
      vertex 11.0341 26.4416 4
    endloop
  endfacet
  facet normal 0.892704 -0.450644 0
    outer loop
      vertex 11.05 26.4718 4.71
      vertex 11.0605 26.4926 4
      vertex 11.0605 26.4926 4.71
    endloop
  endfacet
  facet normal 0.892704 -0.450644 0
    outer loop
      vertex 11.0605 26.4926 4
      vertex 11.05 26.4718 4.71
      vertex 11.05 26.4718 4
    endloop
  endfacet
  facet normal 0.918324 -0.395829 0
    outer loop
      vertex 11.0605 26.4926 4.71
      vertex 11.0655 26.5042 4
      vertex 11.0655 26.5042 4.71
    endloop
  endfacet
  facet normal 0.918324 -0.395829 0
    outer loop
      vertex 11.0655 26.5042 4
      vertex 11.0605 26.4926 4.71
      vertex 11.0605 26.4926 4
    endloop
  endfacet
  facet normal -1 0 0
    outer loop
      vertex 11.0655 24.3823 4
      vertex 11.0655 26.5042 4.71
      vertex 11.0655 26.5042 4
    endloop
  endfacet
  facet normal -1 -0 0
    outer loop
      vertex 11.0655 26.5042 4.71
      vertex 11.0655 24.3823 4
      vertex 11.0655 24.3823 4.71
    endloop
  endfacet
  facet normal 0 1 -0
    outer loop
      vertex 11.0655 24.3823 4
      vertex 9.64713 24.3823 4.71
      vertex 11.0655 24.3823 4.71
    endloop
  endfacet
  facet normal 0 1 0
    outer loop
      vertex 9.64713 24.3823 4.71
      vertex 11.0655 24.3823 4
      vertex 9.64713 24.3823 4
    endloop
  endfacet
  facet normal 0.184977 -0.982743 0
    outer loop
      vertex 15.6224 23.0269 4
      vertex 15.8551 23.0707 4.71
      vertex 15.6224 23.0269 4.71
    endloop
  endfacet
  facet normal 0.184977 -0.982743 0
    outer loop
      vertex 15.8551 23.0707 4.71
      vertex 15.6224 23.0269 4
      vertex 15.8551 23.0707 4
    endloop
  endfacet
  facet normal 0.328923 -0.944357 0
    outer loop
      vertex 15.8551 23.0707 4
      vertex 16.0644 23.1436 4.71
      vertex 15.8551 23.0707 4.71
    endloop
  endfacet
  facet normal 0.328923 -0.944357 0
    outer loop
      vertex 16.0644 23.1436 4.71
      vertex 15.8551 23.0707 4
      vertex 16.0644 23.1436 4
    endloop
  endfacet
  facet normal 0.481195 -0.876614 0
    outer loop
      vertex 16.0644 23.1436 4
      vertex 16.2504 23.2457 4.71
      vertex 16.0644 23.1436 4.71
    endloop
  endfacet
  facet normal 0.481195 -0.876614 0
    outer loop
      vertex 16.2504 23.2457 4.71
      vertex 16.0644 23.1436 4
      vertex 16.2504 23.2457 4
    endloop
  endfacet
  facet normal 0.627958 -0.778247 0
    outer loop
      vertex 16.2504 23.2457 4
      vertex 16.413 23.3769 4.71
      vertex 16.2504 23.2457 4.71
    endloop
  endfacet
  facet normal 0.627958 -0.778247 0
    outer loop
      vertex 16.413 23.3769 4.71
      vertex 16.2504 23.2457 4
      vertex 16.413 23.3769 4
    endloop
  endfacet
  facet normal 0.755466 -0.655187 0
    outer loop
      vertex 16.413 23.3769 4.71
      vertex 16.5489 23.5336 4
      vertex 16.5489 23.5336 4.71
    endloop
  endfacet
  facet normal 0.755466 -0.655187 0
    outer loop
      vertex 16.5489 23.5336 4
      vertex 16.413 23.3769 4.71
      vertex 16.413 23.3769 4
    endloop
  endfacet
  facet normal 0.860205 -0.509948 0
    outer loop
      vertex 16.5489 23.5336 4.71
      vertex 16.6546 23.7119 4
      vertex 16.6546 23.7119 4.71
    endloop
  endfacet
  facet normal 0.860205 -0.509948 0
    outer loop
      vertex 16.6546 23.7119 4
      vertex 16.5489 23.5336 4.71
      vertex 16.5489 23.5336 4
    endloop
  endfacet
  facet normal 0.9355 -0.353328 0
    outer loop
      vertex 16.6546 23.7119 4.71
      vertex 16.7301 23.9118 4
      vertex 16.7301 23.9118 4.71
    endloop
  endfacet
  facet normal 0.9355 -0.353328 0
    outer loop
      vertex 16.7301 23.9118 4
      vertex 16.6546 23.7119 4.71
      vertex 16.6546 23.7119 4
    endloop
  endfacet
  facet normal 0.979825 -0.199856 0
    outer loop
      vertex 16.7301 23.9118 4.71
      vertex 16.7753 24.1334 4
      vertex 16.7753 24.1334 4.71
    endloop
  endfacet
  facet normal 0.979825 -0.199856 0
    outer loop
      vertex 16.7753 24.1334 4
      vertex 16.7301 23.9118 4.71
      vertex 16.7301 23.9118 4
    endloop
  endfacet
  facet normal 0.998078 -0.0619695 0
    outer loop
      vertex 16.7753 24.1334 4.71
      vertex 16.7904 24.3766 4
      vertex 16.7904 24.3766 4.71
    endloop
  endfacet
  facet normal 0.998078 -0.0619695 0
    outer loop
      vertex 16.7904 24.3766 4
      vertex 16.7753 24.1334 4.71
      vertex 16.7753 24.1334 4
    endloop
  endfacet
  facet normal 0.997885 0.0650088 0
    outer loop
      vertex 16.7904 24.3766 4.71
      vertex 16.7764 24.5915 4
      vertex 16.7764 24.5915 4.71
    endloop
  endfacet
  facet normal 0.997885 0.0650088 0
    outer loop
      vertex 16.7764 24.5915 4
      vertex 16.7904 24.3766 4.71
      vertex 16.7904 24.3766 4
    endloop
  endfacet
  facet normal 0.978033 0.208449 0
    outer loop
      vertex 16.7764 24.5915 4.71
      vertex 16.7342 24.7895 4
      vertex 16.7342 24.7895 4.71
    endloop
  endfacet
  facet normal 0.978033 0.208449 0
    outer loop
      vertex 16.7342 24.7895 4
      vertex 16.7764 24.5915 4.71
      vertex 16.7764 24.5915 4
    endloop
  endfacet
  facet normal 0.932053 0.362322 0
    outer loop
      vertex 16.7342 24.7895 4.71
      vertex 16.6638 24.9706 4
      vertex 16.6638 24.9706 4.71
    endloop
  endfacet
  facet normal 0.932053 0.362322 0
    outer loop
      vertex 16.6638 24.9706 4
      vertex 16.7342 24.7895 4.71
      vertex 16.7342 24.7895 4
    endloop
  endfacet
  facet normal 0.857677 0.514189 0
    outer loop
      vertex 16.6638 24.9706 4.71
      vertex 16.5653 25.1349 4
      vertex 16.5653 25.1349 4.71
    endloop
  endfacet
  facet normal 0.857677 0.514189 0
    outer loop
      vertex 16.5653 25.1349 4
      vertex 16.6638 24.9706 4.71
      vertex 16.6638 24.9706 4
    endloop
  endfacet
  facet normal 0.758602 0.651554 0
    outer loop
      vertex 16.5653 25.1349 4.71
      vertex 16.4387 25.2823 4
      vertex 16.4387 25.2823 4.71
    endloop
  endfacet
  facet normal 0.758602 0.651554 0
    outer loop
      vertex 16.4387 25.2823 4
      vertex 16.5653 25.1349 4.71
      vertex 16.5653 25.1349 4
    endloop
  endfacet
  facet normal 0.639732 0.768598 -0
    outer loop
      vertex 16.4387 25.2823 4
      vertex 16.2884 25.4074 4.71
      vertex 16.4387 25.2823 4.71
    endloop
  endfacet
  facet normal 0.639732 0.768598 0
    outer loop
      vertex 16.2884 25.4074 4.71
      vertex 16.4387 25.2823 4
      vertex 16.2884 25.4074 4
    endloop
  endfacet
  facet normal 0.497625 0.867392 -0
    outer loop
      vertex 16.2884 25.4074 4
      vertex 16.1188 25.5047 4.71
      vertex 16.2884 25.4074 4.71
    endloop
  endfacet
  facet normal 0.497625 0.867392 0
    outer loop
      vertex 16.1188 25.5047 4.71
      vertex 16.2884 25.4074 4
      vertex 16.1188 25.5047 4
    endloop
  endfacet
  facet normal 0.345291 0.938496 -0
    outer loop
      vertex 16.1188 25.5047 4
      vertex 15.9299 25.5742 4.71
      vertex 16.1188 25.5047 4.71
    endloop
  endfacet
  facet normal 0.345291 0.938496 0
    outer loop
      vertex 15.9299 25.5742 4.71
      vertex 16.1188 25.5047 4
      vertex 15.9299 25.5742 4
    endloop
  endfacet
  facet normal 0.196116 0.980581 -0
    outer loop
      vertex 15.9299 25.5742 4
      vertex 15.7219 25.6158 4.71
      vertex 15.9299 25.5742 4.71
    endloop
  endfacet
  facet normal 0.196116 0.980581 0
    outer loop
      vertex 15.7219 25.6158 4.71
      vertex 15.9299 25.5742 4
      vertex 15.7219 25.6158 4
    endloop
  endfacet
  facet normal 0.0610119 0.998137 -0
    outer loop
      vertex 15.7219 25.6158 4
      vertex 15.4945 25.6297 4.71
      vertex 15.7219 25.6158 4.71
    endloop
  endfacet
  facet normal 0.0610119 0.998137 0
    outer loop
      vertex 15.4945 25.6297 4.71
      vertex 15.7219 25.6158 4
      vertex 15.4945 25.6297 4
    endloop
  endfacet
  facet normal -0.053133 0.998587 0
    outer loop
      vertex 15.4945 25.6297 4
      vertex 15.3028 25.6195 4.71
      vertex 15.4945 25.6297 4.71
    endloop
  endfacet
  facet normal -0.053133 0.998587 0
    outer loop
      vertex 15.3028 25.6195 4.71
      vertex 15.4945 25.6297 4
      vertex 15.3028 25.6195 4
    endloop
  endfacet
  facet normal -0.169852 0.98547 0
    outer loop
      vertex 15.3028 25.6195 4
      vertex 15.1241 25.5887 4.71
      vertex 15.3028 25.6195 4.71
    endloop
  endfacet
  facet normal -0.169852 0.98547 0
    outer loop
      vertex 15.1241 25.5887 4.71
      vertex 15.3028 25.6195 4
      vertex 15.1241 25.5887 4
    endloop
  endfacet
  facet normal -0.295058 0.955479 0
    outer loop
      vertex 15.1241 25.5887 4
      vertex 14.9583 25.5375 4.71
      vertex 15.1241 25.5887 4.71
    endloop
  endfacet
  facet normal -0.295058 0.955479 0
    outer loop
      vertex 14.9583 25.5375 4.71
      vertex 15.1241 25.5887 4
      vertex 14.9583 25.5375 4
    endloop
  endfacet
  facet normal -0.425284 0.90506 0
    outer loop
      vertex 14.9583 25.5375 4
      vertex 14.8055 25.4657 4.71
      vertex 14.9583 25.5375 4.71
    endloop
  endfacet
  facet normal -0.425284 0.90506 0
    outer loop
      vertex 14.8055 25.4657 4.71
      vertex 14.9583 25.5375 4
      vertex 14.8055 25.4657 4
    endloop
  endfacet
  facet normal -0.550975 0.834522 0
    outer loop
      vertex 14.8055 25.4657 4
      vertex 14.6657 25.3734 4.71
      vertex 14.8055 25.4657 4.71
    endloop
  endfacet
  facet normal -0.550975 0.834522 0
    outer loop
      vertex 14.6657 25.3734 4.71
      vertex 14.8055 25.4657 4
      vertex 14.6657 25.3734 4
    endloop
  endfacet
  facet normal 0.998181 -0.0602891 0
    outer loop
      vertex 14.6657 25.3734 4.71
      vertex 14.7426 26.6466 4
      vertex 14.7426 26.6466 4.71
    endloop
  endfacet
  facet normal 0.998181 -0.0602891 0
    outer loop
      vertex 14.7426 26.6466 4
      vertex 14.6657 25.3734 4.71
      vertex 14.6657 25.3734 4
    endloop
  endfacet
  facet normal 0 -1 0
    outer loop
      vertex 14.7426 26.6466 4
      vertex 16.5569 26.6466 4.71
      vertex 14.7426 26.6466 4.71
    endloop
  endfacet
  facet normal 0 -1 -0
    outer loop
      vertex 16.5569 26.6466 4.71
      vertex 14.7426 26.6466 4
      vertex 16.5569 26.6466 4
    endloop
  endfacet
  facet normal 1 -0 0
    outer loop
      vertex 16.5569 26.6466 4.71
      vertex 16.5569 27.0823 4
      vertex 16.5569 27.0823 4.71
    endloop
  endfacet
  facet normal 1 0 0
    outer loop
      vertex 16.5569 27.0823 4
      vertex 16.5569 26.6466 4.71
      vertex 16.5569 26.6466 4
    endloop
  endfacet
  facet normal 0 1 -0
    outer loop
      vertex 16.5569 27.0823 4
      vertex 14.2755 27.0823 4.71
      vertex 16.5569 27.0823 4.71
    endloop
  endfacet
  facet normal 0 1 0
    outer loop
      vertex 14.2755 27.0823 4.71
      vertex 16.5569 27.0823 4
      vertex 14.2755 27.0823 4
    endloop
  endfacet
  facet normal -0.998085 0.0618573 0
    outer loop
      vertex 14.1417 24.9234 4
      vertex 14.2755 27.0823 4.71
      vertex 14.2755 27.0823 4
    endloop
  endfacet
  facet normal -0.998085 0.0618573 0
    outer loop
      vertex 14.2755 27.0823 4.71
      vertex 14.1417 24.9234 4
      vertex 14.1417 24.9234 4.71
    endloop
  endfacet
  facet normal 0 -1 0
    outer loop
      vertex 14.1417 24.9234 4
      vertex 14.6429 24.9234 4.71
      vertex 14.1417 24.9234 4.71
    endloop
  endfacet
  facet normal 0 -1 -0
    outer loop
      vertex 14.6429 24.9234 4.71
      vertex 14.1417 24.9234 4
      vertex 14.6429 24.9234 4
    endloop
  endfacet
  facet normal 0.635519 -0.772085 0
    outer loop
      vertex 14.6429 24.9234 4
      vertex 14.7147 24.9825 4.71
      vertex 14.6429 24.9234 4.71
    endloop
  endfacet
  facet normal 0.635519 -0.772085 0
    outer loop
      vertex 14.7147 24.9825 4.71
      vertex 14.6429 24.9234 4
      vertex 14.7147 24.9825 4
    endloop
  endfacet
  facet normal 0.584334 -0.811513 0
    outer loop
      vertex 14.7147 24.9825 4
      vertex 14.7865 25.0342 4.71
      vertex 14.7147 24.9825 4.71
    endloop
  endfacet
  facet normal 0.584334 -0.811513 0
    outer loop
      vertex 14.7865 25.0342 4.71
      vertex 14.7147 24.9825 4
      vertex 14.7865 25.0342 4
    endloop
  endfacet
  facet normal 0.526477 -0.850189 0
    outer loop
      vertex 14.7865 25.0342 4
      vertex 14.8582 25.0786 4.71
      vertex 14.7865 25.0342 4.71
    endloop
  endfacet
  facet normal 0.526477 -0.850189 0
    outer loop
      vertex 14.8582 25.0786 4.71
      vertex 14.7865 25.0342 4
      vertex 14.8582 25.0786 4
    endloop
  endfacet
  facet normal 0.459053 -0.888409 0
    outer loop
      vertex 14.8582 25.0786 4
      vertex 14.93 25.1157 4.71
      vertex 14.8582 25.0786 4.71
    endloop
  endfacet
  facet normal 0.459053 -0.888409 0
    outer loop
      vertex 14.93 25.1157 4.71
      vertex 14.8582 25.0786 4
      vertex 14.93 25.1157 4
    endloop
  endfacet
  facet normal 0.384433 -0.923153 0
    outer loop
      vertex 14.93 25.1157 4
      vertex 15.0018 25.1456 4.71
      vertex 14.93 25.1157 4.71
    endloop
  endfacet
  facet normal 0.384433 -0.923153 0
    outer loop
      vertex 15.0018 25.1456 4.71
      vertex 14.93 25.1157 4
      vertex 15.0018 25.1456 4
    endloop
  endfacet
  facet normal 0.307994 -0.951388 0
    outer loop
      vertex 15.0018 25.1456 4
      vertex 15.0747 25.1692 4.71
      vertex 15.0018 25.1456 4.71
    endloop
  endfacet
  facet normal 0.307994 -0.951388 0
    outer loop
      vertex 15.0747 25.1692 4.71
      vertex 15.0018 25.1456 4
      vertex 15.0747 25.1692 4
    endloop
  endfacet
  facet normal 0.23645 -0.971644 0
    outer loop
      vertex 15.0747 25.1692 4
      vertex 15.1499 25.1875 4.71
      vertex 15.0747 25.1692 4.71
    endloop
  endfacet
  facet normal 0.23645 -0.971644 0
    outer loop
      vertex 15.1499 25.1875 4.71
      vertex 15.0747 25.1692 4
      vertex 15.1499 25.1875 4
    endloop
  endfacet
  facet normal 0.166668 -0.986013 0
    outer loop
      vertex 15.1499 25.1875 4
      vertex 15.2274 25.2006 4.71
      vertex 15.1499 25.1875 4.71
    endloop
  endfacet
  facet normal 0.166668 -0.986013 0
    outer loop
      vertex 15.2274 25.2006 4.71
      vertex 15.1499 25.1875 4
      vertex 15.2274 25.2006 4
    endloop
  endfacet
  facet normal 0.0986383 -0.995123 0
    outer loop
      vertex 15.2274 25.2006 4
      vertex 15.3071 25.2085 4.71
      vertex 15.2274 25.2006 4.71
    endloop
  endfacet
  facet normal 0.0986383 -0.995123 0
    outer loop
      vertex 15.3071 25.2085 4.71
      vertex 15.2274 25.2006 4
      vertex 15.3071 25.2085 4
    endloop
  endfacet
  facet normal 0.0316528 -0.999499 0
    outer loop
      vertex 15.3071 25.2085 4
      vertex 15.3892 25.2111 4.71
      vertex 15.3071 25.2085 4.71
    endloop
  endfacet
  facet normal 0.0316528 -0.999499 0
    outer loop
      vertex 15.3892 25.2111 4.71
      vertex 15.3071 25.2085 4
      vertex 15.3892 25.2111 4
    endloop
  endfacet
  facet normal -0.0607119 -0.998155 0
    outer loop
      vertex 15.3892 25.2111 4
      vertex 15.5421 25.2018 4.71
      vertex 15.3892 25.2111 4.71
    endloop
  endfacet
  facet normal -0.0607119 -0.998155 -0
    outer loop
      vertex 15.5421 25.2018 4.71
      vertex 15.3892 25.2111 4
      vertex 15.5421 25.2018 4
    endloop
  endfacet
  facet normal -0.19706 -0.980391 0
    outer loop
      vertex 15.5421 25.2018 4
      vertex 15.6819 25.1737 4.71
      vertex 15.5421 25.2018 4.71
    endloop
  endfacet
  facet normal -0.19706 -0.980391 -0
    outer loop
      vertex 15.6819 25.1737 4.71
      vertex 15.5421 25.2018 4
      vertex 15.6819 25.1737 4
    endloop
  endfacet
  facet normal -0.345602 -0.938381 0
    outer loop
      vertex 15.6819 25.1737 4
      vertex 15.8087 25.127 4.71
      vertex 15.6819 25.1737 4.71
    endloop
  endfacet
  facet normal -0.345602 -0.938381 -0
    outer loop
      vertex 15.8087 25.127 4.71
      vertex 15.6819 25.1737 4
      vertex 15.8087 25.127 4
    endloop
  endfacet
  facet normal -0.49893 -0.866642 0
    outer loop
      vertex 15.8087 25.127 4
      vertex 15.9223 25.0616 4.71
      vertex 15.8087 25.127 4.71
    endloop
  endfacet
  facet normal -0.49893 -0.866642 -0
    outer loop
      vertex 15.9223 25.0616 4.71
      vertex 15.8087 25.127 4
      vertex 15.9223 25.0616 4
    endloop
  endfacet
  facet normal -0.64131 -0.767282 0
    outer loop
      vertex 15.9223 25.0616 4
      vertex 16.0228 24.9776 4.71
      vertex 15.9223 25.0616 4.71
    endloop
  endfacet
  facet normal -0.64131 -0.767282 -0
    outer loop
      vertex 16.0228 24.9776 4.71
      vertex 15.9223 25.0616 4
      vertex 16.0228 24.9776 4
    endloop
  endfacet
  facet normal -0.760823 -0.64896 0
    outer loop
      vertex 16.1075 24.8783 4
      vertex 16.0228 24.9776 4.71
      vertex 16.0228 24.9776 4
    endloop
  endfacet
  facet normal -0.760823 -0.64896 0
    outer loop
      vertex 16.0228 24.9776 4.71
      vertex 16.1075 24.8783 4
      vertex 16.1075 24.8783 4.71
    endloop
  endfacet
  facet normal -0.860153 -0.510036 0
    outer loop
      vertex 16.1732 24.7675 4
      vertex 16.1075 24.8783 4.71
      vertex 16.1075 24.8783 4
    endloop
  endfacet
  facet normal -0.860153 -0.510036 0
    outer loop
      vertex 16.1075 24.8783 4.71
      vertex 16.1732 24.7675 4
      vertex 16.1732 24.7675 4.71
    endloop
  endfacet
  facet normal -0.93364 -0.358213 0
    outer loop
      vertex 16.2202 24.645 4
      vertex 16.1732 24.7675 4.71
      vertex 16.1732 24.7675 4
    endloop
  endfacet
  facet normal -0.93364 -0.358213 0
    outer loop
      vertex 16.1732 24.7675 4.71
      vertex 16.2202 24.645 4
      vertex 16.2202 24.645 4.71
    endloop
  endfacet
  facet normal -0.978596 -0.20579 0
    outer loop
      vertex 16.2484 24.5109 4
      vertex 16.2202 24.645 4.71
      vertex 16.2202 24.645 4
    endloop
  endfacet
  facet normal -0.978596 -0.20579 0
    outer loop
      vertex 16.2202 24.645 4.71
      vertex 16.2484 24.5109 4
      vertex 16.2484 24.5109 4.71
    endloop
  endfacet
  facet normal -0.997925 -0.0643823 0
    outer loop
      vertex 16.2578 24.3652 4
      vertex 16.2484 24.5109 4.71
      vertex 16.2484 24.5109 4
    endloop
  endfacet
  facet normal -0.997925 -0.0643823 0
    outer loop
      vertex 16.2484 24.5109 4.71
      vertex 16.2578 24.3652 4
      vertex 16.2578 24.3652 4.71
    endloop
  endfacet
  facet normal -0.998449 0.0556689 0
    outer loop
      vertex 16.2485 24.1984 4
      vertex 16.2578 24.3652 4.71
      vertex 16.2578 24.3652 4
    endloop
  endfacet
  facet normal -0.998449 0.0556689 0
    outer loop
      vertex 16.2578 24.3652 4.71
      vertex 16.2485 24.1984 4
      vertex 16.2485 24.1984 4.71
    endloop
  endfacet
  facet normal -0.983453 0.181162 0
    outer loop
      vertex 16.2205 24.0464 4
      vertex 16.2485 24.1984 4.71
      vertex 16.2485 24.1984 4
    endloop
  endfacet
  facet normal -0.983453 0.181162 0
    outer loop
      vertex 16.2485 24.1984 4.71
      vertex 16.2205 24.0464 4
      vertex 16.2205 24.0464 4.71
    endloop
  endfacet
  facet normal -0.94652 0.322646 0
    outer loop
      vertex 16.1738 23.9094 4
      vertex 16.2205 24.0464 4.71
      vertex 16.2205 24.0464 4
    endloop
  endfacet
  facet normal -0.94652 0.322646 0
    outer loop
      vertex 16.2205 24.0464 4.71
      vertex 16.1738 23.9094 4
      vertex 16.1738 23.9094 4.71
    endloop
  endfacet
  facet normal -0.881351 0.472462 0
    outer loop
      vertex 16.1084 23.7874 4
      vertex 16.1738 23.9094 4.71
      vertex 16.1738 23.9094 4
    endloop
  endfacet
  facet normal -0.881351 0.472462 0
    outer loop
      vertex 16.1738 23.9094 4.71
      vertex 16.1084 23.7874 4
      vertex 16.1084 23.7874 4.71
    endloop
  endfacet
  facet normal -0.786777 0.617238 0
    outer loop
      vertex 16.0243 23.6802 4
      vertex 16.1084 23.7874 4.71
      vertex 16.1084 23.7874 4
    endloop
  endfacet
  facet normal -0.786777 0.617238 0
    outer loop
      vertex 16.1084 23.7874 4.71
      vertex 16.0243 23.6802 4
      vertex 16.0243 23.6802 4.71
    endloop
  endfacet
  facet normal -0.665514 0.746385 0
    outer loop
      vertex 16.0243 23.6802 4
      vertex 15.9237 23.5905 4.71
      vertex 16.0243 23.6802 4.71
    endloop
  endfacet
  facet normal -0.665514 0.746385 0
    outer loop
      vertex 15.9237 23.5905 4.71
      vertex 16.0243 23.6802 4
      vertex 15.9237 23.5905 4
    endloop
  endfacet
  facet normal -0.518862 0.854858 0
    outer loop
      vertex 15.9237 23.5905 4
      vertex 15.8087 23.5207 4.71
      vertex 15.9237 23.5905 4.71
    endloop
  endfacet
  facet normal -0.518862 0.854858 0
    outer loop
      vertex 15.8087 23.5207 4.71
      vertex 15.9237 23.5905 4
      vertex 15.8087 23.5207 4
    endloop
  endfacet
  facet normal -0.359414 0.933178 0
    outer loop
      vertex 15.8087 23.5207 4
      vertex 15.6794 23.4709 4.71
      vertex 15.8087 23.5207 4.71
    endloop
  endfacet
  facet normal -0.359414 0.933178 0
    outer loop
      vertex 15.6794 23.4709 4.71
      vertex 15.8087 23.5207 4
      vertex 15.6794 23.4709 4
    endloop
  endfacet
  facet normal -0.203845 0.979003 0
    outer loop
      vertex 15.6794 23.4709 4
      vertex 15.5358 23.441 4.71
      vertex 15.6794 23.4709 4.71
    endloop
  endfacet
  facet normal -0.203845 0.979003 0
    outer loop
      vertex 15.5358 23.441 4.71
      vertex 15.6794 23.4709 4
      vertex 15.5358 23.441 4
    endloop
  endfacet
  facet normal -0.0631648 0.998003 0
    outer loop
      vertex 15.5358 23.441 4
      vertex 15.3778 23.431 4.71
      vertex 15.5358 23.441 4.71
    endloop
  endfacet
  facet normal -0.0631648 0.998003 0
    outer loop
      vertex 15.3778 23.431 4.71
      vertex 15.5358 23.441 4
      vertex 15.3778 23.431 4
    endloop
  endfacet
  facet normal 0.0953384 0.995445 -0
    outer loop
      vertex 15.3778 23.431 4
      vertex 15.1293 23.4548 4.71
      vertex 15.3778 23.431 4.71
    endloop
  endfacet
  facet normal 0.0953384 0.995445 0
    outer loop
      vertex 15.1293 23.4548 4.71
      vertex 15.3778 23.431 4
      vertex 15.1293 23.4548 4
    endloop
  endfacet
  facet normal 0.3255 0.945542 -0
    outer loop
      vertex 15.1293 23.4548 4
      vertex 14.9216 23.5263 4.71
      vertex 15.1293 23.4548 4.71
    endloop
  endfacet
  facet normal 0.3255 0.945542 0
    outer loop
      vertex 14.9216 23.5263 4.71
      vertex 15.1293 23.4548 4
      vertex 14.9216 23.5263 4
    endloop
  endfacet
  facet normal 0.580546 0.814228 -0
    outer loop
      vertex 14.9216 23.5263 4
      vertex 14.7547 23.6453 4.71
      vertex 14.9216 23.5263 4.71
    endloop
  endfacet
  facet normal 0.580546 0.814228 0
    outer loop
      vertex 14.7547 23.6453 4.71
      vertex 14.9216 23.5263 4
      vertex 14.7547 23.6453 4
    endloop
  endfacet
  facet normal 0.797525 0.603286 0
    outer loop
      vertex 14.7547 23.6453 4.71
      vertex 14.6286 23.812 4
      vertex 14.6286 23.812 4.71
    endloop
  endfacet
  facet normal 0.797525 0.603286 0
    outer loop
      vertex 14.6286 23.812 4
      vertex 14.7547 23.6453 4.71
      vertex 14.7547 23.6453 4
    endloop
  endfacet
  facet normal 0.929103 0.36982 0
    outer loop
      vertex 14.6286 23.812 4.71
      vertex 14.5433 24.0263 4
      vertex 14.5433 24.0263 4.71
    endloop
  endfacet
  facet normal 0.929103 0.36982 0
    outer loop
      vertex 14.5433 24.0263 4
      vertex 14.6286 23.812 4.71
      vertex 14.6286 23.812 4
    endloop
  endfacet
  facet normal -0.114595 0.993412 0
    outer loop
      vertex 14.5433 24.0263 4
      vertex 14.0249 23.9665 4.71
      vertex 14.5433 24.0263 4.71
    endloop
  endfacet
  facet normal -0.114595 0.993412 0
    outer loop
      vertex 14.0249 23.9665 4.71
      vertex 14.5433 24.0263 4
      vertex 14.0249 23.9665 4
    endloop
  endfacet
  facet normal -0.967011 -0.254735 0
    outer loop
      vertex 14.0715 23.7896 4
      vertex 14.0249 23.9665 4.71
      vertex 14.0249 23.9665 4
    endloop
  endfacet
  facet normal -0.967011 -0.254735 0
    outer loop
      vertex 14.0249 23.9665 4.71
      vertex 14.0715 23.7896 4
      vertex 14.0715 23.7896 4.71
    endloop
  endfacet
  facet normal -0.922081 -0.386996 0
    outer loop
      vertex 14.1384 23.6302 4
      vertex 14.0715 23.7896 4.71
      vertex 14.0715 23.7896 4
    endloop
  endfacet
  facet normal -0.922081 -0.386996 0
    outer loop
      vertex 14.0715 23.7896 4.71
      vertex 14.1384 23.6302 4
      vertex 14.1384 23.6302 4.71
    endloop
  endfacet
  facet normal -0.852091 -0.523393 0
    outer loop
      vertex 14.2255 23.4884 4
      vertex 14.1384 23.6302 4.71
      vertex 14.1384 23.6302 4
    endloop
  endfacet
  facet normal -0.852091 -0.523393 0
    outer loop
      vertex 14.1384 23.6302 4.71
      vertex 14.2255 23.4884 4
      vertex 14.2255 23.4884 4.71
    endloop
  endfacet
  facet normal -0.756371 -0.654143 0
    outer loop
      vertex 14.333 23.3641 4
      vertex 14.2255 23.4884 4.71
      vertex 14.2255 23.4884 4
    endloop
  endfacet
  facet normal -0.756371 -0.654143 0
    outer loop
      vertex 14.2255 23.4884 4.71
      vertex 14.333 23.3641 4
      vertex 14.333 23.3641 4.71
    endloop
  endfacet
  facet normal -0.641542 -0.767088 0
    outer loop
      vertex 14.333 23.3641 4
      vertex 14.4607 23.2573 4.71
      vertex 14.333 23.3641 4.71
    endloop
  endfacet
  facet normal -0.641542 -0.767088 -0
    outer loop
      vertex 14.4607 23.2573 4.71
      vertex 14.333 23.3641 4
      vertex 14.4607 23.2573 4
    endloop
  endfacet
  facet normal -0.515785 -0.856718 0
    outer loop
      vertex 14.4607 23.2573 4
      vertex 14.6072 23.1691 4.71
      vertex 14.4607 23.2573 4.71
    endloop
  endfacet
  facet normal -0.515785 -0.856718 -0
    outer loop
      vertex 14.6072 23.1691 4.71
      vertex 14.4607 23.2573 4
      vertex 14.6072 23.1691 4
    endloop
  endfacet
  facet normal -0.385815 -0.922576 0
    outer loop
      vertex 14.6072 23.1691 4
      vertex 14.771 23.1006 4.71
      vertex 14.6072 23.1691 4.71
    endloop
  endfacet
  facet normal -0.385815 -0.922576 -0
    outer loop
      vertex 14.771 23.1006 4.71
      vertex 14.6072 23.1691 4
      vertex 14.771 23.1006 4
    endloop
  endfacet
  facet normal -0.261178 -0.965291 0
    outer loop
      vertex 14.771 23.1006 4
      vertex 14.9521 23.0516 4.71
      vertex 14.771 23.1006 4.71
    endloop
  endfacet
  facet normal -0.261178 -0.965291 -0
    outer loop
      vertex 14.9521 23.0516 4.71
      vertex 14.771 23.1006 4
      vertex 14.9521 23.0516 4
    endloop
  endfacet
  facet normal -0.146513 -0.989209 0
    outer loop
      vertex 14.9521 23.0516 4
      vertex 15.1506 23.0222 4.71
      vertex 14.9521 23.0516 4.71
    endloop
  endfacet
  facet normal -0.146513 -0.989209 -0
    outer loop
      vertex 15.1506 23.0222 4.71
      vertex 14.9521 23.0516 4
      vertex 15.1506 23.0222 4
    endloop
  endfacet
  facet normal -0.0453867 -0.998969 0
    outer loop
      vertex 15.1506 23.0222 4
      vertex 15.3663 23.0124 4.71
      vertex 15.1506 23.0222 4.71
    endloop
  endfacet
  facet normal -0.0453867 -0.998969 -0
    outer loop
      vertex 15.3663 23.0124 4.71
      vertex 15.1506 23.0222 4
      vertex 15.3663 23.0124 4
    endloop
  endfacet
  facet normal 0.056528 -0.998401 0
    outer loop
      vertex 15.3663 23.0124 4
      vertex 15.6224 23.0269 4.71
      vertex 15.3663 23.0124 4.71
    endloop
  endfacet
  facet normal 0.056528 -0.998401 0
    outer loop
      vertex 15.6224 23.0269 4.71
      vertex 15.3663 23.0124 4
      vertex 15.6224 23.0269 4
    endloop
  endfacet
  facet normal 0 1 -0
    outer loop
      vertex 13.2966 23.6931 4
      vertex 12.7413 23.6931 4.71
      vertex 13.2966 23.6931 4.71
    endloop
  endfacet
  facet normal 0 1 0
    outer loop
      vertex 12.7413 23.6931 4.71
      vertex 13.2966 23.6931 4
      vertex 12.7413 23.6931 4
    endloop
  endfacet
  facet normal -1 0 0
    outer loop
      vertex 12.7413 23.0693 4
      vertex 12.7413 23.6931 4.71
      vertex 12.7413 23.6931 4
    endloop
  endfacet
  facet normal -1 -0 0
    outer loop
      vertex 12.7413 23.6931 4.71
      vertex 12.7413 23.0693 4
      vertex 12.7413 23.0693 4.71
    endloop
  endfacet
  facet normal 0 -1 0
    outer loop
      vertex 12.7413 23.0693 4
      vertex 13.2966 23.0693 4.71
      vertex 12.7413 23.0693 4.71
    endloop
  endfacet
  facet normal 0 -1 -0
    outer loop
      vertex 13.2966 23.0693 4.71
      vertex 12.7413 23.0693 4
      vertex 13.2966 23.0693 4
    endloop
  endfacet
  facet normal 1 -0 0
    outer loop
      vertex 13.2966 23.0693 4.71
      vertex 13.2966 23.6931 4
      vertex 13.2966 23.6931 4.71
    endloop
  endfacet
  facet normal 1 0 0
    outer loop
      vertex 13.2966 23.6931 4
      vertex 13.2966 23.0693 4.71
      vertex 13.2966 23.0693 4
    endloop
  endfacet
  facet normal 1 -0 0
    outer loop
      vertex 86 33 4
      vertex 86 47 1.8
      vertex 86 47 4
    endloop
  endfacet
  facet normal 1 0 0
    outer loop
      vertex 86 47 1.8
      vertex 86 33 4
      vertex 86 33 1.8
    endloop
  endfacet
  facet normal 0 0 1
    outer loop
      vertex 86 47 4
      vertex 85 43.6 4
      vertex 86 33 4
    endloop
  endfacet
  facet normal 0 0 1
    outer loop
      vertex 86 47 4
      vertex 22 43.6 4
      vertex 85 43.6 4
    endloop
  endfacet
  facet normal -0 0 1
    outer loop
      vertex 14.4009 39.5915 4
      vertex 22 36.4 4
      vertex 22 43.6 4
    endloop
  endfacet
  facet normal 0 0 1
    outer loop
      vertex 22 36.4 4
      vertex 14.4009 39.5915 4
      vertex 14.415 39.3766 4
    endloop
  endfacet
  facet normal 0 0 1
    outer loop
      vertex 22 43.6 4
      vertex 14.3587 39.7895 4
      vertex 14.4009 39.5915 4
    endloop
  endfacet
  facet normal -0 0 1
    outer loop
      vertex 14.1814 41.6466 4
      vertex 14.3587 39.7895 4
      vertex 22 43.6 4
    endloop
  endfacet
  facet normal 0 0 1
    outer loop
      vertex 14.3587 39.7895 4
      vertex 14.1814 41.6466 4
      vertex 14.2884 39.9706 4
    endloop
  endfacet
  facet normal 0 0 1
    outer loop
      vertex 14.1814 41.6466 4
      vertex 22 43.6 4
      vertex 14.1814 42.0823 4
    endloop
  endfacet
  facet normal 0 0 1
    outer loop
      vertex 2 47 4
      vertex 14.1814 42.0823 4
      vertex 22 43.6 4
    endloop
  endfacet
  facet normal 0 0 1
    outer loop
      vertex 2 47 4
      vertex 11.7663 39.9234 4
      vertex 11.9001 42.0823 4
    endloop
  endfacet
  facet normal 0 0 1
    outer loop
      vertex 11.7663 39.9234 4
      vertex 2 47 4
      vertex 11.6495 38.9665 4
    endloop
  endfacet
  facet normal 0 0 1
    outer loop
      vertex 14.1814 42.0823 4
      vertex 2 47 4
      vertex 11.9001 42.0823 4
    endloop
  endfacet
  facet normal -0 0 1
    outer loop
      vertex 2 47 4
      vertex 22 43.6 4
      vertex 86 47 4
    endloop
  endfacet
  facet normal -0 0 1
    outer loop
      vertex 85 36.4 4
      vertex 86 33 4
      vertex 85 43.6 4
    endloop
  endfacet
  facet normal -0 0 1
    outer loop
      vertex 22 36.4 4
      vertex 86 33 4
      vertex 85 36.4 4
    endloop
  endfacet
  facet normal -0 0 1
    outer loop
      vertex 14.3999 39.1334 4
      vertex 22 36.4 4
      vertex 14.415 39.3766 4
    endloop
  endfacet
  facet normal -0 0 1
    outer loop
      vertex 14.3546 38.9118 4
      vertex 22 36.4 4
      vertex 14.3999 39.1334 4
    endloop
  endfacet
  facet normal -0 0 1
    outer loop
      vertex 14.2791 38.7119 4
      vertex 22 36.4 4
      vertex 14.3546 38.9118 4
    endloop
  endfacet
  facet normal -0 0 1
    outer loop
      vertex 14.1735 38.5336 4
      vertex 22 36.4 4
      vertex 14.2791 38.7119 4
    endloop
  endfacet
  facet normal -0 0 1
    outer loop
      vertex 14.0376 38.3769 4
      vertex 22 36.4 4
      vertex 14.1735 38.5336 4
    endloop
  endfacet
  facet normal -0 0 1
    outer loop
      vertex 13.875 38.2457 4
      vertex 22 36.4 4
      vertex 14.0376 38.3769 4
    endloop
  endfacet
  facet normal -0 0 1
    outer loop
      vertex 13.689 38.1436 4
      vertex 22 36.4 4
      vertex 13.875 38.2457 4
    endloop
  endfacet
  facet normal -0 0 1
    outer loop
      vertex 13.4796 38.0707 4
      vertex 22 36.4 4
      vertex 13.689 38.1436 4
    endloop
  endfacet
  facet normal -0 0 1
    outer loop
      vertex 13.2469 38.0269 4
      vertex 22 36.4 4
      vertex 13.4796 38.0707 4
    endloop
  endfacet
  facet normal 0 0 1
    outer loop
      vertex 2 33 4
      vertex 13.2469 38.0269 4
      vertex 12.9909 38.0124 4
    endloop
  endfacet
  facet normal 0 0 1
    outer loop
      vertex 2 33 4
      vertex 12.9909 38.0124 4
      vertex 12.7751 38.0222 4
    endloop
  endfacet
  facet normal 0 0 1
    outer loop
      vertex 2 33 4
      vertex 12.7751 38.0222 4
      vertex 12.5767 38.0516 4
    endloop
  endfacet
  facet normal 0 0 1
    outer loop
      vertex 2 33 4
      vertex 11.6495 38.9665 4
      vertex 2 47 4
    endloop
  endfacet
  facet normal 0 0 1
    outer loop
      vertex 11.6495 38.9665 4
      vertex 2 33 4
      vertex 11.6961 38.7896 4
    endloop
  endfacet
  facet normal 0 0 1
    outer loop
      vertex 11.6961 38.7896 4
      vertex 2 33 4
      vertex 11.763 38.6302 4
    endloop
  endfacet
  facet normal 0 0 1
    outer loop
      vertex 11.763 38.6302 4
      vertex 2 33 4
      vertex 11.8501 38.4884 4
    endloop
  endfacet
  facet normal 0 0 1
    outer loop
      vertex 22 36.4 4
      vertex 2 33 4
      vertex 86 33 4
    endloop
  endfacet
  facet normal 0 0 1
    outer loop
      vertex 13.2469 38.0269 4
      vertex 2 33 4
      vertex 22 36.4 4
    endloop
  endfacet
  facet normal 0 0 1
    outer loop
      vertex 12.3956 38.1006 4
      vertex 2 33 4
      vertex 12.5767 38.0516 4
    endloop
  endfacet
  facet normal 0 0 1
    outer loop
      vertex 12.2317 38.1691 4
      vertex 2 33 4
      vertex 12.3956 38.1006 4
    endloop
  endfacet
  facet normal 0 0 1
    outer loop
      vertex 12.0852 38.2573 4
      vertex 2 33 4
      vertex 12.2317 38.1691 4
    endloop
  endfacet
  facet normal 0 0 1
    outer loop
      vertex 11.9575 38.3641 4
      vertex 2 33 4
      vertex 12.0852 38.2573 4
    endloop
  endfacet
  facet normal 0 0 1
    outer loop
      vertex 11.8501 38.4884 4
      vertex 2 33 4
      vertex 11.9575 38.3641 4
    endloop
  endfacet
  facet normal 0 0 1
    outer loop
      vertex 14.2884 39.9706 4
      vertex 14.1814 41.6466 4
      vertex 14.1899 40.1349 4
    endloop
  endfacet
  facet normal 0 0 1
    outer loop
      vertex 14.1814 41.6466 4
      vertex 14.0632 40.2823 4
      vertex 14.1899 40.1349 4
    endloop
  endfacet
  facet normal 0 0 1
    outer loop
      vertex 14.1814 41.6466 4
      vertex 13.9129 40.4074 4
      vertex 14.0632 40.2823 4
    endloop
  endfacet
  facet normal 0 0 1
    outer loop
      vertex 14.1814 41.6466 4
      vertex 13.7433 40.5047 4
      vertex 13.9129 40.4074 4
    endloop
  endfacet
  facet normal 0 0 1
    outer loop
      vertex 14.1814 41.6466 4
      vertex 13.5545 40.5742 4
      vertex 13.7433 40.5047 4
    endloop
  endfacet
  facet normal 0 0 1
    outer loop
      vertex 14.1814 41.6466 4
      vertex 13.3464 40.6158 4
      vertex 13.5545 40.5742 4
    endloop
  endfacet
  facet normal 0 0 1
    outer loop
      vertex 14.1814 41.6466 4
      vertex 13.1191 40.6297 4
      vertex 13.3464 40.6158 4
    endloop
  endfacet
  facet normal -0 0 1
    outer loop
      vertex 12.3672 41.6466 4
      vertex 13.1191 40.6297 4
      vertex 14.1814 41.6466 4
    endloop
  endfacet
  facet normal 0 0 1
    outer loop
      vertex 13.1191 40.6297 4
      vertex 12.3672 41.6466 4
      vertex 12.9274 40.6195 4
    endloop
  endfacet
  facet normal 0 0 1
    outer loop
      vertex 12.9274 40.6195 4
      vertex 12.3672 41.6466 4
      vertex 12.7486 40.5887 4
    endloop
  endfacet
  facet normal 0 0 1
    outer loop
      vertex 12.7486 40.5887 4
      vertex 12.3672 41.6466 4
      vertex 12.5829 40.5375 4
    endloop
  endfacet
  facet normal 0 0 1
    outer loop
      vertex 12.5829 40.5375 4
      vertex 12.3672 41.6466 4
      vertex 12.4301 40.4657 4
    endloop
  endfacet
  facet normal 0 0 1
    outer loop
      vertex 12.4301 40.4657 4
      vertex 12.3672 41.6466 4
      vertex 12.2903 40.3734 4
    endloop
  endfacet
  facet normal 0 0 1
    outer loop
      vertex 13.1667 40.2018 4
      vertex 13.8824 39.3652 4
      vertex 13.873 39.5109 4
    endloop
  endfacet
  facet normal 0 0 1
    outer loop
      vertex 13.8824 39.3652 4
      vertex 13.0137 40.2111 4
      vertex 13.8731 39.1984 4
    endloop
  endfacet
  facet normal 0 0 1
    outer loop
      vertex 13.3065 40.1737 4
      vertex 13.873 39.5109 4
      vertex 13.8448 39.645 4
    endloop
  endfacet
  facet normal -0 0 1
    outer loop
      vertex 12.9317 40.2085 4
      vertex 13.8731 39.1984 4
      vertex 13.0137 40.2111 4
    endloop
  endfacet
  facet normal 0 0 1
    outer loop
      vertex 13.3065 40.1737 4
      vertex 13.8448 39.645 4
      vertex 13.7978 39.7675 4
    endloop
  endfacet
  facet normal 0 0 1
    outer loop
      vertex 13.8824 39.3652 4
      vertex 13.1667 40.2018 4
      vertex 13.0137 40.2111 4
    endloop
  endfacet
  facet normal 0 0 1
    outer loop
      vertex 13.3065 40.1737 4
      vertex 13.7978 39.7675 4
      vertex 13.732 39.8783 4
    endloop
  endfacet
  facet normal 0 0 1
    outer loop
      vertex 13.8731 39.1984 4
      vertex 13.0023 38.431 4
      vertex 13.845 39.0464 4
    endloop
  endfacet
  facet normal 0 0 1
    outer loop
      vertex 13.3065 40.1737 4
      vertex 13.732 39.8783 4
      vertex 13.6474 39.9776 4
    endloop
  endfacet
  facet normal 0 -0 1
    outer loop
      vertex 13.1603 38.441 4
      vertex 13.845 39.0464 4
      vertex 13.0023 38.431 4
    endloop
  endfacet
  facet normal 0 0 1
    outer loop
      vertex 13.3065 40.1737 4
      vertex 13.6474 39.9776 4
      vertex 13.5469 40.0616 4
    endloop
  endfacet
  facet normal 0 0 1
    outer loop
      vertex 13.873 39.5109 4
      vertex 13.3065 40.1737 4
      vertex 13.1667 40.2018 4
    endloop
  endfacet
  facet normal 0 0 1
    outer loop
      vertex 13.3065 40.1737 4
      vertex 13.5469 40.0616 4
      vertex 13.4332 40.127 4
    endloop
  endfacet
  facet normal 0 0 1
    outer loop
      vertex 13.7983 38.9094 4
      vertex 13.304 38.4709 4
      vertex 13.7329 38.7874 4
    endloop
  endfacet
  facet normal 0 0 1
    outer loop
      vertex 13.7329 38.7874 4
      vertex 13.304 38.4709 4
      vertex 13.6488 38.6802 4
    endloop
  endfacet
  facet normal 0 0 1
    outer loop
      vertex 13.5482 38.5905 4
      vertex 13.304 38.4709 4
      vertex 13.4333 38.5207 4
    endloop
  endfacet
  facet normal 0 0 1
    outer loop
      vertex 13.6488 38.6802 4
      vertex 13.304 38.4709 4
      vertex 13.5482 38.5905 4
    endloop
  endfacet
  facet normal 0 -0 1
    outer loop
      vertex 13.304 38.4709 4
      vertex 13.7983 38.9094 4
      vertex 13.1603 38.441 4
    endloop
  endfacet
  facet normal 0 0 1
    outer loop
      vertex 13.845 39.0464 4
      vertex 13.1603 38.441 4
      vertex 13.7983 38.9094 4
    endloop
  endfacet
  facet normal 0 0 1
    outer loop
      vertex 12.1678 39.0263 4
      vertex 13.8731 39.1984 4
      vertex 12.9317 40.2085 4
    endloop
  endfacet
  facet normal 0 0 1
    outer loop
      vertex 12.1678 39.0263 4
      vertex 12.9317 40.2085 4
      vertex 12.852 40.2006 4
    endloop
  endfacet
  facet normal 0 0 1
    outer loop
      vertex 12.1678 39.0263 4
      vertex 12.852 40.2006 4
      vertex 12.7745 40.1875 4
    endloop
  endfacet
  facet normal 0 0 1
    outer loop
      vertex 13.8731 39.1984 4
      vertex 12.1678 39.0263 4
      vertex 13.0023 38.431 4
    endloop
  endfacet
  facet normal 0 0 1
    outer loop
      vertex 12.1678 39.0263 4
      vertex 12.7745 40.1875 4
      vertex 12.6993 40.1692 4
    endloop
  endfacet
  facet normal 0 0 1
    outer loop
      vertex 12.1678 39.0263 4
      vertex 12.6993 40.1692 4
      vertex 12.6264 40.1456 4
    endloop
  endfacet
  facet normal 0 0 1
    outer loop
      vertex 12.1678 39.0263 4
      vertex 12.6264 40.1456 4
      vertex 12.5546 40.1157 4
    endloop
  endfacet
  facet normal 0 0 1
    outer loop
      vertex 13.0023 38.431 4
      vertex 12.1678 39.0263 4
      vertex 12.7539 38.4548 4
    endloop
  endfacet
  facet normal 0 0 1
    outer loop
      vertex 12.1678 39.0263 4
      vertex 12.5546 40.1157 4
      vertex 12.4828 40.0786 4
    endloop
  endfacet
  facet normal 0 0 1
    outer loop
      vertex 12.1678 39.0263 4
      vertex 12.4828 40.0786 4
      vertex 12.4111 40.0342 4
    endloop
  endfacet
  facet normal -0 -0 1
    outer loop
      vertex 12.2532 38.812 4
      vertex 12.7539 38.4548 4
      vertex 12.1678 39.0263 4
    endloop
  endfacet
  facet normal 0 0 1
    outer loop
      vertex 12.1678 39.0263 4
      vertex 12.4111 40.0342 4
      vertex 12.3393 39.9825 4
    endloop
  endfacet
  facet normal 0 0 1
    outer loop
      vertex 12.1678 39.0263 4
      vertex 12.3393 39.9825 4
      vertex 12.2675 39.9234 4
    endloop
  endfacet
  facet normal 0 0 1
    outer loop
      vertex 12.7539 38.4548 4
      vertex 12.2532 38.812 4
      vertex 12.5462 38.5263 4
    endloop
  endfacet
  facet normal 0 0 1
    outer loop
      vertex 12.5462 38.5263 4
      vertex 12.2532 38.812 4
      vertex 12.3793 38.6453 4
    endloop
  endfacet
  facet normal -0 0 1
    outer loop
      vertex 11.7663 39.9234 4
      vertex 12.1678 39.0263 4
      vertex 12.2675 39.9234 4
    endloop
  endfacet
  facet normal 0 0 1
    outer loop
      vertex 12.1678 39.0263 4
      vertex 11.7663 39.9234 4
      vertex 11.6495 38.9665 4
    endloop
  endfacet
  facet normal -1 0 0
    outer loop
      vertex 2 33 1.8
      vertex 2 47 4
      vertex 2 47 1.8
    endloop
  endfacet
  facet normal -1 -0 0
    outer loop
      vertex 2 47 4
      vertex 2 33 1.8
      vertex 2 33 4
    endloop
  endfacet
  facet normal 0 1 -0
    outer loop
      vertex 86 47 1.8
      vertex 2 47 4
      vertex 86 47 4
    endloop
  endfacet
  facet normal 0 1 0
    outer loop
      vertex 2 47 4
      vertex 86 47 1.8
      vertex 2 47 1.8
    endloop
  endfacet
  facet normal 0 -1 0
    outer loop
      vertex 2 33 1.8
      vertex 86 33 4
      vertex 2 33 4
    endloop
  endfacet
  facet normal 0 -1 -0
    outer loop
      vertex 86 33 4
      vertex 2 33 1.8
      vertex 86 33 1.8
    endloop
  endfacet
  facet normal -1 0 0
    outer loop
      vertex 85 36.4 2.4
      vertex 85 43.6 4
      vertex 85 43.6 2.4
    endloop
  endfacet
  facet normal -1 -0 0
    outer loop
      vertex 85 43.6 4
      vertex 85 36.4 2.4
      vertex 85 36.4 4
    endloop
  endfacet
  facet normal 0 0 1
    outer loop
      vertex 85 43.6 2.4
      vertex 84.2 39.8 2.4
      vertex 85 36.4 2.4
    endloop
  endfacet
  facet normal 0 0 1
    outer loop
      vertex 85 43.6 2.4
      vertex 83 39.8 2.4
      vertex 84.2 39.8 2.4
    endloop
  endfacet
  facet normal -0 0 1
    outer loop
      vertex 81.7 40.2 2.4
      vertex 83 39.8 2.4
      vertex 81.7 43.4 2.4
    endloop
  endfacet
  facet normal 0 0 1
    outer loop
      vertex 85 43.6 2.4
      vertex 81.7 43.4 2.4
      vertex 83 39.8 2.4
    endloop
  endfacet
  facet normal 0 0 1
    outer loop
      vertex 85 43.6 2.4
      vertex 80.5 43.4 2.4
      vertex 81.7 43.4 2.4
    endloop
  endfacet
  facet normal 0 0 1
    outer loop
      vertex 80.5 43.4 2.4
      vertex 79.2 39.8 2.4
      vertex 80.5 40.2 2.4
    endloop
  endfacet
  facet normal 0 0 1
    outer loop
      vertex 80.5 43.4 2.4
      vertex 78 39.8 2.4
      vertex 79.2 39.8 2.4
    endloop
  endfacet
  facet normal -0 0 1
    outer loop
      vertex 76.7 40.2 2.4
      vertex 78 39.8 2.4
      vertex 76.7 43.4 2.4
    endloop
  endfacet
  facet normal 0 0 1
    outer loop
      vertex 80.5 43.4 2.4
      vertex 76.7 43.4 2.4
      vertex 78 39.8 2.4
    endloop
  endfacet
  facet normal 0 0 1
    outer loop
      vertex 85 43.6 2.4
      vertex 76.7 43.4 2.4
      vertex 80.5 43.4 2.4
    endloop
  endfacet
  facet normal 0 0 1
    outer loop
      vertex 85 43.6 2.4
      vertex 75.5 43.4 2.4
      vertex 76.7 43.4 2.4
    endloop
  endfacet
  facet normal 0 0 1
    outer loop
      vertex 75.5 43.4 2.4
      vertex 74.2 39.8 2.4
      vertex 75.5 40.2 2.4
    endloop
  endfacet
  facet normal 0 0 1
    outer loop
      vertex 75.5 43.4 2.4
      vertex 73 39.8 2.4
      vertex 74.2 39.8 2.4
    endloop
  endfacet
  facet normal -0 0 1
    outer loop
      vertex 71.7 40.2 2.4
      vertex 73 39.8 2.4
      vertex 71.7 43.4 2.4
    endloop
  endfacet
  facet normal 0 0 1
    outer loop
      vertex 75.5 43.4 2.4
      vertex 71.7 43.4 2.4
      vertex 73 39.8 2.4
    endloop
  endfacet
  facet normal 0 0 1
    outer loop
      vertex 85 43.6 2.4
      vertex 71.7 43.4 2.4
      vertex 75.5 43.4 2.4
    endloop
  endfacet
  facet normal 0 0 1
    outer loop
      vertex 85 43.6 2.4
      vertex 70.5 43.4 2.4
      vertex 71.7 43.4 2.4
    endloop
  endfacet
  facet normal 0 0 1
    outer loop
      vertex 70.5 43.4 2.4
      vertex 69.2 39.8 2.4
      vertex 70.5 40.2 2.4
    endloop
  endfacet
  facet normal 0 0 1
    outer loop
      vertex 70.5 43.4 2.4
      vertex 68 39.8 2.4
      vertex 69.2 39.8 2.4
    endloop
  endfacet
  facet normal -0 0 1
    outer loop
      vertex 66.7 40.2 2.4
      vertex 68 39.8 2.4
      vertex 66.7 43.4 2.4
    endloop
  endfacet
  facet normal 0 0 1
    outer loop
      vertex 70.5 43.4 2.4
      vertex 66.7 43.4 2.4
      vertex 68 39.8 2.4
    endloop
  endfacet
  facet normal 0 0 1
    outer loop
      vertex 85 43.6 2.4
      vertex 66.7 43.4 2.4
      vertex 70.5 43.4 2.4
    endloop
  endfacet
  facet normal 0 0 1
    outer loop
      vertex 85 43.6 2.4
      vertex 65.5 43.4 2.4
      vertex 66.7 43.4 2.4
    endloop
  endfacet
  facet normal 0 0 1
    outer loop
      vertex 65.5 43.4 2.4
      vertex 64.2 39.8 2.4
      vertex 65.5 40.2 2.4
    endloop
  endfacet
  facet normal 0 0 1
    outer loop
      vertex 65.5 43.4 2.4
      vertex 63 39.8 2.4
      vertex 64.2 39.8 2.4
    endloop
  endfacet
  facet normal -0 0 1
    outer loop
      vertex 61.7 40.2 2.4
      vertex 63 39.8 2.4
      vertex 61.7 43.4 2.4
    endloop
  endfacet
  facet normal 0 0 1
    outer loop
      vertex 65.5 43.4 2.4
      vertex 61.7 43.4 2.4
      vertex 63 39.8 2.4
    endloop
  endfacet
  facet normal 0 0 1
    outer loop
      vertex 85 43.6 2.4
      vertex 61.7 43.4 2.4
      vertex 65.5 43.4 2.4
    endloop
  endfacet
  facet normal 0 0 1
    outer loop
      vertex 85 43.6 2.4
      vertex 60.5 43.4 2.4
      vertex 61.7 43.4 2.4
    endloop
  endfacet
  facet normal 0 0 1
    outer loop
      vertex 60.5 43.4 2.4
      vertex 59.2 39.8 2.4
      vertex 60.5 40.2 2.4
    endloop
  endfacet
  facet normal 0 0 1
    outer loop
      vertex 60.5 43.4 2.4
      vertex 58 39.8 2.4
      vertex 59.2 39.8 2.4
    endloop
  endfacet
  facet normal -0 0 1
    outer loop
      vertex 56.7 40.2 2.4
      vertex 58 39.8 2.4
      vertex 56.7 43.4 2.4
    endloop
  endfacet
  facet normal 0 0 1
    outer loop
      vertex 60.5 43.4 2.4
      vertex 56.7 43.4 2.4
      vertex 58 39.8 2.4
    endloop
  endfacet
  facet normal 0 0 1
    outer loop
      vertex 85 43.6 2.4
      vertex 56.7 43.4 2.4
      vertex 60.5 43.4 2.4
    endloop
  endfacet
  facet normal 0 0 1
    outer loop
      vertex 85 43.6 2.4
      vertex 55.5 43.4 2.4
      vertex 56.7 43.4 2.4
    endloop
  endfacet
  facet normal 0 0 1
    outer loop
      vertex 55.5 43.4 2.4
      vertex 54.2 39.8 2.4
      vertex 55.5 40.2 2.4
    endloop
  endfacet
  facet normal 0 0 1
    outer loop
      vertex 55.5 43.4 2.4
      vertex 53 39.8 2.4
      vertex 54.2 39.8 2.4
    endloop
  endfacet
  facet normal -0 0 1
    outer loop
      vertex 51.7 40.2 2.4
      vertex 53 39.8 2.4
      vertex 51.7 43.4 2.4
    endloop
  endfacet
  facet normal 0 0 1
    outer loop
      vertex 55.5 43.4 2.4
      vertex 51.7 43.4 2.4
      vertex 53 39.8 2.4
    endloop
  endfacet
  facet normal 0 0 1
    outer loop
      vertex 85 43.6 2.4
      vertex 51.7 43.4 2.4
      vertex 55.5 43.4 2.4
    endloop
  endfacet
  facet normal 0 0 1
    outer loop
      vertex 85 43.6 2.4
      vertex 50.5 43.4 2.4
      vertex 51.7 43.4 2.4
    endloop
  endfacet
  facet normal 0 0 1
    outer loop
      vertex 50.5 43.4 2.4
      vertex 49.2 39.8 2.4
      vertex 50.5 40.2 2.4
    endloop
  endfacet
  facet normal 0 0 1
    outer loop
      vertex 50.5 43.4 2.4
      vertex 48 39.8 2.4
      vertex 49.2 39.8 2.4
    endloop
  endfacet
  facet normal -0 0 1
    outer loop
      vertex 46.7 40.2 2.4
      vertex 48 39.8 2.4
      vertex 46.7 43.4 2.4
    endloop
  endfacet
  facet normal 0 0 1
    outer loop
      vertex 50.5 43.4 2.4
      vertex 46.7 43.4 2.4
      vertex 48 39.8 2.4
    endloop
  endfacet
  facet normal 0 0 1
    outer loop
      vertex 85 43.6 2.4
      vertex 46.7 43.4 2.4
      vertex 50.5 43.4 2.4
    endloop
  endfacet
  facet normal 0 0 1
    outer loop
      vertex 85 43.6 2.4
      vertex 45.5 43.4 2.4
      vertex 46.7 43.4 2.4
    endloop
  endfacet
  facet normal 0 0 1
    outer loop
      vertex 45.5 43.4 2.4
      vertex 44.2 39.8 2.4
      vertex 45.5 40.2 2.4
    endloop
  endfacet
  facet normal 0 0 1
    outer loop
      vertex 45.5 43.4 2.4
      vertex 43 39.8 2.4
      vertex 44.2 39.8 2.4
    endloop
  endfacet
  facet normal -0 0 1
    outer loop
      vertex 41.7 40.2 2.4
      vertex 43 39.8 2.4
      vertex 41.7 43.4 2.4
    endloop
  endfacet
  facet normal 0 0 1
    outer loop
      vertex 45.5 43.4 2.4
      vertex 41.7 43.4 2.4
      vertex 43 39.8 2.4
    endloop
  endfacet
  facet normal 0 0 1
    outer loop
      vertex 85 43.6 2.4
      vertex 41.7 43.4 2.4
      vertex 45.5 43.4 2.4
    endloop
  endfacet
  facet normal 0 0 1
    outer loop
      vertex 85 43.6 2.4
      vertex 40.5 43.4 2.4
      vertex 41.7 43.4 2.4
    endloop
  endfacet
  facet normal 0 0 1
    outer loop
      vertex 40.5 43.4 2.4
      vertex 39.2 39.8 2.4
      vertex 40.5 40.2 2.4
    endloop
  endfacet
  facet normal 0 0 1
    outer loop
      vertex 40.5 43.4 2.4
      vertex 38 39.8 2.4
      vertex 39.2 39.8 2.4
    endloop
  endfacet
  facet normal -0 0 1
    outer loop
      vertex 36.7 40.2 2.4
      vertex 38 39.8 2.4
      vertex 36.7 43.4 2.4
    endloop
  endfacet
  facet normal 0 0 1
    outer loop
      vertex 40.5 43.4 2.4
      vertex 36.7 43.4 2.4
      vertex 38 39.8 2.4
    endloop
  endfacet
  facet normal 0 0 1
    outer loop
      vertex 85 43.6 2.4
      vertex 36.7 43.4 2.4
      vertex 40.5 43.4 2.4
    endloop
  endfacet
  facet normal -0 0 1
    outer loop
      vertex 22 43.6 2.4
      vertex 36.7 43.4 2.4
      vertex 85 43.6 2.4
    endloop
  endfacet
  facet normal 0 0 1
    outer loop
      vertex 35.5 43.4 2.4
      vertex 34.2 39.8 2.4
      vertex 35.5 40.2 2.4
    endloop
  endfacet
  facet normal 0 0 1
    outer loop
      vertex 35.5 43.4 2.4
      vertex 33 39.8 2.4
      vertex 34.2 39.8 2.4
    endloop
  endfacet
  facet normal -0 0 1
    outer loop
      vertex 31.7 40.2 2.4
      vertex 33 39.8 2.4
      vertex 31.7 43.4 2.4
    endloop
  endfacet
  facet normal 0 0 1
    outer loop
      vertex 35.5 43.4 2.4
      vertex 31.7 43.4 2.4
      vertex 33 39.8 2.4
    endloop
  endfacet
  facet normal 0 0 1
    outer loop
      vertex 36.7 43.4 2.4
      vertex 22 43.6 2.4
      vertex 35.5 43.4 2.4
    endloop
  endfacet
  facet normal 0 0 1
    outer loop
      vertex 35.5 43.4 2.4
      vertex 22 43.6 2.4
      vertex 31.7 43.4 2.4
    endloop
  endfacet
  facet normal 0 0 1
    outer loop
      vertex 30.5 43.4 2.4
      vertex 29.2 39.8 2.4
      vertex 30.5 40.2 2.4
    endloop
  endfacet
  facet normal 0 0 1
    outer loop
      vertex 30.5 43.4 2.4
      vertex 28 39.8 2.4
      vertex 29.2 39.8 2.4
    endloop
  endfacet
  facet normal -0 0 1
    outer loop
      vertex 26.7 40.2 2.4
      vertex 28 39.8 2.4
      vertex 26.7 43.4 2.4
    endloop
  endfacet
  facet normal 0 0 1
    outer loop
      vertex 30.5 43.4 2.4
      vertex 26.7 43.4 2.4
      vertex 28 39.8 2.4
    endloop
  endfacet
  facet normal 0 0 1
    outer loop
      vertex 31.7 43.4 2.4
      vertex 22 43.6 2.4
      vertex 30.5 43.4 2.4
    endloop
  endfacet
  facet normal 0 0 1
    outer loop
      vertex 30.5 43.4 2.4
      vertex 22 43.6 2.4
      vertex 26.7 43.4 2.4
    endloop
  endfacet
  facet normal 0 0 1
    outer loop
      vertex 25.5 43.4 2.4
      vertex 24.2 39.8 2.4
      vertex 25.5 40.2 2.4
    endloop
  endfacet
  facet normal 0 0 1
    outer loop
      vertex 22 43.6 2.4
      vertex 24.2 39.8 2.4
      vertex 25.5 43.4 2.4
    endloop
  endfacet
  facet normal 0 0 1
    outer loop
      vertex 22 36.4 2.4
      vertex 23 39.8 2.4
      vertex 22 43.6 2.4
    endloop
  endfacet
  facet normal 0 0 1
    outer loop
      vertex 24.2 39.8 2.4
      vertex 22 43.6 2.4
      vertex 23 39.8 2.4
    endloop
  endfacet
  facet normal 0 0 1
    outer loop
      vertex 26.7 43.4 2.4
      vertex 22 43.6 2.4
      vertex 25.5 43.4 2.4
    endloop
  endfacet
  facet normal -0 0 1
    outer loop
      vertex 84.2 36.6 2.4
      vertex 85 36.4 2.4
      vertex 84.2 39.8 2.4
    endloop
  endfacet
  facet normal -0 0 1
    outer loop
      vertex 83 36.6 2.4
      vertex 85 36.4 2.4
      vertex 84.2 36.6 2.4
    endloop
  endfacet
  facet normal 0 0 1
    outer loop
      vertex 83 39.8 2.4
      vertex 81.7 40.2 2.4
      vertex 83 36.6 2.4
    endloop
  endfacet
  facet normal -0 0 1
    outer loop
      vertex 80.5 40.2 2.4
      vertex 83 36.6 2.4
      vertex 81.7 40.2 2.4
    endloop
  endfacet
  facet normal 0 0 1
    outer loop
      vertex 79.2 36.6 2.4
      vertex 80.5 40.2 2.4
      vertex 79.2 39.8 2.4
    endloop
  endfacet
  facet normal 0 0 1
    outer loop
      vertex 80.5 40.2 2.4
      vertex 79.2 36.6 2.4
      vertex 83 36.6 2.4
    endloop
  endfacet
  facet normal -0 0 1
    outer loop
      vertex 79.2 36.6 2.4
      vertex 85 36.4 2.4
      vertex 83 36.6 2.4
    endloop
  endfacet
  facet normal -0 0 1
    outer loop
      vertex 78 36.6 2.4
      vertex 85 36.4 2.4
      vertex 79.2 36.6 2.4
    endloop
  endfacet
  facet normal 0 0 1
    outer loop
      vertex 78 39.8 2.4
      vertex 76.7 40.2 2.4
      vertex 78 36.6 2.4
    endloop
  endfacet
  facet normal -0 0 1
    outer loop
      vertex 75.5 40.2 2.4
      vertex 78 36.6 2.4
      vertex 76.7 40.2 2.4
    endloop
  endfacet
  facet normal 0 0 1
    outer loop
      vertex 74.2 36.6 2.4
      vertex 75.5 40.2 2.4
      vertex 74.2 39.8 2.4
    endloop
  endfacet
  facet normal 0 0 1
    outer loop
      vertex 75.5 40.2 2.4
      vertex 74.2 36.6 2.4
      vertex 78 36.6 2.4
    endloop
  endfacet
  facet normal -0 0 1
    outer loop
      vertex 74.2 36.6 2.4
      vertex 85 36.4 2.4
      vertex 78 36.6 2.4
    endloop
  endfacet
  facet normal -0 0 1
    outer loop
      vertex 73 36.6 2.4
      vertex 85 36.4 2.4
      vertex 74.2 36.6 2.4
    endloop
  endfacet
  facet normal 0 0 1
    outer loop
      vertex 73 39.8 2.4
      vertex 71.7 40.2 2.4
      vertex 73 36.6 2.4
    endloop
  endfacet
  facet normal -0 0 1
    outer loop
      vertex 70.5 40.2 2.4
      vertex 73 36.6 2.4
      vertex 71.7 40.2 2.4
    endloop
  endfacet
  facet normal 0 0 1
    outer loop
      vertex 69.2 36.6 2.4
      vertex 70.5 40.2 2.4
      vertex 69.2 39.8 2.4
    endloop
  endfacet
  facet normal 0 0 1
    outer loop
      vertex 70.5 40.2 2.4
      vertex 69.2 36.6 2.4
      vertex 73 36.6 2.4
    endloop
  endfacet
  facet normal -0 0 1
    outer loop
      vertex 69.2 36.6 2.4
      vertex 85 36.4 2.4
      vertex 73 36.6 2.4
    endloop
  endfacet
  facet normal -0 0 1
    outer loop
      vertex 68 36.6 2.4
      vertex 85 36.4 2.4
      vertex 69.2 36.6 2.4
    endloop
  endfacet
  facet normal 0 0 1
    outer loop
      vertex 68 39.8 2.4
      vertex 66.7 40.2 2.4
      vertex 68 36.6 2.4
    endloop
  endfacet
  facet normal -0 0 1
    outer loop
      vertex 65.5 40.2 2.4
      vertex 68 36.6 2.4
      vertex 66.7 40.2 2.4
    endloop
  endfacet
  facet normal 0 0 1
    outer loop
      vertex 64.2 36.6 2.4
      vertex 65.5 40.2 2.4
      vertex 64.2 39.8 2.4
    endloop
  endfacet
  facet normal 0 0 1
    outer loop
      vertex 65.5 40.2 2.4
      vertex 64.2 36.6 2.4
      vertex 68 36.6 2.4
    endloop
  endfacet
  facet normal -0 0 1
    outer loop
      vertex 64.2 36.6 2.4
      vertex 85 36.4 2.4
      vertex 68 36.6 2.4
    endloop
  endfacet
  facet normal -0 0 1
    outer loop
      vertex 63 36.6 2.4
      vertex 85 36.4 2.4
      vertex 64.2 36.6 2.4
    endloop
  endfacet
  facet normal 0 0 1
    outer loop
      vertex 63 39.8 2.4
      vertex 61.7 40.2 2.4
      vertex 63 36.6 2.4
    endloop
  endfacet
  facet normal -0 0 1
    outer loop
      vertex 60.5 40.2 2.4
      vertex 63 36.6 2.4
      vertex 61.7 40.2 2.4
    endloop
  endfacet
  facet normal 0 0 1
    outer loop
      vertex 59.2 36.6 2.4
      vertex 60.5 40.2 2.4
      vertex 59.2 39.8 2.4
    endloop
  endfacet
  facet normal 0 0 1
    outer loop
      vertex 60.5 40.2 2.4
      vertex 59.2 36.6 2.4
      vertex 63 36.6 2.4
    endloop
  endfacet
  facet normal -0 0 1
    outer loop
      vertex 59.2 36.6 2.4
      vertex 85 36.4 2.4
      vertex 63 36.6 2.4
    endloop
  endfacet
  facet normal -0 0 1
    outer loop
      vertex 58 36.6 2.4
      vertex 85 36.4 2.4
      vertex 59.2 36.6 2.4
    endloop
  endfacet
  facet normal 0 0 1
    outer loop
      vertex 58 39.8 2.4
      vertex 56.7 40.2 2.4
      vertex 58 36.6 2.4
    endloop
  endfacet
  facet normal -0 0 1
    outer loop
      vertex 55.5 40.2 2.4
      vertex 58 36.6 2.4
      vertex 56.7 40.2 2.4
    endloop
  endfacet
  facet normal 0 0 1
    outer loop
      vertex 54.2 36.6 2.4
      vertex 55.5 40.2 2.4
      vertex 54.2 39.8 2.4
    endloop
  endfacet
  facet normal 0 0 1
    outer loop
      vertex 55.5 40.2 2.4
      vertex 54.2 36.6 2.4
      vertex 58 36.6 2.4
    endloop
  endfacet
  facet normal -0 0 1
    outer loop
      vertex 54.2 36.6 2.4
      vertex 85 36.4 2.4
      vertex 58 36.6 2.4
    endloop
  endfacet
  facet normal -0 0 1
    outer loop
      vertex 53 36.6 2.4
      vertex 85 36.4 2.4
      vertex 54.2 36.6 2.4
    endloop
  endfacet
  facet normal 0 0 1
    outer loop
      vertex 53 39.8 2.4
      vertex 51.7 40.2 2.4
      vertex 53 36.6 2.4
    endloop
  endfacet
  facet normal -0 0 1
    outer loop
      vertex 50.5 40.2 2.4
      vertex 53 36.6 2.4
      vertex 51.7 40.2 2.4
    endloop
  endfacet
  facet normal 0 0 1
    outer loop
      vertex 49.2 36.6 2.4
      vertex 50.5 40.2 2.4
      vertex 49.2 39.8 2.4
    endloop
  endfacet
  facet normal 0 0 1
    outer loop
      vertex 50.5 40.2 2.4
      vertex 49.2 36.6 2.4
      vertex 53 36.6 2.4
    endloop
  endfacet
  facet normal -0 0 1
    outer loop
      vertex 49.2 36.6 2.4
      vertex 85 36.4 2.4
      vertex 53 36.6 2.4
    endloop
  endfacet
  facet normal -0 0 1
    outer loop
      vertex 48 36.6 2.4
      vertex 85 36.4 2.4
      vertex 49.2 36.6 2.4
    endloop
  endfacet
  facet normal 0 0 1
    outer loop
      vertex 48 39.8 2.4
      vertex 46.7 40.2 2.4
      vertex 48 36.6 2.4
    endloop
  endfacet
  facet normal -0 0 1
    outer loop
      vertex 45.5 40.2 2.4
      vertex 48 36.6 2.4
      vertex 46.7 40.2 2.4
    endloop
  endfacet
  facet normal 0 0 1
    outer loop
      vertex 44.2 36.6 2.4
      vertex 45.5 40.2 2.4
      vertex 44.2 39.8 2.4
    endloop
  endfacet
  facet normal 0 0 1
    outer loop
      vertex 45.5 40.2 2.4
      vertex 44.2 36.6 2.4
      vertex 48 36.6 2.4
    endloop
  endfacet
  facet normal -0 0 1
    outer loop
      vertex 44.2 36.6 2.4
      vertex 85 36.4 2.4
      vertex 48 36.6 2.4
    endloop
  endfacet
  facet normal -0 0 1
    outer loop
      vertex 43 36.6 2.4
      vertex 85 36.4 2.4
      vertex 44.2 36.6 2.4
    endloop
  endfacet
  facet normal 0 0 1
    outer loop
      vertex 43 39.8 2.4
      vertex 41.7 40.2 2.4
      vertex 43 36.6 2.4
    endloop
  endfacet
  facet normal -0 0 1
    outer loop
      vertex 40.5 40.2 2.4
      vertex 43 36.6 2.4
      vertex 41.7 40.2 2.4
    endloop
  endfacet
  facet normal 0 0 1
    outer loop
      vertex 39.2 36.6 2.4
      vertex 40.5 40.2 2.4
      vertex 39.2 39.8 2.4
    endloop
  endfacet
  facet normal 0 0 1
    outer loop
      vertex 40.5 40.2 2.4
      vertex 39.2 36.6 2.4
      vertex 43 36.6 2.4
    endloop
  endfacet
  facet normal -0 0 1
    outer loop
      vertex 39.2 36.6 2.4
      vertex 85 36.4 2.4
      vertex 43 36.6 2.4
    endloop
  endfacet
  facet normal -0 0 1
    outer loop
      vertex 38 36.6 2.4
      vertex 85 36.4 2.4
      vertex 39.2 36.6 2.4
    endloop
  endfacet
  facet normal 0 0 1
    outer loop
      vertex 38 39.8 2.4
      vertex 36.7 40.2 2.4
      vertex 38 36.6 2.4
    endloop
  endfacet
  facet normal -0 0 1
    outer loop
      vertex 35.5 40.2 2.4
      vertex 38 36.6 2.4
      vertex 36.7 40.2 2.4
    endloop
  endfacet
  facet normal 0 0 1
    outer loop
      vertex 34.2 36.6 2.4
      vertex 35.5 40.2 2.4
      vertex 34.2 39.8 2.4
    endloop
  endfacet
  facet normal 0 0 1
    outer loop
      vertex 35.5 40.2 2.4
      vertex 34.2 36.6 2.4
      vertex 38 36.6 2.4
    endloop
  endfacet
  facet normal 0 0 1
    outer loop
      vertex 22 36.4 2.4
      vertex 38 36.6 2.4
      vertex 34.2 36.6 2.4
    endloop
  endfacet
  facet normal 0 0 1
    outer loop
      vertex 22 36.4 2.4
      vertex 34.2 36.6 2.4
      vertex 33 36.6 2.4
    endloop
  endfacet
  facet normal 0 0 1
    outer loop
      vertex 33 39.8 2.4
      vertex 31.7 40.2 2.4
      vertex 33 36.6 2.4
    endloop
  endfacet
  facet normal -0 0 1
    outer loop
      vertex 30.5 40.2 2.4
      vertex 33 36.6 2.4
      vertex 31.7 40.2 2.4
    endloop
  endfacet
  facet normal 0 0 1
    outer loop
      vertex 29.2 36.6 2.4
      vertex 30.5 40.2 2.4
      vertex 29.2 39.8 2.4
    endloop
  endfacet
  facet normal 0 0 1
    outer loop
      vertex 30.5 40.2 2.4
      vertex 29.2 36.6 2.4
      vertex 33 36.6 2.4
    endloop
  endfacet
  facet normal 0 0 1
    outer loop
      vertex 22 36.4 2.4
      vertex 33 36.6 2.4
      vertex 29.2 36.6 2.4
    endloop
  endfacet
  facet normal 0 0 1
    outer loop
      vertex 22 36.4 2.4
      vertex 29.2 36.6 2.4
      vertex 28 36.6 2.4
    endloop
  endfacet
  facet normal 0 0 1
    outer loop
      vertex 28 39.8 2.4
      vertex 26.7 40.2 2.4
      vertex 28 36.6 2.4
    endloop
  endfacet
  facet normal -0 0 1
    outer loop
      vertex 25.5 40.2 2.4
      vertex 28 36.6 2.4
      vertex 26.7 40.2 2.4
    endloop
  endfacet
  facet normal 0 0 1
    outer loop
      vertex 24.2 36.6 2.4
      vertex 25.5 40.2 2.4
      vertex 24.2 39.8 2.4
    endloop
  endfacet
  facet normal 0 0 1
    outer loop
      vertex 25.5 40.2 2.4
      vertex 24.2 36.6 2.4
      vertex 28 36.6 2.4
    endloop
  endfacet
  facet normal 0 0 1
    outer loop
      vertex 22 36.4 2.4
      vertex 28 36.6 2.4
      vertex 24.2 36.6 2.4
    endloop
  endfacet
  facet normal 0 0 1
    outer loop
      vertex 22 36.4 2.4
      vertex 24.2 36.6 2.4
      vertex 23 36.6 2.4
    endloop
  endfacet
  facet normal 0 0 1
    outer loop
      vertex 38 36.6 2.4
      vertex 22 36.4 2.4
      vertex 85 36.4 2.4
    endloop
  endfacet
  facet normal 0 0 1
    outer loop
      vertex 23 39.8 2.4
      vertex 22 36.4 2.4
      vertex 23 36.6 2.4
    endloop
  endfacet
  facet normal 1 -0 0
    outer loop
      vertex 22 36.4 4
      vertex 22 43.6 2.4
      vertex 22 43.6 4
    endloop
  endfacet
  facet normal 1 0 0
    outer loop
      vertex 22 43.6 2.4
      vertex 22 36.4 4
      vertex 22 36.4 2.4
    endloop
  endfacet
  facet normal 0 -1 0
    outer loop
      vertex 22 43.6 2.4
      vertex 85 43.6 4
      vertex 22 43.6 4
    endloop
  endfacet
  facet normal 0 -1 -0
    outer loop
      vertex 85 43.6 4
      vertex 22 43.6 2.4
      vertex 85 43.6 2.4
    endloop
  endfacet
  facet normal 0 1 -0
    outer loop
      vertex 85 36.4 2.4
      vertex 22 36.4 4
      vertex 85 36.4 4
    endloop
  endfacet
  facet normal 0 1 0
    outer loop
      vertex 22 36.4 4
      vertex 85 36.4 2.4
      vertex 22 36.4 2.4
    endloop
  endfacet
  facet normal 1 -0 0
    outer loop
      vertex 24.2 36.6 3.6
      vertex 24.2 39.8 2.4
      vertex 24.2 39.8 3.6
    endloop
  endfacet
  facet normal 1 0 0
    outer loop
      vertex 24.2 39.8 2.4
      vertex 24.2 36.6 3.6
      vertex 24.2 36.6 2.4
    endloop
  endfacet
  facet normal -0 0 1
    outer loop
      vertex 23 39.8 3.6
      vertex 24.2 36.6 3.6
      vertex 24.2 39.8 3.6
    endloop
  endfacet
  facet normal 0 0 1
    outer loop
      vertex 24.2 36.6 3.6
      vertex 23 39.8 3.6
      vertex 23 36.6 3.6
    endloop
  endfacet
  facet normal -1 0 0
    outer loop
      vertex 23 36.6 2.4
      vertex 23 39.8 3.6
      vertex 23 39.8 2.4
    endloop
  endfacet
  facet normal -1 -0 0
    outer loop
      vertex 23 39.8 3.6
      vertex 23 36.6 2.4
      vertex 23 36.6 3.6
    endloop
  endfacet
  facet normal 0 1 -0
    outer loop
      vertex 24.2 39.8 2.4
      vertex 23 39.8 3.6
      vertex 24.2 39.8 3.6
    endloop
  endfacet
  facet normal 0 1 0
    outer loop
      vertex 23 39.8 3.6
      vertex 24.2 39.8 2.4
      vertex 23 39.8 2.4
    endloop
  endfacet
  facet normal 0 -1 0
    outer loop
      vertex 23 36.6 2.4
      vertex 24.2 36.6 3.6
      vertex 23 36.6 3.6
    endloop
  endfacet
  facet normal 0 -1 -0
    outer loop
      vertex 24.2 36.6 3.6
      vertex 23 36.6 2.4
      vertex 24.2 36.6 2.4
    endloop
  endfacet
  facet normal 1 -0 0
    outer loop
      vertex 26.7 40.2 3.6
      vertex 26.7 43.4 2.4
      vertex 26.7 43.4 3.6
    endloop
  endfacet
  facet normal 1 0 0
    outer loop
      vertex 26.7 43.4 2.4
      vertex 26.7 40.2 3.6
      vertex 26.7 40.2 2.4
    endloop
  endfacet
  facet normal -0 0 1
    outer loop
      vertex 25.5 43.4 3.6
      vertex 26.7 40.2 3.6
      vertex 26.7 43.4 3.6
    endloop
  endfacet
  facet normal 0 0 1
    outer loop
      vertex 26.7 40.2 3.6
      vertex 25.5 43.4 3.6
      vertex 25.5 40.2 3.6
    endloop
  endfacet
  facet normal -1 0 0
    outer loop
      vertex 25.5 40.2 2.4
      vertex 25.5 43.4 3.6
      vertex 25.5 43.4 2.4
    endloop
  endfacet
  facet normal -1 -0 0
    outer loop
      vertex 25.5 43.4 3.6
      vertex 25.5 40.2 2.4
      vertex 25.5 40.2 3.6
    endloop
  endfacet
  facet normal 0 1 -0
    outer loop
      vertex 26.7 43.4 2.4
      vertex 25.5 43.4 3.6
      vertex 26.7 43.4 3.6
    endloop
  endfacet
  facet normal 0 1 0
    outer loop
      vertex 25.5 43.4 3.6
      vertex 26.7 43.4 2.4
      vertex 25.5 43.4 2.4
    endloop
  endfacet
  facet normal 0 -1 0
    outer loop
      vertex 25.5 40.2 2.4
      vertex 26.7 40.2 3.6
      vertex 25.5 40.2 3.6
    endloop
  endfacet
  facet normal 0 -1 -0
    outer loop
      vertex 26.7 40.2 3.6
      vertex 25.5 40.2 2.4
      vertex 26.7 40.2 2.4
    endloop
  endfacet
  facet normal 1 -0 0
    outer loop
      vertex 29.2 36.6 3.6
      vertex 29.2 39.8 2.4
      vertex 29.2 39.8 3.6
    endloop
  endfacet
  facet normal 1 0 0
    outer loop
      vertex 29.2 39.8 2.4
      vertex 29.2 36.6 3.6
      vertex 29.2 36.6 2.4
    endloop
  endfacet
  facet normal -0 0 1
    outer loop
      vertex 28 39.8 3.6
      vertex 29.2 36.6 3.6
      vertex 29.2 39.8 3.6
    endloop
  endfacet
  facet normal 0 0 1
    outer loop
      vertex 29.2 36.6 3.6
      vertex 28 39.8 3.6
      vertex 28 36.6 3.6
    endloop
  endfacet
  facet normal -1 0 0
    outer loop
      vertex 28 36.6 2.4
      vertex 28 39.8 3.6
      vertex 28 39.8 2.4
    endloop
  endfacet
  facet normal -1 -0 0
    outer loop
      vertex 28 39.8 3.6
      vertex 28 36.6 2.4
      vertex 28 36.6 3.6
    endloop
  endfacet
  facet normal 0 1 -0
    outer loop
      vertex 29.2 39.8 2.4
      vertex 28 39.8 3.6
      vertex 29.2 39.8 3.6
    endloop
  endfacet
  facet normal 0 1 0
    outer loop
      vertex 28 39.8 3.6
      vertex 29.2 39.8 2.4
      vertex 28 39.8 2.4
    endloop
  endfacet
  facet normal 0 -1 0
    outer loop
      vertex 28 36.6 2.4
      vertex 29.2 36.6 3.6
      vertex 28 36.6 3.6
    endloop
  endfacet
  facet normal 0 -1 -0
    outer loop
      vertex 29.2 36.6 3.6
      vertex 28 36.6 2.4
      vertex 29.2 36.6 2.4
    endloop
  endfacet
  facet normal 1 -0 0
    outer loop
      vertex 31.7 40.2 3.6
      vertex 31.7 43.4 2.4
      vertex 31.7 43.4 3.6
    endloop
  endfacet
  facet normal 1 0 0
    outer loop
      vertex 31.7 43.4 2.4
      vertex 31.7 40.2 3.6
      vertex 31.7 40.2 2.4
    endloop
  endfacet
  facet normal -0 0 1
    outer loop
      vertex 30.5 43.4 3.6
      vertex 31.7 40.2 3.6
      vertex 31.7 43.4 3.6
    endloop
  endfacet
  facet normal 0 0 1
    outer loop
      vertex 31.7 40.2 3.6
      vertex 30.5 43.4 3.6
      vertex 30.5 40.2 3.6
    endloop
  endfacet
  facet normal -1 0 0
    outer loop
      vertex 30.5 40.2 2.4
      vertex 30.5 43.4 3.6
      vertex 30.5 43.4 2.4
    endloop
  endfacet
  facet normal -1 -0 0
    outer loop
      vertex 30.5 43.4 3.6
      vertex 30.5 40.2 2.4
      vertex 30.5 40.2 3.6
    endloop
  endfacet
  facet normal 0 1 -0
    outer loop
      vertex 31.7 43.4 2.4
      vertex 30.5 43.4 3.6
      vertex 31.7 43.4 3.6
    endloop
  endfacet
  facet normal 0 1 0
    outer loop
      vertex 30.5 43.4 3.6
      vertex 31.7 43.4 2.4
      vertex 30.5 43.4 2.4
    endloop
  endfacet
  facet normal 0 -1 0
    outer loop
      vertex 30.5 40.2 2.4
      vertex 31.7 40.2 3.6
      vertex 30.5 40.2 3.6
    endloop
  endfacet
  facet normal 0 -1 -0
    outer loop
      vertex 31.7 40.2 3.6
      vertex 30.5 40.2 2.4
      vertex 31.7 40.2 2.4
    endloop
  endfacet
  facet normal 1 -0 0
    outer loop
      vertex 34.2 36.6 3.6
      vertex 34.2 39.8 2.4
      vertex 34.2 39.8 3.6
    endloop
  endfacet
  facet normal 1 0 0
    outer loop
      vertex 34.2 39.8 2.4
      vertex 34.2 36.6 3.6
      vertex 34.2 36.6 2.4
    endloop
  endfacet
  facet normal -0 0 1
    outer loop
      vertex 33 39.8 3.6
      vertex 34.2 36.6 3.6
      vertex 34.2 39.8 3.6
    endloop
  endfacet
  facet normal 0 0 1
    outer loop
      vertex 34.2 36.6 3.6
      vertex 33 39.8 3.6
      vertex 33 36.6 3.6
    endloop
  endfacet
  facet normal -1 0 0
    outer loop
      vertex 33 36.6 2.4
      vertex 33 39.8 3.6
      vertex 33 39.8 2.4
    endloop
  endfacet
  facet normal -1 -0 0
    outer loop
      vertex 33 39.8 3.6
      vertex 33 36.6 2.4
      vertex 33 36.6 3.6
    endloop
  endfacet
  facet normal 0 1 -0
    outer loop
      vertex 34.2 39.8 2.4
      vertex 33 39.8 3.6
      vertex 34.2 39.8 3.6
    endloop
  endfacet
  facet normal 0 1 0
    outer loop
      vertex 33 39.8 3.6
      vertex 34.2 39.8 2.4
      vertex 33 39.8 2.4
    endloop
  endfacet
  facet normal 0 -1 0
    outer loop
      vertex 33 36.6 2.4
      vertex 34.2 36.6 3.6
      vertex 33 36.6 3.6
    endloop
  endfacet
  facet normal 0 -1 -0
    outer loop
      vertex 34.2 36.6 3.6
      vertex 33 36.6 2.4
      vertex 34.2 36.6 2.4
    endloop
  endfacet
  facet normal 1 -0 0
    outer loop
      vertex 36.7 40.2 3.6
      vertex 36.7 43.4 2.4
      vertex 36.7 43.4 3.6
    endloop
  endfacet
  facet normal 1 0 0
    outer loop
      vertex 36.7 43.4 2.4
      vertex 36.7 40.2 3.6
      vertex 36.7 40.2 2.4
    endloop
  endfacet
  facet normal -0 0 1
    outer loop
      vertex 35.5 43.4 3.6
      vertex 36.7 40.2 3.6
      vertex 36.7 43.4 3.6
    endloop
  endfacet
  facet normal 0 0 1
    outer loop
      vertex 36.7 40.2 3.6
      vertex 35.5 43.4 3.6
      vertex 35.5 40.2 3.6
    endloop
  endfacet
  facet normal -1 0 0
    outer loop
      vertex 35.5 40.2 2.4
      vertex 35.5 43.4 3.6
      vertex 35.5 43.4 2.4
    endloop
  endfacet
  facet normal -1 -0 0
    outer loop
      vertex 35.5 43.4 3.6
      vertex 35.5 40.2 2.4
      vertex 35.5 40.2 3.6
    endloop
  endfacet
  facet normal 0 1 -0
    outer loop
      vertex 36.7 43.4 2.4
      vertex 35.5 43.4 3.6
      vertex 36.7 43.4 3.6
    endloop
  endfacet
  facet normal 0 1 0
    outer loop
      vertex 35.5 43.4 3.6
      vertex 36.7 43.4 2.4
      vertex 35.5 43.4 2.4
    endloop
  endfacet
  facet normal 0 -1 0
    outer loop
      vertex 35.5 40.2 2.4
      vertex 36.7 40.2 3.6
      vertex 35.5 40.2 3.6
    endloop
  endfacet
  facet normal 0 -1 -0
    outer loop
      vertex 36.7 40.2 3.6
      vertex 35.5 40.2 2.4
      vertex 36.7 40.2 2.4
    endloop
  endfacet
  facet normal 1 -0 0
    outer loop
      vertex 39.2 36.6 3.6
      vertex 39.2 39.8 2.4
      vertex 39.2 39.8 3.6
    endloop
  endfacet
  facet normal 1 0 0
    outer loop
      vertex 39.2 39.8 2.4
      vertex 39.2 36.6 3.6
      vertex 39.2 36.6 2.4
    endloop
  endfacet
  facet normal -0 0 1
    outer loop
      vertex 38 39.8 3.6
      vertex 39.2 36.6 3.6
      vertex 39.2 39.8 3.6
    endloop
  endfacet
  facet normal 0 0 1
    outer loop
      vertex 39.2 36.6 3.6
      vertex 38 39.8 3.6
      vertex 38 36.6 3.6
    endloop
  endfacet
  facet normal -1 0 0
    outer loop
      vertex 38 36.6 2.4
      vertex 38 39.8 3.6
      vertex 38 39.8 2.4
    endloop
  endfacet
  facet normal -1 -0 0
    outer loop
      vertex 38 39.8 3.6
      vertex 38 36.6 2.4
      vertex 38 36.6 3.6
    endloop
  endfacet
  facet normal 0 1 -0
    outer loop
      vertex 39.2 39.8 2.4
      vertex 38 39.8 3.6
      vertex 39.2 39.8 3.6
    endloop
  endfacet
  facet normal 0 1 0
    outer loop
      vertex 38 39.8 3.6
      vertex 39.2 39.8 2.4
      vertex 38 39.8 2.4
    endloop
  endfacet
  facet normal 0 -1 0
    outer loop
      vertex 38 36.6 2.4
      vertex 39.2 36.6 3.6
      vertex 38 36.6 3.6
    endloop
  endfacet
  facet normal 0 -1 -0
    outer loop
      vertex 39.2 36.6 3.6
      vertex 38 36.6 2.4
      vertex 39.2 36.6 2.4
    endloop
  endfacet
  facet normal 1 -0 0
    outer loop
      vertex 41.7 40.2 3.6
      vertex 41.7 43.4 2.4
      vertex 41.7 43.4 3.6
    endloop
  endfacet
  facet normal 1 0 0
    outer loop
      vertex 41.7 43.4 2.4
      vertex 41.7 40.2 3.6
      vertex 41.7 40.2 2.4
    endloop
  endfacet
  facet normal -0 0 1
    outer loop
      vertex 40.5 43.4 3.6
      vertex 41.7 40.2 3.6
      vertex 41.7 43.4 3.6
    endloop
  endfacet
  facet normal 0 0 1
    outer loop
      vertex 41.7 40.2 3.6
      vertex 40.5 43.4 3.6
      vertex 40.5 40.2 3.6
    endloop
  endfacet
  facet normal -1 0 0
    outer loop
      vertex 40.5 40.2 2.4
      vertex 40.5 43.4 3.6
      vertex 40.5 43.4 2.4
    endloop
  endfacet
  facet normal -1 -0 0
    outer loop
      vertex 40.5 43.4 3.6
      vertex 40.5 40.2 2.4
      vertex 40.5 40.2 3.6
    endloop
  endfacet
  facet normal 0 1 -0
    outer loop
      vertex 41.7 43.4 2.4
      vertex 40.5 43.4 3.6
      vertex 41.7 43.4 3.6
    endloop
  endfacet
  facet normal 0 1 0
    outer loop
      vertex 40.5 43.4 3.6
      vertex 41.7 43.4 2.4
      vertex 40.5 43.4 2.4
    endloop
  endfacet
  facet normal 0 -1 0
    outer loop
      vertex 40.5 40.2 2.4
      vertex 41.7 40.2 3.6
      vertex 40.5 40.2 3.6
    endloop
  endfacet
  facet normal 0 -1 -0
    outer loop
      vertex 41.7 40.2 3.6
      vertex 40.5 40.2 2.4
      vertex 41.7 40.2 2.4
    endloop
  endfacet
  facet normal 1 -0 0
    outer loop
      vertex 44.2 36.6 3.6
      vertex 44.2 39.8 2.4
      vertex 44.2 39.8 3.6
    endloop
  endfacet
  facet normal 1 0 0
    outer loop
      vertex 44.2 39.8 2.4
      vertex 44.2 36.6 3.6
      vertex 44.2 36.6 2.4
    endloop
  endfacet
  facet normal -0 0 1
    outer loop
      vertex 43 39.8 3.6
      vertex 44.2 36.6 3.6
      vertex 44.2 39.8 3.6
    endloop
  endfacet
  facet normal 0 0 1
    outer loop
      vertex 44.2 36.6 3.6
      vertex 43 39.8 3.6
      vertex 43 36.6 3.6
    endloop
  endfacet
  facet normal -1 0 0
    outer loop
      vertex 43 36.6 2.4
      vertex 43 39.8 3.6
      vertex 43 39.8 2.4
    endloop
  endfacet
  facet normal -1 -0 0
    outer loop
      vertex 43 39.8 3.6
      vertex 43 36.6 2.4
      vertex 43 36.6 3.6
    endloop
  endfacet
  facet normal 0 1 -0
    outer loop
      vertex 44.2 39.8 2.4
      vertex 43 39.8 3.6
      vertex 44.2 39.8 3.6
    endloop
  endfacet
  facet normal 0 1 0
    outer loop
      vertex 43 39.8 3.6
      vertex 44.2 39.8 2.4
      vertex 43 39.8 2.4
    endloop
  endfacet
  facet normal 0 -1 0
    outer loop
      vertex 43 36.6 2.4
      vertex 44.2 36.6 3.6
      vertex 43 36.6 3.6
    endloop
  endfacet
  facet normal 0 -1 -0
    outer loop
      vertex 44.2 36.6 3.6
      vertex 43 36.6 2.4
      vertex 44.2 36.6 2.4
    endloop
  endfacet
  facet normal 1 -0 0
    outer loop
      vertex 46.7 40.2 3.6
      vertex 46.7 43.4 2.4
      vertex 46.7 43.4 3.6
    endloop
  endfacet
  facet normal 1 0 0
    outer loop
      vertex 46.7 43.4 2.4
      vertex 46.7 40.2 3.6
      vertex 46.7 40.2 2.4
    endloop
  endfacet
  facet normal -0 0 1
    outer loop
      vertex 45.5 43.4 3.6
      vertex 46.7 40.2 3.6
      vertex 46.7 43.4 3.6
    endloop
  endfacet
  facet normal 0 0 1
    outer loop
      vertex 46.7 40.2 3.6
      vertex 45.5 43.4 3.6
      vertex 45.5 40.2 3.6
    endloop
  endfacet
  facet normal -1 0 0
    outer loop
      vertex 45.5 40.2 2.4
      vertex 45.5 43.4 3.6
      vertex 45.5 43.4 2.4
    endloop
  endfacet
  facet normal -1 -0 0
    outer loop
      vertex 45.5 43.4 3.6
      vertex 45.5 40.2 2.4
      vertex 45.5 40.2 3.6
    endloop
  endfacet
  facet normal 0 1 -0
    outer loop
      vertex 46.7 43.4 2.4
      vertex 45.5 43.4 3.6
      vertex 46.7 43.4 3.6
    endloop
  endfacet
  facet normal 0 1 0
    outer loop
      vertex 45.5 43.4 3.6
      vertex 46.7 43.4 2.4
      vertex 45.5 43.4 2.4
    endloop
  endfacet
  facet normal 0 -1 0
    outer loop
      vertex 45.5 40.2 2.4
      vertex 46.7 40.2 3.6
      vertex 45.5 40.2 3.6
    endloop
  endfacet
  facet normal 0 -1 -0
    outer loop
      vertex 46.7 40.2 3.6
      vertex 45.5 40.2 2.4
      vertex 46.7 40.2 2.4
    endloop
  endfacet
  facet normal 1 -0 0
    outer loop
      vertex 49.2 36.6 3.6
      vertex 49.2 39.8 2.4
      vertex 49.2 39.8 3.6
    endloop
  endfacet
  facet normal 1 0 0
    outer loop
      vertex 49.2 39.8 2.4
      vertex 49.2 36.6 3.6
      vertex 49.2 36.6 2.4
    endloop
  endfacet
  facet normal -0 0 1
    outer loop
      vertex 48 39.8 3.6
      vertex 49.2 36.6 3.6
      vertex 49.2 39.8 3.6
    endloop
  endfacet
  facet normal 0 0 1
    outer loop
      vertex 49.2 36.6 3.6
      vertex 48 39.8 3.6
      vertex 48 36.6 3.6
    endloop
  endfacet
  facet normal -1 0 0
    outer loop
      vertex 48 36.6 2.4
      vertex 48 39.8 3.6
      vertex 48 39.8 2.4
    endloop
  endfacet
  facet normal -1 -0 0
    outer loop
      vertex 48 39.8 3.6
      vertex 48 36.6 2.4
      vertex 48 36.6 3.6
    endloop
  endfacet
  facet normal 0 1 -0
    outer loop
      vertex 49.2 39.8 2.4
      vertex 48 39.8 3.6
      vertex 49.2 39.8 3.6
    endloop
  endfacet
  facet normal 0 1 0
    outer loop
      vertex 48 39.8 3.6
      vertex 49.2 39.8 2.4
      vertex 48 39.8 2.4
    endloop
  endfacet
  facet normal 0 -1 0
    outer loop
      vertex 48 36.6 2.4
      vertex 49.2 36.6 3.6
      vertex 48 36.6 3.6
    endloop
  endfacet
  facet normal 0 -1 -0
    outer loop
      vertex 49.2 36.6 3.6
      vertex 48 36.6 2.4
      vertex 49.2 36.6 2.4
    endloop
  endfacet
  facet normal 1 -0 0
    outer loop
      vertex 51.7 40.2 3.6
      vertex 51.7 43.4 2.4
      vertex 51.7 43.4 3.6
    endloop
  endfacet
  facet normal 1 0 0
    outer loop
      vertex 51.7 43.4 2.4
      vertex 51.7 40.2 3.6
      vertex 51.7 40.2 2.4
    endloop
  endfacet
  facet normal -0 0 1
    outer loop
      vertex 50.5 43.4 3.6
      vertex 51.7 40.2 3.6
      vertex 51.7 43.4 3.6
    endloop
  endfacet
  facet normal 0 0 1
    outer loop
      vertex 51.7 40.2 3.6
      vertex 50.5 43.4 3.6
      vertex 50.5 40.2 3.6
    endloop
  endfacet
  facet normal -1 0 0
    outer loop
      vertex 50.5 40.2 2.4
      vertex 50.5 43.4 3.6
      vertex 50.5 43.4 2.4
    endloop
  endfacet
  facet normal -1 -0 0
    outer loop
      vertex 50.5 43.4 3.6
      vertex 50.5 40.2 2.4
      vertex 50.5 40.2 3.6
    endloop
  endfacet
  facet normal 0 1 -0
    outer loop
      vertex 51.7 43.4 2.4
      vertex 50.5 43.4 3.6
      vertex 51.7 43.4 3.6
    endloop
  endfacet
  facet normal 0 1 0
    outer loop
      vertex 50.5 43.4 3.6
      vertex 51.7 43.4 2.4
      vertex 50.5 43.4 2.4
    endloop
  endfacet
  facet normal 0 -1 0
    outer loop
      vertex 50.5 40.2 2.4
      vertex 51.7 40.2 3.6
      vertex 50.5 40.2 3.6
    endloop
  endfacet
  facet normal 0 -1 -0
    outer loop
      vertex 51.7 40.2 3.6
      vertex 50.5 40.2 2.4
      vertex 51.7 40.2 2.4
    endloop
  endfacet
  facet normal 1 -0 0
    outer loop
      vertex 54.2 36.6 3.6
      vertex 54.2 39.8 2.4
      vertex 54.2 39.8 3.6
    endloop
  endfacet
  facet normal 1 0 0
    outer loop
      vertex 54.2 39.8 2.4
      vertex 54.2 36.6 3.6
      vertex 54.2 36.6 2.4
    endloop
  endfacet
  facet normal -0 0 1
    outer loop
      vertex 53 39.8 3.6
      vertex 54.2 36.6 3.6
      vertex 54.2 39.8 3.6
    endloop
  endfacet
  facet normal 0 0 1
    outer loop
      vertex 54.2 36.6 3.6
      vertex 53 39.8 3.6
      vertex 53 36.6 3.6
    endloop
  endfacet
  facet normal -1 0 0
    outer loop
      vertex 53 36.6 2.4
      vertex 53 39.8 3.6
      vertex 53 39.8 2.4
    endloop
  endfacet
  facet normal -1 -0 0
    outer loop
      vertex 53 39.8 3.6
      vertex 53 36.6 2.4
      vertex 53 36.6 3.6
    endloop
  endfacet
  facet normal 0 1 -0
    outer loop
      vertex 54.2 39.8 2.4
      vertex 53 39.8 3.6
      vertex 54.2 39.8 3.6
    endloop
  endfacet
  facet normal 0 1 0
    outer loop
      vertex 53 39.8 3.6
      vertex 54.2 39.8 2.4
      vertex 53 39.8 2.4
    endloop
  endfacet
  facet normal 0 -1 0
    outer loop
      vertex 53 36.6 2.4
      vertex 54.2 36.6 3.6
      vertex 53 36.6 3.6
    endloop
  endfacet
  facet normal 0 -1 -0
    outer loop
      vertex 54.2 36.6 3.6
      vertex 53 36.6 2.4
      vertex 54.2 36.6 2.4
    endloop
  endfacet
  facet normal 1 -0 0
    outer loop
      vertex 56.7 40.2 3.6
      vertex 56.7 43.4 2.4
      vertex 56.7 43.4 3.6
    endloop
  endfacet
  facet normal 1 0 0
    outer loop
      vertex 56.7 43.4 2.4
      vertex 56.7 40.2 3.6
      vertex 56.7 40.2 2.4
    endloop
  endfacet
  facet normal -0 0 1
    outer loop
      vertex 55.5 43.4 3.6
      vertex 56.7 40.2 3.6
      vertex 56.7 43.4 3.6
    endloop
  endfacet
  facet normal 0 0 1
    outer loop
      vertex 56.7 40.2 3.6
      vertex 55.5 43.4 3.6
      vertex 55.5 40.2 3.6
    endloop
  endfacet
  facet normal -1 0 0
    outer loop
      vertex 55.5 40.2 2.4
      vertex 55.5 43.4 3.6
      vertex 55.5 43.4 2.4
    endloop
  endfacet
  facet normal -1 -0 0
    outer loop
      vertex 55.5 43.4 3.6
      vertex 55.5 40.2 2.4
      vertex 55.5 40.2 3.6
    endloop
  endfacet
  facet normal 0 1 -0
    outer loop
      vertex 56.7 43.4 2.4
      vertex 55.5 43.4 3.6
      vertex 56.7 43.4 3.6
    endloop
  endfacet
  facet normal 0 1 0
    outer loop
      vertex 55.5 43.4 3.6
      vertex 56.7 43.4 2.4
      vertex 55.5 43.4 2.4
    endloop
  endfacet
  facet normal 0 -1 0
    outer loop
      vertex 55.5 40.2 2.4
      vertex 56.7 40.2 3.6
      vertex 55.5 40.2 3.6
    endloop
  endfacet
  facet normal 0 -1 -0
    outer loop
      vertex 56.7 40.2 3.6
      vertex 55.5 40.2 2.4
      vertex 56.7 40.2 2.4
    endloop
  endfacet
  facet normal 1 -0 0
    outer loop
      vertex 59.2 36.6 3.6
      vertex 59.2 39.8 2.4
      vertex 59.2 39.8 3.6
    endloop
  endfacet
  facet normal 1 0 0
    outer loop
      vertex 59.2 39.8 2.4
      vertex 59.2 36.6 3.6
      vertex 59.2 36.6 2.4
    endloop
  endfacet
  facet normal -0 0 1
    outer loop
      vertex 58 39.8 3.6
      vertex 59.2 36.6 3.6
      vertex 59.2 39.8 3.6
    endloop
  endfacet
  facet normal 0 0 1
    outer loop
      vertex 59.2 36.6 3.6
      vertex 58 39.8 3.6
      vertex 58 36.6 3.6
    endloop
  endfacet
  facet normal -1 0 0
    outer loop
      vertex 58 36.6 2.4
      vertex 58 39.8 3.6
      vertex 58 39.8 2.4
    endloop
  endfacet
  facet normal -1 -0 0
    outer loop
      vertex 58 39.8 3.6
      vertex 58 36.6 2.4
      vertex 58 36.6 3.6
    endloop
  endfacet
  facet normal 0 1 -0
    outer loop
      vertex 59.2 39.8 2.4
      vertex 58 39.8 3.6
      vertex 59.2 39.8 3.6
    endloop
  endfacet
  facet normal 0 1 0
    outer loop
      vertex 58 39.8 3.6
      vertex 59.2 39.8 2.4
      vertex 58 39.8 2.4
    endloop
  endfacet
  facet normal 0 -1 0
    outer loop
      vertex 58 36.6 2.4
      vertex 59.2 36.6 3.6
      vertex 58 36.6 3.6
    endloop
  endfacet
  facet normal 0 -1 -0
    outer loop
      vertex 59.2 36.6 3.6
      vertex 58 36.6 2.4
      vertex 59.2 36.6 2.4
    endloop
  endfacet
  facet normal 1 -0 0
    outer loop
      vertex 61.7 40.2 3.6
      vertex 61.7 43.4 2.4
      vertex 61.7 43.4 3.6
    endloop
  endfacet
  facet normal 1 0 0
    outer loop
      vertex 61.7 43.4 2.4
      vertex 61.7 40.2 3.6
      vertex 61.7 40.2 2.4
    endloop
  endfacet
  facet normal -0 0 1
    outer loop
      vertex 60.5 43.4 3.6
      vertex 61.7 40.2 3.6
      vertex 61.7 43.4 3.6
    endloop
  endfacet
  facet normal 0 0 1
    outer loop
      vertex 61.7 40.2 3.6
      vertex 60.5 43.4 3.6
      vertex 60.5 40.2 3.6
    endloop
  endfacet
  facet normal -1 0 0
    outer loop
      vertex 60.5 40.2 2.4
      vertex 60.5 43.4 3.6
      vertex 60.5 43.4 2.4
    endloop
  endfacet
  facet normal -1 -0 0
    outer loop
      vertex 60.5 43.4 3.6
      vertex 60.5 40.2 2.4
      vertex 60.5 40.2 3.6
    endloop
  endfacet
  facet normal 0 1 -0
    outer loop
      vertex 61.7 43.4 2.4
      vertex 60.5 43.4 3.6
      vertex 61.7 43.4 3.6
    endloop
  endfacet
  facet normal 0 1 0
    outer loop
      vertex 60.5 43.4 3.6
      vertex 61.7 43.4 2.4
      vertex 60.5 43.4 2.4
    endloop
  endfacet
  facet normal 0 -1 0
    outer loop
      vertex 60.5 40.2 2.4
      vertex 61.7 40.2 3.6
      vertex 60.5 40.2 3.6
    endloop
  endfacet
  facet normal 0 -1 -0
    outer loop
      vertex 61.7 40.2 3.6
      vertex 60.5 40.2 2.4
      vertex 61.7 40.2 2.4
    endloop
  endfacet
  facet normal 1 -0 0
    outer loop
      vertex 64.2 36.6 3.6
      vertex 64.2 39.8 2.4
      vertex 64.2 39.8 3.6
    endloop
  endfacet
  facet normal 1 0 0
    outer loop
      vertex 64.2 39.8 2.4
      vertex 64.2 36.6 3.6
      vertex 64.2 36.6 2.4
    endloop
  endfacet
  facet normal -0 0 1
    outer loop
      vertex 63 39.8 3.6
      vertex 64.2 36.6 3.6
      vertex 64.2 39.8 3.6
    endloop
  endfacet
  facet normal 0 0 1
    outer loop
      vertex 64.2 36.6 3.6
      vertex 63 39.8 3.6
      vertex 63 36.6 3.6
    endloop
  endfacet
  facet normal -1 0 0
    outer loop
      vertex 63 36.6 2.4
      vertex 63 39.8 3.6
      vertex 63 39.8 2.4
    endloop
  endfacet
  facet normal -1 -0 0
    outer loop
      vertex 63 39.8 3.6
      vertex 63 36.6 2.4
      vertex 63 36.6 3.6
    endloop
  endfacet
  facet normal 0 1 -0
    outer loop
      vertex 64.2 39.8 2.4
      vertex 63 39.8 3.6
      vertex 64.2 39.8 3.6
    endloop
  endfacet
  facet normal 0 1 0
    outer loop
      vertex 63 39.8 3.6
      vertex 64.2 39.8 2.4
      vertex 63 39.8 2.4
    endloop
  endfacet
  facet normal 0 -1 0
    outer loop
      vertex 63 36.6 2.4
      vertex 64.2 36.6 3.6
      vertex 63 36.6 3.6
    endloop
  endfacet
  facet normal 0 -1 -0
    outer loop
      vertex 64.2 36.6 3.6
      vertex 63 36.6 2.4
      vertex 64.2 36.6 2.4
    endloop
  endfacet
  facet normal 1 -0 0
    outer loop
      vertex 66.7 40.2 3.6
      vertex 66.7 43.4 2.4
      vertex 66.7 43.4 3.6
    endloop
  endfacet
  facet normal 1 0 0
    outer loop
      vertex 66.7 43.4 2.4
      vertex 66.7 40.2 3.6
      vertex 66.7 40.2 2.4
    endloop
  endfacet
  facet normal -0 0 1
    outer loop
      vertex 65.5 43.4 3.6
      vertex 66.7 40.2 3.6
      vertex 66.7 43.4 3.6
    endloop
  endfacet
  facet normal 0 0 1
    outer loop
      vertex 66.7 40.2 3.6
      vertex 65.5 43.4 3.6
      vertex 65.5 40.2 3.6
    endloop
  endfacet
  facet normal -1 0 0
    outer loop
      vertex 65.5 40.2 2.4
      vertex 65.5 43.4 3.6
      vertex 65.5 43.4 2.4
    endloop
  endfacet
  facet normal -1 -0 0
    outer loop
      vertex 65.5 43.4 3.6
      vertex 65.5 40.2 2.4
      vertex 65.5 40.2 3.6
    endloop
  endfacet
  facet normal 0 1 -0
    outer loop
      vertex 66.7 43.4 2.4
      vertex 65.5 43.4 3.6
      vertex 66.7 43.4 3.6
    endloop
  endfacet
  facet normal 0 1 0
    outer loop
      vertex 65.5 43.4 3.6
      vertex 66.7 43.4 2.4
      vertex 65.5 43.4 2.4
    endloop
  endfacet
  facet normal 0 -1 0
    outer loop
      vertex 65.5 40.2 2.4
      vertex 66.7 40.2 3.6
      vertex 65.5 40.2 3.6
    endloop
  endfacet
  facet normal 0 -1 -0
    outer loop
      vertex 66.7 40.2 3.6
      vertex 65.5 40.2 2.4
      vertex 66.7 40.2 2.4
    endloop
  endfacet
  facet normal 1 -0 0
    outer loop
      vertex 69.2 36.6 3.6
      vertex 69.2 39.8 2.4
      vertex 69.2 39.8 3.6
    endloop
  endfacet
  facet normal 1 0 0
    outer loop
      vertex 69.2 39.8 2.4
      vertex 69.2 36.6 3.6
      vertex 69.2 36.6 2.4
    endloop
  endfacet
  facet normal -0 0 1
    outer loop
      vertex 68 39.8 3.6
      vertex 69.2 36.6 3.6
      vertex 69.2 39.8 3.6
    endloop
  endfacet
  facet normal 0 0 1
    outer loop
      vertex 69.2 36.6 3.6
      vertex 68 39.8 3.6
      vertex 68 36.6 3.6
    endloop
  endfacet
  facet normal -1 0 0
    outer loop
      vertex 68 36.6 2.4
      vertex 68 39.8 3.6
      vertex 68 39.8 2.4
    endloop
  endfacet
  facet normal -1 -0 0
    outer loop
      vertex 68 39.8 3.6
      vertex 68 36.6 2.4
      vertex 68 36.6 3.6
    endloop
  endfacet
  facet normal 0 1 -0
    outer loop
      vertex 69.2 39.8 2.4
      vertex 68 39.8 3.6
      vertex 69.2 39.8 3.6
    endloop
  endfacet
  facet normal 0 1 0
    outer loop
      vertex 68 39.8 3.6
      vertex 69.2 39.8 2.4
      vertex 68 39.8 2.4
    endloop
  endfacet
  facet normal 0 -1 0
    outer loop
      vertex 68 36.6 2.4
      vertex 69.2 36.6 3.6
      vertex 68 36.6 3.6
    endloop
  endfacet
  facet normal 0 -1 -0
    outer loop
      vertex 69.2 36.6 3.6
      vertex 68 36.6 2.4
      vertex 69.2 36.6 2.4
    endloop
  endfacet
  facet normal 1 -0 0
    outer loop
      vertex 71.7 40.2 3.6
      vertex 71.7 43.4 2.4
      vertex 71.7 43.4 3.6
    endloop
  endfacet
  facet normal 1 0 0
    outer loop
      vertex 71.7 43.4 2.4
      vertex 71.7 40.2 3.6
      vertex 71.7 40.2 2.4
    endloop
  endfacet
  facet normal -0 0 1
    outer loop
      vertex 70.5 43.4 3.6
      vertex 71.7 40.2 3.6
      vertex 71.7 43.4 3.6
    endloop
  endfacet
  facet normal 0 0 1
    outer loop
      vertex 71.7 40.2 3.6
      vertex 70.5 43.4 3.6
      vertex 70.5 40.2 3.6
    endloop
  endfacet
  facet normal -1 0 0
    outer loop
      vertex 70.5 40.2 2.4
      vertex 70.5 43.4 3.6
      vertex 70.5 43.4 2.4
    endloop
  endfacet
  facet normal -1 -0 0
    outer loop
      vertex 70.5 43.4 3.6
      vertex 70.5 40.2 2.4
      vertex 70.5 40.2 3.6
    endloop
  endfacet
  facet normal 0 1 -0
    outer loop
      vertex 71.7 43.4 2.4
      vertex 70.5 43.4 3.6
      vertex 71.7 43.4 3.6
    endloop
  endfacet
  facet normal 0 1 0
    outer loop
      vertex 70.5 43.4 3.6
      vertex 71.7 43.4 2.4
      vertex 70.5 43.4 2.4
    endloop
  endfacet
  facet normal 0 -1 0
    outer loop
      vertex 70.5 40.2 2.4
      vertex 71.7 40.2 3.6
      vertex 70.5 40.2 3.6
    endloop
  endfacet
  facet normal 0 -1 -0
    outer loop
      vertex 71.7 40.2 3.6
      vertex 70.5 40.2 2.4
      vertex 71.7 40.2 2.4
    endloop
  endfacet
  facet normal 1 -0 0
    outer loop
      vertex 74.2 36.6 3.6
      vertex 74.2 39.8 2.4
      vertex 74.2 39.8 3.6
    endloop
  endfacet
  facet normal 1 0 0
    outer loop
      vertex 74.2 39.8 2.4
      vertex 74.2 36.6 3.6
      vertex 74.2 36.6 2.4
    endloop
  endfacet
  facet normal -0 0 1
    outer loop
      vertex 73 39.8 3.6
      vertex 74.2 36.6 3.6
      vertex 74.2 39.8 3.6
    endloop
  endfacet
  facet normal 0 0 1
    outer loop
      vertex 74.2 36.6 3.6
      vertex 73 39.8 3.6
      vertex 73 36.6 3.6
    endloop
  endfacet
  facet normal -1 0 0
    outer loop
      vertex 73 36.6 2.4
      vertex 73 39.8 3.6
      vertex 73 39.8 2.4
    endloop
  endfacet
  facet normal -1 -0 0
    outer loop
      vertex 73 39.8 3.6
      vertex 73 36.6 2.4
      vertex 73 36.6 3.6
    endloop
  endfacet
  facet normal 0 1 -0
    outer loop
      vertex 74.2 39.8 2.4
      vertex 73 39.8 3.6
      vertex 74.2 39.8 3.6
    endloop
  endfacet
  facet normal 0 1 0
    outer loop
      vertex 73 39.8 3.6
      vertex 74.2 39.8 2.4
      vertex 73 39.8 2.4
    endloop
  endfacet
  facet normal 0 -1 0
    outer loop
      vertex 73 36.6 2.4
      vertex 74.2 36.6 3.6
      vertex 73 36.6 3.6
    endloop
  endfacet
  facet normal 0 -1 -0
    outer loop
      vertex 74.2 36.6 3.6
      vertex 73 36.6 2.4
      vertex 74.2 36.6 2.4
    endloop
  endfacet
  facet normal 1 -0 0
    outer loop
      vertex 76.7 40.2 3.6
      vertex 76.7 43.4 2.4
      vertex 76.7 43.4 3.6
    endloop
  endfacet
  facet normal 1 0 0
    outer loop
      vertex 76.7 43.4 2.4
      vertex 76.7 40.2 3.6
      vertex 76.7 40.2 2.4
    endloop
  endfacet
  facet normal -0 0 1
    outer loop
      vertex 75.5 43.4 3.6
      vertex 76.7 40.2 3.6
      vertex 76.7 43.4 3.6
    endloop
  endfacet
  facet normal 0 0 1
    outer loop
      vertex 76.7 40.2 3.6
      vertex 75.5 43.4 3.6
      vertex 75.5 40.2 3.6
    endloop
  endfacet
  facet normal -1 0 0
    outer loop
      vertex 75.5 40.2 2.4
      vertex 75.5 43.4 3.6
      vertex 75.5 43.4 2.4
    endloop
  endfacet
  facet normal -1 -0 0
    outer loop
      vertex 75.5 43.4 3.6
      vertex 75.5 40.2 2.4
      vertex 75.5 40.2 3.6
    endloop
  endfacet
  facet normal 0 1 -0
    outer loop
      vertex 76.7 43.4 2.4
      vertex 75.5 43.4 3.6
      vertex 76.7 43.4 3.6
    endloop
  endfacet
  facet normal 0 1 0
    outer loop
      vertex 75.5 43.4 3.6
      vertex 76.7 43.4 2.4
      vertex 75.5 43.4 2.4
    endloop
  endfacet
  facet normal 0 -1 0
    outer loop
      vertex 75.5 40.2 2.4
      vertex 76.7 40.2 3.6
      vertex 75.5 40.2 3.6
    endloop
  endfacet
  facet normal 0 -1 -0
    outer loop
      vertex 76.7 40.2 3.6
      vertex 75.5 40.2 2.4
      vertex 76.7 40.2 2.4
    endloop
  endfacet
  facet normal 1 -0 0
    outer loop
      vertex 79.2 36.6 3.6
      vertex 79.2 39.8 2.4
      vertex 79.2 39.8 3.6
    endloop
  endfacet
  facet normal 1 0 0
    outer loop
      vertex 79.2 39.8 2.4
      vertex 79.2 36.6 3.6
      vertex 79.2 36.6 2.4
    endloop
  endfacet
  facet normal -0 0 1
    outer loop
      vertex 78 39.8 3.6
      vertex 79.2 36.6 3.6
      vertex 79.2 39.8 3.6
    endloop
  endfacet
  facet normal 0 0 1
    outer loop
      vertex 79.2 36.6 3.6
      vertex 78 39.8 3.6
      vertex 78 36.6 3.6
    endloop
  endfacet
  facet normal -1 0 0
    outer loop
      vertex 78 36.6 2.4
      vertex 78 39.8 3.6
      vertex 78 39.8 2.4
    endloop
  endfacet
  facet normal -1 -0 0
    outer loop
      vertex 78 39.8 3.6
      vertex 78 36.6 2.4
      vertex 78 36.6 3.6
    endloop
  endfacet
  facet normal 0 1 -0
    outer loop
      vertex 79.2 39.8 2.4
      vertex 78 39.8 3.6
      vertex 79.2 39.8 3.6
    endloop
  endfacet
  facet normal 0 1 0
    outer loop
      vertex 78 39.8 3.6
      vertex 79.2 39.8 2.4
      vertex 78 39.8 2.4
    endloop
  endfacet
  facet normal 0 -1 0
    outer loop
      vertex 78 36.6 2.4
      vertex 79.2 36.6 3.6
      vertex 78 36.6 3.6
    endloop
  endfacet
  facet normal 0 -1 -0
    outer loop
      vertex 79.2 36.6 3.6
      vertex 78 36.6 2.4
      vertex 79.2 36.6 2.4
    endloop
  endfacet
  facet normal 1 -0 0
    outer loop
      vertex 81.7 40.2 3.6
      vertex 81.7 43.4 2.4
      vertex 81.7 43.4 3.6
    endloop
  endfacet
  facet normal 1 0 0
    outer loop
      vertex 81.7 43.4 2.4
      vertex 81.7 40.2 3.6
      vertex 81.7 40.2 2.4
    endloop
  endfacet
  facet normal -0 0 1
    outer loop
      vertex 80.5 43.4 3.6
      vertex 81.7 40.2 3.6
      vertex 81.7 43.4 3.6
    endloop
  endfacet
  facet normal 0 0 1
    outer loop
      vertex 81.7 40.2 3.6
      vertex 80.5 43.4 3.6
      vertex 80.5 40.2 3.6
    endloop
  endfacet
  facet normal -1 0 0
    outer loop
      vertex 80.5 40.2 2.4
      vertex 80.5 43.4 3.6
      vertex 80.5 43.4 2.4
    endloop
  endfacet
  facet normal -1 -0 0
    outer loop
      vertex 80.5 43.4 3.6
      vertex 80.5 40.2 2.4
      vertex 80.5 40.2 3.6
    endloop
  endfacet
  facet normal 0 1 -0
    outer loop
      vertex 81.7 43.4 2.4
      vertex 80.5 43.4 3.6
      vertex 81.7 43.4 3.6
    endloop
  endfacet
  facet normal 0 1 0
    outer loop
      vertex 80.5 43.4 3.6
      vertex 81.7 43.4 2.4
      vertex 80.5 43.4 2.4
    endloop
  endfacet
  facet normal 0 -1 0
    outer loop
      vertex 80.5 40.2 2.4
      vertex 81.7 40.2 3.6
      vertex 80.5 40.2 3.6
    endloop
  endfacet
  facet normal 0 -1 -0
    outer loop
      vertex 81.7 40.2 3.6
      vertex 80.5 40.2 2.4
      vertex 81.7 40.2 2.4
    endloop
  endfacet
  facet normal 1 -0 0
    outer loop
      vertex 84.2 36.6 3.6
      vertex 84.2 39.8 2.4
      vertex 84.2 39.8 3.6
    endloop
  endfacet
  facet normal 1 0 0
    outer loop
      vertex 84.2 39.8 2.4
      vertex 84.2 36.6 3.6
      vertex 84.2 36.6 2.4
    endloop
  endfacet
  facet normal -0 0 1
    outer loop
      vertex 83 39.8 3.6
      vertex 84.2 36.6 3.6
      vertex 84.2 39.8 3.6
    endloop
  endfacet
  facet normal 0 0 1
    outer loop
      vertex 84.2 36.6 3.6
      vertex 83 39.8 3.6
      vertex 83 36.6 3.6
    endloop
  endfacet
  facet normal -1 0 0
    outer loop
      vertex 83 36.6 2.4
      vertex 83 39.8 3.6
      vertex 83 39.8 2.4
    endloop
  endfacet
  facet normal -1 -0 0
    outer loop
      vertex 83 39.8 3.6
      vertex 83 36.6 2.4
      vertex 83 36.6 3.6
    endloop
  endfacet
  facet normal 0 1 -0
    outer loop
      vertex 84.2 39.8 2.4
      vertex 83 39.8 3.6
      vertex 84.2 39.8 3.6
    endloop
  endfacet
  facet normal 0 1 0
    outer loop
      vertex 83 39.8 3.6
      vertex 84.2 39.8 2.4
      vertex 83 39.8 2.4
    endloop
  endfacet
  facet normal 0 -1 0
    outer loop
      vertex 83 36.6 2.4
      vertex 84.2 36.6 3.6
      vertex 83 36.6 3.6
    endloop
  endfacet
  facet normal 0 -1 -0
    outer loop
      vertex 84.2 36.6 3.6
      vertex 83 36.6 2.4
      vertex 84.2 36.6 2.4
    endloop
  endfacet
  facet normal 0 0 1
    outer loop
      vertex 14.1814 42.0823 4.71
      vertex 12.3672 41.6466 4.71
      vertex 14.1814 41.6466 4.71
    endloop
  endfacet
  facet normal -0 0 1
    outer loop
      vertex 11.9001 42.0823 4.71
      vertex 12.3672 41.6466 4.71
      vertex 14.1814 42.0823 4.71
    endloop
  endfacet
  facet normal 0 0 1
    outer loop
      vertex 11.9001 42.0823 4.71
      vertex 12.2903 40.3734 4.71
      vertex 12.3672 41.6466 4.71
    endloop
  endfacet
  facet normal 0 0 1
    outer loop
      vertex 11.7663 39.9234 4.71
      vertex 12.2903 40.3734 4.71
      vertex 11.9001 42.0823 4.71
    endloop
  endfacet
  facet normal 0 0 1
    outer loop
      vertex 12.2903 40.3734 4.71
      vertex 11.7663 39.9234 4.71
      vertex 12.2675 39.9234 4.71
    endloop
  endfacet
  facet normal 0 0 1
    outer loop
      vertex 14.415 39.3766 4.71
      vertex 13.873 39.5109 4.71
      vertex 13.8824 39.3652 4.71
    endloop
  endfacet
  facet normal 0 0 1
    outer loop
      vertex 14.0632 40.2823 4.71
      vertex 13.8448 39.645 4.71
      vertex 13.873 39.5109 4.71
    endloop
  endfacet
  facet normal 0 0 1
    outer loop
      vertex 14.0632 40.2823 4.71
      vertex 13.7978 39.7675 4.71
      vertex 13.8448 39.645 4.71
    endloop
  endfacet
  facet normal 0 0 1
    outer loop
      vertex 13.5469 40.0616 4.71
      vertex 13.9129 40.4074 4.71
      vertex 13.7433 40.5047 4.71
    endloop
  endfacet
  facet normal 0 0 1
    outer loop
      vertex 14.0632 40.2823 4.71
      vertex 13.732 39.8783 4.71
      vertex 13.7978 39.7675 4.71
    endloop
  endfacet
  facet normal 0 0 1
    outer loop
      vertex 14.0632 40.2823 4.71
      vertex 13.6474 39.9776 4.71
      vertex 13.732 39.8783 4.71
    endloop
  endfacet
  facet normal 0 0 1
    outer loop
      vertex 13.4332 40.127 4.71
      vertex 13.7433 40.5047 4.71
      vertex 13.5545 40.5742 4.71
    endloop
  endfacet
  facet normal 0 0 1
    outer loop
      vertex 13.9129 40.4074 4.71
      vertex 13.5469 40.0616 4.71
      vertex 13.6474 39.9776 4.71
    endloop
  endfacet
  facet normal 0 0 1
    outer loop
      vertex 13.7433 40.5047 4.71
      vertex 13.4332 40.127 4.71
      vertex 13.5469 40.0616 4.71
    endloop
  endfacet
  facet normal 0 0 1
    outer loop
      vertex 13.3065 40.1737 4.71
      vertex 13.5545 40.5742 4.71
      vertex 13.3464 40.6158 4.71
    endloop
  endfacet
  facet normal 0 0 1
    outer loop
      vertex 13.5545 40.5742 4.71
      vertex 13.3065 40.1737 4.71
      vertex 13.4332 40.127 4.71
    endloop
  endfacet
  facet normal 0 0 1
    outer loop
      vertex 13.3464 40.6158 4.71
      vertex 13.1667 40.2018 4.71
      vertex 13.3065 40.1737 4.71
    endloop
  endfacet
  facet normal 0 0 1
    outer loop
      vertex 13.1191 40.6297 4.71
      vertex 13.1667 40.2018 4.71
      vertex 13.3464 40.6158 4.71
    endloop
  endfacet
  facet normal 0 0 1
    outer loop
      vertex 13.1191 40.6297 4.71
      vertex 13.0137 40.2111 4.71
      vertex 13.1667 40.2018 4.71
    endloop
  endfacet
  facet normal -0 0 1
    outer loop
      vertex 12.9274 40.6195 4.71
      vertex 13.0137 40.2111 4.71
      vertex 13.1191 40.6297 4.71
    endloop
  endfacet
  facet normal 0 0 1
    outer loop
      vertex 13.0137 40.2111 4.71
      vertex 12.9274 40.6195 4.71
      vertex 12.9317 40.2085 4.71
    endloop
  endfacet
  facet normal 0 0 1
    outer loop
      vertex 12.9274 40.6195 4.71
      vertex 12.852 40.2006 4.71
      vertex 12.9317 40.2085 4.71
    endloop
  endfacet
  facet normal -0 0 1
    outer loop
      vertex 12.7486 40.5887 4.71
      vertex 12.852 40.2006 4.71
      vertex 12.9274 40.6195 4.71
    endloop
  endfacet
  facet normal 0 0 1
    outer loop
      vertex 12.852 40.2006 4.71
      vertex 12.7486 40.5887 4.71
      vertex 12.7745 40.1875 4.71
    endloop
  endfacet
  facet normal -0 0 1
    outer loop
      vertex 12.5829 40.5375 4.71
      vertex 12.7745 40.1875 4.71
      vertex 12.7486 40.5887 4.71
    endloop
  endfacet
  facet normal 0 0 1
    outer loop
      vertex 12.7745 40.1875 4.71
      vertex 12.5829 40.5375 4.71
      vertex 12.6993 40.1692 4.71
    endloop
  endfacet
  facet normal 0 0 1
    outer loop
      vertex 12.6993 40.1692 4.71
      vertex 12.5829 40.5375 4.71
      vertex 12.6264 40.1456 4.71
    endloop
  endfacet
  facet normal -0 0 1
    outer loop
      vertex 12.4301 40.4657 4.71
      vertex 12.6264 40.1456 4.71
      vertex 12.5829 40.5375 4.71
    endloop
  endfacet
  facet normal 0 0 1
    outer loop
      vertex 12.6264 40.1456 4.71
      vertex 12.4301 40.4657 4.71
      vertex 12.5546 40.1157 4.71
    endloop
  endfacet
  facet normal -0 0 1
    outer loop
      vertex 12.2903 40.3734 4.71
      vertex 12.5546 40.1157 4.71
      vertex 12.4301 40.4657 4.71
    endloop
  endfacet
  facet normal 0 0 1
    outer loop
      vertex 12.5546 40.1157 4.71
      vertex 12.2903 40.3734 4.71
      vertex 12.4828 40.0786 4.71
    endloop
  endfacet
  facet normal 0 0 1
    outer loop
      vertex 12.4828 40.0786 4.71
      vertex 12.2903 40.3734 4.71
      vertex 12.4111 40.0342 4.71
    endloop
  endfacet
  facet normal 0 0 1
    outer loop
      vertex 12.4111 40.0342 4.71
      vertex 12.2903 40.3734 4.71
      vertex 12.3393 39.9825 4.71
    endloop
  endfacet
  facet normal 0 0 1
    outer loop
      vertex 12.3393 39.9825 4.71
      vertex 12.2903 40.3734 4.71
      vertex 12.2675 39.9234 4.71
    endloop
  endfacet
  facet normal -0 0 1
    outer loop
      vertex 13.873 39.5109 4.71
      vertex 14.415 39.3766 4.71
      vertex 14.4009 39.5915 4.71
    endloop
  endfacet
  facet normal 0 0 1
    outer loop
      vertex 13.873 39.5109 4.71
      vertex 14.4009 39.5915 4.71
      vertex 14.3587 39.7895 4.71
    endloop
  endfacet
  facet normal 0 0 1
    outer loop
      vertex 14.415 39.3766 4.71
      vertex 13.8824 39.3652 4.71
      vertex 14.3999 39.1334 4.71
    endloop
  endfacet
  facet normal 0 0 1
    outer loop
      vertex 13.873 39.5109 4.71
      vertex 14.3587 39.7895 4.71
      vertex 14.2884 39.9706 4.71
    endloop
  endfacet
  facet normal -0 0 1
    outer loop
      vertex 13.8731 39.1984 4.71
      vertex 14.3999 39.1334 4.71
      vertex 13.8824 39.3652 4.71
    endloop
  endfacet
  facet normal 0 0 1
    outer loop
      vertex 13.873 39.5109 4.71
      vertex 14.2884 39.9706 4.71
      vertex 14.1899 40.1349 4.71
    endloop
  endfacet
  facet normal 0 0 1
    outer loop
      vertex 14.3999 39.1334 4.71
      vertex 13.8731 39.1984 4.71
      vertex 14.3546 38.9118 4.71
    endloop
  endfacet
  facet normal 0 0 1
    outer loop
      vertex 13.873 39.5109 4.71
      vertex 14.1899 40.1349 4.71
      vertex 14.0632 40.2823 4.71
    endloop
  endfacet
  facet normal -0 0 1
    outer loop
      vertex 13.845 39.0464 4.71
      vertex 14.3546 38.9118 4.71
      vertex 13.8731 39.1984 4.71
    endloop
  endfacet
  facet normal 0 0 1
    outer loop
      vertex 13.6474 39.9776 4.71
      vertex 14.0632 40.2823 4.71
      vertex 13.9129 40.4074 4.71
    endloop
  endfacet
  facet normal 0 0 1
    outer loop
      vertex 14.3546 38.9118 4.71
      vertex 13.845 39.0464 4.71
      vertex 14.2791 38.7119 4.71
    endloop
  endfacet
  facet normal -0 0 1
    outer loop
      vertex 13.7983 38.9094 4.71
      vertex 14.2791 38.7119 4.71
      vertex 13.845 39.0464 4.71
    endloop
  endfacet
  facet normal 0 0 1
    outer loop
      vertex 14.2791 38.7119 4.71
      vertex 13.7983 38.9094 4.71
      vertex 14.1735 38.5336 4.71
    endloop
  endfacet
  facet normal -0 0 1
    outer loop
      vertex 13.7329 38.7874 4.71
      vertex 14.1735 38.5336 4.71
      vertex 13.7983 38.9094 4.71
    endloop
  endfacet
  facet normal 0 0 1
    outer loop
      vertex 14.1735 38.5336 4.71
      vertex 13.7329 38.7874 4.71
      vertex 14.0376 38.3769 4.71
    endloop
  endfacet
  facet normal -0 0 1
    outer loop
      vertex 13.6488 38.6802 4.71
      vertex 14.0376 38.3769 4.71
      vertex 13.7329 38.7874 4.71
    endloop
  endfacet
  facet normal 0 0 1
    outer loop
      vertex 14.0376 38.3769 4.71
      vertex 13.6488 38.6802 4.71
      vertex 13.875 38.2457 4.71
    endloop
  endfacet
  facet normal -0 0 1
    outer loop
      vertex 13.5482 38.5905 4.71
      vertex 13.875 38.2457 4.71
      vertex 13.6488 38.6802 4.71
    endloop
  endfacet
  facet normal 0 0 1
    outer loop
      vertex 13.875 38.2457 4.71
      vertex 13.5482 38.5905 4.71
      vertex 13.689 38.1436 4.71
    endloop
  endfacet
  facet normal -0 0 1
    outer loop
      vertex 13.4333 38.5207 4.71
      vertex 13.689 38.1436 4.71
      vertex 13.5482 38.5905 4.71
    endloop
  endfacet
  facet normal 0 0 1
    outer loop
      vertex 13.689 38.1436 4.71
      vertex 13.4333 38.5207 4.71
      vertex 13.4796 38.0707 4.71
    endloop
  endfacet
  facet normal -0 0 1
    outer loop
      vertex 13.304 38.4709 4.71
      vertex 13.4796 38.0707 4.71
      vertex 13.4333 38.5207 4.71
    endloop
  endfacet
  facet normal 0 0 1
    outer loop
      vertex 13.304 38.4709 4.71
      vertex 13.2469 38.0269 4.71
      vertex 13.4796 38.0707 4.71
    endloop
  endfacet
  facet normal -0 0 1
    outer loop
      vertex 13.1603 38.441 4.71
      vertex 13.2469 38.0269 4.71
      vertex 13.304 38.4709 4.71
    endloop
  endfacet
  facet normal 0 0 1
    outer loop
      vertex 12.9909 38.0124 4.71
      vertex 13.1603 38.441 4.71
      vertex 13.0023 38.431 4.71
    endloop
  endfacet
  facet normal 0 0 1
    outer loop
      vertex 13.1603 38.441 4.71
      vertex 12.9909 38.0124 4.71
      vertex 13.2469 38.0269 4.71
    endloop
  endfacet
  facet normal 0 0 1
    outer loop
      vertex 13.0023 38.431 4.71
      vertex 12.7751 38.0222 4.71
      vertex 12.9909 38.0124 4.71
    endloop
  endfacet
  facet normal 0 0 1
    outer loop
      vertex 12.7539 38.4548 4.71
      vertex 12.7751 38.0222 4.71
      vertex 13.0023 38.431 4.71
    endloop
  endfacet
  facet normal 0 0 1
    outer loop
      vertex 12.7539 38.4548 4.71
      vertex 12.5767 38.0516 4.71
      vertex 12.7751 38.0222 4.71
    endloop
  endfacet
  facet normal 0 0 1
    outer loop
      vertex 12.5462 38.5263 4.71
      vertex 12.5767 38.0516 4.71
      vertex 12.7539 38.4548 4.71
    endloop
  endfacet
  facet normal 0 0 1
    outer loop
      vertex 12.5462 38.5263 4.71
      vertex 12.3956 38.1006 4.71
      vertex 12.5767 38.0516 4.71
    endloop
  endfacet
  facet normal 0 0 1
    outer loop
      vertex 12.2317 38.1691 4.71
      vertex 12.5462 38.5263 4.71
      vertex 12.3793 38.6453 4.71
    endloop
  endfacet
  facet normal 0 0 1
    outer loop
      vertex 11.9575 38.3641 4.71
      vertex 12.3793 38.6453 4.71
      vertex 12.2532 38.812 4.71
    endloop
  endfacet
  facet normal 0 0 1
    outer loop
      vertex 12.5462 38.5263 4.71
      vertex 12.2317 38.1691 4.71
      vertex 12.3956 38.1006 4.71
    endloop
  endfacet
  facet normal 0 0 1
    outer loop
      vertex 11.6961 38.7896 4.71
      vertex 12.2532 38.812 4.71
      vertex 12.1678 39.0263 4.71
    endloop
  endfacet
  facet normal 0 0 1
    outer loop
      vertex 12.3793 38.6453 4.71
      vertex 12.0852 38.2573 4.71
      vertex 12.2317 38.1691 4.71
    endloop
  endfacet
  facet normal 0 0 1
    outer loop
      vertex 12.3793 38.6453 4.71
      vertex 11.9575 38.3641 4.71
      vertex 12.0852 38.2573 4.71
    endloop
  endfacet
  facet normal 0 0 1
    outer loop
      vertex 12.2532 38.812 4.71
      vertex 11.8501 38.4884 4.71
      vertex 11.9575 38.3641 4.71
    endloop
  endfacet
  facet normal 0 0 1
    outer loop
      vertex 12.2532 38.812 4.71
      vertex 11.763 38.6302 4.71
      vertex 11.8501 38.4884 4.71
    endloop
  endfacet
  facet normal 0 0 1
    outer loop
      vertex 12.2532 38.812 4.71
      vertex 11.6961 38.7896 4.71
      vertex 11.763 38.6302 4.71
    endloop
  endfacet
  facet normal 0 -0 1
    outer loop
      vertex 11.6961 38.7896 4.71
      vertex 12.1678 39.0263 4.71
      vertex 11.6495 38.9665 4.71
    endloop
  endfacet
  facet normal 0.184977 -0.982743 0
    outer loop
      vertex 13.2469 38.0269 4
      vertex 13.4796 38.0707 4.71
      vertex 13.2469 38.0269 4.71
    endloop
  endfacet
  facet normal 0.184977 -0.982743 0
    outer loop
      vertex 13.4796 38.0707 4.71
      vertex 13.2469 38.0269 4
      vertex 13.4796 38.0707 4
    endloop
  endfacet
  facet normal 0.328783 -0.944405 0
    outer loop
      vertex 13.4796 38.0707 4
      vertex 13.689 38.1436 4.71
      vertex 13.4796 38.0707 4.71
    endloop
  endfacet
  facet normal 0.328783 -0.944405 0
    outer loop
      vertex 13.689 38.1436 4.71
      vertex 13.4796 38.0707 4
      vertex 13.689 38.1436 4
    endloop
  endfacet
  facet normal 0.481195 -0.876614 0
    outer loop
      vertex 13.689 38.1436 4
      vertex 13.875 38.2457 4.71
      vertex 13.689 38.1436 4.71
    endloop
  endfacet
  facet normal 0.481195 -0.876614 0
    outer loop
      vertex 13.875 38.2457 4.71
      vertex 13.689 38.1436 4
      vertex 13.875 38.2457 4
    endloop
  endfacet
  facet normal 0.627958 -0.778247 0
    outer loop
      vertex 13.875 38.2457 4
      vertex 14.0376 38.3769 4.71
      vertex 13.875 38.2457 4.71
    endloop
  endfacet
  facet normal 0.627958 -0.778247 0
    outer loop
      vertex 14.0376 38.3769 4.71
      vertex 13.875 38.2457 4
      vertex 14.0376 38.3769 4
    endloop
  endfacet
  facet normal 0.755466 -0.655187 0
    outer loop
      vertex 14.0376 38.3769 4.71
      vertex 14.1735 38.5336 4
      vertex 14.1735 38.5336 4.71
    endloop
  endfacet
  facet normal 0.755466 -0.655187 0
    outer loop
      vertex 14.1735 38.5336 4
      vertex 14.0376 38.3769 4.71
      vertex 14.0376 38.3769 4
    endloop
  endfacet
  facet normal 0.860417 -0.509591 0
    outer loop
      vertex 14.1735 38.5336 4.71
      vertex 14.2791 38.7119 4
      vertex 14.2791 38.7119 4.71
    endloop
  endfacet
  facet normal 0.860417 -0.509591 0
    outer loop
      vertex 14.2791 38.7119 4
      vertex 14.1735 38.5336 4.71
      vertex 14.1735 38.5336 4
    endloop
  endfacet
  facet normal 0.9355 -0.353328 0
    outer loop
      vertex 14.2791 38.7119 4.71
      vertex 14.3546 38.9118 4
      vertex 14.3546 38.9118 4.71
    endloop
  endfacet
  facet normal 0.9355 -0.353328 0
    outer loop
      vertex 14.3546 38.9118 4
      vertex 14.2791 38.7119 4.71
      vertex 14.2791 38.7119 4
    endloop
  endfacet
  facet normal 0.979739 -0.20028 0
    outer loop
      vertex 14.3546 38.9118 4.71
      vertex 14.3999 39.1334 4
      vertex 14.3999 39.1334 4.71
    endloop
  endfacet
  facet normal 0.979739 -0.20028 0
    outer loop
      vertex 14.3999 39.1334 4
      vertex 14.3546 38.9118 4.71
      vertex 14.3546 38.9118 4
    endloop
  endfacet
  facet normal 0.998078 -0.0619695 0
    outer loop
      vertex 14.3999 39.1334 4.71
      vertex 14.415 39.3766 4
      vertex 14.415 39.3766 4.71
    endloop
  endfacet
  facet normal 0.998078 -0.0619695 0
    outer loop
      vertex 14.415 39.3766 4
      vertex 14.3999 39.1334 4.71
      vertex 14.3999 39.1334 4
    endloop
  endfacet
  facet normal 0.997854 0.0654711 0
    outer loop
      vertex 14.415 39.3766 4.71
      vertex 14.4009 39.5915 4
      vertex 14.4009 39.5915 4.71
    endloop
  endfacet
  facet normal 0.997854 0.0654711 0
    outer loop
      vertex 14.4009 39.5915 4
      vertex 14.415 39.3766 4.71
      vertex 14.415 39.3766 4
    endloop
  endfacet
  facet normal 0.978033 0.208449 0
    outer loop
      vertex 14.4009 39.5915 4.71
      vertex 14.3587 39.7895 4
      vertex 14.3587 39.7895 4.71
    endloop
  endfacet
  facet normal 0.978033 0.208449 0
    outer loop
      vertex 14.3587 39.7895 4
      vertex 14.4009 39.5915 4.71
      vertex 14.4009 39.5915 4
    endloop
  endfacet
  facet normal 0.932227 0.361875 0
    outer loop
      vertex 14.3587 39.7895 4.71
      vertex 14.2884 39.9706 4
      vertex 14.2884 39.9706 4.71
    endloop
  endfacet
  facet normal 0.932227 0.361875 0
    outer loop
      vertex 14.2884 39.9706 4
      vertex 14.3587 39.7895 4.71
      vertex 14.3587 39.7895 4
    endloop
  endfacet
  facet normal 0.857677 0.514189 0
    outer loop
      vertex 14.2884 39.9706 4.71
      vertex 14.1899 40.1349 4
      vertex 14.1899 40.1349 4.71
    endloop
  endfacet
  facet normal 0.857677 0.514189 0
    outer loop
      vertex 14.1899 40.1349 4
      vertex 14.2884 39.9706 4.71
      vertex 14.2884 39.9706 4
    endloop
  endfacet
  facet normal 0.758348 0.65185 0
    outer loop
      vertex 14.1899 40.1349 4.71
      vertex 14.0632 40.2823 4
      vertex 14.0632 40.2823 4.71
    endloop
  endfacet
  facet normal 0.758348 0.65185 0
    outer loop
      vertex 14.0632 40.2823 4
      vertex 14.1899 40.1349 4.71
      vertex 14.1899 40.1349 4
    endloop
  endfacet
  facet normal 0.639732 0.768598 -0
    outer loop
      vertex 14.0632 40.2823 4
      vertex 13.9129 40.4074 4.71
      vertex 14.0632 40.2823 4.71
    endloop
  endfacet
  facet normal 0.639732 0.768598 0
    outer loop
      vertex 13.9129 40.4074 4.71
      vertex 14.0632 40.2823 4
      vertex 13.9129 40.4074 4
    endloop
  endfacet
  facet normal 0.497625 0.867392 -0
    outer loop
      vertex 13.9129 40.4074 4
      vertex 13.7433 40.5047 4.71
      vertex 13.9129 40.4074 4.71
    endloop
  endfacet
  facet normal 0.497625 0.867392 0
    outer loop
      vertex 13.7433 40.5047 4.71
      vertex 13.9129 40.4074 4
      vertex 13.7433 40.5047 4
    endloop
  endfacet
  facet normal 0.345452 0.938436 -0
    outer loop
      vertex 13.7433 40.5047 4
      vertex 13.5545 40.5742 4.71
      vertex 13.7433 40.5047 4.71
    endloop
  endfacet
  facet normal 0.345452 0.938436 0
    outer loop
      vertex 13.5545 40.5742 4.71
      vertex 13.7433 40.5047 4
      vertex 13.5545 40.5742 4
    endloop
  endfacet
  facet normal 0.196026 0.980599 -0
    outer loop
      vertex 13.5545 40.5742 4
      vertex 13.3464 40.6158 4.71
      vertex 13.5545 40.5742 4.71
    endloop
  endfacet
  facet normal 0.196026 0.980599 0
    outer loop
      vertex 13.3464 40.6158 4.71
      vertex 13.5545 40.5742 4
      vertex 13.3464 40.6158 4
    endloop
  endfacet
  facet normal 0.0610386 0.998135 -0
    outer loop
      vertex 13.3464 40.6158 4
      vertex 13.1191 40.6297 4.71
      vertex 13.3464 40.6158 4.71
    endloop
  endfacet
  facet normal 0.0610386 0.998135 0
    outer loop
      vertex 13.1191 40.6297 4.71
      vertex 13.3464 40.6158 4
      vertex 13.1191 40.6297 4
    endloop
  endfacet
  facet normal -0.053133 0.998587 0
    outer loop
      vertex 13.1191 40.6297 4
      vertex 12.9274 40.6195 4.71
      vertex 13.1191 40.6297 4.71
    endloop
  endfacet
  facet normal -0.053133 0.998587 0
    outer loop
      vertex 12.9274 40.6195 4.71
      vertex 13.1191 40.6297 4
      vertex 12.9274 40.6195 4
    endloop
  endfacet
  facet normal -0.169759 0.985486 0
    outer loop
      vertex 12.9274 40.6195 4
      vertex 12.7486 40.5887 4.71
      vertex 12.9274 40.6195 4.71
    endloop
  endfacet
  facet normal -0.169759 0.985486 0
    outer loop
      vertex 12.7486 40.5887 4.71
      vertex 12.9274 40.6195 4
      vertex 12.7486 40.5887 4
    endloop
  endfacet
  facet normal -0.29522 0.955429 0
    outer loop
      vertex 12.7486 40.5887 4
      vertex 12.5829 40.5375 4.71
      vertex 12.7486 40.5887 4.71
    endloop
  endfacet
  facet normal -0.29522 0.955429 0
    outer loop
      vertex 12.5829 40.5375 4.71
      vertex 12.7486 40.5887 4
      vertex 12.5829 40.5375 4
    endloop
  endfacet
  facet normal -0.425284 0.90506 0
    outer loop
      vertex 12.5829 40.5375 4
      vertex 12.4301 40.4657 4.71
      vertex 12.5829 40.5375 4.71
    endloop
  endfacet
  facet normal -0.425284 0.90506 0
    outer loop
      vertex 12.4301 40.4657 4.71
      vertex 12.5829 40.5375 4
      vertex 12.4301 40.4657 4
    endloop
  endfacet
  facet normal -0.550975 0.834522 0
    outer loop
      vertex 12.4301 40.4657 4
      vertex 12.2903 40.3734 4.71
      vertex 12.4301 40.4657 4.71
    endloop
  endfacet
  facet normal -0.550975 0.834522 0
    outer loop
      vertex 12.2903 40.3734 4.71
      vertex 12.4301 40.4657 4
      vertex 12.2903 40.3734 4
    endloop
  endfacet
  facet normal 0.998181 -0.0602891 0
    outer loop
      vertex 12.2903 40.3734 4.71
      vertex 12.3672 41.6466 4
      vertex 12.3672 41.6466 4.71
    endloop
  endfacet
  facet normal 0.998181 -0.0602891 0
    outer loop
      vertex 12.3672 41.6466 4
      vertex 12.2903 40.3734 4.71
      vertex 12.2903 40.3734 4
    endloop
  endfacet
  facet normal 0 -1 0
    outer loop
      vertex 12.3672 41.6466 4
      vertex 14.1814 41.6466 4.71
      vertex 12.3672 41.6466 4.71
    endloop
  endfacet
  facet normal 0 -1 -0
    outer loop
      vertex 14.1814 41.6466 4.71
      vertex 12.3672 41.6466 4
      vertex 14.1814 41.6466 4
    endloop
  endfacet
  facet normal 1 -0 0
    outer loop
      vertex 14.1814 41.6466 4.71
      vertex 14.1814 42.0823 4
      vertex 14.1814 42.0823 4.71
    endloop
  endfacet
  facet normal 1 0 0
    outer loop
      vertex 14.1814 42.0823 4
      vertex 14.1814 41.6466 4.71
      vertex 14.1814 41.6466 4
    endloop
  endfacet
  facet normal 0 1 -0
    outer loop
      vertex 14.1814 42.0823 4
      vertex 11.9001 42.0823 4.71
      vertex 14.1814 42.0823 4.71
    endloop
  endfacet
  facet normal 0 1 0
    outer loop
      vertex 11.9001 42.0823 4.71
      vertex 14.1814 42.0823 4
      vertex 11.9001 42.0823 4
    endloop
  endfacet
  facet normal -0.998085 0.0618573 0
    outer loop
      vertex 11.7663 39.9234 4
      vertex 11.9001 42.0823 4.71
      vertex 11.9001 42.0823 4
    endloop
  endfacet
  facet normal -0.998085 0.0618573 0
    outer loop
      vertex 11.9001 42.0823 4.71
      vertex 11.7663 39.9234 4
      vertex 11.7663 39.9234 4.71
    endloop
  endfacet
  facet normal 0 -1 0
    outer loop
      vertex 11.7663 39.9234 4
      vertex 12.2675 39.9234 4.71
      vertex 11.7663 39.9234 4.71
    endloop
  endfacet
  facet normal 0 -1 -0
    outer loop
      vertex 12.2675 39.9234 4.71
      vertex 11.7663 39.9234 4
      vertex 12.2675 39.9234 4
    endloop
  endfacet
  facet normal 0.635519 -0.772085 0
    outer loop
      vertex 12.2675 39.9234 4
      vertex 12.3393 39.9825 4.71
      vertex 12.2675 39.9234 4.71
    endloop
  endfacet
  facet normal 0.635519 -0.772085 0
    outer loop
      vertex 12.3393 39.9825 4.71
      vertex 12.2675 39.9234 4
      vertex 12.3393 39.9825 4
    endloop
  endfacet
  facet normal 0.584334 -0.811513 0
    outer loop
      vertex 12.3393 39.9825 4
      vertex 12.4111 40.0342 4.71
      vertex 12.3393 39.9825 4.71
    endloop
  endfacet
  facet normal 0.584334 -0.811513 0
    outer loop
      vertex 12.4111 40.0342 4.71
      vertex 12.3393 39.9825 4
      vertex 12.4111 40.0342 4
    endloop
  endfacet
  facet normal 0.526477 -0.850189 0
    outer loop
      vertex 12.4111 40.0342 4
      vertex 12.4828 40.0786 4.71
      vertex 12.4111 40.0342 4.71
    endloop
  endfacet
  facet normal 0.526477 -0.850189 0
    outer loop
      vertex 12.4828 40.0786 4.71
      vertex 12.4111 40.0342 4
      vertex 12.4828 40.0786 4
    endloop
  endfacet
  facet normal 0.459053 -0.888409 0
    outer loop
      vertex 12.4828 40.0786 4
      vertex 12.5546 40.1157 4.71
      vertex 12.4828 40.0786 4.71
    endloop
  endfacet
  facet normal 0.459053 -0.888409 0
    outer loop
      vertex 12.5546 40.1157 4.71
      vertex 12.4828 40.0786 4
      vertex 12.5546 40.1157 4
    endloop
  endfacet
  facet normal 0.384433 -0.923153 0
    outer loop
      vertex 12.5546 40.1157 4
      vertex 12.6264 40.1456 4.71
      vertex 12.5546 40.1157 4.71
    endloop
  endfacet
  facet normal 0.384433 -0.923153 0
    outer loop
      vertex 12.6264 40.1456 4.71
      vertex 12.5546 40.1157 4
      vertex 12.6264 40.1456 4
    endloop
  endfacet
  facet normal 0.307994 -0.951388 0
    outer loop
      vertex 12.6264 40.1456 4
      vertex 12.6993 40.1692 4.71
      vertex 12.6264 40.1456 4.71
    endloop
  endfacet
  facet normal 0.307994 -0.951388 0
    outer loop
      vertex 12.6993 40.1692 4.71
      vertex 12.6264 40.1456 4
      vertex 12.6993 40.1692 4
    endloop
  endfacet
  facet normal 0.23645 -0.971644 0
    outer loop
      vertex 12.6993 40.1692 4
      vertex 12.7745 40.1875 4.71
      vertex 12.6993 40.1692 4.71
    endloop
  endfacet
  facet normal 0.23645 -0.971644 0
    outer loop
      vertex 12.7745 40.1875 4.71
      vertex 12.6993 40.1692 4
      vertex 12.7745 40.1875 4
    endloop
  endfacet
  facet normal 0.166668 -0.986013 0
    outer loop
      vertex 12.7745 40.1875 4
      vertex 12.852 40.2006 4.71
      vertex 12.7745 40.1875 4.71
    endloop
  endfacet
  facet normal 0.166668 -0.986013 0
    outer loop
      vertex 12.852 40.2006 4.71
      vertex 12.7745 40.1875 4
      vertex 12.852 40.2006 4
    endloop
  endfacet
  facet normal 0.0986383 -0.995123 0
    outer loop
      vertex 12.852 40.2006 4
      vertex 12.9317 40.2085 4.71
      vertex 12.852 40.2006 4.71
    endloop
  endfacet
  facet normal 0.0986383 -0.995123 0
    outer loop
      vertex 12.9317 40.2085 4.71
      vertex 12.852 40.2006 4
      vertex 12.9317 40.2085 4
    endloop
  endfacet
  facet normal 0.0316914 -0.999498 0
    outer loop
      vertex 12.9317 40.2085 4
      vertex 13.0137 40.2111 4.71
      vertex 12.9317 40.2085 4.71
    endloop
  endfacet
  facet normal 0.0316914 -0.999498 0
    outer loop
      vertex 13.0137 40.2111 4.71
      vertex 12.9317 40.2085 4
      vertex 13.0137 40.2111 4
    endloop
  endfacet
  facet normal -0.0606723 -0.998158 0
    outer loop
      vertex 13.0137 40.2111 4
      vertex 13.1667 40.2018 4.71
      vertex 13.0137 40.2111 4.71
    endloop
  endfacet
  facet normal -0.0606723 -0.998158 -0
    outer loop
      vertex 13.1667 40.2018 4.71
      vertex 13.0137 40.2111 4
      vertex 13.1667 40.2018 4
    endloop
  endfacet
  facet normal -0.19706 -0.980391 0
    outer loop
      vertex 13.1667 40.2018 4
      vertex 13.3065 40.1737 4.71
      vertex 13.1667 40.2018 4.71
    endloop
  endfacet
  facet normal -0.19706 -0.980391 -0
    outer loop
      vertex 13.3065 40.1737 4.71
      vertex 13.1667 40.2018 4
      vertex 13.3065 40.1737 4
    endloop
  endfacet
  facet normal -0.345843 -0.938293 0
    outer loop
      vertex 13.3065 40.1737 4
      vertex 13.4332 40.127 4.71
      vertex 13.3065 40.1737 4.71
    endloop
  endfacet
  facet normal -0.345843 -0.938293 -0
    outer loop
      vertex 13.4332 40.127 4.71
      vertex 13.3065 40.1737 4
      vertex 13.4332 40.127 4
    endloop
  endfacet
  facet normal -0.4986 -0.866832 0
    outer loop
      vertex 13.4332 40.127 4
      vertex 13.5469 40.0616 4.71
      vertex 13.4332 40.127 4.71
    endloop
  endfacet
  facet normal -0.4986 -0.866832 -0
    outer loop
      vertex 13.5469 40.0616 4.71
      vertex 13.4332 40.127 4
      vertex 13.5469 40.0616 4
    endloop
  endfacet
  facet normal -0.64131 -0.767282 0
    outer loop
      vertex 13.5469 40.0616 4
      vertex 13.6474 39.9776 4.71
      vertex 13.5469 40.0616 4.71
    endloop
  endfacet
  facet normal -0.64131 -0.767282 -0
    outer loop
      vertex 13.6474 39.9776 4.71
      vertex 13.5469 40.0616 4
      vertex 13.6474 39.9776 4
    endloop
  endfacet
  facet normal -0.761201 -0.648516 0
    outer loop
      vertex 13.732 39.8783 4
      vertex 13.6474 39.9776 4.71
      vertex 13.6474 39.9776 4
    endloop
  endfacet
  facet normal -0.761201 -0.648516 0
    outer loop
      vertex 13.6474 39.9776 4.71
      vertex 13.732 39.8783 4
      vertex 13.732 39.8783 4.71
    endloop
  endfacet
  facet normal -0.859812 -0.51061 0
    outer loop
      vertex 13.7978 39.7675 4
      vertex 13.732 39.8783 4.71
      vertex 13.732 39.8783 4
    endloop
  endfacet
  facet normal -0.859812 -0.51061 0
    outer loop
      vertex 13.732 39.8783 4.71
      vertex 13.7978 39.7675 4
      vertex 13.7978 39.7675 4.71
    endloop
  endfacet
  facet normal -0.93364 -0.358213 0
    outer loop
      vertex 13.8448 39.645 4
      vertex 13.7978 39.7675 4.71
      vertex 13.7978 39.7675 4
    endloop
  endfacet
  facet normal -0.93364 -0.358213 0
    outer loop
      vertex 13.7978 39.7675 4.71
      vertex 13.8448 39.645 4
      vertex 13.8448 39.645 4.71
    endloop
  endfacet
  facet normal -0.978596 -0.20579 0
    outer loop
      vertex 13.873 39.5109 4
      vertex 13.8448 39.645 4.71
      vertex 13.8448 39.645 4
    endloop
  endfacet
  facet normal -0.978596 -0.20579 0
    outer loop
      vertex 13.8448 39.645 4.71
      vertex 13.873 39.5109 4
      vertex 13.873 39.5109 4.71
    endloop
  endfacet
  facet normal -0.997925 -0.0643823 0
    outer loop
      vertex 13.8824 39.3652 4
      vertex 13.873 39.5109 4.71
      vertex 13.873 39.5109 4
    endloop
  endfacet
  facet normal -0.997925 -0.0643823 0
    outer loop
      vertex 13.873 39.5109 4.71
      vertex 13.8824 39.3652 4
      vertex 13.8824 39.3652 4.71
    endloop
  endfacet
  facet normal -0.998449 0.0556689 0
    outer loop
      vertex 13.8731 39.1984 4
      vertex 13.8824 39.3652 4.71
      vertex 13.8824 39.3652 4
    endloop
  endfacet
  facet normal -0.998449 0.0556689 0
    outer loop
      vertex 13.8824 39.3652 4.71
      vertex 13.8731 39.1984 4
      vertex 13.8731 39.1984 4.71
    endloop
  endfacet
  facet normal -0.983338 0.181788 0
    outer loop
      vertex 13.845 39.0464 4
      vertex 13.8731 39.1984 4.71
      vertex 13.8731 39.1984 4
    endloop
  endfacet
  facet normal -0.983338 0.181788 0
    outer loop
      vertex 13.8731 39.1984 4.71
      vertex 13.845 39.0464 4
      vertex 13.845 39.0464 4.71
    endloop
  endfacet
  facet normal -0.94652 0.322646 0
    outer loop
      vertex 13.7983 38.9094 4
      vertex 13.845 39.0464 4.71
      vertex 13.845 39.0464 4
    endloop
  endfacet
  facet normal -0.94652 0.322646 0
    outer loop
      vertex 13.845 39.0464 4.71
      vertex 13.7983 38.9094 4
      vertex 13.7983 38.9094 4.71
    endloop
  endfacet
  facet normal -0.881351 0.472462 0
    outer loop
      vertex 13.7329 38.7874 4
      vertex 13.7983 38.9094 4.71
      vertex 13.7983 38.9094 4
    endloop
  endfacet
  facet normal -0.881351 0.472462 0
    outer loop
      vertex 13.7983 38.9094 4.71
      vertex 13.7329 38.7874 4
      vertex 13.7329 38.7874 4.71
    endloop
  endfacet
  facet normal -0.786777 0.617238 0
    outer loop
      vertex 13.6488 38.6802 4
      vertex 13.7329 38.7874 4.71
      vertex 13.7329 38.7874 4
    endloop
  endfacet
  facet normal -0.786777 0.617238 0
    outer loop
      vertex 13.7329 38.7874 4.71
      vertex 13.6488 38.6802 4
      vertex 13.6488 38.6802 4.71
    endloop
  endfacet
  facet normal -0.665514 0.746385 0
    outer loop
      vertex 13.6488 38.6802 4
      vertex 13.5482 38.5905 4.71
      vertex 13.6488 38.6802 4.71
    endloop
  endfacet
  facet normal -0.665514 0.746385 0
    outer loop
      vertex 13.5482 38.5905 4.71
      vertex 13.6488 38.6802 4
      vertex 13.5482 38.5905 4
    endloop
  endfacet
  facet normal -0.519192 0.854658 0
    outer loop
      vertex 13.5482 38.5905 4
      vertex 13.4333 38.5207 4.71
      vertex 13.5482 38.5905 4.71
    endloop
  endfacet
  facet normal -0.519192 0.854658 0
    outer loop
      vertex 13.4333 38.5207 4.71
      vertex 13.5482 38.5905 4
      vertex 13.4333 38.5207 4
    endloop
  endfacet
  facet normal -0.359414 0.933178 0
    outer loop
      vertex 13.4333 38.5207 4
      vertex 13.304 38.4709 4.71
      vertex 13.4333 38.5207 4.71
    endloop
  endfacet
  facet normal -0.359414 0.933178 0
    outer loop
      vertex 13.304 38.4709 4.71
      vertex 13.4333 38.5207 4
      vertex 13.304 38.4709 4
    endloop
  endfacet
  facet normal -0.203709 0.979031 0
    outer loop
      vertex 13.304 38.4709 4
      vertex 13.1603 38.441 4.71
      vertex 13.304 38.4709 4.71
    endloop
  endfacet
  facet normal -0.203709 0.979031 0
    outer loop
      vertex 13.1603 38.441 4.71
      vertex 13.304 38.4709 4
      vertex 13.1603 38.441 4
    endloop
  endfacet
  facet normal -0.0631648 0.998003 0
    outer loop
      vertex 13.1603 38.441 4
      vertex 13.0023 38.431 4.71
      vertex 13.1603 38.441 4.71
    endloop
  endfacet
  facet normal -0.0631648 0.998003 0
    outer loop
      vertex 13.0023 38.431 4.71
      vertex 13.1603 38.441 4
      vertex 13.0023 38.431 4
    endloop
  endfacet
  facet normal 0.0953764 0.995441 -0
    outer loop
      vertex 13.0023 38.431 4
      vertex 12.7539 38.4548 4.71
      vertex 13.0023 38.431 4.71
    endloop
  endfacet
  facet normal 0.0953764 0.995441 0
    outer loop
      vertex 12.7539 38.4548 4.71
      vertex 13.0023 38.431 4
      vertex 12.7539 38.4548 4
    endloop
  endfacet
  facet normal 0.3255 0.945542 -0
    outer loop
      vertex 12.7539 38.4548 4
      vertex 12.5462 38.5263 4.71
      vertex 12.7539 38.4548 4.71
    endloop
  endfacet
  facet normal 0.3255 0.945542 0
    outer loop
      vertex 12.5462 38.5263 4.71
      vertex 12.7539 38.4548 4
      vertex 12.5462 38.5263 4
    endloop
  endfacet
  facet normal 0.580546 0.814228 -0
    outer loop
      vertex 12.5462 38.5263 4
      vertex 12.3793 38.6453 4.71
      vertex 12.5462 38.5263 4.71
    endloop
  endfacet
  facet normal 0.580546 0.814228 0
    outer loop
      vertex 12.3793 38.6453 4.71
      vertex 12.5462 38.5263 4
      vertex 12.3793 38.6453 4
    endloop
  endfacet
  facet normal 0.797525 0.603286 0
    outer loop
      vertex 12.3793 38.6453 4.71
      vertex 12.2532 38.812 4
      vertex 12.2532 38.812 4.71
    endloop
  endfacet
  facet normal 0.797525 0.603286 0
    outer loop
      vertex 12.2532 38.812 4
      vertex 12.3793 38.6453 4.71
      vertex 12.3793 38.6453 4
    endloop
  endfacet
  facet normal 0.928954 0.370195 0
    outer loop
      vertex 12.2532 38.812 4.71
      vertex 12.1678 39.0263 4
      vertex 12.1678 39.0263 4.71
    endloop
  endfacet
  facet normal 0.928954 0.370195 0
    outer loop
      vertex 12.1678 39.0263 4
      vertex 12.2532 38.812 4.71
      vertex 12.2532 38.812 4
    endloop
  endfacet
  facet normal -0.114617 0.99341 0
    outer loop
      vertex 12.1678 39.0263 4
      vertex 11.6495 38.9665 4.71
      vertex 12.1678 39.0263 4.71
    endloop
  endfacet
  facet normal -0.114617 0.99341 0
    outer loop
      vertex 11.6495 38.9665 4.71
      vertex 12.1678 39.0263 4
      vertex 11.6495 38.9665 4
    endloop
  endfacet
  facet normal -0.967011 -0.254735 0
    outer loop
      vertex 11.6961 38.7896 4
      vertex 11.6495 38.9665 4.71
      vertex 11.6495 38.9665 4
    endloop
  endfacet
  facet normal -0.967011 -0.254735 0
    outer loop
      vertex 11.6495 38.9665 4.71
      vertex 11.6961 38.7896 4
      vertex 11.6961 38.7896 4.71
    endloop
  endfacet
  facet normal -0.922081 -0.386996 0
    outer loop
      vertex 11.763 38.6302 4
      vertex 11.6961 38.7896 4.71
      vertex 11.6961 38.7896 4
    endloop
  endfacet
  facet normal -0.922081 -0.386996 0
    outer loop
      vertex 11.6961 38.7896 4.71
      vertex 11.763 38.6302 4
      vertex 11.763 38.6302 4.71
    endloop
  endfacet
  facet normal -0.852091 -0.523393 0
    outer loop
      vertex 11.8501 38.4884 4
      vertex 11.763 38.6302 4.71
      vertex 11.763 38.6302 4
    endloop
  endfacet
  facet normal -0.852091 -0.523393 0
    outer loop
      vertex 11.763 38.6302 4.71
      vertex 11.8501 38.4884 4
      vertex 11.8501 38.4884 4.71
    endloop
  endfacet
  facet normal -0.756672 -0.653794 0
    outer loop
      vertex 11.9575 38.3641 4
      vertex 11.8501 38.4884 4.71
      vertex 11.8501 38.4884 4
    endloop
  endfacet
  facet normal -0.756672 -0.653794 0
    outer loop
      vertex 11.8501 38.4884 4.71
      vertex 11.9575 38.3641 4
      vertex 11.9575 38.3641 4.71
    endloop
  endfacet
  facet normal -0.641542 -0.767088 0
    outer loop
      vertex 11.9575 38.3641 4
      vertex 12.0852 38.2573 4.71
      vertex 11.9575 38.3641 4.71
    endloop
  endfacet
  facet normal -0.641542 -0.767088 -0
    outer loop
      vertex 12.0852 38.2573 4.71
      vertex 11.9575 38.3641 4
      vertex 12.0852 38.2573 4
    endloop
  endfacet
  facet normal -0.515785 -0.856718 0
    outer loop
      vertex 12.0852 38.2573 4
      vertex 12.2317 38.1691 4.71
      vertex 12.0852 38.2573 4.71
    endloop
  endfacet
  facet normal -0.515785 -0.856718 -0
    outer loop
      vertex 12.2317 38.1691 4.71
      vertex 12.0852 38.2573 4
      vertex 12.2317 38.1691 4
    endloop
  endfacet
  facet normal -0.385614 -0.92266 0
    outer loop
      vertex 12.2317 38.1691 4
      vertex 12.3956 38.1006 4.71
      vertex 12.2317 38.1691 4.71
    endloop
  endfacet
  facet normal -0.385614 -0.92266 -0
    outer loop
      vertex 12.3956 38.1006 4.71
      vertex 12.2317 38.1691 4
      vertex 12.3956 38.1006 4
    endloop
  endfacet
  facet normal -0.261178 -0.965291 0
    outer loop
      vertex 12.3956 38.1006 4
      vertex 12.5767 38.0516 4.71
      vertex 12.3956 38.1006 4.71
    endloop
  endfacet
  facet normal -0.261178 -0.965291 -0
    outer loop
      vertex 12.5767 38.0516 4.71
      vertex 12.3956 38.1006 4
      vertex 12.5767 38.0516 4
    endloop
  endfacet
  facet normal -0.146585 -0.989198 0
    outer loop
      vertex 12.5767 38.0516 4
      vertex 12.7751 38.0222 4.71
      vertex 12.5767 38.0516 4.71
    endloop
  endfacet
  facet normal -0.146585 -0.989198 -0
    outer loop
      vertex 12.7751 38.0222 4.71
      vertex 12.5767 38.0516 4
      vertex 12.7751 38.0222 4
    endloop
  endfacet
  facet normal -0.0453657 -0.99897 0
    outer loop
      vertex 12.7751 38.0222 4
      vertex 12.9909 38.0124 4.71
      vertex 12.7751 38.0222 4.71
    endloop
  endfacet
  facet normal -0.0453657 -0.99897 -0
    outer loop
      vertex 12.9909 38.0124 4.71
      vertex 12.7751 38.0222 4
      vertex 12.9909 38.0124 4
    endloop
  endfacet
  facet normal 0.05655 -0.9984 0
    outer loop
      vertex 12.9909 38.0124 4
      vertex 13.2469 38.0269 4.71
      vertex 12.9909 38.0124 4.71
    endloop
  endfacet
  facet normal 0.05655 -0.9984 0
    outer loop
      vertex 13.2469 38.0269 4.71
      vertex 12.9909 38.0124 4
      vertex 13.2469 38.0269 4
    endloop
  endfacet
  facet normal 1 -0 0
    outer loop
      vertex 86 48 4
      vertex 86 62 1.8
      vertex 86 62 4
    endloop
  endfacet
  facet normal 1 0 0
    outer loop
      vertex 86 62 1.8
      vertex 86 48 4
      vertex 86 48 1.8
    endloop
  endfacet
  facet normal 0 0 1
    outer loop
      vertex 86 62 4
      vertex 85 58.6 4
      vertex 86 48 4
    endloop
  endfacet
  facet normal 0 0 1
    outer loop
      vertex 86 62 4
      vertex 22 58.6 4
      vertex 85 58.6 4
    endloop
  endfacet
  facet normal -0 0 1
    outer loop
      vertex 16.7764 54.5915 4
      vertex 22 51.4 4
      vertex 22 58.6 4
    endloop
  endfacet
  facet normal 0 0 1
    outer loop
      vertex 22 51.4 4
      vertex 16.7764 54.5915 4
      vertex 16.7904 54.3766 4
    endloop
  endfacet
  facet normal 0 0 1
    outer loop
      vertex 22 58.6 4
      vertex 16.7342 54.7895 4
      vertex 16.7764 54.5915 4
    endloop
  endfacet
  facet normal -0 0 1
    outer loop
      vertex 16.5569 56.6466 4
      vertex 16.7342 54.7895 4
      vertex 22 58.6 4
    endloop
  endfacet
  facet normal 0 0 1
    outer loop
      vertex 16.7342 54.7895 4
      vertex 16.5569 56.6466 4
      vertex 16.6638 54.9706 4
    endloop
  endfacet
  facet normal 0 0 1
    outer loop
      vertex 16.5569 56.6466 4
      vertex 22 58.6 4
      vertex 16.5569 57.0823 4
    endloop
  endfacet
  facet normal 0 0 1
    outer loop
      vertex 22 58.6 4
      vertex 14.2755 57.0823 4
      vertex 16.5569 57.0823 4
    endloop
  endfacet
  facet normal -0 0 1
    outer loop
      vertex 11.806 56.6466 4
      vertex 14.1417 54.9234 4
      vertex 14.2755 57.0823 4
    endloop
  endfacet
  facet normal 0 -0 1
    outer loop
      vertex 11.9833 54.7895 4
      vertex 14.1417 54.9234 4
      vertex 11.9129 54.9706 4
    endloop
  endfacet
  facet normal 0 0 1
    outer loop
      vertex 14.1417 54.9234 4
      vertex 13.2966 53.6931 4
      vertex 14.0249 53.9665 4
    endloop
  endfacet
  facet normal -0 0 1
    outer loop
      vertex 12.0245 54.1334 4
      vertex 12.7413 53.6931 4
      vertex 12.0396 54.3766 4
    endloop
  endfacet
  facet normal 0 0 1
    outer loop
      vertex 14.1417 54.9234 4
      vertex 12.0255 54.5915 4
      vertex 13.2966 53.6931 4
    endloop
  endfacet
  facet normal 0 0 1
    outer loop
      vertex 12.7413 53.6931 4
      vertex 12.0255 54.5915 4
      vertex 12.0396 54.3766 4
    endloop
  endfacet
  facet normal 0 0 1
    outer loop
      vertex 13.2966 53.6931 4
      vertex 12.0255 54.5915 4
      vertex 12.7413 53.6931 4
    endloop
  endfacet
  facet normal 0 -0 1
    outer loop
      vertex 12.0255 54.5915 4
      vertex 14.1417 54.9234 4
      vertex 11.9833 54.7895 4
    endloop
  endfacet
  facet normal 0 0 1
    outer loop
      vertex 14.1417 54.9234 4
      vertex 11.8145 55.1349 4
      vertex 11.9129 54.9706 4
    endloop
  endfacet
  facet normal 0 0 1
    outer loop
      vertex 11.806 56.6466 4
      vertex 14.2755 57.0823 4
      vertex 11.806 57.0823 4
    endloop
  endfacet
  facet normal 0 0 1
    outer loop
      vertex 2 62 4
      vertex 14.2755 57.0823 4
      vertex 22 58.6 4
    endloop
  endfacet
  facet normal 0 0 1
    outer loop
      vertex 14.2755 57.0823 4
      vertex 2 62 4
      vertex 11.806 57.0823 4
    endloop
  endfacet
  facet normal 0 0 1
    outer loop
      vertex 2 62 4
      vertex 9.39081 54.9234 4
      vertex 9.52466 57.0823 4
    endloop
  endfacet
  facet normal 0 0 1
    outer loop
      vertex 9.39081 54.9234 4
      vertex 2 62 4
      vertex 9.27405 53.9665 4
    endloop
  endfacet
  facet normal 0 0 1
    outer loop
      vertex 11.806 57.0823 4
      vertex 2 62 4
      vertex 9.52466 57.0823 4
    endloop
  endfacet
  facet normal -0 0 1
    outer loop
      vertex 2 62 4
      vertex 22 58.6 4
      vertex 86 62 4
    endloop
  endfacet
  facet normal -0 0 1
    outer loop
      vertex 85 51.4 4
      vertex 86 48 4
      vertex 85 58.6 4
    endloop
  endfacet
  facet normal -0 0 1
    outer loop
      vertex 22 51.4 4
      vertex 86 48 4
      vertex 85 51.4 4
    endloop
  endfacet
  facet normal -0 0 1
    outer loop
      vertex 16.7753 54.1334 4
      vertex 22 51.4 4
      vertex 16.7904 54.3766 4
    endloop
  endfacet
  facet normal -0 0 1
    outer loop
      vertex 16.7301 53.9118 4
      vertex 22 51.4 4
      vertex 16.7753 54.1334 4
    endloop
  endfacet
  facet normal -0 0 1
    outer loop
      vertex 16.6546 53.7119 4
      vertex 22 51.4 4
      vertex 16.7301 53.9118 4
    endloop
  endfacet
  facet normal -0 0 1
    outer loop
      vertex 16.5489 53.5336 4
      vertex 22 51.4 4
      vertex 16.6546 53.7119 4
    endloop
  endfacet
  facet normal -0 0 1
    outer loop
      vertex 16.413 53.3769 4
      vertex 22 51.4 4
      vertex 16.5489 53.5336 4
    endloop
  endfacet
  facet normal -0 0 1
    outer loop
      vertex 16.2504 53.2457 4
      vertex 22 51.4 4
      vertex 16.413 53.3769 4
    endloop
  endfacet
  facet normal -0 0 1
    outer loop
      vertex 16.0644 53.1436 4
      vertex 22 51.4 4
      vertex 16.2504 53.2457 4
    endloop
  endfacet
  facet normal -0 0 1
    outer loop
      vertex 15.8551 53.0707 4
      vertex 22 51.4 4
      vertex 16.0644 53.1436 4
    endloop
  endfacet
  facet normal -0 0 1
    outer loop
      vertex 15.6224 53.0269 4
      vertex 22 51.4 4
      vertex 15.8551 53.0707 4
    endloop
  endfacet
  facet normal -0 0 1
    outer loop
      vertex 15.3663 53.0124 4
      vertex 22 51.4 4
      vertex 15.6224 53.0269 4
    endloop
  endfacet
  facet normal 0 0 1
    outer loop
      vertex 15.1506 53.0222 4
      vertex 22 51.4 4
      vertex 15.3663 53.0124 4
    endloop
  endfacet
  facet normal 0 0 1
    outer loop
      vertex 13.2966 53.0693 4
      vertex 15.1506 53.0222 4
      vertex 14.9521 53.0516 4
    endloop
  endfacet
  facet normal 0 0 1
    outer loop
      vertex 13.2966 53.6931 4
      vertex 14.0715 53.7896 4
      vertex 14.0249 53.9665 4
    endloop
  endfacet
  facet normal -0 0 1
    outer loop
      vertex 13.2966 53.6931 4
      vertex 14.1384 53.6302 4
      vertex 14.0715 53.7896 4
    endloop
  endfacet
  facet normal 0 0 1
    outer loop
      vertex 13.2966 53.0693 4
      vertex 14.1384 53.6302 4
      vertex 13.2966 53.6931 4
    endloop
  endfacet
  facet normal 0 0 1
    outer loop
      vertex 14.1384 53.6302 4
      vertex 13.2966 53.0693 4
      vertex 14.2255 53.4884 4
    endloop
  endfacet
  facet normal 0 0 1
    outer loop
      vertex 14.2255 53.4884 4
      vertex 13.2966 53.0693 4
      vertex 14.333 53.3641 4
    endloop
  endfacet
  facet normal 0 0 1
    outer loop
      vertex 14.333 53.3641 4
      vertex 13.2966 53.0693 4
      vertex 14.4607 53.2573 4
    endloop
  endfacet
  facet normal 0 0 1
    outer loop
      vertex 14.4607 53.2573 4
      vertex 13.2966 53.0693 4
      vertex 14.6072 53.1691 4
    endloop
  endfacet
  facet normal 0 0 1
    outer loop
      vertex 14.6072 53.1691 4
      vertex 13.2966 53.0693 4
      vertex 14.771 53.1006 4
    endloop
  endfacet
  facet normal -0 0 1
    outer loop
      vertex 13.2966 53.0693 4
      vertex 14.9521 53.0516 4
      vertex 14.771 53.1006 4
    endloop
  endfacet
  facet normal 0 0 1
    outer loop
      vertex 15.1506 53.0222 4
      vertex 13.2966 53.0693 4
      vertex 2 48 4
    endloop
  endfacet
  facet normal 0 0 1
    outer loop
      vertex 2 48 4
      vertex 13.2966 53.0693 4
      vertex 12.7413 53.0693 4
    endloop
  endfacet
  facet normal -0 0 1
    outer loop
      vertex 11.9792 53.9118 4
      vertex 12.7413 53.6931 4
      vertex 12.0245 54.1334 4
    endloop
  endfacet
  facet normal -0 0 1
    outer loop
      vertex 11.9037 53.7119 4
      vertex 12.7413 53.6931 4
      vertex 11.9792 53.9118 4
    endloop
  endfacet
  facet normal 0 0 1
    outer loop
      vertex 12.7413 53.6931 4
      vertex 11.9037 53.7119 4
      vertex 12.7413 53.0693 4
    endloop
  endfacet
  facet normal -0 0 1
    outer loop
      vertex 11.798 53.5336 4
      vertex 12.7413 53.0693 4
      vertex 11.9037 53.7119 4
    endloop
  endfacet
  facet normal -0 0 1
    outer loop
      vertex 11.6622 53.3769 4
      vertex 12.7413 53.0693 4
      vertex 11.798 53.5336 4
    endloop
  endfacet
  facet normal -0 0 1
    outer loop
      vertex 11.4995 53.2457 4
      vertex 12.7413 53.0693 4
      vertex 11.6622 53.3769 4
    endloop
  endfacet
  facet normal -0 0 1
    outer loop
      vertex 11.3136 53.1436 4
      vertex 12.7413 53.0693 4
      vertex 11.4995 53.2457 4
    endloop
  endfacet
  facet normal -0 0 1
    outer loop
      vertex 11.1042 53.0707 4
      vertex 12.7413 53.0693 4
      vertex 11.3136 53.1436 4
    endloop
  endfacet
  facet normal 0 0 1
    outer loop
      vertex 10.8715 53.0269 4
      vertex 12.7413 53.0693 4
      vertex 11.1042 53.0707 4
    endloop
  endfacet
  facet normal 0 0 1
    outer loop
      vertex 2 48 4
      vertex 12.7413 53.0693 4
      vertex 10.8715 53.0269 4
    endloop
  endfacet
  facet normal 0 0 1
    outer loop
      vertex 2 48 4
      vertex 10.8715 53.0269 4
      vertex 10.6155 53.0124 4
    endloop
  endfacet
  facet normal 0 0 1
    outer loop
      vertex 2 48 4
      vertex 10.6155 53.0124 4
      vertex 10.3997 53.0222 4
    endloop
  endfacet
  facet normal 0 0 1
    outer loop
      vertex 2 48 4
      vertex 9.27405 53.9665 4
      vertex 2 62 4
    endloop
  endfacet
  facet normal 0 0 1
    outer loop
      vertex 9.27405 53.9665 4
      vertex 2 48 4
      vertex 9.32063 53.7896 4
    endloop
  endfacet
  facet normal 0 0 1
    outer loop
      vertex 9.32063 53.7896 4
      vertex 2 48 4
      vertex 9.38751 53.6302 4
    endloop
  endfacet
  facet normal 0 0 1
    outer loop
      vertex 9.38751 53.6302 4
      vertex 2 48 4
      vertex 9.47466 53.4884 4
    endloop
  endfacet
  facet normal 0 0 1
    outer loop
      vertex 22 51.4 4
      vertex 2 48 4
      vertex 86 48 4
    endloop
  endfacet
  facet normal 0 0 1
    outer loop
      vertex 15.1506 53.0222 4
      vertex 2 48 4
      vertex 22 51.4 4
    endloop
  endfacet
  facet normal 0 0 1
    outer loop
      vertex 10.2012 53.0516 4
      vertex 2 48 4
      vertex 10.3997 53.0222 4
    endloop
  endfacet
  facet normal 0 0 1
    outer loop
      vertex 10.0201 53.1006 4
      vertex 2 48 4
      vertex 10.2012 53.0516 4
    endloop
  endfacet
  facet normal 0 0 1
    outer loop
      vertex 9.85629 53.1691 4
      vertex 2 48 4
      vertex 10.0201 53.1006 4
    endloop
  endfacet
  facet normal 0 0 1
    outer loop
      vertex 9.70979 53.2573 4
      vertex 2 48 4
      vertex 9.85629 53.1691 4
    endloop
  endfacet
  facet normal 0 0 1
    outer loop
      vertex 9.58209 53.3641 4
      vertex 2 48 4
      vertex 9.70979 53.2573 4
    endloop
  endfacet
  facet normal 0 0 1
    outer loop
      vertex 9.47466 53.4884 4
      vertex 2 48 4
      vertex 9.58209 53.3641 4
    endloop
  endfacet
  facet normal 0 0 1
    outer loop
      vertex 16.6638 54.9706 4
      vertex 16.5569 56.6466 4
      vertex 16.5653 55.1349 4
    endloop
  endfacet
  facet normal 0 0 1
    outer loop
      vertex 16.5569 56.6466 4
      vertex 16.4387 55.2823 4
      vertex 16.5653 55.1349 4
    endloop
  endfacet
  facet normal 0 0 1
    outer loop
      vertex 16.5569 56.6466 4
      vertex 16.2884 55.4074 4
      vertex 16.4387 55.2823 4
    endloop
  endfacet
  facet normal 0 0 1
    outer loop
      vertex 16.5569 56.6466 4
      vertex 16.1188 55.5047 4
      vertex 16.2884 55.4074 4
    endloop
  endfacet
  facet normal 0 0 1
    outer loop
      vertex 16.5569 56.6466 4
      vertex 15.9299 55.5742 4
      vertex 16.1188 55.5047 4
    endloop
  endfacet
  facet normal 0 0 1
    outer loop
      vertex 16.5569 56.6466 4
      vertex 15.7219 55.6158 4
      vertex 15.9299 55.5742 4
    endloop
  endfacet
  facet normal 0 0 1
    outer loop
      vertex 16.5569 56.6466 4
      vertex 15.4945 55.6297 4
      vertex 15.7219 55.6158 4
    endloop
  endfacet
  facet normal -0 0 1
    outer loop
      vertex 14.7426 56.6466 4
      vertex 15.4945 55.6297 4
      vertex 16.5569 56.6466 4
    endloop
  endfacet
  facet normal 0 0 1
    outer loop
      vertex 15.4945 55.6297 4
      vertex 14.7426 56.6466 4
      vertex 15.3028 55.6195 4
    endloop
  endfacet
  facet normal 0 0 1
    outer loop
      vertex 15.3028 55.6195 4
      vertex 14.7426 56.6466 4
      vertex 15.1241 55.5887 4
    endloop
  endfacet
  facet normal 0 0 1
    outer loop
      vertex 15.1241 55.5887 4
      vertex 14.7426 56.6466 4
      vertex 14.9583 55.5375 4
    endloop
  endfacet
  facet normal 0 0 1
    outer loop
      vertex 14.9583 55.5375 4
      vertex 14.7426 56.6466 4
      vertex 14.8055 55.4657 4
    endloop
  endfacet
  facet normal 0 0 1
    outer loop
      vertex 14.8055 55.4657 4
      vertex 14.7426 56.6466 4
      vertex 14.6657 55.3734 4
    endloop
  endfacet
  facet normal 0 0 1
    outer loop
      vertex 15.5421 55.2018 4
      vertex 16.2578 54.3652 4
      vertex 16.2484 54.5109 4
    endloop
  endfacet
  facet normal 0 0 1
    outer loop
      vertex 16.2578 54.3652 4
      vertex 15.3892 55.2111 4
      vertex 16.2485 54.1984 4
    endloop
  endfacet
  facet normal 0 0 1
    outer loop
      vertex 15.6819 55.1737 4
      vertex 16.2484 54.5109 4
      vertex 16.2202 54.645 4
    endloop
  endfacet
  facet normal -0 0 1
    outer loop
      vertex 15.3071 55.2085 4
      vertex 16.2485 54.1984 4
      vertex 15.3892 55.2111 4
    endloop
  endfacet
  facet normal 0 0 1
    outer loop
      vertex 15.6819 55.1737 4
      vertex 16.2202 54.645 4
      vertex 16.1732 54.7675 4
    endloop
  endfacet
  facet normal 0 0 1
    outer loop
      vertex 16.2578 54.3652 4
      vertex 15.5421 55.2018 4
      vertex 15.3892 55.2111 4
    endloop
  endfacet
  facet normal 0 0 1
    outer loop
      vertex 15.6819 55.1737 4
      vertex 16.1732 54.7675 4
      vertex 16.1075 54.8783 4
    endloop
  endfacet
  facet normal 0 0 1
    outer loop
      vertex 16.2485 54.1984 4
      vertex 15.3778 53.431 4
      vertex 16.2205 54.0464 4
    endloop
  endfacet
  facet normal 0 0 1
    outer loop
      vertex 15.6819 55.1737 4
      vertex 16.1075 54.8783 4
      vertex 16.0228 54.9776 4
    endloop
  endfacet
  facet normal 0 -0 1
    outer loop
      vertex 15.5358 53.441 4
      vertex 16.2205 54.0464 4
      vertex 15.3778 53.431 4
    endloop
  endfacet
  facet normal 0 0 1
    outer loop
      vertex 15.6819 55.1737 4
      vertex 16.0228 54.9776 4
      vertex 15.9223 55.0616 4
    endloop
  endfacet
  facet normal 0 0 1
    outer loop
      vertex 16.2484 54.5109 4
      vertex 15.6819 55.1737 4
      vertex 15.5421 55.2018 4
    endloop
  endfacet
  facet normal 0 0 1
    outer loop
      vertex 15.6819 55.1737 4
      vertex 15.9223 55.0616 4
      vertex 15.8087 55.127 4
    endloop
  endfacet
  facet normal 0 0 1
    outer loop
      vertex 16.1738 53.9094 4
      vertex 15.6794 53.4709 4
      vertex 16.1084 53.7874 4
    endloop
  endfacet
  facet normal 0 0 1
    outer loop
      vertex 16.1084 53.7874 4
      vertex 15.6794 53.4709 4
      vertex 16.0243 53.6802 4
    endloop
  endfacet
  facet normal 0 0 1
    outer loop
      vertex 15.9237 53.5905 4
      vertex 15.6794 53.4709 4
      vertex 15.8087 53.5207 4
    endloop
  endfacet
  facet normal 0 0 1
    outer loop
      vertex 16.0243 53.6802 4
      vertex 15.6794 53.4709 4
      vertex 15.9237 53.5905 4
    endloop
  endfacet
  facet normal 0 -0 1
    outer loop
      vertex 15.6794 53.4709 4
      vertex 16.1738 53.9094 4
      vertex 15.5358 53.441 4
    endloop
  endfacet
  facet normal 0 0 1
    outer loop
      vertex 16.2205 54.0464 4
      vertex 15.5358 53.441 4
      vertex 16.1738 53.9094 4
    endloop
  endfacet
  facet normal 0 0 1
    outer loop
      vertex 14.5433 54.0263 4
      vertex 16.2485 54.1984 4
      vertex 15.3071 55.2085 4
    endloop
  endfacet
  facet normal 0 0 1
    outer loop
      vertex 14.5433 54.0263 4
      vertex 15.3071 55.2085 4
      vertex 15.2274 55.2006 4
    endloop
  endfacet
  facet normal 0 0 1
    outer loop
      vertex 14.5433 54.0263 4
      vertex 15.2274 55.2006 4
      vertex 15.1499 55.1875 4
    endloop
  endfacet
  facet normal 0 0 1
    outer loop
      vertex 16.2485 54.1984 4
      vertex 14.5433 54.0263 4
      vertex 15.3778 53.431 4
    endloop
  endfacet
  facet normal 0 0 1
    outer loop
      vertex 14.5433 54.0263 4
      vertex 15.1499 55.1875 4
      vertex 15.0747 55.1692 4
    endloop
  endfacet
  facet normal 0 0 1
    outer loop
      vertex 14.5433 54.0263 4
      vertex 15.0747 55.1692 4
      vertex 15.0018 55.1456 4
    endloop
  endfacet
  facet normal 0 0 1
    outer loop
      vertex 14.5433 54.0263 4
      vertex 15.0018 55.1456 4
      vertex 14.93 55.1157 4
    endloop
  endfacet
  facet normal 0 0 1
    outer loop
      vertex 15.3778 53.431 4
      vertex 14.5433 54.0263 4
      vertex 15.1293 53.4548 4
    endloop
  endfacet
  facet normal 0 0 1
    outer loop
      vertex 14.5433 54.0263 4
      vertex 14.93 55.1157 4
      vertex 14.8582 55.0786 4
    endloop
  endfacet
  facet normal 0 0 1
    outer loop
      vertex 14.5433 54.0263 4
      vertex 14.8582 55.0786 4
      vertex 14.7865 55.0342 4
    endloop
  endfacet
  facet normal -0 -0 1
    outer loop
      vertex 14.6286 53.812 4
      vertex 15.1293 53.4548 4
      vertex 14.5433 54.0263 4
    endloop
  endfacet
  facet normal 0 0 1
    outer loop
      vertex 14.5433 54.0263 4
      vertex 14.7865 55.0342 4
      vertex 14.7147 54.9825 4
    endloop
  endfacet
  facet normal 0 0 1
    outer loop
      vertex 14.5433 54.0263 4
      vertex 14.7147 54.9825 4
      vertex 14.6429 54.9234 4
    endloop
  endfacet
  facet normal 0 0 1
    outer loop
      vertex 15.1293 53.4548 4
      vertex 14.6286 53.812 4
      vertex 14.9216 53.5263 4
    endloop
  endfacet
  facet normal 0 0 1
    outer loop
      vertex 14.9216 53.5263 4
      vertex 14.6286 53.812 4
      vertex 14.7547 53.6453 4
    endloop
  endfacet
  facet normal -0 0 1
    outer loop
      vertex 14.1417 54.9234 4
      vertex 14.5433 54.0263 4
      vertex 14.6429 54.9234 4
    endloop
  endfacet
  facet normal 0 0 1
    outer loop
      vertex 14.5433 54.0263 4
      vertex 14.1417 54.9234 4
      vertex 14.0249 53.9665 4
    endloop
  endfacet
  facet normal 0 0 1
    outer loop
      vertex 14.1417 54.9234 4
      vertex 11.806 56.6466 4
      vertex 11.8145 55.1349 4
    endloop
  endfacet
  facet normal 0 0 1
    outer loop
      vertex 11.806 56.6466 4
      vertex 11.6878 55.2823 4
      vertex 11.8145 55.1349 4
    endloop
  endfacet
  facet normal 0 0 1
    outer loop
      vertex 11.806 56.6466 4
      vertex 11.5375 55.4074 4
      vertex 11.6878 55.2823 4
    endloop
  endfacet
  facet normal 0 0 1
    outer loop
      vertex 11.806 56.6466 4
      vertex 11.3679 55.5047 4
      vertex 11.5375 55.4074 4
    endloop
  endfacet
  facet normal 0 0 1
    outer loop
      vertex 11.806 56.6466 4
      vertex 11.1791 55.5742 4
      vertex 11.3679 55.5047 4
    endloop
  endfacet
  facet normal 0 0 1
    outer loop
      vertex 11.806 56.6466 4
      vertex 10.971 55.6158 4
      vertex 11.1791 55.5742 4
    endloop
  endfacet
  facet normal 0 0 1
    outer loop
      vertex 11.806 56.6466 4
      vertex 10.7437 55.6297 4
      vertex 10.971 55.6158 4
    endloop
  endfacet
  facet normal -0 0 1
    outer loop
      vertex 9.99174 56.6466 4
      vertex 10.7437 55.6297 4
      vertex 11.806 56.6466 4
    endloop
  endfacet
  facet normal 0 0 1
    outer loop
      vertex 10.7437 55.6297 4
      vertex 9.99174 56.6466 4
      vertex 10.5519 55.6195 4
    endloop
  endfacet
  facet normal 0 0 1
    outer loop
      vertex 10.5519 55.6195 4
      vertex 9.99174 56.6466 4
      vertex 10.3732 55.5887 4
    endloop
  endfacet
  facet normal 0 0 1
    outer loop
      vertex 10.3732 55.5887 4
      vertex 9.99174 56.6466 4
      vertex 10.2074 55.5375 4
    endloop
  endfacet
  facet normal 0 0 1
    outer loop
      vertex 10.2074 55.5375 4
      vertex 9.99174 56.6466 4
      vertex 10.0546 55.4657 4
    endloop
  endfacet
  facet normal 0 0 1
    outer loop
      vertex 10.0546 55.4657 4
      vertex 9.99174 56.6466 4
      vertex 9.91484 55.3734 4
    endloop
  endfacet
  facet normal 0 0 1
    outer loop
      vertex 10.7912 55.2018 4
      vertex 11.507 54.3652 4
      vertex 11.4976 54.5109 4
    endloop
  endfacet
  facet normal 0 0 1
    outer loop
      vertex 11.507 54.3652 4
      vertex 10.6383 55.2111 4
      vertex 11.4976 54.1984 4
    endloop
  endfacet
  facet normal 0 0 1
    outer loop
      vertex 10.9311 55.1737 4
      vertex 11.4976 54.5109 4
      vertex 11.4694 54.645 4
    endloop
  endfacet
  facet normal -0 0 1
    outer loop
      vertex 10.5563 55.2085 4
      vertex 11.4976 54.1984 4
      vertex 10.6383 55.2111 4
    endloop
  endfacet
  facet normal 0 0 1
    outer loop
      vertex 10.9311 55.1737 4
      vertex 11.4694 54.645 4
      vertex 11.4224 54.7675 4
    endloop
  endfacet
  facet normal 0 0 1
    outer loop
      vertex 11.507 54.3652 4
      vertex 10.7912 55.2018 4
      vertex 10.6383 55.2111 4
    endloop
  endfacet
  facet normal 0 0 1
    outer loop
      vertex 10.9311 55.1737 4
      vertex 11.4224 54.7675 4
      vertex 11.3566 54.8783 4
    endloop
  endfacet
  facet normal 0 0 1
    outer loop
      vertex 11.4976 54.1984 4
      vertex 10.6269 53.431 4
      vertex 11.4696 54.0464 4
    endloop
  endfacet
  facet normal 0 0 1
    outer loop
      vertex 10.9311 55.1737 4
      vertex 11.3566 54.8783 4
      vertex 11.272 54.9776 4
    endloop
  endfacet
  facet normal 0 -0 1
    outer loop
      vertex 10.7849 53.441 4
      vertex 11.4696 54.0464 4
      vertex 10.6269 53.431 4
    endloop
  endfacet
  facet normal 0 0 1
    outer loop
      vertex 10.9311 55.1737 4
      vertex 11.272 54.9776 4
      vertex 11.1714 55.0616 4
    endloop
  endfacet
  facet normal 0 0 1
    outer loop
      vertex 11.4976 54.5109 4
      vertex 10.9311 55.1737 4
      vertex 10.7912 55.2018 4
    endloop
  endfacet
  facet normal 0 0 1
    outer loop
      vertex 10.9311 55.1737 4
      vertex 11.1714 55.0616 4
      vertex 11.0578 55.127 4
    endloop
  endfacet
  facet normal 0 0 1
    outer loop
      vertex 11.4229 53.9094 4
      vertex 10.9286 53.4709 4
      vertex 11.3575 53.7874 4
    endloop
  endfacet
  facet normal 0 0 1
    outer loop
      vertex 11.3575 53.7874 4
      vertex 10.9286 53.4709 4
      vertex 11.2734 53.6802 4
    endloop
  endfacet
  facet normal 0 0 1
    outer loop
      vertex 11.1728 53.5905 4
      vertex 10.9286 53.4709 4
      vertex 11.0579 53.5207 4
    endloop
  endfacet
  facet normal 0 0 1
    outer loop
      vertex 11.2734 53.6802 4
      vertex 10.9286 53.4709 4
      vertex 11.1728 53.5905 4
    endloop
  endfacet
  facet normal 0 -0 1
    outer loop
      vertex 10.9286 53.4709 4
      vertex 11.4229 53.9094 4
      vertex 10.7849 53.441 4
    endloop
  endfacet
  facet normal 0 0 1
    outer loop
      vertex 11.4696 54.0464 4
      vertex 10.7849 53.441 4
      vertex 11.4229 53.9094 4
    endloop
  endfacet
  facet normal 0 0 1
    outer loop
      vertex 9.7924 54.0263 4
      vertex 11.4976 54.1984 4
      vertex 10.5563 55.2085 4
    endloop
  endfacet
  facet normal 0 0 1
    outer loop
      vertex 9.7924 54.0263 4
      vertex 10.5563 55.2085 4
      vertex 10.4765 55.2006 4
    endloop
  endfacet
  facet normal 0 0 1
    outer loop
      vertex 9.7924 54.0263 4
      vertex 10.4765 55.2006 4
      vertex 10.399 55.1875 4
    endloop
  endfacet
  facet normal 0 0 1
    outer loop
      vertex 11.4976 54.1984 4
      vertex 9.7924 54.0263 4
      vertex 10.6269 53.431 4
    endloop
  endfacet
  facet normal 0 0 1
    outer loop
      vertex 9.7924 54.0263 4
      vertex 10.399 55.1875 4
      vertex 10.3239 55.1692 4
    endloop
  endfacet
  facet normal 0 0 1
    outer loop
      vertex 9.7924 54.0263 4
      vertex 10.3239 55.1692 4
      vertex 10.2509 55.1456 4
    endloop
  endfacet
  facet normal 0 0 1
    outer loop
      vertex 9.7924 54.0263 4
      vertex 10.2509 55.1456 4
      vertex 10.1792 55.1157 4
    endloop
  endfacet
  facet normal 0 0 1
    outer loop
      vertex 10.6269 53.431 4
      vertex 9.7924 54.0263 4
      vertex 10.3784 53.4548 4
    endloop
  endfacet
  facet normal 0 0 1
    outer loop
      vertex 9.7924 54.0263 4
      vertex 10.1792 55.1157 4
      vertex 10.1074 55.0786 4
    endloop
  endfacet
  facet normal 0 0 1
    outer loop
      vertex 9.7924 54.0263 4
      vertex 10.1074 55.0786 4
      vertex 10.0356 55.0342 4
    endloop
  endfacet
  facet normal -0 -0 1
    outer loop
      vertex 9.87773 53.812 4
      vertex 10.3784 53.4548 4
      vertex 9.7924 54.0263 4
    endloop
  endfacet
  facet normal 0 0 1
    outer loop
      vertex 9.7924 54.0263 4
      vertex 10.0356 55.0342 4
      vertex 9.96384 54.9825 4
    endloop
  endfacet
  facet normal 0 0 1
    outer loop
      vertex 9.7924 54.0263 4
      vertex 9.96384 54.9825 4
      vertex 9.89207 54.9234 4
    endloop
  endfacet
  facet normal 0 0 1
    outer loop
      vertex 10.3784 53.4548 4
      vertex 9.87773 53.812 4
      vertex 10.1707 53.5263 4
    endloop
  endfacet
  facet normal 0 0 1
    outer loop
      vertex 10.1707 53.5263 4
      vertex 9.87773 53.812 4
      vertex 10.0038 53.6453 4
    endloop
  endfacet
  facet normal -0 0 1
    outer loop
      vertex 9.39081 54.9234 4
      vertex 9.7924 54.0263 4
      vertex 9.89207 54.9234 4
    endloop
  endfacet
  facet normal 0 0 1
    outer loop
      vertex 9.7924 54.0263 4
      vertex 9.39081 54.9234 4
      vertex 9.27405 53.9665 4
    endloop
  endfacet
  facet normal -1 0 0
    outer loop
      vertex 2 48 1.8
      vertex 2 62 4
      vertex 2 62 1.8
    endloop
  endfacet
  facet normal -1 -0 0
    outer loop
      vertex 2 62 4
      vertex 2 48 1.8
      vertex 2 48 4
    endloop
  endfacet
  facet normal 0 1 -0
    outer loop
      vertex 86 62 1.8
      vertex 2 62 4
      vertex 86 62 4
    endloop
  endfacet
  facet normal 0 1 0
    outer loop
      vertex 2 62 4
      vertex 86 62 1.8
      vertex 2 62 1.8
    endloop
  endfacet
  facet normal 0 -1 0
    outer loop
      vertex 2 48 1.8
      vertex 86 48 4
      vertex 2 48 4
    endloop
  endfacet
  facet normal 0 -1 -0
    outer loop
      vertex 86 48 4
      vertex 2 48 1.8
      vertex 86 48 1.8
    endloop
  endfacet
  facet normal -1 0 0
    outer loop
      vertex 85 51.4 2.4
      vertex 85 58.6 4
      vertex 85 58.6 2.4
    endloop
  endfacet
  facet normal -1 -0 0
    outer loop
      vertex 85 58.6 4
      vertex 85 51.4 2.4
      vertex 85 51.4 4
    endloop
  endfacet
  facet normal 0 0 1
    outer loop
      vertex 81.95 55.2 2.4
      vertex 85 58.6 2.4
      vertex 81.95 58.4 2.4
    endloop
  endfacet
  facet normal 0 0 1
    outer loop
      vertex 85 58.6 2.4
      vertex 80.75 58.4 2.4
      vertex 81.95 58.4 2.4
    endloop
  endfacet
  facet normal 0 0 1
    outer loop
      vertex 80.75 58.4 2.4
      vertex 79.2 54.8 2.4
      vertex 80.75 55.2 2.4
    endloop
  endfacet
  facet normal 0 0 1
    outer loop
      vertex 80.75 58.4 2.4
      vertex 78 54.8 2.4
      vertex 79.2 54.8 2.4
    endloop
  endfacet
  facet normal -0 0 1
    outer loop
      vertex 76.45 55.2 2.4
      vertex 78 54.8 2.4
      vertex 76.45 58.4 2.4
    endloop
  endfacet
  facet normal 0 0 1
    outer loop
      vertex 80.75 58.4 2.4
      vertex 76.45 58.4 2.4
      vertex 78 54.8 2.4
    endloop
  endfacet
  facet normal 0 0 1
    outer loop
      vertex 85 58.6 2.4
      vertex 76.45 58.4 2.4
      vertex 80.75 58.4 2.4
    endloop
  endfacet
  facet normal 0 0 1
    outer loop
      vertex 85 58.6 2.4
      vertex 75.25 58.4 2.4
      vertex 76.45 58.4 2.4
    endloop
  endfacet
  facet normal 0 0 1
    outer loop
      vertex 75.25 58.4 2.4
      vertex 73.7 54.8 2.4
      vertex 75.25 55.2 2.4
    endloop
  endfacet
  facet normal 0 0 1
    outer loop
      vertex 75.25 58.4 2.4
      vertex 72.5 54.8 2.4
      vertex 73.7 54.8 2.4
    endloop
  endfacet
  facet normal -0 0 1
    outer loop
      vertex 70.95 55.2 2.4
      vertex 72.5 54.8 2.4
      vertex 70.95 58.4 2.4
    endloop
  endfacet
  facet normal 0 0 1
    outer loop
      vertex 75.25 58.4 2.4
      vertex 70.95 58.4 2.4
      vertex 72.5 54.8 2.4
    endloop
  endfacet
  facet normal 0 0 1
    outer loop
      vertex 85 58.6 2.4
      vertex 70.95 58.4 2.4
      vertex 75.25 58.4 2.4
    endloop
  endfacet
  facet normal 0 0 1
    outer loop
      vertex 85 58.6 2.4
      vertex 69.75 58.4 2.4
      vertex 70.95 58.4 2.4
    endloop
  endfacet
  facet normal 0 0 1
    outer loop
      vertex 69.75 58.4 2.4
      vertex 68.2 54.8 2.4
      vertex 69.75 55.2 2.4
    endloop
  endfacet
  facet normal 0 0 1
    outer loop
      vertex 69.75 58.4 2.4
      vertex 67 54.8 2.4
      vertex 68.2 54.8 2.4
    endloop
  endfacet
  facet normal -0 0 1
    outer loop
      vertex 65.45 55.2 2.4
      vertex 67 54.8 2.4
      vertex 65.45 58.4 2.4
    endloop
  endfacet
  facet normal 0 0 1
    outer loop
      vertex 69.75 58.4 2.4
      vertex 65.45 58.4 2.4
      vertex 67 54.8 2.4
    endloop
  endfacet
  facet normal 0 0 1
    outer loop
      vertex 85 58.6 2.4
      vertex 65.45 58.4 2.4
      vertex 69.75 58.4 2.4
    endloop
  endfacet
  facet normal 0 0 1
    outer loop
      vertex 85 58.6 2.4
      vertex 64.25 58.4 2.4
      vertex 65.45 58.4 2.4
    endloop
  endfacet
  facet normal 0 0 1
    outer loop
      vertex 64.25 58.4 2.4
      vertex 62.7 54.8 2.4
      vertex 64.25 55.2 2.4
    endloop
  endfacet
  facet normal 0 0 1
    outer loop
      vertex 64.25 58.4 2.4
      vertex 61.5 54.8 2.4
      vertex 62.7 54.8 2.4
    endloop
  endfacet
  facet normal -0 0 1
    outer loop
      vertex 59.95 55.2 2.4
      vertex 61.5 54.8 2.4
      vertex 59.95 58.4 2.4
    endloop
  endfacet
  facet normal 0 0 1
    outer loop
      vertex 64.25 58.4 2.4
      vertex 59.95 58.4 2.4
      vertex 61.5 54.8 2.4
    endloop
  endfacet
  facet normal 0 0 1
    outer loop
      vertex 85 58.6 2.4
      vertex 59.95 58.4 2.4
      vertex 64.25 58.4 2.4
    endloop
  endfacet
  facet normal 0 0 1
    outer loop
      vertex 85 58.6 2.4
      vertex 58.75 58.4 2.4
      vertex 59.95 58.4 2.4
    endloop
  endfacet
  facet normal 0 0 1
    outer loop
      vertex 58.75 58.4 2.4
      vertex 57.2 54.8 2.4
      vertex 58.75 55.2 2.4
    endloop
  endfacet
  facet normal 0 0 1
    outer loop
      vertex 58.75 58.4 2.4
      vertex 56 54.8 2.4
      vertex 57.2 54.8 2.4
    endloop
  endfacet
  facet normal -0 0 1
    outer loop
      vertex 54.45 55.2 2.4
      vertex 56 54.8 2.4
      vertex 54.45 58.4 2.4
    endloop
  endfacet
  facet normal 0 0 1
    outer loop
      vertex 58.75 58.4 2.4
      vertex 54.45 58.4 2.4
      vertex 56 54.8 2.4
    endloop
  endfacet
  facet normal 0 0 1
    outer loop
      vertex 85 58.6 2.4
      vertex 54.45 58.4 2.4
      vertex 58.75 58.4 2.4
    endloop
  endfacet
  facet normal 0 0 1
    outer loop
      vertex 85 58.6 2.4
      vertex 53.25 58.4 2.4
      vertex 54.45 58.4 2.4
    endloop
  endfacet
  facet normal 0 0 1
    outer loop
      vertex 53.25 58.4 2.4
      vertex 51.7 54.8 2.4
      vertex 53.25 55.2 2.4
    endloop
  endfacet
  facet normal 0 0 1
    outer loop
      vertex 53.25 58.4 2.4
      vertex 50.5 54.8 2.4
      vertex 51.7 54.8 2.4
    endloop
  endfacet
  facet normal -0 0 1
    outer loop
      vertex 48.95 55.2 2.4
      vertex 50.5 54.8 2.4
      vertex 48.95 58.4 2.4
    endloop
  endfacet
  facet normal 0 0 1
    outer loop
      vertex 53.25 58.4 2.4
      vertex 48.95 58.4 2.4
      vertex 50.5 54.8 2.4
    endloop
  endfacet
  facet normal 0 0 1
    outer loop
      vertex 85 58.6 2.4
      vertex 48.95 58.4 2.4
      vertex 53.25 58.4 2.4
    endloop
  endfacet
  facet normal 0 0 1
    outer loop
      vertex 85 58.6 2.4
      vertex 47.75 58.4 2.4
      vertex 48.95 58.4 2.4
    endloop
  endfacet
  facet normal 0 0 1
    outer loop
      vertex 47.75 58.4 2.4
      vertex 46.2 54.8 2.4
      vertex 47.75 55.2 2.4
    endloop
  endfacet
  facet normal 0 0 1
    outer loop
      vertex 47.75 58.4 2.4
      vertex 45 54.8 2.4
      vertex 46.2 54.8 2.4
    endloop
  endfacet
  facet normal -0 0 1
    outer loop
      vertex 43.45 55.2 2.4
      vertex 45 54.8 2.4
      vertex 43.45 58.4 2.4
    endloop
  endfacet
  facet normal 0 0 1
    outer loop
      vertex 47.75 58.4 2.4
      vertex 43.45 58.4 2.4
      vertex 45 54.8 2.4
    endloop
  endfacet
  facet normal 0 0 1
    outer loop
      vertex 85 58.6 2.4
      vertex 43.45 58.4 2.4
      vertex 47.75 58.4 2.4
    endloop
  endfacet
  facet normal 0 0 1
    outer loop
      vertex 85 58.6 2.4
      vertex 42.25 58.4 2.4
      vertex 43.45 58.4 2.4
    endloop
  endfacet
  facet normal 0 0 1
    outer loop
      vertex 42.25 58.4 2.4
      vertex 40.7 54.8 2.4
      vertex 42.25 55.2 2.4
    endloop
  endfacet
  facet normal 0 0 1
    outer loop
      vertex 42.25 58.4 2.4
      vertex 39.5 54.8 2.4
      vertex 40.7 54.8 2.4
    endloop
  endfacet
  facet normal -0 0 1
    outer loop
      vertex 37.95 55.2 2.4
      vertex 39.5 54.8 2.4
      vertex 37.95 58.4 2.4
    endloop
  endfacet
  facet normal 0 0 1
    outer loop
      vertex 42.25 58.4 2.4
      vertex 37.95 58.4 2.4
      vertex 39.5 54.8 2.4
    endloop
  endfacet
  facet normal 0 0 1
    outer loop
      vertex 85 58.6 2.4
      vertex 37.95 58.4 2.4
      vertex 42.25 58.4 2.4
    endloop
  endfacet
  facet normal 0 0 1
    outer loop
      vertex 85 58.6 2.4
      vertex 36.75 58.4 2.4
      vertex 37.95 58.4 2.4
    endloop
  endfacet
  facet normal 0 0 1
    outer loop
      vertex 36.75 58.4 2.4
      vertex 35.2 54.8 2.4
      vertex 36.75 55.2 2.4
    endloop
  endfacet
  facet normal 0 0 1
    outer loop
      vertex 36.75 58.4 2.4
      vertex 34 54.8 2.4
      vertex 35.2 54.8 2.4
    endloop
  endfacet
  facet normal -0 0 1
    outer loop
      vertex 32.45 55.2 2.4
      vertex 34 54.8 2.4
      vertex 32.45 58.4 2.4
    endloop
  endfacet
  facet normal 0 0 1
    outer loop
      vertex 36.75 58.4 2.4
      vertex 32.45 58.4 2.4
      vertex 34 54.8 2.4
    endloop
  endfacet
  facet normal -0 0 1
    outer loop
      vertex 22 58.6 2.4
      vertex 36.75 58.4 2.4
      vertex 85 58.6 2.4
    endloop
  endfacet
  facet normal 0 0 1
    outer loop
      vertex 36.75 58.4 2.4
      vertex 22 58.6 2.4
      vertex 32.45 58.4 2.4
    endloop
  endfacet
  facet normal 0 0 1
    outer loop
      vertex 31.25 58.4 2.4
      vertex 29.7 54.8 2.4
      vertex 31.25 55.2 2.4
    endloop
  endfacet
  facet normal 0 0 1
    outer loop
      vertex 31.25 58.4 2.4
      vertex 28.5 54.8 2.4
      vertex 29.7 54.8 2.4
    endloop
  endfacet
  facet normal -0 0 1
    outer loop
      vertex 26.95 55.2 2.4
      vertex 28.5 54.8 2.4
      vertex 26.95 58.4 2.4
    endloop
  endfacet
  facet normal 0 0 1
    outer loop
      vertex 31.25 58.4 2.4
      vertex 26.95 58.4 2.4
      vertex 28.5 54.8 2.4
    endloop
  endfacet
  facet normal 0 0 1
    outer loop
      vertex 32.45 58.4 2.4
      vertex 22 58.6 2.4
      vertex 31.25 58.4 2.4
    endloop
  endfacet
  facet normal 0 0 1
    outer loop
      vertex 31.25 58.4 2.4
      vertex 22 58.6 2.4
      vertex 26.95 58.4 2.4
    endloop
  endfacet
  facet normal 0 0 1
    outer loop
      vertex 25.75 58.4 2.4
      vertex 24.2 54.8 2.4
      vertex 25.75 55.2 2.4
    endloop
  endfacet
  facet normal 0 0 1
    outer loop
      vertex 22 58.6 2.4
      vertex 24.2 54.8 2.4
      vertex 25.75 58.4 2.4
    endloop
  endfacet
  facet normal 0 0 1
    outer loop
      vertex 22 51.4 2.4
      vertex 23 54.8 2.4
      vertex 22 58.6 2.4
    endloop
  endfacet
  facet normal 0 0 1
    outer loop
      vertex 24.2 54.8 2.4
      vertex 22 58.6 2.4
      vertex 23 54.8 2.4
    endloop
  endfacet
  facet normal 0 0 1
    outer loop
      vertex 26.95 58.4 2.4
      vertex 22 58.6 2.4
      vertex 25.75 58.4 2.4
    endloop
  endfacet
  facet normal 0 0 1
    outer loop
      vertex 85 58.6 2.4
      vertex 81.95 55.2 2.4
      vertex 85 51.4 2.4
    endloop
  endfacet
  facet normal 0 0 1
    outer loop
      vertex 79.2 51.6 2.4
      vertex 81.95 55.2 2.4
      vertex 80.75 55.2 2.4
    endloop
  endfacet
  facet normal 0 0 1
    outer loop
      vertex 79.2 51.6 2.4
      vertex 80.75 55.2 2.4
      vertex 79.2 54.8 2.4
    endloop
  endfacet
  facet normal 0 0 1
    outer loop
      vertex 81.95 55.2 2.4
      vertex 79.2 51.6 2.4
      vertex 85 51.4 2.4
    endloop
  endfacet
  facet normal -0 0 1
    outer loop
      vertex 78 51.6 2.4
      vertex 85 51.4 2.4
      vertex 79.2 51.6 2.4
    endloop
  endfacet
  facet normal 0 0 1
    outer loop
      vertex 78 54.8 2.4
      vertex 76.45 55.2 2.4
      vertex 78 51.6 2.4
    endloop
  endfacet
  facet normal -0 0 1
    outer loop
      vertex 75.25 55.2 2.4
      vertex 78 51.6 2.4
      vertex 76.45 55.2 2.4
    endloop
  endfacet
  facet normal 0 0 1
    outer loop
      vertex 73.7 51.6 2.4
      vertex 75.25 55.2 2.4
      vertex 73.7 54.8 2.4
    endloop
  endfacet
  facet normal 0 0 1
    outer loop
      vertex 75.25 55.2 2.4
      vertex 73.7 51.6 2.4
      vertex 78 51.6 2.4
    endloop
  endfacet
  facet normal -0 0 1
    outer loop
      vertex 73.7 51.6 2.4
      vertex 85 51.4 2.4
      vertex 78 51.6 2.4
    endloop
  endfacet
  facet normal -0 0 1
    outer loop
      vertex 72.5 51.6 2.4
      vertex 85 51.4 2.4
      vertex 73.7 51.6 2.4
    endloop
  endfacet
  facet normal 0 0 1
    outer loop
      vertex 72.5 54.8 2.4
      vertex 70.95 55.2 2.4
      vertex 72.5 51.6 2.4
    endloop
  endfacet
  facet normal -0 0 1
    outer loop
      vertex 69.75 55.2 2.4
      vertex 72.5 51.6 2.4
      vertex 70.95 55.2 2.4
    endloop
  endfacet
  facet normal 0 0 1
    outer loop
      vertex 68.2 51.6 2.4
      vertex 69.75 55.2 2.4
      vertex 68.2 54.8 2.4
    endloop
  endfacet
  facet normal 0 0 1
    outer loop
      vertex 69.75 55.2 2.4
      vertex 68.2 51.6 2.4
      vertex 72.5 51.6 2.4
    endloop
  endfacet
  facet normal -0 0 1
    outer loop
      vertex 68.2 51.6 2.4
      vertex 85 51.4 2.4
      vertex 72.5 51.6 2.4
    endloop
  endfacet
  facet normal -0 0 1
    outer loop
      vertex 67 51.6 2.4
      vertex 85 51.4 2.4
      vertex 68.2 51.6 2.4
    endloop
  endfacet
  facet normal 0 0 1
    outer loop
      vertex 67 54.8 2.4
      vertex 65.45 55.2 2.4
      vertex 67 51.6 2.4
    endloop
  endfacet
  facet normal -0 0 1
    outer loop
      vertex 64.25 55.2 2.4
      vertex 67 51.6 2.4
      vertex 65.45 55.2 2.4
    endloop
  endfacet
  facet normal 0 0 1
    outer loop
      vertex 62.7 51.6 2.4
      vertex 64.25 55.2 2.4
      vertex 62.7 54.8 2.4
    endloop
  endfacet
  facet normal 0 0 1
    outer loop
      vertex 64.25 55.2 2.4
      vertex 62.7 51.6 2.4
      vertex 67 51.6 2.4
    endloop
  endfacet
  facet normal -0 0 1
    outer loop
      vertex 62.7 51.6 2.4
      vertex 85 51.4 2.4
      vertex 67 51.6 2.4
    endloop
  endfacet
  facet normal -0 0 1
    outer loop
      vertex 61.5 51.6 2.4
      vertex 85 51.4 2.4
      vertex 62.7 51.6 2.4
    endloop
  endfacet
  facet normal 0 0 1
    outer loop
      vertex 61.5 54.8 2.4
      vertex 59.95 55.2 2.4
      vertex 61.5 51.6 2.4
    endloop
  endfacet
  facet normal -0 0 1
    outer loop
      vertex 58.75 55.2 2.4
      vertex 61.5 51.6 2.4
      vertex 59.95 55.2 2.4
    endloop
  endfacet
  facet normal 0 0 1
    outer loop
      vertex 57.2 51.6 2.4
      vertex 58.75 55.2 2.4
      vertex 57.2 54.8 2.4
    endloop
  endfacet
  facet normal 0 0 1
    outer loop
      vertex 58.75 55.2 2.4
      vertex 57.2 51.6 2.4
      vertex 61.5 51.6 2.4
    endloop
  endfacet
  facet normal -0 0 1
    outer loop
      vertex 57.2 51.6 2.4
      vertex 85 51.4 2.4
      vertex 61.5 51.6 2.4
    endloop
  endfacet
  facet normal -0 0 1
    outer loop
      vertex 56 51.6 2.4
      vertex 85 51.4 2.4
      vertex 57.2 51.6 2.4
    endloop
  endfacet
  facet normal 0 0 1
    outer loop
      vertex 56 54.8 2.4
      vertex 54.45 55.2 2.4
      vertex 56 51.6 2.4
    endloop
  endfacet
  facet normal -0 0 1
    outer loop
      vertex 53.25 55.2 2.4
      vertex 56 51.6 2.4
      vertex 54.45 55.2 2.4
    endloop
  endfacet
  facet normal 0 0 1
    outer loop
      vertex 51.7 51.6 2.4
      vertex 53.25 55.2 2.4
      vertex 51.7 54.8 2.4
    endloop
  endfacet
  facet normal 0 0 1
    outer loop
      vertex 53.25 55.2 2.4
      vertex 51.7 51.6 2.4
      vertex 56 51.6 2.4
    endloop
  endfacet
  facet normal -0 0 1
    outer loop
      vertex 51.7 51.6 2.4
      vertex 85 51.4 2.4
      vertex 56 51.6 2.4
    endloop
  endfacet
  facet normal -0 0 1
    outer loop
      vertex 50.5 51.6 2.4
      vertex 85 51.4 2.4
      vertex 51.7 51.6 2.4
    endloop
  endfacet
  facet normal 0 0 1
    outer loop
      vertex 50.5 54.8 2.4
      vertex 48.95 55.2 2.4
      vertex 50.5 51.6 2.4
    endloop
  endfacet
  facet normal -0 0 1
    outer loop
      vertex 47.75 55.2 2.4
      vertex 50.5 51.6 2.4
      vertex 48.95 55.2 2.4
    endloop
  endfacet
  facet normal 0 0 1
    outer loop
      vertex 46.2 51.6 2.4
      vertex 47.75 55.2 2.4
      vertex 46.2 54.8 2.4
    endloop
  endfacet
  facet normal 0 0 1
    outer loop
      vertex 47.75 55.2 2.4
      vertex 46.2 51.6 2.4
      vertex 50.5 51.6 2.4
    endloop
  endfacet
  facet normal -0 0 1
    outer loop
      vertex 46.2 51.6 2.4
      vertex 85 51.4 2.4
      vertex 50.5 51.6 2.4
    endloop
  endfacet
  facet normal -0 0 1
    outer loop
      vertex 45 51.6 2.4
      vertex 85 51.4 2.4
      vertex 46.2 51.6 2.4
    endloop
  endfacet
  facet normal 0 0 1
    outer loop
      vertex 45 54.8 2.4
      vertex 43.45 55.2 2.4
      vertex 45 51.6 2.4
    endloop
  endfacet
  facet normal -0 0 1
    outer loop
      vertex 42.25 55.2 2.4
      vertex 45 51.6 2.4
      vertex 43.45 55.2 2.4
    endloop
  endfacet
  facet normal 0 0 1
    outer loop
      vertex 40.7 51.6 2.4
      vertex 42.25 55.2 2.4
      vertex 40.7 54.8 2.4
    endloop
  endfacet
  facet normal 0 0 1
    outer loop
      vertex 42.25 55.2 2.4
      vertex 40.7 51.6 2.4
      vertex 45 51.6 2.4
    endloop
  endfacet
  facet normal -0 0 1
    outer loop
      vertex 40.7 51.6 2.4
      vertex 85 51.4 2.4
      vertex 45 51.6 2.4
    endloop
  endfacet
  facet normal -0 0 1
    outer loop
      vertex 39.5 51.6 2.4
      vertex 85 51.4 2.4
      vertex 40.7 51.6 2.4
    endloop
  endfacet
  facet normal 0 0 1
    outer loop
      vertex 39.5 54.8 2.4
      vertex 37.95 55.2 2.4
      vertex 39.5 51.6 2.4
    endloop
  endfacet
  facet normal -0 0 1
    outer loop
      vertex 36.75 55.2 2.4
      vertex 39.5 51.6 2.4
      vertex 37.95 55.2 2.4
    endloop
  endfacet
  facet normal 0 0 1
    outer loop
      vertex 35.2 51.6 2.4
      vertex 36.75 55.2 2.4
      vertex 35.2 54.8 2.4
    endloop
  endfacet
  facet normal 0 0 1
    outer loop
      vertex 36.75 55.2 2.4
      vertex 35.2 51.6 2.4
      vertex 39.5 51.6 2.4
    endloop
  endfacet
  facet normal 0 0 1
    outer loop
      vertex 22 51.4 2.4
      vertex 39.5 51.6 2.4
      vertex 35.2 51.6 2.4
    endloop
  endfacet
  facet normal 0 0 1
    outer loop
      vertex 22 51.4 2.4
      vertex 35.2 51.6 2.4
      vertex 34 51.6 2.4
    endloop
  endfacet
  facet normal 0 0 1
    outer loop
      vertex 34 54.8 2.4
      vertex 32.45 55.2 2.4
      vertex 34 51.6 2.4
    endloop
  endfacet
  facet normal -0 0 1
    outer loop
      vertex 31.25 55.2 2.4
      vertex 34 51.6 2.4
      vertex 32.45 55.2 2.4
    endloop
  endfacet
  facet normal 0 0 1
    outer loop
      vertex 29.7 51.6 2.4
      vertex 31.25 55.2 2.4
      vertex 29.7 54.8 2.4
    endloop
  endfacet
  facet normal 0 0 1
    outer loop
      vertex 31.25 55.2 2.4
      vertex 29.7 51.6 2.4
      vertex 34 51.6 2.4
    endloop
  endfacet
  facet normal 0 0 1
    outer loop
      vertex 22 51.4 2.4
      vertex 34 51.6 2.4
      vertex 29.7 51.6 2.4
    endloop
  endfacet
  facet normal 0 0 1
    outer loop
      vertex 22 51.4 2.4
      vertex 29.7 51.6 2.4
      vertex 28.5 51.6 2.4
    endloop
  endfacet
  facet normal 0 0 1
    outer loop
      vertex 28.5 54.8 2.4
      vertex 26.95 55.2 2.4
      vertex 28.5 51.6 2.4
    endloop
  endfacet
  facet normal -0 0 1
    outer loop
      vertex 25.75 55.2 2.4
      vertex 28.5 51.6 2.4
      vertex 26.95 55.2 2.4
    endloop
  endfacet
  facet normal 0 0 1
    outer loop
      vertex 24.2 51.6 2.4
      vertex 25.75 55.2 2.4
      vertex 24.2 54.8 2.4
    endloop
  endfacet
  facet normal 0 0 1
    outer loop
      vertex 25.75 55.2 2.4
      vertex 24.2 51.6 2.4
      vertex 28.5 51.6 2.4
    endloop
  endfacet
  facet normal 0 0 1
    outer loop
      vertex 22 51.4 2.4
      vertex 28.5 51.6 2.4
      vertex 24.2 51.6 2.4
    endloop
  endfacet
  facet normal 0 0 1
    outer loop
      vertex 22 51.4 2.4
      vertex 24.2 51.6 2.4
      vertex 23 51.6 2.4
    endloop
  endfacet
  facet normal 0 0 1
    outer loop
      vertex 39.5 51.6 2.4
      vertex 22 51.4 2.4
      vertex 85 51.4 2.4
    endloop
  endfacet
  facet normal 0 0 1
    outer loop
      vertex 23 54.8 2.4
      vertex 22 51.4 2.4
      vertex 23 51.6 2.4
    endloop
  endfacet
  facet normal 1 -0 0
    outer loop
      vertex 22 51.4 4
      vertex 22 58.6 2.4
      vertex 22 58.6 4
    endloop
  endfacet
  facet normal 1 0 0
    outer loop
      vertex 22 58.6 2.4
      vertex 22 51.4 4
      vertex 22 51.4 2.4
    endloop
  endfacet
  facet normal 0 -1 0
    outer loop
      vertex 22 58.6 2.4
      vertex 85 58.6 4
      vertex 22 58.6 4
    endloop
  endfacet
  facet normal 0 -1 -0
    outer loop
      vertex 85 58.6 4
      vertex 22 58.6 2.4
      vertex 85 58.6 2.4
    endloop
  endfacet
  facet normal 0 1 -0
    outer loop
      vertex 85 51.4 2.4
      vertex 22 51.4 4
      vertex 85 51.4 4
    endloop
  endfacet
  facet normal 0 1 0
    outer loop
      vertex 22 51.4 4
      vertex 85 51.4 2.4
      vertex 22 51.4 2.4
    endloop
  endfacet
  facet normal 1 -0 0
    outer loop
      vertex 24.2 51.6 3.6
      vertex 24.2 54.8 2.4
      vertex 24.2 54.8 3.6
    endloop
  endfacet
  facet normal 1 0 0
    outer loop
      vertex 24.2 54.8 2.4
      vertex 24.2 51.6 3.6
      vertex 24.2 51.6 2.4
    endloop
  endfacet
  facet normal -0 0 1
    outer loop
      vertex 23 54.8 3.6
      vertex 24.2 51.6 3.6
      vertex 24.2 54.8 3.6
    endloop
  endfacet
  facet normal 0 0 1
    outer loop
      vertex 24.2 51.6 3.6
      vertex 23 54.8 3.6
      vertex 23 51.6 3.6
    endloop
  endfacet
  facet normal -1 0 0
    outer loop
      vertex 23 51.6 2.4
      vertex 23 54.8 3.6
      vertex 23 54.8 2.4
    endloop
  endfacet
  facet normal -1 -0 0
    outer loop
      vertex 23 54.8 3.6
      vertex 23 51.6 2.4
      vertex 23 51.6 3.6
    endloop
  endfacet
  facet normal 0 1 -0
    outer loop
      vertex 24.2 54.8 2.4
      vertex 23 54.8 3.6
      vertex 24.2 54.8 3.6
    endloop
  endfacet
  facet normal 0 1 0
    outer loop
      vertex 23 54.8 3.6
      vertex 24.2 54.8 2.4
      vertex 23 54.8 2.4
    endloop
  endfacet
  facet normal 0 -1 0
    outer loop
      vertex 23 51.6 2.4
      vertex 24.2 51.6 3.6
      vertex 23 51.6 3.6
    endloop
  endfacet
  facet normal 0 -1 -0
    outer loop
      vertex 24.2 51.6 3.6
      vertex 23 51.6 2.4
      vertex 24.2 51.6 2.4
    endloop
  endfacet
  facet normal 1 -0 0
    outer loop
      vertex 26.95 55.2 3.6
      vertex 26.95 58.4 2.4
      vertex 26.95 58.4 3.6
    endloop
  endfacet
  facet normal 1 0 0
    outer loop
      vertex 26.95 58.4 2.4
      vertex 26.95 55.2 3.6
      vertex 26.95 55.2 2.4
    endloop
  endfacet
  facet normal -0 0 1
    outer loop
      vertex 25.75 58.4 3.6
      vertex 26.95 55.2 3.6
      vertex 26.95 58.4 3.6
    endloop
  endfacet
  facet normal 0 0 1
    outer loop
      vertex 26.95 55.2 3.6
      vertex 25.75 58.4 3.6
      vertex 25.75 55.2 3.6
    endloop
  endfacet
  facet normal -1 0 0
    outer loop
      vertex 25.75 55.2 2.4
      vertex 25.75 58.4 3.6
      vertex 25.75 58.4 2.4
    endloop
  endfacet
  facet normal -1 -0 0
    outer loop
      vertex 25.75 58.4 3.6
      vertex 25.75 55.2 2.4
      vertex 25.75 55.2 3.6
    endloop
  endfacet
  facet normal 0 1 -0
    outer loop
      vertex 26.95 58.4 2.4
      vertex 25.75 58.4 3.6
      vertex 26.95 58.4 3.6
    endloop
  endfacet
  facet normal 0 1 0
    outer loop
      vertex 25.75 58.4 3.6
      vertex 26.95 58.4 2.4
      vertex 25.75 58.4 2.4
    endloop
  endfacet
  facet normal 0 -1 0
    outer loop
      vertex 25.75 55.2 2.4
      vertex 26.95 55.2 3.6
      vertex 25.75 55.2 3.6
    endloop
  endfacet
  facet normal 0 -1 -0
    outer loop
      vertex 26.95 55.2 3.6
      vertex 25.75 55.2 2.4
      vertex 26.95 55.2 2.4
    endloop
  endfacet
  facet normal 1 -0 0
    outer loop
      vertex 29.7 51.6 3.6
      vertex 29.7 54.8 2.4
      vertex 29.7 54.8 3.6
    endloop
  endfacet
  facet normal 1 0 0
    outer loop
      vertex 29.7 54.8 2.4
      vertex 29.7 51.6 3.6
      vertex 29.7 51.6 2.4
    endloop
  endfacet
  facet normal -0 0 1
    outer loop
      vertex 28.5 54.8 3.6
      vertex 29.7 51.6 3.6
      vertex 29.7 54.8 3.6
    endloop
  endfacet
  facet normal 0 0 1
    outer loop
      vertex 29.7 51.6 3.6
      vertex 28.5 54.8 3.6
      vertex 28.5 51.6 3.6
    endloop
  endfacet
  facet normal -1 0 0
    outer loop
      vertex 28.5 51.6 2.4
      vertex 28.5 54.8 3.6
      vertex 28.5 54.8 2.4
    endloop
  endfacet
  facet normal -1 -0 0
    outer loop
      vertex 28.5 54.8 3.6
      vertex 28.5 51.6 2.4
      vertex 28.5 51.6 3.6
    endloop
  endfacet
  facet normal 0 1 -0
    outer loop
      vertex 29.7 54.8 2.4
      vertex 28.5 54.8 3.6
      vertex 29.7 54.8 3.6
    endloop
  endfacet
  facet normal 0 1 0
    outer loop
      vertex 28.5 54.8 3.6
      vertex 29.7 54.8 2.4
      vertex 28.5 54.8 2.4
    endloop
  endfacet
  facet normal 0 -1 0
    outer loop
      vertex 28.5 51.6 2.4
      vertex 29.7 51.6 3.6
      vertex 28.5 51.6 3.6
    endloop
  endfacet
  facet normal 0 -1 -0
    outer loop
      vertex 29.7 51.6 3.6
      vertex 28.5 51.6 2.4
      vertex 29.7 51.6 2.4
    endloop
  endfacet
  facet normal 1 -0 0
    outer loop
      vertex 32.45 55.2 3.6
      vertex 32.45 58.4 2.4
      vertex 32.45 58.4 3.6
    endloop
  endfacet
  facet normal 1 0 0
    outer loop
      vertex 32.45 58.4 2.4
      vertex 32.45 55.2 3.6
      vertex 32.45 55.2 2.4
    endloop
  endfacet
  facet normal -0 0 1
    outer loop
      vertex 31.25 58.4 3.6
      vertex 32.45 55.2 3.6
      vertex 32.45 58.4 3.6
    endloop
  endfacet
  facet normal 0 0 1
    outer loop
      vertex 32.45 55.2 3.6
      vertex 31.25 58.4 3.6
      vertex 31.25 55.2 3.6
    endloop
  endfacet
  facet normal -1 0 0
    outer loop
      vertex 31.25 55.2 2.4
      vertex 31.25 58.4 3.6
      vertex 31.25 58.4 2.4
    endloop
  endfacet
  facet normal -1 -0 0
    outer loop
      vertex 31.25 58.4 3.6
      vertex 31.25 55.2 2.4
      vertex 31.25 55.2 3.6
    endloop
  endfacet
  facet normal 0 1 -0
    outer loop
      vertex 32.45 58.4 2.4
      vertex 31.25 58.4 3.6
      vertex 32.45 58.4 3.6
    endloop
  endfacet
  facet normal 0 1 0
    outer loop
      vertex 31.25 58.4 3.6
      vertex 32.45 58.4 2.4
      vertex 31.25 58.4 2.4
    endloop
  endfacet
  facet normal 0 -1 0
    outer loop
      vertex 31.25 55.2 2.4
      vertex 32.45 55.2 3.6
      vertex 31.25 55.2 3.6
    endloop
  endfacet
  facet normal 0 -1 -0
    outer loop
      vertex 32.45 55.2 3.6
      vertex 31.25 55.2 2.4
      vertex 32.45 55.2 2.4
    endloop
  endfacet
  facet normal 1 -0 0
    outer loop
      vertex 35.2 51.6 3.6
      vertex 35.2 54.8 2.4
      vertex 35.2 54.8 3.6
    endloop
  endfacet
  facet normal 1 0 0
    outer loop
      vertex 35.2 54.8 2.4
      vertex 35.2 51.6 3.6
      vertex 35.2 51.6 2.4
    endloop
  endfacet
  facet normal -0 0 1
    outer loop
      vertex 34 54.8 3.6
      vertex 35.2 51.6 3.6
      vertex 35.2 54.8 3.6
    endloop
  endfacet
  facet normal 0 0 1
    outer loop
      vertex 35.2 51.6 3.6
      vertex 34 54.8 3.6
      vertex 34 51.6 3.6
    endloop
  endfacet
  facet normal -1 0 0
    outer loop
      vertex 34 51.6 2.4
      vertex 34 54.8 3.6
      vertex 34 54.8 2.4
    endloop
  endfacet
  facet normal -1 -0 0
    outer loop
      vertex 34 54.8 3.6
      vertex 34 51.6 2.4
      vertex 34 51.6 3.6
    endloop
  endfacet
  facet normal 0 1 -0
    outer loop
      vertex 35.2 54.8 2.4
      vertex 34 54.8 3.6
      vertex 35.2 54.8 3.6
    endloop
  endfacet
  facet normal 0 1 0
    outer loop
      vertex 34 54.8 3.6
      vertex 35.2 54.8 2.4
      vertex 34 54.8 2.4
    endloop
  endfacet
  facet normal 0 -1 0
    outer loop
      vertex 34 51.6 2.4
      vertex 35.2 51.6 3.6
      vertex 34 51.6 3.6
    endloop
  endfacet
  facet normal 0 -1 -0
    outer loop
      vertex 35.2 51.6 3.6
      vertex 34 51.6 2.4
      vertex 35.2 51.6 2.4
    endloop
  endfacet
  facet normal 1 -0 0
    outer loop
      vertex 37.95 55.2 3.6
      vertex 37.95 58.4 2.4
      vertex 37.95 58.4 3.6
    endloop
  endfacet
  facet normal 1 0 0
    outer loop
      vertex 37.95 58.4 2.4
      vertex 37.95 55.2 3.6
      vertex 37.95 55.2 2.4
    endloop
  endfacet
  facet normal -0 0 1
    outer loop
      vertex 36.75 58.4 3.6
      vertex 37.95 55.2 3.6
      vertex 37.95 58.4 3.6
    endloop
  endfacet
  facet normal 0 0 1
    outer loop
      vertex 37.95 55.2 3.6
      vertex 36.75 58.4 3.6
      vertex 36.75 55.2 3.6
    endloop
  endfacet
  facet normal -1 0 0
    outer loop
      vertex 36.75 55.2 2.4
      vertex 36.75 58.4 3.6
      vertex 36.75 58.4 2.4
    endloop
  endfacet
  facet normal -1 -0 0
    outer loop
      vertex 36.75 58.4 3.6
      vertex 36.75 55.2 2.4
      vertex 36.75 55.2 3.6
    endloop
  endfacet
  facet normal 0 1 -0
    outer loop
      vertex 37.95 58.4 2.4
      vertex 36.75 58.4 3.6
      vertex 37.95 58.4 3.6
    endloop
  endfacet
  facet normal 0 1 0
    outer loop
      vertex 36.75 58.4 3.6
      vertex 37.95 58.4 2.4
      vertex 36.75 58.4 2.4
    endloop
  endfacet
  facet normal 0 -1 0
    outer loop
      vertex 36.75 55.2 2.4
      vertex 37.95 55.2 3.6
      vertex 36.75 55.2 3.6
    endloop
  endfacet
  facet normal 0 -1 -0
    outer loop
      vertex 37.95 55.2 3.6
      vertex 36.75 55.2 2.4
      vertex 37.95 55.2 2.4
    endloop
  endfacet
  facet normal 1 -0 0
    outer loop
      vertex 40.7 51.6 3.6
      vertex 40.7 54.8 2.4
      vertex 40.7 54.8 3.6
    endloop
  endfacet
  facet normal 1 0 0
    outer loop
      vertex 40.7 54.8 2.4
      vertex 40.7 51.6 3.6
      vertex 40.7 51.6 2.4
    endloop
  endfacet
  facet normal -0 0 1
    outer loop
      vertex 39.5 54.8 3.6
      vertex 40.7 51.6 3.6
      vertex 40.7 54.8 3.6
    endloop
  endfacet
  facet normal 0 0 1
    outer loop
      vertex 40.7 51.6 3.6
      vertex 39.5 54.8 3.6
      vertex 39.5 51.6 3.6
    endloop
  endfacet
  facet normal -1 0 0
    outer loop
      vertex 39.5 51.6 2.4
      vertex 39.5 54.8 3.6
      vertex 39.5 54.8 2.4
    endloop
  endfacet
  facet normal -1 -0 0
    outer loop
      vertex 39.5 54.8 3.6
      vertex 39.5 51.6 2.4
      vertex 39.5 51.6 3.6
    endloop
  endfacet
  facet normal 0 1 -0
    outer loop
      vertex 40.7 54.8 2.4
      vertex 39.5 54.8 3.6
      vertex 40.7 54.8 3.6
    endloop
  endfacet
  facet normal 0 1 0
    outer loop
      vertex 39.5 54.8 3.6
      vertex 40.7 54.8 2.4
      vertex 39.5 54.8 2.4
    endloop
  endfacet
  facet normal 0 -1 0
    outer loop
      vertex 39.5 51.6 2.4
      vertex 40.7 51.6 3.6
      vertex 39.5 51.6 3.6
    endloop
  endfacet
  facet normal 0 -1 -0
    outer loop
      vertex 40.7 51.6 3.6
      vertex 39.5 51.6 2.4
      vertex 40.7 51.6 2.4
    endloop
  endfacet
  facet normal 1 -0 0
    outer loop
      vertex 43.45 55.2 3.6
      vertex 43.45 58.4 2.4
      vertex 43.45 58.4 3.6
    endloop
  endfacet
  facet normal 1 0 0
    outer loop
      vertex 43.45 58.4 2.4
      vertex 43.45 55.2 3.6
      vertex 43.45 55.2 2.4
    endloop
  endfacet
  facet normal -0 0 1
    outer loop
      vertex 42.25 58.4 3.6
      vertex 43.45 55.2 3.6
      vertex 43.45 58.4 3.6
    endloop
  endfacet
  facet normal 0 0 1
    outer loop
      vertex 43.45 55.2 3.6
      vertex 42.25 58.4 3.6
      vertex 42.25 55.2 3.6
    endloop
  endfacet
  facet normal -1 0 0
    outer loop
      vertex 42.25 55.2 2.4
      vertex 42.25 58.4 3.6
      vertex 42.25 58.4 2.4
    endloop
  endfacet
  facet normal -1 -0 0
    outer loop
      vertex 42.25 58.4 3.6
      vertex 42.25 55.2 2.4
      vertex 42.25 55.2 3.6
    endloop
  endfacet
  facet normal 0 1 -0
    outer loop
      vertex 43.45 58.4 2.4
      vertex 42.25 58.4 3.6
      vertex 43.45 58.4 3.6
    endloop
  endfacet
  facet normal 0 1 0
    outer loop
      vertex 42.25 58.4 3.6
      vertex 43.45 58.4 2.4
      vertex 42.25 58.4 2.4
    endloop
  endfacet
  facet normal 0 -1 0
    outer loop
      vertex 42.25 55.2 2.4
      vertex 43.45 55.2 3.6
      vertex 42.25 55.2 3.6
    endloop
  endfacet
  facet normal 0 -1 -0
    outer loop
      vertex 43.45 55.2 3.6
      vertex 42.25 55.2 2.4
      vertex 43.45 55.2 2.4
    endloop
  endfacet
  facet normal 1 -0 0
    outer loop
      vertex 46.2 51.6 3.6
      vertex 46.2 54.8 2.4
      vertex 46.2 54.8 3.6
    endloop
  endfacet
  facet normal 1 0 0
    outer loop
      vertex 46.2 54.8 2.4
      vertex 46.2 51.6 3.6
      vertex 46.2 51.6 2.4
    endloop
  endfacet
  facet normal -0 0 1
    outer loop
      vertex 45 54.8 3.6
      vertex 46.2 51.6 3.6
      vertex 46.2 54.8 3.6
    endloop
  endfacet
  facet normal 0 0 1
    outer loop
      vertex 46.2 51.6 3.6
      vertex 45 54.8 3.6
      vertex 45 51.6 3.6
    endloop
  endfacet
  facet normal -1 0 0
    outer loop
      vertex 45 51.6 2.4
      vertex 45 54.8 3.6
      vertex 45 54.8 2.4
    endloop
  endfacet
  facet normal -1 -0 0
    outer loop
      vertex 45 54.8 3.6
      vertex 45 51.6 2.4
      vertex 45 51.6 3.6
    endloop
  endfacet
  facet normal 0 1 -0
    outer loop
      vertex 46.2 54.8 2.4
      vertex 45 54.8 3.6
      vertex 46.2 54.8 3.6
    endloop
  endfacet
  facet normal 0 1 0
    outer loop
      vertex 45 54.8 3.6
      vertex 46.2 54.8 2.4
      vertex 45 54.8 2.4
    endloop
  endfacet
  facet normal 0 -1 0
    outer loop
      vertex 45 51.6 2.4
      vertex 46.2 51.6 3.6
      vertex 45 51.6 3.6
    endloop
  endfacet
  facet normal 0 -1 -0
    outer loop
      vertex 46.2 51.6 3.6
      vertex 45 51.6 2.4
      vertex 46.2 51.6 2.4
    endloop
  endfacet
  facet normal 1 -0 0
    outer loop
      vertex 48.95 55.2 3.6
      vertex 48.95 58.4 2.4
      vertex 48.95 58.4 3.6
    endloop
  endfacet
  facet normal 1 0 0
    outer loop
      vertex 48.95 58.4 2.4
      vertex 48.95 55.2 3.6
      vertex 48.95 55.2 2.4
    endloop
  endfacet
  facet normal -0 0 1
    outer loop
      vertex 47.75 58.4 3.6
      vertex 48.95 55.2 3.6
      vertex 48.95 58.4 3.6
    endloop
  endfacet
  facet normal 0 0 1
    outer loop
      vertex 48.95 55.2 3.6
      vertex 47.75 58.4 3.6
      vertex 47.75 55.2 3.6
    endloop
  endfacet
  facet normal -1 0 0
    outer loop
      vertex 47.75 55.2 2.4
      vertex 47.75 58.4 3.6
      vertex 47.75 58.4 2.4
    endloop
  endfacet
  facet normal -1 -0 0
    outer loop
      vertex 47.75 58.4 3.6
      vertex 47.75 55.2 2.4
      vertex 47.75 55.2 3.6
    endloop
  endfacet
  facet normal 0 1 -0
    outer loop
      vertex 48.95 58.4 2.4
      vertex 47.75 58.4 3.6
      vertex 48.95 58.4 3.6
    endloop
  endfacet
  facet normal 0 1 0
    outer loop
      vertex 47.75 58.4 3.6
      vertex 48.95 58.4 2.4
      vertex 47.75 58.4 2.4
    endloop
  endfacet
  facet normal 0 -1 0
    outer loop
      vertex 47.75 55.2 2.4
      vertex 48.95 55.2 3.6
      vertex 47.75 55.2 3.6
    endloop
  endfacet
  facet normal 0 -1 -0
    outer loop
      vertex 48.95 55.2 3.6
      vertex 47.75 55.2 2.4
      vertex 48.95 55.2 2.4
    endloop
  endfacet
  facet normal 1 -0 0
    outer loop
      vertex 51.7 51.6 3.6
      vertex 51.7 54.8 2.4
      vertex 51.7 54.8 3.6
    endloop
  endfacet
  facet normal 1 0 0
    outer loop
      vertex 51.7 54.8 2.4
      vertex 51.7 51.6 3.6
      vertex 51.7 51.6 2.4
    endloop
  endfacet
  facet normal -0 0 1
    outer loop
      vertex 50.5 54.8 3.6
      vertex 51.7 51.6 3.6
      vertex 51.7 54.8 3.6
    endloop
  endfacet
  facet normal 0 0 1
    outer loop
      vertex 51.7 51.6 3.6
      vertex 50.5 54.8 3.6
      vertex 50.5 51.6 3.6
    endloop
  endfacet
  facet normal -1 0 0
    outer loop
      vertex 50.5 51.6 2.4
      vertex 50.5 54.8 3.6
      vertex 50.5 54.8 2.4
    endloop
  endfacet
  facet normal -1 -0 0
    outer loop
      vertex 50.5 54.8 3.6
      vertex 50.5 51.6 2.4
      vertex 50.5 51.6 3.6
    endloop
  endfacet
  facet normal 0 1 -0
    outer loop
      vertex 51.7 54.8 2.4
      vertex 50.5 54.8 3.6
      vertex 51.7 54.8 3.6
    endloop
  endfacet
  facet normal 0 1 0
    outer loop
      vertex 50.5 54.8 3.6
      vertex 51.7 54.8 2.4
      vertex 50.5 54.8 2.4
    endloop
  endfacet
  facet normal 0 -1 0
    outer loop
      vertex 50.5 51.6 2.4
      vertex 51.7 51.6 3.6
      vertex 50.5 51.6 3.6
    endloop
  endfacet
  facet normal 0 -1 -0
    outer loop
      vertex 51.7 51.6 3.6
      vertex 50.5 51.6 2.4
      vertex 51.7 51.6 2.4
    endloop
  endfacet
  facet normal 1 -0 0
    outer loop
      vertex 54.45 55.2 3.6
      vertex 54.45 58.4 2.4
      vertex 54.45 58.4 3.6
    endloop
  endfacet
  facet normal 1 0 0
    outer loop
      vertex 54.45 58.4 2.4
      vertex 54.45 55.2 3.6
      vertex 54.45 55.2 2.4
    endloop
  endfacet
  facet normal -0 0 1
    outer loop
      vertex 53.25 58.4 3.6
      vertex 54.45 55.2 3.6
      vertex 54.45 58.4 3.6
    endloop
  endfacet
  facet normal 0 0 1
    outer loop
      vertex 54.45 55.2 3.6
      vertex 53.25 58.4 3.6
      vertex 53.25 55.2 3.6
    endloop
  endfacet
  facet normal -1 0 0
    outer loop
      vertex 53.25 55.2 2.4
      vertex 53.25 58.4 3.6
      vertex 53.25 58.4 2.4
    endloop
  endfacet
  facet normal -1 -0 0
    outer loop
      vertex 53.25 58.4 3.6
      vertex 53.25 55.2 2.4
      vertex 53.25 55.2 3.6
    endloop
  endfacet
  facet normal 0 1 -0
    outer loop
      vertex 54.45 58.4 2.4
      vertex 53.25 58.4 3.6
      vertex 54.45 58.4 3.6
    endloop
  endfacet
  facet normal 0 1 0
    outer loop
      vertex 53.25 58.4 3.6
      vertex 54.45 58.4 2.4
      vertex 53.25 58.4 2.4
    endloop
  endfacet
  facet normal 0 -1 0
    outer loop
      vertex 53.25 55.2 2.4
      vertex 54.45 55.2 3.6
      vertex 53.25 55.2 3.6
    endloop
  endfacet
  facet normal 0 -1 -0
    outer loop
      vertex 54.45 55.2 3.6
      vertex 53.25 55.2 2.4
      vertex 54.45 55.2 2.4
    endloop
  endfacet
  facet normal 1 -0 0
    outer loop
      vertex 57.2 51.6 3.6
      vertex 57.2 54.8 2.4
      vertex 57.2 54.8 3.6
    endloop
  endfacet
  facet normal 1 0 0
    outer loop
      vertex 57.2 54.8 2.4
      vertex 57.2 51.6 3.6
      vertex 57.2 51.6 2.4
    endloop
  endfacet
  facet normal -0 0 1
    outer loop
      vertex 56 54.8 3.6
      vertex 57.2 51.6 3.6
      vertex 57.2 54.8 3.6
    endloop
  endfacet
  facet normal 0 0 1
    outer loop
      vertex 57.2 51.6 3.6
      vertex 56 54.8 3.6
      vertex 56 51.6 3.6
    endloop
  endfacet
  facet normal -1 0 0
    outer loop
      vertex 56 51.6 2.4
      vertex 56 54.8 3.6
      vertex 56 54.8 2.4
    endloop
  endfacet
  facet normal -1 -0 0
    outer loop
      vertex 56 54.8 3.6
      vertex 56 51.6 2.4
      vertex 56 51.6 3.6
    endloop
  endfacet
  facet normal 0 1 -0
    outer loop
      vertex 57.2 54.8 2.4
      vertex 56 54.8 3.6
      vertex 57.2 54.8 3.6
    endloop
  endfacet
  facet normal 0 1 0
    outer loop
      vertex 56 54.8 3.6
      vertex 57.2 54.8 2.4
      vertex 56 54.8 2.4
    endloop
  endfacet
  facet normal 0 -1 0
    outer loop
      vertex 56 51.6 2.4
      vertex 57.2 51.6 3.6
      vertex 56 51.6 3.6
    endloop
  endfacet
  facet normal 0 -1 -0
    outer loop
      vertex 57.2 51.6 3.6
      vertex 56 51.6 2.4
      vertex 57.2 51.6 2.4
    endloop
  endfacet
  facet normal 1 -0 0
    outer loop
      vertex 59.95 55.2 3.6
      vertex 59.95 58.4 2.4
      vertex 59.95 58.4 3.6
    endloop
  endfacet
  facet normal 1 0 0
    outer loop
      vertex 59.95 58.4 2.4
      vertex 59.95 55.2 3.6
      vertex 59.95 55.2 2.4
    endloop
  endfacet
  facet normal -0 0 1
    outer loop
      vertex 58.75 58.4 3.6
      vertex 59.95 55.2 3.6
      vertex 59.95 58.4 3.6
    endloop
  endfacet
  facet normal 0 0 1
    outer loop
      vertex 59.95 55.2 3.6
      vertex 58.75 58.4 3.6
      vertex 58.75 55.2 3.6
    endloop
  endfacet
  facet normal -1 0 0
    outer loop
      vertex 58.75 55.2 2.4
      vertex 58.75 58.4 3.6
      vertex 58.75 58.4 2.4
    endloop
  endfacet
  facet normal -1 -0 0
    outer loop
      vertex 58.75 58.4 3.6
      vertex 58.75 55.2 2.4
      vertex 58.75 55.2 3.6
    endloop
  endfacet
  facet normal 0 1 -0
    outer loop
      vertex 59.95 58.4 2.4
      vertex 58.75 58.4 3.6
      vertex 59.95 58.4 3.6
    endloop
  endfacet
  facet normal 0 1 0
    outer loop
      vertex 58.75 58.4 3.6
      vertex 59.95 58.4 2.4
      vertex 58.75 58.4 2.4
    endloop
  endfacet
  facet normal 0 -1 0
    outer loop
      vertex 58.75 55.2 2.4
      vertex 59.95 55.2 3.6
      vertex 58.75 55.2 3.6
    endloop
  endfacet
  facet normal 0 -1 -0
    outer loop
      vertex 59.95 55.2 3.6
      vertex 58.75 55.2 2.4
      vertex 59.95 55.2 2.4
    endloop
  endfacet
  facet normal 1 -0 0
    outer loop
      vertex 62.7 51.6 3.6
      vertex 62.7 54.8 2.4
      vertex 62.7 54.8 3.6
    endloop
  endfacet
  facet normal 1 0 0
    outer loop
      vertex 62.7 54.8 2.4
      vertex 62.7 51.6 3.6
      vertex 62.7 51.6 2.4
    endloop
  endfacet
  facet normal -0 0 1
    outer loop
      vertex 61.5 54.8 3.6
      vertex 62.7 51.6 3.6
      vertex 62.7 54.8 3.6
    endloop
  endfacet
  facet normal 0 0 1
    outer loop
      vertex 62.7 51.6 3.6
      vertex 61.5 54.8 3.6
      vertex 61.5 51.6 3.6
    endloop
  endfacet
  facet normal -1 0 0
    outer loop
      vertex 61.5 51.6 2.4
      vertex 61.5 54.8 3.6
      vertex 61.5 54.8 2.4
    endloop
  endfacet
  facet normal -1 -0 0
    outer loop
      vertex 61.5 54.8 3.6
      vertex 61.5 51.6 2.4
      vertex 61.5 51.6 3.6
    endloop
  endfacet
  facet normal 0 1 -0
    outer loop
      vertex 62.7 54.8 2.4
      vertex 61.5 54.8 3.6
      vertex 62.7 54.8 3.6
    endloop
  endfacet
  facet normal 0 1 0
    outer loop
      vertex 61.5 54.8 3.6
      vertex 62.7 54.8 2.4
      vertex 61.5 54.8 2.4
    endloop
  endfacet
  facet normal 0 -1 0
    outer loop
      vertex 61.5 51.6 2.4
      vertex 62.7 51.6 3.6
      vertex 61.5 51.6 3.6
    endloop
  endfacet
  facet normal 0 -1 -0
    outer loop
      vertex 62.7 51.6 3.6
      vertex 61.5 51.6 2.4
      vertex 62.7 51.6 2.4
    endloop
  endfacet
  facet normal 1 -0 0
    outer loop
      vertex 65.45 55.2 3.6
      vertex 65.45 58.4 2.4
      vertex 65.45 58.4 3.6
    endloop
  endfacet
  facet normal 1 0 0
    outer loop
      vertex 65.45 58.4 2.4
      vertex 65.45 55.2 3.6
      vertex 65.45 55.2 2.4
    endloop
  endfacet
  facet normal -0 0 1
    outer loop
      vertex 64.25 58.4 3.6
      vertex 65.45 55.2 3.6
      vertex 65.45 58.4 3.6
    endloop
  endfacet
  facet normal 0 0 1
    outer loop
      vertex 65.45 55.2 3.6
      vertex 64.25 58.4 3.6
      vertex 64.25 55.2 3.6
    endloop
  endfacet
  facet normal -1 0 0
    outer loop
      vertex 64.25 55.2 2.4
      vertex 64.25 58.4 3.6
      vertex 64.25 58.4 2.4
    endloop
  endfacet
  facet normal -1 -0 0
    outer loop
      vertex 64.25 58.4 3.6
      vertex 64.25 55.2 2.4
      vertex 64.25 55.2 3.6
    endloop
  endfacet
  facet normal 0 1 -0
    outer loop
      vertex 65.45 58.4 2.4
      vertex 64.25 58.4 3.6
      vertex 65.45 58.4 3.6
    endloop
  endfacet
  facet normal 0 1 0
    outer loop
      vertex 64.25 58.4 3.6
      vertex 65.45 58.4 2.4
      vertex 64.25 58.4 2.4
    endloop
  endfacet
  facet normal 0 -1 0
    outer loop
      vertex 64.25 55.2 2.4
      vertex 65.45 55.2 3.6
      vertex 64.25 55.2 3.6
    endloop
  endfacet
  facet normal 0 -1 -0
    outer loop
      vertex 65.45 55.2 3.6
      vertex 64.25 55.2 2.4
      vertex 65.45 55.2 2.4
    endloop
  endfacet
  facet normal 1 -0 0
    outer loop
      vertex 68.2 51.6 3.6
      vertex 68.2 54.8 2.4
      vertex 68.2 54.8 3.6
    endloop
  endfacet
  facet normal 1 0 0
    outer loop
      vertex 68.2 54.8 2.4
      vertex 68.2 51.6 3.6
      vertex 68.2 51.6 2.4
    endloop
  endfacet
  facet normal -0 0 1
    outer loop
      vertex 67 54.8 3.6
      vertex 68.2 51.6 3.6
      vertex 68.2 54.8 3.6
    endloop
  endfacet
  facet normal 0 0 1
    outer loop
      vertex 68.2 51.6 3.6
      vertex 67 54.8 3.6
      vertex 67 51.6 3.6
    endloop
  endfacet
  facet normal -1 0 0
    outer loop
      vertex 67 51.6 2.4
      vertex 67 54.8 3.6
      vertex 67 54.8 2.4
    endloop
  endfacet
  facet normal -1 -0 0
    outer loop
      vertex 67 54.8 3.6
      vertex 67 51.6 2.4
      vertex 67 51.6 3.6
    endloop
  endfacet
  facet normal 0 1 -0
    outer loop
      vertex 68.2 54.8 2.4
      vertex 67 54.8 3.6
      vertex 68.2 54.8 3.6
    endloop
  endfacet
  facet normal 0 1 0
    outer loop
      vertex 67 54.8 3.6
      vertex 68.2 54.8 2.4
      vertex 67 54.8 2.4
    endloop
  endfacet
  facet normal 0 -1 0
    outer loop
      vertex 67 51.6 2.4
      vertex 68.2 51.6 3.6
      vertex 67 51.6 3.6
    endloop
  endfacet
  facet normal 0 -1 -0
    outer loop
      vertex 68.2 51.6 3.6
      vertex 67 51.6 2.4
      vertex 68.2 51.6 2.4
    endloop
  endfacet
  facet normal 1 -0 0
    outer loop
      vertex 70.95 55.2 3.6
      vertex 70.95 58.4 2.4
      vertex 70.95 58.4 3.6
    endloop
  endfacet
  facet normal 1 0 0
    outer loop
      vertex 70.95 58.4 2.4
      vertex 70.95 55.2 3.6
      vertex 70.95 55.2 2.4
    endloop
  endfacet
  facet normal -0 0 1
    outer loop
      vertex 69.75 58.4 3.6
      vertex 70.95 55.2 3.6
      vertex 70.95 58.4 3.6
    endloop
  endfacet
  facet normal 0 0 1
    outer loop
      vertex 70.95 55.2 3.6
      vertex 69.75 58.4 3.6
      vertex 69.75 55.2 3.6
    endloop
  endfacet
  facet normal -1 0 0
    outer loop
      vertex 69.75 55.2 2.4
      vertex 69.75 58.4 3.6
      vertex 69.75 58.4 2.4
    endloop
  endfacet
  facet normal -1 -0 0
    outer loop
      vertex 69.75 58.4 3.6
      vertex 69.75 55.2 2.4
      vertex 69.75 55.2 3.6
    endloop
  endfacet
  facet normal 0 1 -0
    outer loop
      vertex 70.95 58.4 2.4
      vertex 69.75 58.4 3.6
      vertex 70.95 58.4 3.6
    endloop
  endfacet
  facet normal 0 1 0
    outer loop
      vertex 69.75 58.4 3.6
      vertex 70.95 58.4 2.4
      vertex 69.75 58.4 2.4
    endloop
  endfacet
  facet normal 0 -1 0
    outer loop
      vertex 69.75 55.2 2.4
      vertex 70.95 55.2 3.6
      vertex 69.75 55.2 3.6
    endloop
  endfacet
  facet normal 0 -1 -0
    outer loop
      vertex 70.95 55.2 3.6
      vertex 69.75 55.2 2.4
      vertex 70.95 55.2 2.4
    endloop
  endfacet
  facet normal 1 -0 0
    outer loop
      vertex 73.7 51.6 3.6
      vertex 73.7 54.8 2.4
      vertex 73.7 54.8 3.6
    endloop
  endfacet
  facet normal 1 0 0
    outer loop
      vertex 73.7 54.8 2.4
      vertex 73.7 51.6 3.6
      vertex 73.7 51.6 2.4
    endloop
  endfacet
  facet normal -0 0 1
    outer loop
      vertex 72.5 54.8 3.6
      vertex 73.7 51.6 3.6
      vertex 73.7 54.8 3.6
    endloop
  endfacet
  facet normal 0 0 1
    outer loop
      vertex 73.7 51.6 3.6
      vertex 72.5 54.8 3.6
      vertex 72.5 51.6 3.6
    endloop
  endfacet
  facet normal -1 0 0
    outer loop
      vertex 72.5 51.6 2.4
      vertex 72.5 54.8 3.6
      vertex 72.5 54.8 2.4
    endloop
  endfacet
  facet normal -1 -0 0
    outer loop
      vertex 72.5 54.8 3.6
      vertex 72.5 51.6 2.4
      vertex 72.5 51.6 3.6
    endloop
  endfacet
  facet normal 0 1 -0
    outer loop
      vertex 73.7 54.8 2.4
      vertex 72.5 54.8 3.6
      vertex 73.7 54.8 3.6
    endloop
  endfacet
  facet normal 0 1 0
    outer loop
      vertex 72.5 54.8 3.6
      vertex 73.7 54.8 2.4
      vertex 72.5 54.8 2.4
    endloop
  endfacet
  facet normal 0 -1 0
    outer loop
      vertex 72.5 51.6 2.4
      vertex 73.7 51.6 3.6
      vertex 72.5 51.6 3.6
    endloop
  endfacet
  facet normal 0 -1 -0
    outer loop
      vertex 73.7 51.6 3.6
      vertex 72.5 51.6 2.4
      vertex 73.7 51.6 2.4
    endloop
  endfacet
  facet normal 1 -0 0
    outer loop
      vertex 76.45 55.2 3.6
      vertex 76.45 58.4 2.4
      vertex 76.45 58.4 3.6
    endloop
  endfacet
  facet normal 1 0 0
    outer loop
      vertex 76.45 58.4 2.4
      vertex 76.45 55.2 3.6
      vertex 76.45 55.2 2.4
    endloop
  endfacet
  facet normal -0 0 1
    outer loop
      vertex 75.25 58.4 3.6
      vertex 76.45 55.2 3.6
      vertex 76.45 58.4 3.6
    endloop
  endfacet
  facet normal 0 0 1
    outer loop
      vertex 76.45 55.2 3.6
      vertex 75.25 58.4 3.6
      vertex 75.25 55.2 3.6
    endloop
  endfacet
  facet normal -1 0 0
    outer loop
      vertex 75.25 55.2 2.4
      vertex 75.25 58.4 3.6
      vertex 75.25 58.4 2.4
    endloop
  endfacet
  facet normal -1 -0 0
    outer loop
      vertex 75.25 58.4 3.6
      vertex 75.25 55.2 2.4
      vertex 75.25 55.2 3.6
    endloop
  endfacet
  facet normal 0 1 -0
    outer loop
      vertex 76.45 58.4 2.4
      vertex 75.25 58.4 3.6
      vertex 76.45 58.4 3.6
    endloop
  endfacet
  facet normal 0 1 0
    outer loop
      vertex 75.25 58.4 3.6
      vertex 76.45 58.4 2.4
      vertex 75.25 58.4 2.4
    endloop
  endfacet
  facet normal 0 -1 0
    outer loop
      vertex 75.25 55.2 2.4
      vertex 76.45 55.2 3.6
      vertex 75.25 55.2 3.6
    endloop
  endfacet
  facet normal 0 -1 -0
    outer loop
      vertex 76.45 55.2 3.6
      vertex 75.25 55.2 2.4
      vertex 76.45 55.2 2.4
    endloop
  endfacet
  facet normal 1 -0 0
    outer loop
      vertex 79.2 51.6 3.6
      vertex 79.2 54.8 2.4
      vertex 79.2 54.8 3.6
    endloop
  endfacet
  facet normal 1 0 0
    outer loop
      vertex 79.2 54.8 2.4
      vertex 79.2 51.6 3.6
      vertex 79.2 51.6 2.4
    endloop
  endfacet
  facet normal -0 0 1
    outer loop
      vertex 78 54.8 3.6
      vertex 79.2 51.6 3.6
      vertex 79.2 54.8 3.6
    endloop
  endfacet
  facet normal 0 0 1
    outer loop
      vertex 79.2 51.6 3.6
      vertex 78 54.8 3.6
      vertex 78 51.6 3.6
    endloop
  endfacet
  facet normal -1 0 0
    outer loop
      vertex 78 51.6 2.4
      vertex 78 54.8 3.6
      vertex 78 54.8 2.4
    endloop
  endfacet
  facet normal -1 -0 0
    outer loop
      vertex 78 54.8 3.6
      vertex 78 51.6 2.4
      vertex 78 51.6 3.6
    endloop
  endfacet
  facet normal 0 1 -0
    outer loop
      vertex 79.2 54.8 2.4
      vertex 78 54.8 3.6
      vertex 79.2 54.8 3.6
    endloop
  endfacet
  facet normal 0 1 0
    outer loop
      vertex 78 54.8 3.6
      vertex 79.2 54.8 2.4
      vertex 78 54.8 2.4
    endloop
  endfacet
  facet normal 0 -1 0
    outer loop
      vertex 78 51.6 2.4
      vertex 79.2 51.6 3.6
      vertex 78 51.6 3.6
    endloop
  endfacet
  facet normal 0 -1 -0
    outer loop
      vertex 79.2 51.6 3.6
      vertex 78 51.6 2.4
      vertex 79.2 51.6 2.4
    endloop
  endfacet
  facet normal 1 -0 0
    outer loop
      vertex 81.95 55.2 3.6
      vertex 81.95 58.4 2.4
      vertex 81.95 58.4 3.6
    endloop
  endfacet
  facet normal 1 0 0
    outer loop
      vertex 81.95 58.4 2.4
      vertex 81.95 55.2 3.6
      vertex 81.95 55.2 2.4
    endloop
  endfacet
  facet normal -0 0 1
    outer loop
      vertex 80.75 58.4 3.6
      vertex 81.95 55.2 3.6
      vertex 81.95 58.4 3.6
    endloop
  endfacet
  facet normal 0 0 1
    outer loop
      vertex 81.95 55.2 3.6
      vertex 80.75 58.4 3.6
      vertex 80.75 55.2 3.6
    endloop
  endfacet
  facet normal -1 0 0
    outer loop
      vertex 80.75 55.2 2.4
      vertex 80.75 58.4 3.6
      vertex 80.75 58.4 2.4
    endloop
  endfacet
  facet normal -1 -0 0
    outer loop
      vertex 80.75 58.4 3.6
      vertex 80.75 55.2 2.4
      vertex 80.75 55.2 3.6
    endloop
  endfacet
  facet normal 0 1 -0
    outer loop
      vertex 81.95 58.4 2.4
      vertex 80.75 58.4 3.6
      vertex 81.95 58.4 3.6
    endloop
  endfacet
  facet normal 0 1 0
    outer loop
      vertex 80.75 58.4 3.6
      vertex 81.95 58.4 2.4
      vertex 80.75 58.4 2.4
    endloop
  endfacet
  facet normal 0 -1 0
    outer loop
      vertex 80.75 55.2 2.4
      vertex 81.95 55.2 3.6
      vertex 80.75 55.2 3.6
    endloop
  endfacet
  facet normal 0 -1 -0
    outer loop
      vertex 81.95 55.2 3.6
      vertex 80.75 55.2 2.4
      vertex 81.95 55.2 2.4
    endloop
  endfacet
  facet normal 0 0 1
    outer loop
      vertex 11.806 57.0823 4.71
      vertex 9.99174 56.6466 4.71
      vertex 11.806 56.6466 4.71
    endloop
  endfacet
  facet normal -0 0 1
    outer loop
      vertex 9.52466 57.0823 4.71
      vertex 9.99174 56.6466 4.71
      vertex 11.806 57.0823 4.71
    endloop
  endfacet
  facet normal 0 0 1
    outer loop
      vertex 9.52466 57.0823 4.71
      vertex 9.91484 55.3734 4.71
      vertex 9.99174 56.6466 4.71
    endloop
  endfacet
  facet normal 0 0 1
    outer loop
      vertex 9.39081 54.9234 4.71
      vertex 9.91484 55.3734 4.71
      vertex 9.52466 57.0823 4.71
    endloop
  endfacet
  facet normal 0 0 1
    outer loop
      vertex 9.91484 55.3734 4.71
      vertex 9.39081 54.9234 4.71
      vertex 9.89207 54.9234 4.71
    endloop
  endfacet
  facet normal 0 0 1
    outer loop
      vertex 12.0396 54.3766 4.71
      vertex 11.4976 54.5109 4.71
      vertex 11.507 54.3652 4.71
    endloop
  endfacet
  facet normal 0 0 1
    outer loop
      vertex 11.6878 55.2823 4.71
      vertex 11.4694 54.645 4.71
      vertex 11.4976 54.5109 4.71
    endloop
  endfacet
  facet normal 0 0 1
    outer loop
      vertex 11.6878 55.2823 4.71
      vertex 11.4224 54.7675 4.71
      vertex 11.4694 54.645 4.71
    endloop
  endfacet
  facet normal 0 0 1
    outer loop
      vertex 11.1714 55.0616 4.71
      vertex 11.5375 55.4074 4.71
      vertex 11.3679 55.5047 4.71
    endloop
  endfacet
  facet normal 0 0 1
    outer loop
      vertex 11.6878 55.2823 4.71
      vertex 11.3566 54.8783 4.71
      vertex 11.4224 54.7675 4.71
    endloop
  endfacet
  facet normal 0 0 1
    outer loop
      vertex 11.6878 55.2823 4.71
      vertex 11.272 54.9776 4.71
      vertex 11.3566 54.8783 4.71
    endloop
  endfacet
  facet normal 0 0 1
    outer loop
      vertex 11.0578 55.127 4.71
      vertex 11.3679 55.5047 4.71
      vertex 11.1791 55.5742 4.71
    endloop
  endfacet
  facet normal 0 0 1
    outer loop
      vertex 11.5375 55.4074 4.71
      vertex 11.1714 55.0616 4.71
      vertex 11.272 54.9776 4.71
    endloop
  endfacet
  facet normal 0 0 1
    outer loop
      vertex 11.3679 55.5047 4.71
      vertex 11.0578 55.127 4.71
      vertex 11.1714 55.0616 4.71
    endloop
  endfacet
  facet normal 0 0 1
    outer loop
      vertex 10.9311 55.1737 4.71
      vertex 11.1791 55.5742 4.71
      vertex 10.971 55.6158 4.71
    endloop
  endfacet
  facet normal 0 0 1
    outer loop
      vertex 11.1791 55.5742 4.71
      vertex 10.9311 55.1737 4.71
      vertex 11.0578 55.127 4.71
    endloop
  endfacet
  facet normal 0 0 1
    outer loop
      vertex 10.971 55.6158 4.71
      vertex 10.7912 55.2018 4.71
      vertex 10.9311 55.1737 4.71
    endloop
  endfacet
  facet normal 0 0 1
    outer loop
      vertex 10.7437 55.6297 4.71
      vertex 10.7912 55.2018 4.71
      vertex 10.971 55.6158 4.71
    endloop
  endfacet
  facet normal 0 0 1
    outer loop
      vertex 10.7437 55.6297 4.71
      vertex 10.6383 55.2111 4.71
      vertex 10.7912 55.2018 4.71
    endloop
  endfacet
  facet normal -0 0 1
    outer loop
      vertex 10.5519 55.6195 4.71
      vertex 10.6383 55.2111 4.71
      vertex 10.7437 55.6297 4.71
    endloop
  endfacet
  facet normal 0 0 1
    outer loop
      vertex 10.6383 55.2111 4.71
      vertex 10.5519 55.6195 4.71
      vertex 10.5563 55.2085 4.71
    endloop
  endfacet
  facet normal 0 0 1
    outer loop
      vertex 10.5519 55.6195 4.71
      vertex 10.4765 55.2006 4.71
      vertex 10.5563 55.2085 4.71
    endloop
  endfacet
  facet normal -0 0 1
    outer loop
      vertex 10.3732 55.5887 4.71
      vertex 10.4765 55.2006 4.71
      vertex 10.5519 55.6195 4.71
    endloop
  endfacet
  facet normal 0 0 1
    outer loop
      vertex 10.4765 55.2006 4.71
      vertex 10.3732 55.5887 4.71
      vertex 10.399 55.1875 4.71
    endloop
  endfacet
  facet normal -0 0 1
    outer loop
      vertex 10.2074 55.5375 4.71
      vertex 10.399 55.1875 4.71
      vertex 10.3732 55.5887 4.71
    endloop
  endfacet
  facet normal 0 0 1
    outer loop
      vertex 10.399 55.1875 4.71
      vertex 10.2074 55.5375 4.71
      vertex 10.3239 55.1692 4.71
    endloop
  endfacet
  facet normal 0 0 1
    outer loop
      vertex 10.3239 55.1692 4.71
      vertex 10.2074 55.5375 4.71
      vertex 10.2509 55.1456 4.71
    endloop
  endfacet
  facet normal -0 0 1
    outer loop
      vertex 10.0546 55.4657 4.71
      vertex 10.2509 55.1456 4.71
      vertex 10.2074 55.5375 4.71
    endloop
  endfacet
  facet normal 0 0 1
    outer loop
      vertex 10.2509 55.1456 4.71
      vertex 10.0546 55.4657 4.71
      vertex 10.1792 55.1157 4.71
    endloop
  endfacet
  facet normal -0 0 1
    outer loop
      vertex 9.91484 55.3734 4.71
      vertex 10.1792 55.1157 4.71
      vertex 10.0546 55.4657 4.71
    endloop
  endfacet
  facet normal 0 0 1
    outer loop
      vertex 10.1792 55.1157 4.71
      vertex 9.91484 55.3734 4.71
      vertex 10.1074 55.0786 4.71
    endloop
  endfacet
  facet normal 0 0 1
    outer loop
      vertex 10.1074 55.0786 4.71
      vertex 9.91484 55.3734 4.71
      vertex 10.0356 55.0342 4.71
    endloop
  endfacet
  facet normal 0 0 1
    outer loop
      vertex 10.0356 55.0342 4.71
      vertex 9.91484 55.3734 4.71
      vertex 9.96384 54.9825 4.71
    endloop
  endfacet
  facet normal 0 0 1
    outer loop
      vertex 9.96384 54.9825 4.71
      vertex 9.91484 55.3734 4.71
      vertex 9.89207 54.9234 4.71
    endloop
  endfacet
  facet normal -0 0 1
    outer loop
      vertex 11.4976 54.5109 4.71
      vertex 12.0396 54.3766 4.71
      vertex 12.0255 54.5915 4.71
    endloop
  endfacet
  facet normal 0 0 1
    outer loop
      vertex 11.4976 54.5109 4.71
      vertex 12.0255 54.5915 4.71
      vertex 11.9833 54.7895 4.71
    endloop
  endfacet
  facet normal 0 0 1
    outer loop
      vertex 12.0396 54.3766 4.71
      vertex 11.507 54.3652 4.71
      vertex 12.0245 54.1334 4.71
    endloop
  endfacet
  facet normal 0 0 1
    outer loop
      vertex 11.4976 54.5109 4.71
      vertex 11.9833 54.7895 4.71
      vertex 11.9129 54.9706 4.71
    endloop
  endfacet
  facet normal -0 0 1
    outer loop
      vertex 11.4976 54.1984 4.71
      vertex 12.0245 54.1334 4.71
      vertex 11.507 54.3652 4.71
    endloop
  endfacet
  facet normal 0 0 1
    outer loop
      vertex 11.4976 54.5109 4.71
      vertex 11.9129 54.9706 4.71
      vertex 11.8145 55.1349 4.71
    endloop
  endfacet
  facet normal 0 0 1
    outer loop
      vertex 12.0245 54.1334 4.71
      vertex 11.4976 54.1984 4.71
      vertex 11.9792 53.9118 4.71
    endloop
  endfacet
  facet normal 0 0 1
    outer loop
      vertex 11.4976 54.5109 4.71
      vertex 11.8145 55.1349 4.71
      vertex 11.6878 55.2823 4.71
    endloop
  endfacet
  facet normal -0 0 1
    outer loop
      vertex 11.4696 54.0464 4.71
      vertex 11.9792 53.9118 4.71
      vertex 11.4976 54.1984 4.71
    endloop
  endfacet
  facet normal 0 0 1
    outer loop
      vertex 11.272 54.9776 4.71
      vertex 11.6878 55.2823 4.71
      vertex 11.5375 55.4074 4.71
    endloop
  endfacet
  facet normal 0 0 1
    outer loop
      vertex 11.9792 53.9118 4.71
      vertex 11.4696 54.0464 4.71
      vertex 11.9037 53.7119 4.71
    endloop
  endfacet
  facet normal -0 0 1
    outer loop
      vertex 11.4229 53.9094 4.71
      vertex 11.9037 53.7119 4.71
      vertex 11.4696 54.0464 4.71
    endloop
  endfacet
  facet normal 0 0 1
    outer loop
      vertex 11.9037 53.7119 4.71
      vertex 11.4229 53.9094 4.71
      vertex 11.798 53.5336 4.71
    endloop
  endfacet
  facet normal -0 0 1
    outer loop
      vertex 11.3575 53.7874 4.71
      vertex 11.798 53.5336 4.71
      vertex 11.4229 53.9094 4.71
    endloop
  endfacet
  facet normal 0 0 1
    outer loop
      vertex 11.798 53.5336 4.71
      vertex 11.3575 53.7874 4.71
      vertex 11.6622 53.3769 4.71
    endloop
  endfacet
  facet normal -0 0 1
    outer loop
      vertex 11.2734 53.6802 4.71
      vertex 11.6622 53.3769 4.71
      vertex 11.3575 53.7874 4.71
    endloop
  endfacet
  facet normal 0 0 1
    outer loop
      vertex 11.6622 53.3769 4.71
      vertex 11.2734 53.6802 4.71
      vertex 11.4995 53.2457 4.71
    endloop
  endfacet
  facet normal -0 0 1
    outer loop
      vertex 11.1728 53.5905 4.71
      vertex 11.4995 53.2457 4.71
      vertex 11.2734 53.6802 4.71
    endloop
  endfacet
  facet normal 0 0 1
    outer loop
      vertex 11.4995 53.2457 4.71
      vertex 11.1728 53.5905 4.71
      vertex 11.3136 53.1436 4.71
    endloop
  endfacet
  facet normal -0 0 1
    outer loop
      vertex 11.0579 53.5207 4.71
      vertex 11.3136 53.1436 4.71
      vertex 11.1728 53.5905 4.71
    endloop
  endfacet
  facet normal 0 0 1
    outer loop
      vertex 11.3136 53.1436 4.71
      vertex 11.0579 53.5207 4.71
      vertex 11.1042 53.0707 4.71
    endloop
  endfacet
  facet normal -0 0 1
    outer loop
      vertex 10.9286 53.4709 4.71
      vertex 11.1042 53.0707 4.71
      vertex 11.0579 53.5207 4.71
    endloop
  endfacet
  facet normal 0 0 1
    outer loop
      vertex 10.9286 53.4709 4.71
      vertex 10.8715 53.0269 4.71
      vertex 11.1042 53.0707 4.71
    endloop
  endfacet
  facet normal -0 0 1
    outer loop
      vertex 10.7849 53.441 4.71
      vertex 10.8715 53.0269 4.71
      vertex 10.9286 53.4709 4.71
    endloop
  endfacet
  facet normal 0 0 1
    outer loop
      vertex 10.6155 53.0124 4.71
      vertex 10.7849 53.441 4.71
      vertex 10.6269 53.431 4.71
    endloop
  endfacet
  facet normal 0 0 1
    outer loop
      vertex 10.7849 53.441 4.71
      vertex 10.6155 53.0124 4.71
      vertex 10.8715 53.0269 4.71
    endloop
  endfacet
  facet normal 0 0 1
    outer loop
      vertex 10.6269 53.431 4.71
      vertex 10.3997 53.0222 4.71
      vertex 10.6155 53.0124 4.71
    endloop
  endfacet
  facet normal 0 0 1
    outer loop
      vertex 10.3784 53.4548 4.71
      vertex 10.3997 53.0222 4.71
      vertex 10.6269 53.431 4.71
    endloop
  endfacet
  facet normal 0 0 1
    outer loop
      vertex 10.3784 53.4548 4.71
      vertex 10.2012 53.0516 4.71
      vertex 10.3997 53.0222 4.71
    endloop
  endfacet
  facet normal 0 0 1
    outer loop
      vertex 10.1707 53.5263 4.71
      vertex 10.2012 53.0516 4.71
      vertex 10.3784 53.4548 4.71
    endloop
  endfacet
  facet normal 0 0 1
    outer loop
      vertex 10.1707 53.5263 4.71
      vertex 10.0201 53.1006 4.71
      vertex 10.2012 53.0516 4.71
    endloop
  endfacet
  facet normal 0 0 1
    outer loop
      vertex 9.85629 53.1691 4.71
      vertex 10.1707 53.5263 4.71
      vertex 10.0038 53.6453 4.71
    endloop
  endfacet
  facet normal 0 0 1
    outer loop
      vertex 9.58209 53.3641 4.71
      vertex 10.0038 53.6453 4.71
      vertex 9.87773 53.812 4.71
    endloop
  endfacet
  facet normal 0 0 1
    outer loop
      vertex 10.1707 53.5263 4.71
      vertex 9.85629 53.1691 4.71
      vertex 10.0201 53.1006 4.71
    endloop
  endfacet
  facet normal 0 0 1
    outer loop
      vertex 9.32063 53.7896 4.71
      vertex 9.87773 53.812 4.71
      vertex 9.7924 54.0263 4.71
    endloop
  endfacet
  facet normal 0 0 1
    outer loop
      vertex 10.0038 53.6453 4.71
      vertex 9.70979 53.2573 4.71
      vertex 9.85629 53.1691 4.71
    endloop
  endfacet
  facet normal 0 0 1
    outer loop
      vertex 10.0038 53.6453 4.71
      vertex 9.58209 53.3641 4.71
      vertex 9.70979 53.2573 4.71
    endloop
  endfacet
  facet normal 0 0 1
    outer loop
      vertex 9.87773 53.812 4.71
      vertex 9.47466 53.4884 4.71
      vertex 9.58209 53.3641 4.71
    endloop
  endfacet
  facet normal 0 0 1
    outer loop
      vertex 9.87773 53.812 4.71
      vertex 9.38751 53.6302 4.71
      vertex 9.47466 53.4884 4.71
    endloop
  endfacet
  facet normal 0 0 1
    outer loop
      vertex 9.87773 53.812 4.71
      vertex 9.32063 53.7896 4.71
      vertex 9.38751 53.6302 4.71
    endloop
  endfacet
  facet normal 0 -0 1
    outer loop
      vertex 9.32063 53.7896 4.71
      vertex 9.7924 54.0263 4.71
      vertex 9.27405 53.9665 4.71
    endloop
  endfacet
  facet normal 0 0 1
    outer loop
      vertex 16.5569 57.0823 4.71
      vertex 14.7426 56.6466 4.71
      vertex 16.5569 56.6466 4.71
    endloop
  endfacet
  facet normal -0 0 1
    outer loop
      vertex 14.2755 57.0823 4.71
      vertex 14.7426 56.6466 4.71
      vertex 16.5569 57.0823 4.71
    endloop
  endfacet
  facet normal 0 0 1
    outer loop
      vertex 14.2755 57.0823 4.71
      vertex 14.6657 55.3734 4.71
      vertex 14.7426 56.6466 4.71
    endloop
  endfacet
  facet normal 0 0 1
    outer loop
      vertex 14.1417 54.9234 4.71
      vertex 14.6657 55.3734 4.71
      vertex 14.2755 57.0823 4.71
    endloop
  endfacet
  facet normal 0 0 1
    outer loop
      vertex 14.6657 55.3734 4.71
      vertex 14.1417 54.9234 4.71
      vertex 14.6429 54.9234 4.71
    endloop
  endfacet
  facet normal 0 0 1
    outer loop
      vertex 16.7904 54.3766 4.71
      vertex 16.2484 54.5109 4.71
      vertex 16.2578 54.3652 4.71
    endloop
  endfacet
  facet normal 0 0 1
    outer loop
      vertex 16.4387 55.2823 4.71
      vertex 16.2202 54.645 4.71
      vertex 16.2484 54.5109 4.71
    endloop
  endfacet
  facet normal 0 0 1
    outer loop
      vertex 16.4387 55.2823 4.71
      vertex 16.1732 54.7675 4.71
      vertex 16.2202 54.645 4.71
    endloop
  endfacet
  facet normal 0 0 1
    outer loop
      vertex 15.9223 55.0616 4.71
      vertex 16.2884 55.4074 4.71
      vertex 16.1188 55.5047 4.71
    endloop
  endfacet
  facet normal 0 0 1
    outer loop
      vertex 16.4387 55.2823 4.71
      vertex 16.1075 54.8783 4.71
      vertex 16.1732 54.7675 4.71
    endloop
  endfacet
  facet normal 0 0 1
    outer loop
      vertex 16.4387 55.2823 4.71
      vertex 16.0228 54.9776 4.71
      vertex 16.1075 54.8783 4.71
    endloop
  endfacet
  facet normal 0 0 1
    outer loop
      vertex 15.8087 55.127 4.71
      vertex 16.1188 55.5047 4.71
      vertex 15.9299 55.5742 4.71
    endloop
  endfacet
  facet normal 0 0 1
    outer loop
      vertex 16.2884 55.4074 4.71
      vertex 15.9223 55.0616 4.71
      vertex 16.0228 54.9776 4.71
    endloop
  endfacet
  facet normal 0 0 1
    outer loop
      vertex 16.1188 55.5047 4.71
      vertex 15.8087 55.127 4.71
      vertex 15.9223 55.0616 4.71
    endloop
  endfacet
  facet normal 0 0 1
    outer loop
      vertex 15.6819 55.1737 4.71
      vertex 15.9299 55.5742 4.71
      vertex 15.7219 55.6158 4.71
    endloop
  endfacet
  facet normal 0 0 1
    outer loop
      vertex 15.9299 55.5742 4.71
      vertex 15.6819 55.1737 4.71
      vertex 15.8087 55.127 4.71
    endloop
  endfacet
  facet normal 0 0 1
    outer loop
      vertex 15.7219 55.6158 4.71
      vertex 15.5421 55.2018 4.71
      vertex 15.6819 55.1737 4.71
    endloop
  endfacet
  facet normal 0 0 1
    outer loop
      vertex 15.4945 55.6297 4.71
      vertex 15.5421 55.2018 4.71
      vertex 15.7219 55.6158 4.71
    endloop
  endfacet
  facet normal 0 0 1
    outer loop
      vertex 15.4945 55.6297 4.71
      vertex 15.3892 55.2111 4.71
      vertex 15.5421 55.2018 4.71
    endloop
  endfacet
  facet normal -0 0 1
    outer loop
      vertex 15.3028 55.6195 4.71
      vertex 15.3892 55.2111 4.71
      vertex 15.4945 55.6297 4.71
    endloop
  endfacet
  facet normal 0 0 1
    outer loop
      vertex 15.3892 55.2111 4.71
      vertex 15.3028 55.6195 4.71
      vertex 15.3071 55.2085 4.71
    endloop
  endfacet
  facet normal 0 0 1
    outer loop
      vertex 15.3028 55.6195 4.71
      vertex 15.2274 55.2006 4.71
      vertex 15.3071 55.2085 4.71
    endloop
  endfacet
  facet normal -0 0 1
    outer loop
      vertex 15.1241 55.5887 4.71
      vertex 15.2274 55.2006 4.71
      vertex 15.3028 55.6195 4.71
    endloop
  endfacet
  facet normal 0 0 1
    outer loop
      vertex 15.2274 55.2006 4.71
      vertex 15.1241 55.5887 4.71
      vertex 15.1499 55.1875 4.71
    endloop
  endfacet
  facet normal -0 0 1
    outer loop
      vertex 14.9583 55.5375 4.71
      vertex 15.1499 55.1875 4.71
      vertex 15.1241 55.5887 4.71
    endloop
  endfacet
  facet normal 0 0 1
    outer loop
      vertex 15.1499 55.1875 4.71
      vertex 14.9583 55.5375 4.71
      vertex 15.0747 55.1692 4.71
    endloop
  endfacet
  facet normal 0 0 1
    outer loop
      vertex 15.0747 55.1692 4.71
      vertex 14.9583 55.5375 4.71
      vertex 15.0018 55.1456 4.71
    endloop
  endfacet
  facet normal -0 0 1
    outer loop
      vertex 14.8055 55.4657 4.71
      vertex 15.0018 55.1456 4.71
      vertex 14.9583 55.5375 4.71
    endloop
  endfacet
  facet normal 0 0 1
    outer loop
      vertex 15.0018 55.1456 4.71
      vertex 14.8055 55.4657 4.71
      vertex 14.93 55.1157 4.71
    endloop
  endfacet
  facet normal -0 0 1
    outer loop
      vertex 14.6657 55.3734 4.71
      vertex 14.93 55.1157 4.71
      vertex 14.8055 55.4657 4.71
    endloop
  endfacet
  facet normal 0 0 1
    outer loop
      vertex 14.93 55.1157 4.71
      vertex 14.6657 55.3734 4.71
      vertex 14.8582 55.0786 4.71
    endloop
  endfacet
  facet normal 0 0 1
    outer loop
      vertex 14.8582 55.0786 4.71
      vertex 14.6657 55.3734 4.71
      vertex 14.7865 55.0342 4.71
    endloop
  endfacet
  facet normal 0 0 1
    outer loop
      vertex 14.7865 55.0342 4.71
      vertex 14.6657 55.3734 4.71
      vertex 14.7147 54.9825 4.71
    endloop
  endfacet
  facet normal 0 0 1
    outer loop
      vertex 14.7147 54.9825 4.71
      vertex 14.6657 55.3734 4.71
      vertex 14.6429 54.9234 4.71
    endloop
  endfacet
  facet normal -0 0 1
    outer loop
      vertex 16.2484 54.5109 4.71
      vertex 16.7904 54.3766 4.71
      vertex 16.7764 54.5915 4.71
    endloop
  endfacet
  facet normal 0 0 1
    outer loop
      vertex 16.2484 54.5109 4.71
      vertex 16.7764 54.5915 4.71
      vertex 16.7342 54.7895 4.71
    endloop
  endfacet
  facet normal 0 0 1
    outer loop
      vertex 16.7904 54.3766 4.71
      vertex 16.2578 54.3652 4.71
      vertex 16.7753 54.1334 4.71
    endloop
  endfacet
  facet normal 0 0 1
    outer loop
      vertex 16.2484 54.5109 4.71
      vertex 16.7342 54.7895 4.71
      vertex 16.6638 54.9706 4.71
    endloop
  endfacet
  facet normal -0 0 1
    outer loop
      vertex 16.2485 54.1984 4.71
      vertex 16.7753 54.1334 4.71
      vertex 16.2578 54.3652 4.71
    endloop
  endfacet
  facet normal 0 0 1
    outer loop
      vertex 16.2484 54.5109 4.71
      vertex 16.6638 54.9706 4.71
      vertex 16.5653 55.1349 4.71
    endloop
  endfacet
  facet normal 0 0 1
    outer loop
      vertex 16.7753 54.1334 4.71
      vertex 16.2485 54.1984 4.71
      vertex 16.7301 53.9118 4.71
    endloop
  endfacet
  facet normal 0 0 1
    outer loop
      vertex 16.2484 54.5109 4.71
      vertex 16.5653 55.1349 4.71
      vertex 16.4387 55.2823 4.71
    endloop
  endfacet
  facet normal -0 0 1
    outer loop
      vertex 16.2205 54.0464 4.71
      vertex 16.7301 53.9118 4.71
      vertex 16.2485 54.1984 4.71
    endloop
  endfacet
  facet normal 0 0 1
    outer loop
      vertex 16.0228 54.9776 4.71
      vertex 16.4387 55.2823 4.71
      vertex 16.2884 55.4074 4.71
    endloop
  endfacet
  facet normal 0 0 1
    outer loop
      vertex 16.7301 53.9118 4.71
      vertex 16.2205 54.0464 4.71
      vertex 16.6546 53.7119 4.71
    endloop
  endfacet
  facet normal -0 0 1
    outer loop
      vertex 16.1738 53.9094 4.71
      vertex 16.6546 53.7119 4.71
      vertex 16.2205 54.0464 4.71
    endloop
  endfacet
  facet normal 0 0 1
    outer loop
      vertex 16.6546 53.7119 4.71
      vertex 16.1738 53.9094 4.71
      vertex 16.5489 53.5336 4.71
    endloop
  endfacet
  facet normal -0 0 1
    outer loop
      vertex 16.1084 53.7874 4.71
      vertex 16.5489 53.5336 4.71
      vertex 16.1738 53.9094 4.71
    endloop
  endfacet
  facet normal 0 0 1
    outer loop
      vertex 16.5489 53.5336 4.71
      vertex 16.1084 53.7874 4.71
      vertex 16.413 53.3769 4.71
    endloop
  endfacet
  facet normal -0 0 1
    outer loop
      vertex 16.0243 53.6802 4.71
      vertex 16.413 53.3769 4.71
      vertex 16.1084 53.7874 4.71
    endloop
  endfacet
  facet normal 0 0 1
    outer loop
      vertex 16.413 53.3769 4.71
      vertex 16.0243 53.6802 4.71
      vertex 16.2504 53.2457 4.71
    endloop
  endfacet
  facet normal -0 0 1
    outer loop
      vertex 15.9237 53.5905 4.71
      vertex 16.2504 53.2457 4.71
      vertex 16.0243 53.6802 4.71
    endloop
  endfacet
  facet normal 0 0 1
    outer loop
      vertex 16.2504 53.2457 4.71
      vertex 15.9237 53.5905 4.71
      vertex 16.0644 53.1436 4.71
    endloop
  endfacet
  facet normal -0 0 1
    outer loop
      vertex 15.8087 53.5207 4.71
      vertex 16.0644 53.1436 4.71
      vertex 15.9237 53.5905 4.71
    endloop
  endfacet
  facet normal 0 0 1
    outer loop
      vertex 16.0644 53.1436 4.71
      vertex 15.8087 53.5207 4.71
      vertex 15.8551 53.0707 4.71
    endloop
  endfacet
  facet normal -0 0 1
    outer loop
      vertex 15.6794 53.4709 4.71
      vertex 15.8551 53.0707 4.71
      vertex 15.8087 53.5207 4.71
    endloop
  endfacet
  facet normal 0 0 1
    outer loop
      vertex 15.6794 53.4709 4.71
      vertex 15.6224 53.0269 4.71
      vertex 15.8551 53.0707 4.71
    endloop
  endfacet
  facet normal -0 0 1
    outer loop
      vertex 15.5358 53.441 4.71
      vertex 15.6224 53.0269 4.71
      vertex 15.6794 53.4709 4.71
    endloop
  endfacet
  facet normal 0 0 1
    outer loop
      vertex 15.3663 53.0124 4.71
      vertex 15.5358 53.441 4.71
      vertex 15.3778 53.431 4.71
    endloop
  endfacet
  facet normal 0 0 1
    outer loop
      vertex 15.5358 53.441 4.71
      vertex 15.3663 53.0124 4.71
      vertex 15.6224 53.0269 4.71
    endloop
  endfacet
  facet normal 0 0 1
    outer loop
      vertex 15.3778 53.431 4.71
      vertex 15.1506 53.0222 4.71
      vertex 15.3663 53.0124 4.71
    endloop
  endfacet
  facet normal 0 0 1
    outer loop
      vertex 15.1293 53.4548 4.71
      vertex 15.1506 53.0222 4.71
      vertex 15.3778 53.431 4.71
    endloop
  endfacet
  facet normal 0 0 1
    outer loop
      vertex 15.1293 53.4548 4.71
      vertex 14.9521 53.0516 4.71
      vertex 15.1506 53.0222 4.71
    endloop
  endfacet
  facet normal 0 0 1
    outer loop
      vertex 14.9216 53.5263 4.71
      vertex 14.9521 53.0516 4.71
      vertex 15.1293 53.4548 4.71
    endloop
  endfacet
  facet normal 0 0 1
    outer loop
      vertex 14.9216 53.5263 4.71
      vertex 14.771 53.1006 4.71
      vertex 14.9521 53.0516 4.71
    endloop
  endfacet
  facet normal 0 0 1
    outer loop
      vertex 14.6072 53.1691 4.71
      vertex 14.9216 53.5263 4.71
      vertex 14.7547 53.6453 4.71
    endloop
  endfacet
  facet normal 0 0 1
    outer loop
      vertex 14.333 53.3641 4.71
      vertex 14.7547 53.6453 4.71
      vertex 14.6286 53.812 4.71
    endloop
  endfacet
  facet normal 0 0 1
    outer loop
      vertex 14.9216 53.5263 4.71
      vertex 14.6072 53.1691 4.71
      vertex 14.771 53.1006 4.71
    endloop
  endfacet
  facet normal 0 0 1
    outer loop
      vertex 14.0715 53.7896 4.71
      vertex 14.6286 53.812 4.71
      vertex 14.5433 54.0263 4.71
    endloop
  endfacet
  facet normal 0 0 1
    outer loop
      vertex 14.7547 53.6453 4.71
      vertex 14.4607 53.2573 4.71
      vertex 14.6072 53.1691 4.71
    endloop
  endfacet
  facet normal 0 0 1
    outer loop
      vertex 14.7547 53.6453 4.71
      vertex 14.333 53.3641 4.71
      vertex 14.4607 53.2573 4.71
    endloop
  endfacet
  facet normal 0 0 1
    outer loop
      vertex 14.6286 53.812 4.71
      vertex 14.2255 53.4884 4.71
      vertex 14.333 53.3641 4.71
    endloop
  endfacet
  facet normal 0 0 1
    outer loop
      vertex 14.6286 53.812 4.71
      vertex 14.1384 53.6302 4.71
      vertex 14.2255 53.4884 4.71
    endloop
  endfacet
  facet normal 0 0 1
    outer loop
      vertex 14.6286 53.812 4.71
      vertex 14.0715 53.7896 4.71
      vertex 14.1384 53.6302 4.71
    endloop
  endfacet
  facet normal 0 -0 1
    outer loop
      vertex 14.0715 53.7896 4.71
      vertex 14.5433 54.0263 4.71
      vertex 14.0249 53.9665 4.71
    endloop
  endfacet
  facet normal -0 0 1
    outer loop
      vertex 12.7413 53.6931 4.71
      vertex 13.2966 53.0693 4.71
      vertex 13.2966 53.6931 4.71
    endloop
  endfacet
  facet normal 0 0 1
    outer loop
      vertex 13.2966 53.0693 4.71
      vertex 12.7413 53.6931 4.71
      vertex 12.7413 53.0693 4.71
    endloop
  endfacet
  facet normal 0.184977 -0.982743 0
    outer loop
      vertex 10.8715 53.0269 4
      vertex 11.1042 53.0707 4.71
      vertex 10.8715 53.0269 4.71
    endloop
  endfacet
  facet normal 0.184977 -0.982743 0
    outer loop
      vertex 11.1042 53.0707 4.71
      vertex 10.8715 53.0269 4
      vertex 11.1042 53.0707 4
    endloop
  endfacet
  facet normal 0.328783 -0.944405 0
    outer loop
      vertex 11.1042 53.0707 4
      vertex 11.3136 53.1436 4.71
      vertex 11.1042 53.0707 4.71
    endloop
  endfacet
  facet normal 0.328783 -0.944405 0
    outer loop
      vertex 11.3136 53.1436 4.71
      vertex 11.1042 53.0707 4
      vertex 11.3136 53.1436 4
    endloop
  endfacet
  facet normal 0.481394 -0.876504 0
    outer loop
      vertex 11.3136 53.1436 4
      vertex 11.4995 53.2457 4.71
      vertex 11.3136 53.1436 4.71
    endloop
  endfacet
  facet normal 0.481394 -0.876504 0
    outer loop
      vertex 11.4995 53.2457 4.71
      vertex 11.3136 53.1436 4
      vertex 11.4995 53.2457 4
    endloop
  endfacet
  facet normal 0.627724 -0.778436 0
    outer loop
      vertex 11.4995 53.2457 4
      vertex 11.6622 53.3769 4.71
      vertex 11.4995 53.2457 4.71
    endloop
  endfacet
  facet normal 0.627724 -0.778436 0
    outer loop
      vertex 11.6622 53.3769 4.71
      vertex 11.4995 53.2457 4
      vertex 11.6622 53.3769 4
    endloop
  endfacet
  facet normal 0.755705 -0.654912 0
    outer loop
      vertex 11.6622 53.3769 4.71
      vertex 11.798 53.5336 4
      vertex 11.798 53.5336 4.71
    endloop
  endfacet
  facet normal 0.755705 -0.654912 0
    outer loop
      vertex 11.798 53.5336 4
      vertex 11.6622 53.3769 4.71
      vertex 11.6622 53.3769 4
    endloop
  endfacet
  facet normal 0.860205 -0.509948 0
    outer loop
      vertex 11.798 53.5336 4.71
      vertex 11.9037 53.7119 4
      vertex 11.9037 53.7119 4.71
    endloop
  endfacet
  facet normal 0.860205 -0.509948 0
    outer loop
      vertex 11.9037 53.7119 4
      vertex 11.798 53.5336 4.71
      vertex 11.798 53.5336 4
    endloop
  endfacet
  facet normal 0.9355 -0.353328 0
    outer loop
      vertex 11.9037 53.7119 4.71
      vertex 11.9792 53.9118 4
      vertex 11.9792 53.9118 4.71
    endloop
  endfacet
  facet normal 0.9355 -0.353328 0
    outer loop
      vertex 11.9792 53.9118 4
      vertex 11.9037 53.7119 4.71
      vertex 11.9037 53.7119 4
    endloop
  endfacet
  facet normal 0.979739 -0.20028 0
    outer loop
      vertex 11.9792 53.9118 4.71
      vertex 12.0245 54.1334 4
      vertex 12.0245 54.1334 4.71
    endloop
  endfacet
  facet normal 0.979739 -0.20028 0
    outer loop
      vertex 12.0245 54.1334 4
      vertex 11.9792 53.9118 4.71
      vertex 11.9792 53.9118 4
    endloop
  endfacet
  facet normal 0.998078 -0.0619695 0
    outer loop
      vertex 12.0245 54.1334 4.71
      vertex 12.0396 54.3766 4
      vertex 12.0396 54.3766 4.71
    endloop
  endfacet
  facet normal 0.998078 -0.0619695 0
    outer loop
      vertex 12.0396 54.3766 4
      vertex 12.0245 54.1334 4.71
      vertex 12.0245 54.1334 4
    endloop
  endfacet
  facet normal 0.997854 0.0654711 0
    outer loop
      vertex 12.0396 54.3766 4.71
      vertex 12.0255 54.5915 4
      vertex 12.0255 54.5915 4.71
    endloop
  endfacet
  facet normal 0.997854 0.0654711 0
    outer loop
      vertex 12.0255 54.5915 4
      vertex 12.0396 54.3766 4.71
      vertex 12.0396 54.3766 4
    endloop
  endfacet
  facet normal 0.978033 0.208449 0
    outer loop
      vertex 12.0255 54.5915 4.71
      vertex 11.9833 54.7895 4
      vertex 11.9833 54.7895 4.71
    endloop
  endfacet
  facet normal 0.978033 0.208449 0
    outer loop
      vertex 11.9833 54.7895 4
      vertex 12.0255 54.5915 4.71
      vertex 12.0255 54.5915 4
    endloop
  endfacet
  facet normal 0.932053 0.362322 0
    outer loop
      vertex 11.9833 54.7895 4.71
      vertex 11.9129 54.9706 4
      vertex 11.9129 54.9706 4.71
    endloop
  endfacet
  facet normal 0.932053 0.362322 0
    outer loop
      vertex 11.9129 54.9706 4
      vertex 11.9833 54.7895 4.71
      vertex 11.9833 54.7895 4
    endloop
  endfacet
  facet normal 0.857907 0.513804 0
    outer loop
      vertex 11.9129 54.9706 4.71
      vertex 11.8145 55.1349 4
      vertex 11.8145 55.1349 4.71
    endloop
  endfacet
  facet normal 0.857907 0.513804 0
    outer loop
      vertex 11.8145 55.1349 4
      vertex 11.9129 54.9706 4.71
      vertex 11.9129 54.9706 4
    endloop
  endfacet
  facet normal 0.758348 0.65185 0
    outer loop
      vertex 11.8145 55.1349 4.71
      vertex 11.6878 55.2823 4
      vertex 11.6878 55.2823 4.71
    endloop
  endfacet
  facet normal 0.758348 0.65185 0
    outer loop
      vertex 11.6878 55.2823 4
      vertex 11.8145 55.1349 4.71
      vertex 11.8145 55.1349 4
    endloop
  endfacet
  facet normal 0.639732 0.768598 -0
    outer loop
      vertex 11.6878 55.2823 4
      vertex 11.5375 55.4074 4.71
      vertex 11.6878 55.2823 4.71
    endloop
  endfacet
  facet normal 0.639732 0.768598 0
    outer loop
      vertex 11.5375 55.4074 4.71
      vertex 11.6878 55.2823 4
      vertex 11.5375 55.4074 4
    endloop
  endfacet
  facet normal 0.497625 0.867392 -0
    outer loop
      vertex 11.5375 55.4074 4
      vertex 11.3679 55.5047 4.71
      vertex 11.5375 55.4074 4.71
    endloop
  endfacet
  facet normal 0.497625 0.867392 0
    outer loop
      vertex 11.3679 55.5047 4.71
      vertex 11.5375 55.4074 4
      vertex 11.3679 55.5047 4
    endloop
  endfacet
  facet normal 0.345452 0.938436 -0
    outer loop
      vertex 11.3679 55.5047 4
      vertex 11.1791 55.5742 4.71
      vertex 11.3679 55.5047 4.71
    endloop
  endfacet
  facet normal 0.345452 0.938436 0
    outer loop
      vertex 11.1791 55.5742 4.71
      vertex 11.3679 55.5047 4
      vertex 11.1791 55.5742 4
    endloop
  endfacet
  facet normal 0.196026 0.980599 -0
    outer loop
      vertex 11.1791 55.5742 4
      vertex 10.971 55.6158 4.71
      vertex 11.1791 55.5742 4.71
    endloop
  endfacet
  facet normal 0.196026 0.980599 0
    outer loop
      vertex 10.971 55.6158 4.71
      vertex 11.1791 55.5742 4
      vertex 10.971 55.6158 4
    endloop
  endfacet
  facet normal 0.0610386 0.998135 -0
    outer loop
      vertex 10.971 55.6158 4
      vertex 10.7437 55.6297 4.71
      vertex 10.971 55.6158 4.71
    endloop
  endfacet
  facet normal 0.0610386 0.998135 0
    outer loop
      vertex 10.7437 55.6297 4.71
      vertex 10.971 55.6158 4
      vertex 10.7437 55.6297 4
    endloop
  endfacet
  facet normal -0.0531054 0.998589 0
    outer loop
      vertex 10.7437 55.6297 4
      vertex 10.5519 55.6195 4.71
      vertex 10.7437 55.6297 4.71
    endloop
  endfacet
  facet normal -0.0531054 0.998589 0
    outer loop
      vertex 10.5519 55.6195 4.71
      vertex 10.7437 55.6297 4
      vertex 10.5519 55.6195 4
    endloop
  endfacet
  facet normal -0.169852 0.98547 0
    outer loop
      vertex 10.5519 55.6195 4
      vertex 10.3732 55.5887 4.71
      vertex 10.5519 55.6195 4.71
    endloop
  endfacet
  facet normal -0.169852 0.98547 0
    outer loop
      vertex 10.3732 55.5887 4.71
      vertex 10.5519 55.6195 4
      vertex 10.3732 55.5887 4
    endloop
  endfacet
  facet normal -0.295058 0.955479 0
    outer loop
      vertex 10.3732 55.5887 4
      vertex 10.2074 55.5375 4.71
      vertex 10.3732 55.5887 4.71
    endloop
  endfacet
  facet normal -0.295058 0.955479 0
    outer loop
      vertex 10.2074 55.5375 4.71
      vertex 10.3732 55.5887 4
      vertex 10.2074 55.5375 4
    endloop
  endfacet
  facet normal -0.425284 0.90506 0
    outer loop
      vertex 10.2074 55.5375 4
      vertex 10.0546 55.4657 4.71
      vertex 10.2074 55.5375 4.71
    endloop
  endfacet
  facet normal -0.425284 0.90506 0
    outer loop
      vertex 10.0546 55.4657 4.71
      vertex 10.2074 55.5375 4
      vertex 10.0546 55.4657 4
    endloop
  endfacet
  facet normal -0.551085 0.834449 0
    outer loop
      vertex 10.0546 55.4657 4
      vertex 9.91484 55.3734 4.71
      vertex 10.0546 55.4657 4.71
    endloop
  endfacet
  facet normal -0.551085 0.834449 0
    outer loop
      vertex 9.91484 55.3734 4.71
      vertex 10.0546 55.4657 4
      vertex 9.91484 55.3734 4
    endloop
  endfacet
  facet normal 0.998181 -0.0602891 0
    outer loop
      vertex 9.91484 55.3734 4.71
      vertex 9.99174 56.6466 4
      vertex 9.99174 56.6466 4.71
    endloop
  endfacet
  facet normal 0.998181 -0.0602891 0
    outer loop
      vertex 9.99174 56.6466 4
      vertex 9.91484 55.3734 4.71
      vertex 9.91484 55.3734 4
    endloop
  endfacet
  facet normal 0 -1 0
    outer loop
      vertex 9.99174 56.6466 4
      vertex 11.806 56.6466 4.71
      vertex 9.99174 56.6466 4.71
    endloop
  endfacet
  facet normal 0 -1 -0
    outer loop
      vertex 11.806 56.6466 4.71
      vertex 9.99174 56.6466 4
      vertex 11.806 56.6466 4
    endloop
  endfacet
  facet normal 1 -0 0
    outer loop
      vertex 11.806 56.6466 4.71
      vertex 11.806 57.0823 4
      vertex 11.806 57.0823 4.71
    endloop
  endfacet
  facet normal 1 0 0
    outer loop
      vertex 11.806 57.0823 4
      vertex 11.806 56.6466 4.71
      vertex 11.806 56.6466 4
    endloop
  endfacet
  facet normal 0 1 -0
    outer loop
      vertex 11.806 57.0823 4
      vertex 9.52466 57.0823 4.71
      vertex 11.806 57.0823 4.71
    endloop
  endfacet
  facet normal 0 1 0
    outer loop
      vertex 9.52466 57.0823 4.71
      vertex 11.806 57.0823 4
      vertex 9.52466 57.0823 4
    endloop
  endfacet
  facet normal -0.998084 0.0618803 0
    outer loop
      vertex 9.39081 54.9234 4
      vertex 9.52466 57.0823 4.71
      vertex 9.52466 57.0823 4
    endloop
  endfacet
  facet normal -0.998084 0.0618803 0
    outer loop
      vertex 9.52466 57.0823 4.71
      vertex 9.39081 54.9234 4
      vertex 9.39081 54.9234 4.71
    endloop
  endfacet
  facet normal 0 -1 0
    outer loop
      vertex 9.39081 54.9234 4
      vertex 9.89207 54.9234 4.71
      vertex 9.39081 54.9234 4.71
    endloop
  endfacet
  facet normal 0 -1 -0
    outer loop
      vertex 9.89207 54.9234 4.71
      vertex 9.39081 54.9234 4
      vertex 9.89207 54.9234 4
    endloop
  endfacet
  facet normal 0.635677 -0.771955 0
    outer loop
      vertex 9.89207 54.9234 4
      vertex 9.96384 54.9825 4.71
      vertex 9.89207 54.9234 4.71
    endloop
  endfacet
  facet normal 0.635677 -0.771955 0
    outer loop
      vertex 9.96384 54.9825 4.71
      vertex 9.89207 54.9234 4
      vertex 9.96384 54.9825 4
    endloop
  endfacet
  facet normal 0.584549 -0.811358 0
    outer loop
      vertex 9.96384 54.9825 4
      vertex 10.0356 55.0342 4.71
      vertex 9.96384 54.9825 4.71
    endloop
  endfacet
  facet normal 0.584549 -0.811358 0
    outer loop
      vertex 10.0356 55.0342 4.71
      vertex 9.96384 54.9825 4
      vertex 10.0356 55.0342 4
    endloop
  endfacet
  facet normal 0.525947 -0.850517 0
    outer loop
      vertex 10.0356 55.0342 4
      vertex 10.1074 55.0786 4.71
      vertex 10.0356 55.0342 4.71
    endloop
  endfacet
  facet normal 0.525947 -0.850517 0
    outer loop
      vertex 10.1074 55.0786 4.71
      vertex 10.0356 55.0342 4
      vertex 10.1074 55.0786 4
    endloop
  endfacet
  facet normal 0.459053 -0.888409 0
    outer loop
      vertex 10.1074 55.0786 4
      vertex 10.1792 55.1157 4.71
      vertex 10.1074 55.0786 4.71
    endloop
  endfacet
  facet normal 0.459053 -0.888409 0
    outer loop
      vertex 10.1792 55.1157 4.71
      vertex 10.1074 55.0786 4
      vertex 10.1792 55.1157 4
    endloop
  endfacet
  facet normal 0.38489 -0.922963 0
    outer loop
      vertex 10.1792 55.1157 4
      vertex 10.2509 55.1456 4.71
      vertex 10.1792 55.1157 4.71
    endloop
  endfacet
  facet normal 0.38489 -0.922963 0
    outer loop
      vertex 10.2509 55.1456 4.71
      vertex 10.1792 55.1157 4
      vertex 10.2509 55.1456 4
    endloop
  endfacet
  facet normal 0.307612 -0.951512 0
    outer loop
      vertex 10.2509 55.1456 4
      vertex 10.3239 55.1692 4.71
      vertex 10.2509 55.1456 4.71
    endloop
  endfacet
  facet normal 0.307612 -0.951512 0
    outer loop
      vertex 10.3239 55.1692 4.71
      vertex 10.2509 55.1456 4
      vertex 10.3239 55.1692 4
    endloop
  endfacet
  facet normal 0.236748 -0.971571 0
    outer loop
      vertex 10.3239 55.1692 4
      vertex 10.399 55.1875 4.71
      vertex 10.3239 55.1692 4.71
    endloop
  endfacet
  facet normal 0.236748 -0.971571 0
    outer loop
      vertex 10.399 55.1875 4.71
      vertex 10.3239 55.1692 4
      vertex 10.399 55.1875 4
    endloop
  endfacet
  facet normal 0.166668 -0.986013 0
    outer loop
      vertex 10.399 55.1875 4
      vertex 10.4765 55.2006 4.71
      vertex 10.399 55.1875 4.71
    endloop
  endfacet
  facet normal 0.166668 -0.986013 0
    outer loop
      vertex 10.4765 55.2006 4.71
      vertex 10.399 55.1875 4
      vertex 10.4765 55.2006 4
    endloop
  endfacet
  facet normal 0.0985159 -0.995135 0
    outer loop
      vertex 10.4765 55.2006 4
      vertex 10.5563 55.2085 4.71
      vertex 10.4765 55.2006 4.71
    endloop
  endfacet
  facet normal 0.0985159 -0.995135 0
    outer loop
      vertex 10.5563 55.2085 4.71
      vertex 10.4765 55.2006 4
      vertex 10.5563 55.2085 4
    endloop
  endfacet
  facet normal 0.0316914 -0.999498 0
    outer loop
      vertex 10.5563 55.2085 4
      vertex 10.6383 55.2111 4.71
      vertex 10.5563 55.2085 4.71
    endloop
  endfacet
  facet normal 0.0316914 -0.999498 0
    outer loop
      vertex 10.6383 55.2111 4.71
      vertex 10.5563 55.2085 4
      vertex 10.6383 55.2111 4
    endloop
  endfacet
  facet normal -0.0607119 -0.998155 0
    outer loop
      vertex 10.6383 55.2111 4
      vertex 10.7912 55.2018 4.71
      vertex 10.6383 55.2111 4.71
    endloop
  endfacet
  facet normal -0.0607119 -0.998155 -0
    outer loop
      vertex 10.7912 55.2018 4.71
      vertex 10.6383 55.2111 4
      vertex 10.7912 55.2018 4
    endloop
  endfacet
  facet normal -0.196925 -0.980419 0
    outer loop
      vertex 10.7912 55.2018 4
      vertex 10.9311 55.1737 4.71
      vertex 10.7912 55.2018 4.71
    endloop
  endfacet
  facet normal -0.196925 -0.980419 -0
    outer loop
      vertex 10.9311 55.1737 4.71
      vertex 10.7912 55.2018 4
      vertex 10.9311 55.1737 4
    endloop
  endfacet
  facet normal -0.345843 -0.938293 0
    outer loop
      vertex 10.9311 55.1737 4
      vertex 11.0578 55.127 4.71
      vertex 10.9311 55.1737 4.71
    endloop
  endfacet
  facet normal -0.345843 -0.938293 -0
    outer loop
      vertex 11.0578 55.127 4.71
      vertex 10.9311 55.1737 4
      vertex 11.0578 55.127 4
    endloop
  endfacet
  facet normal -0.49893 -0.866642 0
    outer loop
      vertex 11.0578 55.127 4
      vertex 11.1714 55.0616 4.71
      vertex 11.0578 55.127 4.71
    endloop
  endfacet
  facet normal -0.49893 -0.866642 -0
    outer loop
      vertex 11.1714 55.0616 4.71
      vertex 11.0578 55.127 4
      vertex 11.1714 55.0616 4
    endloop
  endfacet
  facet normal -0.640935 -0.767595 0
    outer loop
      vertex 11.1714 55.0616 4
      vertex 11.272 54.9776 4.71
      vertex 11.1714 55.0616 4.71
    endloop
  endfacet
  facet normal -0.640935 -0.767595 -0
    outer loop
      vertex 11.272 54.9776 4.71
      vertex 11.1714 55.0616 4
      vertex 11.272 54.9776 4
    endloop
  endfacet
  facet normal -0.761201 -0.648516 0
    outer loop
      vertex 11.3566 54.8783 4
      vertex 11.272 54.9776 4.71
      vertex 11.272 54.9776 4
    endloop
  endfacet
  facet normal -0.761201 -0.648516 0
    outer loop
      vertex 11.272 54.9776 4.71
      vertex 11.3566 54.8783 4
      vertex 11.3566 54.8783 4.71
    endloop
  endfacet
  facet normal -0.859812 -0.51061 0
    outer loop
      vertex 11.4224 54.7675 4
      vertex 11.3566 54.8783 4.71
      vertex 11.3566 54.8783 4
    endloop
  endfacet
  facet normal -0.859812 -0.51061 0
    outer loop
      vertex 11.3566 54.8783 4.71
      vertex 11.4224 54.7675 4
      vertex 11.4224 54.7675 4.71
    endloop
  endfacet
  facet normal -0.93364 -0.358213 0
    outer loop
      vertex 11.4694 54.645 4
      vertex 11.4224 54.7675 4.71
      vertex 11.4224 54.7675 4
    endloop
  endfacet
  facet normal -0.93364 -0.358213 0
    outer loop
      vertex 11.4224 54.7675 4.71
      vertex 11.4694 54.645 4
      vertex 11.4694 54.645 4.71
    endloop
  endfacet
  facet normal -0.978596 -0.20579 0
    outer loop
      vertex 11.4976 54.5109 4
      vertex 11.4694 54.645 4.71
      vertex 11.4694 54.645 4
    endloop
  endfacet
  facet normal -0.978596 -0.20579 0
    outer loop
      vertex 11.4694 54.645 4.71
      vertex 11.4976 54.5109 4
      vertex 11.4976 54.5109 4.71
    endloop
  endfacet
  facet normal -0.997925 -0.0643823 0
    outer loop
      vertex 11.507 54.3652 4
      vertex 11.4976 54.5109 4.71
      vertex 11.4976 54.5109 4
    endloop
  endfacet
  facet normal -0.997925 -0.0643823 0
    outer loop
      vertex 11.4976 54.5109 4.71
      vertex 11.507 54.3652 4
      vertex 11.507 54.3652 4.71
    endloop
  endfacet
  facet normal -0.998416 0.0562656 0
    outer loop
      vertex 11.4976 54.1984 4
      vertex 11.507 54.3652 4.71
      vertex 11.507 54.3652 4
    endloop
  endfacet
  facet normal -0.998416 0.0562656 0
    outer loop
      vertex 11.507 54.3652 4.71
      vertex 11.4976 54.1984 4
      vertex 11.4976 54.1984 4.71
    endloop
  endfacet
  facet normal -0.983453 0.181162 0
    outer loop
      vertex 11.4696 54.0464 4
      vertex 11.4976 54.1984 4.71
      vertex 11.4976 54.1984 4
    endloop
  endfacet
  facet normal -0.983453 0.181162 0
    outer loop
      vertex 11.4976 54.1984 4.71
      vertex 11.4696 54.0464 4
      vertex 11.4696 54.0464 4.71
    endloop
  endfacet
  facet normal -0.94652 0.322646 0
    outer loop
      vertex 11.4229 53.9094 4
      vertex 11.4696 54.0464 4.71
      vertex 11.4696 54.0464 4
    endloop
  endfacet
  facet normal -0.94652 0.322646 0
    outer loop
      vertex 11.4696 54.0464 4.71
      vertex 11.4229 53.9094 4
      vertex 11.4229 53.9094 4.71
    endloop
  endfacet
  facet normal -0.881351 0.472462 0
    outer loop
      vertex 11.3575 53.7874 4
      vertex 11.4229 53.9094 4.71
      vertex 11.4229 53.9094 4
    endloop
  endfacet
  facet normal -0.881351 0.472462 0
    outer loop
      vertex 11.4229 53.9094 4.71
      vertex 11.3575 53.7874 4
      vertex 11.3575 53.7874 4.71
    endloop
  endfacet
  facet normal -0.786777 0.617238 0
    outer loop
      vertex 11.2734 53.6802 4
      vertex 11.3575 53.7874 4.71
      vertex 11.3575 53.7874 4
    endloop
  endfacet
  facet normal -0.786777 0.617238 0
    outer loop
      vertex 11.3575 53.7874 4.71
      vertex 11.2734 53.6802 4
      vertex 11.2734 53.6802 4.71
    endloop
  endfacet
  facet normal -0.665514 0.746385 0
    outer loop
      vertex 11.2734 53.6802 4
      vertex 11.1728 53.5905 4.71
      vertex 11.2734 53.6802 4.71
    endloop
  endfacet
  facet normal -0.665514 0.746385 0
    outer loop
      vertex 11.1728 53.5905 4.71
      vertex 11.2734 53.6802 4
      vertex 11.1728 53.5905 4
    endloop
  endfacet
  facet normal -0.519192 0.854658 0
    outer loop
      vertex 11.1728 53.5905 4
      vertex 11.0579 53.5207 4.71
      vertex 11.1728 53.5905 4.71
    endloop
  endfacet
  facet normal -0.519192 0.854658 0
    outer loop
      vertex 11.0579 53.5207 4.71
      vertex 11.1728 53.5905 4
      vertex 11.0579 53.5207 4
    endloop
  endfacet
  facet normal -0.359414 0.933178 0
    outer loop
      vertex 11.0579 53.5207 4
      vertex 10.9286 53.4709 4.71
      vertex 11.0579 53.5207 4.71
    endloop
  endfacet
  facet normal -0.359414 0.933178 0
    outer loop
      vertex 10.9286 53.4709 4.71
      vertex 11.0579 53.5207 4
      vertex 10.9286 53.4709 4
    endloop
  endfacet
  facet normal -0.203709 0.979031 0
    outer loop
      vertex 10.9286 53.4709 4
      vertex 10.7849 53.441 4.71
      vertex 10.9286 53.4709 4.71
    endloop
  endfacet
  facet normal -0.203709 0.979031 0
    outer loop
      vertex 10.7849 53.441 4.71
      vertex 10.9286 53.4709 4
      vertex 10.7849 53.441 4
    endloop
  endfacet
  facet normal -0.0631648 0.998003 0
    outer loop
      vertex 10.7849 53.441 4
      vertex 10.6269 53.431 4.71
      vertex 10.7849 53.441 4.71
    endloop
  endfacet
  facet normal -0.0631648 0.998003 0
    outer loop
      vertex 10.6269 53.431 4.71
      vertex 10.7849 53.441 4
      vertex 10.6269 53.431 4
    endloop
  endfacet
  facet normal 0.0953384 0.995445 -0
    outer loop
      vertex 10.6269 53.431 4
      vertex 10.3784 53.4548 4.71
      vertex 10.6269 53.431 4.71
    endloop
  endfacet
  facet normal 0.0953384 0.995445 0
    outer loop
      vertex 10.3784 53.4548 4.71
      vertex 10.6269 53.431 4
      vertex 10.3784 53.4548 4
    endloop
  endfacet
  facet normal 0.3255 0.945542 -0
    outer loop
      vertex 10.3784 53.4548 4
      vertex 10.1707 53.5263 4.71
      vertex 10.3784 53.4548 4.71
    endloop
  endfacet
  facet normal 0.3255 0.945542 0
    outer loop
      vertex 10.1707 53.5263 4.71
      vertex 10.3784 53.4548 4
      vertex 10.1707 53.5263 4
    endloop
  endfacet
  facet normal 0.580546 0.814228 -0
    outer loop
      vertex 10.1707 53.5263 4
      vertex 10.0038 53.6453 4.71
      vertex 10.1707 53.5263 4.71
    endloop
  endfacet
  facet normal 0.580546 0.814228 0
    outer loop
      vertex 10.0038 53.6453 4.71
      vertex 10.1707 53.5263 4
      vertex 10.0038 53.6453 4
    endloop
  endfacet
  facet normal 0.797594 0.603195 0
    outer loop
      vertex 10.0038 53.6453 4.71
      vertex 9.87773 53.812 4
      vertex 9.87773 53.812 4.71
    endloop
  endfacet
  facet normal 0.797594 0.603195 0
    outer loop
      vertex 9.87773 53.812 4
      vertex 10.0038 53.6453 4.71
      vertex 10.0038 53.6453 4
    endloop
  endfacet
  facet normal 0.929059 0.369933 0
    outer loop
      vertex 9.87773 53.812 4.71
      vertex 9.7924 54.0263 4
      vertex 9.7924 54.0263 4.71
    endloop
  endfacet
  facet normal 0.929059 0.369933 0
    outer loop
      vertex 9.7924 54.0263 4
      vertex 9.87773 53.812 4.71
      vertex 9.87773 53.812 4
    endloop
  endfacet
  facet normal -0.114606 0.993411 0
    outer loop
      vertex 9.7924 54.0263 4
      vertex 9.27405 53.9665 4.71
      vertex 9.7924 54.0263 4.71
    endloop
  endfacet
  facet normal -0.114606 0.993411 0
    outer loop
      vertex 9.27405 53.9665 4.71
      vertex 9.7924 54.0263 4
      vertex 9.27405 53.9665 4
    endloop
  endfacet
  facet normal -0.967038 -0.254633 0
    outer loop
      vertex 9.32063 53.7896 4
      vertex 9.27405 53.9665 4.71
      vertex 9.27405 53.9665 4
    endloop
  endfacet
  facet normal -0.967038 -0.254633 0
    outer loop
      vertex 9.27405 53.9665 4.71
      vertex 9.32063 53.7896 4
      vertex 9.32063 53.7896 4.71
    endloop
  endfacet
  facet normal -0.922122 -0.386898 0
    outer loop
      vertex 9.38751 53.6302 4
      vertex 9.32063 53.7896 4.71
      vertex 9.32063 53.7896 4
    endloop
  endfacet
  facet normal -0.922122 -0.386898 0
    outer loop
      vertex 9.32063 53.7896 4.71
      vertex 9.38751 53.6302 4
      vertex 9.38751 53.6302 4.71
    endloop
  endfacet
  facet normal -0.851957 -0.523611 0
    outer loop
      vertex 9.47466 53.4884 4
      vertex 9.38751 53.6302 4.71
      vertex 9.38751 53.6302 4
    endloop
  endfacet
  facet normal -0.851957 -0.523611 0
    outer loop
      vertex 9.38751 53.6302 4.71
      vertex 9.47466 53.4884 4
      vertex 9.47466 53.4884 4.71
    endloop
  endfacet
  facet normal -0.756582 -0.653899 0
    outer loop
      vertex 9.58209 53.3641 4
      vertex 9.47466 53.4884 4.71
      vertex 9.47466 53.4884 4
    endloop
  endfacet
  facet normal -0.756582 -0.653899 0
    outer loop
      vertex 9.47466 53.4884 4.71
      vertex 9.58209 53.3641 4
      vertex 9.58209 53.3641 4.71
    endloop
  endfacet
  facet normal -0.641542 -0.767088 0
    outer loop
      vertex 9.58209 53.3641 4
      vertex 9.70979 53.2573 4.71
      vertex 9.58209 53.3641 4.71
    endloop
  endfacet
  facet normal -0.641542 -0.767088 -0
    outer loop
      vertex 9.70979 53.2573 4.71
      vertex 9.58209 53.3641 4
      vertex 9.70979 53.2573 4
    endloop
  endfacet
  facet normal -0.515785 -0.856718 0
    outer loop
      vertex 9.70979 53.2573 4
      vertex 9.85629 53.1691 4.71
      vertex 9.70979 53.2573 4.71
    endloop
  endfacet
  facet normal -0.515785 -0.856718 -0
    outer loop
      vertex 9.85629 53.1691 4.71
      vertex 9.70979 53.2573 4
      vertex 9.85629 53.1691 4
    endloop
  endfacet
  facet normal -0.385795 -0.922585 0
    outer loop
      vertex 9.85629 53.1691 4
      vertex 10.0201 53.1006 4.71
      vertex 9.85629 53.1691 4.71
    endloop
  endfacet
  facet normal -0.385795 -0.922585 -0
    outer loop
      vertex 10.0201 53.1006 4.71
      vertex 9.85629 53.1691 4
      vertex 10.0201 53.1006 4
    endloop
  endfacet
  facet normal -0.261178 -0.965291 0
    outer loop
      vertex 10.0201 53.1006 4
      vertex 10.2012 53.0516 4.71
      vertex 10.0201 53.1006 4.71
    endloop
  endfacet
  facet normal -0.261178 -0.965291 -0
    outer loop
      vertex 10.2012 53.0516 4.71
      vertex 10.0201 53.1006 4
      vertex 10.2012 53.0516 4
    endloop
  endfacet
  facet normal -0.146513 -0.989209 0
    outer loop
      vertex 10.2012 53.0516 4
      vertex 10.3997 53.0222 4.71
      vertex 10.2012 53.0516 4.71
    endloop
  endfacet
  facet normal -0.146513 -0.989209 -0
    outer loop
      vertex 10.3997 53.0222 4.71
      vertex 10.2012 53.0516 4
      vertex 10.3997 53.0222 4
    endloop
  endfacet
  facet normal -0.0453657 -0.99897 0
    outer loop
      vertex 10.3997 53.0222 4
      vertex 10.6155 53.0124 4.71
      vertex 10.3997 53.0222 4.71
    endloop
  endfacet
  facet normal -0.0453657 -0.99897 -0
    outer loop
      vertex 10.6155 53.0124 4.71
      vertex 10.3997 53.0222 4
      vertex 10.6155 53.0124 4
    endloop
  endfacet
  facet normal 0.05655 -0.9984 0
    outer loop
      vertex 10.6155 53.0124 4
      vertex 10.8715 53.0269 4.71
      vertex 10.6155 53.0124 4.71
    endloop
  endfacet
  facet normal 0.05655 -0.9984 0
    outer loop
      vertex 10.8715 53.0269 4.71
      vertex 10.6155 53.0124 4
      vertex 10.8715 53.0269 4
    endloop
  endfacet
  facet normal 0.184977 -0.982743 0
    outer loop
      vertex 15.6224 53.0269 4
      vertex 15.8551 53.0707 4.71
      vertex 15.6224 53.0269 4.71
    endloop
  endfacet
  facet normal 0.184977 -0.982743 0
    outer loop
      vertex 15.8551 53.0707 4.71
      vertex 15.6224 53.0269 4
      vertex 15.8551 53.0707 4
    endloop
  endfacet
  facet normal 0.328923 -0.944357 0
    outer loop
      vertex 15.8551 53.0707 4
      vertex 16.0644 53.1436 4.71
      vertex 15.8551 53.0707 4.71
    endloop
  endfacet
  facet normal 0.328923 -0.944357 0
    outer loop
      vertex 16.0644 53.1436 4.71
      vertex 15.8551 53.0707 4
      vertex 16.0644 53.1436 4
    endloop
  endfacet
  facet normal 0.481195 -0.876614 0
    outer loop
      vertex 16.0644 53.1436 4
      vertex 16.2504 53.2457 4.71
      vertex 16.0644 53.1436 4.71
    endloop
  endfacet
  facet normal 0.481195 -0.876614 0
    outer loop
      vertex 16.2504 53.2457 4.71
      vertex 16.0644 53.1436 4
      vertex 16.2504 53.2457 4
    endloop
  endfacet
  facet normal 0.627958 -0.778247 0
    outer loop
      vertex 16.2504 53.2457 4
      vertex 16.413 53.3769 4.71
      vertex 16.2504 53.2457 4.71
    endloop
  endfacet
  facet normal 0.627958 -0.778247 0
    outer loop
      vertex 16.413 53.3769 4.71
      vertex 16.2504 53.2457 4
      vertex 16.413 53.3769 4
    endloop
  endfacet
  facet normal 0.755466 -0.655187 0
    outer loop
      vertex 16.413 53.3769 4.71
      vertex 16.5489 53.5336 4
      vertex 16.5489 53.5336 4.71
    endloop
  endfacet
  facet normal 0.755466 -0.655187 0
    outer loop
      vertex 16.5489 53.5336 4
      vertex 16.413 53.3769 4.71
      vertex 16.413 53.3769 4
    endloop
  endfacet
  facet normal 0.860205 -0.509948 0
    outer loop
      vertex 16.5489 53.5336 4.71
      vertex 16.6546 53.7119 4
      vertex 16.6546 53.7119 4.71
    endloop
  endfacet
  facet normal 0.860205 -0.509948 0
    outer loop
      vertex 16.6546 53.7119 4
      vertex 16.5489 53.5336 4.71
      vertex 16.5489 53.5336 4
    endloop
  endfacet
  facet normal 0.9355 -0.353328 0
    outer loop
      vertex 16.6546 53.7119 4.71
      vertex 16.7301 53.9118 4
      vertex 16.7301 53.9118 4.71
    endloop
  endfacet
  facet normal 0.9355 -0.353328 0
    outer loop
      vertex 16.7301 53.9118 4
      vertex 16.6546 53.7119 4.71
      vertex 16.6546 53.7119 4
    endloop
  endfacet
  facet normal 0.979825 -0.199856 0
    outer loop
      vertex 16.7301 53.9118 4.71
      vertex 16.7753 54.1334 4
      vertex 16.7753 54.1334 4.71
    endloop
  endfacet
  facet normal 0.979825 -0.199856 0
    outer loop
      vertex 16.7753 54.1334 4
      vertex 16.7301 53.9118 4.71
      vertex 16.7301 53.9118 4
    endloop
  endfacet
  facet normal 0.998078 -0.0619695 0
    outer loop
      vertex 16.7753 54.1334 4.71
      vertex 16.7904 54.3766 4
      vertex 16.7904 54.3766 4.71
    endloop
  endfacet
  facet normal 0.998078 -0.0619695 0
    outer loop
      vertex 16.7904 54.3766 4
      vertex 16.7753 54.1334 4.71
      vertex 16.7753 54.1334 4
    endloop
  endfacet
  facet normal 0.997885 0.0650088 0
    outer loop
      vertex 16.7904 54.3766 4.71
      vertex 16.7764 54.5915 4
      vertex 16.7764 54.5915 4.71
    endloop
  endfacet
  facet normal 0.997885 0.0650088 0
    outer loop
      vertex 16.7764 54.5915 4
      vertex 16.7904 54.3766 4.71
      vertex 16.7904 54.3766 4
    endloop
  endfacet
  facet normal 0.978033 0.208449 0
    outer loop
      vertex 16.7764 54.5915 4.71
      vertex 16.7342 54.7895 4
      vertex 16.7342 54.7895 4.71
    endloop
  endfacet
  facet normal 0.978033 0.208449 0
    outer loop
      vertex 16.7342 54.7895 4
      vertex 16.7764 54.5915 4.71
      vertex 16.7764 54.5915 4
    endloop
  endfacet
  facet normal 0.932053 0.362322 0
    outer loop
      vertex 16.7342 54.7895 4.71
      vertex 16.6638 54.9706 4
      vertex 16.6638 54.9706 4.71
    endloop
  endfacet
  facet normal 0.932053 0.362322 0
    outer loop
      vertex 16.6638 54.9706 4
      vertex 16.7342 54.7895 4.71
      vertex 16.7342 54.7895 4
    endloop
  endfacet
  facet normal 0.857677 0.514189 0
    outer loop
      vertex 16.6638 54.9706 4.71
      vertex 16.5653 55.1349 4
      vertex 16.5653 55.1349 4.71
    endloop
  endfacet
  facet normal 0.857677 0.514189 0
    outer loop
      vertex 16.5653 55.1349 4
      vertex 16.6638 54.9706 4.71
      vertex 16.6638 54.9706 4
    endloop
  endfacet
  facet normal 0.758602 0.651554 0
    outer loop
      vertex 16.5653 55.1349 4.71
      vertex 16.4387 55.2823 4
      vertex 16.4387 55.2823 4.71
    endloop
  endfacet
  facet normal 0.758602 0.651554 0
    outer loop
      vertex 16.4387 55.2823 4
      vertex 16.5653 55.1349 4.71
      vertex 16.5653 55.1349 4
    endloop
  endfacet
  facet normal 0.639732 0.768598 -0
    outer loop
      vertex 16.4387 55.2823 4
      vertex 16.2884 55.4074 4.71
      vertex 16.4387 55.2823 4.71
    endloop
  endfacet
  facet normal 0.639732 0.768598 0
    outer loop
      vertex 16.2884 55.4074 4.71
      vertex 16.4387 55.2823 4
      vertex 16.2884 55.4074 4
    endloop
  endfacet
  facet normal 0.497625 0.867392 -0
    outer loop
      vertex 16.2884 55.4074 4
      vertex 16.1188 55.5047 4.71
      vertex 16.2884 55.4074 4.71
    endloop
  endfacet
  facet normal 0.497625 0.867392 0
    outer loop
      vertex 16.1188 55.5047 4.71
      vertex 16.2884 55.4074 4
      vertex 16.1188 55.5047 4
    endloop
  endfacet
  facet normal 0.345291 0.938496 -0
    outer loop
      vertex 16.1188 55.5047 4
      vertex 15.9299 55.5742 4.71
      vertex 16.1188 55.5047 4.71
    endloop
  endfacet
  facet normal 0.345291 0.938496 0
    outer loop
      vertex 15.9299 55.5742 4.71
      vertex 16.1188 55.5047 4
      vertex 15.9299 55.5742 4
    endloop
  endfacet
  facet normal 0.196116 0.980581 -0
    outer loop
      vertex 15.9299 55.5742 4
      vertex 15.7219 55.6158 4.71
      vertex 15.9299 55.5742 4.71
    endloop
  endfacet
  facet normal 0.196116 0.980581 0
    outer loop
      vertex 15.7219 55.6158 4.71
      vertex 15.9299 55.5742 4
      vertex 15.7219 55.6158 4
    endloop
  endfacet
  facet normal 0.0610119 0.998137 -0
    outer loop
      vertex 15.7219 55.6158 4
      vertex 15.4945 55.6297 4.71
      vertex 15.7219 55.6158 4.71
    endloop
  endfacet
  facet normal 0.0610119 0.998137 0
    outer loop
      vertex 15.4945 55.6297 4.71
      vertex 15.7219 55.6158 4
      vertex 15.4945 55.6297 4
    endloop
  endfacet
  facet normal -0.053133 0.998587 0
    outer loop
      vertex 15.4945 55.6297 4
      vertex 15.3028 55.6195 4.71
      vertex 15.4945 55.6297 4.71
    endloop
  endfacet
  facet normal -0.053133 0.998587 0
    outer loop
      vertex 15.3028 55.6195 4.71
      vertex 15.4945 55.6297 4
      vertex 15.3028 55.6195 4
    endloop
  endfacet
  facet normal -0.169852 0.98547 0
    outer loop
      vertex 15.3028 55.6195 4
      vertex 15.1241 55.5887 4.71
      vertex 15.3028 55.6195 4.71
    endloop
  endfacet
  facet normal -0.169852 0.98547 0
    outer loop
      vertex 15.1241 55.5887 4.71
      vertex 15.3028 55.6195 4
      vertex 15.1241 55.5887 4
    endloop
  endfacet
  facet normal -0.295058 0.955479 0
    outer loop
      vertex 15.1241 55.5887 4
      vertex 14.9583 55.5375 4.71
      vertex 15.1241 55.5887 4.71
    endloop
  endfacet
  facet normal -0.295058 0.955479 0
    outer loop
      vertex 14.9583 55.5375 4.71
      vertex 15.1241 55.5887 4
      vertex 14.9583 55.5375 4
    endloop
  endfacet
  facet normal -0.425284 0.90506 0
    outer loop
      vertex 14.9583 55.5375 4
      vertex 14.8055 55.4657 4.71
      vertex 14.9583 55.5375 4.71
    endloop
  endfacet
  facet normal -0.425284 0.90506 0
    outer loop
      vertex 14.8055 55.4657 4.71
      vertex 14.9583 55.5375 4
      vertex 14.8055 55.4657 4
    endloop
  endfacet
  facet normal -0.550975 0.834522 0
    outer loop
      vertex 14.8055 55.4657 4
      vertex 14.6657 55.3734 4.71
      vertex 14.8055 55.4657 4.71
    endloop
  endfacet
  facet normal -0.550975 0.834522 0
    outer loop
      vertex 14.6657 55.3734 4.71
      vertex 14.8055 55.4657 4
      vertex 14.6657 55.3734 4
    endloop
  endfacet
  facet normal 0.998181 -0.0602891 0
    outer loop
      vertex 14.6657 55.3734 4.71
      vertex 14.7426 56.6466 4
      vertex 14.7426 56.6466 4.71
    endloop
  endfacet
  facet normal 0.998181 -0.0602891 0
    outer loop
      vertex 14.7426 56.6466 4
      vertex 14.6657 55.3734 4.71
      vertex 14.6657 55.3734 4
    endloop
  endfacet
  facet normal 0 -1 0
    outer loop
      vertex 14.7426 56.6466 4
      vertex 16.5569 56.6466 4.71
      vertex 14.7426 56.6466 4.71
    endloop
  endfacet
  facet normal 0 -1 -0
    outer loop
      vertex 16.5569 56.6466 4.71
      vertex 14.7426 56.6466 4
      vertex 16.5569 56.6466 4
    endloop
  endfacet
  facet normal 1 -0 0
    outer loop
      vertex 16.5569 56.6466 4.71
      vertex 16.5569 57.0823 4
      vertex 16.5569 57.0823 4.71
    endloop
  endfacet
  facet normal 1 0 0
    outer loop
      vertex 16.5569 57.0823 4
      vertex 16.5569 56.6466 4.71
      vertex 16.5569 56.6466 4
    endloop
  endfacet
  facet normal 0 1 -0
    outer loop
      vertex 16.5569 57.0823 4
      vertex 14.2755 57.0823 4.71
      vertex 16.5569 57.0823 4.71
    endloop
  endfacet
  facet normal 0 1 0
    outer loop
      vertex 14.2755 57.0823 4.71
      vertex 16.5569 57.0823 4
      vertex 14.2755 57.0823 4
    endloop
  endfacet
  facet normal -0.998085 0.0618573 0
    outer loop
      vertex 14.1417 54.9234 4
      vertex 14.2755 57.0823 4.71
      vertex 14.2755 57.0823 4
    endloop
  endfacet
  facet normal -0.998085 0.0618573 0
    outer loop
      vertex 14.2755 57.0823 4.71
      vertex 14.1417 54.9234 4
      vertex 14.1417 54.9234 4.71
    endloop
  endfacet
  facet normal 0 -1 0
    outer loop
      vertex 14.1417 54.9234 4
      vertex 14.6429 54.9234 4.71
      vertex 14.1417 54.9234 4.71
    endloop
  endfacet
  facet normal 0 -1 -0
    outer loop
      vertex 14.6429 54.9234 4.71
      vertex 14.1417 54.9234 4
      vertex 14.6429 54.9234 4
    endloop
  endfacet
  facet normal 0.635519 -0.772085 0
    outer loop
      vertex 14.6429 54.9234 4
      vertex 14.7147 54.9825 4.71
      vertex 14.6429 54.9234 4.71
    endloop
  endfacet
  facet normal 0.635519 -0.772085 0
    outer loop
      vertex 14.7147 54.9825 4.71
      vertex 14.6429 54.9234 4
      vertex 14.7147 54.9825 4
    endloop
  endfacet
  facet normal 0.584334 -0.811513 0
    outer loop
      vertex 14.7147 54.9825 4
      vertex 14.7865 55.0342 4.71
      vertex 14.7147 54.9825 4.71
    endloop
  endfacet
  facet normal 0.584334 -0.811513 0
    outer loop
      vertex 14.7865 55.0342 4.71
      vertex 14.7147 54.9825 4
      vertex 14.7865 55.0342 4
    endloop
  endfacet
  facet normal 0.526477 -0.850189 0
    outer loop
      vertex 14.7865 55.0342 4
      vertex 14.8582 55.0786 4.71
      vertex 14.7865 55.0342 4.71
    endloop
  endfacet
  facet normal 0.526477 -0.850189 0
    outer loop
      vertex 14.8582 55.0786 4.71
      vertex 14.7865 55.0342 4
      vertex 14.8582 55.0786 4
    endloop
  endfacet
  facet normal 0.459053 -0.888409 0
    outer loop
      vertex 14.8582 55.0786 4
      vertex 14.93 55.1157 4.71
      vertex 14.8582 55.0786 4.71
    endloop
  endfacet
  facet normal 0.459053 -0.888409 0
    outer loop
      vertex 14.93 55.1157 4.71
      vertex 14.8582 55.0786 4
      vertex 14.93 55.1157 4
    endloop
  endfacet
  facet normal 0.384433 -0.923153 0
    outer loop
      vertex 14.93 55.1157 4
      vertex 15.0018 55.1456 4.71
      vertex 14.93 55.1157 4.71
    endloop
  endfacet
  facet normal 0.384433 -0.923153 0
    outer loop
      vertex 15.0018 55.1456 4.71
      vertex 14.93 55.1157 4
      vertex 15.0018 55.1456 4
    endloop
  endfacet
  facet normal 0.307994 -0.951388 0
    outer loop
      vertex 15.0018 55.1456 4
      vertex 15.0747 55.1692 4.71
      vertex 15.0018 55.1456 4.71
    endloop
  endfacet
  facet normal 0.307994 -0.951388 0
    outer loop
      vertex 15.0747 55.1692 4.71
      vertex 15.0018 55.1456 4
      vertex 15.0747 55.1692 4
    endloop
  endfacet
  facet normal 0.23645 -0.971644 0
    outer loop
      vertex 15.0747 55.1692 4
      vertex 15.1499 55.1875 4.71
      vertex 15.0747 55.1692 4.71
    endloop
  endfacet
  facet normal 0.23645 -0.971644 0
    outer loop
      vertex 15.1499 55.1875 4.71
      vertex 15.0747 55.1692 4
      vertex 15.1499 55.1875 4
    endloop
  endfacet
  facet normal 0.166668 -0.986013 0
    outer loop
      vertex 15.1499 55.1875 4
      vertex 15.2274 55.2006 4.71
      vertex 15.1499 55.1875 4.71
    endloop
  endfacet
  facet normal 0.166668 -0.986013 0
    outer loop
      vertex 15.2274 55.2006 4.71
      vertex 15.1499 55.1875 4
      vertex 15.2274 55.2006 4
    endloop
  endfacet
  facet normal 0.0986383 -0.995123 0
    outer loop
      vertex 15.2274 55.2006 4
      vertex 15.3071 55.2085 4.71
      vertex 15.2274 55.2006 4.71
    endloop
  endfacet
  facet normal 0.0986383 -0.995123 0
    outer loop
      vertex 15.3071 55.2085 4.71
      vertex 15.2274 55.2006 4
      vertex 15.3071 55.2085 4
    endloop
  endfacet
  facet normal 0.0316528 -0.999499 0
    outer loop
      vertex 15.3071 55.2085 4
      vertex 15.3892 55.2111 4.71
      vertex 15.3071 55.2085 4.71
    endloop
  endfacet
  facet normal 0.0316528 -0.999499 0
    outer loop
      vertex 15.3892 55.2111 4.71
      vertex 15.3071 55.2085 4
      vertex 15.3892 55.2111 4
    endloop
  endfacet
  facet normal -0.0607119 -0.998155 0
    outer loop
      vertex 15.3892 55.2111 4
      vertex 15.5421 55.2018 4.71
      vertex 15.3892 55.2111 4.71
    endloop
  endfacet
  facet normal -0.0607119 -0.998155 -0
    outer loop
      vertex 15.5421 55.2018 4.71
      vertex 15.3892 55.2111 4
      vertex 15.5421 55.2018 4
    endloop
  endfacet
  facet normal -0.19706 -0.980391 0
    outer loop
      vertex 15.5421 55.2018 4
      vertex 15.6819 55.1737 4.71
      vertex 15.5421 55.2018 4.71
    endloop
  endfacet
  facet normal -0.19706 -0.980391 -0
    outer loop
      vertex 15.6819 55.1737 4.71
      vertex 15.5421 55.2018 4
      vertex 15.6819 55.1737 4
    endloop
  endfacet
  facet normal -0.345602 -0.938381 0
    outer loop
      vertex 15.6819 55.1737 4
      vertex 15.8087 55.127 4.71
      vertex 15.6819 55.1737 4.71
    endloop
  endfacet
  facet normal -0.345602 -0.938381 -0
    outer loop
      vertex 15.8087 55.127 4.71
      vertex 15.6819 55.1737 4
      vertex 15.8087 55.127 4
    endloop
  endfacet
  facet normal -0.49893 -0.866642 0
    outer loop
      vertex 15.8087 55.127 4
      vertex 15.9223 55.0616 4.71
      vertex 15.8087 55.127 4.71
    endloop
  endfacet
  facet normal -0.49893 -0.866642 -0
    outer loop
      vertex 15.9223 55.0616 4.71
      vertex 15.8087 55.127 4
      vertex 15.9223 55.0616 4
    endloop
  endfacet
  facet normal -0.64131 -0.767282 0
    outer loop
      vertex 15.9223 55.0616 4
      vertex 16.0228 54.9776 4.71
      vertex 15.9223 55.0616 4.71
    endloop
  endfacet
  facet normal -0.64131 -0.767282 -0
    outer loop
      vertex 16.0228 54.9776 4.71
      vertex 15.9223 55.0616 4
      vertex 16.0228 54.9776 4
    endloop
  endfacet
  facet normal -0.760823 -0.64896 0
    outer loop
      vertex 16.1075 54.8783 4
      vertex 16.0228 54.9776 4.71
      vertex 16.0228 54.9776 4
    endloop
  endfacet
  facet normal -0.760823 -0.64896 0
    outer loop
      vertex 16.0228 54.9776 4.71
      vertex 16.1075 54.8783 4
      vertex 16.1075 54.8783 4.71
    endloop
  endfacet
  facet normal -0.860153 -0.510036 0
    outer loop
      vertex 16.1732 54.7675 4
      vertex 16.1075 54.8783 4.71
      vertex 16.1075 54.8783 4
    endloop
  endfacet
  facet normal -0.860153 -0.510036 0
    outer loop
      vertex 16.1075 54.8783 4.71
      vertex 16.1732 54.7675 4
      vertex 16.1732 54.7675 4.71
    endloop
  endfacet
  facet normal -0.93364 -0.358213 0
    outer loop
      vertex 16.2202 54.645 4
      vertex 16.1732 54.7675 4.71
      vertex 16.1732 54.7675 4
    endloop
  endfacet
  facet normal -0.93364 -0.358213 0
    outer loop
      vertex 16.1732 54.7675 4.71
      vertex 16.2202 54.645 4
      vertex 16.2202 54.645 4.71
    endloop
  endfacet
  facet normal -0.978596 -0.20579 0
    outer loop
      vertex 16.2484 54.5109 4
      vertex 16.2202 54.645 4.71
      vertex 16.2202 54.645 4
    endloop
  endfacet
  facet normal -0.978596 -0.20579 0
    outer loop
      vertex 16.2202 54.645 4.71
      vertex 16.2484 54.5109 4
      vertex 16.2484 54.5109 4.71
    endloop
  endfacet
  facet normal -0.997925 -0.0643823 0
    outer loop
      vertex 16.2578 54.3652 4
      vertex 16.2484 54.5109 4.71
      vertex 16.2484 54.5109 4
    endloop
  endfacet
  facet normal -0.997925 -0.0643823 0
    outer loop
      vertex 16.2484 54.5109 4.71
      vertex 16.2578 54.3652 4
      vertex 16.2578 54.3652 4.71
    endloop
  endfacet
  facet normal -0.998449 0.0556689 0
    outer loop
      vertex 16.2485 54.1984 4
      vertex 16.2578 54.3652 4.71
      vertex 16.2578 54.3652 4
    endloop
  endfacet
  facet normal -0.998449 0.0556689 0
    outer loop
      vertex 16.2578 54.3652 4.71
      vertex 16.2485 54.1984 4
      vertex 16.2485 54.1984 4.71
    endloop
  endfacet
  facet normal -0.983453 0.181162 0
    outer loop
      vertex 16.2205 54.0464 4
      vertex 16.2485 54.1984 4.71
      vertex 16.2485 54.1984 4
    endloop
  endfacet
  facet normal -0.983453 0.181162 0
    outer loop
      vertex 16.2485 54.1984 4.71
      vertex 16.2205 54.0464 4
      vertex 16.2205 54.0464 4.71
    endloop
  endfacet
  facet normal -0.94652 0.322646 0
    outer loop
      vertex 16.1738 53.9094 4
      vertex 16.2205 54.0464 4.71
      vertex 16.2205 54.0464 4
    endloop
  endfacet
  facet normal -0.94652 0.322646 0
    outer loop
      vertex 16.2205 54.0464 4.71
      vertex 16.1738 53.9094 4
      vertex 16.1738 53.9094 4.71
    endloop
  endfacet
  facet normal -0.881351 0.472462 0
    outer loop
      vertex 16.1084 53.7874 4
      vertex 16.1738 53.9094 4.71
      vertex 16.1738 53.9094 4
    endloop
  endfacet
  facet normal -0.881351 0.472462 0
    outer loop
      vertex 16.1738 53.9094 4.71
      vertex 16.1084 53.7874 4
      vertex 16.1084 53.7874 4.71
    endloop
  endfacet
  facet normal -0.786777 0.617238 0
    outer loop
      vertex 16.0243 53.6802 4
      vertex 16.1084 53.7874 4.71
      vertex 16.1084 53.7874 4
    endloop
  endfacet
  facet normal -0.786777 0.617238 0
    outer loop
      vertex 16.1084 53.7874 4.71
      vertex 16.0243 53.6802 4
      vertex 16.0243 53.6802 4.71
    endloop
  endfacet
  facet normal -0.665514 0.746385 0
    outer loop
      vertex 16.0243 53.6802 4
      vertex 15.9237 53.5905 4.71
      vertex 16.0243 53.6802 4.71
    endloop
  endfacet
  facet normal -0.665514 0.746385 0
    outer loop
      vertex 15.9237 53.5905 4.71
      vertex 16.0243 53.6802 4
      vertex 15.9237 53.5905 4
    endloop
  endfacet
  facet normal -0.518862 0.854858 0
    outer loop
      vertex 15.9237 53.5905 4
      vertex 15.8087 53.5207 4.71
      vertex 15.9237 53.5905 4.71
    endloop
  endfacet
  facet normal -0.518862 0.854858 0
    outer loop
      vertex 15.8087 53.5207 4.71
      vertex 15.9237 53.5905 4
      vertex 15.8087 53.5207 4
    endloop
  endfacet
  facet normal -0.359414 0.933178 0
    outer loop
      vertex 15.8087 53.5207 4
      vertex 15.6794 53.4709 4.71
      vertex 15.8087 53.5207 4.71
    endloop
  endfacet
  facet normal -0.359414 0.933178 0
    outer loop
      vertex 15.6794 53.4709 4.71
      vertex 15.8087 53.5207 4
      vertex 15.6794 53.4709 4
    endloop
  endfacet
  facet normal -0.203845 0.979003 0
    outer loop
      vertex 15.6794 53.4709 4
      vertex 15.5358 53.441 4.71
      vertex 15.6794 53.4709 4.71
    endloop
  endfacet
  facet normal -0.203845 0.979003 0
    outer loop
      vertex 15.5358 53.441 4.71
      vertex 15.6794 53.4709 4
      vertex 15.5358 53.441 4
    endloop
  endfacet
  facet normal -0.0631648 0.998003 0
    outer loop
      vertex 15.5358 53.441 4
      vertex 15.3778 53.431 4.71
      vertex 15.5358 53.441 4.71
    endloop
  endfacet
  facet normal -0.0631648 0.998003 0
    outer loop
      vertex 15.3778 53.431 4.71
      vertex 15.5358 53.441 4
      vertex 15.3778 53.431 4
    endloop
  endfacet
  facet normal 0.0953384 0.995445 -0
    outer loop
      vertex 15.3778 53.431 4
      vertex 15.1293 53.4548 4.71
      vertex 15.3778 53.431 4.71
    endloop
  endfacet
  facet normal 0.0953384 0.995445 0
    outer loop
      vertex 15.1293 53.4548 4.71
      vertex 15.3778 53.431 4
      vertex 15.1293 53.4548 4
    endloop
  endfacet
  facet normal 0.3255 0.945542 -0
    outer loop
      vertex 15.1293 53.4548 4
      vertex 14.9216 53.5263 4.71
      vertex 15.1293 53.4548 4.71
    endloop
  endfacet
  facet normal 0.3255 0.945542 0
    outer loop
      vertex 14.9216 53.5263 4.71
      vertex 15.1293 53.4548 4
      vertex 14.9216 53.5263 4
    endloop
  endfacet
  facet normal 0.580546 0.814228 -0
    outer loop
      vertex 14.9216 53.5263 4
      vertex 14.7547 53.6453 4.71
      vertex 14.9216 53.5263 4.71
    endloop
  endfacet
  facet normal 0.580546 0.814228 0
    outer loop
      vertex 14.7547 53.6453 4.71
      vertex 14.9216 53.5263 4
      vertex 14.7547 53.6453 4
    endloop
  endfacet
  facet normal 0.797525 0.603286 0
    outer loop
      vertex 14.7547 53.6453 4.71
      vertex 14.6286 53.812 4
      vertex 14.6286 53.812 4.71
    endloop
  endfacet
  facet normal 0.797525 0.603286 0
    outer loop
      vertex 14.6286 53.812 4
      vertex 14.7547 53.6453 4.71
      vertex 14.7547 53.6453 4
    endloop
  endfacet
  facet normal 0.929103 0.36982 0
    outer loop
      vertex 14.6286 53.812 4.71
      vertex 14.5433 54.0263 4
      vertex 14.5433 54.0263 4.71
    endloop
  endfacet
  facet normal 0.929103 0.36982 0
    outer loop
      vertex 14.5433 54.0263 4
      vertex 14.6286 53.812 4.71
      vertex 14.6286 53.812 4
    endloop
  endfacet
  facet normal -0.114595 0.993412 0
    outer loop
      vertex 14.5433 54.0263 4
      vertex 14.0249 53.9665 4.71
      vertex 14.5433 54.0263 4.71
    endloop
  endfacet
  facet normal -0.114595 0.993412 0
    outer loop
      vertex 14.0249 53.9665 4.71
      vertex 14.5433 54.0263 4
      vertex 14.0249 53.9665 4
    endloop
  endfacet
  facet normal -0.967011 -0.254735 0
    outer loop
      vertex 14.0715 53.7896 4
      vertex 14.0249 53.9665 4.71
      vertex 14.0249 53.9665 4
    endloop
  endfacet
  facet normal -0.967011 -0.254735 0
    outer loop
      vertex 14.0249 53.9665 4.71
      vertex 14.0715 53.7896 4
      vertex 14.0715 53.7896 4.71
    endloop
  endfacet
  facet normal -0.922081 -0.386996 0
    outer loop
      vertex 14.1384 53.6302 4
      vertex 14.0715 53.7896 4.71
      vertex 14.0715 53.7896 4
    endloop
  endfacet
  facet normal -0.922081 -0.386996 0
    outer loop
      vertex 14.0715 53.7896 4.71
      vertex 14.1384 53.6302 4
      vertex 14.1384 53.6302 4.71
    endloop
  endfacet
  facet normal -0.852091 -0.523393 0
    outer loop
      vertex 14.2255 53.4884 4
      vertex 14.1384 53.6302 4.71
      vertex 14.1384 53.6302 4
    endloop
  endfacet
  facet normal -0.852091 -0.523393 0
    outer loop
      vertex 14.1384 53.6302 4.71
      vertex 14.2255 53.4884 4
      vertex 14.2255 53.4884 4.71
    endloop
  endfacet
  facet normal -0.756371 -0.654143 0
    outer loop
      vertex 14.333 53.3641 4
      vertex 14.2255 53.4884 4.71
      vertex 14.2255 53.4884 4
    endloop
  endfacet
  facet normal -0.756371 -0.654143 0
    outer loop
      vertex 14.2255 53.4884 4.71
      vertex 14.333 53.3641 4
      vertex 14.333 53.3641 4.71
    endloop
  endfacet
  facet normal -0.641542 -0.767088 0
    outer loop
      vertex 14.333 53.3641 4
      vertex 14.4607 53.2573 4.71
      vertex 14.333 53.3641 4.71
    endloop
  endfacet
  facet normal -0.641542 -0.767088 -0
    outer loop
      vertex 14.4607 53.2573 4.71
      vertex 14.333 53.3641 4
      vertex 14.4607 53.2573 4
    endloop
  endfacet
  facet normal -0.515785 -0.856718 0
    outer loop
      vertex 14.4607 53.2573 4
      vertex 14.6072 53.1691 4.71
      vertex 14.4607 53.2573 4.71
    endloop
  endfacet
  facet normal -0.515785 -0.856718 -0
    outer loop
      vertex 14.6072 53.1691 4.71
      vertex 14.4607 53.2573 4
      vertex 14.6072 53.1691 4
    endloop
  endfacet
  facet normal -0.385815 -0.922576 0
    outer loop
      vertex 14.6072 53.1691 4
      vertex 14.771 53.1006 4.71
      vertex 14.6072 53.1691 4.71
    endloop
  endfacet
  facet normal -0.385815 -0.922576 -0
    outer loop
      vertex 14.771 53.1006 4.71
      vertex 14.6072 53.1691 4
      vertex 14.771 53.1006 4
    endloop
  endfacet
  facet normal -0.261178 -0.965291 0
    outer loop
      vertex 14.771 53.1006 4
      vertex 14.9521 53.0516 4.71
      vertex 14.771 53.1006 4.71
    endloop
  endfacet
  facet normal -0.261178 -0.965291 -0
    outer loop
      vertex 14.9521 53.0516 4.71
      vertex 14.771 53.1006 4
      vertex 14.9521 53.0516 4
    endloop
  endfacet
  facet normal -0.146513 -0.989209 0
    outer loop
      vertex 14.9521 53.0516 4
      vertex 15.1506 53.0222 4.71
      vertex 14.9521 53.0516 4.71
    endloop
  endfacet
  facet normal -0.146513 -0.989209 -0
    outer loop
      vertex 15.1506 53.0222 4.71
      vertex 14.9521 53.0516 4
      vertex 15.1506 53.0222 4
    endloop
  endfacet
  facet normal -0.0453867 -0.998969 0
    outer loop
      vertex 15.1506 53.0222 4
      vertex 15.3663 53.0124 4.71
      vertex 15.1506 53.0222 4.71
    endloop
  endfacet
  facet normal -0.0453867 -0.998969 -0
    outer loop
      vertex 15.3663 53.0124 4.71
      vertex 15.1506 53.0222 4
      vertex 15.3663 53.0124 4
    endloop
  endfacet
  facet normal 0.056528 -0.998401 0
    outer loop
      vertex 15.3663 53.0124 4
      vertex 15.6224 53.0269 4.71
      vertex 15.3663 53.0124 4.71
    endloop
  endfacet
  facet normal 0.056528 -0.998401 0
    outer loop
      vertex 15.6224 53.0269 4.71
      vertex 15.3663 53.0124 4
      vertex 15.6224 53.0269 4
    endloop
  endfacet
  facet normal 0 1 -0
    outer loop
      vertex 13.2966 53.6931 4
      vertex 12.7413 53.6931 4.71
      vertex 13.2966 53.6931 4.71
    endloop
  endfacet
  facet normal 0 1 0
    outer loop
      vertex 12.7413 53.6931 4.71
      vertex 13.2966 53.6931 4
      vertex 12.7413 53.6931 4
    endloop
  endfacet
  facet normal -1 0 0
    outer loop
      vertex 12.7413 53.0693 4
      vertex 12.7413 53.6931 4.71
      vertex 12.7413 53.6931 4
    endloop
  endfacet
  facet normal -1 -0 0
    outer loop
      vertex 12.7413 53.6931 4.71
      vertex 12.7413 53.0693 4
      vertex 12.7413 53.0693 4.71
    endloop
  endfacet
  facet normal 0 -1 0
    outer loop
      vertex 12.7413 53.0693 4
      vertex 13.2966 53.0693 4.71
      vertex 12.7413 53.0693 4.71
    endloop
  endfacet
  facet normal 0 -1 -0
    outer loop
      vertex 13.2966 53.0693 4.71
      vertex 12.7413 53.0693 4
      vertex 13.2966 53.0693 4
    endloop
  endfacet
  facet normal 1 -0 0
    outer loop
      vertex 13.2966 53.0693 4.71
      vertex 13.2966 53.6931 4
      vertex 13.2966 53.6931 4.71
    endloop
  endfacet
  facet normal 1 0 0
    outer loop
      vertex 13.2966 53.6931 4
      vertex 13.2966 53.0693 4.71
      vertex 13.2966 53.0693 4
    endloop
  endfacet
  facet normal 0.471429 -0.881904 0
    outer loop
      vertex 86.1481 0.228363 0
      vertex 86.6667 0.505585 1.8
      vertex 86.1481 0.228363 1.8
    endloop
  endfacet
  facet normal 0.471429 -0.881904 0
    outer loop
      vertex 86.6667 0.505585 1.8
      vertex 86.1481 0.228363 0
      vertex 86.6667 0.505585 0
    endloop
  endfacet
  facet normal -0.881927 -0.471387 0
    outer loop
      vertex 0.505585 1.33328 0
      vertex 0.228363 1.85194 1.8
      vertex 0.228363 1.85194 0
    endloop
  endfacet
  facet normal -0.881927 -0.471387 0
    outer loop
      vertex 0.228363 1.85194 1.8
      vertex 0.505585 1.33328 0
      vertex 0.505585 1.33328 1.8
    endloop
  endfacet
  facet normal -0.634402 -0.773003 0
    outer loop
      vertex 0.878677 0.878677 0
      vertex 1.33328 0.505585 1.8
      vertex 0.878677 0.878677 1.8
    endloop
  endfacet
  facet normal -0.634402 -0.773003 -0
    outer loop
      vertex 1.33328 0.505585 1.8
      vertex 0.878677 0.878677 0
      vertex 1.33328 0.505585 0
    endloop
  endfacet
  facet normal 0.290272 -0.956944 0
    outer loop
      vertex 85.5853 0.0576477 0
      vertex 86.1481 0.228363 1.8
      vertex 85.5853 0.0576477 1.8
    endloop
  endfacet
  facet normal 0.290272 -0.956944 0
    outer loop
      vertex 86.1481 0.228363 1.8
      vertex 85.5853 0.0576477 0
      vertex 86.1481 0.228363 0
    endloop
  endfacet
  facet normal 0.956903 -0.290408 0
    outer loop
      vertex 87.7716 1.85194 1.8
      vertex 87.9424 2.41473 0
      vertex 87.9424 2.41473 1.8
    endloop
  endfacet
  facet normal 0.956903 -0.290408 0
    outer loop
      vertex 87.9424 2.41473 0
      vertex 87.7716 1.85194 1.8
      vertex 87.7716 1.85194 0
    endloop
  endfacet
  facet normal 0.0980183 -0.995185 0
    outer loop
      vertex 85 0 0
      vertex 85.5853 0.0576477 1.8
      vertex 85 0 1.8
    endloop
  endfacet
  facet normal 0.0980183 -0.995185 0
    outer loop
      vertex 85.5853 0.0576477 1.8
      vertex 85 0 0
      vertex 85.5853 0.0576477 0
    endloop
  endfacet
  facet normal 0.995193 0.097938 0
    outer loop
      vertex 88 61 1.8
      vertex 87.9424 61.5853 0
      vertex 87.9424 61.5853 1.8
    endloop
  endfacet
  facet normal 0.995193 0.097938 0
    outer loop
      vertex 87.9424 61.5853 0
      vertex 88 61 1.8
      vertex 88 61 0
    endloop
  endfacet
  facet normal 1 -0 0
    outer loop
      vertex 88 3 1.8
      vertex 88 61 0
      vertex 88 61 1.8
    endloop
  endfacet
  facet normal 1 0 0
    outer loop
      vertex 88 61 0
      vertex 88 3 1.8
      vertex 88 3 0
    endloop
  endfacet
  facet normal 0 -1 0
    outer loop
      vertex 3 0 0
      vertex 85 0 1.8
      vertex 3 0 1.8
    endloop
  endfacet
  facet normal 0 -1 -0
    outer loop
      vertex 85 0 1.8
      vertex 3 0 0
      vertex 85 0 0
    endloop
  endfacet
  facet normal 0.634405 -0.773001 0
    outer loop
      vertex 86.6667 0.505585 0
      vertex 87.1213 0.878677 1.8
      vertex 86.6667 0.505585 1.8
    endloop
  endfacet
  facet normal 0.634405 -0.773001 0
    outer loop
      vertex 87.1213 0.878677 1.8
      vertex 86.6667 0.505585 0
      vertex 87.1213 0.878677 0
    endloop
  endfacet
  facet normal -0.956943 -0.290277 0
    outer loop
      vertex 0.228363 1.85194 0
      vertex 0.0576477 2.41473 1.8
      vertex 0.0576477 2.41473 0
    endloop
  endfacet
  facet normal -0.956943 -0.290277 0
    outer loop
      vertex 0.0576477 2.41473 1.8
      vertex 0.228363 1.85194 0
      vertex 0.228363 1.85194 1.8
    endloop
  endfacet
  facet normal -0.471387 -0.881927 0
    outer loop
      vertex 1.33328 0.505585 0
      vertex 1.85194 0.228363 1.8
      vertex 1.33328 0.505585 1.8
    endloop
  endfacet
  facet normal -0.471387 -0.881927 -0
    outer loop
      vertex 1.85194 0.228363 1.8
      vertex 1.33328 0.505585 0
      vertex 1.85194 0.228363 0
    endloop
  endfacet
  facet normal 0.772994 0.634413 0
    outer loop
      vertex 87.4944 62.6667 1.8
      vertex 87.1213 63.1213 0
      vertex 87.1213 63.1213 1.8
    endloop
  endfacet
  facet normal 0.772994 0.634413 0
    outer loop
      vertex 87.1213 63.1213 0
      vertex 87.4944 62.6667 1.8
      vertex 87.4944 62.6667 0
    endloop
  endfacet
  facet normal -0.290408 0.956903 0
    outer loop
      vertex 2.41473 63.9424 0
      vertex 1.85194 63.7716 1.8
      vertex 2.41473 63.9424 1.8
    endloop
  endfacet
  facet normal -0.290408 0.956903 0
    outer loop
      vertex 1.85194 63.7716 1.8
      vertex 2.41473 63.9424 0
      vertex 1.85194 63.7716 0
    endloop
  endfacet
  facet normal 0 1 -0
    outer loop
      vertex 85 64 0
      vertex 3 64 1.8
      vertex 85 64 1.8
    endloop
  endfacet
  facet normal 0 1 0
    outer loop
      vertex 3 64 1.8
      vertex 85 64 0
      vertex 3 64 0
    endloop
  endfacet
  facet normal -0.0979429 0.995192 0
    outer loop
      vertex 3 64 0
      vertex 2.41473 63.9424 1.8
      vertex 3 64 1.8
    endloop
  endfacet
  facet normal -0.0979429 0.995192 0
    outer loop
      vertex 2.41473 63.9424 1.8
      vertex 3 64 0
      vertex 2.41473 63.9424 0
    endloop
  endfacet
  facet normal 0.772996 -0.634411 0
    outer loop
      vertex 87.1213 0.878677 1.8
      vertex 87.4944 1.33328 0
      vertex 87.4944 1.33328 1.8
    endloop
  endfacet
  facet normal 0.772996 -0.634411 0
    outer loop
      vertex 87.4944 1.33328 0
      vertex 87.1213 0.878677 1.8
      vertex 87.1213 0.878677 0
    endloop
  endfacet
  facet normal -0.471358 0.881942 0
    outer loop
      vertex 1.85194 63.7716 0
      vertex 1.33328 63.4944 1.8
      vertex 1.85194 63.7716 1.8
    endloop
  endfacet
  facet normal -0.471358 0.881942 0
    outer loop
      vertex 1.33328 63.4944 1.8
      vertex 1.85194 63.7716 0
      vertex 1.33328 63.4944 0
    endloop
  endfacet
  facet normal 0.634413 0.772994 -0
    outer loop
      vertex 87.1213 63.1213 0
      vertex 86.6667 63.4944 1.8
      vertex 87.1213 63.1213 1.8
    endloop
  endfacet
  facet normal 0.634413 0.772994 0
    outer loop
      vertex 86.6667 63.4944 1.8
      vertex 87.1213 63.1213 0
      vertex 86.6667 63.4944 0
    endloop
  endfacet
  facet normal -0.634411 0.772996 0
    outer loop
      vertex 1.33328 63.4944 0
      vertex 0.878677 63.1213 1.8
      vertex 1.33328 63.4944 1.8
    endloop
  endfacet
  facet normal -0.634411 0.772996 0
    outer loop
      vertex 0.878677 63.1213 1.8
      vertex 1.33328 63.4944 0
      vertex 0.878677 63.1213 0
    endloop
  endfacet
  facet normal 0.881942 -0.471358 0
    outer loop
      vertex 87.4944 1.33328 1.8
      vertex 87.7716 1.85194 0
      vertex 87.7716 1.85194 1.8
    endloop
  endfacet
  facet normal 0.881942 -0.471358 0
    outer loop
      vertex 87.7716 1.85194 0
      vertex 87.4944 1.33328 1.8
      vertex 87.4944 1.33328 0
    endloop
  endfacet
  facet normal -1 0 0
    outer loop
      vertex 0 3 0
      vertex 0 61 1.8
      vertex 0 61 0
    endloop
  endfacet
  facet normal -1 -0 0
    outer loop
      vertex 0 61 1.8
      vertex 0 3 0
      vertex 0 3 1.8
    endloop
  endfacet
  facet normal 0.995192 -0.0979429 0
    outer loop
      vertex 87.9424 2.41473 1.8
      vertex 88 3 0
      vertex 88 3 1.8
    endloop
  endfacet
  facet normal 0.995192 -0.0979429 0
    outer loop
      vertex 88 3 0
      vertex 87.9424 2.41473 1.8
      vertex 87.9424 2.41473 0
    endloop
  endfacet
  facet normal 0.4714 0.881919 -0
    outer loop
      vertex 86.6667 63.4944 0
      vertex 86.1481 63.7716 1.8
      vertex 86.6667 63.4944 1.8
    endloop
  endfacet
  facet normal 0.4714 0.881919 0
    outer loop
      vertex 86.1481 63.7716 1.8
      vertex 86.6667 63.4944 0
      vertex 86.1481 63.7716 0
    endloop
  endfacet
  facet normal -0.956944 0.290272 0
    outer loop
      vertex 0.0576477 61.5853 0
      vertex 0.228363 62.1481 1.8
      vertex 0.228363 62.1481 0
    endloop
  endfacet
  facet normal -0.956944 0.290272 0
    outer loop
      vertex 0.228363 62.1481 1.8
      vertex 0.0576477 61.5853 0
      vertex 0.0576477 61.5853 1.8
    endloop
  endfacet
  facet normal 0.290404 0.956904 -0
    outer loop
      vertex 86.1481 63.7716 0
      vertex 85.5853 63.9424 1.8
      vertex 86.1481 63.7716 1.8
    endloop
  endfacet
  facet normal 0.290404 0.956904 0
    outer loop
      vertex 85.5853 63.9424 1.8
      vertex 86.1481 63.7716 0
      vertex 85.5853 63.9424 0
    endloop
  endfacet
  facet normal 0.881919 0.4714 0
    outer loop
      vertex 87.7716 62.1481 1.8
      vertex 87.4944 62.6667 0
      vertex 87.4944 62.6667 1.8
    endloop
  endfacet
  facet normal 0.881919 0.4714 0
    outer loop
      vertex 87.4944 62.6667 0
      vertex 87.7716 62.1481 1.8
      vertex 87.7716 62.1481 0
    endloop
  endfacet
  facet normal -0.995184 -0.0980233 0
    outer loop
      vertex 0.0576477 2.41473 0
      vertex 0 3 1.8
      vertex 0 3 0
    endloop
  endfacet
  facet normal -0.995184 -0.0980233 0
    outer loop
      vertex 0 3 1.8
      vertex 0.0576477 2.41473 0
      vertex 0.0576477 2.41473 1.8
    endloop
  endfacet
  facet normal 0.097938 0.995193 -0
    outer loop
      vertex 85.5853 63.9424 0
      vertex 85 64 1.8
      vertex 85.5853 63.9424 1.8
    endloop
  endfacet
  facet normal 0.097938 0.995193 0
    outer loop
      vertex 85 64 1.8
      vertex 85.5853 63.9424 0
      vertex 85 64 0
    endloop
  endfacet
  facet normal -0.881904 0.471429 0
    outer loop
      vertex 0.228363 62.1481 0
      vertex 0.505585 62.6667 1.8
      vertex 0.505585 62.6667 0
    endloop
  endfacet
  facet normal -0.881904 0.471429 0
    outer loop
      vertex 0.505585 62.6667 1.8
      vertex 0.228363 62.1481 0
      vertex 0.228363 62.1481 1.8
    endloop
  endfacet
  facet normal -0.773003 -0.634402 0
    outer loop
      vertex 0.878677 0.878677 0
      vertex 0.505585 1.33328 1.8
      vertex 0.505585 1.33328 0
    endloop
  endfacet
  facet normal -0.773003 -0.634402 0
    outer loop
      vertex 0.505585 1.33328 1.8
      vertex 0.878677 0.878677 0
      vertex 0.878677 0.878677 1.8
    endloop
  endfacet
  facet normal 0 0 -1
    outer loop
      vertex 85 0 0
      vertex 88 3 0
      vertex 87.9424 2.41473 0
    endloop
  endfacet
  facet normal -0 0 -1
    outer loop
      vertex 88 3 0
      vertex 85 0 0
      vertex 88 61 0
    endloop
  endfacet
  facet normal 0 0 -1
    outer loop
      vertex 85 0 0
      vertex 87.9424 2.41473 0
      vertex 87.7716 1.85194 0
    endloop
  endfacet
  facet normal 0 0 -1
    outer loop
      vertex 85 64 0
      vertex 88 61 0
      vertex 85 0 0
    endloop
  endfacet
  facet normal 0 0 -1
    outer loop
      vertex 85 0 0
      vertex 87.7716 1.85194 0
      vertex 87.4944 1.33328 0
    endloop
  endfacet
  facet normal 0 0 -1
    outer loop
      vertex 88 61 0
      vertex 85 64 0
      vertex 87.9424 61.5853 0
    endloop
  endfacet
  facet normal 0 0 -1
    outer loop
      vertex 85 0 0
      vertex 87.4944 1.33328 0
      vertex 87.1213 0.878677 0
    endloop
  endfacet
  facet normal 0 0 -1
    outer loop
      vertex 87.9424 61.5853 0
      vertex 85 64 0
      vertex 87.7716 62.1481 0
    endloop
  endfacet
  facet normal 0 0 -1
    outer loop
      vertex 85 0 0
      vertex 87.1213 0.878677 0
      vertex 86.6667 0.505585 0
    endloop
  endfacet
  facet normal 0 0 -1
    outer loop
      vertex 87.7716 62.1481 0
      vertex 85 64 0
      vertex 87.4944 62.6667 0
    endloop
  endfacet
  facet normal 0 0 -1
    outer loop
      vertex 85 0 0
      vertex 86.6667 0.505585 0
      vertex 86.1481 0.228363 0
    endloop
  endfacet
  facet normal 0 0 -1
    outer loop
      vertex 87.4944 62.6667 0
      vertex 85 64 0
      vertex 87.1213 63.1213 0
    endloop
  endfacet
  facet normal 0 0 -1
    outer loop
      vertex 85 0 0
      vertex 86.1481 0.228363 0
      vertex 85.5853 0.0576477 0
    endloop
  endfacet
  facet normal 0 0 -1
    outer loop
      vertex 87.1213 63.1213 0
      vertex 85 64 0
      vertex 86.6667 63.4944 0
    endloop
  endfacet
  facet normal 0 0 -1
    outer loop
      vertex 86.6667 63.4944 0
      vertex 85 64 0
      vertex 86.1481 63.7716 0
    endloop
  endfacet
  facet normal 0 0 -1
    outer loop
      vertex 86.1481 63.7716 0
      vertex 85 64 0
      vertex 85.5853 63.9424 0
    endloop
  endfacet
  facet normal 0 0 -1
    outer loop
      vertex 3 0 0
      vertex 85 64 0
      vertex 85 0 0
    endloop
  endfacet
  facet normal 0 0 -1
    outer loop
      vertex 3 0 0
      vertex 3 64 0
      vertex 85 64 0
    endloop
  endfacet
  facet normal 0 0 -1
    outer loop
      vertex 0 3 0
      vertex 3 0 0
      vertex 2.41473 0.0576477 0
    endloop
  endfacet
  facet normal 0 0 -1
    outer loop
      vertex 3 0 0
      vertex 0 3 0
      vertex 3 64 0
    endloop
  endfacet
  facet normal 0 0 -1
    outer loop
      vertex 0 3 0
      vertex 2.41473 0.0576477 0
      vertex 1.85194 0.228363 0
    endloop
  endfacet
  facet normal 0 0 -1
    outer loop
      vertex 0 61 0
      vertex 3 64 0
      vertex 0 3 0
    endloop
  endfacet
  facet normal 0 0 -1
    outer loop
      vertex 0 3 0
      vertex 1.85194 0.228363 0
      vertex 1.33328 0.505585 0
    endloop
  endfacet
  facet normal 0 0 -1
    outer loop
      vertex 3 64 0
      vertex 0 61 0
      vertex 2.41473 63.9424 0
    endloop
  endfacet
  facet normal 0 0 -1
    outer loop
      vertex 0 3 0
      vertex 1.33328 0.505585 0
      vertex 0.878677 0.878677 0
    endloop
  endfacet
  facet normal 0 0 -1
    outer loop
      vertex 2.41473 63.9424 0
      vertex 0 61 0
      vertex 1.85194 63.7716 0
    endloop
  endfacet
  facet normal 0 0 -1
    outer loop
      vertex 0 3 0
      vertex 0.878677 0.878677 0
      vertex 0.505585 1.33328 0
    endloop
  endfacet
  facet normal 0 0 -1
    outer loop
      vertex 1.85194 63.7716 0
      vertex 0 61 0
      vertex 1.33328 63.4944 0
    endloop
  endfacet
  facet normal 0 0 -1
    outer loop
      vertex 0 3 0
      vertex 0.505585 1.33328 0
      vertex 0.228363 1.85194 0
    endloop
  endfacet
  facet normal 0 0 -1
    outer loop
      vertex 1.33328 63.4944 0
      vertex 0 61 0
      vertex 0.878677 63.1213 0
    endloop
  endfacet
  facet normal 0 0 -1
    outer loop
      vertex 0 3 0
      vertex 0.228363 1.85194 0
      vertex 0.0576477 2.41473 0
    endloop
  endfacet
  facet normal 0 0 -1
    outer loop
      vertex 0.878677 63.1213 0
      vertex 0 61 0
      vertex 0.505585 62.6667 0
    endloop
  endfacet
  facet normal 0 0 -1
    outer loop
      vertex 0.505585 62.6667 0
      vertex 0 61 0
      vertex 0.228363 62.1481 0
    endloop
  endfacet
  facet normal 0 0 -1
    outer loop
      vertex 0.228363 62.1481 0
      vertex 0 61 0
      vertex 0.0576477 61.5853 0
    endloop
  endfacet
  facet normal -0.290277 -0.956943 0
    outer loop
      vertex 1.85194 0.228363 0
      vertex 2.41473 0.0576477 1.8
      vertex 1.85194 0.228363 1.8
    endloop
  endfacet
  facet normal -0.290277 -0.956943 -0
    outer loop
      vertex 2.41473 0.0576477 1.8
      vertex 1.85194 0.228363 0
      vertex 2.41473 0.0576477 0
    endloop
  endfacet
  facet normal -0.0980233 -0.995184 0
    outer loop
      vertex 2.41473 0.0576477 0
      vertex 3 0 1.8
      vertex 2.41473 0.0576477 1.8
    endloop
  endfacet
  facet normal -0.0980233 -0.995184 -0
    outer loop
      vertex 3 0 1.8
      vertex 2.41473 0.0576477 0
      vertex 3 0 0
    endloop
  endfacet
  facet normal 0.956904 0.290404 0
    outer loop
      vertex 87.9424 61.5853 1.8
      vertex 87.7716 62.1481 0
      vertex 87.7716 62.1481 1.8
    endloop
  endfacet
  facet normal 0.956904 0.290404 0
    outer loop
      vertex 87.7716 62.1481 0
      vertex 87.9424 61.5853 1.8
      vertex 87.9424 61.5853 0
    endloop
  endfacet
  facet normal -0.773001 0.634405 0
    outer loop
      vertex 0.505585 62.6667 0
      vertex 0.878677 63.1213 1.8
      vertex 0.878677 63.1213 0
    endloop
  endfacet
  facet normal -0.773001 0.634405 0
    outer loop
      vertex 0.878677 63.1213 1.8
      vertex 0.505585 62.6667 0
      vertex 0.505585 62.6667 1.8
    endloop
  endfacet
  facet normal -0.995185 0.0980183 0
    outer loop
      vertex 0 61 0
      vertex 0.0576477 61.5853 1.8
      vertex 0.0576477 61.5853 0
    endloop
  endfacet
  facet normal -0.995185 0.0980183 0
    outer loop
      vertex 0.0576477 61.5853 1.8
      vertex 0 61 0
      vertex 0 61 1.8
    endloop
  endfacet
endsolid OpenSCAD_Model
