solid OpenSCAD_Model
  facet normal 0.216419 0.976301 -0
    outer loop
      vertex 40.1482 33.5172 0
      vertex 39.4413 33.6739 20
      vertex 40.1482 33.5172 20
    endloop
  endfacet
  facet normal 0.216419 0.976301 0
    outer loop
      vertex 39.4413 33.6739 20
      vertex 40.1482 33.5172 0
      vertex 39.4413 33.6739 0
    endloop
  endfacet
  facet normal -0.923884 0.382673 0
    outer loop
      vertex -45.7995 28.3387 0
      vertex -45.5224 29.0077 20
      vertex -45.5224 29.0077 0
    endloop
  endfacet
  facet normal -0.923884 0.382673 0
    outer loop
      vertex -45.5224 29.0077 20
      vertex -45.7995 28.3387 0
      vertex -45.7995 28.3387 20
    endloop
  endfacet
  facet normal 0 1 -0
    outer loop
      vertex 38 33.8 0
      vertex -38 33.8 20
      vertex 38 33.8 20
    endloop
  endfacet
  facet normal 0 1 0
    outer loop
      vertex -38 33.8 20
      vertex 38 33.8 0
      vertex -38 33.8 0
    endloop
  endfacet
  facet normal 0.130508 0.991447 -0
    outer loop
      vertex 39.4413 33.6739 0
      vertex 38.7234 33.7684 20
      vertex 39.4413 33.6739 20
    endloop
  endfacet
  facet normal 0.130508 0.991447 0
    outer loop
      vertex 38.7234 33.7684 20
      vertex 39.4413 33.6739 0
      vertex 38.7234 33.7684 0
    endloop
  endfacet
  facet normal -0.461683 -0.887045 0
    outer loop
      vertex -42.15 -32.688 0
      vertex -41.5077 -33.0223 20
      vertex -42.15 -32.688 20
    endloop
  endfacet
  facet normal -0.461683 -0.887045 -0
    outer loop
      vertex -41.5077 -33.0223 20
      vertex -42.15 -32.688 0
      vertex -41.5077 -33.0223 0
    endloop
  endfacet
  facet normal 0.991447 -0.130508 0
    outer loop
      vertex 46.1739 -26.9413 20
      vertex 46.2684 -26.2234 0
      vertex 46.2684 -26.2234 20
    endloop
  endfacet
  facet normal 0.991447 -0.130508 0
    outer loop
      vertex 46.2684 -26.2234 0
      vertex 46.1739 -26.9413 20
      vertex 46.1739 -26.9413 0
    endloop
  endfacet
  facet normal 0.043641 0.999047 -0
    outer loop
      vertex 38.7234 33.7684 0
      vertex 38 33.8 20
      vertex 38.7234 33.7684 20
    endloop
  endfacet
  facet normal 0.043641 0.999047 0
    outer loop
      vertex 38 33.8 20
      vertex 38.7234 33.7684 0
      vertex 38 33.8 0
    endloop
  endfacet
  facet normal 0.608803 -0.793322 0
    outer loop
      vertex 42.7607 -32.299 0
      vertex 43.3351 -31.8582 20
      vertex 42.7607 -32.299 20
    endloop
  endfacet
  facet normal 0.608803 -0.793322 0
    outer loop
      vertex 43.3351 -31.8582 20
      vertex 42.7607 -32.299 0
      vertex 43.3351 -31.8582 0
    endloop
  endfacet
  facet normal -0.216419 -0.976301 0
    outer loop
      vertex -40.1482 -33.5172 0
      vertex -39.4413 -33.6739 20
      vertex -40.1482 -33.5172 20
    endloop
  endfacet
  facet normal -0.216419 -0.976301 -0
    outer loop
      vertex -39.4413 -33.6739 20
      vertex -40.1482 -33.5172 0
      vertex -39.4413 -33.6739 0
    endloop
  endfacet
  facet normal -0.999047 0.043641 0
    outer loop
      vertex -46.3 25.5 0
      vertex -46.2684 26.2234 20
      vertex -46.2684 26.2234 0
    endloop
  endfacet
  facet normal -0.999047 0.043641 0
    outer loop
      vertex -46.2684 26.2234 20
      vertex -46.3 25.5 0
      vertex -46.3 25.5 20
    endloop
  endfacet
  facet normal 0.130508 -0.991447 0
    outer loop
      vertex 38.7234 -33.7684 0
      vertex 39.4413 -33.6739 20
      vertex 38.7234 -33.7684 20
    endloop
  endfacet
  facet normal 0.130508 -0.991447 0
    outer loop
      vertex 39.4413 -33.6739 20
      vertex 38.7234 -33.7684 0
      vertex 39.4413 -33.6739 0
    endloop
  endfacet
  facet normal -0.216419 0.976301 0
    outer loop
      vertex -39.4413 33.6739 0
      vertex -40.1482 33.5172 20
      vertex -39.4413 33.6739 20
    endloop
  endfacet
  facet normal -0.216419 0.976301 0
    outer loop
      vertex -40.1482 33.5172 20
      vertex -39.4413 33.6739 0
      vertex -40.1482 33.5172 0
    endloop
  endfacet
  facet normal -0.976301 0.216419 0
    outer loop
      vertex -46.1739 26.9413 0
      vertex -46.0172 27.6482 20
      vertex -46.0172 27.6482 0
    endloop
  endfacet
  facet normal -0.976301 0.216419 0
    outer loop
      vertex -46.0172 27.6482 20
      vertex -46.1739 26.9413 0
      vertex -46.1739 26.9413 20
    endloop
  endfacet
  facet normal -0.300774 -0.953695 0
    outer loop
      vertex -40.8388 -33.2994 0
      vertex -40.1482 -33.5172 20
      vertex -40.8388 -33.2994 20
    endloop
  endfacet
  facet normal -0.300774 -0.953695 -0
    outer loop
      vertex -40.1482 -33.5172 20
      vertex -40.8388 -33.2994 0
      vertex -40.1482 -33.5172 0
    endloop
  endfacet
  facet normal 0.461683 -0.887045 0
    outer loop
      vertex 41.5077 -33.0223 0
      vertex 42.15 -32.688 20
      vertex 41.5077 -33.0223 20
    endloop
  endfacet
  facet normal 0.461683 -0.887045 0
    outer loop
      vertex 42.15 -32.688 20
      vertex 41.5077 -33.0223 0
      vertex 42.15 -32.688 0
    endloop
  endfacet
  facet normal -0.793322 -0.608803 0
    outer loop
      vertex -44.3582 -30.8351 0
      vertex -44.799 -30.2607 20
      vertex -44.799 -30.2607 0
    endloop
  endfacet
  facet normal -0.793322 -0.608803 0
    outer loop
      vertex -44.799 -30.2607 20
      vertex -44.3582 -30.8351 0
      vertex -44.3582 -30.8351 20
    endloop
  endfacet
  facet normal -0.953722 0.300688 0
    outer loop
      vertex -46.0172 27.6482 0
      vertex -45.7995 28.3387 20
      vertex -45.7995 28.3387 0
    endloop
  endfacet
  facet normal -0.953722 0.300688 0
    outer loop
      vertex -45.7995 28.3387 20
      vertex -46.0172 27.6482 0
      vertex -46.0172 27.6482 20
    endloop
  endfacet
  facet normal -0.537242 0.843428 0
    outer loop
      vertex -42.15 32.688 0
      vertex -42.7607 32.299 20
      vertex -42.15 32.688 20
    endloop
  endfacet
  facet normal -0.537242 0.843428 0
    outer loop
      vertex -42.7607 32.299 20
      vertex -42.15 32.688 0
      vertex -42.7607 32.299 0
    endloop
  endfacet
  facet normal -0.608803 0.793322 0
    outer loop
      vertex -42.7607 32.299 0
      vertex -43.3351 31.8582 20
      vertex -42.7607 32.299 20
    endloop
  endfacet
  facet normal -0.608803 0.793322 0
    outer loop
      vertex -43.3351 31.8582 20
      vertex -42.7607 32.299 0
      vertex -43.3351 31.8582 0
    endloop
  endfacet
  facet normal -0.300774 0.953695 0
    outer loop
      vertex -40.1482 33.5172 0
      vertex -40.8388 33.2994 20
      vertex -40.1482 33.5172 20
    endloop
  endfacet
  facet normal -0.300774 0.953695 0
    outer loop
      vertex -40.8388 33.2994 20
      vertex -40.1482 33.5172 0
      vertex -40.8388 33.2994 0
    endloop
  endfacet
  facet normal 0.793322 -0.608803 0
    outer loop
      vertex 44.3582 -30.8351 20
      vertex 44.799 -30.2607 0
      vertex 44.799 -30.2607 20
    endloop
  endfacet
  facet normal 0.793322 -0.608803 0
    outer loop
      vertex 44.799 -30.2607 0
      vertex 44.3582 -30.8351 20
      vertex 44.3582 -30.8351 0
    endloop
  endfacet
  facet normal -0.537242 -0.843428 0
    outer loop
      vertex -42.7607 -32.299 0
      vertex -42.15 -32.688 20
      vertex -42.7607 -32.299 20
    endloop
  endfacet
  facet normal -0.537242 -0.843428 -0
    outer loop
      vertex -42.15 -32.688 20
      vertex -42.7607 -32.299 0
      vertex -42.15 -32.688 0
    endloop
  endfacet
  facet normal 0.300774 -0.953695 0
    outer loop
      vertex 40.1482 -33.5172 0
      vertex 40.8388 -33.2994 20
      vertex 40.1482 -33.5172 20
    endloop
  endfacet
  facet normal 0.300774 -0.953695 0
    outer loop
      vertex 40.8388 -33.2994 20
      vertex 40.1482 -33.5172 0
      vertex 40.8388 -33.2994 0
    endloop
  endfacet
  facet normal 0 -1 0
    outer loop
      vertex -38 -33.8 0
      vertex 38 -33.8 20
      vertex -38 -33.8 20
    endloop
  endfacet
  facet normal 0 -1 -0
    outer loop
      vertex 38 -33.8 20
      vertex -38 -33.8 0
      vertex 38 -33.8 0
    endloop
  endfacet
  facet normal 0.999047 0.043641 0
    outer loop
      vertex 46.3 25.5 20
      vertex 46.2684 26.2234 0
      vertex 46.2684 26.2234 20
    endloop
  endfacet
  facet normal 0.999047 0.043641 0
    outer loop
      vertex 46.2684 26.2234 0
      vertex 46.3 25.5 20
      vertex 46.3 25.5 0
    endloop
  endfacet
  facet normal -0.843428 -0.537242 0
    outer loop
      vertex -44.799 -30.2607 0
      vertex -45.188 -29.65 20
      vertex -45.188 -29.65 0
    endloop
  endfacet
  facet normal -0.843428 -0.537242 0
    outer loop
      vertex -45.188 -29.65 20
      vertex -44.799 -30.2607 0
      vertex -44.799 -30.2607 20
    endloop
  endfacet
  facet normal 0.737297 0.675568 0
    outer loop
      vertex 44.3582 30.8351 20
      vertex 43.869 31.369 0
      vertex 43.869 31.369 20
    endloop
  endfacet
  facet normal 0.737297 0.675568 0
    outer loop
      vertex 43.869 31.369 0
      vertex 44.3582 30.8351 20
      vertex 44.3582 30.8351 0
    endloop
  endfacet
  facet normal -0.923884 -0.382673 0
    outer loop
      vertex -45.5224 -29.0077 0
      vertex -45.7995 -28.3387 20
      vertex -45.7995 -28.3387 0
    endloop
  endfacet
  facet normal -0.923884 -0.382673 0
    outer loop
      vertex -45.7995 -28.3387 20
      vertex -45.5224 -29.0077 0
      vertex -45.5224 -29.0077 20
    endloop
  endfacet
  facet normal -0.608803 -0.793322 0
    outer loop
      vertex -43.3351 -31.8582 0
      vertex -42.7607 -32.299 20
      vertex -43.3351 -31.8582 20
    endloop
  endfacet
  facet normal -0.608803 -0.793322 -0
    outer loop
      vertex -42.7607 -32.299 20
      vertex -43.3351 -31.8582 0
      vertex -42.7607 -32.299 0
    endloop
  endfacet
  facet normal 0.461683 0.887045 -0
    outer loop
      vertex 42.15 32.688 0
      vertex 41.5077 33.0223 20
      vertex 42.15 32.688 20
    endloop
  endfacet
  facet normal 0.461683 0.887045 0
    outer loop
      vertex 41.5077 33.0223 20
      vertex 42.15 32.688 0
      vertex 41.5077 33.0223 0
    endloop
  endfacet
  facet normal -0.886988 0.461792 0
    outer loop
      vertex -45.5224 29.0077 0
      vertex -45.188 29.65 20
      vertex -45.188 29.65 0
    endloop
  endfacet
  facet normal -0.886988 0.461792 0
    outer loop
      vertex -45.188 29.65 20
      vertex -45.5224 29.0077 0
      vertex -45.5224 29.0077 20
    endloop
  endfacet
  facet normal -0.991447 -0.130508 0
    outer loop
      vertex -46.1739 -26.9413 0
      vertex -46.2684 -26.2234 20
      vertex -46.2684 -26.2234 0
    endloop
  endfacet
  facet normal -0.991447 -0.130508 0
    outer loop
      vertex -46.2684 -26.2234 20
      vertex -46.1739 -26.9413 0
      vertex -46.1739 -26.9413 20
    endloop
  endfacet
  facet normal -0.043641 -0.999047 0
    outer loop
      vertex -38.7234 -33.7684 0
      vertex -38 -33.8 20
      vertex -38.7234 -33.7684 20
    endloop
  endfacet
  facet normal -0.043641 -0.999047 -0
    outer loop
      vertex -38 -33.8 20
      vertex -38.7234 -33.7684 0
      vertex -38 -33.8 0
    endloop
  endfacet
  facet normal 0.999047 -0.043641 0
    outer loop
      vertex 46.2684 -26.2234 20
      vertex 46.3 -25.5 0
      vertex 46.3 -25.5 20
    endloop
  endfacet
  facet normal 0.999047 -0.043641 0
    outer loop
      vertex 46.3 -25.5 0
      vertex 46.2684 -26.2234 20
      vertex 46.2684 -26.2234 0
    endloop
  endfacet
  facet normal 0.675568 -0.737297 0
    outer loop
      vertex 43.3351 -31.8582 0
      vertex 43.869 -31.369 20
      vertex 43.3351 -31.8582 20
    endloop
  endfacet
  facet normal 0.675568 -0.737297 0
    outer loop
      vertex 43.869 -31.369 20
      vertex 43.3351 -31.8582 0
      vertex 43.869 -31.369 0
    endloop
  endfacet
  facet normal -0.130508 0.991447 0
    outer loop
      vertex -38.7234 33.7684 0
      vertex -39.4413 33.6739 20
      vertex -38.7234 33.7684 20
    endloop
  endfacet
  facet normal -0.130508 0.991447 0
    outer loop
      vertex -39.4413 33.6739 20
      vertex -38.7234 33.7684 0
      vertex -39.4413 33.6739 0
    endloop
  endfacet
  facet normal -0.130508 -0.991447 0
    outer loop
      vertex -39.4413 -33.6739 0
      vertex -38.7234 -33.7684 20
      vertex -39.4413 -33.6739 20
    endloop
  endfacet
  facet normal -0.130508 -0.991447 -0
    outer loop
      vertex -38.7234 -33.7684 20
      vertex -39.4413 -33.6739 0
      vertex -38.7234 -33.7684 0
    endloop
  endfacet
  facet normal -0.843428 0.537242 0
    outer loop
      vertex -45.188 29.65 0
      vertex -44.799 30.2607 20
      vertex -44.799 30.2607 0
    endloop
  endfacet
  facet normal -0.843428 0.537242 0
    outer loop
      vertex -44.799 30.2607 20
      vertex -45.188 29.65 0
      vertex -45.188 29.65 20
    endloop
  endfacet
  facet normal 0 0 1
    outer loop
      vertex -15.3 28.8 5
      vertex -38 30.8 5
      vertex -15.3 22.2 5
    endloop
  endfacet
  facet normal 0 0 1
    outer loop
      vertex -15.2924 28.9743 5
      vertex -38 30.8 5
      vertex -15.3 28.8 5
    endloop
  endfacet
  facet normal 0 0 1
    outer loop
      vertex -15.2696 29.1473 5
      vertex -38 30.8 5
      vertex -15.2924 28.9743 5
    endloop
  endfacet
  facet normal 0 0 1
    outer loop
      vertex -15.2318 29.3176 5
      vertex -38 30.8 5
      vertex -15.2696 29.1473 5
    endloop
  endfacet
  facet normal 0 0 1
    outer loop
      vertex -15.1794 29.484 5
      vertex -38 30.8 5
      vertex -15.2318 29.3176 5
    endloop
  endfacet
  facet normal 0 0 1
    outer loop
      vertex -15.1126 29.6452 5
      vertex -38 30.8 5
      vertex -15.1794 29.484 5
    endloop
  endfacet
  facet normal 0 0 1
    outer loop
      vertex -15.032 29.8 5
      vertex -38 30.8 5
      vertex -15.1126 29.6452 5
    endloop
  endfacet
  facet normal 0 0 1
    outer loop
      vertex -14.9383 29.9471 5
      vertex -38 30.8 5
      vertex -15.032 29.8 5
    endloop
  endfacet
  facet normal 0 0 1
    outer loop
      vertex -14.8321 30.0856 5
      vertex -38 30.8 5
      vertex -14.9383 29.9471 5
    endloop
  endfacet
  facet normal 0 0 1
    outer loop
      vertex -14.7142 30.2142 5
      vertex -38 30.8 5
      vertex -14.8321 30.0856 5
    endloop
  endfacet
  facet normal 0 0 1
    outer loop
      vertex -14.5856 30.3321 5
      vertex -38 30.8 5
      vertex -14.7142 30.2142 5
    endloop
  endfacet
  facet normal 0 0 1
    outer loop
      vertex -14.4471 30.4383 5
      vertex -38 30.8 5
      vertex -14.5856 30.3321 5
    endloop
  endfacet
  facet normal 0 0 1
    outer loop
      vertex -14.3 30.532 5
      vertex -38 30.8 5
      vertex -14.4471 30.4383 5
    endloop
  endfacet
  facet normal 0 0 1
    outer loop
      vertex -14.1452 30.6126 5
      vertex -38 30.8 5
      vertex -14.3 30.532 5
    endloop
  endfacet
  facet normal 0 0 1
    outer loop
      vertex -13.984 30.6794 5
      vertex -38 30.8 5
      vertex -14.1452 30.6126 5
    endloop
  endfacet
  facet normal 0 0 1
    outer loop
      vertex -13.8176 30.7318 5
      vertex -38 30.8 5
      vertex -13.984 30.6794 5
    endloop
  endfacet
  facet normal 0 0 1
    outer loop
      vertex -13.6473 30.7696 5
      vertex -38 30.8 5
      vertex -13.8176 30.7318 5
    endloop
  endfacet
  facet normal 0 0 1
    outer loop
      vertex -13.4743 30.7924 5
      vertex -38 30.8 5
      vertex -13.6473 30.7696 5
    endloop
  endfacet
  facet normal -0 0 1
    outer loop
      vertex -38 30.8 5
      vertex -13.4743 30.7924 5
      vertex -13.3 30.8 5
    endloop
  endfacet
  facet normal 0 0 1
    outer loop
      vertex 38 30.8 5
      vertex 43.3 25.5 5
      vertex 43.2798 25.9619 5
    endloop
  endfacet
  facet normal 0 0 1
    outer loop
      vertex 43.3 25.5 5
      vertex 14.5856 20.6679 5
      vertex 43.3 -25.5 5
    endloop
  endfacet
  facet normal 0 0 1
    outer loop
      vertex 38 30.8 5
      vertex 43.2798 25.9619 5
      vertex 43.2195 26.4203 5
    endloop
  endfacet
  facet normal 0 0 1
    outer loop
      vertex 43.3 25.5 5
      vertex 14.7142 20.7858 5
      vertex 14.5856 20.6679 5
    endloop
  endfacet
  facet normal 0 0 1
    outer loop
      vertex 38 30.8 5
      vertex 43.2195 26.4203 5
      vertex 43.1194 26.8717 5
    endloop
  endfacet
  facet normal -0 0 1
    outer loop
      vertex 14.4471 20.5617 5
      vertex 43.3 -25.5 5
      vertex 14.5856 20.6679 5
    endloop
  endfacet
  facet normal 0 0 1
    outer loop
      vertex 38 30.8 5
      vertex 43.1194 26.8717 5
      vertex 42.9804 27.3127 5
    endloop
  endfacet
  facet normal -0 0 1
    outer loop
      vertex 14.3 20.468 5
      vertex 43.3 -25.5 5
      vertex 14.4471 20.5617 5
    endloop
  endfacet
  facet normal 0 0 1
    outer loop
      vertex 38 30.8 5
      vertex 42.9804 27.3127 5
      vertex 42.8034 27.7399 5
    endloop
  endfacet
  facet normal -0 0 1
    outer loop
      vertex 14.1452 20.3874 5
      vertex 43.3 -25.5 5
      vertex 14.3 20.468 5
    endloop
  endfacet
  facet normal 0 0 1
    outer loop
      vertex 38 30.8 5
      vertex 42.8034 27.7399 5
      vertex 42.5899 28.15 5
    endloop
  endfacet
  facet normal -0 0 1
    outer loop
      vertex 13.984 20.3206 5
      vertex 43.3 -25.5 5
      vertex 14.1452 20.3874 5
    endloop
  endfacet
  facet normal 0 0 1
    outer loop
      vertex 38 30.8 5
      vertex 42.5899 28.15 5
      vertex 42.3415 28.5399 5
    endloop
  endfacet
  facet normal -0 0 1
    outer loop
      vertex 13.8176 20.2682 5
      vertex 43.3 -25.5 5
      vertex 13.984 20.3206 5
    endloop
  endfacet
  facet normal 0 0 1
    outer loop
      vertex 38 30.8 5
      vertex 42.3415 28.5399 5
      vertex 42.06 28.9068 5
    endloop
  endfacet
  facet normal 0 -0 1
    outer loop
      vertex 38 -30.8 5
      vertex 43.3 -25.5 5
      vertex 13.8176 20.2682 5
    endloop
  endfacet
  facet normal 0 0 1
    outer loop
      vertex 38 30.8 5
      vertex 42.06 28.9068 5
      vertex 41.7477 29.2477 5
    endloop
  endfacet
  facet normal 0 0 1
    outer loop
      vertex 43.2798 -25.9619 5
      vertex 38 -30.8 5
      vertex 43.2195 -26.4203 5
    endloop
  endfacet
  facet normal 0 0 1
    outer loop
      vertex 38 30.8 5
      vertex 41.7477 29.2477 5
      vertex 41.4068 29.56 5
    endloop
  endfacet
  facet normal 0 0 1
    outer loop
      vertex 43.2195 -26.4203 5
      vertex 38 -30.8 5
      vertex 43.1194 -26.8717 5
    endloop
  endfacet
  facet normal 0 0 1
    outer loop
      vertex 38 30.8 5
      vertex 41.4068 29.56 5
      vertex 41.0399 29.8415 5
    endloop
  endfacet
  facet normal 0 0 1
    outer loop
      vertex 42.9804 -27.3127 5
      vertex 38 -30.8 5
      vertex 42.8034 -27.7399 5
    endloop
  endfacet
  facet normal 0 0 1
    outer loop
      vertex 38 30.8 5
      vertex 41.0399 29.8415 5
      vertex 40.65 30.0899 5
    endloop
  endfacet
  facet normal 0 0 1
    outer loop
      vertex 42.5899 -28.15 5
      vertex 38 -30.8 5
      vertex 42.3415 -28.5399 5
    endloop
  endfacet
  facet normal 0 0 1
    outer loop
      vertex 38 30.8 5
      vertex 40.65 30.0899 5
      vertex 40.2399 30.3034 5
    endloop
  endfacet
  facet normal 0 0 1
    outer loop
      vertex 42.3415 -28.5399 5
      vertex 38 -30.8 5
      vertex 42.06 -28.9068 5
    endloop
  endfacet
  facet normal 0 0 1
    outer loop
      vertex 38 30.8 5
      vertex 40.2399 30.3034 5
      vertex 39.8127 30.4804 5
    endloop
  endfacet
  facet normal 0 0 1
    outer loop
      vertex 43.3 25.5 5
      vertex 14.8321 20.9144 5
      vertex 14.7142 20.7858 5
    endloop
  endfacet
  facet normal 0 0 1
    outer loop
      vertex 38 30.8 5
      vertex 39.8127 30.4804 5
      vertex 39.3717 30.6194 5
    endloop
  endfacet
  facet normal 0 0 1
    outer loop
      vertex 41.7477 -29.2477 5
      vertex 38 -30.8 5
      vertex 41.4068 -29.56 5
    endloop
  endfacet
  facet normal 0 0 1
    outer loop
      vertex 38 30.8 5
      vertex 39.3717 30.6194 5
      vertex 38.9203 30.7195 5
    endloop
  endfacet
  facet normal 0 0 1
    outer loop
      vertex 41.4068 -29.56 5
      vertex 38 -30.8 5
      vertex 41.0399 -29.8415 5
    endloop
  endfacet
  facet normal 0 0 1
    outer loop
      vertex 38 30.8 5
      vertex 38.9203 30.7195 5
      vertex 38.4619 30.7798 5
    endloop
  endfacet
  facet normal 0 0 1
    outer loop
      vertex 40.65 -30.0899 5
      vertex 38 -30.8 5
      vertex 40.2399 -30.3034 5
    endloop
  endfacet
  facet normal 0 0 1
    outer loop
      vertex 43.3 25.5 5
      vertex 38 30.8 5
      vertex 15.2318 21.6824 5
    endloop
  endfacet
  facet normal 0 0 1
    outer loop
      vertex 39.8127 -30.4804 5
      vertex 38 -30.8 5
      vertex 39.3717 -30.6194 5
    endloop
  endfacet
  facet normal 0 0 1
    outer loop
      vertex 15.3 22.2 5
      vertex 38 30.8 5
      vertex 15.3 28.8 5
    endloop
  endfacet
  facet normal 0 0 1
    outer loop
      vertex 38 30.8 5
      vertex 15.2924 28.9743 5
      vertex 15.3 28.8 5
    endloop
  endfacet
  facet normal 0 0 1
    outer loop
      vertex 38 30.8 5
      vertex 15.2696 29.1473 5
      vertex 15.2924 28.9743 5
    endloop
  endfacet
  facet normal 0 0 1
    outer loop
      vertex 38 30.8 5
      vertex 15.2318 29.3176 5
      vertex 15.2696 29.1473 5
    endloop
  endfacet
  facet normal 0 0 1
    outer loop
      vertex 38 30.8 5
      vertex 15.1794 29.484 5
      vertex 15.2318 29.3176 5
    endloop
  endfacet
  facet normal 0 0 1
    outer loop
      vertex 38 30.8 5
      vertex 15.1126 29.6452 5
      vertex 15.1794 29.484 5
    endloop
  endfacet
  facet normal 0 0 1
    outer loop
      vertex 38 30.8 5
      vertex 15.032 29.8 5
      vertex 15.1126 29.6452 5
    endloop
  endfacet
  facet normal 0 0 1
    outer loop
      vertex 38 30.8 5
      vertex 14.9383 29.9471 5
      vertex 15.032 29.8 5
    endloop
  endfacet
  facet normal 0 0 1
    outer loop
      vertex 38 30.8 5
      vertex 14.8321 30.0856 5
      vertex 14.9383 29.9471 5
    endloop
  endfacet
  facet normal 0 0 1
    outer loop
      vertex 38 30.8 5
      vertex 14.7142 30.2142 5
      vertex 14.8321 30.0856 5
    endloop
  endfacet
  facet normal 0 0 1
    outer loop
      vertex 38 30.8 5
      vertex 14.5856 30.3321 5
      vertex 14.7142 30.2142 5
    endloop
  endfacet
  facet normal 0 0 1
    outer loop
      vertex 38 30.8 5
      vertex 14.4471 30.4383 5
      vertex 14.5856 30.3321 5
    endloop
  endfacet
  facet normal 0 0 1
    outer loop
      vertex 38 30.8 5
      vertex 14.3 30.532 5
      vertex 14.4471 30.4383 5
    endloop
  endfacet
  facet normal 0 0 1
    outer loop
      vertex 38 30.8 5
      vertex 14.1452 30.6126 5
      vertex 14.3 30.532 5
    endloop
  endfacet
  facet normal 0 0 1
    outer loop
      vertex 38 30.8 5
      vertex 13.984 30.6794 5
      vertex 14.1452 30.6126 5
    endloop
  endfacet
  facet normal 0 0 1
    outer loop
      vertex 38 30.8 5
      vertex 13.8176 30.7318 5
      vertex 13.984 30.6794 5
    endloop
  endfacet
  facet normal 0 0 1
    outer loop
      vertex 38 30.8 5
      vertex 13.6473 30.7696 5
      vertex 13.8176 30.7318 5
    endloop
  endfacet
  facet normal 0 0 1
    outer loop
      vertex 38 30.8 5
      vertex 13.4743 30.7924 5
      vertex 13.6473 30.7696 5
    endloop
  endfacet
  facet normal 0 -0 1
    outer loop
      vertex 13.4743 30.7924 5
      vertex 38 30.8 5
      vertex 13.3 30.8 5
    endloop
  endfacet
  facet normal 0 0 1
    outer loop
      vertex 15.2924 22.0257 5
      vertex 38 30.8 5
      vertex 15.3 22.2 5
    endloop
  endfacet
  facet normal 0 0 1
    outer loop
      vertex 15.2696 21.8527 5
      vertex 38 30.8 5
      vertex 15.2924 22.0257 5
    endloop
  endfacet
  facet normal 0 0 1
    outer loop
      vertex 15.2318 21.6824 5
      vertex 38 30.8 5
      vertex 15.2696 21.8527 5
    endloop
  endfacet
  facet normal 0 0 1
    outer loop
      vertex 43.3 25.5 5
      vertex 15.2318 21.6824 5
      vertex 15.1794 21.516 5
    endloop
  endfacet
  facet normal 0 0 1
    outer loop
      vertex 43.3 25.5 5
      vertex 15.1794 21.516 5
      vertex 15.1126 21.3548 5
    endloop
  endfacet
  facet normal 0 0 1
    outer loop
      vertex 43.3 25.5 5
      vertex 15.1126 21.3548 5
      vertex 15.032 21.2 5
    endloop
  endfacet
  facet normal 0 0 1
    outer loop
      vertex 43.3 25.5 5
      vertex 15.032 21.2 5
      vertex 14.9383 21.0529 5
    endloop
  endfacet
  facet normal 0 0 1
    outer loop
      vertex 43.3 25.5 5
      vertex 14.9383 21.0529 5
      vertex 14.8321 20.9144 5
    endloop
  endfacet
  facet normal 0 0 1
    outer loop
      vertex 39.3717 -30.6194 5
      vertex 38 -30.8 5
      vertex 38.9203 -30.7195 5
    endloop
  endfacet
  facet normal 0 0 1
    outer loop
      vertex 38.9203 -30.7195 5
      vertex 38 -30.8 5
      vertex 38.4619 -30.7798 5
    endloop
  endfacet
  facet normal 0 0 1
    outer loop
      vertex 40.2399 -30.3034 5
      vertex 38 -30.8 5
      vertex 39.8127 -30.4804 5
    endloop
  endfacet
  facet normal 0 0 1
    outer loop
      vertex 41.0399 -29.8415 5
      vertex 38 -30.8 5
      vertex 40.65 -30.0899 5
    endloop
  endfacet
  facet normal 0 0 1
    outer loop
      vertex 42.06 -28.9068 5
      vertex 38 -30.8 5
      vertex 41.7477 -29.2477 5
    endloop
  endfacet
  facet normal 0 0 1
    outer loop
      vertex 42.8034 -27.7399 5
      vertex 38 -30.8 5
      vertex 42.5899 -28.15 5
    endloop
  endfacet
  facet normal 0 0 1
    outer loop
      vertex 43.1194 -26.8717 5
      vertex 38 -30.8 5
      vertex 42.9804 -27.3127 5
    endloop
  endfacet
  facet normal 0 0 1
    outer loop
      vertex 43.3 -25.5 5
      vertex 38 -30.8 5
      vertex 43.2798 -25.9619 5
    endloop
  endfacet
  facet normal -0 0 1
    outer loop
      vertex 13.6473 20.2304 5
      vertex 38 -30.8 5
      vertex 13.8176 20.2682 5
    endloop
  endfacet
  facet normal -0 0 1
    outer loop
      vertex 13.4743 20.2076 5
      vertex 38 -30.8 5
      vertex 13.6473 20.2304 5
    endloop
  endfacet
  facet normal -0 0 1
    outer loop
      vertex 13.3 20.2 5
      vertex 38 -30.8 5
      vertex 13.4743 20.2076 5
    endloop
  endfacet
  facet normal -0 0 1
    outer loop
      vertex -13.3 20.2 5
      vertex 38 -30.8 5
      vertex 13.3 20.2 5
    endloop
  endfacet
  facet normal 0 0 1
    outer loop
      vertex -38 -30.8 5
      vertex -13.3 20.2 5
      vertex -13.4743 20.2076 5
    endloop
  endfacet
  facet normal 0 0 1
    outer loop
      vertex -38 -30.8 5
      vertex -13.4743 20.2076 5
      vertex -13.6473 20.2304 5
    endloop
  endfacet
  facet normal 0 0 1
    outer loop
      vertex -38 -30.8 5
      vertex -13.6473 20.2304 5
      vertex -13.8176 20.2682 5
    endloop
  endfacet
  facet normal 0 0 1
    outer loop
      vertex -43.3 -25.5 5
      vertex -13.8176 20.2682 5
      vertex -13.984 20.3206 5
    endloop
  endfacet
  facet normal 0 0 1
    outer loop
      vertex -43.3 -25.5 5
      vertex -13.984 20.3206 5
      vertex -14.1452 20.3874 5
    endloop
  endfacet
  facet normal 0 0 1
    outer loop
      vertex -43.3 -25.5 5
      vertex -14.1452 20.3874 5
      vertex -14.3 20.468 5
    endloop
  endfacet
  facet normal 0 0 1
    outer loop
      vertex -43.3 -25.5 5
      vertex -14.3 20.468 5
      vertex -14.4471 20.5617 5
    endloop
  endfacet
  facet normal 0 0 1
    outer loop
      vertex -43.3 -25.5 5
      vertex -14.4471 20.5617 5
      vertex -14.5856 20.6679 5
    endloop
  endfacet
  facet normal 0 0 1
    outer loop
      vertex -43.3 25.5 5
      vertex -14.5856 20.6679 5
      vertex -14.7142 20.7858 5
    endloop
  endfacet
  facet normal 0 0 1
    outer loop
      vertex -38 30.8 5
      vertex -15.2924 22.0257 5
      vertex -15.3 22.2 5
    endloop
  endfacet
  facet normal 0 0 1
    outer loop
      vertex -38 30.8 5
      vertex -15.2696 21.8527 5
      vertex -15.2924 22.0257 5
    endloop
  endfacet
  facet normal 0 0 1
    outer loop
      vertex -38 30.8 5
      vertex -15.2318 21.6824 5
      vertex -15.2696 21.8527 5
    endloop
  endfacet
  facet normal -0 0 1
    outer loop
      vertex -43.3 25.5 5
      vertex -15.2318 21.6824 5
      vertex -38 30.8 5
    endloop
  endfacet
  facet normal 0 0 1
    outer loop
      vertex -15.2318 21.6824 5
      vertex -43.3 25.5 5
      vertex -15.1794 21.516 5
    endloop
  endfacet
  facet normal 0 0 1
    outer loop
      vertex -15.1794 21.516 5
      vertex -43.3 25.5 5
      vertex -15.1126 21.3548 5
    endloop
  endfacet
  facet normal 0 0 1
    outer loop
      vertex -15.1126 21.3548 5
      vertex -43.3 25.5 5
      vertex -15.032 21.2 5
    endloop
  endfacet
  facet normal 0 0 1
    outer loop
      vertex -15.032 21.2 5
      vertex -43.3 25.5 5
      vertex -14.9383 21.0529 5
    endloop
  endfacet
  facet normal 0 0 1
    outer loop
      vertex -14.9383 21.0529 5
      vertex -43.3 25.5 5
      vertex -14.8321 20.9144 5
    endloop
  endfacet
  facet normal 0 0 1
    outer loop
      vertex -14.8321 20.9144 5
      vertex -43.3 25.5 5
      vertex -14.7142 20.7858 5
    endloop
  endfacet
  facet normal 0 0 1
    outer loop
      vertex -13.3 20.2 5
      vertex -38 -30.8 5
      vertex 38 -30.8 5
    endloop
  endfacet
  facet normal 0 0 1
    outer loop
      vertex -43.3 25.5 5
      vertex -38 30.8 5
      vertex -38.4619 30.7798 5
    endloop
  endfacet
  facet normal 0 0 1
    outer loop
      vertex -14.5856 20.6679 5
      vertex -43.3 25.5 5
      vertex -43.3 -25.5 5
    endloop
  endfacet
  facet normal 0 0 1
    outer loop
      vertex -43.3 25.5 5
      vertex -38.4619 30.7798 5
      vertex -38.9203 30.7195 5
    endloop
  endfacet
  facet normal 0 0 1
    outer loop
      vertex -13.8176 20.2682 5
      vertex -43.3 -25.5 5
      vertex -38 -30.8 5
    endloop
  endfacet
  facet normal 0 0 1
    outer loop
      vertex -43.3 25.5 5
      vertex -38.9203 30.7195 5
      vertex -39.3717 30.6194 5
    endloop
  endfacet
  facet normal 0 0 1
    outer loop
      vertex -38 -30.8 5
      vertex -43.3 -25.5 5
      vertex -38.4619 -30.7798 5
    endloop
  endfacet
  facet normal 0 0 1
    outer loop
      vertex -43.3 25.5 5
      vertex -39.3717 30.6194 5
      vertex -39.8127 30.4804 5
    endloop
  endfacet
  facet normal 0 0 1
    outer loop
      vertex -38.4619 -30.7798 5
      vertex -43.3 -25.5 5
      vertex -38.9203 -30.7195 5
    endloop
  endfacet
  facet normal 0 0 1
    outer loop
      vertex -43.3 25.5 5
      vertex -39.8127 30.4804 5
      vertex -40.2399 30.3034 5
    endloop
  endfacet
  facet normal 0 0 1
    outer loop
      vertex -38.9203 -30.7195 5
      vertex -43.3 -25.5 5
      vertex -39.3717 -30.6194 5
    endloop
  endfacet
  facet normal 0 0 1
    outer loop
      vertex -43.3 25.5 5
      vertex -40.2399 30.3034 5
      vertex -40.65 30.0899 5
    endloop
  endfacet
  facet normal 0 0 1
    outer loop
      vertex -39.3717 -30.6194 5
      vertex -43.3 -25.5 5
      vertex -39.8127 -30.4804 5
    endloop
  endfacet
  facet normal 0 0 1
    outer loop
      vertex -43.3 25.5 5
      vertex -40.65 30.0899 5
      vertex -41.0399 29.8415 5
    endloop
  endfacet
  facet normal 0 0 1
    outer loop
      vertex -39.8127 -30.4804 5
      vertex -43.3 -25.5 5
      vertex -40.2399 -30.3034 5
    endloop
  endfacet
  facet normal 0 0 1
    outer loop
      vertex -43.3 25.5 5
      vertex -41.0399 29.8415 5
      vertex -41.4068 29.56 5
    endloop
  endfacet
  facet normal 0 0 1
    outer loop
      vertex -40.2399 -30.3034 5
      vertex -43.3 -25.5 5
      vertex -40.65 -30.0899 5
    endloop
  endfacet
  facet normal 0 0 1
    outer loop
      vertex -43.3 25.5 5
      vertex -41.4068 29.56 5
      vertex -41.7477 29.2477 5
    endloop
  endfacet
  facet normal 0 0 1
    outer loop
      vertex -40.65 -30.0899 5
      vertex -43.3 -25.5 5
      vertex -41.0399 -29.8415 5
    endloop
  endfacet
  facet normal 0 0 1
    outer loop
      vertex -43.3 25.5 5
      vertex -41.7477 29.2477 5
      vertex -42.06 28.9068 5
    endloop
  endfacet
  facet normal 0 0 1
    outer loop
      vertex -41.0399 -29.8415 5
      vertex -43.3 -25.5 5
      vertex -41.4068 -29.56 5
    endloop
  endfacet
  facet normal 0 0 1
    outer loop
      vertex -43.3 25.5 5
      vertex -42.06 28.9068 5
      vertex -42.3415 28.5399 5
    endloop
  endfacet
  facet normal 0 0 1
    outer loop
      vertex -41.4068 -29.56 5
      vertex -43.3 -25.5 5
      vertex -41.7477 -29.2477 5
    endloop
  endfacet
  facet normal 0 0 1
    outer loop
      vertex -43.3 25.5 5
      vertex -42.3415 28.5399 5
      vertex -42.5899 28.15 5
    endloop
  endfacet
  facet normal 0 0 1
    outer loop
      vertex -41.7477 -29.2477 5
      vertex -43.3 -25.5 5
      vertex -42.06 -28.9068 5
    endloop
  endfacet
  facet normal 0 0 1
    outer loop
      vertex -43.3 25.5 5
      vertex -42.5899 28.15 5
      vertex -42.8034 27.7399 5
    endloop
  endfacet
  facet normal 0 0 1
    outer loop
      vertex -42.06 -28.9068 5
      vertex -43.3 -25.5 5
      vertex -42.3415 -28.5399 5
    endloop
  endfacet
  facet normal 0 0 1
    outer loop
      vertex -43.3 25.5 5
      vertex -42.8034 27.7399 5
      vertex -42.9804 27.3127 5
    endloop
  endfacet
  facet normal 0 0 1
    outer loop
      vertex -42.3415 -28.5399 5
      vertex -43.3 -25.5 5
      vertex -42.5899 -28.15 5
    endloop
  endfacet
  facet normal 0 0 1
    outer loop
      vertex -43.3 25.5 5
      vertex -42.9804 27.3127 5
      vertex -43.1194 26.8717 5
    endloop
  endfacet
  facet normal 0 0 1
    outer loop
      vertex -42.5899 -28.15 5
      vertex -43.3 -25.5 5
      vertex -42.8034 -27.7399 5
    endloop
  endfacet
  facet normal 0 0 1
    outer loop
      vertex -43.3 25.5 5
      vertex -43.1194 26.8717 5
      vertex -43.2195 26.4203 5
    endloop
  endfacet
  facet normal 0 0 1
    outer loop
      vertex -42.8034 -27.7399 5
      vertex -43.3 -25.5 5
      vertex -42.9804 -27.3127 5
    endloop
  endfacet
  facet normal 0 0 1
    outer loop
      vertex -43.3 25.5 5
      vertex -43.2195 26.4203 5
      vertex -43.2798 25.9619 5
    endloop
  endfacet
  facet normal 0 0 1
    outer loop
      vertex -42.9804 -27.3127 5
      vertex -43.3 -25.5 5
      vertex -43.1194 -26.8717 5
    endloop
  endfacet
  facet normal 0 0 1
    outer loop
      vertex -43.1194 -26.8717 5
      vertex -43.3 -25.5 5
      vertex -43.2195 -26.4203 5
    endloop
  endfacet
  facet normal 0 0 1
    outer loop
      vertex -43.2195 -26.4203 5
      vertex -43.3 -25.5 5
      vertex -43.2798 -25.9619 5
    endloop
  endfacet
  facet normal 0.675568 0.737297 -0
    outer loop
      vertex 43.869 31.369 0
      vertex 43.3351 31.8582 20
      vertex 43.869 31.369 20
    endloop
  endfacet
  facet normal 0.675568 0.737297 0
    outer loop
      vertex 43.3351 31.8582 20
      vertex 43.869 31.369 0
      vertex 43.3351 31.8582 0
    endloop
  endfacet
  facet normal 0.923884 -0.382673 0
    outer loop
      vertex 45.5224 -29.0077 20
      vertex 45.7995 -28.3387 0
      vertex 45.7995 -28.3387 20
    endloop
  endfacet
  facet normal 0.923884 -0.382673 0
    outer loop
      vertex 45.7995 -28.3387 0
      vertex 45.5224 -29.0077 20
      vertex 45.5224 -29.0077 0
    endloop
  endfacet
  facet normal 0.886988 0.461792 0
    outer loop
      vertex 45.5224 29.0077 20
      vertex 45.188 29.65 0
      vertex 45.188 29.65 20
    endloop
  endfacet
  facet normal 0.886988 0.461792 0
    outer loop
      vertex 45.188 29.65 0
      vertex 45.5224 29.0077 20
      vertex 45.5224 29.0077 0
    endloop
  endfacet
  facet normal 0.953722 0.300688 0
    outer loop
      vertex 46.0172 27.6482 20
      vertex 45.7995 28.3387 0
      vertex 45.7995 28.3387 20
    endloop
  endfacet
  facet normal 0.953722 0.300688 0
    outer loop
      vertex 45.7995 28.3387 0
      vertex 46.0172 27.6482 20
      vertex 46.0172 27.6482 0
    endloop
  endfacet
  facet normal -0.461683 0.887045 0
    outer loop
      vertex -41.5077 33.0223 0
      vertex -42.15 32.688 20
      vertex -41.5077 33.0223 20
    endloop
  endfacet
  facet normal -0.461683 0.887045 0
    outer loop
      vertex -42.15 32.688 20
      vertex -41.5077 33.0223 0
      vertex -42.15 32.688 0
    endloop
  endfacet
  facet normal -0.382722 0.923864 0
    outer loop
      vertex -40.8388 33.2994 0
      vertex -41.5077 33.0223 20
      vertex -40.8388 33.2994 20
    endloop
  endfacet
  facet normal -0.382722 0.923864 0
    outer loop
      vertex -41.5077 33.0223 20
      vertex -40.8388 33.2994 0
      vertex -41.5077 33.0223 0
    endloop
  endfacet
  facet normal 0.737297 -0.675568 0
    outer loop
      vertex 43.869 -31.369 20
      vertex 44.3582 -30.8351 0
      vertex 44.3582 -30.8351 20
    endloop
  endfacet
  facet normal 0.737297 -0.675568 0
    outer loop
      vertex 44.3582 -30.8351 0
      vertex 43.869 -31.369 20
      vertex 43.869 -31.369 0
    endloop
  endfacet
  facet normal 0.843428 -0.537242 0
    outer loop
      vertex 44.799 -30.2607 20
      vertex 45.188 -29.65 0
      vertex 45.188 -29.65 20
    endloop
  endfacet
  facet normal 0.843428 -0.537242 0
    outer loop
      vertex 45.188 -29.65 0
      vertex 44.799 -30.2607 20
      vertex 44.799 -30.2607 0
    endloop
  endfacet
  facet normal 0.382722 -0.923864 0
    outer loop
      vertex 40.8388 -33.2994 0
      vertex 41.5077 -33.0223 20
      vertex 40.8388 -33.2994 20
    endloop
  endfacet
  facet normal 0.382722 -0.923864 0
    outer loop
      vertex 41.5077 -33.0223 20
      vertex 40.8388 -33.2994 0
      vertex 41.5077 -33.0223 0
    endloop
  endfacet
  facet normal -0.382722 -0.923864 0
    outer loop
      vertex -41.5077 -33.0223 0
      vertex -40.8388 -33.2994 20
      vertex -41.5077 -33.0223 20
    endloop
  endfacet
  facet normal -0.382722 -0.923864 -0
    outer loop
      vertex -40.8388 -33.2994 20
      vertex -41.5077 -33.0223 0
      vertex -40.8388 -33.2994 0
    endloop
  endfacet
  facet normal -0.976301 -0.216419 0
    outer loop
      vertex -46.0172 -27.6482 0
      vertex -46.1739 -26.9413 20
      vertex -46.1739 -26.9413 0
    endloop
  endfacet
  facet normal -0.976301 -0.216419 0
    outer loop
      vertex -46.1739 -26.9413 20
      vertex -46.0172 -27.6482 0
      vertex -46.0172 -27.6482 20
    endloop
  endfacet
  facet normal 0.608803 0.793322 -0
    outer loop
      vertex 43.3351 31.8582 0
      vertex 42.7607 32.299 20
      vertex 43.3351 31.8582 20
    endloop
  endfacet
  facet normal 0.608803 0.793322 0
    outer loop
      vertex 42.7607 32.299 20
      vertex 43.3351 31.8582 0
      vertex 42.7607 32.299 0
    endloop
  endfacet
  facet normal -0.675568 -0.737297 0
    outer loop
      vertex -43.869 -31.369 0
      vertex -43.3351 -31.8582 20
      vertex -43.869 -31.369 20
    endloop
  endfacet
  facet normal -0.675568 -0.737297 -0
    outer loop
      vertex -43.3351 -31.8582 20
      vertex -43.869 -31.369 0
      vertex -43.3351 -31.8582 0
    endloop
  endfacet
  facet normal -0.953722 -0.300688 0
    outer loop
      vertex -45.7995 -28.3387 0
      vertex -46.0172 -27.6482 20
      vertex -46.0172 -27.6482 0
    endloop
  endfacet
  facet normal -0.953722 -0.300688 0
    outer loop
      vertex -46.0172 -27.6482 20
      vertex -45.7995 -28.3387 0
      vertex -45.7995 -28.3387 20
    endloop
  endfacet
  facet normal -0.886988 -0.461792 0
    outer loop
      vertex -45.188 -29.65 0
      vertex -45.5224 -29.0077 20
      vertex -45.5224 -29.0077 0
    endloop
  endfacet
  facet normal -0.886988 -0.461792 0
    outer loop
      vertex -45.5224 -29.0077 20
      vertex -45.188 -29.65 0
      vertex -45.188 -29.65 20
    endloop
  endfacet
  facet normal -0.999047 -0.043641 0
    outer loop
      vertex -46.2684 -26.2234 0
      vertex -46.3 -25.5 20
      vertex -46.3 -25.5 0
    endloop
  endfacet
  facet normal -0.999047 -0.043641 0
    outer loop
      vertex -46.3 -25.5 20
      vertex -46.2684 -26.2234 0
      vertex -46.2684 -26.2234 20
    endloop
  endfacet
  facet normal 0.537242 -0.843428 0
    outer loop
      vertex 42.15 -32.688 0
      vertex 42.7607 -32.299 20
      vertex 42.15 -32.688 20
    endloop
  endfacet
  facet normal 0.537242 -0.843428 0
    outer loop
      vertex 42.7607 -32.299 20
      vertex 42.15 -32.688 0
      vertex 42.7607 -32.299 0
    endloop
  endfacet
  facet normal -0.043641 0.999047 0
    outer loop
      vertex -38 33.8 0
      vertex -38.7234 33.7684 20
      vertex -38 33.8 20
    endloop
  endfacet
  facet normal -0.043641 0.999047 0
    outer loop
      vertex -38.7234 33.7684 20
      vertex -38 33.8 0
      vertex -38.7234 33.7684 0
    endloop
  endfacet
  facet normal -1 0 0
    outer loop
      vertex -46.3 -25.5 0
      vertex -46.3 25.5 20
      vertex -46.3 25.5 0
    endloop
  endfacet
  facet normal -1 -0 0
    outer loop
      vertex -46.3 25.5 20
      vertex -46.3 -25.5 0
      vertex -46.3 -25.5 20
    endloop
  endfacet
  facet normal -0.737297 -0.675568 0
    outer loop
      vertex -43.869 -31.369 0
      vertex -44.3582 -30.8351 20
      vertex -44.3582 -30.8351 0
    endloop
  endfacet
  facet normal -0.737297 -0.675568 0
    outer loop
      vertex -44.3582 -30.8351 20
      vertex -43.869 -31.369 0
      vertex -43.869 -31.369 20
    endloop
  endfacet
  facet normal -0.793322 0.608803 0
    outer loop
      vertex -44.799 30.2607 0
      vertex -44.3582 30.8351 20
      vertex -44.3582 30.8351 0
    endloop
  endfacet
  facet normal -0.793322 0.608803 0
    outer loop
      vertex -44.3582 30.8351 20
      vertex -44.799 30.2607 0
      vertex -44.799 30.2607 20
    endloop
  endfacet
  facet normal 0.953722 -0.300688 0
    outer loop
      vertex 45.7995 -28.3387 20
      vertex 46.0172 -27.6482 0
      vertex 46.0172 -27.6482 20
    endloop
  endfacet
  facet normal 0.953722 -0.300688 0
    outer loop
      vertex 46.0172 -27.6482 0
      vertex 45.7995 -28.3387 20
      vertex 45.7995 -28.3387 0
    endloop
  endfacet
  facet normal 1 -0 0
    outer loop
      vertex 46.3 -25.5 20
      vertex 46.3 25.5 0
      vertex 46.3 25.5 20
    endloop
  endfacet
  facet normal 1 0 0
    outer loop
      vertex 46.3 25.5 0
      vertex 46.3 -25.5 20
      vertex 46.3 -25.5 0
    endloop
  endfacet
  facet normal 0.976301 -0.216419 0
    outer loop
      vertex 46.0172 -27.6482 20
      vertex 46.1739 -26.9413 0
      vertex 46.1739 -26.9413 20
    endloop
  endfacet
  facet normal 0.976301 -0.216419 0
    outer loop
      vertex 46.1739 -26.9413 0
      vertex 46.0172 -27.6482 20
      vertex 46.0172 -27.6482 0
    endloop
  endfacet
  facet normal 0.886988 -0.461792 0
    outer loop
      vertex 45.188 -29.65 20
      vertex 45.5224 -29.0077 0
      vertex 45.5224 -29.0077 20
    endloop
  endfacet
  facet normal 0.886988 -0.461792 0
    outer loop
      vertex 45.5224 -29.0077 0
      vertex 45.188 -29.65 20
      vertex 45.188 -29.65 0
    endloop
  endfacet
  facet normal 0.976301 0.216419 0
    outer loop
      vertex 46.1739 26.9413 20
      vertex 46.0172 27.6482 0
      vertex 46.0172 27.6482 20
    endloop
  endfacet
  facet normal 0.976301 0.216419 0
    outer loop
      vertex 46.0172 27.6482 0
      vertex 46.1739 26.9413 20
      vertex 46.1739 26.9413 0
    endloop
  endfacet
  facet normal -0.737297 0.675568 0
    outer loop
      vertex -44.3582 30.8351 0
      vertex -43.869 31.369 20
      vertex -43.869 31.369 0
    endloop
  endfacet
  facet normal -0.737297 0.675568 0
    outer loop
      vertex -43.869 31.369 20
      vertex -44.3582 30.8351 0
      vertex -44.3582 30.8351 20
    endloop
  endfacet
  facet normal -0.675568 0.737297 0
    outer loop
      vertex -43.3351 31.8582 0
      vertex -43.869 31.369 20
      vertex -43.3351 31.8582 20
    endloop
  endfacet
  facet normal -0.675568 0.737297 0
    outer loop
      vertex -43.869 31.369 20
      vertex -43.3351 31.8582 0
      vertex -43.869 31.369 0
    endloop
  endfacet
  facet normal 0.843428 0.537242 0
    outer loop
      vertex 45.188 29.65 20
      vertex 44.799 30.2607 0
      vertex 44.799 30.2607 20
    endloop
  endfacet
  facet normal 0.843428 0.537242 0
    outer loop
      vertex 44.799 30.2607 0
      vertex 45.188 29.65 20
      vertex 45.188 29.65 0
    endloop
  endfacet
  facet normal 0.043641 -0.999047 0
    outer loop
      vertex 38 -33.8 0
      vertex 38.7234 -33.7684 20
      vertex 38 -33.8 20
    endloop
  endfacet
  facet normal 0.043641 -0.999047 0
    outer loop
      vertex 38.7234 -33.7684 20
      vertex 38 -33.8 0
      vertex 38.7234 -33.7684 0
    endloop
  endfacet
  facet normal 0.923884 0.382673 0
    outer loop
      vertex 45.7995 28.3387 20
      vertex 45.5224 29.0077 0
      vertex 45.5224 29.0077 20
    endloop
  endfacet
  facet normal 0.923884 0.382673 0
    outer loop
      vertex 45.5224 29.0077 0
      vertex 45.7995 28.3387 20
      vertex 45.7995 28.3387 0
    endloop
  endfacet
  facet normal 0.991447 0.130508 0
    outer loop
      vertex 46.2684 26.2234 20
      vertex 46.1739 26.9413 0
      vertex 46.1739 26.9413 20
    endloop
  endfacet
  facet normal 0.991447 0.130508 0
    outer loop
      vertex 46.1739 26.9413 0
      vertex 46.2684 26.2234 20
      vertex 46.2684 26.2234 0
    endloop
  endfacet
  facet normal 0.793322 0.608803 0
    outer loop
      vertex 44.799 30.2607 20
      vertex 44.3582 30.8351 0
      vertex 44.3582 30.8351 20
    endloop
  endfacet
  facet normal 0.793322 0.608803 0
    outer loop
      vertex 44.3582 30.8351 0
      vertex 44.799 30.2607 20
      vertex 44.799 30.2607 0
    endloop
  endfacet
  facet normal -0.991447 0.130508 0
    outer loop
      vertex -46.2684 26.2234 0
      vertex -46.1739 26.9413 20
      vertex -46.1739 26.9413 0
    endloop
  endfacet
  facet normal -0.991447 0.130508 0
    outer loop
      vertex -46.1739 26.9413 20
      vertex -46.2684 26.2234 0
      vertex -46.2684 26.2234 20
    endloop
  endfacet
  facet normal 0.216419 -0.976301 0
    outer loop
      vertex 39.4413 -33.6739 0
      vertex 40.1482 -33.5172 20
      vertex 39.4413 -33.6739 20
    endloop
  endfacet
  facet normal 0.216419 -0.976301 0
    outer loop
      vertex 40.1482 -33.5172 20
      vertex 39.4413 -33.6739 0
      vertex 40.1482 -33.5172 0
    endloop
  endfacet
  facet normal 0.300774 0.953695 -0
    outer loop
      vertex 40.8388 33.2994 0
      vertex 40.1482 33.5172 20
      vertex 40.8388 33.2994 20
    endloop
  endfacet
  facet normal 0.300774 0.953695 0
    outer loop
      vertex 40.1482 33.5172 20
      vertex 40.8388 33.2994 0
      vertex 40.1482 33.5172 0
    endloop
  endfacet
  facet normal 0.537242 0.843428 -0
    outer loop
      vertex 42.7607 32.299 0
      vertex 42.15 32.688 20
      vertex 42.7607 32.299 20
    endloop
  endfacet
  facet normal 0.537242 0.843428 0
    outer loop
      vertex 42.15 32.688 20
      vertex 42.7607 32.299 0
      vertex 42.15 32.688 0
    endloop
  endfacet
  facet normal 0 0 1
    outer loop
      vertex 43.3 25.5 20
      vertex 46.3 25.5 20
      vertex 46.2684 26.2234 20
    endloop
  endfacet
  facet normal 0 0 1
    outer loop
      vertex 46.3 25.5 20
      vertex 43.3 25.5 20
      vertex 46.3 -25.5 20
    endloop
  endfacet
  facet normal 0 0 1
    outer loop
      vertex 43.2798 25.9619 20
      vertex 46.2684 26.2234 20
      vertex 46.1739 26.9413 20
    endloop
  endfacet
  facet normal 0 0 1
    outer loop
      vertex 43.3 -25.5 20
      vertex 46.3 -25.5 20
      vertex 43.3 25.5 20
    endloop
  endfacet
  facet normal 0 0 1
    outer loop
      vertex 43.2195 26.4203 20
      vertex 46.1739 26.9413 20
      vertex 46.0172 27.6482 20
    endloop
  endfacet
  facet normal 0 0 1
    outer loop
      vertex 46.3 -25.5 20
      vertex 43.3 -25.5 20
      vertex 46.2684 -26.2234 20
    endloop
  endfacet
  facet normal 0 0 1
    outer loop
      vertex 43.1194 26.8717 20
      vertex 46.0172 27.6482 20
      vertex 45.7995 28.3387 20
    endloop
  endfacet
  facet normal -0 0 1
    outer loop
      vertex 43.2798 -25.9619 20
      vertex 46.2684 -26.2234 20
      vertex 43.3 -25.5 20
    endloop
  endfacet
  facet normal 0 0 1
    outer loop
      vertex 42.9804 27.3127 20
      vertex 45.7995 28.3387 20
      vertex 45.5224 29.0077 20
    endloop
  endfacet
  facet normal 0 0 1
    outer loop
      vertex 46.2684 -26.2234 20
      vertex 43.2798 -25.9619 20
      vertex 46.1739 -26.9413 20
    endloop
  endfacet
  facet normal 0 0 1
    outer loop
      vertex 42.8034 27.7399 20
      vertex 45.5224 29.0077 20
      vertex 45.188 29.65 20
    endloop
  endfacet
  facet normal -0 0 1
    outer loop
      vertex 43.2195 -26.4203 20
      vertex 46.1739 -26.9413 20
      vertex 43.2798 -25.9619 20
    endloop
  endfacet
  facet normal 0 0 1
    outer loop
      vertex 42.5899 28.15 20
      vertex 45.188 29.65 20
      vertex 44.799 30.2607 20
    endloop
  endfacet
  facet normal 0 0 1
    outer loop
      vertex 46.1739 -26.9413 20
      vertex 43.2195 -26.4203 20
      vertex 46.0172 -27.6482 20
    endloop
  endfacet
  facet normal 0 0 1
    outer loop
      vertex 42.3415 28.5399 20
      vertex 44.799 30.2607 20
      vertex 44.3582 30.8351 20
    endloop
  endfacet
  facet normal -0 0 1
    outer loop
      vertex 43.1194 -26.8717 20
      vertex 46.0172 -27.6482 20
      vertex 43.2195 -26.4203 20
    endloop
  endfacet
  facet normal 0 0 1
    outer loop
      vertex 42.06 28.9068 20
      vertex 44.3582 30.8351 20
      vertex 43.869 31.369 20
    endloop
  endfacet
  facet normal 0 0 1
    outer loop
      vertex 46.0172 -27.6482 20
      vertex 43.1194 -26.8717 20
      vertex 45.7995 -28.3387 20
    endloop
  endfacet
  facet normal 0 0 1
    outer loop
      vertex 41.7477 29.2477 20
      vertex 43.869 31.369 20
      vertex 43.3351 31.8582 20
    endloop
  endfacet
  facet normal -0 0 1
    outer loop
      vertex 42.9804 -27.3127 20
      vertex 45.7995 -28.3387 20
      vertex 43.1194 -26.8717 20
    endloop
  endfacet
  facet normal 0 0 1
    outer loop
      vertex 45.7995 -28.3387 20
      vertex 42.9804 -27.3127 20
      vertex 45.5224 -29.0077 20
    endloop
  endfacet
  facet normal 0 0 1
    outer loop
      vertex 46.2684 26.2234 20
      vertex 43.2798 25.9619 20
      vertex 43.3 25.5 20
    endloop
  endfacet
  facet normal 0 0 1
    outer loop
      vertex 46.1739 26.9413 20
      vertex 43.2195 26.4203 20
      vertex 43.2798 25.9619 20
    endloop
  endfacet
  facet normal 0 0 1
    outer loop
      vertex 46.0172 27.6482 20
      vertex 43.1194 26.8717 20
      vertex 43.2195 26.4203 20
    endloop
  endfacet
  facet normal 0 0 1
    outer loop
      vertex 45.7995 28.3387 20
      vertex 42.9804 27.3127 20
      vertex 43.1194 26.8717 20
    endloop
  endfacet
  facet normal 0 0 1
    outer loop
      vertex 45.5224 29.0077 20
      vertex 42.8034 27.7399 20
      vertex 42.9804 27.3127 20
    endloop
  endfacet
  facet normal 0 0 1
    outer loop
      vertex 41.4068 29.56 20
      vertex 43.3351 31.8582 20
      vertex 42.7607 32.299 20
    endloop
  endfacet
  facet normal 0 0 1
    outer loop
      vertex 45.188 29.65 20
      vertex 42.5899 28.15 20
      vertex 42.8034 27.7399 20
    endloop
  endfacet
  facet normal 0 0 1
    outer loop
      vertex 44.799 30.2607 20
      vertex 42.3415 28.5399 20
      vertex 42.5899 28.15 20
    endloop
  endfacet
  facet normal 0 0 1
    outer loop
      vertex 41.0399 29.8415 20
      vertex 42.7607 32.299 20
      vertex 42.15 32.688 20
    endloop
  endfacet
  facet normal 0 0 1
    outer loop
      vertex 44.3582 30.8351 20
      vertex 42.06 28.9068 20
      vertex 42.3415 28.5399 20
    endloop
  endfacet
  facet normal 0 0 1
    outer loop
      vertex 43.869 31.369 20
      vertex 41.7477 29.2477 20
      vertex 42.06 28.9068 20
    endloop
  endfacet
  facet normal 0 0 1
    outer loop
      vertex 40.65 30.0899 20
      vertex 42.15 32.688 20
      vertex 41.5077 33.0223 20
    endloop
  endfacet
  facet normal 0 0 1
    outer loop
      vertex 43.3351 31.8582 20
      vertex 41.4068 29.56 20
      vertex 41.7477 29.2477 20
    endloop
  endfacet
  facet normal 0 0 1
    outer loop
      vertex 42.7607 32.299 20
      vertex 41.0399 29.8415 20
      vertex 41.4068 29.56 20
    endloop
  endfacet
  facet normal 0 0 1
    outer loop
      vertex 40.2399 30.3034 20
      vertex 41.5077 33.0223 20
      vertex 40.8388 33.2994 20
    endloop
  endfacet
  facet normal 0 0 1
    outer loop
      vertex 42.15 32.688 20
      vertex 40.65 30.0899 20
      vertex 41.0399 29.8415 20
    endloop
  endfacet
  facet normal 0 0 1
    outer loop
      vertex 41.5077 33.0223 20
      vertex 40.2399 30.3034 20
      vertex 40.65 30.0899 20
    endloop
  endfacet
  facet normal 0 0 1
    outer loop
      vertex 39.8127 30.4804 20
      vertex 40.8388 33.2994 20
      vertex 40.1482 33.5172 20
    endloop
  endfacet
  facet normal 0 0 1
    outer loop
      vertex 40.8388 33.2994 20
      vertex 39.8127 30.4804 20
      vertex 40.2399 30.3034 20
    endloop
  endfacet
  facet normal 0 0 1
    outer loop
      vertex 39.3717 30.6194 20
      vertex 40.1482 33.5172 20
      vertex 39.4413 33.6739 20
    endloop
  endfacet
  facet normal 0 0 1
    outer loop
      vertex 40.1482 33.5172 20
      vertex 39.3717 30.6194 20
      vertex 39.8127 30.4804 20
    endloop
  endfacet
  facet normal 0 0 1
    outer loop
      vertex 39.4413 33.6739 20
      vertex 38.9203 30.7195 20
      vertex 39.3717 30.6194 20
    endloop
  endfacet
  facet normal 0 0 1
    outer loop
      vertex 38.7234 33.7684 20
      vertex 38.9203 30.7195 20
      vertex 39.4413 33.6739 20
    endloop
  endfacet
  facet normal 0 0 1
    outer loop
      vertex 38.7234 33.7684 20
      vertex 38.4619 30.7798 20
      vertex 38.9203 30.7195 20
    endloop
  endfacet
  facet normal 0 0 1
    outer loop
      vertex 38 33.8 20
      vertex 38.4619 30.7798 20
      vertex 38.7234 33.7684 20
    endloop
  endfacet
  facet normal 0 0 1
    outer loop
      vertex 38 33.8 20
      vertex 38 30.8 20
      vertex 38.4619 30.7798 20
    endloop
  endfacet
  facet normal -0 0 1
    outer loop
      vertex -38 33.8 20
      vertex 38 30.8 20
      vertex 38 33.8 20
    endloop
  endfacet
  facet normal 0 0 1
    outer loop
      vertex -38 33.8 20
      vertex -38 30.8 20
      vertex 38 30.8 20
    endloop
  endfacet
  facet normal 0 0 1
    outer loop
      vertex -38 33.8 20
      vertex -38.4619 30.7798 20
      vertex -38 30.8 20
    endloop
  endfacet
  facet normal -0 0 1
    outer loop
      vertex -38.7234 33.7684 20
      vertex -38.4619 30.7798 20
      vertex -38 33.8 20
    endloop
  endfacet
  facet normal 0 0 1
    outer loop
      vertex -38.7234 33.7684 20
      vertex -38.9203 30.7195 20
      vertex -38.4619 30.7798 20
    endloop
  endfacet
  facet normal -0 0 1
    outer loop
      vertex -39.4413 33.6739 20
      vertex -38.9203 30.7195 20
      vertex -38.7234 33.7684 20
    endloop
  endfacet
  facet normal 0 0 1
    outer loop
      vertex -38.9203 30.7195 20
      vertex -39.4413 33.6739 20
      vertex -39.3717 30.6194 20
    endloop
  endfacet
  facet normal -0 0 1
    outer loop
      vertex -40.1482 33.5172 20
      vertex -39.3717 30.6194 20
      vertex -39.4413 33.6739 20
    endloop
  endfacet
  facet normal 0 0 1
    outer loop
      vertex -39.3717 30.6194 20
      vertex -40.1482 33.5172 20
      vertex -39.8127 30.4804 20
    endloop
  endfacet
  facet normal -0 0 1
    outer loop
      vertex -40.8388 33.2994 20
      vertex -39.8127 30.4804 20
      vertex -40.1482 33.5172 20
    endloop
  endfacet
  facet normal 0 0 1
    outer loop
      vertex -39.8127 30.4804 20
      vertex -40.8388 33.2994 20
      vertex -40.2399 30.3034 20
    endloop
  endfacet
  facet normal -0 0 1
    outer loop
      vertex -41.5077 33.0223 20
      vertex -40.2399 30.3034 20
      vertex -40.8388 33.2994 20
    endloop
  endfacet
  facet normal 0 0 1
    outer loop
      vertex -40.2399 30.3034 20
      vertex -41.5077 33.0223 20
      vertex -40.65 30.0899 20
    endloop
  endfacet
  facet normal -0 0 1
    outer loop
      vertex -42.15 32.688 20
      vertex -40.65 30.0899 20
      vertex -41.5077 33.0223 20
    endloop
  endfacet
  facet normal 0 0 1
    outer loop
      vertex -40.65 30.0899 20
      vertex -42.15 32.688 20
      vertex -41.0399 29.8415 20
    endloop
  endfacet
  facet normal -0 0 1
    outer loop
      vertex -42.7607 32.299 20
      vertex -41.0399 29.8415 20
      vertex -42.15 32.688 20
    endloop
  endfacet
  facet normal 0 0 1
    outer loop
      vertex -41.0399 29.8415 20
      vertex -42.7607 32.299 20
      vertex -41.4068 29.56 20
    endloop
  endfacet
  facet normal -0 0 1
    outer loop
      vertex -43.3351 31.8582 20
      vertex -41.4068 29.56 20
      vertex -42.7607 32.299 20
    endloop
  endfacet
  facet normal 0 0 1
    outer loop
      vertex -41.4068 29.56 20
      vertex -43.3351 31.8582 20
      vertex -41.7477 29.2477 20
    endloop
  endfacet
  facet normal -0 0 1
    outer loop
      vertex -43.869 31.369 20
      vertex -41.7477 29.2477 20
      vertex -43.3351 31.8582 20
    endloop
  endfacet
  facet normal 0 0 1
    outer loop
      vertex -41.7477 29.2477 20
      vertex -43.869 31.369 20
      vertex -42.06 28.9068 20
    endloop
  endfacet
  facet normal -0 0 1
    outer loop
      vertex -44.3582 30.8351 20
      vertex -42.06 28.9068 20
      vertex -43.869 31.369 20
    endloop
  endfacet
  facet normal 0 0 1
    outer loop
      vertex -42.06 28.9068 20
      vertex -44.3582 30.8351 20
      vertex -42.3415 28.5399 20
    endloop
  endfacet
  facet normal -0 0 1
    outer loop
      vertex -44.799 30.2607 20
      vertex -42.3415 28.5399 20
      vertex -44.3582 30.8351 20
    endloop
  endfacet
  facet normal 0 0 1
    outer loop
      vertex -42.3415 28.5399 20
      vertex -44.799 30.2607 20
      vertex -42.5899 28.15 20
    endloop
  endfacet
  facet normal -0 0 1
    outer loop
      vertex -45.188 29.65 20
      vertex -42.5899 28.15 20
      vertex -44.799 30.2607 20
    endloop
  endfacet
  facet normal 0 0 1
    outer loop
      vertex -42.8034 27.7399 20
      vertex -45.5224 29.0077 20
      vertex -42.9804 27.3127 20
    endloop
  endfacet
  facet normal -0 0 1
    outer loop
      vertex -45.5224 29.0077 20
      vertex -42.8034 27.7399 20
      vertex -45.188 29.65 20
    endloop
  endfacet
  facet normal 0 0 1
    outer loop
      vertex -42.5899 28.15 20
      vertex -45.188 29.65 20
      vertex -42.8034 27.7399 20
    endloop
  endfacet
  facet normal -0 0 1
    outer loop
      vertex 42.8034 -27.7399 20
      vertex 45.5224 -29.0077 20
      vertex 42.9804 -27.3127 20
    endloop
  endfacet
  facet normal 0 0 1
    outer loop
      vertex 45.5224 -29.0077 20
      vertex 42.8034 -27.7399 20
      vertex 45.188 -29.65 20
    endloop
  endfacet
  facet normal -0 0 1
    outer loop
      vertex 42.5899 -28.15 20
      vertex 45.188 -29.65 20
      vertex 42.8034 -27.7399 20
    endloop
  endfacet
  facet normal 0 0 1
    outer loop
      vertex 45.188 -29.65 20
      vertex 42.5899 -28.15 20
      vertex 44.799 -30.2607 20
    endloop
  endfacet
  facet normal -0 0 1
    outer loop
      vertex 42.3415 -28.5399 20
      vertex 44.799 -30.2607 20
      vertex 42.5899 -28.15 20
    endloop
  endfacet
  facet normal 0 0 1
    outer loop
      vertex 44.799 -30.2607 20
      vertex 42.3415 -28.5399 20
      vertex 44.3582 -30.8351 20
    endloop
  endfacet
  facet normal -0 0 1
    outer loop
      vertex 42.06 -28.9068 20
      vertex 44.3582 -30.8351 20
      vertex 42.3415 -28.5399 20
    endloop
  endfacet
  facet normal 0 0 1
    outer loop
      vertex 44.3582 -30.8351 20
      vertex 42.06 -28.9068 20
      vertex 43.869 -31.369 20
    endloop
  endfacet
  facet normal -0 0 1
    outer loop
      vertex 41.7477 -29.2477 20
      vertex 43.869 -31.369 20
      vertex 42.06 -28.9068 20
    endloop
  endfacet
  facet normal 0 0 1
    outer loop
      vertex 43.869 -31.369 20
      vertex 41.7477 -29.2477 20
      vertex 43.3351 -31.8582 20
    endloop
  endfacet
  facet normal -0 0 1
    outer loop
      vertex 41.4068 -29.56 20
      vertex 43.3351 -31.8582 20
      vertex 41.7477 -29.2477 20
    endloop
  endfacet
  facet normal 0 0 1
    outer loop
      vertex 43.3351 -31.8582 20
      vertex 41.4068 -29.56 20
      vertex 42.7607 -32.299 20
    endloop
  endfacet
  facet normal -0 0 1
    outer loop
      vertex 41.0399 -29.8415 20
      vertex 42.7607 -32.299 20
      vertex 41.4068 -29.56 20
    endloop
  endfacet
  facet normal 0 0 1
    outer loop
      vertex 42.7607 -32.299 20
      vertex 41.0399 -29.8415 20
      vertex 42.15 -32.688 20
    endloop
  endfacet
  facet normal -0 0 1
    outer loop
      vertex 40.65 -30.0899 20
      vertex 42.15 -32.688 20
      vertex 41.0399 -29.8415 20
    endloop
  endfacet
  facet normal 0 0 1
    outer loop
      vertex 42.15 -32.688 20
      vertex 40.65 -30.0899 20
      vertex 41.5077 -33.0223 20
    endloop
  endfacet
  facet normal -0 0 1
    outer loop
      vertex 40.2399 -30.3034 20
      vertex 41.5077 -33.0223 20
      vertex 40.65 -30.0899 20
    endloop
  endfacet
  facet normal 0 0 1
    outer loop
      vertex 41.5077 -33.0223 20
      vertex 40.2399 -30.3034 20
      vertex 40.8388 -33.2994 20
    endloop
  endfacet
  facet normal -0 0 1
    outer loop
      vertex 39.8127 -30.4804 20
      vertex 40.8388 -33.2994 20
      vertex 40.2399 -30.3034 20
    endloop
  endfacet
  facet normal 0 0 1
    outer loop
      vertex 40.8388 -33.2994 20
      vertex 39.8127 -30.4804 20
      vertex 40.1482 -33.5172 20
    endloop
  endfacet
  facet normal -0 0 1
    outer loop
      vertex 39.3717 -30.6194 20
      vertex 40.1482 -33.5172 20
      vertex 39.8127 -30.4804 20
    endloop
  endfacet
  facet normal 0 0 1
    outer loop
      vertex 40.1482 -33.5172 20
      vertex 39.3717 -30.6194 20
      vertex 39.4413 -33.6739 20
    endloop
  endfacet
  facet normal -0 0 1
    outer loop
      vertex 38.9203 -30.7195 20
      vertex 39.4413 -33.6739 20
      vertex 39.3717 -30.6194 20
    endloop
  endfacet
  facet normal 0 0 1
    outer loop
      vertex 38.9203 -30.7195 20
      vertex 38.7234 -33.7684 20
      vertex 39.4413 -33.6739 20
    endloop
  endfacet
  facet normal -0 0 1
    outer loop
      vertex 38.4619 -30.7798 20
      vertex 38.7234 -33.7684 20
      vertex 38.9203 -30.7195 20
    endloop
  endfacet
  facet normal -0 0 1
    outer loop
      vertex 38 -30.8 20
      vertex 38.7234 -33.7684 20
      vertex 38.4619 -30.7798 20
    endloop
  endfacet
  facet normal 0 0 1
    outer loop
      vertex 38 -30.8 20
      vertex 38 -33.8 20
      vertex 38.7234 -33.7684 20
    endloop
  endfacet
  facet normal -0 0 1
    outer loop
      vertex -38 -30.8 20
      vertex 38 -33.8 20
      vertex 38 -30.8 20
    endloop
  endfacet
  facet normal 0 0 1
    outer loop
      vertex -38 -30.8 20
      vertex -38 -33.8 20
      vertex 38 -33.8 20
    endloop
  endfacet
  facet normal 0 0 1
    outer loop
      vertex -38.4619 -30.7798 20
      vertex -38 -33.8 20
      vertex -38 -30.8 20
    endloop
  endfacet
  facet normal 0 0 1
    outer loop
      vertex -38.4619 -30.7798 20
      vertex -38.7234 -33.7684 20
      vertex -38 -33.8 20
    endloop
  endfacet
  facet normal 0 0 1
    outer loop
      vertex -38.9203 -30.7195 20
      vertex -38.7234 -33.7684 20
      vertex -38.4619 -30.7798 20
    endloop
  endfacet
  facet normal 0 0 1
    outer loop
      vertex -39.4413 -33.6739 20
      vertex -38.9203 -30.7195 20
      vertex -39.3717 -30.6194 20
    endloop
  endfacet
  facet normal 0 0 1
    outer loop
      vertex -38.9203 -30.7195 20
      vertex -39.4413 -33.6739 20
      vertex -38.7234 -33.7684 20
    endloop
  endfacet
  facet normal 0 0 1
    outer loop
      vertex -40.1482 -33.5172 20
      vertex -39.3717 -30.6194 20
      vertex -39.8127 -30.4804 20
    endloop
  endfacet
  facet normal 0 0 1
    outer loop
      vertex -39.3717 -30.6194 20
      vertex -40.1482 -33.5172 20
      vertex -39.4413 -33.6739 20
    endloop
  endfacet
  facet normal 0 0 1
    outer loop
      vertex -40.8388 -33.2994 20
      vertex -39.8127 -30.4804 20
      vertex -40.2399 -30.3034 20
    endloop
  endfacet
  facet normal 0 0 1
    outer loop
      vertex -41.5077 -33.0223 20
      vertex -40.2399 -30.3034 20
      vertex -40.65 -30.0899 20
    endloop
  endfacet
  facet normal 0 0 1
    outer loop
      vertex -39.8127 -30.4804 20
      vertex -40.8388 -33.2994 20
      vertex -40.1482 -33.5172 20
    endloop
  endfacet
  facet normal 0 0 1
    outer loop
      vertex -42.15 -32.688 20
      vertex -40.65 -30.0899 20
      vertex -41.0399 -29.8415 20
    endloop
  endfacet
  facet normal 0 0 1
    outer loop
      vertex -42.7607 -32.299 20
      vertex -41.0399 -29.8415 20
      vertex -41.4068 -29.56 20
    endloop
  endfacet
  facet normal 0 0 1
    outer loop
      vertex -40.2399 -30.3034 20
      vertex -41.5077 -33.0223 20
      vertex -40.8388 -33.2994 20
    endloop
  endfacet
  facet normal 0 0 1
    outer loop
      vertex -43.3351 -31.8582 20
      vertex -41.4068 -29.56 20
      vertex -41.7477 -29.2477 20
    endloop
  endfacet
  facet normal 0 0 1
    outer loop
      vertex -43.869 -31.369 20
      vertex -41.7477 -29.2477 20
      vertex -42.06 -28.9068 20
    endloop
  endfacet
  facet normal 0 0 1
    outer loop
      vertex -40.65 -30.0899 20
      vertex -42.15 -32.688 20
      vertex -41.5077 -33.0223 20
    endloop
  endfacet
  facet normal 0 0 1
    outer loop
      vertex -44.3582 -30.8351 20
      vertex -42.06 -28.9068 20
      vertex -42.3415 -28.5399 20
    endloop
  endfacet
  facet normal 0 0 1
    outer loop
      vertex -44.799 -30.2607 20
      vertex -42.3415 -28.5399 20
      vertex -42.5899 -28.15 20
    endloop
  endfacet
  facet normal 0 0 1
    outer loop
      vertex -41.0399 -29.8415 20
      vertex -42.7607 -32.299 20
      vertex -42.15 -32.688 20
    endloop
  endfacet
  facet normal 0 0 1
    outer loop
      vertex -45.188 -29.65 20
      vertex -42.5899 -28.15 20
      vertex -42.8034 -27.7399 20
    endloop
  endfacet
  facet normal 0 0 1
    outer loop
      vertex -45.5224 -29.0077 20
      vertex -42.8034 -27.7399 20
      vertex -42.9804 -27.3127 20
    endloop
  endfacet
  facet normal 0 0 1
    outer loop
      vertex -45.7995 -28.3387 20
      vertex -42.9804 -27.3127 20
      vertex -43.1194 -26.8717 20
    endloop
  endfacet
  facet normal 0 0 1
    outer loop
      vertex -46.0172 -27.6482 20
      vertex -43.1194 -26.8717 20
      vertex -43.2195 -26.4203 20
    endloop
  endfacet
  facet normal 0 0 1
    outer loop
      vertex -46.1739 -26.9413 20
      vertex -43.2195 -26.4203 20
      vertex -43.2798 -25.9619 20
    endloop
  endfacet
  facet normal 0 0 1
    outer loop
      vertex -41.4068 -29.56 20
      vertex -43.3351 -31.8582 20
      vertex -42.7607 -32.299 20
    endloop
  endfacet
  facet normal 0 0 1
    outer loop
      vertex -46.2684 -26.2234 20
      vertex -43.2798 -25.9619 20
      vertex -43.3 -25.5 20
    endloop
  endfacet
  facet normal 0 0 1
    outer loop
      vertex -43.3 25.5 20
      vertex -46.3 25.5 20
      vertex -43.3 -25.5 20
    endloop
  endfacet
  facet normal -0 0 1
    outer loop
      vertex -45.7995 28.3387 20
      vertex -42.9804 27.3127 20
      vertex -45.5224 29.0077 20
    endloop
  endfacet
  facet normal 0 0 1
    outer loop
      vertex -46.3 -25.5 20
      vertex -43.3 -25.5 20
      vertex -46.3 25.5 20
    endloop
  endfacet
  facet normal 0 0 1
    outer loop
      vertex -42.9804 27.3127 20
      vertex -45.7995 28.3387 20
      vertex -43.1194 26.8717 20
    endloop
  endfacet
  facet normal 0 -0 1
    outer loop
      vertex -46.2684 -26.2234 20
      vertex -43.3 -25.5 20
      vertex -46.3 -25.5 20
    endloop
  endfacet
  facet normal -0 0 1
    outer loop
      vertex -46.0172 27.6482 20
      vertex -43.1194 26.8717 20
      vertex -45.7995 28.3387 20
    endloop
  endfacet
  facet normal 0 0 1
    outer loop
      vertex -41.7477 -29.2477 20
      vertex -43.869 -31.369 20
      vertex -43.3351 -31.8582 20
    endloop
  endfacet
  facet normal 0 0 1
    outer loop
      vertex -43.1194 26.8717 20
      vertex -46.0172 27.6482 20
      vertex -43.2195 26.4203 20
    endloop
  endfacet
  facet normal 0 0 1
    outer loop
      vertex -42.06 -28.9068 20
      vertex -44.3582 -30.8351 20
      vertex -43.869 -31.369 20
    endloop
  endfacet
  facet normal -0 0 1
    outer loop
      vertex -46.1739 26.9413 20
      vertex -43.2195 26.4203 20
      vertex -46.0172 27.6482 20
    endloop
  endfacet
  facet normal 0 0 1
    outer loop
      vertex -42.3415 -28.5399 20
      vertex -44.799 -30.2607 20
      vertex -44.3582 -30.8351 20
    endloop
  endfacet
  facet normal 0 0 1
    outer loop
      vertex -43.2195 26.4203 20
      vertex -46.1739 26.9413 20
      vertex -43.2798 25.9619 20
    endloop
  endfacet
  facet normal 0 0 1
    outer loop
      vertex -42.5899 -28.15 20
      vertex -45.188 -29.65 20
      vertex -44.799 -30.2607 20
    endloop
  endfacet
  facet normal -0 0 1
    outer loop
      vertex -46.2684 26.2234 20
      vertex -43.2798 25.9619 20
      vertex -46.1739 26.9413 20
    endloop
  endfacet
  facet normal 0 0 1
    outer loop
      vertex -42.8034 -27.7399 20
      vertex -45.5224 -29.0077 20
      vertex -45.188 -29.65 20
    endloop
  endfacet
  facet normal 0 0 1
    outer loop
      vertex -43.2798 25.9619 20
      vertex -46.2684 26.2234 20
      vertex -43.3 25.5 20
    endloop
  endfacet
  facet normal 0 0 1
    outer loop
      vertex -42.9804 -27.3127 20
      vertex -45.7995 -28.3387 20
      vertex -45.5224 -29.0077 20
    endloop
  endfacet
  facet normal 0 0 1
    outer loop
      vertex -43.3 25.5 20
      vertex -46.2684 26.2234 20
      vertex -46.3 25.5 20
    endloop
  endfacet
  facet normal 0 0 1
    outer loop
      vertex -43.1194 -26.8717 20
      vertex -46.0172 -27.6482 20
      vertex -45.7995 -28.3387 20
    endloop
  endfacet
  facet normal 0 0 1
    outer loop
      vertex -43.2195 -26.4203 20
      vertex -46.1739 -26.9413 20
      vertex -46.0172 -27.6482 20
    endloop
  endfacet
  facet normal 0 0 1
    outer loop
      vertex -43.2798 -25.9619 20
      vertex -46.2684 -26.2234 20
      vertex -46.1739 -26.9413 20
    endloop
  endfacet
  facet normal 0.382722 0.923864 -0
    outer loop
      vertex 41.5077 33.0223 0
      vertex 40.8388 33.2994 20
      vertex 41.5077 33.0223 20
    endloop
  endfacet
  facet normal 0.382722 0.923864 0
    outer loop
      vertex 40.8388 33.2994 20
      vertex 41.5077 33.0223 0
      vertex 40.8388 33.2994 0
    endloop
  endfacet
  facet normal -0.0436906 -0.999045 0
    outer loop
      vertex 38 30.8 5
      vertex 38.4619 30.7798 20
      vertex 38 30.8 20
    endloop
  endfacet
  facet normal -0.0436906 -0.999045 -0
    outer loop
      vertex 38.4619 30.7798 20
      vertex 38 30.8 5
      vertex 38.4619 30.7798 5
    endloop
  endfacet
  facet normal -0.216495 -0.976284 0
    outer loop
      vertex 38.9203 30.7195 5
      vertex 39.3717 30.6194 20
      vertex 38.9203 30.7195 20
    endloop
  endfacet
  facet normal -0.216495 -0.976284 -0
    outer loop
      vertex 39.3717 30.6194 20
      vertex 38.9203 30.7195 5
      vertex 39.3717 30.6194 5
    endloop
  endfacet
  facet normal 0 -1 0
    outer loop
      vertex -13.3 30.8 0
      vertex 13.3 30.8 5
      vertex -13.3 30.8 5
    endloop
  endfacet
  facet normal 0 -1 -0
    outer loop
      vertex 13.3 30.8 5
      vertex -13.3 30.8 0
      vertex 13.3 30.8 0
    endloop
  endfacet
  facet normal 0 -1 0
    outer loop
      vertex -13.3 30.8 5
      vertex -38 30.8 20
      vertex -38 30.8 5
    endloop
  endfacet
  facet normal 0 -1 0
    outer loop
      vertex -38 30.8 20
      vertex -13.3 30.8 5
      vertex 38 30.8 20
    endloop
  endfacet
  facet normal 0 -1 0
    outer loop
      vertex 13.3 30.8 5
      vertex 38 30.8 20
      vertex -13.3 30.8 5
    endloop
  endfacet
  facet normal 0 -1 -0
    outer loop
      vertex 38 30.8 20
      vertex 13.3 30.8 5
      vertex 38 30.8 5
    endloop
  endfacet
  facet normal -0.923843 -0.382772 0
    outer loop
      vertex 42.9804 27.3127 5
      vertex 42.8034 27.7399 20
      vertex 42.8034 27.7399 5
    endloop
  endfacet
  facet normal -0.923843 -0.382772 0
    outer loop
      vertex 42.8034 27.7399 20
      vertex 42.9804 27.3127 5
      vertex 42.9804 27.3127 20
    endloop
  endfacet
  facet normal -0.130421 -0.991459 0
    outer loop
      vertex 38.4619 30.7798 5
      vertex 38.9203 30.7195 20
      vertex 38.4619 30.7798 20
    endloop
  endfacet
  facet normal -0.130421 -0.991459 -0
    outer loop
      vertex 38.9203 30.7195 20
      vertex 38.4619 30.7798 5
      vertex 38.9203 30.7195 5
    endloop
  endfacet
  facet normal 0.0436906 0.999045 -0
    outer loop
      vertex -38 -30.8 5
      vertex -38.4619 -30.7798 20
      vertex -38 -30.8 20
    endloop
  endfacet
  facet normal 0.0436906 0.999045 0
    outer loop
      vertex -38.4619 -30.7798 20
      vertex -38 -30.8 5
      vertex -38.4619 -30.7798 5
    endloop
  endfacet
  facet normal 1 -0 0
    outer loop
      vertex -43.3 -25.5 20
      vertex -43.3 25.5 5
      vertex -43.3 25.5 20
    endloop
  endfacet
  facet normal 1 0 0
    outer loop
      vertex -43.3 25.5 5
      vertex -43.3 -25.5 20
      vertex -43.3 -25.5 5
    endloop
  endfacet
  facet normal 0.537309 -0.843385 0
    outer loop
      vertex -41.0399 29.8415 5
      vertex -40.65 30.0899 20
      vertex -41.0399 29.8415 20
    endloop
  endfacet
  facet normal 0.537309 -0.843385 0
    outer loop
      vertex -40.65 30.0899 20
      vertex -41.0399 29.8415 5
      vertex -40.65 30.0899 5
    endloop
  endfacet
  facet normal -1 0 0
    outer loop
      vertex 43.3 -25.5 5
      vertex 43.3 25.5 20
      vertex 43.3 25.5 5
    endloop
  endfacet
  facet normal -1 -0 0
    outer loop
      vertex 43.3 25.5 20
      vertex 43.3 -25.5 5
      vertex 43.3 -25.5 20
    endloop
  endfacet
  facet normal 0.461775 -0.886997 0
    outer loop
      vertex -40.65 30.0899 5
      vertex -40.2399 30.3034 20
      vertex -40.65 30.0899 20
    endloop
  endfacet
  facet normal 0.461775 -0.886997 0
    outer loop
      vertex -40.2399 30.3034 20
      vertex -40.65 30.0899 5
      vertex -40.2399 30.3034 5
    endloop
  endfacet
  facet normal -0.461775 0.886997 0
    outer loop
      vertex 40.65 -30.0899 5
      vertex 40.2399 -30.3034 20
      vertex 40.65 -30.0899 20
    endloop
  endfacet
  facet normal -0.461775 0.886997 0
    outer loop
      vertex 40.2399 -30.3034 20
      vertex 40.65 -30.0899 5
      vertex 40.2399 -30.3034 5
    endloop
  endfacet
  facet normal 0.130421 0.991459 -0
    outer loop
      vertex -38.4619 -30.7798 5
      vertex -38.9203 -30.7195 20
      vertex -38.4619 -30.7798 20
    endloop
  endfacet
  facet normal 0.130421 0.991459 0
    outer loop
      vertex -38.9203 -30.7195 20
      vertex -38.4619 -30.7798 5
      vertex -38.9203 -30.7195 5
    endloop
  endfacet
  facet normal 0 1 -0
    outer loop
      vertex 38 -30.8 5
      vertex -38 -30.8 20
      vertex 38 -30.8 20
    endloop
  endfacet
  facet normal 0 1 0
    outer loop
      vertex -38 -30.8 20
      vertex 38 -30.8 5
      vertex -38 -30.8 5
    endloop
  endfacet
  facet normal -0.976284 0.216495 0
    outer loop
      vertex 43.1194 -26.8717 5
      vertex 43.2195 -26.4203 20
      vertex 43.2195 -26.4203 5
    endloop
  endfacet
  facet normal -0.976284 0.216495 0
    outer loop
      vertex 43.2195 -26.4203 20
      vertex 43.1194 -26.8717 5
      vertex 43.1194 -26.8717 20
    endloop
  endfacet
  facet normal -0.382772 -0.923843 0
    outer loop
      vertex 39.8127 30.4804 5
      vertex 40.2399 30.3034 20
      vertex 39.8127 30.4804 20
    endloop
  endfacet
  facet normal -0.382772 -0.923843 -0
    outer loop
      vertex 40.2399 30.3034 20
      vertex 39.8127 30.4804 5
      vertex 40.2399 30.3034 5
    endloop
  endfacet
  facet normal 0.537309 0.843385 -0
    outer loop
      vertex -40.65 -30.0899 5
      vertex -41.0399 -29.8415 20
      vertex -40.65 -30.0899 20
    endloop
  endfacet
  facet normal 0.537309 0.843385 0
    outer loop
      vertex -41.0399 -29.8415 20
      vertex -40.65 -30.0899 5
      vertex -41.0399 -29.8415 5
    endloop
  endfacet
  facet normal -0.675499 0.737361 0
    outer loop
      vertex 41.7477 -29.2477 5
      vertex 41.4068 -29.56 20
      vertex 41.7477 -29.2477 20
    endloop
  endfacet
  facet normal -0.675499 0.737361 0
    outer loop
      vertex 41.4068 -29.56 20
      vertex 41.7477 -29.2477 5
      vertex 41.4068 -29.56 5
    endloop
  endfacet
  facet normal 0.843385 -0.537309 0
    outer loop
      vertex -42.5899 28.15 20
      vertex -42.3415 28.5399 5
      vertex -42.3415 28.5399 20
    endloop
  endfacet
  facet normal 0.843385 -0.537309 0
    outer loop
      vertex -42.3415 28.5399 5
      vertex -42.5899 28.15 20
      vertex -42.5899 28.15 5
    endloop
  endfacet
  facet normal 0.886997 0.461775 0
    outer loop
      vertex -42.5899 -28.15 20
      vertex -42.8034 -27.7399 5
      vertex -42.8034 -27.7399 20
    endloop
  endfacet
  facet normal 0.886997 0.461775 0
    outer loop
      vertex -42.8034 -27.7399 5
      vertex -42.5899 -28.15 20
      vertex -42.5899 -28.15 5
    endloop
  endfacet
  facet normal 0.130421 -0.991459 0
    outer loop
      vertex -38.9203 30.7195 5
      vertex -38.4619 30.7798 20
      vertex -38.9203 30.7195 20
    endloop
  endfacet
  facet normal 0.130421 -0.991459 0
    outer loop
      vertex -38.4619 30.7798 20
      vertex -38.9203 30.7195 5
      vertex -38.4619 30.7798 5
    endloop
  endfacet
  facet normal 0.608718 -0.793387 0
    outer loop
      vertex -41.4068 29.56 5
      vertex -41.0399 29.8415 20
      vertex -41.4068 29.56 20
    endloop
  endfacet
  facet normal 0.608718 -0.793387 0
    outer loop
      vertex -41.0399 29.8415 20
      vertex -41.4068 29.56 5
      vertex -41.0399 29.8415 5
    endloop
  endfacet
  facet normal 0.461775 0.886997 -0
    outer loop
      vertex -40.2399 -30.3034 5
      vertex -40.65 -30.0899 20
      vertex -40.2399 -30.3034 20
    endloop
  endfacet
  facet normal 0.461775 0.886997 0
    outer loop
      vertex -40.65 -30.0899 20
      vertex -40.2399 -30.3034 5
      vertex -40.65 -30.0899 5
    endloop
  endfacet
  facet normal 0.737361 0.675499 0
    outer loop
      vertex -41.7477 -29.2477 20
      vertex -42.06 -28.9068 5
      vertex -42.06 -28.9068 20
    endloop
  endfacet
  facet normal 0.737361 0.675499 0
    outer loop
      vertex -42.06 -28.9068 5
      vertex -41.7477 -29.2477 20
      vertex -41.7477 -29.2477 5
    endloop
  endfacet
  facet normal 0.793387 -0.608718 0
    outer loop
      vertex -42.3415 28.5399 20
      vertex -42.06 28.9068 5
      vertex -42.06 28.9068 20
    endloop
  endfacet
  facet normal 0.793387 -0.608718 0
    outer loop
      vertex -42.06 28.9068 5
      vertex -42.3415 28.5399 20
      vertex -42.3415 28.5399 5
    endloop
  endfacet
  facet normal -0.999045 0.0436906 0
    outer loop
      vertex 43.2798 -25.9619 5
      vertex 43.3 -25.5 20
      vertex 43.3 -25.5 5
    endloop
  endfacet
  facet normal -0.999045 0.0436906 0
    outer loop
      vertex 43.3 -25.5 20
      vertex 43.2798 -25.9619 5
      vertex 43.2798 -25.9619 20
    endloop
  endfacet
  facet normal 0.216495 -0.976284 0
    outer loop
      vertex -39.3717 30.6194 5
      vertex -38.9203 30.7195 20
      vertex -39.3717 30.6194 20
    endloop
  endfacet
  facet normal 0.216495 -0.976284 0
    outer loop
      vertex -38.9203 30.7195 20
      vertex -39.3717 30.6194 5
      vertex -38.9203 30.7195 5
    endloop
  endfacet
  facet normal 0.608718 0.793387 -0
    outer loop
      vertex -41.0399 -29.8415 5
      vertex -41.4068 -29.56 20
      vertex -41.0399 -29.8415 20
    endloop
  endfacet
  facet normal 0.608718 0.793387 0
    outer loop
      vertex -41.4068 -29.56 20
      vertex -41.0399 -29.8415 5
      vertex -41.4068 -29.56 5
    endloop
  endfacet
  facet normal 0.793387 0.608718 0
    outer loop
      vertex -42.06 -28.9068 20
      vertex -42.3415 -28.5399 5
      vertex -42.3415 -28.5399 20
    endloop
  endfacet
  facet normal 0.793387 0.608718 0
    outer loop
      vertex -42.3415 -28.5399 5
      vertex -42.06 -28.9068 20
      vertex -42.06 -28.9068 5
    endloop
  endfacet
  facet normal -0.737361 -0.675499 0
    outer loop
      vertex 42.06 28.9068 5
      vertex 41.7477 29.2477 20
      vertex 41.7477 29.2477 5
    endloop
  endfacet
  facet normal -0.737361 -0.675499 0
    outer loop
      vertex 41.7477 29.2477 20
      vertex 42.06 28.9068 5
      vertex 42.06 28.9068 20
    endloop
  endfacet
  facet normal 0.991459 0.130421 0
    outer loop
      vertex -43.2195 -26.4203 20
      vertex -43.2798 -25.9619 5
      vertex -43.2798 -25.9619 20
    endloop
  endfacet
  facet normal 0.991459 0.130421 0
    outer loop
      vertex -43.2798 -25.9619 5
      vertex -43.2195 -26.4203 20
      vertex -43.2195 -26.4203 5
    endloop
  endfacet
  facet normal -0.843385 0.537309 0
    outer loop
      vertex 42.3415 -28.5399 5
      vertex 42.5899 -28.15 20
      vertex 42.5899 -28.15 5
    endloop
  endfacet
  facet normal -0.843385 0.537309 0
    outer loop
      vertex 42.5899 -28.15 20
      vertex 42.3415 -28.5399 5
      vertex 42.3415 -28.5399 20
    endloop
  endfacet
  facet normal 0.737361 -0.675499 0
    outer loop
      vertex -42.06 28.9068 20
      vertex -41.7477 29.2477 5
      vertex -41.7477 29.2477 20
    endloop
  endfacet
  facet normal 0.737361 -0.675499 0
    outer loop
      vertex -41.7477 29.2477 5
      vertex -42.06 28.9068 20
      vertex -42.06 28.9068 5
    endloop
  endfacet
  facet normal 0.976284 0.216495 0
    outer loop
      vertex -43.1194 -26.8717 20
      vertex -43.2195 -26.4203 5
      vertex -43.2195 -26.4203 20
    endloop
  endfacet
  facet normal 0.976284 0.216495 0
    outer loop
      vertex -43.2195 -26.4203 5
      vertex -43.1194 -26.8717 20
      vertex -43.1194 -26.8717 5
    endloop
  endfacet
  facet normal 0.999045 0.0436906 0
    outer loop
      vertex -43.2798 -25.9619 20
      vertex -43.3 -25.5 5
      vertex -43.3 -25.5 20
    endloop
  endfacet
  facet normal 0.999045 0.0436906 0
    outer loop
      vertex -43.3 -25.5 5
      vertex -43.2798 -25.9619 20
      vertex -43.2798 -25.9619 5
    endloop
  endfacet
  facet normal 0.382772 -0.923843 0
    outer loop
      vertex -40.2399 30.3034 5
      vertex -39.8127 30.4804 20
      vertex -40.2399 30.3034 20
    endloop
  endfacet
  facet normal 0.382772 -0.923843 0
    outer loop
      vertex -39.8127 30.4804 20
      vertex -40.2399 30.3034 5
      vertex -39.8127 30.4804 5
    endloop
  endfacet
  facet normal 0.300614 0.953746 -0
    outer loop
      vertex -39.3717 -30.6194 5
      vertex -39.8127 -30.4804 20
      vertex -39.3717 -30.6194 20
    endloop
  endfacet
  facet normal 0.300614 0.953746 0
    outer loop
      vertex -39.8127 -30.4804 20
      vertex -39.3717 -30.6194 5
      vertex -39.8127 -30.4804 5
    endloop
  endfacet
  facet normal 0.382772 0.923843 -0
    outer loop
      vertex -39.8127 -30.4804 5
      vertex -40.2399 -30.3034 20
      vertex -39.8127 -30.4804 20
    endloop
  endfacet
  facet normal 0.382772 0.923843 0
    outer loop
      vertex -40.2399 -30.3034 20
      vertex -39.8127 -30.4804 5
      vertex -40.2399 -30.3034 5
    endloop
  endfacet
  facet normal 0.923843 -0.382772 0
    outer loop
      vertex -42.9804 27.3127 20
      vertex -42.8034 27.7399 5
      vertex -42.8034 27.7399 20
    endloop
  endfacet
  facet normal 0.923843 -0.382772 0
    outer loop
      vertex -42.8034 27.7399 5
      vertex -42.9804 27.3127 20
      vertex -42.9804 27.3127 5
    endloop
  endfacet
  facet normal 0.0436906 -0.999045 0
    outer loop
      vertex -38.4619 30.7798 5
      vertex -38 30.8 20
      vertex -38.4619 30.7798 20
    endloop
  endfacet
  facet normal 0.0436906 -0.999045 0
    outer loop
      vertex -38 30.8 20
      vertex -38.4619 30.7798 5
      vertex -38 30.8 5
    endloop
  endfacet
  facet normal -0.130421 0.991459 0
    outer loop
      vertex 38.9203 -30.7195 5
      vertex 38.4619 -30.7798 20
      vertex 38.9203 -30.7195 20
    endloop
  endfacet
  facet normal -0.130421 0.991459 0
    outer loop
      vertex 38.4619 -30.7798 20
      vertex 38.9203 -30.7195 5
      vertex 38.4619 -30.7798 5
    endloop
  endfacet
  facet normal -0.608718 -0.793387 0
    outer loop
      vertex 41.0399 29.8415 5
      vertex 41.4068 29.56 20
      vertex 41.0399 29.8415 20
    endloop
  endfacet
  facet normal -0.608718 -0.793387 -0
    outer loop
      vertex 41.4068 29.56 20
      vertex 41.0399 29.8415 5
      vertex 41.4068 29.56 5
    endloop
  endfacet
  facet normal 0.300614 -0.953746 0
    outer loop
      vertex -39.8127 30.4804 5
      vertex -39.3717 30.6194 20
      vertex -39.8127 30.4804 20
    endloop
  endfacet
  facet normal 0.300614 -0.953746 0
    outer loop
      vertex -39.3717 30.6194 20
      vertex -39.8127 30.4804 5
      vertex -39.3717 30.6194 5
    endloop
  endfacet
  facet normal 0.843385 0.537309 0
    outer loop
      vertex -42.3415 -28.5399 20
      vertex -42.5899 -28.15 5
      vertex -42.5899 -28.15 20
    endloop
  endfacet
  facet normal 0.843385 0.537309 0
    outer loop
      vertex -42.5899 -28.15 5
      vertex -42.3415 -28.5399 20
      vertex -42.3415 -28.5399 5
    endloop
  endfacet
  facet normal 0.886997 -0.461775 0
    outer loop
      vertex -42.8034 27.7399 20
      vertex -42.5899 28.15 5
      vertex -42.5899 28.15 20
    endloop
  endfacet
  facet normal 0.886997 -0.461775 0
    outer loop
      vertex -42.5899 28.15 5
      vertex -42.8034 27.7399 20
      vertex -42.8034 27.7399 5
    endloop
  endfacet
  facet normal -0.537309 -0.843385 0
    outer loop
      vertex 40.65 30.0899 5
      vertex 41.0399 29.8415 20
      vertex 40.65 30.0899 20
    endloop
  endfacet
  facet normal -0.537309 -0.843385 -0
    outer loop
      vertex 41.0399 29.8415 20
      vertex 40.65 30.0899 5
      vertex 41.0399 29.8415 5
    endloop
  endfacet
  facet normal -0.953746 -0.300614 0
    outer loop
      vertex 43.1194 26.8717 5
      vertex 42.9804 27.3127 20
      vertex 42.9804 27.3127 5
    endloop
  endfacet
  facet normal -0.953746 -0.300614 0
    outer loop
      vertex 42.9804 27.3127 20
      vertex 43.1194 26.8717 5
      vertex 43.1194 26.8717 20
    endloop
  endfacet
  facet normal -0.300614 -0.953746 0
    outer loop
      vertex 39.3717 30.6194 5
      vertex 39.8127 30.4804 20
      vertex 39.3717 30.6194 20
    endloop
  endfacet
  facet normal -0.300614 -0.953746 -0
    outer loop
      vertex 39.8127 30.4804 20
      vertex 39.3717 30.6194 5
      vertex 39.8127 30.4804 5
    endloop
  endfacet
  facet normal -0.608718 0.793387 0
    outer loop
      vertex 41.4068 -29.56 5
      vertex 41.0399 -29.8415 20
      vertex 41.4068 -29.56 20
    endloop
  endfacet
  facet normal -0.608718 0.793387 0
    outer loop
      vertex 41.0399 -29.8415 20
      vertex 41.4068 -29.56 5
      vertex 41.0399 -29.8415 5
    endloop
  endfacet
  facet normal 0.216495 0.976284 -0
    outer loop
      vertex -38.9203 -30.7195 5
      vertex -39.3717 -30.6194 20
      vertex -38.9203 -30.7195 20
    endloop
  endfacet
  facet normal 0.216495 0.976284 0
    outer loop
      vertex -39.3717 -30.6194 20
      vertex -38.9203 -30.7195 5
      vertex -39.3717 -30.6194 5
    endloop
  endfacet
  facet normal 0.953746 0.300614 0
    outer loop
      vertex -42.9804 -27.3127 20
      vertex -43.1194 -26.8717 5
      vertex -43.1194 -26.8717 20
    endloop
  endfacet
  facet normal 0.953746 0.300614 0
    outer loop
      vertex -43.1194 -26.8717 5
      vertex -42.9804 -27.3127 20
      vertex -42.9804 -27.3127 5
    endloop
  endfacet
  facet normal -0.737361 0.675499 0
    outer loop
      vertex 41.7477 -29.2477 5
      vertex 42.06 -28.9068 20
      vertex 42.06 -28.9068 5
    endloop
  endfacet
  facet normal -0.737361 0.675499 0
    outer loop
      vertex 42.06 -28.9068 20
      vertex 41.7477 -29.2477 5
      vertex 41.7477 -29.2477 20
    endloop
  endfacet
  facet normal -0.382772 0.923843 0
    outer loop
      vertex 40.2399 -30.3034 5
      vertex 39.8127 -30.4804 20
      vertex 40.2399 -30.3034 20
    endloop
  endfacet
  facet normal -0.382772 0.923843 0
    outer loop
      vertex 39.8127 -30.4804 20
      vertex 40.2399 -30.3034 5
      vertex 39.8127 -30.4804 5
    endloop
  endfacet
  facet normal -0.976284 -0.216495 0
    outer loop
      vertex 43.2195 26.4203 5
      vertex 43.1194 26.8717 20
      vertex 43.1194 26.8717 5
    endloop
  endfacet
  facet normal -0.976284 -0.216495 0
    outer loop
      vertex 43.1194 26.8717 20
      vertex 43.2195 26.4203 5
      vertex 43.2195 26.4203 20
    endloop
  endfacet
  facet normal -0.991459 0.130421 0
    outer loop
      vertex 43.2195 -26.4203 5
      vertex 43.2798 -25.9619 20
      vertex 43.2798 -25.9619 5
    endloop
  endfacet
  facet normal -0.991459 0.130421 0
    outer loop
      vertex 43.2798 -25.9619 20
      vertex 43.2195 -26.4203 5
      vertex 43.2195 -26.4203 20
    endloop
  endfacet
  facet normal -0.300614 0.953746 0
    outer loop
      vertex 39.8127 -30.4804 5
      vertex 39.3717 -30.6194 20
      vertex 39.8127 -30.4804 20
    endloop
  endfacet
  facet normal -0.300614 0.953746 0
    outer loop
      vertex 39.3717 -30.6194 20
      vertex 39.8127 -30.4804 5
      vertex 39.3717 -30.6194 5
    endloop
  endfacet
  facet normal -0.886997 -0.461775 0
    outer loop
      vertex 42.8034 27.7399 5
      vertex 42.5899 28.15 20
      vertex 42.5899 28.15 5
    endloop
  endfacet
  facet normal -0.886997 -0.461775 0
    outer loop
      vertex 42.5899 28.15 20
      vertex 42.8034 27.7399 5
      vertex 42.8034 27.7399 20
    endloop
  endfacet
  facet normal 0.976284 -0.216495 0
    outer loop
      vertex -43.2195 26.4203 20
      vertex -43.1194 26.8717 5
      vertex -43.1194 26.8717 20
    endloop
  endfacet
  facet normal 0.976284 -0.216495 0
    outer loop
      vertex -43.1194 26.8717 5
      vertex -43.2195 26.4203 20
      vertex -43.2195 26.4203 5
    endloop
  endfacet
  facet normal 0.923843 0.382772 0
    outer loop
      vertex -42.8034 -27.7399 20
      vertex -42.9804 -27.3127 5
      vertex -42.9804 -27.3127 20
    endloop
  endfacet
  facet normal 0.923843 0.382772 0
    outer loop
      vertex -42.9804 -27.3127 5
      vertex -42.8034 -27.7399 20
      vertex -42.8034 -27.7399 5
    endloop
  endfacet
  facet normal -0.886997 0.461775 0
    outer loop
      vertex 42.5899 -28.15 5
      vertex 42.8034 -27.7399 20
      vertex 42.8034 -27.7399 5
    endloop
  endfacet
  facet normal -0.886997 0.461775 0
    outer loop
      vertex 42.8034 -27.7399 20
      vertex 42.5899 -28.15 5
      vertex 42.5899 -28.15 20
    endloop
  endfacet
  facet normal -0.0436906 0.999045 0
    outer loop
      vertex 38.4619 -30.7798 5
      vertex 38 -30.8 20
      vertex 38.4619 -30.7798 20
    endloop
  endfacet
  facet normal -0.0436906 0.999045 0
    outer loop
      vertex 38 -30.8 20
      vertex 38.4619 -30.7798 5
      vertex 38 -30.8 5
    endloop
  endfacet
  facet normal 0.675499 0.737361 -0
    outer loop
      vertex -41.4068 -29.56 5
      vertex -41.7477 -29.2477 20
      vertex -41.4068 -29.56 20
    endloop
  endfacet
  facet normal 0.675499 0.737361 0
    outer loop
      vertex -41.7477 -29.2477 20
      vertex -41.4068 -29.56 5
      vertex -41.7477 -29.2477 5
    endloop
  endfacet
  facet normal -0.793387 -0.608718 0
    outer loop
      vertex 42.3415 28.5399 5
      vertex 42.06 28.9068 20
      vertex 42.06 28.9068 5
    endloop
  endfacet
  facet normal -0.793387 -0.608718 0
    outer loop
      vertex 42.06 28.9068 20
      vertex 42.3415 28.5399 5
      vertex 42.3415 28.5399 20
    endloop
  endfacet
  facet normal -0.991459 -0.130421 0
    outer loop
      vertex 43.2798 25.9619 5
      vertex 43.2195 26.4203 20
      vertex 43.2195 26.4203 5
    endloop
  endfacet
  facet normal -0.991459 -0.130421 0
    outer loop
      vertex 43.2195 26.4203 20
      vertex 43.2798 25.9619 5
      vertex 43.2798 25.9619 20
    endloop
  endfacet
  facet normal 0.675499 -0.737361 0
    outer loop
      vertex -41.7477 29.2477 5
      vertex -41.4068 29.56 20
      vertex -41.7477 29.2477 20
    endloop
  endfacet
  facet normal 0.675499 -0.737361 0
    outer loop
      vertex -41.4068 29.56 20
      vertex -41.7477 29.2477 5
      vertex -41.4068 29.56 5
    endloop
  endfacet
  facet normal -0.461775 -0.886997 0
    outer loop
      vertex 40.2399 30.3034 5
      vertex 40.65 30.0899 20
      vertex 40.2399 30.3034 20
    endloop
  endfacet
  facet normal -0.461775 -0.886997 -0
    outer loop
      vertex 40.65 30.0899 20
      vertex 40.2399 30.3034 5
      vertex 40.65 30.0899 5
    endloop
  endfacet
  facet normal -0.999045 -0.0436906 0
    outer loop
      vertex 43.3 25.5 5
      vertex 43.2798 25.9619 20
      vertex 43.2798 25.9619 5
    endloop
  endfacet
  facet normal -0.999045 -0.0436906 0
    outer loop
      vertex 43.2798 25.9619 20
      vertex 43.3 25.5 5
      vertex 43.3 25.5 20
    endloop
  endfacet
  facet normal -0.793387 0.608718 0
    outer loop
      vertex 42.06 -28.9068 5
      vertex 42.3415 -28.5399 20
      vertex 42.3415 -28.5399 5
    endloop
  endfacet
  facet normal -0.793387 0.608718 0
    outer loop
      vertex 42.3415 -28.5399 20
      vertex 42.06 -28.9068 5
      vertex 42.06 -28.9068 20
    endloop
  endfacet
  facet normal 0.953746 -0.300614 0
    outer loop
      vertex -43.1194 26.8717 20
      vertex -42.9804 27.3127 5
      vertex -42.9804 27.3127 20
    endloop
  endfacet
  facet normal 0.953746 -0.300614 0
    outer loop
      vertex -42.9804 27.3127 5
      vertex -43.1194 26.8717 20
      vertex -43.1194 26.8717 5
    endloop
  endfacet
  facet normal -0.216495 0.976284 0
    outer loop
      vertex 39.3717 -30.6194 5
      vertex 38.9203 -30.7195 20
      vertex 39.3717 -30.6194 20
    endloop
  endfacet
  facet normal -0.216495 0.976284 0
    outer loop
      vertex 38.9203 -30.7195 20
      vertex 39.3717 -30.6194 5
      vertex 38.9203 -30.7195 5
    endloop
  endfacet
  facet normal -0.675499 -0.737361 0
    outer loop
      vertex 41.4068 29.56 5
      vertex 41.7477 29.2477 20
      vertex 41.4068 29.56 20
    endloop
  endfacet
  facet normal -0.675499 -0.737361 -0
    outer loop
      vertex 41.7477 29.2477 20
      vertex 41.4068 29.56 5
      vertex 41.7477 29.2477 5
    endloop
  endfacet
  facet normal -0.923843 0.382772 0
    outer loop
      vertex 42.8034 -27.7399 5
      vertex 42.9804 -27.3127 20
      vertex 42.9804 -27.3127 5
    endloop
  endfacet
  facet normal -0.923843 0.382772 0
    outer loop
      vertex 42.9804 -27.3127 20
      vertex 42.8034 -27.7399 5
      vertex 42.8034 -27.7399 20
    endloop
  endfacet
  facet normal -0.953746 0.300614 0
    outer loop
      vertex 42.9804 -27.3127 5
      vertex 43.1194 -26.8717 20
      vertex 43.1194 -26.8717 5
    endloop
  endfacet
  facet normal -0.953746 0.300614 0
    outer loop
      vertex 43.1194 -26.8717 20
      vertex 42.9804 -27.3127 5
      vertex 42.9804 -27.3127 20
    endloop
  endfacet
  facet normal 0.991459 -0.130421 0
    outer loop
      vertex -43.2798 25.9619 20
      vertex -43.2195 26.4203 5
      vertex -43.2195 26.4203 20
    endloop
  endfacet
  facet normal 0.991459 -0.130421 0
    outer loop
      vertex -43.2195 26.4203 5
      vertex -43.2798 25.9619 20
      vertex -43.2798 25.9619 5
    endloop
  endfacet
  facet normal 0.999045 -0.0436906 0
    outer loop
      vertex -43.3 25.5 20
      vertex -43.2798 25.9619 5
      vertex -43.2798 25.9619 20
    endloop
  endfacet
  facet normal 0.999045 -0.0436906 0
    outer loop
      vertex -43.2798 25.9619 5
      vertex -43.3 25.5 20
      vertex -43.3 25.5 5
    endloop
  endfacet
  facet normal -0.537309 0.843385 0
    outer loop
      vertex 41.0399 -29.8415 5
      vertex 40.65 -30.0899 20
      vertex 41.0399 -29.8415 20
    endloop
  endfacet
  facet normal -0.537309 0.843385 0
    outer loop
      vertex 40.65 -30.0899 20
      vertex 41.0399 -29.8415 5
      vertex 40.65 -30.0899 5
    endloop
  endfacet
  facet normal -0.843385 -0.537309 0
    outer loop
      vertex 42.5899 28.15 5
      vertex 42.3415 28.5399 20
      vertex 42.3415 28.5399 5
    endloop
  endfacet
  facet normal -0.843385 -0.537309 0
    outer loop
      vertex 42.3415 28.5399 20
      vertex 42.5899 28.15 5
      vertex 42.5899 28.15 20
    endloop
  endfacet
  facet normal 0 0 -1
    outer loop
      vertex 38 -33.8 0
      vertex 46.3 -25.5 0
      vertex 46.2684 -26.2234 0
    endloop
  endfacet
  facet normal 0 0 -1
    outer loop
      vertex 46.3 -25.5 0
      vertex 14.7142 20.7858 0
      vertex 46.3 25.5 0
    endloop
  endfacet
  facet normal 0 0 -1
    outer loop
      vertex 38 -33.8 0
      vertex 46.2684 -26.2234 0
      vertex 46.1739 -26.9413 0
    endloop
  endfacet
  facet normal 0 -0 -1
    outer loop
      vertex 14.8321 20.9144 0
      vertex 46.3 25.5 0
      vertex 14.7142 20.7858 0
    endloop
  endfacet
  facet normal 0 0 -1
    outer loop
      vertex 38 -33.8 0
      vertex 46.1739 -26.9413 0
      vertex 46.0172 -27.6482 0
    endloop
  endfacet
  facet normal 0 -0 -1
    outer loop
      vertex 14.9383 21.0529 0
      vertex 46.3 25.5 0
      vertex 14.8321 20.9144 0
    endloop
  endfacet
  facet normal 0 0 -1
    outer loop
      vertex 38 -33.8 0
      vertex 46.0172 -27.6482 0
      vertex 45.7995 -28.3387 0
    endloop
  endfacet
  facet normal 0 -0 -1
    outer loop
      vertex 15.032 21.2 0
      vertex 46.3 25.5 0
      vertex 14.9383 21.0529 0
    endloop
  endfacet
  facet normal 0 0 -1
    outer loop
      vertex 38 -33.8 0
      vertex 45.7995 -28.3387 0
      vertex 45.5224 -29.0077 0
    endloop
  endfacet
  facet normal 0 -0 -1
    outer loop
      vertex 15.1126 21.3548 0
      vertex 46.3 25.5 0
      vertex 15.032 21.2 0
    endloop
  endfacet
  facet normal 0 0 -1
    outer loop
      vertex 38 -33.8 0
      vertex 45.5224 -29.0077 0
      vertex 45.188 -29.65 0
    endloop
  endfacet
  facet normal 0 -0 -1
    outer loop
      vertex 15.1794 21.516 0
      vertex 46.3 25.5 0
      vertex 15.1126 21.3548 0
    endloop
  endfacet
  facet normal 0 0 -1
    outer loop
      vertex 38 -33.8 0
      vertex 45.188 -29.65 0
      vertex 44.799 -30.2607 0
    endloop
  endfacet
  facet normal 0 -0 -1
    outer loop
      vertex 15.2696 21.8527 0
      vertex 46.3 25.5 0
      vertex 15.2318 21.6824 0
    endloop
  endfacet
  facet normal 0 0 -1
    outer loop
      vertex 38 -33.8 0
      vertex 44.799 -30.2607 0
      vertex 44.3582 -30.8351 0
    endloop
  endfacet
  facet normal 0 -0 -1
    outer loop
      vertex 38 33.8 0
      vertex 46.3 25.5 0
      vertex 15.2696 21.8527 0
    endloop
  endfacet
  facet normal 0 0 -1
    outer loop
      vertex 38 -33.8 0
      vertex 44.3582 -30.8351 0
      vertex 43.869 -31.369 0
    endloop
  endfacet
  facet normal 0 0 -1
    outer loop
      vertex 46.2684 26.2234 0
      vertex 38 33.8 0
      vertex 46.1739 26.9413 0
    endloop
  endfacet
  facet normal 0 0 -1
    outer loop
      vertex 38 -33.8 0
      vertex 43.869 -31.369 0
      vertex 43.3351 -31.8582 0
    endloop
  endfacet
  facet normal 0 0 -1
    outer loop
      vertex 46.1739 26.9413 0
      vertex 38 33.8 0
      vertex 46.0172 27.6482 0
    endloop
  endfacet
  facet normal 0 0 -1
    outer loop
      vertex 38 -33.8 0
      vertex 43.3351 -31.8582 0
      vertex 42.7607 -32.299 0
    endloop
  endfacet
  facet normal 0 0 -1
    outer loop
      vertex 46.0172 27.6482 0
      vertex 38 33.8 0
      vertex 45.7995 28.3387 0
    endloop
  endfacet
  facet normal 0 0 -1
    outer loop
      vertex 38 -33.8 0
      vertex 42.7607 -32.299 0
      vertex 42.15 -32.688 0
    endloop
  endfacet
  facet normal 0 0 -1
    outer loop
      vertex 45.7995 28.3387 0
      vertex 38 33.8 0
      vertex 45.5224 29.0077 0
    endloop
  endfacet
  facet normal 0 0 -1
    outer loop
      vertex 38 -33.8 0
      vertex 42.15 -32.688 0
      vertex 41.5077 -33.0223 0
    endloop
  endfacet
  facet normal 0 0 -1
    outer loop
      vertex 45.188 29.65 0
      vertex 38 33.8 0
      vertex 44.799 30.2607 0
    endloop
  endfacet
  facet normal 0 0 -1
    outer loop
      vertex 38 -33.8 0
      vertex 41.5077 -33.0223 0
      vertex 40.8388 -33.2994 0
    endloop
  endfacet
  facet normal 0 0 -1
    outer loop
      vertex 44.799 30.2607 0
      vertex 38 33.8 0
      vertex 44.3582 30.8351 0
    endloop
  endfacet
  facet normal 0 0 -1
    outer loop
      vertex 38 -33.8 0
      vertex 40.8388 -33.2994 0
      vertex 40.1482 -33.5172 0
    endloop
  endfacet
  facet normal 0 0 -1
    outer loop
      vertex 44.3582 30.8351 0
      vertex 38 33.8 0
      vertex 43.869 31.369 0
    endloop
  endfacet
  facet normal 0 0 -1
    outer loop
      vertex 38 -33.8 0
      vertex 40.1482 -33.5172 0
      vertex 39.4413 -33.6739 0
    endloop
  endfacet
  facet normal 0 0 -1
    outer loop
      vertex 43.3351 31.8582 0
      vertex 38 33.8 0
      vertex 42.7607 32.299 0
    endloop
  endfacet
  facet normal 0 0 -1
    outer loop
      vertex 38 -33.8 0
      vertex 39.4413 -33.6739 0
      vertex 38.7234 -33.7684 0
    endloop
  endfacet
  facet normal 0 0 -1
    outer loop
      vertex 42.7607 32.299 0
      vertex 38 33.8 0
      vertex 42.15 32.688 0
    endloop
  endfacet
  facet normal -0 0 -1
    outer loop
      vertex 46.3 -25.5 0
      vertex 38 -33.8 0
      vertex 13.8176 20.2682 0
    endloop
  endfacet
  facet normal 0 0 -1
    outer loop
      vertex 42.15 32.688 0
      vertex 38 33.8 0
      vertex 41.5077 33.0223 0
    endloop
  endfacet
  facet normal 0 0 -1
    outer loop
      vertex 40.8388 33.2994 0
      vertex 38 33.8 0
      vertex 40.1482 33.5172 0
    endloop
  endfacet
  facet normal 0 0 -1
    outer loop
      vertex 38 33.8 0
      vertex 15.2924 22.0257 0
      vertex 15.3 22.2 0
    endloop
  endfacet
  facet normal 0 0 -1
    outer loop
      vertex 38 33.8 0
      vertex 15.2696 21.8527 0
      vertex 15.2924 22.0257 0
    endloop
  endfacet
  facet normal 0 0 -1
    outer loop
      vertex 46.3 25.5 0
      vertex 38 33.8 0
      vertex 46.2684 26.2234 0
    endloop
  endfacet
  facet normal 0 0 -1
    outer loop
      vertex 45.5224 29.0077 0
      vertex 38 33.8 0
      vertex 45.188 29.65 0
    endloop
  endfacet
  facet normal 0 0 -1
    outer loop
      vertex 43.869 31.369 0
      vertex 38 33.8 0
      vertex 43.3351 31.8582 0
    endloop
  endfacet
  facet normal 0 0 -1
    outer loop
      vertex 41.5077 33.0223 0
      vertex 38 33.8 0
      vertex 40.8388 33.2994 0
    endloop
  endfacet
  facet normal 0 0 -1
    outer loop
      vertex 39.4413 33.6739 0
      vertex 38 33.8 0
      vertex 38.7234 33.7684 0
    endloop
  endfacet
  facet normal 0 0 -1
    outer loop
      vertex 40.1482 33.5172 0
      vertex 38 33.8 0
      vertex 39.4413 33.6739 0
    endloop
  endfacet
  facet normal 0 -0 -1
    outer loop
      vertex 15.2318 21.6824 0
      vertex 46.3 25.5 0
      vertex 15.1794 21.516 0
    endloop
  endfacet
  facet normal 0 0 -1
    outer loop
      vertex 46.3 -25.5 0
      vertex 14.5856 20.6679 0
      vertex 14.7142 20.7858 0
    endloop
  endfacet
  facet normal 0 0 -1
    outer loop
      vertex 46.3 -25.5 0
      vertex 14.4471 20.5617 0
      vertex 14.5856 20.6679 0
    endloop
  endfacet
  facet normal 0 0 -1
    outer loop
      vertex 46.3 -25.5 0
      vertex 14.3 20.468 0
      vertex 14.4471 20.5617 0
    endloop
  endfacet
  facet normal 0 0 -1
    outer loop
      vertex 46.3 -25.5 0
      vertex 14.1452 20.3874 0
      vertex 14.3 20.468 0
    endloop
  endfacet
  facet normal 0 0 -1
    outer loop
      vertex 46.3 -25.5 0
      vertex 13.984 20.3206 0
      vertex 14.1452 20.3874 0
    endloop
  endfacet
  facet normal 0 0 -1
    outer loop
      vertex 46.3 -25.5 0
      vertex 13.8176 20.2682 0
      vertex 13.984 20.3206 0
    endloop
  endfacet
  facet normal 0 0 -1
    outer loop
      vertex 38 -33.8 0
      vertex 13.6473 20.2304 0
      vertex 13.8176 20.2682 0
    endloop
  endfacet
  facet normal 0 0 -1
    outer loop
      vertex 38 -33.8 0
      vertex 13.4743 20.2076 0
      vertex 13.6473 20.2304 0
    endloop
  endfacet
  facet normal 0 0 -1
    outer loop
      vertex 38 -33.8 0
      vertex 13.3 20.2 0
      vertex 13.4743 20.2076 0
    endloop
  endfacet
  facet normal 0 0 -1
    outer loop
      vertex 38 -33.8 0
      vertex -13.3 20.2 0
      vertex 13.3 20.2 0
    endloop
  endfacet
  facet normal 0 0 -1
    outer loop
      vertex -38 -33.8 0
      vertex -13.3 20.2 0
      vertex 38 -33.8 0
    endloop
  endfacet
  facet normal -0 0 -1
    outer loop
      vertex -13.3 20.2 0
      vertex -38 -33.8 0
      vertex -13.4743 20.2076 0
    endloop
  endfacet
  facet normal -0 0 -1
    outer loop
      vertex -13.4743 20.2076 0
      vertex -38 -33.8 0
      vertex -13.6473 20.2304 0
    endloop
  endfacet
  facet normal -0 0 -1
    outer loop
      vertex -13.6473 20.2304 0
      vertex -38 -33.8 0
      vertex -13.8176 20.2682 0
    endloop
  endfacet
  facet normal 0 0 -1
    outer loop
      vertex -46.3 -25.5 0
      vertex -13.8176 20.2682 0
      vertex -38 -33.8 0
    endloop
  endfacet
  facet normal -0 0 -1
    outer loop
      vertex -13.8176 20.2682 0
      vertex -46.3 -25.5 0
      vertex -13.984 20.3206 0
    endloop
  endfacet
  facet normal -0 0 -1
    outer loop
      vertex -13.984 20.3206 0
      vertex -46.3 -25.5 0
      vertex -14.1452 20.3874 0
    endloop
  endfacet
  facet normal -0 0 -1
    outer loop
      vertex -14.1452 20.3874 0
      vertex -46.3 -25.5 0
      vertex -14.3 20.468 0
    endloop
  endfacet
  facet normal -0 0 -1
    outer loop
      vertex -14.3 20.468 0
      vertex -46.3 -25.5 0
      vertex -14.4471 20.5617 0
    endloop
  endfacet
  facet normal 0 -0 -1
    outer loop
      vertex -38 33.8 0
      vertex -15.2696 21.8527 0
      vertex -46.3 25.5 0
    endloop
  endfacet
  facet normal 0 0 -1
    outer loop
      vertex -15.2318 21.6824 0
      vertex -46.3 25.5 0
      vertex -15.2696 21.8527 0
    endloop
  endfacet
  facet normal 0 0 -1
    outer loop
      vertex -15.1794 21.516 0
      vertex -46.3 25.5 0
      vertex -15.2318 21.6824 0
    endloop
  endfacet
  facet normal 0 0 -1
    outer loop
      vertex -15.1126 21.3548 0
      vertex -46.3 25.5 0
      vertex -15.1794 21.516 0
    endloop
  endfacet
  facet normal 0 0 -1
    outer loop
      vertex -15.032 21.2 0
      vertex -46.3 25.5 0
      vertex -15.1126 21.3548 0
    endloop
  endfacet
  facet normal 0 0 -1
    outer loop
      vertex -14.9383 21.0529 0
      vertex -46.3 25.5 0
      vertex -15.032 21.2 0
    endloop
  endfacet
  facet normal 0 0 -1
    outer loop
      vertex -14.8321 20.9144 0
      vertex -46.3 25.5 0
      vertex -14.9383 21.0529 0
    endloop
  endfacet
  facet normal 0 0 -1
    outer loop
      vertex -14.7142 20.7858 0
      vertex -46.3 25.5 0
      vertex -14.8321 20.9144 0
    endloop
  endfacet
  facet normal 0 0 -1
    outer loop
      vertex -46.3 25.5 0
      vertex -14.7142 20.7858 0
      vertex -46.3 -25.5 0
    endloop
  endfacet
  facet normal -0 0 -1
    outer loop
      vertex -14.5856 20.6679 0
      vertex -46.3 -25.5 0
      vertex -14.7142 20.7858 0
    endloop
  endfacet
  facet normal -0 0 -1
    outer loop
      vertex -14.4471 20.5617 0
      vertex -46.3 -25.5 0
      vertex -14.5856 20.6679 0
    endloop
  endfacet
  facet normal 0 0 -1
    outer loop
      vertex 15.3 28.8 0
      vertex 38 33.8 0
      vertex 15.3 22.2 0
    endloop
  endfacet
  facet normal 0 0 -1
    outer loop
      vertex 15.2924 28.9743 0
      vertex 38 33.8 0
      vertex 15.3 28.8 0
    endloop
  endfacet
  facet normal 0 0 -1
    outer loop
      vertex 15.2696 29.1473 0
      vertex 38 33.8 0
      vertex 15.2924 28.9743 0
    endloop
  endfacet
  facet normal 0 0 -1
    outer loop
      vertex 15.2318 29.3176 0
      vertex 38 33.8 0
      vertex 15.2696 29.1473 0
    endloop
  endfacet
  facet normal 0 0 -1
    outer loop
      vertex 15.1794 29.484 0
      vertex 38 33.8 0
      vertex 15.2318 29.3176 0
    endloop
  endfacet
  facet normal 0 0 -1
    outer loop
      vertex 15.1126 29.6452 0
      vertex 38 33.8 0
      vertex 15.1794 29.484 0
    endloop
  endfacet
  facet normal 0 0 -1
    outer loop
      vertex 15.032 29.8 0
      vertex 38 33.8 0
      vertex 15.1126 29.6452 0
    endloop
  endfacet
  facet normal 0 0 -1
    outer loop
      vertex 14.9383 29.9471 0
      vertex 38 33.8 0
      vertex 15.032 29.8 0
    endloop
  endfacet
  facet normal 0 0 -1
    outer loop
      vertex 14.8321 30.0856 0
      vertex 38 33.8 0
      vertex 14.9383 29.9471 0
    endloop
  endfacet
  facet normal 0 0 -1
    outer loop
      vertex 14.7142 30.2142 0
      vertex 38 33.8 0
      vertex 14.8321 30.0856 0
    endloop
  endfacet
  facet normal 0 0 -1
    outer loop
      vertex 14.5856 30.3321 0
      vertex 38 33.8 0
      vertex 14.7142 30.2142 0
    endloop
  endfacet
  facet normal 0 0 -1
    outer loop
      vertex 14.4471 30.4383 0
      vertex 38 33.8 0
      vertex 14.5856 30.3321 0
    endloop
  endfacet
  facet normal 0 0 -1
    outer loop
      vertex 14.3 30.532 0
      vertex 38 33.8 0
      vertex 14.4471 30.4383 0
    endloop
  endfacet
  facet normal 0 0 -1
    outer loop
      vertex 14.1452 30.6126 0
      vertex 38 33.8 0
      vertex 14.3 30.532 0
    endloop
  endfacet
  facet normal 0 0 -1
    outer loop
      vertex 13.984 30.6794 0
      vertex 38 33.8 0
      vertex 14.1452 30.6126 0
    endloop
  endfacet
  facet normal 0 0 -1
    outer loop
      vertex 13.8176 30.7318 0
      vertex 38 33.8 0
      vertex 13.984 30.6794 0
    endloop
  endfacet
  facet normal 0 0 -1
    outer loop
      vertex 13.6473 30.7696 0
      vertex 38 33.8 0
      vertex 13.8176 30.7318 0
    endloop
  endfacet
  facet normal 0 0 -1
    outer loop
      vertex 13.4743 30.7924 0
      vertex 38 33.8 0
      vertex 13.6473 30.7696 0
    endloop
  endfacet
  facet normal 0 0 -1
    outer loop
      vertex 13.3 30.8 0
      vertex 38 33.8 0
      vertex 13.4743 30.7924 0
    endloop
  endfacet
  facet normal 0 0 -1
    outer loop
      vertex -13.3 30.8 0
      vertex 38 33.8 0
      vertex 13.3 30.8 0
    endloop
  endfacet
  facet normal 0 0 -1
    outer loop
      vertex -38 33.8 0
      vertex -13.3 30.8 0
      vertex -13.4743 30.7924 0
    endloop
  endfacet
  facet normal 0 0 -1
    outer loop
      vertex -15.2696 21.8527 0
      vertex -38 33.8 0
      vertex -15.2924 22.0257 0
    endloop
  endfacet
  facet normal 0 0 -1
    outer loop
      vertex -15.2924 22.0257 0
      vertex -38 33.8 0
      vertex -15.3 22.2 0
    endloop
  endfacet
  facet normal 0 0 -1
    outer loop
      vertex -15.3 22.2 0
      vertex -38 33.8 0
      vertex -15.3 28.8 0
    endloop
  endfacet
  facet normal 0 0 -1
    outer loop
      vertex -15.3 28.8 0
      vertex -38 33.8 0
      vertex -15.2924 28.9743 0
    endloop
  endfacet
  facet normal 0 0 -1
    outer loop
      vertex -13.3 30.8 0
      vertex -38 33.8 0
      vertex 38 33.8 0
    endloop
  endfacet
  facet normal 0 0 -1
    outer loop
      vertex -13.6473 30.7696 0
      vertex -38 33.8 0
      vertex -13.4743 30.7924 0
    endloop
  endfacet
  facet normal 0 0 -1
    outer loop
      vertex -13.8176 30.7318 0
      vertex -38 33.8 0
      vertex -13.6473 30.7696 0
    endloop
  endfacet
  facet normal 0 0 -1
    outer loop
      vertex -13.984 30.6794 0
      vertex -38 33.8 0
      vertex -13.8176 30.7318 0
    endloop
  endfacet
  facet normal 0 0 -1
    outer loop
      vertex -14.1452 30.6126 0
      vertex -38 33.8 0
      vertex -13.984 30.6794 0
    endloop
  endfacet
  facet normal 0 0 -1
    outer loop
      vertex -14.3 30.532 0
      vertex -38 33.8 0
      vertex -14.1452 30.6126 0
    endloop
  endfacet
  facet normal 0 0 -1
    outer loop
      vertex -14.4471 30.4383 0
      vertex -38 33.8 0
      vertex -14.3 30.532 0
    endloop
  endfacet
  facet normal 0 0 -1
    outer loop
      vertex -14.5856 30.3321 0
      vertex -38 33.8 0
      vertex -14.4471 30.4383 0
    endloop
  endfacet
  facet normal 0 0 -1
    outer loop
      vertex -14.7142 30.2142 0
      vertex -38 33.8 0
      vertex -14.5856 30.3321 0
    endloop
  endfacet
  facet normal 0 0 -1
    outer loop
      vertex -14.8321 30.0856 0
      vertex -38 33.8 0
      vertex -14.7142 30.2142 0
    endloop
  endfacet
  facet normal 0 0 -1
    outer loop
      vertex -14.9383 29.9471 0
      vertex -38 33.8 0
      vertex -14.8321 30.0856 0
    endloop
  endfacet
  facet normal 0 0 -1
    outer loop
      vertex -15.032 29.8 0
      vertex -38 33.8 0
      vertex -14.9383 29.9471 0
    endloop
  endfacet
  facet normal 0 0 -1
    outer loop
      vertex -15.1126 29.6452 0
      vertex -38 33.8 0
      vertex -15.032 29.8 0
    endloop
  endfacet
  facet normal 0 0 -1
    outer loop
      vertex -15.1794 29.484 0
      vertex -38 33.8 0
      vertex -15.1126 29.6452 0
    endloop
  endfacet
  facet normal 0 0 -1
    outer loop
      vertex -15.2924 28.9743 0
      vertex -38 33.8 0
      vertex -15.2696 29.1473 0
    endloop
  endfacet
  facet normal 0 0 -1
    outer loop
      vertex -46.3 -25.5 0
      vertex -38 -33.8 0
      vertex -38.7234 -33.7684 0
    endloop
  endfacet
  facet normal 0 0 -1
    outer loop
      vertex -15.2696 29.1473 0
      vertex -38 33.8 0
      vertex -15.2318 29.3176 0
    endloop
  endfacet
  facet normal 0 0 -1
    outer loop
      vertex -46.3 -25.5 0
      vertex -38.7234 -33.7684 0
      vertex -39.4413 -33.6739 0
    endloop
  endfacet
  facet normal 0 0 -1
    outer loop
      vertex -15.2318 29.3176 0
      vertex -38 33.8 0
      vertex -15.1794 29.484 0
    endloop
  endfacet
  facet normal 0 0 -1
    outer loop
      vertex -46.3 -25.5 0
      vertex -39.4413 -33.6739 0
      vertex -40.1482 -33.5172 0
    endloop
  endfacet
  facet normal 0 0 -1
    outer loop
      vertex -38 33.8 0
      vertex -46.3 25.5 0
      vertex -38.7234 33.7684 0
    endloop
  endfacet
  facet normal 0 0 -1
    outer loop
      vertex -46.3 -25.5 0
      vertex -40.1482 -33.5172 0
      vertex -40.8388 -33.2994 0
    endloop
  endfacet
  facet normal 0 0 -1
    outer loop
      vertex -38.7234 33.7684 0
      vertex -46.3 25.5 0
      vertex -39.4413 33.6739 0
    endloop
  endfacet
  facet normal 0 0 -1
    outer loop
      vertex -46.3 -25.5 0
      vertex -40.8388 -33.2994 0
      vertex -41.5077 -33.0223 0
    endloop
  endfacet
  facet normal 0 0 -1
    outer loop
      vertex -39.4413 33.6739 0
      vertex -46.3 25.5 0
      vertex -40.1482 33.5172 0
    endloop
  endfacet
  facet normal 0 0 -1
    outer loop
      vertex -46.3 -25.5 0
      vertex -41.5077 -33.0223 0
      vertex -42.15 -32.688 0
    endloop
  endfacet
  facet normal 0 0 -1
    outer loop
      vertex -40.1482 33.5172 0
      vertex -46.3 25.5 0
      vertex -40.8388 33.2994 0
    endloop
  endfacet
  facet normal 0 0 -1
    outer loop
      vertex -46.3 -25.5 0
      vertex -42.15 -32.688 0
      vertex -42.7607 -32.299 0
    endloop
  endfacet
  facet normal 0 0 -1
    outer loop
      vertex -40.8388 33.2994 0
      vertex -46.3 25.5 0
      vertex -41.5077 33.0223 0
    endloop
  endfacet
  facet normal 0 0 -1
    outer loop
      vertex -46.3 -25.5 0
      vertex -42.7607 -32.299 0
      vertex -43.3351 -31.8582 0
    endloop
  endfacet
  facet normal 0 0 -1
    outer loop
      vertex -41.5077 33.0223 0
      vertex -46.3 25.5 0
      vertex -42.15 32.688 0
    endloop
  endfacet
  facet normal 0 0 -1
    outer loop
      vertex -46.3 -25.5 0
      vertex -43.3351 -31.8582 0
      vertex -43.869 -31.369 0
    endloop
  endfacet
  facet normal 0 0 -1
    outer loop
      vertex -42.15 32.688 0
      vertex -46.3 25.5 0
      vertex -42.7607 32.299 0
    endloop
  endfacet
  facet normal 0 0 -1
    outer loop
      vertex -46.3 -25.5 0
      vertex -43.869 -31.369 0
      vertex -44.3582 -30.8351 0
    endloop
  endfacet
  facet normal 0 0 -1
    outer loop
      vertex -42.7607 32.299 0
      vertex -46.3 25.5 0
      vertex -43.3351 31.8582 0
    endloop
  endfacet
  facet normal 0 0 -1
    outer loop
      vertex -46.3 -25.5 0
      vertex -44.3582 -30.8351 0
      vertex -44.799 -30.2607 0
    endloop
  endfacet
  facet normal 0 0 -1
    outer loop
      vertex -43.3351 31.8582 0
      vertex -46.3 25.5 0
      vertex -43.869 31.369 0
    endloop
  endfacet
  facet normal 0 0 -1
    outer loop
      vertex -46.3 -25.5 0
      vertex -44.799 -30.2607 0
      vertex -45.188 -29.65 0
    endloop
  endfacet
  facet normal 0 0 -1
    outer loop
      vertex -43.869 31.369 0
      vertex -46.3 25.5 0
      vertex -44.3582 30.8351 0
    endloop
  endfacet
  facet normal 0 0 -1
    outer loop
      vertex -46.3 -25.5 0
      vertex -45.188 -29.65 0
      vertex -45.5224 -29.0077 0
    endloop
  endfacet
  facet normal 0 0 -1
    outer loop
      vertex -44.3582 30.8351 0
      vertex -46.3 25.5 0
      vertex -44.799 30.2607 0
    endloop
  endfacet
  facet normal 0 0 -1
    outer loop
      vertex -46.3 -25.5 0
      vertex -45.5224 -29.0077 0
      vertex -45.7995 -28.3387 0
    endloop
  endfacet
  facet normal 0 0 -1
    outer loop
      vertex -44.799 30.2607 0
      vertex -46.3 25.5 0
      vertex -45.188 29.65 0
    endloop
  endfacet
  facet normal 0 0 -1
    outer loop
      vertex -46.3 -25.5 0
      vertex -45.7995 -28.3387 0
      vertex -46.0172 -27.6482 0
    endloop
  endfacet
  facet normal 0 0 -1
    outer loop
      vertex -45.188 29.65 0
      vertex -46.3 25.5 0
      vertex -45.5224 29.0077 0
    endloop
  endfacet
  facet normal 0 0 -1
    outer loop
      vertex -46.3 -25.5 0
      vertex -46.0172 -27.6482 0
      vertex -46.1739 -26.9413 0
    endloop
  endfacet
  facet normal 0 0 -1
    outer loop
      vertex -45.5224 29.0077 0
      vertex -46.3 25.5 0
      vertex -45.7995 28.3387 0
    endloop
  endfacet
  facet normal 0 0 -1
    outer loop
      vertex -46.3 -25.5 0
      vertex -46.1739 -26.9413 0
      vertex -46.2684 -26.2234 0
    endloop
  endfacet
  facet normal 0 0 -1
    outer loop
      vertex -45.7995 28.3387 0
      vertex -46.3 25.5 0
      vertex -46.0172 27.6482 0
    endloop
  endfacet
  facet normal 0 0 -1
    outer loop
      vertex -46.0172 27.6482 0
      vertex -46.3 25.5 0
      vertex -46.1739 26.9413 0
    endloop
  endfacet
  facet normal 0 0 -1
    outer loop
      vertex -46.1739 26.9413 0
      vertex -46.3 25.5 0
      vertex -46.2684 26.2234 0
    endloop
  endfacet
  facet normal 0.886973 0.461822 0
    outer loop
      vertex -15.032 21.2 5
      vertex -15.1126 21.3548 0
      vertex -15.1126 21.3548 5
    endloop
  endfacet
  facet normal 0.886973 0.461822 0
    outer loop
      vertex -15.1126 21.3548 0
      vertex -15.032 21.2 5
      vertex -15.032 21.2 0
    endloop
  endfacet
  facet normal 0.461822 -0.886973 0
    outer loop
      vertex -14.3 30.532 0
      vertex -14.1452 30.6126 5
      vertex -14.3 30.532 5
    endloop
  endfacet
  facet normal 0.461822 -0.886973 0
    outer loop
      vertex -14.1452 30.6126 5
      vertex -14.3 30.532 0
      vertex -14.1452 30.6126 0
    endloop
  endfacet
  facet normal 0.537246 0.843425 -0
    outer loop
      vertex -14.3 20.468 0
      vertex -14.4471 20.5617 5
      vertex -14.3 20.468 5
    endloop
  endfacet
  facet normal 0.537246 0.843425 0
    outer loop
      vertex -14.4471 20.5617 5
      vertex -14.3 20.468 0
      vertex -14.4471 20.5617 0
    endloop
  endfacet
  facet normal -0.953825 -0.300363 0
    outer loop
      vertex 15.2318 29.3176 0
      vertex 15.1794 29.484 5
      vertex 15.1794 29.484 0
    endloop
  endfacet
  facet normal -0.953825 -0.300363 0
    outer loop
      vertex 15.1794 29.484 5
      vertex 15.2318 29.3176 0
      vertex 15.2318 29.3176 5
    endloop
  endfacet
  facet normal 0.976241 0.216688 0
    outer loop
      vertex -15.2318 21.6824 5
      vertex -15.2696 21.8527 0
      vertex -15.2696 21.8527 5
    endloop
  endfacet
  facet normal 0.976241 0.216688 0
    outer loop
      vertex -15.2696 21.8527 0
      vertex -15.2318 21.6824 5
      vertex -15.2318 21.6824 0
    endloop
  endfacet
  facet normal -0.737107 -0.675777 0
    outer loop
      vertex 14.8321 30.0856 0
      vertex 14.7142 30.2142 5
      vertex 14.7142 30.2142 0
    endloop
  endfacet
  facet normal -0.737107 -0.675777 0
    outer loop
      vertex 14.7142 30.2142 5
      vertex 14.8321 30.0856 0
      vertex 14.8321 30.0856 5
    endloop
  endfacet
  facet normal -0.923821 0.382824 0
    outer loop
      vertex 15.1126 21.3548 0
      vertex 15.1794 21.516 5
      vertex 15.1794 21.516 0
    endloop
  endfacet
  facet normal -0.923821 0.382824 0
    outer loop
      vertex 15.1794 21.516 5
      vertex 15.1126 21.3548 0
      vertex 15.1126 21.3548 5
    endloop
  endfacet
  facet normal -0.216688 -0.976241 0
    outer loop
      vertex 13.6473 30.7696 0
      vertex 13.8176 30.7318 5
      vertex 13.6473 30.7696 5
    endloop
  endfacet
  facet normal -0.216688 -0.976241 -0
    outer loop
      vertex 13.8176 30.7318 5
      vertex 13.6473 30.7696 0
      vertex 13.8176 30.7318 0
    endloop
  endfacet
  facet normal 0.130662 0.991427 -0
    outer loop
      vertex -13.4743 20.2076 0
      vertex -13.6473 20.2304 5
      vertex -13.4743 20.2076 5
    endloop
  endfacet
  facet normal 0.130662 0.991427 0
    outer loop
      vertex -13.6473 20.2304 5
      vertex -13.4743 20.2076 0
      vertex -13.6473 20.2304 0
    endloop
  endfacet
  facet normal -0.300363 -0.953825 0
    outer loop
      vertex 13.8176 30.7318 0
      vertex 13.984 30.6794 5
      vertex 13.8176 30.7318 5
    endloop
  endfacet
  facet normal -0.300363 -0.953825 -0
    outer loop
      vertex 13.984 30.6794 5
      vertex 13.8176 30.7318 0
      vertex 13.984 30.6794 0
    endloop
  endfacet
  facet normal 0.461822 0.886973 -0
    outer loop
      vertex -14.1452 20.3874 0
      vertex -14.3 20.468 5
      vertex -14.1452 20.3874 5
    endloop
  endfacet
  facet normal 0.461822 0.886973 0
    outer loop
      vertex -14.3 20.468 5
      vertex -14.1452 20.3874 0
      vertex -14.3 20.468 0
    endloop
  endfacet
  facet normal 0.216688 0.976241 -0
    outer loop
      vertex -13.6473 20.2304 0
      vertex -13.8176 20.2682 5
      vertex -13.6473 20.2304 5
    endloop
  endfacet
  facet normal 0.216688 0.976241 0
    outer loop
      vertex -13.8176 20.2682 5
      vertex -13.6473 20.2304 0
      vertex -13.8176 20.2682 0
    endloop
  endfacet
  facet normal -0.886973 0.461822 0
    outer loop
      vertex 15.032 21.2 0
      vertex 15.1126 21.3548 5
      vertex 15.1126 21.3548 0
    endloop
  endfacet
  facet normal -0.886973 0.461822 0
    outer loop
      vertex 15.1126 21.3548 5
      vertex 15.032 21.2 0
      vertex 15.032 21.2 5
    endloop
  endfacet
  facet normal -0.608492 -0.79356 0
    outer loop
      vertex 14.4471 30.4383 0
      vertex 14.5856 30.3321 5
      vertex 14.4471 30.4383 5
    endloop
  endfacet
  facet normal -0.608492 -0.79356 -0
    outer loop
      vertex 14.5856 30.3321 5
      vertex 14.4471 30.4383 0
      vertex 14.5856 30.3321 0
    endloop
  endfacet
  facet normal 0.0435616 -0.999051 0
    outer loop
      vertex -13.4743 30.7924 0
      vertex -13.3 30.8 5
      vertex -13.4743 30.7924 5
    endloop
  endfacet
  facet normal 0.0435616 -0.999051 0
    outer loop
      vertex -13.3 30.8 5
      vertex -13.4743 30.7924 0
      vertex -13.3 30.8 0
    endloop
  endfacet
  facet normal -0.999051 -0.0435616 0
    outer loop
      vertex 15.3 28.8 0
      vertex 15.2924 28.9743 5
      vertex 15.2924 28.9743 0
    endloop
  endfacet
  facet normal -0.999051 -0.0435616 0
    outer loop
      vertex 15.2924 28.9743 5
      vertex 15.3 28.8 0
      vertex 15.3 28.8 5
    endloop
  endfacet
  facet normal -1 0 0
    outer loop
      vertex 15.3 22.2 0
      vertex 15.3 28.8 5
      vertex 15.3 28.8 0
    endloop
  endfacet
  facet normal -1 -0 0
    outer loop
      vertex 15.3 28.8 5
      vertex 15.3 22.2 0
      vertex 15.3 22.2 5
    endloop
  endfacet
  facet normal 0 1 -0
    outer loop
      vertex 13.3 20.2 0
      vertex -13.3 20.2 5
      vertex 13.3 20.2 5
    endloop
  endfacet
  facet normal 0 1 0
    outer loop
      vertex -13.3 20.2 5
      vertex 13.3 20.2 0
      vertex -13.3 20.2 0
    endloop
  endfacet
  facet normal 0.737107 -0.675777 0
    outer loop
      vertex -14.8321 30.0856 5
      vertex -14.7142 30.2142 0
      vertex -14.7142 30.2142 5
    endloop
  endfacet
  facet normal 0.737107 -0.675777 0
    outer loop
      vertex -14.7142 30.2142 0
      vertex -14.8321 30.0856 5
      vertex -14.8321 30.0856 0
    endloop
  endfacet
  facet normal 0.923821 -0.382824 0
    outer loop
      vertex -15.1794 29.484 5
      vertex -15.1126 29.6452 0
      vertex -15.1126 29.6452 5
    endloop
  endfacet
  facet normal 0.923821 -0.382824 0
    outer loop
      vertex -15.1126 29.6452 0
      vertex -15.1794 29.484 5
      vertex -15.1794 29.484 0
    endloop
  endfacet
  facet normal -0.999051 0.0435616 0
    outer loop
      vertex 15.2924 22.0257 0
      vertex 15.3 22.2 5
      vertex 15.3 22.2 0
    endloop
  endfacet
  facet normal -0.999051 0.0435616 0
    outer loop
      vertex 15.3 22.2 5
      vertex 15.2924 22.0257 0
      vertex 15.2924 22.0257 5
    endloop
  endfacet
  facet normal -0.991427 -0.130662 0
    outer loop
      vertex 15.2924 28.9743 0
      vertex 15.2696 29.1473 5
      vertex 15.2696 29.1473 0
    endloop
  endfacet
  facet normal -0.991427 -0.130662 0
    outer loop
      vertex 15.2696 29.1473 5
      vertex 15.2924 28.9743 0
      vertex 15.2924 28.9743 5
    endloop
  endfacet
  facet normal -0.382824 -0.923821 0
    outer loop
      vertex 13.984 30.6794 0
      vertex 14.1452 30.6126 5
      vertex 13.984 30.6794 5
    endloop
  endfacet
  facet normal -0.382824 -0.923821 -0
    outer loop
      vertex 14.1452 30.6126 5
      vertex 13.984 30.6794 0
      vertex 14.1452 30.6126 0
    endloop
  endfacet
  facet normal -0.79356 -0.608492 0
    outer loop
      vertex 14.9383 29.9471 0
      vertex 14.8321 30.0856 5
      vertex 14.8321 30.0856 0
    endloop
  endfacet
  facet normal -0.79356 -0.608492 0
    outer loop
      vertex 14.8321 30.0856 5
      vertex 14.9383 29.9471 0
      vertex 14.9383 29.9471 5
    endloop
  endfacet
  facet normal -0.843425 -0.537246 0
    outer loop
      vertex 15.032 29.8 0
      vertex 14.9383 29.9471 5
      vertex 14.9383 29.9471 0
    endloop
  endfacet
  facet normal -0.843425 -0.537246 0
    outer loop
      vertex 14.9383 29.9471 5
      vertex 15.032 29.8 0
      vertex 15.032 29.8 5
    endloop
  endfacet
  facet normal 0.216688 -0.976241 0
    outer loop
      vertex -13.8176 30.7318 0
      vertex -13.6473 30.7696 5
      vertex -13.8176 30.7318 5
    endloop
  endfacet
  facet normal 0.216688 -0.976241 0
    outer loop
      vertex -13.6473 30.7696 5
      vertex -13.8176 30.7318 0
      vertex -13.6473 30.7696 0
    endloop
  endfacet
  facet normal 0.999051 -0.0435616 0
    outer loop
      vertex -15.3 28.8 5
      vertex -15.2924 28.9743 0
      vertex -15.2924 28.9743 5
    endloop
  endfacet
  facet normal 0.999051 -0.0435616 0
    outer loop
      vertex -15.2924 28.9743 0
      vertex -15.3 28.8 5
      vertex -15.3 28.8 0
    endloop
  endfacet
  facet normal -0.130662 -0.991427 0
    outer loop
      vertex 13.4743 30.7924 0
      vertex 13.6473 30.7696 5
      vertex 13.4743 30.7924 5
    endloop
  endfacet
  facet normal -0.130662 -0.991427 -0
    outer loop
      vertex 13.6473 30.7696 5
      vertex 13.4743 30.7924 0
      vertex 13.6473 30.7696 0
    endloop
  endfacet
  facet normal -0.0435616 -0.999051 0
    outer loop
      vertex 13.3 30.8 0
      vertex 13.4743 30.7924 5
      vertex 13.3 30.8 5
    endloop
  endfacet
  facet normal -0.0435616 -0.999051 -0
    outer loop
      vertex 13.4743 30.7924 5
      vertex 13.3 30.8 0
      vertex 13.4743 30.7924 0
    endloop
  endfacet
  facet normal 1 -0 0
    outer loop
      vertex -15.3 22.2 5
      vertex -15.3 28.8 0
      vertex -15.3 28.8 5
    endloop
  endfacet
  facet normal 1 0 0
    outer loop
      vertex -15.3 28.8 0
      vertex -15.3 22.2 5
      vertex -15.3 22.2 0
    endloop
  endfacet
  facet normal 0.130662 -0.991427 0
    outer loop
      vertex -13.6473 30.7696 0
      vertex -13.4743 30.7924 5
      vertex -13.6473 30.7696 5
    endloop
  endfacet
  facet normal 0.130662 -0.991427 0
    outer loop
      vertex -13.4743 30.7924 5
      vertex -13.6473 30.7696 0
      vertex -13.4743 30.7924 0
    endloop
  endfacet
  facet normal 0.0435616 0.999051 -0
    outer loop
      vertex -13.3 20.2 0
      vertex -13.4743 20.2076 5
      vertex -13.3 20.2 5
    endloop
  endfacet
  facet normal 0.0435616 0.999051 0
    outer loop
      vertex -13.4743 20.2076 5
      vertex -13.3 20.2 0
      vertex -13.4743 20.2076 0
    endloop
  endfacet
  facet normal -0.537246 -0.843425 0
    outer loop
      vertex 14.3 30.532 0
      vertex 14.4471 30.4383 5
      vertex 14.3 30.532 5
    endloop
  endfacet
  facet normal -0.537246 -0.843425 -0
    outer loop
      vertex 14.4471 30.4383 5
      vertex 14.3 30.532 0
      vertex 14.4471 30.4383 0
    endloop
  endfacet
  facet normal 0.976241 -0.216688 0
    outer loop
      vertex -15.2696 29.1473 5
      vertex -15.2318 29.3176 0
      vertex -15.2318 29.3176 5
    endloop
  endfacet
  facet normal 0.976241 -0.216688 0
    outer loop
      vertex -15.2318 29.3176 0
      vertex -15.2696 29.1473 5
      vertex -15.2696 29.1473 0
    endloop
  endfacet
  facet normal -0.991427 0.130662 0
    outer loop
      vertex 15.2696 21.8527 0
      vertex 15.2924 22.0257 5
      vertex 15.2924 22.0257 0
    endloop
  endfacet
  facet normal -0.991427 0.130662 0
    outer loop
      vertex 15.2924 22.0257 5
      vertex 15.2696 21.8527 0
      vertex 15.2696 21.8527 5
    endloop
  endfacet
  facet normal 0.608492 -0.79356 0
    outer loop
      vertex -14.5856 30.3321 0
      vertex -14.4471 30.4383 5
      vertex -14.5856 30.3321 5
    endloop
  endfacet
  facet normal 0.608492 -0.79356 0
    outer loop
      vertex -14.4471 30.4383 5
      vertex -14.5856 30.3321 0
      vertex -14.4471 30.4383 0
    endloop
  endfacet
  facet normal -0.0435616 0.999051 0
    outer loop
      vertex 13.4743 20.2076 0
      vertex 13.3 20.2 5
      vertex 13.4743 20.2076 5
    endloop
  endfacet
  facet normal -0.0435616 0.999051 0
    outer loop
      vertex 13.3 20.2 5
      vertex 13.4743 20.2076 0
      vertex 13.3 20.2 0
    endloop
  endfacet
  facet normal -0.675777 -0.737107 0
    outer loop
      vertex 14.5856 30.3321 0
      vertex 14.7142 30.2142 5
      vertex 14.5856 30.3321 5
    endloop
  endfacet
  facet normal -0.675777 -0.737107 -0
    outer loop
      vertex 14.7142 30.2142 5
      vertex 14.5856 30.3321 0
      vertex 14.7142 30.2142 0
    endloop
  endfacet
  facet normal 0.886973 -0.461822 0
    outer loop
      vertex -15.1126 29.6452 5
      vertex -15.032 29.8 0
      vertex -15.032 29.8 5
    endloop
  endfacet
  facet normal 0.886973 -0.461822 0
    outer loop
      vertex -15.032 29.8 0
      vertex -15.1126 29.6452 5
      vertex -15.1126 29.6452 0
    endloop
  endfacet
  facet normal 0.923821 0.382824 0
    outer loop
      vertex -15.1126 21.3548 5
      vertex -15.1794 21.516 0
      vertex -15.1794 21.516 5
    endloop
  endfacet
  facet normal 0.923821 0.382824 0
    outer loop
      vertex -15.1794 21.516 0
      vertex -15.1126 21.3548 5
      vertex -15.1126 21.3548 0
    endloop
  endfacet
  facet normal -0.923821 -0.382824 0
    outer loop
      vertex 15.1794 29.484 0
      vertex 15.1126 29.6452 5
      vertex 15.1126 29.6452 0
    endloop
  endfacet
  facet normal -0.923821 -0.382824 0
    outer loop
      vertex 15.1126 29.6452 5
      vertex 15.1794 29.484 0
      vertex 15.1794 29.484 5
    endloop
  endfacet
  facet normal -0.216688 0.976241 0
    outer loop
      vertex 13.8176 20.2682 0
      vertex 13.6473 20.2304 5
      vertex 13.8176 20.2682 5
    endloop
  endfacet
  facet normal -0.216688 0.976241 0
    outer loop
      vertex 13.6473 20.2304 5
      vertex 13.8176 20.2682 0
      vertex 13.6473 20.2304 0
    endloop
  endfacet
  facet normal 0.991427 0.130662 0
    outer loop
      vertex -15.2696 21.8527 5
      vertex -15.2924 22.0257 0
      vertex -15.2924 22.0257 5
    endloop
  endfacet
  facet normal 0.991427 0.130662 0
    outer loop
      vertex -15.2924 22.0257 0
      vertex -15.2696 21.8527 5
      vertex -15.2696 21.8527 0
    endloop
  endfacet
  facet normal -0.886973 -0.461822 0
    outer loop
      vertex 15.1126 29.6452 0
      vertex 15.032 29.8 5
      vertex 15.032 29.8 0
    endloop
  endfacet
  facet normal -0.886973 -0.461822 0
    outer loop
      vertex 15.032 29.8 5
      vertex 15.1126 29.6452 0
      vertex 15.1126 29.6452 5
    endloop
  endfacet
  facet normal 0.537246 -0.843425 0
    outer loop
      vertex -14.4471 30.4383 0
      vertex -14.3 30.532 5
      vertex -14.4471 30.4383 5
    endloop
  endfacet
  facet normal 0.537246 -0.843425 0
    outer loop
      vertex -14.3 30.532 5
      vertex -14.4471 30.4383 0
      vertex -14.3 30.532 0
    endloop
  endfacet
  facet normal 0.300363 -0.953825 0
    outer loop
      vertex -13.984 30.6794 0
      vertex -13.8176 30.7318 5
      vertex -13.984 30.6794 5
    endloop
  endfacet
  facet normal 0.300363 -0.953825 0
    outer loop
      vertex -13.8176 30.7318 5
      vertex -13.984 30.6794 0
      vertex -13.8176 30.7318 0
    endloop
  endfacet
  facet normal 0.382824 -0.923821 0
    outer loop
      vertex -14.1452 30.6126 0
      vertex -13.984 30.6794 5
      vertex -14.1452 30.6126 5
    endloop
  endfacet
  facet normal 0.382824 -0.923821 0
    outer loop
      vertex -13.984 30.6794 5
      vertex -14.1452 30.6126 0
      vertex -13.984 30.6794 0
    endloop
  endfacet
  facet normal -0.976241 0.216688 0
    outer loop
      vertex 15.2318 21.6824 0
      vertex 15.2696 21.8527 5
      vertex 15.2696 21.8527 0
    endloop
  endfacet
  facet normal -0.976241 0.216688 0
    outer loop
      vertex 15.2696 21.8527 5
      vertex 15.2318 21.6824 0
      vertex 15.2318 21.6824 5
    endloop
  endfacet
  facet normal 0.991427 -0.130662 0
    outer loop
      vertex -15.2924 28.9743 5
      vertex -15.2696 29.1473 0
      vertex -15.2696 29.1473 5
    endloop
  endfacet
  facet normal 0.991427 -0.130662 0
    outer loop
      vertex -15.2696 29.1473 0
      vertex -15.2924 28.9743 5
      vertex -15.2924 28.9743 0
    endloop
  endfacet
  facet normal 0.382824 0.923821 -0
    outer loop
      vertex -13.984 20.3206 0
      vertex -14.1452 20.3874 5
      vertex -13.984 20.3206 5
    endloop
  endfacet
  facet normal 0.382824 0.923821 0
    outer loop
      vertex -14.1452 20.3874 5
      vertex -13.984 20.3206 0
      vertex -14.1452 20.3874 0
    endloop
  endfacet
  facet normal 0.300363 0.953825 -0
    outer loop
      vertex -13.8176 20.2682 0
      vertex -13.984 20.3206 5
      vertex -13.8176 20.2682 5
    endloop
  endfacet
  facet normal 0.300363 0.953825 0
    outer loop
      vertex -13.984 20.3206 5
      vertex -13.8176 20.2682 0
      vertex -13.984 20.3206 0
    endloop
  endfacet
  facet normal -0.130662 0.991427 0
    outer loop
      vertex 13.6473 20.2304 0
      vertex 13.4743 20.2076 5
      vertex 13.6473 20.2304 5
    endloop
  endfacet
  facet normal -0.130662 0.991427 0
    outer loop
      vertex 13.4743 20.2076 5
      vertex 13.6473 20.2304 0
      vertex 13.4743 20.2076 0
    endloop
  endfacet
  facet normal -0.300363 0.953825 0
    outer loop
      vertex 13.984 20.3206 0
      vertex 13.8176 20.2682 5
      vertex 13.984 20.3206 5
    endloop
  endfacet
  facet normal -0.300363 0.953825 0
    outer loop
      vertex 13.8176 20.2682 5
      vertex 13.984 20.3206 0
      vertex 13.8176 20.2682 0
    endloop
  endfacet
  facet normal -0.843425 0.537246 0
    outer loop
      vertex 14.9383 21.0529 0
      vertex 15.032 21.2 5
      vertex 15.032 21.2 0
    endloop
  endfacet
  facet normal -0.843425 0.537246 0
    outer loop
      vertex 15.032 21.2 5
      vertex 14.9383 21.0529 0
      vertex 14.9383 21.0529 5
    endloop
  endfacet
  facet normal -0.976241 -0.216688 0
    outer loop
      vertex 15.2696 29.1473 0
      vertex 15.2318 29.3176 5
      vertex 15.2318 29.3176 0
    endloop
  endfacet
  facet normal -0.976241 -0.216688 0
    outer loop
      vertex 15.2318 29.3176 5
      vertex 15.2696 29.1473 0
      vertex 15.2696 29.1473 5
    endloop
  endfacet
  facet normal -0.461822 -0.886973 0
    outer loop
      vertex 14.1452 30.6126 0
      vertex 14.3 30.532 5
      vertex 14.1452 30.6126 5
    endloop
  endfacet
  facet normal -0.461822 -0.886973 -0
    outer loop
      vertex 14.3 30.532 5
      vertex 14.1452 30.6126 0
      vertex 14.3 30.532 0
    endloop
  endfacet
  facet normal 0.953825 -0.300363 0
    outer loop
      vertex -15.2318 29.3176 5
      vertex -15.1794 29.484 0
      vertex -15.1794 29.484 5
    endloop
  endfacet
  facet normal 0.953825 -0.300363 0
    outer loop
      vertex -15.1794 29.484 0
      vertex -15.2318 29.3176 5
      vertex -15.2318 29.3176 0
    endloop
  endfacet
  facet normal 0.79356 -0.608492 0
    outer loop
      vertex -14.9383 29.9471 5
      vertex -14.8321 30.0856 0
      vertex -14.8321 30.0856 5
    endloop
  endfacet
  facet normal 0.79356 -0.608492 0
    outer loop
      vertex -14.8321 30.0856 0
      vertex -14.9383 29.9471 5
      vertex -14.9383 29.9471 0
    endloop
  endfacet
  facet normal -0.79356 0.608492 0
    outer loop
      vertex 14.8321 20.9144 0
      vertex 14.9383 21.0529 5
      vertex 14.9383 21.0529 0
    endloop
  endfacet
  facet normal -0.79356 0.608492 0
    outer loop
      vertex 14.9383 21.0529 5
      vertex 14.8321 20.9144 0
      vertex 14.8321 20.9144 5
    endloop
  endfacet
  facet normal 0.737107 0.675777 0
    outer loop
      vertex -14.7142 20.7858 5
      vertex -14.8321 20.9144 0
      vertex -14.8321 20.9144 5
    endloop
  endfacet
  facet normal 0.737107 0.675777 0
    outer loop
      vertex -14.8321 20.9144 0
      vertex -14.7142 20.7858 5
      vertex -14.7142 20.7858 0
    endloop
  endfacet
  facet normal -0.608492 0.79356 0
    outer loop
      vertex 14.5856 20.6679 0
      vertex 14.4471 20.5617 5
      vertex 14.5856 20.6679 5
    endloop
  endfacet
  facet normal -0.608492 0.79356 0
    outer loop
      vertex 14.4471 20.5617 5
      vertex 14.5856 20.6679 0
      vertex 14.4471 20.5617 0
    endloop
  endfacet
  facet normal 0.675777 -0.737107 0
    outer loop
      vertex -14.7142 30.2142 0
      vertex -14.5856 30.3321 5
      vertex -14.7142 30.2142 5
    endloop
  endfacet
  facet normal 0.675777 -0.737107 0
    outer loop
      vertex -14.5856 30.3321 5
      vertex -14.7142 30.2142 0
      vertex -14.5856 30.3321 0
    endloop
  endfacet
  facet normal -0.382824 0.923821 0
    outer loop
      vertex 14.1452 20.3874 0
      vertex 13.984 20.3206 5
      vertex 14.1452 20.3874 5
    endloop
  endfacet
  facet normal -0.382824 0.923821 0
    outer loop
      vertex 13.984 20.3206 5
      vertex 14.1452 20.3874 0
      vertex 13.984 20.3206 0
    endloop
  endfacet
  facet normal -0.537246 0.843425 0
    outer loop
      vertex 14.4471 20.5617 0
      vertex 14.3 20.468 5
      vertex 14.4471 20.5617 5
    endloop
  endfacet
  facet normal -0.537246 0.843425 0
    outer loop
      vertex 14.3 20.468 5
      vertex 14.4471 20.5617 0
      vertex 14.3 20.468 0
    endloop
  endfacet
  facet normal 0.999051 0.0435616 0
    outer loop
      vertex -15.2924 22.0257 5
      vertex -15.3 22.2 0
      vertex -15.3 22.2 5
    endloop
  endfacet
  facet normal 0.999051 0.0435616 0
    outer loop
      vertex -15.3 22.2 0
      vertex -15.2924 22.0257 5
      vertex -15.2924 22.0257 0
    endloop
  endfacet
  facet normal 0.953825 0.300363 0
    outer loop
      vertex -15.1794 21.516 5
      vertex -15.2318 21.6824 0
      vertex -15.2318 21.6824 5
    endloop
  endfacet
  facet normal 0.953825 0.300363 0
    outer loop
      vertex -15.2318 21.6824 0
      vertex -15.1794 21.516 5
      vertex -15.1794 21.516 0
    endloop
  endfacet
  facet normal -0.675777 0.737107 0
    outer loop
      vertex 14.7142 20.7858 0
      vertex 14.5856 20.6679 5
      vertex 14.7142 20.7858 5
    endloop
  endfacet
  facet normal -0.675777 0.737107 0
    outer loop
      vertex 14.5856 20.6679 5
      vertex 14.7142 20.7858 0
      vertex 14.5856 20.6679 0
    endloop
  endfacet
  facet normal 0.79356 0.608492 0
    outer loop
      vertex -14.8321 20.9144 5
      vertex -14.9383 21.0529 0
      vertex -14.9383 21.0529 5
    endloop
  endfacet
  facet normal 0.79356 0.608492 0
    outer loop
      vertex -14.9383 21.0529 0
      vertex -14.8321 20.9144 5
      vertex -14.8321 20.9144 0
    endloop
  endfacet
  facet normal 0.608492 0.79356 -0
    outer loop
      vertex -14.4471 20.5617 0
      vertex -14.5856 20.6679 5
      vertex -14.4471 20.5617 5
    endloop
  endfacet
  facet normal 0.608492 0.79356 0
    outer loop
      vertex -14.5856 20.6679 5
      vertex -14.4471 20.5617 0
      vertex -14.5856 20.6679 0
    endloop
  endfacet
  facet normal -0.737107 0.675777 0
    outer loop
      vertex 14.7142 20.7858 0
      vertex 14.8321 20.9144 5
      vertex 14.8321 20.9144 0
    endloop
  endfacet
  facet normal -0.737107 0.675777 0
    outer loop
      vertex 14.8321 20.9144 5
      vertex 14.7142 20.7858 0
      vertex 14.7142 20.7858 5
    endloop
  endfacet
  facet normal 0.843425 -0.537246 0
    outer loop
      vertex -15.032 29.8 5
      vertex -14.9383 29.9471 0
      vertex -14.9383 29.9471 5
    endloop
  endfacet
  facet normal 0.843425 -0.537246 0
    outer loop
      vertex -14.9383 29.9471 0
      vertex -15.032 29.8 5
      vertex -15.032 29.8 0
    endloop
  endfacet
  facet normal 0.843425 0.537246 0
    outer loop
      vertex -14.9383 21.0529 5
      vertex -15.032 21.2 0
      vertex -15.032 21.2 5
    endloop
  endfacet
  facet normal 0.843425 0.537246 0
    outer loop
      vertex -15.032 21.2 0
      vertex -14.9383 21.0529 5
      vertex -14.9383 21.0529 0
    endloop
  endfacet
  facet normal 0.675777 0.737107 -0
    outer loop
      vertex -14.5856 20.6679 0
      vertex -14.7142 20.7858 5
      vertex -14.5856 20.6679 5
    endloop
  endfacet
  facet normal 0.675777 0.737107 0
    outer loop
      vertex -14.7142 20.7858 5
      vertex -14.5856 20.6679 0
      vertex -14.7142 20.7858 0
    endloop
  endfacet
  facet normal -0.953825 0.300363 0
    outer loop
      vertex 15.1794 21.516 0
      vertex 15.2318 21.6824 5
      vertex 15.2318 21.6824 0
    endloop
  endfacet
  facet normal -0.953825 0.300363 0
    outer loop
      vertex 15.2318 21.6824 5
      vertex 15.1794 21.516 0
      vertex 15.1794 21.516 5
    endloop
  endfacet
  facet normal -0.461822 0.886973 0
    outer loop
      vertex 14.3 20.468 0
      vertex 14.1452 20.3874 5
      vertex 14.3 20.468 5
    endloop
  endfacet
  facet normal -0.461822 0.886973 0
    outer loop
      vertex 14.1452 20.3874 5
      vertex 14.3 20.468 0
      vertex 14.1452 20.3874 0
    endloop
  endfacet
endsolid OpenSCAD_Model
