solid OpenSCAD_Model
  facet normal -0.991423 -0.130692 0
    outer loop
      vertex -42.924 -26.3682 0
      vertex -42.981 -25.9358 53
      vertex -42.981 -25.9358 0
    endloop
  endfacet
  facet normal -0.991423 -0.130692 0
    outer loop
      vertex -42.981 -25.9358 53
      vertex -42.924 -26.3682 0
      vertex -42.924 -26.3682 53
    endloop
  endfacet
  facet normal 0.953759 0.300572 0
    outer loop
      vertex 42.8296 26.7941 53
      vertex 42.6985 27.2101 0
      vertex 42.6985 27.2101 53
    endloop
  endfacet
  facet normal 0.953759 0.300572 0
    outer loop
      vertex 42.6985 27.2101 0
      vertex 42.8296 26.7941 53
      vertex 42.8296 26.7941 0
    endloop
  endfacet
  facet normal 0.537172 -0.843473 0
    outer loop
      vertex 40.5 -29.8301 0
      vertex 40.8679 -29.5958 53
      vertex 40.5 -29.8301 53
    endloop
  endfacet
  facet normal 0.537172 -0.843473 0
    outer loop
      vertex 40.8679 -29.5958 53
      vertex 40.5 -29.8301 0
      vertex 40.8679 -29.5958 0
    endloop
  endfacet
  facet normal 0.976306 -0.216396 0
    outer loop
      vertex 42.8296 -26.7941 53
      vertex 42.924 -26.3682 0
      vertex 42.924 -26.3682 53
    endloop
  endfacet
  facet normal 0.976306 -0.216396 0
    outer loop
      vertex 42.924 -26.3682 0
      vertex 42.8296 -26.7941 53
      vertex 42.8296 -26.7941 0
    endloop
  endfacet
  facet normal 0.300572 -0.953759 0
    outer loop
      vertex 39.2941 -30.3296 0
      vertex 39.7101 -30.1985 53
      vertex 39.2941 -30.3296 53
    endloop
  endfacet
  facet normal 0.300572 -0.953759 0
    outer loop
      vertex 39.7101 -30.1985 53
      vertex 39.2941 -30.3296 0
      vertex 39.7101 -30.1985 0
    endloop
  endfacet
  facet normal 0.737268 -0.6756 0
    outer loop
      vertex 41.5355 -29.0355 53
      vertex 41.8302 -28.7139 0
      vertex 41.8302 -28.7139 53
    endloop
  endfacet
  facet normal 0.737268 -0.6756 0
    outer loop
      vertex 41.8302 -28.7139 0
      vertex 41.5355 -29.0355 53
      vertex 41.5355 -29.0355 0
    endloop
  endfacet
  facet normal -1 0 0
    outer loop
      vertex -43 -25.5 0
      vertex -43 25.5 53
      vertex -43 25.5 0
    endloop
  endfacet
  facet normal -1 -0 0
    outer loop
      vertex -43 25.5 53
      vertex -43 -25.5 0
      vertex -43 -25.5 53
    endloop
  endfacet
  facet normal 0.216396 -0.976306 0
    outer loop
      vertex 38.8682 -30.424 0
      vertex 39.2941 -30.3296 53
      vertex 38.8682 -30.424 53
    endloop
  endfacet
  facet normal 0.216396 -0.976306 0
    outer loop
      vertex 39.2941 -30.3296 53
      vertex 38.8682 -30.424 0
      vertex 39.2941 -30.3296 0
    endloop
  endfacet
  facet normal -0.130692 0.991423 0
    outer loop
      vertex -38.4358 30.481 0
      vertex -38.8682 30.424 53
      vertex -38.4358 30.481 53
    endloop
  endfacet
  facet normal -0.130692 0.991423 0
    outer loop
      vertex -38.8682 30.424 53
      vertex -38.4358 30.481 0
      vertex -38.8682 30.424 0
    endloop
  endfacet
  facet normal -0.216396 0.976306 0
    outer loop
      vertex -38.8682 30.424 0
      vertex -39.2941 30.3296 53
      vertex -38.8682 30.424 53
    endloop
  endfacet
  facet normal -0.216396 0.976306 0
    outer loop
      vertex -39.2941 30.3296 53
      vertex -38.8682 30.424 0
      vertex -39.2941 30.3296 0
    endloop
  endfacet
  facet normal 0.793237 -0.608913 0
    outer loop
      vertex 41.8302 -28.7139 53
      vertex 42.0958 -28.3679 0
      vertex 42.0958 -28.3679 53
    endloop
  endfacet
  facet normal 0.793237 -0.608913 0
    outer loop
      vertex 42.0958 -28.3679 0
      vertex 41.8302 -28.7139 53
      vertex 41.8302 -28.7139 0
    endloop
  endfacet
  facet normal 0.737268 0.6756 0
    outer loop
      vertex 41.8302 28.7139 53
      vertex 41.5355 29.0355 0
      vertex 41.5355 29.0355 53
    endloop
  endfacet
  facet normal 0.737268 0.6756 0
    outer loop
      vertex 41.5355 29.0355 0
      vertex 41.8302 28.7139 53
      vertex 41.8302 28.7139 0
    endloop
  endfacet
  facet normal -0.999051 -0.0435566 0
    outer loop
      vertex -42.981 -25.9358 0
      vertex -43 -25.5 53
      vertex -43 -25.5 0
    endloop
  endfacet
  facet normal -0.999051 -0.0435566 0
    outer loop
      vertex -43 -25.5 53
      vertex -42.981 -25.9358 0
      vertex -42.981 -25.9358 53
    endloop
  endfacet
  facet normal 0 -1 0
    outer loop
      vertex -38 -30.5 0
      vertex -13 -30.5 53
      vertex -38 -30.5 53
    endloop
  endfacet
  facet normal 0 -1 -0
    outer loop
      vertex -13 -30.5 53
      vertex -38 -30.5 0
      vertex 13 -30.5 53
    endloop
  endfacet
  facet normal 0 -1 0
    outer loop
      vertex 38 -30.5 0
      vertex 13 -30.5 53
      vertex -38 -30.5 0
    endloop
  endfacet
  facet normal 0 -1 0
    outer loop
      vertex 13 -30.5 53
      vertex 38 -30.5 0
      vertex 38 -30.5 53
    endloop
  endfacet
  facet normal 0 -1 0
    outer loop
      vertex -13 -30.5 79
      vertex 0 -30.5 74.682
      vertex 13 -30.5 79
    endloop
  endfacet
  facet normal 0 -1 0
    outer loop
      vertex -13 -30.5 79
      vertex -3.21394 -30.5 71.8302
      vertex 0 -30.5 74.682
    endloop
  endfacet
  facet normal 0 -1 0
    outer loop
      vertex -13 -30.5 79
      vertex -3.53553 -30.5 71.5355
      vertex -3.21394 -30.5 71.8302
    endloop
  endfacet
  facet normal 0 -1 0
    outer loop
      vertex -13 -30.5 79
      vertex -3.83022 -30.5 71.2139
      vertex -3.53553 -30.5 71.5355
    endloop
  endfacet
  facet normal 0 -1 0
    outer loop
      vertex -13 -30.5 79
      vertex -4.09576 -30.5 70.8679
      vertex -3.83022 -30.5 71.2139
    endloop
  endfacet
  facet normal 0 -1 0
    outer loop
      vertex -13 -30.5 79
      vertex -4.33013 -30.5 70.5
      vertex -4.09576 -30.5 70.8679
    endloop
  endfacet
  facet normal 0 -1 0
    outer loop
      vertex -13 -30.5 79
      vertex -4.53154 -30.5 70.1131
      vertex -4.33013 -30.5 70.5
    endloop
  endfacet
  facet normal 0 -1 0
    outer loop
      vertex -13 -30.5 79
      vertex -4.69846 -30.5 69.7101
      vertex -4.53154 -30.5 70.1131
    endloop
  endfacet
  facet normal 0 -1 0
    outer loop
      vertex -13 -30.5 79
      vertex -4.82963 -30.5 69.2941
      vertex -4.69846 -30.5 69.7101
    endloop
  endfacet
  facet normal 0 -1 0
    outer loop
      vertex -13 -30.5 79
      vertex -4.92404 -30.5 68.8682
      vertex -4.82963 -30.5 69.2941
    endloop
  endfacet
  facet normal 0 -1 0
    outer loop
      vertex -13 -30.5 79
      vertex -4.98097 -30.5 68.4358
      vertex -4.92404 -30.5 68.8682
    endloop
  endfacet
  facet normal 0 -1 0
    outer loop
      vertex -13 -30.5 79
      vertex -5 -30.5 68
      vertex -4.98097 -30.5 68.4358
    endloop
  endfacet
  facet normal 0 -1 0
    outer loop
      vertex -13 -30.5 79
      vertex -4.98097 -30.5 67.5642
      vertex -5 -30.5 68
    endloop
  endfacet
  facet normal 0 -1 0
    outer loop
      vertex -13 -30.5 53
      vertex -4.98097 -30.5 67.5642
      vertex -13 -30.5 79
    endloop
  endfacet
  facet normal 0 -1 -0
    outer loop
      vertex -4.98097 -30.5 67.5642
      vertex -13 -30.5 53
      vertex -4.92404 -30.5 67.1318
    endloop
  endfacet
  facet normal 0 -1 -0
    outer loop
      vertex -4.92404 -30.5 67.1318
      vertex -13 -30.5 53
      vertex -4.82963 -30.5 66.7059
    endloop
  endfacet
  facet normal 0 -1 -0
    outer loop
      vertex -4.82963 -30.5 66.7059
      vertex -13 -30.5 53
      vertex -4.69846 -30.5 66.2899
    endloop
  endfacet
  facet normal 0 -1 -0
    outer loop
      vertex -4.69846 -30.5 66.2899
      vertex -13 -30.5 53
      vertex -4.53154 -30.5 65.8869
    endloop
  endfacet
  facet normal 0 -1 -0
    outer loop
      vertex -4.53154 -30.5 65.8869
      vertex -13 -30.5 53
      vertex -4.33013 -30.5 65.5
    endloop
  endfacet
  facet normal 0 -1 -0
    outer loop
      vertex -0.435779 -30.5 63.019
      vertex -13 -30.5 53
      vertex 0 -30.5 63
    endloop
  endfacet
  facet normal 0 -1 -0
    outer loop
      vertex -0.86824 -30.5 63.076
      vertex -13 -30.5 53
      vertex -0.435779 -30.5 63.019
    endloop
  endfacet
  facet normal 0 -1 -0
    outer loop
      vertex -1.2941 -30.5 63.1704
      vertex -13 -30.5 53
      vertex -0.86824 -30.5 63.076
    endloop
  endfacet
  facet normal 0 -1 -0
    outer loop
      vertex -1.7101 -30.5 63.3015
      vertex -13 -30.5 53
      vertex -1.2941 -30.5 63.1704
    endloop
  endfacet
  facet normal 0 -1 -0
    outer loop
      vertex -2.11309 -30.5 63.4685
      vertex -13 -30.5 53
      vertex -1.7101 -30.5 63.3015
    endloop
  endfacet
  facet normal 0 -1 -0
    outer loop
      vertex -2.5 -30.5 63.6699
      vertex -13 -30.5 53
      vertex -2.11309 -30.5 63.4685
    endloop
  endfacet
  facet normal 0 -1 -0
    outer loop
      vertex -2.86788 -30.5 63.9042
      vertex -13 -30.5 53
      vertex -2.5 -30.5 63.6699
    endloop
  endfacet
  facet normal 0 -1 -0
    outer loop
      vertex -3.21394 -30.5 64.1698
      vertex -13 -30.5 53
      vertex -2.86788 -30.5 63.9042
    endloop
  endfacet
  facet normal 0 -1 -0
    outer loop
      vertex -3.53553 -30.5 64.4645
      vertex -13 -30.5 53
      vertex -3.21394 -30.5 64.1698
    endloop
  endfacet
  facet normal 0 -1 -0
    outer loop
      vertex -3.83022 -30.5 64.7861
      vertex -13 -30.5 53
      vertex -3.53553 -30.5 64.4645
    endloop
  endfacet
  facet normal 0 -1 -0
    outer loop
      vertex -4.09576 -30.5 65.1321
      vertex -13 -30.5 53
      vertex -3.83022 -30.5 64.7861
    endloop
  endfacet
  facet normal 0 -1 -0
    outer loop
      vertex -4.33013 -30.5 65.5
      vertex -13 -30.5 53
      vertex -4.09576 -30.5 65.1321
    endloop
  endfacet
  facet normal 0 -1 0
    outer loop
      vertex 3.21394 -30.5 71.8302
      vertex 13 -30.5 79
      vertex 0 -30.5 74.682
    endloop
  endfacet
  facet normal 0 -1 0
    outer loop
      vertex 3.53553 -30.5 71.5355
      vertex 13 -30.5 79
      vertex 3.21394 -30.5 71.8302
    endloop
  endfacet
  facet normal 0 -1 0
    outer loop
      vertex 3.83022 -30.5 71.2139
      vertex 13 -30.5 79
      vertex 3.53553 -30.5 71.5355
    endloop
  endfacet
  facet normal 0 -1 0
    outer loop
      vertex 4.09576 -30.5 70.8679
      vertex 13 -30.5 79
      vertex 3.83022 -30.5 71.2139
    endloop
  endfacet
  facet normal 0 -1 0
    outer loop
      vertex 4.33013 -30.5 70.5
      vertex 13 -30.5 79
      vertex 4.09576 -30.5 70.8679
    endloop
  endfacet
  facet normal 0 -1 0
    outer loop
      vertex 4.53154 -30.5 70.1131
      vertex 13 -30.5 79
      vertex 4.33013 -30.5 70.5
    endloop
  endfacet
  facet normal 0 -1 0
    outer loop
      vertex 4.69846 -30.5 69.7101
      vertex 13 -30.5 79
      vertex 4.53154 -30.5 70.1131
    endloop
  endfacet
  facet normal 0 -1 0
    outer loop
      vertex 4.82963 -30.5 69.2941
      vertex 13 -30.5 79
      vertex 4.69846 -30.5 69.7101
    endloop
  endfacet
  facet normal 0 -1 0
    outer loop
      vertex 4.92404 -30.5 68.8682
      vertex 13 -30.5 79
      vertex 4.82963 -30.5 69.2941
    endloop
  endfacet
  facet normal 0 -1 0
    outer loop
      vertex 4.98097 -30.5 68.4358
      vertex 13 -30.5 79
      vertex 4.92404 -30.5 68.8682
    endloop
  endfacet
  facet normal 0 -1 0
    outer loop
      vertex 5 -30.5 68
      vertex 13 -30.5 79
      vertex 4.98097 -30.5 68.4358
    endloop
  endfacet
  facet normal 0 -1 0
    outer loop
      vertex 4.98097 -30.5 67.5642
      vertex 13 -30.5 79
      vertex 5 -30.5 68
    endloop
  endfacet
  facet normal 0 -1 0
    outer loop
      vertex 13 -30.5 53
      vertex 4.98097 -30.5 67.5642
      vertex 4.92404 -30.5 67.1318
    endloop
  endfacet
  facet normal 0 -1 0
    outer loop
      vertex 13 -30.5 53
      vertex 4.92404 -30.5 67.1318
      vertex 4.82963 -30.5 66.7059
    endloop
  endfacet
  facet normal 0 -1 0
    outer loop
      vertex 13 -30.5 53
      vertex 4.82963 -30.5 66.7059
      vertex 4.69846 -30.5 66.2899
    endloop
  endfacet
  facet normal 0 -1 0
    outer loop
      vertex 13 -30.5 53
      vertex 4.69846 -30.5 66.2899
      vertex 4.53154 -30.5 65.8869
    endloop
  endfacet
  facet normal 0 -1 0
    outer loop
      vertex 13 -30.5 53
      vertex 4.53154 -30.5 65.8869
      vertex 4.33013 -30.5 65.5
    endloop
  endfacet
  facet normal 0 -1 0
    outer loop
      vertex 13 -30.5 53
      vertex 4.33013 -30.5 65.5
      vertex 4.09576 -30.5 65.1321
    endloop
  endfacet
  facet normal 0 -1 0
    outer loop
      vertex 13 -30.5 53
      vertex 0 -30.5 63
      vertex -13 -30.5 53
    endloop
  endfacet
  facet normal 0 -1 0
    outer loop
      vertex 0 -30.5 63
      vertex 13 -30.5 53
      vertex 0.435779 -30.5 63.019
    endloop
  endfacet
  facet normal 0 -1 0
    outer loop
      vertex 0.435779 -30.5 63.019
      vertex 13 -30.5 53
      vertex 0.86824 -30.5 63.076
    endloop
  endfacet
  facet normal 0 -1 0
    outer loop
      vertex 0.86824 -30.5 63.076
      vertex 13 -30.5 53
      vertex 1.2941 -30.5 63.1704
    endloop
  endfacet
  facet normal 0 -1 0
    outer loop
      vertex 1.2941 -30.5 63.1704
      vertex 13 -30.5 53
      vertex 1.7101 -30.5 63.3015
    endloop
  endfacet
  facet normal 0 -1 0
    outer loop
      vertex 1.7101 -30.5 63.3015
      vertex 13 -30.5 53
      vertex 2.11309 -30.5 63.4685
    endloop
  endfacet
  facet normal 0 -1 0
    outer loop
      vertex 2.11309 -30.5 63.4685
      vertex 13 -30.5 53
      vertex 2.5 -30.5 63.6699
    endloop
  endfacet
  facet normal 0 -1 0
    outer loop
      vertex 4.98097 -30.5 67.5642
      vertex 13 -30.5 53
      vertex 13 -30.5 79
    endloop
  endfacet
  facet normal 0 -1 0
    outer loop
      vertex 3.83022 -30.5 64.7861
      vertex 13 -30.5 53
      vertex 4.09576 -30.5 65.1321
    endloop
  endfacet
  facet normal 0 -1 0
    outer loop
      vertex 3.53553 -30.5 64.4645
      vertex 13 -30.5 53
      vertex 3.83022 -30.5 64.7861
    endloop
  endfacet
  facet normal 0 -1 0
    outer loop
      vertex 3.21394 -30.5 64.1698
      vertex 13 -30.5 53
      vertex 3.53553 -30.5 64.4645
    endloop
  endfacet
  facet normal 0 -1 0
    outer loop
      vertex 2.86788 -30.5 63.9042
      vertex 13 -30.5 53
      vertex 3.21394 -30.5 64.1698
    endloop
  endfacet
  facet normal 0 -1 0
    outer loop
      vertex 2.5 -30.5 63.6699
      vertex 13 -30.5 53
      vertex 2.86788 -30.5 63.9042
    endloop
  endfacet
  facet normal -0.843473 -0.537172 0
    outer loop
      vertex -42.0958 -28.3679 0
      vertex -42.3301 -28 53
      vertex -42.3301 -28 0
    endloop
  endfacet
  facet normal -0.843473 -0.537172 0
    outer loop
      vertex -42.3301 -28 53
      vertex -42.0958 -28.3679 0
      vertex -42.0958 -28.3679 53
    endloop
  endfacet
  facet normal 0.843473 0.537172 0
    outer loop
      vertex 42.3301 28 53
      vertex 42.0958 28.3679 0
      vertex 42.0958 28.3679 53
    endloop
  endfacet
  facet normal 0.843473 0.537172 0
    outer loop
      vertex 42.0958 28.3679 0
      vertex 42.3301 28 53
      vertex 42.3301 28 0
    endloop
  endfacet
  facet normal 0.976306 0.216396 0
    outer loop
      vertex 42.924 26.3682 53
      vertex 42.8296 26.7941 0
      vertex 42.8296 26.7941 53
    endloop
  endfacet
  facet normal 0.976306 0.216396 0
    outer loop
      vertex 42.8296 26.7941 0
      vertex 42.924 26.3682 53
      vertex 42.924 26.3682 0
    endloop
  endfacet
  facet normal -0.737268 0.6756 0
    outer loop
      vertex -41.8302 28.7139 0
      vertex -41.5355 29.0355 53
      vertex -41.5355 29.0355 0
    endloop
  endfacet
  facet normal -0.737268 0.6756 0
    outer loop
      vertex -41.5355 29.0355 53
      vertex -41.8302 28.7139 0
      vertex -41.8302 28.7139 53
    endloop
  endfacet
  facet normal 0.0435566 -0.999051 0
    outer loop
      vertex 38 -30.5 0
      vertex 38.4358 -30.481 53
      vertex 38 -30.5 53
    endloop
  endfacet
  facet normal 0.0435566 -0.999051 0
    outer loop
      vertex 38.4358 -30.481 53
      vertex 38 -30.5 0
      vertex 38.4358 -30.481 0
    endloop
  endfacet
  facet normal 0 1 0
    outer loop
      vertex 23.3877 30.5 42.9215
      vertex 25 30.5 44.341
      vertex 23.4802 30.5 42.9925
    endloop
  endfacet
  facet normal 0 1 0
    outer loop
      vertex 25 30.5 44.341
      vertex 23.3877 30.5 42.9215
      vertex -25 30.5 44.341
    endloop
  endfacet
  facet normal 0 1 -0
    outer loop
      vertex -23.3877 30.5 42.9215
      vertex -25 30.5 44.341
      vertex 23.3877 30.5 42.9215
    endloop
  endfacet
  facet normal 0 1 0
    outer loop
      vertex -25 30.5 44.341
      vertex -23.3877 30.5 42.9215
      vertex -23.4802 30.5 42.9925
    endloop
  endfacet
  facet normal 0 1 -0
    outer loop
      vertex 23.2274 30.5 42.7746
      vertex -23.3877 30.5 42.9215
      vertex 23.3877 30.5 42.9215
    endloop
  endfacet
  facet normal 0 1 0
    outer loop
      vertex 23.2274 30.5 42.7746
      vertex -23.2274 30.5 42.7746
      vertex -23.3877 30.5 42.9215
    endloop
  endfacet
  facet normal 0 1 -0
    outer loop
      vertex 23.2264 30.5 42.7736
      vertex -23.2274 30.5 42.7746
      vertex 23.2274 30.5 42.7746
    endloop
  endfacet
  facet normal 0 1 0
    outer loop
      vertex 23.2264 30.5 42.7736
      vertex -23.2264 30.5 42.7736
      vertex -23.2274 30.5 42.7746
    endloop
  endfacet
  facet normal 0 1 -0
    outer loop
      vertex 23.2254 30.5 42.7726
      vertex -23.2264 30.5 42.7736
      vertex 23.2264 30.5 42.7736
    endloop
  endfacet
  facet normal 0 1 0
    outer loop
      vertex 23.2254 30.5 42.7726
      vertex -23.2254 30.5 42.7726
      vertex -23.2264 30.5 42.7736
    endloop
  endfacet
  facet normal 0 1 -0
    outer loop
      vertex 23.0785 30.5 42.6123
      vertex -23.2254 30.5 42.7726
      vertex 23.2254 30.5 42.7726
    endloop
  endfacet
  facet normal 0 1 0
    outer loop
      vertex 23.0785 30.5 42.6123
      vertex -23.0785 30.5 42.6123
      vertex -23.2254 30.5 42.7726
    endloop
  endfacet
  facet normal 0 1 -0
    outer loop
      vertex 22.9453 30.5 42.4387
      vertex -23.0785 30.5 42.6123
      vertex 23.0785 30.5 42.6123
    endloop
  endfacet
  facet normal 0 1 0
    outer loop
      vertex 22.9453 30.5 42.4387
      vertex -22.9453 30.5 42.4387
      vertex -23.0785 30.5 42.6123
    endloop
  endfacet
  facet normal 0 1 -0
    outer loop
      vertex 22.8277 30.5 42.2542
      vertex -22.9453 30.5 42.4387
      vertex 22.9453 30.5 42.4387
    endloop
  endfacet
  facet normal 0 1 0
    outer loop
      vertex 22.8277 30.5 42.2542
      vertex -22.8277 30.5 42.2542
      vertex -22.9453 30.5 42.4387
    endloop
  endfacet
  facet normal 0 1 -0
    outer loop
      vertex 22.7274 30.5 42.0613
      vertex -22.8277 30.5 42.2542
      vertex 22.8277 30.5 42.2542
    endloop
  endfacet
  facet normal 0 1 0
    outer loop
      vertex 22.7274 30.5 42.0613
      vertex -22.7274 30.5 42.0613
      vertex -22.8277 30.5 42.2542
    endloop
  endfacet
  facet normal 0 1 -0
    outer loop
      vertex 22.7267 30.5 42.0601
      vertex -22.7274 30.5 42.0613
      vertex 22.7274 30.5 42.0613
    endloop
  endfacet
  facet normal 0 1 0
    outer loop
      vertex 22.7267 30.5 42.0601
      vertex -22.7267 30.5 42.0601
      vertex -22.7274 30.5 42.0613
    endloop
  endfacet
  facet normal 0 1 -0
    outer loop
      vertex 22.7261 30.5 42.0587
      vertex -22.7267 30.5 42.0601
      vertex 22.7267 30.5 42.0601
    endloop
  endfacet
  facet normal 0 1 0
    outer loop
      vertex 22.7261 30.5 42.0587
      vertex -22.7261 30.5 42.0587
      vertex -22.7267 30.5 42.0601
    endloop
  endfacet
  facet normal 0 1 -0
    outer loop
      vertex 22.643 30.5 41.8579
      vertex -22.7261 30.5 42.0587
      vertex 22.7261 30.5 42.0587
    endloop
  endfacet
  facet normal 0 1 0
    outer loop
      vertex 22.643 30.5 41.8579
      vertex -22.643 30.5 41.8579
      vertex -22.7261 30.5 42.0587
    endloop
  endfacet
  facet normal 0 1 -0
    outer loop
      vertex 22.6425 30.5 41.8565
      vertex -22.643 30.5 41.8579
      vertex 22.643 30.5 41.8579
    endloop
  endfacet
  facet normal 0 1 0
    outer loop
      vertex 22.6425 30.5 41.8565
      vertex -22.6425 30.5 41.8565
      vertex -22.643 30.5 41.8579
    endloop
  endfacet
  facet normal 0 1 -0
    outer loop
      vertex 22.5772 30.5 41.6492
      vertex -22.6425 30.5 41.8565
      vertex 22.6425 30.5 41.8565
    endloop
  endfacet
  facet normal 0 1 0
    outer loop
      vertex 22.5772 30.5 41.6492
      vertex -22.5772 30.5 41.6492
      vertex -22.6425 30.5 41.8565
    endloop
  endfacet
  facet normal 0 1 -0
    outer loop
      vertex 22.5301 30.5 41.437
      vertex -22.5772 30.5 41.6492
      vertex 22.5772 30.5 41.6492
    endloop
  endfacet
  facet normal 0 1 0
    outer loop
      vertex 22.5301 30.5 41.437
      vertex -22.5301 30.5 41.437
      vertex -22.5772 30.5 41.6492
    endloop
  endfacet
  facet normal 0 1 -0
    outer loop
      vertex 22.5298 30.5 41.4356
      vertex -22.5301 30.5 41.437
      vertex 22.5301 30.5 41.437
    endloop
  endfacet
  facet normal 0 1 0
    outer loop
      vertex 22.5298 30.5 41.4356
      vertex -22.5298 30.5 41.4356
      vertex -22.5301 30.5 41.437
    endloop
  endfacet
  facet normal 0 1 -0
    outer loop
      vertex 22.5296 30.5 41.4341
      vertex -22.5298 30.5 41.4356
      vertex 22.5298 30.5 41.4356
    endloop
  endfacet
  facet normal 0 1 0
    outer loop
      vertex 22.5296 30.5 41.4341
      vertex -22.5296 30.5 41.4341
      vertex -22.5298 30.5 41.4356
    endloop
  endfacet
  facet normal 0 1 -0
    outer loop
      vertex 22.5012 30.5 41.2186
      vertex -22.5296 30.5 41.4341
      vertex 22.5296 30.5 41.4341
    endloop
  endfacet
  facet normal 0 1 0
    outer loop
      vertex 22.5012 30.5 41.2186
      vertex -22.5012 30.5 41.2186
      vertex -22.5296 30.5 41.4341
    endloop
  endfacet
  facet normal 0 1 -0
    outer loop
      vertex 22.4918 30.5 41.0014
      vertex -22.5012 30.5 41.2186
      vertex 22.5012 30.5 41.2186
    endloop
  endfacet
  facet normal 0 1 0
    outer loop
      vertex 22.4918 30.5 41.0014
      vertex -22.4918 30.5 41.0014
      vertex -22.5012 30.5 41.2186
    endloop
  endfacet
  facet normal 0 1 -0
    outer loop
      vertex 22.4917 30.5 41
      vertex -22.4918 30.5 41.0014
      vertex 22.4918 30.5 41.0014
    endloop
  endfacet
  facet normal 0 1 0
    outer loop
      vertex 22.4917 30.5 41
      vertex -22.4917 30.5 41
      vertex -22.4918 30.5 41.0014
    endloop
  endfacet
  facet normal 0 1 0
    outer loop
      vertex 22.4918 30.5 40.9986
      vertex -22.4917 30.5 41
      vertex 22.4917 30.5 41
    endloop
  endfacet
  facet normal 0 1 0
    outer loop
      vertex 22.4918 30.5 40.9986
      vertex -22.4918 30.5 40.9986
      vertex -22.4917 30.5 41
    endloop
  endfacet
  facet normal 0 1 0
    outer loop
      vertex 22.5012 30.5 40.7814
      vertex -22.4918 30.5 40.9986
      vertex 22.4918 30.5 40.9986
    endloop
  endfacet
  facet normal 0 1 0
    outer loop
      vertex 22.5012 30.5 40.7814
      vertex -22.5012 30.5 40.7814
      vertex -22.4918 30.5 40.9986
    endloop
  endfacet
  facet normal 0 1 0
    outer loop
      vertex 0 30.5 17.341
      vertex 22.5012 30.5 40.7814
      vertex 22.5296 30.5 40.5659
    endloop
  endfacet
  facet normal 0 1 0
    outer loop
      vertex 22.5012 30.5 40.7814
      vertex 0 30.5 17.341
      vertex -22.5012 30.5 40.7814
    endloop
  endfacet
  facet normal 0 1 0
    outer loop
      vertex 0 30.5 17.341
      vertex 22.5296 30.5 40.5659
      vertex 22.5298 30.5 40.5644
    endloop
  endfacet
  facet normal 0 1 0
    outer loop
      vertex -22.5012 30.5 40.7814
      vertex 0 30.5 17.341
      vertex -22.5296 30.5 40.5659
    endloop
  endfacet
  facet normal 0 1 0
    outer loop
      vertex 0 30.5 17.341
      vertex 22.5298 30.5 40.5644
      vertex 22.5301 30.5 40.563
    endloop
  endfacet
  facet normal 0 1 0
    outer loop
      vertex -22.5296 30.5 40.5659
      vertex 0 30.5 17.341
      vertex -22.5298 30.5 40.5644
    endloop
  endfacet
  facet normal 0 1 0
    outer loop
      vertex 0 30.5 17.341
      vertex 22.5301 30.5 40.563
      vertex 22.5772 30.5 40.3508
    endloop
  endfacet
  facet normal 0 1 0
    outer loop
      vertex -22.5298 30.5 40.5644
      vertex 0 30.5 17.341
      vertex -22.5301 30.5 40.563
    endloop
  endfacet
  facet normal 0 1 0
    outer loop
      vertex 0 30.5 17.341
      vertex 22.5772 30.5 40.3508
      vertex 22.6425 30.5 40.1435
    endloop
  endfacet
  facet normal 0 1 0
    outer loop
      vertex -22.5301 30.5 40.563
      vertex 0 30.5 17.341
      vertex -22.5772 30.5 40.3508
    endloop
  endfacet
  facet normal 0 1 0
    outer loop
      vertex 0 30.5 17.341
      vertex 22.6425 30.5 40.1435
      vertex 22.643 30.5 40.1421
    endloop
  endfacet
  facet normal 0 1 0
    outer loop
      vertex -22.5772 30.5 40.3508
      vertex 0 30.5 17.341
      vertex -22.6425 30.5 40.1435
    endloop
  endfacet
  facet normal 0 1 0
    outer loop
      vertex 0 30.5 17.341
      vertex 22.643 30.5 40.1421
      vertex 22.7261 30.5 39.9413
    endloop
  endfacet
  facet normal 0 1 0
    outer loop
      vertex -22.6425 30.5 40.1435
      vertex 0 30.5 17.341
      vertex -22.643 30.5 40.1421
    endloop
  endfacet
  facet normal 0 1 0
    outer loop
      vertex 0 30.5 17.341
      vertex 22.7261 30.5 39.9413
      vertex 22.7267 30.5 39.9399
    endloop
  endfacet
  facet normal 0 1 0
    outer loop
      vertex -22.643 30.5 40.1421
      vertex 0 30.5 17.341
      vertex -22.7261 30.5 39.9413
    endloop
  endfacet
  facet normal 0 1 0
    outer loop
      vertex 0 30.5 17.341
      vertex 22.7267 30.5 39.9399
      vertex 22.7274 30.5 39.9387
    endloop
  endfacet
  facet normal 0 1 0
    outer loop
      vertex -22.7261 30.5 39.9413
      vertex 0 30.5 17.341
      vertex -22.7267 30.5 39.9399
    endloop
  endfacet
  facet normal 0 1 0
    outer loop
      vertex 0 30.5 17.341
      vertex 22.7274 30.5 39.9387
      vertex 22.8277 30.5 39.7458
    endloop
  endfacet
  facet normal 0 1 0
    outer loop
      vertex -22.7267 30.5 39.9399
      vertex 0 30.5 17.341
      vertex -22.7274 30.5 39.9387
    endloop
  endfacet
  facet normal 0 1 0
    outer loop
      vertex 0 30.5 17.341
      vertex 22.8277 30.5 39.7458
      vertex 22.9453 30.5 39.5613
    endloop
  endfacet
  facet normal 0 1 0
    outer loop
      vertex -22.7274 30.5 39.9387
      vertex 0 30.5 17.341
      vertex -22.8277 30.5 39.7458
    endloop
  endfacet
  facet normal 0 1 0
    outer loop
      vertex 0 30.5 17.341
      vertex 22.9453 30.5 39.5613
      vertex 23.0785 30.5 39.3877
    endloop
  endfacet
  facet normal 0 1 0
    outer loop
      vertex -22.8277 30.5 39.7458
      vertex 0 30.5 17.341
      vertex -22.9453 30.5 39.5613
    endloop
  endfacet
  facet normal 0 1 0
    outer loop
      vertex 0 30.5 17.341
      vertex 23.0785 30.5 39.3877
      vertex 23.2254 30.5 39.2274
    endloop
  endfacet
  facet normal 0 1 0
    outer loop
      vertex -22.9453 30.5 39.5613
      vertex 0 30.5 17.341
      vertex -23.0785 30.5 39.3877
    endloop
  endfacet
  facet normal 0 1 0
    outer loop
      vertex 1.61231 30.5 15.9215
      vertex 23.2254 30.5 39.2274
      vertex 23.2264 30.5 39.2264
    endloop
  endfacet
  facet normal 0 1 0
    outer loop
      vertex -23.0785 30.5 39.3877
      vertex 0 30.5 17.341
      vertex -23.2254 30.5 39.2274
    endloop
  endfacet
  facet normal 0 1 0
    outer loop
      vertex 1.61231 30.5 15.9215
      vertex 23.2264 30.5 39.2264
      vertex 23.2274 30.5 39.2254
    endloop
  endfacet
  facet normal 0 1 -0
    outer loop
      vertex -1.51981 30.5 15.9925
      vertex -23.2254 30.5 39.2274
      vertex 0 30.5 17.341
    endloop
  endfacet
  facet normal 0 1 0
    outer loop
      vertex 1.77257 30.5 15.7746
      vertex 23.2274 30.5 39.2254
      vertex 23.3877 30.5 39.0785
    endloop
  endfacet
  facet normal 0 1 -0
    outer loop
      vertex -1.61231 30.5 15.9215
      vertex -23.2254 30.5 39.2274
      vertex -1.51981 30.5 15.9925
    endloop
  endfacet
  facet normal 0 1 0
    outer loop
      vertex 1.92147 30.5 15.6123
      vertex 23.3877 30.5 39.0785
      vertex 23.5613 30.5 38.9453
    endloop
  endfacet
  facet normal 0 1 0
    outer loop
      vertex -23.2254 30.5 39.2274
      vertex -1.61231 30.5 15.9215
      vertex -23.2264 30.5 39.2264
    endloop
  endfacet
  facet normal 0 1 0
    outer loop
      vertex 2.05468 30.5 15.4387
      vertex 23.5613 30.5 38.9453
      vertex 23.7458 30.5 38.8277
    endloop
  endfacet
  facet normal 0 1 0
    outer loop
      vertex -23.2264 30.5 39.2264
      vertex -1.61231 30.5 15.9215
      vertex -23.2274 30.5 39.2254
    endloop
  endfacet
  facet normal 0 1 0
    outer loop
      vertex 2.17226 30.5 15.2542
      vertex 23.7458 30.5 38.8277
      vertex 23.9387 30.5 38.7274
    endloop
  endfacet
  facet normal 0 1 -0
    outer loop
      vertex -1.77257 30.5 15.7746
      vertex -23.2274 30.5 39.2254
      vertex -1.61231 30.5 15.9215
    endloop
  endfacet
  facet normal 0 1 0
    outer loop
      vertex 2.17226 30.5 15.2542
      vertex 23.9387 30.5 38.7274
      vertex 23.9399 30.5 38.7267
    endloop
  endfacet
  facet normal 0 1 0
    outer loop
      vertex -23.2274 30.5 39.2254
      vertex -1.77257 30.5 15.7746
      vertex -23.3877 30.5 39.0785
    endloop
  endfacet
  facet normal 0 1 0
    outer loop
      vertex 2.17226 30.5 15.2542
      vertex 23.9399 30.5 38.7267
      vertex 23.9413 30.5 38.7262
    endloop
  endfacet
  facet normal 0 1 -0
    outer loop
      vertex -1.77364 30.5 15.7736
      vertex -23.3877 30.5 39.0785
      vertex -1.77257 30.5 15.7746
    endloop
  endfacet
  facet normal 0 1 0
    outer loop
      vertex 2.27263 30.5 15.0613
      vertex 23.9413 30.5 38.7262
      vertex 24.1421 30.5 38.643
    endloop
  endfacet
  facet normal 0 1 -0
    outer loop
      vertex -1.77462 30.5 15.7726
      vertex -23.3877 30.5 39.0785
      vertex -1.77364 30.5 15.7736
    endloop
  endfacet
  facet normal 0 1 0
    outer loop
      vertex 2.27385 30.5 15.0587
      vertex 24.1421 30.5 38.643
      vertex 24.1435 30.5 38.6425
    endloop
  endfacet
  facet normal 0 1 -0
    outer loop
      vertex -1.92147 30.5 15.6123
      vertex -23.3877 30.5 39.0785
      vertex -1.77462 30.5 15.7726
    endloop
  endfacet
  facet normal 0 1 0
    outer loop
      vertex 2.35703 30.5 14.8579
      vertex 24.1435 30.5 38.6425
      vertex 24.3508 30.5 38.5772
    endloop
  endfacet
  facet normal 0 1 0
    outer loop
      vertex -23.3877 30.5 39.0785
      vertex -1.92147 30.5 15.6123
      vertex -23.5613 30.5 38.9453
    endloop
  endfacet
  facet normal 0 1 0
    outer loop
      vertex 2.42284 30.5 14.6492
      vertex 24.3508 30.5 38.5772
      vertex 24.563 30.5 38.5301
    endloop
  endfacet
  facet normal 0 1 -0
    outer loop
      vertex -2.05468 30.5 15.4387
      vertex -23.5613 30.5 38.9453
      vertex -1.92147 30.5 15.6123
    endloop
  endfacet
  facet normal 0 1 0
    outer loop
      vertex 2.42284 30.5 14.6492
      vertex 24.563 30.5 38.5301
      vertex 24.5644 30.5 38.5298
    endloop
  endfacet
  facet normal 0 1 0
    outer loop
      vertex -23.5613 30.5 38.9453
      vertex -2.05468 30.5 15.4387
      vertex -23.7458 30.5 38.8277
    endloop
  endfacet
  facet normal 0 1 0
    outer loop
      vertex 2.42284 30.5 14.6492
      vertex 24.5644 30.5 38.5298
      vertex 24.5659 30.5 38.5296
    endloop
  endfacet
  facet normal 0 1 -0
    outer loop
      vertex -2.17226 30.5 15.2542
      vertex -23.7458 30.5 38.8277
      vertex -2.05468 30.5 15.4387
    endloop
  endfacet
  facet normal 0 1 0
    outer loop
      vertex 2.46988 30.5 14.437
      vertex 24.5659 30.5 38.5296
      vertex 24.7814 30.5 38.5012
    endloop
  endfacet
  facet normal 0 1 0
    outer loop
      vertex -23.7458 30.5 38.8277
      vertex -2.17226 30.5 15.2542
      vertex -23.9387 30.5 38.7274
    endloop
  endfacet
  facet normal 0 1 0
    outer loop
      vertex 2.49876 30.5 14.2186
      vertex 24.7814 30.5 38.5012
      vertex 24.9986 30.5 38.4918
    endloop
  endfacet
  facet normal 0 1 0
    outer loop
      vertex -23.9387 30.5 38.7274
      vertex -2.17226 30.5 15.2542
      vertex -23.9399 30.5 38.7267
    endloop
  endfacet
  facet normal 0 1 0
    outer loop
      vertex 2.49876 30.5 14.2186
      vertex 24.9986 30.5 38.4918
      vertex 25 30.5 38.4917
    endloop
  endfacet
  facet normal 0 1 0
    outer loop
      vertex -23.9399 30.5 38.7267
      vertex -2.17226 30.5 15.2542
      vertex -23.9413 30.5 38.7262
    endloop
  endfacet
  facet normal 0 1 0
    outer loop
      vertex 38 30.5 53
      vertex 25 30.5 44.341
      vertex -38 30.5 53
    endloop
  endfacet
  facet normal 0 1 0
    outer loop
      vertex 38 30.5 53
      vertex 26.5198 30.5 42.9925
      vertex 25 30.5 44.341
    endloop
  endfacet
  facet normal 0 1 0
    outer loop
      vertex 38 30.5 53
      vertex 26.6123 30.5 42.9215
      vertex 26.5198 30.5 42.9925
    endloop
  endfacet
  facet normal 0 1 0
    outer loop
      vertex 38 30.5 53
      vertex 26.7726 30.5 42.7746
      vertex 26.6123 30.5 42.9215
    endloop
  endfacet
  facet normal 0 1 0
    outer loop
      vertex 38 30.5 53
      vertex 26.7736 30.5 42.7736
      vertex 26.7726 30.5 42.7746
    endloop
  endfacet
  facet normal 0 1 0
    outer loop
      vertex 38 30.5 53
      vertex 26.7746 30.5 42.7726
      vertex 26.7736 30.5 42.7736
    endloop
  endfacet
  facet normal 0 1 0
    outer loop
      vertex 38 30.5 53
      vertex 26.9215 30.5 42.6123
      vertex 26.7746 30.5 42.7726
    endloop
  endfacet
  facet normal 0 1 0
    outer loop
      vertex 38 30.5 53
      vertex 27.0547 30.5 42.4387
      vertex 26.9215 30.5 42.6123
    endloop
  endfacet
  facet normal 0 1 0
    outer loop
      vertex 38 30.5 53
      vertex 27.1723 30.5 42.2542
      vertex 27.0547 30.5 42.4387
    endloop
  endfacet
  facet normal 0 1 0
    outer loop
      vertex 38 30.5 53
      vertex 27.2726 30.5 42.0613
      vertex 27.1723 30.5 42.2542
    endloop
  endfacet
  facet normal 0 1 0
    outer loop
      vertex 38 30.5 53
      vertex 27.2733 30.5 42.0601
      vertex 27.2726 30.5 42.0613
    endloop
  endfacet
  facet normal 0 1 0
    outer loop
      vertex 38 30.5 53
      vertex 27.2739 30.5 42.0587
      vertex 27.2733 30.5 42.0601
    endloop
  endfacet
  facet normal 0 1 0
    outer loop
      vertex 38 30.5 53
      vertex 27.357 30.5 41.8579
      vertex 27.2739 30.5 42.0587
    endloop
  endfacet
  facet normal 0 1 0
    outer loop
      vertex 38 30.5 53
      vertex 27.3575 30.5 41.8565
      vertex 27.357 30.5 41.8579
    endloop
  endfacet
  facet normal 0 1 0
    outer loop
      vertex 38 30.5 53
      vertex 27.4228 30.5 41.6492
      vertex 27.3575 30.5 41.8565
    endloop
  endfacet
  facet normal 0 1 0
    outer loop
      vertex 38 30.5 53
      vertex 27.4699 30.5 41.437
      vertex 27.4228 30.5 41.6492
    endloop
  endfacet
  facet normal 0 1 0
    outer loop
      vertex 38 30.5 53
      vertex 27.4702 30.5 41.4356
      vertex 27.4699 30.5 41.437
    endloop
  endfacet
  facet normal 0 1 0
    outer loop
      vertex 38 30.5 53
      vertex 27.4704 30.5 41.4341
      vertex 27.4702 30.5 41.4356
    endloop
  endfacet
  facet normal 0 1 0
    outer loop
      vertex 38 30.5 53
      vertex 27.4988 30.5 41.2186
      vertex 27.4704 30.5 41.4341
    endloop
  endfacet
  facet normal 0 1 0
    outer loop
      vertex 38 30.5 53
      vertex 27.5082 30.5 41.0014
      vertex 27.4988 30.5 41.2186
    endloop
  endfacet
  facet normal 0 1 0
    outer loop
      vertex 38 30.5 53
      vertex 27.5083 30.5 41
      vertex 27.5082 30.5 41.0014
    endloop
  endfacet
  facet normal 0 1 0
    outer loop
      vertex 38 30.5 53
      vertex 27.5082 30.5 40.9986
      vertex 27.5083 30.5 41
    endloop
  endfacet
  facet normal 0 1 0
    outer loop
      vertex 38 30.5 53
      vertex 27.4988 30.5 40.7814
      vertex 27.5082 30.5 40.9986
    endloop
  endfacet
  facet normal 0 1 0
    outer loop
      vertex 38 30.5 53
      vertex 27.4704 30.5 40.5659
      vertex 27.4988 30.5 40.7814
    endloop
  endfacet
  facet normal 0 1 0
    outer loop
      vertex 38 30.5 53
      vertex 27.4702 30.5 40.5644
      vertex 27.4704 30.5 40.5659
    endloop
  endfacet
  facet normal 0 1 0
    outer loop
      vertex 38 30.5 53
      vertex 27.4699 30.5 40.563
      vertex 27.4702 30.5 40.5644
    endloop
  endfacet
  facet normal 0 1 0
    outer loop
      vertex 38 30.5 53
      vertex 27.4228 30.5 40.3508
      vertex 27.4699 30.5 40.563
    endloop
  endfacet
  facet normal 0 1 0
    outer loop
      vertex 38 30.5 53
      vertex 27.3575 30.5 40.1435
      vertex 27.4228 30.5 40.3508
    endloop
  endfacet
  facet normal 0 1 0
    outer loop
      vertex 38 30.5 53
      vertex 27.357 30.5 40.1421
      vertex 27.3575 30.5 40.1435
    endloop
  endfacet
  facet normal 0 1 0
    outer loop
      vertex 38 30.5 53
      vertex 27.2739 30.5 39.9413
      vertex 27.357 30.5 40.1421
    endloop
  endfacet
  facet normal 0 1 0
    outer loop
      vertex 38 30.5 53
      vertex 27.2733 30.5 39.9399
      vertex 27.2739 30.5 39.9413
    endloop
  endfacet
  facet normal 0 1 -0
    outer loop
      vertex 38 30.5 0
      vertex 27.2733 30.5 39.9399
      vertex 38 30.5 53
    endloop
  endfacet
  facet normal 0 1 0
    outer loop
      vertex 27.2733 30.5 39.9399
      vertex 38 30.5 0
      vertex 27.2726 30.5 39.9387
    endloop
  endfacet
  facet normal 0 1 0
    outer loop
      vertex 27.2726 30.5 39.9387
      vertex 38 30.5 0
      vertex 27.1723 30.5 39.7458
    endloop
  endfacet
  facet normal 0 1 0
    outer loop
      vertex 27.1723 30.5 39.7458
      vertex 38 30.5 0
      vertex 27.0547 30.5 39.5613
    endloop
  endfacet
  facet normal 0 -1 0
    outer loop
      vertex 26.9215 30.5 39.3877
      vertex 26.7736 30.5 39.2264
      vertex 26.7746 30.5 39.2274
    endloop
  endfacet
  facet normal 0 1 0
    outer loop
      vertex 26.2542 30.5 38.8277
      vertex 26.0601 30.5 38.7267
      vertex 26.0613 30.5 38.7274
    endloop
  endfacet
  facet normal 0 1 0
    outer loop
      vertex 26.0601 30.5 38.7267
      vertex 25.8579 30.5 38.643
      vertex 26.0587 30.5 38.7262
    endloop
  endfacet
  facet normal 0 -1 0
    outer loop
      vertex 25.8579 30.5 38.643
      vertex 25.6492 30.5 38.5772
      vertex 25.8565 30.5 38.6425
    endloop
  endfacet
  facet normal 0 -1 0
    outer loop
      vertex 25.6492 30.5 38.5772
      vertex 25.4356 30.5 38.5298
      vertex 25.437 30.5 38.5301
    endloop
  endfacet
  facet normal 0 -1 0
    outer loop
      vertex 25.4356 30.5 38.5298
      vertex 25.2186 30.5 38.5012
      vertex 25.4341 30.5 38.5296
    endloop
  endfacet
  facet normal 0 1 -0
    outer loop
      vertex -2.27263 30.5 15.0613
      vertex -23.9413 30.5 38.7262
      vertex -2.17226 30.5 15.2542
    endloop
  endfacet
  facet normal 0 1 0
    outer loop
      vertex 38 30.5 0
      vertex 25 30.5 38.4917
      vertex 25.0014 30.5 38.4918
    endloop
  endfacet
  facet normal 0 1 0
    outer loop
      vertex 38 30.5 0
      vertex 25.0014 30.5 38.4918
      vertex 25.2186 30.5 38.5012
    endloop
  endfacet
  facet normal 0 1 0
    outer loop
      vertex 38 30.5 0
      vertex 25.2186 30.5 38.5012
      vertex 25.4356 30.5 38.5298
    endloop
  endfacet
  facet normal 0 1 0
    outer loop
      vertex 38 30.5 0
      vertex 25.4356 30.5 38.5298
      vertex 25.6492 30.5 38.5772
    endloop
  endfacet
  facet normal 0 1 0
    outer loop
      vertex 38 30.5 0
      vertex 25.6492 30.5 38.5772
      vertex 25.8579 30.5 38.643
    endloop
  endfacet
  facet normal 0 1 0
    outer loop
      vertex 38 30.5 0
      vertex 25.8579 30.5 38.643
      vertex 26.0601 30.5 38.7267
    endloop
  endfacet
  facet normal 0 1 0
    outer loop
      vertex 38 30.5 0
      vertex 26.0601 30.5 38.7267
      vertex 26.2542 30.5 38.8277
    endloop
  endfacet
  facet normal 0 1 0
    outer loop
      vertex 38 30.5 0
      vertex 26.2542 30.5 38.8277
      vertex 26.4387 30.5 38.9453
    endloop
  endfacet
  facet normal 0 1 0
    outer loop
      vertex 38 30.5 0
      vertex 26.4387 30.5 38.9453
      vertex 26.6123 30.5 39.0785
    endloop
  endfacet
  facet normal 0 1 0
    outer loop
      vertex 23.2254 30.5 39.2274
      vertex 1.51981 30.5 15.9925
      vertex 0 30.5 17.341
    endloop
  endfacet
  facet normal 0 1 0
    outer loop
      vertex 38 30.5 0
      vertex 26.6123 30.5 39.0785
      vertex 26.7726 30.5 39.2254
    endloop
  endfacet
  facet normal 0 1 0
    outer loop
      vertex 38 30.5 0
      vertex 26.7726 30.5 39.2254
      vertex 26.7736 30.5 39.2264
    endloop
  endfacet
  facet normal 0 1 0
    outer loop
      vertex 23.2254 30.5 39.2274
      vertex 1.61231 30.5 15.9215
      vertex 1.51981 30.5 15.9925
    endloop
  endfacet
  facet normal 0 1 0
    outer loop
      vertex 23.2274 30.5 39.2254
      vertex 1.77257 30.5 15.7746
      vertex 1.61231 30.5 15.9215
    endloop
  endfacet
  facet normal 0 1 0
    outer loop
      vertex 23.3877 30.5 39.0785
      vertex 1.77364 30.5 15.7736
      vertex 1.77257 30.5 15.7746
    endloop
  endfacet
  facet normal 0 1 0
    outer loop
      vertex 23.3877 30.5 39.0785
      vertex 1.77462 30.5 15.7726
      vertex 1.77364 30.5 15.7736
    endloop
  endfacet
  facet normal 0 1 0
    outer loop
      vertex 23.3877 30.5 39.0785
      vertex 1.92147 30.5 15.6123
      vertex 1.77462 30.5 15.7726
    endloop
  endfacet
  facet normal 0 1 0
    outer loop
      vertex 23.5613 30.5 38.9453
      vertex 2.05468 30.5 15.4387
      vertex 1.92147 30.5 15.6123
    endloop
  endfacet
  facet normal 0 1 0
    outer loop
      vertex 23.7458 30.5 38.8277
      vertex 2.17226 30.5 15.2542
      vertex 2.05468 30.5 15.4387
    endloop
  endfacet
  facet normal 0 1 0
    outer loop
      vertex 23.9413 30.5 38.7262
      vertex 2.27263 30.5 15.0613
      vertex 2.17226 30.5 15.2542
    endloop
  endfacet
  facet normal 0 1 0
    outer loop
      vertex 24.1421 30.5 38.643
      vertex 2.2733 30.5 15.0601
      vertex 2.27263 30.5 15.0613
    endloop
  endfacet
  facet normal 0 1 0
    outer loop
      vertex 24.1421 30.5 38.643
      vertex 2.27385 30.5 15.0587
      vertex 2.2733 30.5 15.0601
    endloop
  endfacet
  facet normal 0 1 0
    outer loop
      vertex 24.1435 30.5 38.6425
      vertex 2.35703 30.5 14.8579
      vertex 2.27385 30.5 15.0587
    endloop
  endfacet
  facet normal 0 1 0
    outer loop
      vertex 24.3508 30.5 38.5772
      vertex 2.35747 30.5 14.8565
      vertex 2.35703 30.5 14.8579
    endloop
  endfacet
  facet normal 0 1 0
    outer loop
      vertex 24.3508 30.5 38.5772
      vertex 2.42284 30.5 14.6492
      vertex 2.35747 30.5 14.8565
    endloop
  endfacet
  facet normal 0 1 0
    outer loop
      vertex 24.5659 30.5 38.5296
      vertex 2.46988 30.5 14.437
      vertex 2.42284 30.5 14.6492
    endloop
  endfacet
  facet normal 0 1 0
    outer loop
      vertex 24.7814 30.5 38.5012
      vertex 2.4702 30.5 14.4356
      vertex 2.46988 30.5 14.437
    endloop
  endfacet
  facet normal 0 1 0
    outer loop
      vertex 24.7814 30.5 38.5012
      vertex 2.47039 30.5 14.4341
      vertex 2.4702 30.5 14.4356
    endloop
  endfacet
  facet normal 0 1 0
    outer loop
      vertex 24.7814 30.5 38.5012
      vertex 2.49876 30.5 14.2186
      vertex 2.47039 30.5 14.4341
    endloop
  endfacet
  facet normal 0 1 0
    outer loop
      vertex 25 30.5 38.4917
      vertex 38 30.5 0
      vertex 2.49876 30.5 14.2186
    endloop
  endfacet
  facet normal 0 1 0
    outer loop
      vertex 2.49876 30.5 14.2186
      vertex 38 30.5 0
      vertex 2.50824 30.5 14.0014
    endloop
  endfacet
  facet normal 0 1 0
    outer loop
      vertex 2.50824 30.5 14.0014
      vertex 38 30.5 0
      vertex 2.50831 30.5 14
    endloop
  endfacet
  facet normal 0 1 0
    outer loop
      vertex 2.50831 30.5 14
      vertex 38 30.5 0
      vertex 2.50824 30.5 13.9986
    endloop
  endfacet
  facet normal 0 1 0
    outer loop
      vertex 2.50824 30.5 13.9986
      vertex 38 30.5 0
      vertex 2.49876 30.5 13.7814
    endloop
  endfacet
  facet normal 0 1 0
    outer loop
      vertex 2.49876 30.5 13.7814
      vertex 38 30.5 0
      vertex 2.47039 30.5 13.5659
    endloop
  endfacet
  facet normal 0 1 0
    outer loop
      vertex 2.47039 30.5 13.5659
      vertex 38 30.5 0
      vertex 2.4702 30.5 13.5644
    endloop
  endfacet
  facet normal 0 1 0
    outer loop
      vertex 2.4702 30.5 13.5644
      vertex 38 30.5 0
      vertex 2.46988 30.5 13.563
    endloop
  endfacet
  facet normal 0 1 0
    outer loop
      vertex 2.46988 30.5 13.563
      vertex 38 30.5 0
      vertex 2.42284 30.5 13.3508
    endloop
  endfacet
  facet normal 0 1 0
    outer loop
      vertex 2.42284 30.5 13.3508
      vertex 38 30.5 0
      vertex 2.35747 30.5 13.1435
    endloop
  endfacet
  facet normal 0 1 0
    outer loop
      vertex 2.35747 30.5 13.1435
      vertex 38 30.5 0
      vertex 2.35703 30.5 13.1421
    endloop
  endfacet
  facet normal 0 1 0
    outer loop
      vertex 2.35703 30.5 13.1421
      vertex 38 30.5 0
      vertex 2.27385 30.5 12.9413
    endloop
  endfacet
  facet normal 0 1 0
    outer loop
      vertex 2.27385 30.5 12.9413
      vertex 38 30.5 0
      vertex 2.2733 30.5 12.9399
    endloop
  endfacet
  facet normal 0 1 0
    outer loop
      vertex 2.2733 30.5 12.9399
      vertex 38 30.5 0
      vertex 2.27263 30.5 12.9387
    endloop
  endfacet
  facet normal 0 1 0
    outer loop
      vertex 2.27263 30.5 12.9387
      vertex 38 30.5 0
      vertex 2.17226 30.5 12.7458
    endloop
  endfacet
  facet normal 0 1 0
    outer loop
      vertex 2.17226 30.5 12.7458
      vertex 38 30.5 0
      vertex 2.05468 30.5 12.5613
    endloop
  endfacet
  facet normal 0 1 0
    outer loop
      vertex 2.05468 30.5 12.5613
      vertex 38 30.5 0
      vertex 1.92147 30.5 12.3877
    endloop
  endfacet
  facet normal 0 1 0
    outer loop
      vertex 1.92147 30.5 12.3877
      vertex 38 30.5 0
      vertex 1.77462 30.5 12.2274
    endloop
  endfacet
  facet normal 0 -1 0
    outer loop
      vertex 1.77364 30.5 12.2264
      vertex 1.61231 30.5 12.0785
      vertex 1.77257 30.5 12.2254
    endloop
  endfacet
  facet normal 0 1 0
    outer loop
      vertex 1.25415 30.5 11.8277
      vertex 1.06006 30.5 11.7267
      vertex 1.06134 30.5 11.7274
    endloop
  endfacet
  facet normal 0 -1 0
    outer loop
      vertex 1.06006 30.5 11.7267
      vertex 0.857891 30.5 11.643
      vertex 1.05872 30.5 11.7261
    endloop
  endfacet
  facet normal 0 -1 0
    outer loop
      vertex 0.649197 30.5 11.5772
      vertex 0.435562 30.5 11.5298
      vertex 0.436977 30.5 11.5301
    endloop
  endfacet
  facet normal 0 -1 0
    outer loop
      vertex 0.435562 30.5 11.5298
      vertex 0.218613 30.5 11.5012
      vertex 0.434126 30.5 11.5296
    endloop
  endfacet
  facet normal 0 1 0
    outer loop
      vertex 0.00144766 30.5 11.4918
      vertex 38 30.5 0
      vertex 0 30.5 11.4917
    endloop
  endfacet
  facet normal 0 1 0
    outer loop
      vertex 0.218613 30.5 11.5012
      vertex 38 30.5 0
      vertex 0.00144766 30.5 11.4918
    endloop
  endfacet
  facet normal 0 1 0
    outer loop
      vertex 0.435562 30.5 11.5298
      vertex 38 30.5 0
      vertex 0.218613 30.5 11.5012
    endloop
  endfacet
  facet normal 0 1 0
    outer loop
      vertex 0.649197 30.5 11.5772
      vertex 38 30.5 0
      vertex 0.435562 30.5 11.5298
    endloop
  endfacet
  facet normal 0 1 0
    outer loop
      vertex 0.856509 30.5 11.6425
      vertex 38 30.5 0
      vertex 0.649197 30.5 11.5772
    endloop
  endfacet
  facet normal 0 1 0
    outer loop
      vertex 0.857891 30.5 11.643
      vertex 38 30.5 0
      vertex 0.856509 30.5 11.6425
    endloop
  endfacet
  facet normal 0 1 0
    outer loop
      vertex 1.06006 30.5 11.7267
      vertex 38 30.5 0
      vertex 0.857891 30.5 11.643
    endloop
  endfacet
  facet normal 0 1 0
    outer loop
      vertex 1.25415 30.5 11.8277
      vertex 38 30.5 0
      vertex 1.06006 30.5 11.7267
    endloop
  endfacet
  facet normal 0 1 0
    outer loop
      vertex 1.4387 30.5 11.9453
      vertex 38 30.5 0
      vertex 1.25415 30.5 11.8277
    endloop
  endfacet
  facet normal 0 1 0
    outer loop
      vertex 1.61231 30.5 12.0785
      vertex 38 30.5 0
      vertex 1.4387 30.5 11.9453
    endloop
  endfacet
  facet normal 0 1 0
    outer loop
      vertex 1.77364 30.5 12.2264
      vertex 38 30.5 0
      vertex 1.61231 30.5 12.0785
    endloop
  endfacet
  facet normal 0 1 0
    outer loop
      vertex 1.77462 30.5 12.2274
      vertex 38 30.5 0
      vertex 1.77364 30.5 12.2264
    endloop
  endfacet
  facet normal 0 1 0
    outer loop
      vertex 26.9215 30.5 39.3877
      vertex 38 30.5 0
      vertex 26.7736 30.5 39.2264
    endloop
  endfacet
  facet normal 0 1 0
    outer loop
      vertex 27.0547 30.5 39.5613
      vertex 38 30.5 0
      vertex 26.9215 30.5 39.3877
    endloop
  endfacet
  facet normal 0 1 -0
    outer loop
      vertex -25 30.5 44.341
      vertex -38 30.5 53
      vertex 25 30.5 44.341
    endloop
  endfacet
  facet normal 0 1 -0
    outer loop
      vertex -26.5198 30.5 42.9925
      vertex -38 30.5 53
      vertex -25 30.5 44.341
    endloop
  endfacet
  facet normal 0 1 -0
    outer loop
      vertex -26.6123 30.5 42.9215
      vertex -38 30.5 53
      vertex -26.5198 30.5 42.9925
    endloop
  endfacet
  facet normal 0 1 -0
    outer loop
      vertex -26.7726 30.5 42.7746
      vertex -38 30.5 53
      vertex -26.6123 30.5 42.9215
    endloop
  endfacet
  facet normal 0 1 -0
    outer loop
      vertex -26.7736 30.5 42.7736
      vertex -38 30.5 53
      vertex -26.7726 30.5 42.7746
    endloop
  endfacet
  facet normal 0 1 -0
    outer loop
      vertex -26.7746 30.5 42.7726
      vertex -38 30.5 53
      vertex -26.7736 30.5 42.7736
    endloop
  endfacet
  facet normal 0 1 -0
    outer loop
      vertex -26.9215 30.5 42.6123
      vertex -38 30.5 53
      vertex -26.7746 30.5 42.7726
    endloop
  endfacet
  facet normal 0 1 -0
    outer loop
      vertex -27.0547 30.5 42.4387
      vertex -38 30.5 53
      vertex -26.9215 30.5 42.6123
    endloop
  endfacet
  facet normal 0 1 -0
    outer loop
      vertex -27.1723 30.5 42.2542
      vertex -38 30.5 53
      vertex -27.0547 30.5 42.4387
    endloop
  endfacet
  facet normal 0 1 -0
    outer loop
      vertex -27.2726 30.5 42.0613
      vertex -38 30.5 53
      vertex -27.1723 30.5 42.2542
    endloop
  endfacet
  facet normal 0 1 -0
    outer loop
      vertex -27.2733 30.5 42.0601
      vertex -38 30.5 53
      vertex -27.2726 30.5 42.0613
    endloop
  endfacet
  facet normal 0 1 -0
    outer loop
      vertex -27.2739 30.5 42.0587
      vertex -38 30.5 53
      vertex -27.2733 30.5 42.0601
    endloop
  endfacet
  facet normal 0 1 -0
    outer loop
      vertex -27.357 30.5 41.8579
      vertex -38 30.5 53
      vertex -27.2739 30.5 42.0587
    endloop
  endfacet
  facet normal 0 1 -0
    outer loop
      vertex -27.3575 30.5 41.8565
      vertex -38 30.5 53
      vertex -27.357 30.5 41.8579
    endloop
  endfacet
  facet normal 0 1 -0
    outer loop
      vertex -27.4228 30.5 41.6492
      vertex -38 30.5 53
      vertex -27.3575 30.5 41.8565
    endloop
  endfacet
  facet normal 0 1 -0
    outer loop
      vertex -27.4699 30.5 41.437
      vertex -38 30.5 53
      vertex -27.4228 30.5 41.6492
    endloop
  endfacet
  facet normal 0 1 -0
    outer loop
      vertex -27.4702 30.5 41.4356
      vertex -38 30.5 53
      vertex -27.4699 30.5 41.437
    endloop
  endfacet
  facet normal 0 1 -0
    outer loop
      vertex -27.4704 30.5 41.4341
      vertex -38 30.5 53
      vertex -27.4702 30.5 41.4356
    endloop
  endfacet
  facet normal 0 1 -0
    outer loop
      vertex -27.4988 30.5 41.2186
      vertex -38 30.5 53
      vertex -27.4704 30.5 41.4341
    endloop
  endfacet
  facet normal 0 1 -0
    outer loop
      vertex -27.5082 30.5 41.0014
      vertex -38 30.5 53
      vertex -27.4988 30.5 41.2186
    endloop
  endfacet
  facet normal 0 1 -0
    outer loop
      vertex -27.5083 30.5 41
      vertex -38 30.5 53
      vertex -27.5082 30.5 41.0014
    endloop
  endfacet
  facet normal 0 1 0
    outer loop
      vertex -27.5082 30.5 40.9986
      vertex -38 30.5 53
      vertex -27.5083 30.5 41
    endloop
  endfacet
  facet normal 0 1 0
    outer loop
      vertex -27.4988 30.5 40.7814
      vertex -38 30.5 53
      vertex -27.5082 30.5 40.9986
    endloop
  endfacet
  facet normal 0 1 0
    outer loop
      vertex -27.4704 30.5 40.5659
      vertex -38 30.5 53
      vertex -27.4988 30.5 40.7814
    endloop
  endfacet
  facet normal 0 1 0
    outer loop
      vertex -27.4702 30.5 40.5644
      vertex -38 30.5 53
      vertex -27.4704 30.5 40.5659
    endloop
  endfacet
  facet normal 0 1 0
    outer loop
      vertex -27.4699 30.5 40.563
      vertex -38 30.5 53
      vertex -27.4702 30.5 40.5644
    endloop
  endfacet
  facet normal 0 1 0
    outer loop
      vertex -27.4228 30.5 40.3508
      vertex -38 30.5 53
      vertex -27.4699 30.5 40.563
    endloop
  endfacet
  facet normal 0 1 0
    outer loop
      vertex -27.3575 30.5 40.1435
      vertex -38 30.5 53
      vertex -27.4228 30.5 40.3508
    endloop
  endfacet
  facet normal 0 1 0
    outer loop
      vertex -27.357 30.5 40.1421
      vertex -38 30.5 53
      vertex -27.3575 30.5 40.1435
    endloop
  endfacet
  facet normal 0 1 0
    outer loop
      vertex -27.2739 30.5 39.9413
      vertex -38 30.5 53
      vertex -27.357 30.5 40.1421
    endloop
  endfacet
  facet normal 0 1 0
    outer loop
      vertex -27.2733 30.5 39.9399
      vertex -38 30.5 53
      vertex -27.2739 30.5 39.9413
    endloop
  endfacet
  facet normal 0 1 0
    outer loop
      vertex -38 30.5 0
      vertex -27.2733 30.5 39.9399
      vertex -27.2726 30.5 39.9387
    endloop
  endfacet
  facet normal 0 1 0
    outer loop
      vertex -38 30.5 0
      vertex -27.2726 30.5 39.9387
      vertex -27.1723 30.5 39.7458
    endloop
  endfacet
  facet normal 0 1 0
    outer loop
      vertex -38 30.5 0
      vertex -27.1723 30.5 39.7458
      vertex -27.0547 30.5 39.5613
    endloop
  endfacet
  facet normal 0 1 0
    outer loop
      vertex -38 30.5 0
      vertex -27.0547 30.5 39.5613
      vertex -26.9215 30.5 39.3877
    endloop
  endfacet
  facet normal 0 -1 0
    outer loop
      vertex -26.7736 30.5 39.2264
      vertex -26.9215 30.5 39.3877
      vertex -26.7746 30.5 39.2274
    endloop
  endfacet
  facet normal 0 1 0
    outer loop
      vertex -26.0601 30.5 38.7267
      vertex -26.2542 30.5 38.8277
      vertex -26.0613 30.5 38.7274
    endloop
  endfacet
  facet normal 0 1 0
    outer loop
      vertex -25.8579 30.5 38.643
      vertex -26.0601 30.5 38.7267
      vertex -26.0587 30.5 38.7262
    endloop
  endfacet
  facet normal 0 -1 0
    outer loop
      vertex -25.6492 30.5 38.5772
      vertex -25.8579 30.5 38.643
      vertex -25.8565 30.5 38.6425
    endloop
  endfacet
  facet normal 0 -1 0
    outer loop
      vertex -25.4356 30.5 38.5298
      vertex -25.6492 30.5 38.5772
      vertex -25.437 30.5 38.5301
    endloop
  endfacet
  facet normal 0 -1 0
    outer loop
      vertex -25.2186 30.5 38.5012
      vertex -25.4356 30.5 38.5298
      vertex -25.4341 30.5 38.5296
    endloop
  endfacet
  facet normal 0 1 0
    outer loop
      vertex -23.9413 30.5 38.7262
      vertex -2.27263 30.5 15.0613
      vertex -24.1421 30.5 38.643
    endloop
  endfacet
  facet normal 0 1 -0
    outer loop
      vertex -2.2733 30.5 15.0601
      vertex -24.1421 30.5 38.643
      vertex -2.27263 30.5 15.0613
    endloop
  endfacet
  facet normal 0 1 -0
    outer loop
      vertex -2.27385 30.5 15.0587
      vertex -24.1421 30.5 38.643
      vertex -2.2733 30.5 15.0601
    endloop
  endfacet
  facet normal 0 1 0
    outer loop
      vertex -24.1421 30.5 38.643
      vertex -2.27385 30.5 15.0587
      vertex -24.1435 30.5 38.6425
    endloop
  endfacet
  facet normal 0 1 -0
    outer loop
      vertex -2.35703 30.5 14.8579
      vertex -24.1435 30.5 38.6425
      vertex -2.27385 30.5 15.0587
    endloop
  endfacet
  facet normal 0 1 0
    outer loop
      vertex -24.1435 30.5 38.6425
      vertex -2.35703 30.5 14.8579
      vertex -24.3508 30.5 38.5772
    endloop
  endfacet
  facet normal 0 1 -0
    outer loop
      vertex -2.35747 30.5 14.8565
      vertex -24.3508 30.5 38.5772
      vertex -2.35703 30.5 14.8579
    endloop
  endfacet
  facet normal 0 1 -0
    outer loop
      vertex -2.42284 30.5 14.6492
      vertex -24.3508 30.5 38.5772
      vertex -2.35747 30.5 14.8565
    endloop
  endfacet
  facet normal 0 1 0
    outer loop
      vertex -24.3508 30.5 38.5772
      vertex -2.42284 30.5 14.6492
      vertex -24.563 30.5 38.5301
    endloop
  endfacet
  facet normal 0 1 0
    outer loop
      vertex -24.563 30.5 38.5301
      vertex -2.42284 30.5 14.6492
      vertex -24.5644 30.5 38.5298
    endloop
  endfacet
  facet normal 0 1 0
    outer loop
      vertex -24.5644 30.5 38.5298
      vertex -2.42284 30.5 14.6492
      vertex -24.5659 30.5 38.5296
    endloop
  endfacet
  facet normal 0 1 -0
    outer loop
      vertex -2.46988 30.5 14.437
      vertex -24.5659 30.5 38.5296
      vertex -2.42284 30.5 14.6492
    endloop
  endfacet
  facet normal 0 1 0
    outer loop
      vertex -24.5659 30.5 38.5296
      vertex -2.46988 30.5 14.437
      vertex -24.7814 30.5 38.5012
    endloop
  endfacet
  facet normal 0 1 -0
    outer loop
      vertex -2.4702 30.5 14.4356
      vertex -24.7814 30.5 38.5012
      vertex -2.46988 30.5 14.437
    endloop
  endfacet
  facet normal 0 1 -0
    outer loop
      vertex -2.47039 30.5 14.4341
      vertex -24.7814 30.5 38.5012
      vertex -2.4702 30.5 14.4356
    endloop
  endfacet
  facet normal 0 1 -0
    outer loop
      vertex -2.49876 30.5 14.2186
      vertex -24.7814 30.5 38.5012
      vertex -2.47039 30.5 14.4341
    endloop
  endfacet
  facet normal 0 1 0
    outer loop
      vertex -24.7814 30.5 38.5012
      vertex -2.49876 30.5 14.2186
      vertex -24.9986 30.5 38.4918
    endloop
  endfacet
  facet normal 0 1 0
    outer loop
      vertex -24.9986 30.5 38.4918
      vertex -2.49876 30.5 14.2186
      vertex -25 30.5 38.4917
    endloop
  endfacet
  facet normal 0 1 0
    outer loop
      vertex -38 30.5 0
      vertex -25 30.5 38.4917
      vertex -2.49876 30.5 14.2186
    endloop
  endfacet
  facet normal 0 1 0
    outer loop
      vertex -25 30.5 38.4917
      vertex -38 30.5 0
      vertex -25.0014 30.5 38.4918
    endloop
  endfacet
  facet normal 0 1 0
    outer loop
      vertex -25.0014 30.5 38.4918
      vertex -38 30.5 0
      vertex -25.2186 30.5 38.5012
    endloop
  endfacet
  facet normal 0 1 0
    outer loop
      vertex -25.2186 30.5 38.5012
      vertex -38 30.5 0
      vertex -25.4356 30.5 38.5298
    endloop
  endfacet
  facet normal 0 1 0
    outer loop
      vertex -25.4356 30.5 38.5298
      vertex -38 30.5 0
      vertex -25.6492 30.5 38.5772
    endloop
  endfacet
  facet normal 0 1 0
    outer loop
      vertex -25.6492 30.5 38.5772
      vertex -38 30.5 0
      vertex -25.8579 30.5 38.643
    endloop
  endfacet
  facet normal 0 1 0
    outer loop
      vertex -25.8579 30.5 38.643
      vertex -38 30.5 0
      vertex -26.0601 30.5 38.7267
    endloop
  endfacet
  facet normal 0 1 0
    outer loop
      vertex -26.0601 30.5 38.7267
      vertex -38 30.5 0
      vertex -26.2542 30.5 38.8277
    endloop
  endfacet
  facet normal 0 1 0
    outer loop
      vertex -26.2542 30.5 38.8277
      vertex -38 30.5 0
      vertex -26.4387 30.5 38.9453
    endloop
  endfacet
  facet normal 0 1 0
    outer loop
      vertex -26.4387 30.5 38.9453
      vertex -38 30.5 0
      vertex -26.6123 30.5 39.0785
    endloop
  endfacet
  facet normal 0 1 0
    outer loop
      vertex -26.6123 30.5 39.0785
      vertex -38 30.5 0
      vertex -26.7726 30.5 39.2254
    endloop
  endfacet
  facet normal 0 1 0
    outer loop
      vertex -38 30.5 0
      vertex -2.49876 30.5 14.2186
      vertex -2.50824 30.5 14.0014
    endloop
  endfacet
  facet normal 0 1 0
    outer loop
      vertex -38 30.5 0
      vertex -2.50824 30.5 14.0014
      vertex -2.50831 30.5 14
    endloop
  endfacet
  facet normal 0 1 0
    outer loop
      vertex -38 30.5 0
      vertex -2.50831 30.5 14
      vertex -2.50824 30.5 13.9986
    endloop
  endfacet
  facet normal 0 1 0
    outer loop
      vertex -38 30.5 0
      vertex -2.50824 30.5 13.9986
      vertex -2.49876 30.5 13.7814
    endloop
  endfacet
  facet normal 0 1 0
    outer loop
      vertex -38 30.5 0
      vertex -2.49876 30.5 13.7814
      vertex -2.47039 30.5 13.5659
    endloop
  endfacet
  facet normal 0 1 0
    outer loop
      vertex -38 30.5 0
      vertex -2.47039 30.5 13.5659
      vertex -2.4702 30.5 13.5644
    endloop
  endfacet
  facet normal 0 1 0
    outer loop
      vertex -38 30.5 0
      vertex -2.4702 30.5 13.5644
      vertex -2.46988 30.5 13.563
    endloop
  endfacet
  facet normal 0 1 0
    outer loop
      vertex -38 30.5 0
      vertex -2.46988 30.5 13.563
      vertex -2.42284 30.5 13.3508
    endloop
  endfacet
  facet normal 0 1 0
    outer loop
      vertex -38 30.5 0
      vertex -2.42284 30.5 13.3508
      vertex -2.35747 30.5 13.1435
    endloop
  endfacet
  facet normal 0 1 0
    outer loop
      vertex -38 30.5 0
      vertex -2.35747 30.5 13.1435
      vertex -2.35703 30.5 13.1421
    endloop
  endfacet
  facet normal 0 1 0
    outer loop
      vertex -38 30.5 0
      vertex -2.35703 30.5 13.1421
      vertex -2.27385 30.5 12.9413
    endloop
  endfacet
  facet normal 0 1 0
    outer loop
      vertex -38 30.5 0
      vertex -2.27385 30.5 12.9413
      vertex -2.2733 30.5 12.9399
    endloop
  endfacet
  facet normal 0 1 0
    outer loop
      vertex -38 30.5 0
      vertex -2.2733 30.5 12.9399
      vertex -2.27263 30.5 12.9387
    endloop
  endfacet
  facet normal 0 1 0
    outer loop
      vertex -38 30.5 0
      vertex -2.27263 30.5 12.9387
      vertex -2.17226 30.5 12.7458
    endloop
  endfacet
  facet normal 0 1 0
    outer loop
      vertex -38 30.5 0
      vertex -2.17226 30.5 12.7458
      vertex -2.05468 30.5 12.5613
    endloop
  endfacet
  facet normal 0 1 0
    outer loop
      vertex -38 30.5 0
      vertex -2.05468 30.5 12.5613
      vertex -1.92147 30.5 12.3877
    endloop
  endfacet
  facet normal 0 1 0
    outer loop
      vertex -38 30.5 0
      vertex -1.92147 30.5 12.3877
      vertex -1.77462 30.5 12.2274
    endloop
  endfacet
  facet normal 0 1 0
    outer loop
      vertex -38 30.5 0
      vertex -1.77462 30.5 12.2274
      vertex -1.77364 30.5 12.2264
    endloop
  endfacet
  facet normal 0 -1 0
    outer loop
      vertex -1.61231 30.5 12.0785
      vertex -1.77364 30.5 12.2264
      vertex -1.77257 30.5 12.2254
    endloop
  endfacet
  facet normal 0 1 0
    outer loop
      vertex -1.06006 30.5 11.7267
      vertex -1.25415 30.5 11.8277
      vertex -1.06134 30.5 11.7274
    endloop
  endfacet
  facet normal 0 -1 0
    outer loop
      vertex -0.857891 30.5 11.643
      vertex -1.06006 30.5 11.7267
      vertex -1.05872 30.5 11.7261
    endloop
  endfacet
  facet normal 0 -1 0
    outer loop
      vertex -0.435562 30.5 11.5298
      vertex -0.649197 30.5 11.5772
      vertex -0.436977 30.5 11.5301
    endloop
  endfacet
  facet normal 0 -1 0
    outer loop
      vertex -0.218613 30.5 11.5012
      vertex -0.435562 30.5 11.5298
      vertex -0.434126 30.5 11.5296
    endloop
  endfacet
  facet normal 0 1 0
    outer loop
      vertex -38 30.5 0
      vertex 0 30.5 11.4917
      vertex 38 30.5 0
    endloop
  endfacet
  facet normal 0 1 0
    outer loop
      vertex 0 30.5 11.4917
      vertex -38 30.5 0
      vertex -0.00144766 30.5 11.4918
    endloop
  endfacet
  facet normal 0 1 0
    outer loop
      vertex -0.00144766 30.5 11.4918
      vertex -38 30.5 0
      vertex -0.218613 30.5 11.5012
    endloop
  endfacet
  facet normal 0 1 0
    outer loop
      vertex -0.218613 30.5 11.5012
      vertex -38 30.5 0
      vertex -0.435562 30.5 11.5298
    endloop
  endfacet
  facet normal 0 1 0
    outer loop
      vertex -27.2733 30.5 39.9399
      vertex -38 30.5 0
      vertex -38 30.5 53
    endloop
  endfacet
  facet normal 0 1 0
    outer loop
      vertex -26.7736 30.5 39.2264
      vertex -38 30.5 0
      vertex -26.9215 30.5 39.3877
    endloop
  endfacet
  facet normal 0 1 0
    outer loop
      vertex -26.7726 30.5 39.2254
      vertex -38 30.5 0
      vertex -26.7736 30.5 39.2264
    endloop
  endfacet
  facet normal 0 1 0
    outer loop
      vertex -1.61231 30.5 12.0785
      vertex -38 30.5 0
      vertex -1.77364 30.5 12.2264
    endloop
  endfacet
  facet normal 0 1 0
    outer loop
      vertex -1.4387 30.5 11.9453
      vertex -38 30.5 0
      vertex -1.61231 30.5 12.0785
    endloop
  endfacet
  facet normal 0 1 0
    outer loop
      vertex -1.25415 30.5 11.8277
      vertex -38 30.5 0
      vertex -1.4387 30.5 11.9453
    endloop
  endfacet
  facet normal 0 1 0
    outer loop
      vertex -1.06006 30.5 11.7267
      vertex -38 30.5 0
      vertex -1.25415 30.5 11.8277
    endloop
  endfacet
  facet normal 0 1 0
    outer loop
      vertex -0.857891 30.5 11.643
      vertex -38 30.5 0
      vertex -1.06006 30.5 11.7267
    endloop
  endfacet
  facet normal 0 1 0
    outer loop
      vertex -0.856509 30.5 11.6425
      vertex -38 30.5 0
      vertex -0.857891 30.5 11.643
    endloop
  endfacet
  facet normal 0 1 0
    outer loop
      vertex -0.649197 30.5 11.5772
      vertex -38 30.5 0
      vertex -0.856509 30.5 11.6425
    endloop
  endfacet
  facet normal 0 1 0
    outer loop
      vertex -0.435562 30.5 11.5298
      vertex -38 30.5 0
      vertex -0.649197 30.5 11.5772
    endloop
  endfacet
  facet normal 0.991423 0.130692 0
    outer loop
      vertex 42.981 25.9358 53
      vertex 42.924 26.3682 0
      vertex 42.924 26.3682 53
    endloop
  endfacet
  facet normal 0.991423 0.130692 0
    outer loop
      vertex 42.924 26.3682 0
      vertex 42.981 25.9358 53
      vertex 42.981 25.9358 0
    endloop
  endfacet
  facet normal 1 -0 0
    outer loop
      vertex 43 -25.5 53
      vertex 43 25.5 0
      vertex 43 25.5 53
    endloop
  endfacet
  facet normal 1 0 0
    outer loop
      vertex 43 25.5 0
      vertex 43 -25.5 53
      vertex 43 -25.5 0
    endloop
  endfacet
  facet normal -0.0435566 0.999051 0
    outer loop
      vertex -38 30.5 0
      vertex -38.4358 30.481 53
      vertex -38 30.5 53
    endloop
  endfacet
  facet normal -0.0435566 0.999051 0
    outer loop
      vertex -38.4358 30.481 53
      vertex -38 30.5 0
      vertex -38.4358 30.481 0
    endloop
  endfacet
  facet normal 0.130692 -0.991423 0
    outer loop
      vertex 38.4358 -30.481 0
      vertex 38.8682 -30.424 53
      vertex 38.4358 -30.481 53
    endloop
  endfacet
  facet normal 0.130692 -0.991423 0
    outer loop
      vertex 38.8682 -30.424 53
      vertex 38.4358 -30.481 0
      vertex 38.8682 -30.424 0
    endloop
  endfacet
  facet normal 0.130692 0.991423 -0
    outer loop
      vertex 38.8682 30.424 0
      vertex 38.4358 30.481 53
      vertex 38.8682 30.424 53
    endloop
  endfacet
  facet normal 0.130692 0.991423 0
    outer loop
      vertex 38.4358 30.481 53
      vertex 38.8682 30.424 0
      vertex 38.4358 30.481 0
    endloop
  endfacet
  facet normal -0.923821 0.382824 0
    outer loop
      vertex -42.6985 27.2101 0
      vertex -42.5315 27.6131 53
      vertex -42.5315 27.6131 0
    endloop
  endfacet
  facet normal -0.923821 0.382824 0
    outer loop
      vertex -42.5315 27.6131 53
      vertex -42.6985 27.2101 0
      vertex -42.6985 27.2101 53
    endloop
  endfacet
  facet normal -0.130692 -0.991423 0
    outer loop
      vertex -38.8682 -30.424 0
      vertex -38.4358 -30.481 53
      vertex -38.8682 -30.424 53
    endloop
  endfacet
  facet normal -0.130692 -0.991423 -0
    outer loop
      vertex -38.4358 -30.481 53
      vertex -38.8682 -30.424 0
      vertex -38.4358 -30.481 0
    endloop
  endfacet
  facet normal -0.300572 0.953759 0
    outer loop
      vertex -39.2941 30.3296 0
      vertex -39.7101 30.1985 53
      vertex -39.2941 30.3296 53
    endloop
  endfacet
  facet normal -0.300572 0.953759 0
    outer loop
      vertex -39.7101 30.1985 53
      vertex -39.2941 30.3296 0
      vertex -39.7101 30.1985 0
    endloop
  endfacet
  facet normal 0.461735 -0.887018 0
    outer loop
      vertex 40.1131 -30.0315 0
      vertex 40.5 -29.8301 53
      vertex 40.1131 -30.0315 53
    endloop
  endfacet
  facet normal 0.461735 -0.887018 0
    outer loop
      vertex 40.5 -29.8301 53
      vertex 40.1131 -30.0315 0
      vertex 40.5 -29.8301 0
    endloop
  endfacet
  facet normal 0.608913 0.793237 -0
    outer loop
      vertex 41.2139 29.3302 0
      vertex 40.8679 29.5958 53
      vertex 41.2139 29.3302 53
    endloop
  endfacet
  facet normal 0.608913 0.793237 0
    outer loop
      vertex 40.8679 29.5958 53
      vertex 41.2139 29.3302 0
      vertex 40.8679 29.5958 0
    endloop
  endfacet
  facet normal -0.793237 0.608913 0
    outer loop
      vertex -42.0958 28.3679 0
      vertex -41.8302 28.7139 53
      vertex -41.8302 28.7139 0
    endloop
  endfacet
  facet normal -0.793237 0.608913 0
    outer loop
      vertex -41.8302 28.7139 53
      vertex -42.0958 28.3679 0
      vertex -42.0958 28.3679 53
    endloop
  endfacet
  facet normal 0.887018 -0.461735 0
    outer loop
      vertex 42.3301 -28 53
      vertex 42.5315 -27.6131 0
      vertex 42.5315 -27.6131 53
    endloop
  endfacet
  facet normal 0.887018 -0.461735 0
    outer loop
      vertex 42.5315 -27.6131 0
      vertex 42.3301 -28 53
      vertex 42.3301 -28 0
    endloop
  endfacet
  facet normal -0.216396 -0.976306 0
    outer loop
      vertex -39.2941 -30.3296 0
      vertex -38.8682 -30.424 53
      vertex -39.2941 -30.3296 53
    endloop
  endfacet
  facet normal -0.216396 -0.976306 -0
    outer loop
      vertex -38.8682 -30.424 53
      vertex -39.2941 -30.3296 0
      vertex -38.8682 -30.424 0
    endloop
  endfacet
  facet normal -0.382824 0.923821 0
    outer loop
      vertex -39.7101 30.1985 0
      vertex -40.1131 30.0315 53
      vertex -39.7101 30.1985 53
    endloop
  endfacet
  facet normal -0.382824 0.923821 0
    outer loop
      vertex -40.1131 30.0315 53
      vertex -39.7101 30.1985 0
      vertex -40.1131 30.0315 0
    endloop
  endfacet
  facet normal 0.382824 -0.923821 0
    outer loop
      vertex 39.7101 -30.1985 0
      vertex 40.1131 -30.0315 53
      vertex 39.7101 -30.1985 53
    endloop
  endfacet
  facet normal 0.382824 -0.923821 0
    outer loop
      vertex 40.1131 -30.0315 53
      vertex 39.7101 -30.1985 0
      vertex 40.1131 -30.0315 0
    endloop
  endfacet
  facet normal -0.537172 0.843473 0
    outer loop
      vertex -40.5 29.8301 0
      vertex -40.8679 29.5958 53
      vertex -40.5 29.8301 53
    endloop
  endfacet
  facet normal -0.537172 0.843473 0
    outer loop
      vertex -40.8679 29.5958 53
      vertex -40.5 29.8301 0
      vertex -40.8679 29.5958 0
    endloop
  endfacet
  facet normal 0.923821 -0.382824 0
    outer loop
      vertex 42.5315 -27.6131 53
      vertex 42.6985 -27.2101 0
      vertex 42.6985 -27.2101 53
    endloop
  endfacet
  facet normal 0.923821 -0.382824 0
    outer loop
      vertex 42.6985 -27.2101 0
      vertex 42.5315 -27.6131 53
      vertex 42.5315 -27.6131 0
    endloop
  endfacet
  facet normal -0.300572 -0.953759 0
    outer loop
      vertex -39.7101 -30.1985 0
      vertex -39.2941 -30.3296 53
      vertex -39.7101 -30.1985 53
    endloop
  endfacet
  facet normal -0.300572 -0.953759 -0
    outer loop
      vertex -39.2941 -30.3296 53
      vertex -39.7101 -30.1985 0
      vertex -39.2941 -30.3296 0
    endloop
  endfacet
  facet normal -0.608913 -0.793237 0
    outer loop
      vertex -41.2139 -29.3302 0
      vertex -40.8679 -29.5958 53
      vertex -41.2139 -29.3302 53
    endloop
  endfacet
  facet normal -0.608913 -0.793237 -0
    outer loop
      vertex -40.8679 -29.5958 53
      vertex -41.2139 -29.3302 0
      vertex -40.8679 -29.5958 0
    endloop
  endfacet
  facet normal 0.382824 0.923821 -0
    outer loop
      vertex 40.1131 30.0315 0
      vertex 39.7101 30.1985 53
      vertex 40.1131 30.0315 53
    endloop
  endfacet
  facet normal 0.382824 0.923821 0
    outer loop
      vertex 39.7101 30.1985 53
      vertex 40.1131 30.0315 0
      vertex 39.7101 30.1985 0
    endloop
  endfacet
  facet normal 0.999051 -0.0435566 0
    outer loop
      vertex 42.981 -25.9358 53
      vertex 43 -25.5 0
      vertex 43 -25.5 53
    endloop
  endfacet
  facet normal 0.999051 -0.0435566 0
    outer loop
      vertex 43 -25.5 0
      vertex 42.981 -25.9358 53
      vertex 42.981 -25.9358 0
    endloop
  endfacet
  facet normal 0.991423 -0.130692 0
    outer loop
      vertex 42.924 -26.3682 53
      vertex 42.981 -25.9358 0
      vertex 42.981 -25.9358 53
    endloop
  endfacet
  facet normal 0.991423 -0.130692 0
    outer loop
      vertex 42.981 -25.9358 0
      vertex 42.924 -26.3682 53
      vertex 42.924 -26.3682 0
    endloop
  endfacet
  facet normal -0.887018 -0.461735 0
    outer loop
      vertex -42.3301 -28 0
      vertex -42.5315 -27.6131 53
      vertex -42.5315 -27.6131 0
    endloop
  endfacet
  facet normal -0.887018 -0.461735 0
    outer loop
      vertex -42.5315 -27.6131 53
      vertex -42.3301 -28 0
      vertex -42.3301 -28 53
    endloop
  endfacet
  facet normal 0.843473 -0.537172 0
    outer loop
      vertex 42.0958 -28.3679 53
      vertex 42.3301 -28 0
      vertex 42.3301 -28 53
    endloop
  endfacet
  facet normal 0.843473 -0.537172 0
    outer loop
      vertex 42.3301 -28 0
      vertex 42.0958 -28.3679 53
      vertex 42.0958 -28.3679 0
    endloop
  endfacet
  facet normal 0.216396 0.976306 -0
    outer loop
      vertex 39.2941 30.3296 0
      vertex 38.8682 30.424 53
      vertex 39.2941 30.3296 53
    endloop
  endfacet
  facet normal 0.216396 0.976306 0
    outer loop
      vertex 38.8682 30.424 53
      vertex 39.2941 30.3296 0
      vertex 38.8682 30.424 0
    endloop
  endfacet
  facet normal -0.6756 -0.737268 0
    outer loop
      vertex -41.5355 -29.0355 0
      vertex -41.2139 -29.3302 53
      vertex -41.5355 -29.0355 53
    endloop
  endfacet
  facet normal -0.6756 -0.737268 -0
    outer loop
      vertex -41.2139 -29.3302 53
      vertex -41.5355 -29.0355 0
      vertex -41.2139 -29.3302 0
    endloop
  endfacet
  facet normal -0.608913 0.793237 0
    outer loop
      vertex -40.8679 29.5958 0
      vertex -41.2139 29.3302 53
      vertex -40.8679 29.5958 53
    endloop
  endfacet
  facet normal -0.608913 0.793237 0
    outer loop
      vertex -41.2139 29.3302 53
      vertex -40.8679 29.5958 0
      vertex -41.2139 29.3302 0
    endloop
  endfacet
  facet normal -0.0435566 -0.999051 0
    outer loop
      vertex -38.4358 -30.481 0
      vertex -38 -30.5 53
      vertex -38.4358 -30.481 53
    endloop
  endfacet
  facet normal -0.0435566 -0.999051 -0
    outer loop
      vertex -38 -30.5 53
      vertex -38.4358 -30.481 0
      vertex -38 -30.5 0
    endloop
  endfacet
  facet normal 0.300572 0.953759 -0
    outer loop
      vertex 39.7101 30.1985 0
      vertex 39.2941 30.3296 53
      vertex 39.7101 30.1985 53
    endloop
  endfacet
  facet normal 0.300572 0.953759 0
    outer loop
      vertex 39.2941 30.3296 53
      vertex 39.7101 30.1985 0
      vertex 39.2941 30.3296 0
    endloop
  endfacet
  facet normal 0.887018 0.461735 0
    outer loop
      vertex 42.5315 27.6131 53
      vertex 42.3301 28 0
      vertex 42.3301 28 53
    endloop
  endfacet
  facet normal 0.887018 0.461735 0
    outer loop
      vertex 42.3301 28 0
      vertex 42.5315 27.6131 53
      vertex 42.5315 27.6131 0
    endloop
  endfacet
  facet normal -0.976306 -0.216396 0
    outer loop
      vertex -42.8296 -26.7941 0
      vertex -42.924 -26.3682 53
      vertex -42.924 -26.3682 0
    endloop
  endfacet
  facet normal -0.976306 -0.216396 0
    outer loop
      vertex -42.924 -26.3682 53
      vertex -42.8296 -26.7941 0
      vertex -42.8296 -26.7941 53
    endloop
  endfacet
  facet normal 0.537172 0.843473 -0
    outer loop
      vertex 40.8679 29.5958 0
      vertex 40.5 29.8301 53
      vertex 40.8679 29.5958 53
    endloop
  endfacet
  facet normal 0.537172 0.843473 0
    outer loop
      vertex 40.5 29.8301 53
      vertex 40.8679 29.5958 0
      vertex 40.5 29.8301 0
    endloop
  endfacet
  facet normal 0.6756 0.737268 -0
    outer loop
      vertex 41.5355 29.0355 0
      vertex 41.2139 29.3302 53
      vertex 41.5355 29.0355 53
    endloop
  endfacet
  facet normal 0.6756 0.737268 0
    outer loop
      vertex 41.2139 29.3302 53
      vertex 41.5355 29.0355 0
      vertex 41.2139 29.3302 0
    endloop
  endfacet
  facet normal 0.461735 0.887018 -0
    outer loop
      vertex 40.5 29.8301 0
      vertex 40.1131 30.0315 53
      vertex 40.5 29.8301 53
    endloop
  endfacet
  facet normal 0.461735 0.887018 0
    outer loop
      vertex 40.1131 30.0315 53
      vertex 40.5 29.8301 0
      vertex 40.1131 30.0315 0
    endloop
  endfacet
  facet normal -0.537172 -0.843473 0
    outer loop
      vertex -40.8679 -29.5958 0
      vertex -40.5 -29.8301 53
      vertex -40.8679 -29.5958 53
    endloop
  endfacet
  facet normal -0.537172 -0.843473 -0
    outer loop
      vertex -40.5 -29.8301 53
      vertex -40.8679 -29.5958 0
      vertex -40.5 -29.8301 0
    endloop
  endfacet
  facet normal -0.976306 0.216396 0
    outer loop
      vertex -42.924 26.3682 0
      vertex -42.8296 26.7941 53
      vertex -42.8296 26.7941 0
    endloop
  endfacet
  facet normal -0.976306 0.216396 0
    outer loop
      vertex -42.8296 26.7941 53
      vertex -42.924 26.3682 0
      vertex -42.924 26.3682 53
    endloop
  endfacet
  facet normal -0.953759 -0.300572 0
    outer loop
      vertex -42.6985 -27.2101 0
      vertex -42.8296 -26.7941 53
      vertex -42.8296 -26.7941 0
    endloop
  endfacet
  facet normal -0.953759 -0.300572 0
    outer loop
      vertex -42.8296 -26.7941 53
      vertex -42.6985 -27.2101 0
      vertex -42.6985 -27.2101 53
    endloop
  endfacet
  facet normal -0.991423 0.130692 0
    outer loop
      vertex -42.981 25.9358 0
      vertex -42.924 26.3682 53
      vertex -42.924 26.3682 0
    endloop
  endfacet
  facet normal -0.991423 0.130692 0
    outer loop
      vertex -42.924 26.3682 53
      vertex -42.981 25.9358 0
      vertex -42.981 25.9358 53
    endloop
  endfacet
  facet normal 0.793237 0.608913 0
    outer loop
      vertex 42.0958 28.3679 53
      vertex 41.8302 28.7139 0
      vertex 41.8302 28.7139 53
    endloop
  endfacet
  facet normal 0.793237 0.608913 0
    outer loop
      vertex 41.8302 28.7139 0
      vertex 42.0958 28.3679 53
      vertex 42.0958 28.3679 0
    endloop
  endfacet
  facet normal -0.382824 -0.923821 0
    outer loop
      vertex -40.1131 -30.0315 0
      vertex -39.7101 -30.1985 53
      vertex -40.1131 -30.0315 53
    endloop
  endfacet
  facet normal -0.382824 -0.923821 -0
    outer loop
      vertex -39.7101 -30.1985 53
      vertex -40.1131 -30.0315 0
      vertex -39.7101 -30.1985 0
    endloop
  endfacet
  facet normal -0.461735 -0.887018 0
    outer loop
      vertex -40.5 -29.8301 0
      vertex -40.1131 -30.0315 53
      vertex -40.5 -29.8301 53
    endloop
  endfacet
  facet normal -0.461735 -0.887018 -0
    outer loop
      vertex -40.1131 -30.0315 53
      vertex -40.5 -29.8301 0
      vertex -40.1131 -30.0315 0
    endloop
  endfacet
  facet normal -0.923821 -0.382824 0
    outer loop
      vertex -42.5315 -27.6131 0
      vertex -42.6985 -27.2101 53
      vertex -42.6985 -27.2101 0
    endloop
  endfacet
  facet normal -0.923821 -0.382824 0
    outer loop
      vertex -42.6985 -27.2101 53
      vertex -42.5315 -27.6131 0
      vertex -42.5315 -27.6131 53
    endloop
  endfacet
  facet normal 0.6756 -0.737268 0
    outer loop
      vertex 41.2139 -29.3302 0
      vertex 41.5355 -29.0355 53
      vertex 41.2139 -29.3302 53
    endloop
  endfacet
  facet normal 0.6756 -0.737268 0
    outer loop
      vertex 41.5355 -29.0355 53
      vertex 41.2139 -29.3302 0
      vertex 41.5355 -29.0355 0
    endloop
  endfacet
  facet normal 0.0435566 0.999051 -0
    outer loop
      vertex 38.4358 30.481 0
      vertex 38 30.5 53
      vertex 38.4358 30.481 53
    endloop
  endfacet
  facet normal 0.0435566 0.999051 0
    outer loop
      vertex 38 30.5 53
      vertex 38.4358 30.481 0
      vertex 38 30.5 0
    endloop
  endfacet
  facet normal 0.923821 0.382824 0
    outer loop
      vertex 42.6985 27.2101 53
      vertex 42.5315 27.6131 0
      vertex 42.5315 27.6131 53
    endloop
  endfacet
  facet normal 0.923821 0.382824 0
    outer loop
      vertex 42.5315 27.6131 0
      vertex 42.6985 27.2101 53
      vertex 42.6985 27.2101 0
    endloop
  endfacet
  facet normal 0 0 1
    outer loop
      vertex 40 25.5 53
      vertex 43 25.5 53
      vertex 42.981 25.9358 53
    endloop
  endfacet
  facet normal 0 0 1
    outer loop
      vertex 43 25.5 53
      vertex 40 25.5 53
      vertex 43 -25.5 53
    endloop
  endfacet
  facet normal 0 0 1
    outer loop
      vertex 39.9924 25.6743 53
      vertex 42.981 25.9358 53
      vertex 42.924 26.3682 53
    endloop
  endfacet
  facet normal 0 0 1
    outer loop
      vertex 40 -25.5 53
      vertex 43 -25.5 53
      vertex 40 25.5 53
    endloop
  endfacet
  facet normal 0 0 1
    outer loop
      vertex 39.9696 25.8473 53
      vertex 42.924 26.3682 53
      vertex 42.8296 26.7941 53
    endloop
  endfacet
  facet normal 0 0 1
    outer loop
      vertex 43 -25.5 53
      vertex 40 -25.5 53
      vertex 42.981 -25.9358 53
    endloop
  endfacet
  facet normal 0 0 1
    outer loop
      vertex 39.9319 26.0176 53
      vertex 42.8296 26.7941 53
      vertex 42.6985 27.2101 53
    endloop
  endfacet
  facet normal -0 0 1
    outer loop
      vertex 39.9924 -25.6743 53
      vertex 42.981 -25.9358 53
      vertex 40 -25.5 53
    endloop
  endfacet
  facet normal 0 0 1
    outer loop
      vertex 39.8794 26.184 53
      vertex 42.6985 27.2101 53
      vertex 42.5315 27.6131 53
    endloop
  endfacet
  facet normal 0 0 1
    outer loop
      vertex 42.981 -25.9358 53
      vertex 39.9924 -25.6743 53
      vertex 42.924 -26.3682 53
    endloop
  endfacet
  facet normal 0 0 1
    outer loop
      vertex 39.8126 26.3452 53
      vertex 42.5315 27.6131 53
      vertex 42.3301 28 53
    endloop
  endfacet
  facet normal -0 0 1
    outer loop
      vertex 39.9696 -25.8473 53
      vertex 42.924 -26.3682 53
      vertex 39.9924 -25.6743 53
    endloop
  endfacet
  facet normal 0 0 1
    outer loop
      vertex 39.7321 26.5 53
      vertex 42.3301 28 53
      vertex 42.0958 28.3679 53
    endloop
  endfacet
  facet normal 0 0 1
    outer loop
      vertex 42.924 -26.3682 53
      vertex 39.9696 -25.8473 53
      vertex 42.8296 -26.7941 53
    endloop
  endfacet
  facet normal 0 0 1
    outer loop
      vertex 39.6383 26.6472 53
      vertex 42.0958 28.3679 53
      vertex 41.8302 28.7139 53
    endloop
  endfacet
  facet normal -0 0 1
    outer loop
      vertex 39.9319 -26.0176 53
      vertex 42.8296 -26.7941 53
      vertex 39.9696 -25.8473 53
    endloop
  endfacet
  facet normal 0 0 1
    outer loop
      vertex 39.5321 26.7856 53
      vertex 41.8302 28.7139 53
      vertex 41.5355 29.0355 53
    endloop
  endfacet
  facet normal 0 0 1
    outer loop
      vertex 42.8296 -26.7941 53
      vertex 39.9319 -26.0176 53
      vertex 42.6985 -27.2101 53
    endloop
  endfacet
  facet normal 0 0 1
    outer loop
      vertex 39.4142 26.9142 53
      vertex 41.5355 29.0355 53
      vertex 41.2139 29.3302 53
    endloop
  endfacet
  facet normal -0 0 1
    outer loop
      vertex 39.8794 -26.184 53
      vertex 42.6985 -27.2101 53
      vertex 39.9319 -26.0176 53
    endloop
  endfacet
  facet normal 0 0 1
    outer loop
      vertex 39.2856 27.0321 53
      vertex 41.2139 29.3302 53
      vertex 40.8679 29.5958 53
    endloop
  endfacet
  facet normal 0 0 1
    outer loop
      vertex 42.6985 -27.2101 53
      vertex 39.8794 -26.184 53
      vertex 42.5315 -27.6131 53
    endloop
  endfacet
  facet normal 0 0 1
    outer loop
      vertex 39.1472 27.1383 53
      vertex 40.8679 29.5958 53
      vertex 40.5 29.8301 53
    endloop
  endfacet
  facet normal -0 0 1
    outer loop
      vertex 39.8126 -26.3452 53
      vertex 42.5315 -27.6131 53
      vertex 39.8794 -26.184 53
    endloop
  endfacet
  facet normal 0 0 1
    outer loop
      vertex 39 27.2321 53
      vertex 40.5 29.8301 53
      vertex 40.1131 30.0315 53
    endloop
  endfacet
  facet normal 0 0 1
    outer loop
      vertex 42.5315 -27.6131 53
      vertex 39.8126 -26.3452 53
      vertex 42.3301 -28 53
    endloop
  endfacet
  facet normal -0 0 1
    outer loop
      vertex 39.7321 -26.5 53
      vertex 42.3301 -28 53
      vertex 39.8126 -26.3452 53
    endloop
  endfacet
  facet normal 0 0 1
    outer loop
      vertex 42.981 25.9358 53
      vertex 39.9924 25.6743 53
      vertex 40 25.5 53
    endloop
  endfacet
  facet normal 0 0 1
    outer loop
      vertex 42.924 26.3682 53
      vertex 39.9696 25.8473 53
      vertex 39.9924 25.6743 53
    endloop
  endfacet
  facet normal 0 0 1
    outer loop
      vertex 42.8296 26.7941 53
      vertex 39.9319 26.0176 53
      vertex 39.9696 25.8473 53
    endloop
  endfacet
  facet normal 0 0 1
    outer loop
      vertex 42.6985 27.2101 53
      vertex 39.8794 26.184 53
      vertex 39.9319 26.0176 53
    endloop
  endfacet
  facet normal 0 0 1
    outer loop
      vertex 42.5315 27.6131 53
      vertex 39.8126 26.3452 53
      vertex 39.8794 26.184 53
    endloop
  endfacet
  facet normal 0 0 1
    outer loop
      vertex 42.3301 28 53
      vertex 39.7321 26.5 53
      vertex 39.8126 26.3452 53
    endloop
  endfacet
  facet normal 0 0 1
    outer loop
      vertex 38.8452 27.3126 53
      vertex 40.1131 30.0315 53
      vertex 39.7101 30.1985 53
    endloop
  endfacet
  facet normal 0 0 1
    outer loop
      vertex 42.0958 28.3679 53
      vertex 39.6383 26.6472 53
      vertex 39.7321 26.5 53
    endloop
  endfacet
  facet normal 0 0 1
    outer loop
      vertex 41.8302 28.7139 53
      vertex 39.5321 26.7856 53
      vertex 39.6383 26.6472 53
    endloop
  endfacet
  facet normal 0 0 1
    outer loop
      vertex 41.5355 29.0355 53
      vertex 39.4142 26.9142 53
      vertex 39.5321 26.7856 53
    endloop
  endfacet
  facet normal 0 0 1
    outer loop
      vertex 38.684 27.3794 53
      vertex 39.7101 30.1985 53
      vertex 39.2941 30.3296 53
    endloop
  endfacet
  facet normal 0 0 1
    outer loop
      vertex 41.2139 29.3302 53
      vertex 39.2856 27.0321 53
      vertex 39.4142 26.9142 53
    endloop
  endfacet
  facet normal 0 0 1
    outer loop
      vertex 40.8679 29.5958 53
      vertex 39.1472 27.1383 53
      vertex 39.2856 27.0321 53
    endloop
  endfacet
  facet normal 0 0 1
    outer loop
      vertex 40.5 29.8301 53
      vertex 39 27.2321 53
      vertex 39.1472 27.1383 53
    endloop
  endfacet
  facet normal 0 0 1
    outer loop
      vertex 38.5176 27.4319 53
      vertex 39.2941 30.3296 53
      vertex 38.8682 30.424 53
    endloop
  endfacet
  facet normal 0 0 1
    outer loop
      vertex 40.1131 30.0315 53
      vertex 38.8452 27.3126 53
      vertex 39 27.2321 53
    endloop
  endfacet
  facet normal 0 0 1
    outer loop
      vertex 39.7101 30.1985 53
      vertex 38.684 27.3794 53
      vertex 38.8452 27.3126 53
    endloop
  endfacet
  facet normal 0 0 1
    outer loop
      vertex 39.2941 30.3296 53
      vertex 38.5176 27.4319 53
      vertex 38.684 27.3794 53
    endloop
  endfacet
  facet normal 0 0 1
    outer loop
      vertex 38.3473 27.4696 53
      vertex 38.8682 30.424 53
      vertex 38.4358 30.481 53
    endloop
  endfacet
  facet normal 0 0 1
    outer loop
      vertex 38.8682 30.424 53
      vertex 38.3473 27.4696 53
      vertex 38.5176 27.4319 53
    endloop
  endfacet
  facet normal 0 0 1
    outer loop
      vertex 38.4358 30.481 53
      vertex 38.1743 27.4924 53
      vertex 38.3473 27.4696 53
    endloop
  endfacet
  facet normal 0 0 1
    outer loop
      vertex 38 30.5 53
      vertex 38.1743 27.4924 53
      vertex 38.4358 30.481 53
    endloop
  endfacet
  facet normal 0 0 1
    outer loop
      vertex 38 30.5 53
      vertex 38 27.5 53
      vertex 38.1743 27.4924 53
    endloop
  endfacet
  facet normal -0 0 1
    outer loop
      vertex -38 30.5 53
      vertex 38 27.5 53
      vertex 38 30.5 53
    endloop
  endfacet
  facet normal 0 0 1
    outer loop
      vertex -38 30.5 53
      vertex -38 27.5 53
      vertex 38 27.5 53
    endloop
  endfacet
  facet normal 0 0 1
    outer loop
      vertex -38 30.5 53
      vertex -38.1743 27.4924 53
      vertex -38 27.5 53
    endloop
  endfacet
  facet normal -0 0 1
    outer loop
      vertex -38.4358 30.481 53
      vertex -38.1743 27.4924 53
      vertex -38 30.5 53
    endloop
  endfacet
  facet normal 0 0 1
    outer loop
      vertex -38.1743 27.4924 53
      vertex -38.4358 30.481 53
      vertex -38.3473 27.4696 53
    endloop
  endfacet
  facet normal -0 0 1
    outer loop
      vertex -38.8682 30.424 53
      vertex -38.3473 27.4696 53
      vertex -38.4358 30.481 53
    endloop
  endfacet
  facet normal 0 0 1
    outer loop
      vertex -38.3473 27.4696 53
      vertex -38.8682 30.424 53
      vertex -38.5176 27.4319 53
    endloop
  endfacet
  facet normal -0 0 1
    outer loop
      vertex -39.2941 30.3296 53
      vertex -38.5176 27.4319 53
      vertex -38.8682 30.424 53
    endloop
  endfacet
  facet normal 0 0 1
    outer loop
      vertex -38.5176 27.4319 53
      vertex -39.2941 30.3296 53
      vertex -38.684 27.3794 53
    endloop
  endfacet
  facet normal -0 0 1
    outer loop
      vertex -39.7101 30.1985 53
      vertex -38.684 27.3794 53
      vertex -39.2941 30.3296 53
    endloop
  endfacet
  facet normal 0 0 1
    outer loop
      vertex -38.684 27.3794 53
      vertex -39.7101 30.1985 53
      vertex -38.8452 27.3126 53
    endloop
  endfacet
  facet normal -0 0 1
    outer loop
      vertex -40.1131 30.0315 53
      vertex -38.8452 27.3126 53
      vertex -39.7101 30.1985 53
    endloop
  endfacet
  facet normal 0 0 1
    outer loop
      vertex -38.8452 27.3126 53
      vertex -40.1131 30.0315 53
      vertex -39 27.2321 53
    endloop
  endfacet
  facet normal -0 0 1
    outer loop
      vertex -40.5 29.8301 53
      vertex -39 27.2321 53
      vertex -40.1131 30.0315 53
    endloop
  endfacet
  facet normal 0 0 1
    outer loop
      vertex -39 27.2321 53
      vertex -40.5 29.8301 53
      vertex -39.1472 27.1383 53
    endloop
  endfacet
  facet normal -0 0 1
    outer loop
      vertex -40.8679 29.5958 53
      vertex -39.1472 27.1383 53
      vertex -40.5 29.8301 53
    endloop
  endfacet
  facet normal 0 0 1
    outer loop
      vertex -39.1472 27.1383 53
      vertex -40.8679 29.5958 53
      vertex -39.2856 27.0321 53
    endloop
  endfacet
  facet normal -0 0 1
    outer loop
      vertex -41.2139 29.3302 53
      vertex -39.2856 27.0321 53
      vertex -40.8679 29.5958 53
    endloop
  endfacet
  facet normal 0 0 1
    outer loop
      vertex -39.2856 27.0321 53
      vertex -41.2139 29.3302 53
      vertex -39.4142 26.9142 53
    endloop
  endfacet
  facet normal -0 0 1
    outer loop
      vertex -41.5355 29.0355 53
      vertex -39.4142 26.9142 53
      vertex -41.2139 29.3302 53
    endloop
  endfacet
  facet normal 0 0 1
    outer loop
      vertex -39.4142 26.9142 53
      vertex -41.5355 29.0355 53
      vertex -39.5321 26.7856 53
    endloop
  endfacet
  facet normal -0 0 1
    outer loop
      vertex -41.8302 28.7139 53
      vertex -39.5321 26.7856 53
      vertex -41.5355 29.0355 53
    endloop
  endfacet
  facet normal 0 0 1
    outer loop
      vertex -39.5321 26.7856 53
      vertex -41.8302 28.7139 53
      vertex -39.6383 26.6472 53
    endloop
  endfacet
  facet normal -0 0 1
    outer loop
      vertex -42.3301 28 53
      vertex -39.7321 26.5 53
      vertex -42.0958 28.3679 53
    endloop
  endfacet
  facet normal 0 0 1
    outer loop
      vertex -39.6383 26.6472 53
      vertex -42.0958 28.3679 53
      vertex -39.7321 26.5 53
    endloop
  endfacet
  facet normal -0 0 1
    outer loop
      vertex -42.0958 28.3679 53
      vertex -39.6383 26.6472 53
      vertex -41.8302 28.7139 53
    endloop
  endfacet
  facet normal 0 0 1
    outer loop
      vertex 42.3301 -28 53
      vertex 39.7321 -26.5 53
      vertex 42.0958 -28.3679 53
    endloop
  endfacet
  facet normal -0 0 1
    outer loop
      vertex 39.6383 -26.6472 53
      vertex 42.0958 -28.3679 53
      vertex 39.7321 -26.5 53
    endloop
  endfacet
  facet normal 0 0 1
    outer loop
      vertex 42.0958 -28.3679 53
      vertex 39.6383 -26.6472 53
      vertex 41.8302 -28.7139 53
    endloop
  endfacet
  facet normal -0 0 1
    outer loop
      vertex 39.5321 -26.7856 53
      vertex 41.8302 -28.7139 53
      vertex 39.6383 -26.6472 53
    endloop
  endfacet
  facet normal 0 0 1
    outer loop
      vertex 41.8302 -28.7139 53
      vertex 39.5321 -26.7856 53
      vertex 41.5355 -29.0355 53
    endloop
  endfacet
  facet normal -0 0 1
    outer loop
      vertex 39.4142 -26.9142 53
      vertex 41.5355 -29.0355 53
      vertex 39.5321 -26.7856 53
    endloop
  endfacet
  facet normal 0 0 1
    outer loop
      vertex 41.5355 -29.0355 53
      vertex 39.4142 -26.9142 53
      vertex 41.2139 -29.3302 53
    endloop
  endfacet
  facet normal -0 0 1
    outer loop
      vertex 39.2856 -27.0321 53
      vertex 41.2139 -29.3302 53
      vertex 39.4142 -26.9142 53
    endloop
  endfacet
  facet normal 0 0 1
    outer loop
      vertex 41.2139 -29.3302 53
      vertex 39.2856 -27.0321 53
      vertex 40.8679 -29.5958 53
    endloop
  endfacet
  facet normal -0 0 1
    outer loop
      vertex 39.1472 -27.1383 53
      vertex 40.8679 -29.5958 53
      vertex 39.2856 -27.0321 53
    endloop
  endfacet
  facet normal 0 0 1
    outer loop
      vertex 40.8679 -29.5958 53
      vertex 39.1472 -27.1383 53
      vertex 40.5 -29.8301 53
    endloop
  endfacet
  facet normal -0 0 1
    outer loop
      vertex 39 -27.2321 53
      vertex 40.5 -29.8301 53
      vertex 39.1472 -27.1383 53
    endloop
  endfacet
  facet normal 0 0 1
    outer loop
      vertex 40.5 -29.8301 53
      vertex 39 -27.2321 53
      vertex 40.1131 -30.0315 53
    endloop
  endfacet
  facet normal -0 0 1
    outer loop
      vertex 38.8452 -27.3126 53
      vertex 40.1131 -30.0315 53
      vertex 39 -27.2321 53
    endloop
  endfacet
  facet normal 0 0 1
    outer loop
      vertex 40.1131 -30.0315 53
      vertex 38.8452 -27.3126 53
      vertex 39.7101 -30.1985 53
    endloop
  endfacet
  facet normal -0 0 1
    outer loop
      vertex 38.684 -27.3794 53
      vertex 39.7101 -30.1985 53
      vertex 38.8452 -27.3126 53
    endloop
  endfacet
  facet normal 0 0 1
    outer loop
      vertex 39.7101 -30.1985 53
      vertex 38.684 -27.3794 53
      vertex 39.2941 -30.3296 53
    endloop
  endfacet
  facet normal -0 0 1
    outer loop
      vertex 38.5176 -27.4319 53
      vertex 39.2941 -30.3296 53
      vertex 38.684 -27.3794 53
    endloop
  endfacet
  facet normal 0 0 1
    outer loop
      vertex 39.2941 -30.3296 53
      vertex 38.5176 -27.4319 53
      vertex 38.8682 -30.424 53
    endloop
  endfacet
  facet normal -0 0 1
    outer loop
      vertex 38.3473 -27.4696 53
      vertex 38.8682 -30.424 53
      vertex 38.5176 -27.4319 53
    endloop
  endfacet
  facet normal 0 0 1
    outer loop
      vertex 38.8682 -30.424 53
      vertex 38.3473 -27.4696 53
      vertex 38.4358 -30.481 53
    endloop
  endfacet
  facet normal -0 0 1
    outer loop
      vertex 38.1743 -27.4924 53
      vertex 38.4358 -30.481 53
      vertex 38.3473 -27.4696 53
    endloop
  endfacet
  facet normal -0 0 1
    outer loop
      vertex 38 -27.5 53
      vertex 38.4358 -30.481 53
      vertex 38.1743 -27.4924 53
    endloop
  endfacet
  facet normal 0 0 1
    outer loop
      vertex 38 -27.5 53
      vertex 38 -30.5 53
      vertex 38.4358 -30.481 53
    endloop
  endfacet
  facet normal 0 0 1
    outer loop
      vertex 15 -28.5 53
      vertex 38 -27.5 53
      vertex 15 -27.5 53
    endloop
  endfacet
  facet normal 0 0 1
    outer loop
      vertex 38 -27.5 53
      vertex 15 -28.5 53
      vertex 38 -30.5 53
    endloop
  endfacet
  facet normal -0 0 1
    outer loop
      vertex 14.9924 -28.6743 53
      vertex 38 -30.5 53
      vertex 15 -28.5 53
    endloop
  endfacet
  facet normal -0 0 1
    outer loop
      vertex 14.9696 -28.8473 53
      vertex 38 -30.5 53
      vertex 14.9924 -28.6743 53
    endloop
  endfacet
  facet normal -0 0 1
    outer loop
      vertex 14.9319 -29.0176 53
      vertex 38 -30.5 53
      vertex 14.9696 -28.8473 53
    endloop
  endfacet
  facet normal -0 0 1
    outer loop
      vertex 14.8794 -29.184 53
      vertex 38 -30.5 53
      vertex 14.9319 -29.0176 53
    endloop
  endfacet
  facet normal -0 0 1
    outer loop
      vertex 14.8126 -29.3452 53
      vertex 38 -30.5 53
      vertex 14.8794 -29.184 53
    endloop
  endfacet
  facet normal -0 0 1
    outer loop
      vertex 14.7321 -29.5 53
      vertex 38 -30.5 53
      vertex 14.8126 -29.3452 53
    endloop
  endfacet
  facet normal -0 0 1
    outer loop
      vertex 14.6383 -29.6472 53
      vertex 38 -30.5 53
      vertex 14.7321 -29.5 53
    endloop
  endfacet
  facet normal -0 0 1
    outer loop
      vertex 14.5321 -29.7856 53
      vertex 38 -30.5 53
      vertex 14.6383 -29.6472 53
    endloop
  endfacet
  facet normal -0 0 1
    outer loop
      vertex 14.4142 -29.9142 53
      vertex 38 -30.5 53
      vertex 14.5321 -29.7856 53
    endloop
  endfacet
  facet normal -0 0 1
    outer loop
      vertex 14.2856 -30.0321 53
      vertex 38 -30.5 53
      vertex 14.4142 -29.9142 53
    endloop
  endfacet
  facet normal -0 0 1
    outer loop
      vertex 14.1472 -30.1383 53
      vertex 38 -30.5 53
      vertex 14.2856 -30.0321 53
    endloop
  endfacet
  facet normal -0 0 1
    outer loop
      vertex 14 -30.2321 53
      vertex 38 -30.5 53
      vertex 14.1472 -30.1383 53
    endloop
  endfacet
  facet normal -0 0 1
    outer loop
      vertex 13.8452 -30.3126 53
      vertex 38 -30.5 53
      vertex 14 -30.2321 53
    endloop
  endfacet
  facet normal -0 0 1
    outer loop
      vertex 13.684 -30.3794 53
      vertex 38 -30.5 53
      vertex 13.8452 -30.3126 53
    endloop
  endfacet
  facet normal -0 0 1
    outer loop
      vertex 13.5176 -30.4319 53
      vertex 38 -30.5 53
      vertex 13.684 -30.3794 53
    endloop
  endfacet
  facet normal -0 0 1
    outer loop
      vertex 13.3473 -30.4696 53
      vertex 38 -30.5 53
      vertex 13.5176 -30.4319 53
    endloop
  endfacet
  facet normal -0 0 1
    outer loop
      vertex 13.1743 -30.4924 53
      vertex 38 -30.5 53
      vertex 13.3473 -30.4696 53
    endloop
  endfacet
  facet normal 0 0 1
    outer loop
      vertex 38 -30.5 53
      vertex 13.1743 -30.4924 53
      vertex 13 -30.5 53
    endloop
  endfacet
  facet normal 0 0 1
    outer loop
      vertex -15 -27.5 53
      vertex -38 -27.5 53
      vertex -15 -28.5 53
    endloop
  endfacet
  facet normal 0 0 1
    outer loop
      vertex -38 -27.5 53
      vertex -14.9924 -28.6743 53
      vertex -15 -28.5 53
    endloop
  endfacet
  facet normal 0 0 1
    outer loop
      vertex -38 -30.5 53
      vertex -14.9924 -28.6743 53
      vertex -38 -27.5 53
    endloop
  endfacet
  facet normal 0 0 1
    outer loop
      vertex -14.9924 -28.6743 53
      vertex -38 -30.5 53
      vertex -14.9696 -28.8473 53
    endloop
  endfacet
  facet normal 0 0 1
    outer loop
      vertex -14.9696 -28.8473 53
      vertex -38 -30.5 53
      vertex -14.9319 -29.0176 53
    endloop
  endfacet
  facet normal 0 0 1
    outer loop
      vertex -14.9319 -29.0176 53
      vertex -38 -30.5 53
      vertex -14.8794 -29.184 53
    endloop
  endfacet
  facet normal 0 0 1
    outer loop
      vertex -14.8794 -29.184 53
      vertex -38 -30.5 53
      vertex -14.8126 -29.3452 53
    endloop
  endfacet
  facet normal 0 0 1
    outer loop
      vertex -14.8126 -29.3452 53
      vertex -38 -30.5 53
      vertex -14.7321 -29.5 53
    endloop
  endfacet
  facet normal 0 0 1
    outer loop
      vertex -14.7321 -29.5 53
      vertex -38 -30.5 53
      vertex -14.6383 -29.6472 53
    endloop
  endfacet
  facet normal 0 0 1
    outer loop
      vertex -14.6383 -29.6472 53
      vertex -38 -30.5 53
      vertex -14.5321 -29.7856 53
    endloop
  endfacet
  facet normal 0 0 1
    outer loop
      vertex -14.5321 -29.7856 53
      vertex -38 -30.5 53
      vertex -14.4142 -29.9142 53
    endloop
  endfacet
  facet normal 0 0 1
    outer loop
      vertex -14.4142 -29.9142 53
      vertex -38 -30.5 53
      vertex -14.2856 -30.0321 53
    endloop
  endfacet
  facet normal 0 0 1
    outer loop
      vertex -14.2856 -30.0321 53
      vertex -38 -30.5 53
      vertex -14.1472 -30.1383 53
    endloop
  endfacet
  facet normal 0 0 1
    outer loop
      vertex -14.1472 -30.1383 53
      vertex -38 -30.5 53
      vertex -14 -30.2321 53
    endloop
  endfacet
  facet normal 0 0 1
    outer loop
      vertex -14 -30.2321 53
      vertex -38 -30.5 53
      vertex -13.8452 -30.3126 53
    endloop
  endfacet
  facet normal 0 0 1
    outer loop
      vertex -13.8452 -30.3126 53
      vertex -38 -30.5 53
      vertex -13.684 -30.3794 53
    endloop
  endfacet
  facet normal 0 0 1
    outer loop
      vertex -13.684 -30.3794 53
      vertex -38 -30.5 53
      vertex -13.5176 -30.4319 53
    endloop
  endfacet
  facet normal 0 0 1
    outer loop
      vertex -13.5176 -30.4319 53
      vertex -38 -30.5 53
      vertex -13.3473 -30.4696 53
    endloop
  endfacet
  facet normal 0 0 1
    outer loop
      vertex -13.1743 -30.4924 53
      vertex -38 -30.5 53
      vertex -13 -30.5 53
    endloop
  endfacet
  facet normal 0 0 1
    outer loop
      vertex -13.3473 -30.4696 53
      vertex -38 -30.5 53
      vertex -13.1743 -30.4924 53
    endloop
  endfacet
  facet normal 0 0 1
    outer loop
      vertex -38.1743 -27.4924 53
      vertex -38 -30.5 53
      vertex -38 -27.5 53
    endloop
  endfacet
  facet normal 0 0 1
    outer loop
      vertex -38.4358 -30.481 53
      vertex -38.1743 -27.4924 53
      vertex -38.3473 -27.4696 53
    endloop
  endfacet
  facet normal 0 0 1
    outer loop
      vertex -38.1743 -27.4924 53
      vertex -38.4358 -30.481 53
      vertex -38 -30.5 53
    endloop
  endfacet
  facet normal 0 0 1
    outer loop
      vertex -38.8682 -30.424 53
      vertex -38.3473 -27.4696 53
      vertex -38.5176 -27.4319 53
    endloop
  endfacet
  facet normal 0 0 1
    outer loop
      vertex -39.2941 -30.3296 53
      vertex -38.5176 -27.4319 53
      vertex -38.684 -27.3794 53
    endloop
  endfacet
  facet normal 0 0 1
    outer loop
      vertex -39.7101 -30.1985 53
      vertex -38.684 -27.3794 53
      vertex -38.8452 -27.3126 53
    endloop
  endfacet
  facet normal 0 0 1
    outer loop
      vertex -38.3473 -27.4696 53
      vertex -38.8682 -30.424 53
      vertex -38.4358 -30.481 53
    endloop
  endfacet
  facet normal 0 0 1
    outer loop
      vertex -40.1131 -30.0315 53
      vertex -38.8452 -27.3126 53
      vertex -39 -27.2321 53
    endloop
  endfacet
  facet normal 0 0 1
    outer loop
      vertex -40.5 -29.8301 53
      vertex -39 -27.2321 53
      vertex -39.1472 -27.1383 53
    endloop
  endfacet
  facet normal 0 0 1
    outer loop
      vertex -40.8679 -29.5958 53
      vertex -39.1472 -27.1383 53
      vertex -39.2856 -27.0321 53
    endloop
  endfacet
  facet normal 0 0 1
    outer loop
      vertex -38.5176 -27.4319 53
      vertex -39.2941 -30.3296 53
      vertex -38.8682 -30.424 53
    endloop
  endfacet
  facet normal 0 0 1
    outer loop
      vertex -41.2139 -29.3302 53
      vertex -39.2856 -27.0321 53
      vertex -39.4142 -26.9142 53
    endloop
  endfacet
  facet normal 0 0 1
    outer loop
      vertex -41.5355 -29.0355 53
      vertex -39.4142 -26.9142 53
      vertex -39.5321 -26.7856 53
    endloop
  endfacet
  facet normal 0 0 1
    outer loop
      vertex -41.8302 -28.7139 53
      vertex -39.5321 -26.7856 53
      vertex -39.6383 -26.6472 53
    endloop
  endfacet
  facet normal 0 0 1
    outer loop
      vertex -38.684 -27.3794 53
      vertex -39.7101 -30.1985 53
      vertex -39.2941 -30.3296 53
    endloop
  endfacet
  facet normal 0 0 1
    outer loop
      vertex -42.0958 -28.3679 53
      vertex -39.6383 -26.6472 53
      vertex -39.7321 -26.5 53
    endloop
  endfacet
  facet normal 0 0 1
    outer loop
      vertex -42.3301 -28 53
      vertex -39.7321 -26.5 53
      vertex -39.8126 -26.3452 53
    endloop
  endfacet
  facet normal 0 0 1
    outer loop
      vertex -42.5315 -27.6131 53
      vertex -39.8126 -26.3452 53
      vertex -39.8794 -26.184 53
    endloop
  endfacet
  facet normal 0 0 1
    outer loop
      vertex -42.6985 -27.2101 53
      vertex -39.8794 -26.184 53
      vertex -39.9319 -26.0176 53
    endloop
  endfacet
  facet normal 0 0 1
    outer loop
      vertex -42.8296 -26.7941 53
      vertex -39.9319 -26.0176 53
      vertex -39.9696 -25.8473 53
    endloop
  endfacet
  facet normal 0 0 1
    outer loop
      vertex -42.924 -26.3682 53
      vertex -39.9696 -25.8473 53
      vertex -39.9924 -25.6743 53
    endloop
  endfacet
  facet normal 0 0 1
    outer loop
      vertex -38.8452 -27.3126 53
      vertex -40.1131 -30.0315 53
      vertex -39.7101 -30.1985 53
    endloop
  endfacet
  facet normal 0 0 1
    outer loop
      vertex -42.981 -25.9358 53
      vertex -39.9924 -25.6743 53
      vertex -40 -25.5 53
    endloop
  endfacet
  facet normal 0 0 1
    outer loop
      vertex -40 25.5 53
      vertex -43 25.5 53
      vertex -40 -25.5 53
    endloop
  endfacet
  facet normal 0 0 1
    outer loop
      vertex -39.7321 26.5 53
      vertex -42.3301 28 53
      vertex -39.8126 26.3452 53
    endloop
  endfacet
  facet normal 0 0 1
    outer loop
      vertex -43 -25.5 53
      vertex -40 -25.5 53
      vertex -43 25.5 53
    endloop
  endfacet
  facet normal -0 0 1
    outer loop
      vertex -42.5315 27.6131 53
      vertex -39.8126 26.3452 53
      vertex -42.3301 28 53
    endloop
  endfacet
  facet normal 0 -0 1
    outer loop
      vertex -42.981 -25.9358 53
      vertex -40 -25.5 53
      vertex -43 -25.5 53
    endloop
  endfacet
  facet normal 0 0 1
    outer loop
      vertex -39.8126 26.3452 53
      vertex -42.5315 27.6131 53
      vertex -39.8794 26.184 53
    endloop
  endfacet
  facet normal 0 0 1
    outer loop
      vertex -39 -27.2321 53
      vertex -40.5 -29.8301 53
      vertex -40.1131 -30.0315 53
    endloop
  endfacet
  facet normal -0 0 1
    outer loop
      vertex -42.6985 27.2101 53
      vertex -39.8794 26.184 53
      vertex -42.5315 27.6131 53
    endloop
  endfacet
  facet normal 0 0 1
    outer loop
      vertex -39.1472 -27.1383 53
      vertex -40.8679 -29.5958 53
      vertex -40.5 -29.8301 53
    endloop
  endfacet
  facet normal 0 0 1
    outer loop
      vertex -39.8794 26.184 53
      vertex -42.6985 27.2101 53
      vertex -39.9319 26.0176 53
    endloop
  endfacet
  facet normal 0 0 1
    outer loop
      vertex -39.2856 -27.0321 53
      vertex -41.2139 -29.3302 53
      vertex -40.8679 -29.5958 53
    endloop
  endfacet
  facet normal -0 0 1
    outer loop
      vertex -42.8296 26.7941 53
      vertex -39.9319 26.0176 53
      vertex -42.6985 27.2101 53
    endloop
  endfacet
  facet normal 0 0 1
    outer loop
      vertex -39.4142 -26.9142 53
      vertex -41.5355 -29.0355 53
      vertex -41.2139 -29.3302 53
    endloop
  endfacet
  facet normal 0 0 1
    outer loop
      vertex -39.9319 26.0176 53
      vertex -42.8296 26.7941 53
      vertex -39.9696 25.8473 53
    endloop
  endfacet
  facet normal 0 0 1
    outer loop
      vertex -39.5321 -26.7856 53
      vertex -41.8302 -28.7139 53
      vertex -41.5355 -29.0355 53
    endloop
  endfacet
  facet normal -0 0 1
    outer loop
      vertex -42.924 26.3682 53
      vertex -39.9696 25.8473 53
      vertex -42.8296 26.7941 53
    endloop
  endfacet
  facet normal 0 0 1
    outer loop
      vertex -39.6383 -26.6472 53
      vertex -42.0958 -28.3679 53
      vertex -41.8302 -28.7139 53
    endloop
  endfacet
  facet normal 0 0 1
    outer loop
      vertex -39.9696 25.8473 53
      vertex -42.924 26.3682 53
      vertex -39.9924 25.6743 53
    endloop
  endfacet
  facet normal 0 0 1
    outer loop
      vertex -39.7321 -26.5 53
      vertex -42.3301 -28 53
      vertex -42.0958 -28.3679 53
    endloop
  endfacet
  facet normal -0 0 1
    outer loop
      vertex -42.981 25.9358 53
      vertex -39.9924 25.6743 53
      vertex -42.924 26.3682 53
    endloop
  endfacet
  facet normal 0 0 1
    outer loop
      vertex -39.8126 -26.3452 53
      vertex -42.5315 -27.6131 53
      vertex -42.3301 -28 53
    endloop
  endfacet
  facet normal 0 0 1
    outer loop
      vertex -39.9924 25.6743 53
      vertex -42.981 25.9358 53
      vertex -40 25.5 53
    endloop
  endfacet
  facet normal 0 0 1
    outer loop
      vertex -39.8794 -26.184 53
      vertex -42.6985 -27.2101 53
      vertex -42.5315 -27.6131 53
    endloop
  endfacet
  facet normal 0 0 1
    outer loop
      vertex -40 25.5 53
      vertex -42.981 25.9358 53
      vertex -43 25.5 53
    endloop
  endfacet
  facet normal 0 0 1
    outer loop
      vertex -39.9319 -26.0176 53
      vertex -42.8296 -26.7941 53
      vertex -42.6985 -27.2101 53
    endloop
  endfacet
  facet normal 0 0 1
    outer loop
      vertex -39.9696 -25.8473 53
      vertex -42.924 -26.3682 53
      vertex -42.8296 -26.7941 53
    endloop
  endfacet
  facet normal 0 0 1
    outer loop
      vertex -39.9924 -25.6743 53
      vertex -42.981 -25.9358 53
      vertex -42.924 -26.3682 53
    endloop
  endfacet
  facet normal -0.6756 0.737268 0
    outer loop
      vertex -41.2139 29.3302 0
      vertex -41.5355 29.0355 53
      vertex -41.2139 29.3302 53
    endloop
  endfacet
  facet normal -0.6756 0.737268 0
    outer loop
      vertex -41.5355 29.0355 53
      vertex -41.2139 29.3302 0
      vertex -41.5355 29.0355 0
    endloop
  endfacet
  facet normal 0.608913 -0.793237 0
    outer loop
      vertex 40.8679 -29.5958 0
      vertex 41.2139 -29.3302 53
      vertex 40.8679 -29.5958 53
    endloop
  endfacet
  facet normal 0.608913 -0.793237 0
    outer loop
      vertex 41.2139 -29.3302 53
      vertex 40.8679 -29.5958 0
      vertex 41.2139 -29.3302 0
    endloop
  endfacet
  facet normal -0.793237 -0.608913 0
    outer loop
      vertex -41.8302 -28.7139 0
      vertex -42.0958 -28.3679 53
      vertex -42.0958 -28.3679 0
    endloop
  endfacet
  facet normal -0.793237 -0.608913 0
    outer loop
      vertex -42.0958 -28.3679 53
      vertex -41.8302 -28.7139 0
      vertex -41.8302 -28.7139 53
    endloop
  endfacet
  facet normal -0.737268 -0.6756 0
    outer loop
      vertex -41.5355 -29.0355 0
      vertex -41.8302 -28.7139 53
      vertex -41.8302 -28.7139 0
    endloop
  endfacet
  facet normal -0.737268 -0.6756 0
    outer loop
      vertex -41.8302 -28.7139 53
      vertex -41.5355 -29.0355 0
      vertex -41.5355 -29.0355 53
    endloop
  endfacet
  facet normal 0.999051 0.0435566 0
    outer loop
      vertex 43 25.5 53
      vertex 42.981 25.9358 0
      vertex 42.981 25.9358 53
    endloop
  endfacet
  facet normal 0.999051 0.0435566 0
    outer loop
      vertex 42.981 25.9358 0
      vertex 43 25.5 53
      vertex 43 25.5 0
    endloop
  endfacet
  facet normal -0.461735 0.887018 0
    outer loop
      vertex -40.1131 30.0315 0
      vertex -40.5 29.8301 53
      vertex -40.1131 30.0315 53
    endloop
  endfacet
  facet normal -0.461735 0.887018 0
    outer loop
      vertex -40.5 29.8301 53
      vertex -40.1131 30.0315 0
      vertex -40.5 29.8301 0
    endloop
  endfacet
  facet normal -0.999051 0.0435566 0
    outer loop
      vertex -43 25.5 0
      vertex -42.981 25.9358 53
      vertex -42.981 25.9358 0
    endloop
  endfacet
  facet normal -0.999051 0.0435566 0
    outer loop
      vertex -42.981 25.9358 53
      vertex -43 25.5 0
      vertex -43 25.5 53
    endloop
  endfacet
  facet normal 0.953759 -0.300572 0
    outer loop
      vertex 42.6985 -27.2101 53
      vertex 42.8296 -26.7941 0
      vertex 42.8296 -26.7941 53
    endloop
  endfacet
  facet normal 0.953759 -0.300572 0
    outer loop
      vertex 42.8296 -26.7941 0
      vertex 42.6985 -27.2101 53
      vertex 42.6985 -27.2101 0
    endloop
  endfacet
  facet normal -0.887018 0.461735 0
    outer loop
      vertex -42.5315 27.6131 0
      vertex -42.3301 28 53
      vertex -42.3301 28 0
    endloop
  endfacet
  facet normal -0.887018 0.461735 0
    outer loop
      vertex -42.3301 28 53
      vertex -42.5315 27.6131 0
      vertex -42.5315 27.6131 53
    endloop
  endfacet
  facet normal 0 0 -1
    outer loop
      vertex 38 -30.5 0
      vertex 43 -25.5 0
      vertex 42.981 -25.9358 0
    endloop
  endfacet
  facet normal -0 0 -1
    outer loop
      vertex 43 -25.5 0
      vertex 38 -30.5 0
      vertex 43 25.5 0
    endloop
  endfacet
  facet normal 0 0 -1
    outer loop
      vertex 38 -30.5 0
      vertex 42.981 -25.9358 0
      vertex 42.924 -26.3682 0
    endloop
  endfacet
  facet normal 0 0 -1
    outer loop
      vertex 38 30.5 0
      vertex 43 25.5 0
      vertex 38 -30.5 0
    endloop
  endfacet
  facet normal 0 0 -1
    outer loop
      vertex 38 -30.5 0
      vertex 42.924 -26.3682 0
      vertex 42.8296 -26.7941 0
    endloop
  endfacet
  facet normal 0 0 -1
    outer loop
      vertex 43 25.5 0
      vertex 38 30.5 0
      vertex 42.981 25.9358 0
    endloop
  endfacet
  facet normal 0 0 -1
    outer loop
      vertex 38 -30.5 0
      vertex 42.8296 -26.7941 0
      vertex 42.6985 -27.2101 0
    endloop
  endfacet
  facet normal 0 0 -1
    outer loop
      vertex 42.981 25.9358 0
      vertex 38 30.5 0
      vertex 42.924 26.3682 0
    endloop
  endfacet
  facet normal 0 0 -1
    outer loop
      vertex 38 -30.5 0
      vertex 42.6985 -27.2101 0
      vertex 42.5315 -27.6131 0
    endloop
  endfacet
  facet normal 0 0 -1
    outer loop
      vertex 42.924 26.3682 0
      vertex 38 30.5 0
      vertex 42.8296 26.7941 0
    endloop
  endfacet
  facet normal 0 0 -1
    outer loop
      vertex 38 -30.5 0
      vertex 42.5315 -27.6131 0
      vertex 42.3301 -28 0
    endloop
  endfacet
  facet normal 0 0 -1
    outer loop
      vertex 42.8296 26.7941 0
      vertex 38 30.5 0
      vertex 42.6985 27.2101 0
    endloop
  endfacet
  facet normal 0 0 -1
    outer loop
      vertex 38 -30.5 0
      vertex 42.3301 -28 0
      vertex 42.0958 -28.3679 0
    endloop
  endfacet
  facet normal 0 0 -1
    outer loop
      vertex 42.6985 27.2101 0
      vertex 38 30.5 0
      vertex 42.5315 27.6131 0
    endloop
  endfacet
  facet normal 0 0 -1
    outer loop
      vertex 38 -30.5 0
      vertex 42.0958 -28.3679 0
      vertex 41.8302 -28.7139 0
    endloop
  endfacet
  facet normal 0 0 -1
    outer loop
      vertex 42.5315 27.6131 0
      vertex 38 30.5 0
      vertex 42.3301 28 0
    endloop
  endfacet
  facet normal 0 0 -1
    outer loop
      vertex 38 -30.5 0
      vertex 41.8302 -28.7139 0
      vertex 41.5355 -29.0355 0
    endloop
  endfacet
  facet normal 0 0 -1
    outer loop
      vertex 42.3301 28 0
      vertex 38 30.5 0
      vertex 42.0958 28.3679 0
    endloop
  endfacet
  facet normal 0 0 -1
    outer loop
      vertex 38 -30.5 0
      vertex 41.5355 -29.0355 0
      vertex 41.2139 -29.3302 0
    endloop
  endfacet
  facet normal 0 0 -1
    outer loop
      vertex 42.0958 28.3679 0
      vertex 38 30.5 0
      vertex 41.8302 28.7139 0
    endloop
  endfacet
  facet normal 0 0 -1
    outer loop
      vertex 38 -30.5 0
      vertex 41.2139 -29.3302 0
      vertex 40.8679 -29.5958 0
    endloop
  endfacet
  facet normal 0 0 -1
    outer loop
      vertex 41.8302 28.7139 0
      vertex 38 30.5 0
      vertex 41.5355 29.0355 0
    endloop
  endfacet
  facet normal 0 0 -1
    outer loop
      vertex 38 -30.5 0
      vertex 40.8679 -29.5958 0
      vertex 40.5 -29.8301 0
    endloop
  endfacet
  facet normal 0 0 -1
    outer loop
      vertex 41.5355 29.0355 0
      vertex 38 30.5 0
      vertex 41.2139 29.3302 0
    endloop
  endfacet
  facet normal 0 0 -1
    outer loop
      vertex 38 -30.5 0
      vertex 40.5 -29.8301 0
      vertex 40.1131 -30.0315 0
    endloop
  endfacet
  facet normal 0 0 -1
    outer loop
      vertex 41.2139 29.3302 0
      vertex 38 30.5 0
      vertex 40.8679 29.5958 0
    endloop
  endfacet
  facet normal 0 0 -1
    outer loop
      vertex 38 -30.5 0
      vertex 40.1131 -30.0315 0
      vertex 39.7101 -30.1985 0
    endloop
  endfacet
  facet normal 0 0 -1
    outer loop
      vertex 40.8679 29.5958 0
      vertex 38 30.5 0
      vertex 40.5 29.8301 0
    endloop
  endfacet
  facet normal 0 0 -1
    outer loop
      vertex 38 -30.5 0
      vertex 39.7101 -30.1985 0
      vertex 39.2941 -30.3296 0
    endloop
  endfacet
  facet normal 0 0 -1
    outer loop
      vertex 40.5 29.8301 0
      vertex 38 30.5 0
      vertex 40.1131 30.0315 0
    endloop
  endfacet
  facet normal 0 0 -1
    outer loop
      vertex 38 -30.5 0
      vertex 39.2941 -30.3296 0
      vertex 38.8682 -30.424 0
    endloop
  endfacet
  facet normal 0 0 -1
    outer loop
      vertex 40.1131 30.0315 0
      vertex 38 30.5 0
      vertex 39.7101 30.1985 0
    endloop
  endfacet
  facet normal 0 0 -1
    outer loop
      vertex 38 -30.5 0
      vertex 38.8682 -30.424 0
      vertex 38.4358 -30.481 0
    endloop
  endfacet
  facet normal 0 0 -1
    outer loop
      vertex 39.7101 30.1985 0
      vertex 38 30.5 0
      vertex 39.2941 30.3296 0
    endloop
  endfacet
  facet normal 0 0 -1
    outer loop
      vertex 39.2941 30.3296 0
      vertex 38 30.5 0
      vertex 38.8682 30.424 0
    endloop
  endfacet
  facet normal 0 0 -1
    outer loop
      vertex 38.8682 30.424 0
      vertex 38 30.5 0
      vertex 38.4358 30.481 0
    endloop
  endfacet
  facet normal 0 0 -1
    outer loop
      vertex -38 -30.5 0
      vertex 38 30.5 0
      vertex 38 -30.5 0
    endloop
  endfacet
  facet normal 0 0 -1
    outer loop
      vertex -38 -30.5 0
      vertex -38 30.5 0
      vertex 38 30.5 0
    endloop
  endfacet
  facet normal 0 0 -1
    outer loop
      vertex -43 -25.5 0
      vertex -38 -30.5 0
      vertex -38.4358 -30.481 0
    endloop
  endfacet
  facet normal 0 0 -1
    outer loop
      vertex -38 -30.5 0
      vertex -43 -25.5 0
      vertex -38 30.5 0
    endloop
  endfacet
  facet normal 0 0 -1
    outer loop
      vertex -43 -25.5 0
      vertex -38.4358 -30.481 0
      vertex -38.8682 -30.424 0
    endloop
  endfacet
  facet normal 0 0 -1
    outer loop
      vertex -43 25.5 0
      vertex -38 30.5 0
      vertex -43 -25.5 0
    endloop
  endfacet
  facet normal 0 0 -1
    outer loop
      vertex -43 -25.5 0
      vertex -38.8682 -30.424 0
      vertex -39.2941 -30.3296 0
    endloop
  endfacet
  facet normal 0 0 -1
    outer loop
      vertex -38 30.5 0
      vertex -43 25.5 0
      vertex -38.4358 30.481 0
    endloop
  endfacet
  facet normal 0 0 -1
    outer loop
      vertex -43 -25.5 0
      vertex -39.2941 -30.3296 0
      vertex -39.7101 -30.1985 0
    endloop
  endfacet
  facet normal 0 0 -1
    outer loop
      vertex -38.4358 30.481 0
      vertex -43 25.5 0
      vertex -38.8682 30.424 0
    endloop
  endfacet
  facet normal 0 0 -1
    outer loop
      vertex -43 -25.5 0
      vertex -39.7101 -30.1985 0
      vertex -40.1131 -30.0315 0
    endloop
  endfacet
  facet normal 0 0 -1
    outer loop
      vertex -38.8682 30.424 0
      vertex -43 25.5 0
      vertex -39.2941 30.3296 0
    endloop
  endfacet
  facet normal 0 0 -1
    outer loop
      vertex -43 -25.5 0
      vertex -40.1131 -30.0315 0
      vertex -40.5 -29.8301 0
    endloop
  endfacet
  facet normal 0 0 -1
    outer loop
      vertex -39.2941 30.3296 0
      vertex -43 25.5 0
      vertex -39.7101 30.1985 0
    endloop
  endfacet
  facet normal 0 0 -1
    outer loop
      vertex -43 -25.5 0
      vertex -40.5 -29.8301 0
      vertex -40.8679 -29.5958 0
    endloop
  endfacet
  facet normal 0 0 -1
    outer loop
      vertex -39.7101 30.1985 0
      vertex -43 25.5 0
      vertex -40.1131 30.0315 0
    endloop
  endfacet
  facet normal 0 0 -1
    outer loop
      vertex -43 -25.5 0
      vertex -40.8679 -29.5958 0
      vertex -41.2139 -29.3302 0
    endloop
  endfacet
  facet normal 0 0 -1
    outer loop
      vertex -40.1131 30.0315 0
      vertex -43 25.5 0
      vertex -40.5 29.8301 0
    endloop
  endfacet
  facet normal 0 0 -1
    outer loop
      vertex -43 -25.5 0
      vertex -41.2139 -29.3302 0
      vertex -41.5355 -29.0355 0
    endloop
  endfacet
  facet normal 0 0 -1
    outer loop
      vertex -40.5 29.8301 0
      vertex -43 25.5 0
      vertex -40.8679 29.5958 0
    endloop
  endfacet
  facet normal 0 0 -1
    outer loop
      vertex -43 -25.5 0
      vertex -41.5355 -29.0355 0
      vertex -41.8302 -28.7139 0
    endloop
  endfacet
  facet normal 0 0 -1
    outer loop
      vertex -40.8679 29.5958 0
      vertex -43 25.5 0
      vertex -41.2139 29.3302 0
    endloop
  endfacet
  facet normal 0 0 -1
    outer loop
      vertex -43 -25.5 0
      vertex -41.8302 -28.7139 0
      vertex -42.0958 -28.3679 0
    endloop
  endfacet
  facet normal 0 0 -1
    outer loop
      vertex -41.2139 29.3302 0
      vertex -43 25.5 0
      vertex -41.5355 29.0355 0
    endloop
  endfacet
  facet normal 0 0 -1
    outer loop
      vertex -43 -25.5 0
      vertex -42.0958 -28.3679 0
      vertex -42.3301 -28 0
    endloop
  endfacet
  facet normal 0 0 -1
    outer loop
      vertex -41.5355 29.0355 0
      vertex -43 25.5 0
      vertex -41.8302 28.7139 0
    endloop
  endfacet
  facet normal 0 0 -1
    outer loop
      vertex -43 -25.5 0
      vertex -42.3301 -28 0
      vertex -42.5315 -27.6131 0
    endloop
  endfacet
  facet normal 0 0 -1
    outer loop
      vertex -41.8302 28.7139 0
      vertex -43 25.5 0
      vertex -42.0958 28.3679 0
    endloop
  endfacet
  facet normal 0 0 -1
    outer loop
      vertex -43 -25.5 0
      vertex -42.5315 -27.6131 0
      vertex -42.6985 -27.2101 0
    endloop
  endfacet
  facet normal 0 0 -1
    outer loop
      vertex -42.0958 28.3679 0
      vertex -43 25.5 0
      vertex -42.3301 28 0
    endloop
  endfacet
  facet normal 0 0 -1
    outer loop
      vertex -43 -25.5 0
      vertex -42.6985 -27.2101 0
      vertex -42.8296 -26.7941 0
    endloop
  endfacet
  facet normal 0 0 -1
    outer loop
      vertex -42.3301 28 0
      vertex -43 25.5 0
      vertex -42.5315 27.6131 0
    endloop
  endfacet
  facet normal 0 0 -1
    outer loop
      vertex -43 -25.5 0
      vertex -42.8296 -26.7941 0
      vertex -42.924 -26.3682 0
    endloop
  endfacet
  facet normal 0 0 -1
    outer loop
      vertex -42.5315 27.6131 0
      vertex -43 25.5 0
      vertex -42.6985 27.2101 0
    endloop
  endfacet
  facet normal 0 0 -1
    outer loop
      vertex -43 -25.5 0
      vertex -42.924 -26.3682 0
      vertex -42.981 -25.9358 0
    endloop
  endfacet
  facet normal 0 0 -1
    outer loop
      vertex -42.6985 27.2101 0
      vertex -43 25.5 0
      vertex -42.8296 26.7941 0
    endloop
  endfacet
  facet normal 0 0 -1
    outer loop
      vertex -42.8296 26.7941 0
      vertex -43 25.5 0
      vertex -42.924 26.3682 0
    endloop
  endfacet
  facet normal 0 0 -1
    outer loop
      vertex -42.924 26.3682 0
      vertex -43 25.5 0
      vertex -42.981 25.9358 0
    endloop
  endfacet
  facet normal -0.843473 0.537172 0
    outer loop
      vertex -42.3301 28 0
      vertex -42.0958 28.3679 53
      vertex -42.0958 28.3679 0
    endloop
  endfacet
  facet normal -0.843473 0.537172 0
    outer loop
      vertex -42.0958 28.3679 53
      vertex -42.3301 28 0
      vertex -42.3301 28 53
    endloop
  endfacet
  facet normal -0.953759 0.300572 0
    outer loop
      vertex -42.8296 26.7941 0
      vertex -42.6985 27.2101 53
      vertex -42.6985 27.2101 0
    endloop
  endfacet
  facet normal -0.953759 0.300572 0
    outer loop
      vertex -42.6985 27.2101 53
      vertex -42.8296 26.7941 0
      vertex -42.8296 26.7941 53
    endloop
  endfacet
  facet normal 0 0 1
    outer loop
      vertex 38 27.5 3
      vertex 40 25.5 3
      vertex 39.9924 25.6743 3
    endloop
  endfacet
  facet normal 0 0 1
    outer loop
      vertex 40 25.5 3
      vertex 14.2856 -20.9679 3
      vertex 40 -25.5 3
    endloop
  endfacet
  facet normal 0 0 1
    outer loop
      vertex 38 27.5 3
      vertex 39.9924 25.6743 3
      vertex 39.9696 25.8473 3
    endloop
  endfacet
  facet normal -0 -0 1
    outer loop
      vertex 14.4142 -21.0858 3
      vertex 40 -25.5 3
      vertex 14.2856 -20.9679 3
    endloop
  endfacet
  facet normal 0 0 1
    outer loop
      vertex 38 27.5 3
      vertex 39.9696 25.8473 3
      vertex 39.9319 26.0176 3
    endloop
  endfacet
  facet normal -0 -0 1
    outer loop
      vertex 14.5321 -21.2144 3
      vertex 40 -25.5 3
      vertex 14.4142 -21.0858 3
    endloop
  endfacet
  facet normal 0 0 1
    outer loop
      vertex 38 27.5 3
      vertex 39.9319 26.0176 3
      vertex 39.8794 26.184 3
    endloop
  endfacet
  facet normal -0 -0 1
    outer loop
      vertex 14.6383 -21.3528 3
      vertex 40 -25.5 3
      vertex 14.5321 -21.2144 3
    endloop
  endfacet
  facet normal 0 0 1
    outer loop
      vertex 38 27.5 3
      vertex 39.8794 26.184 3
      vertex 39.8126 26.3452 3
    endloop
  endfacet
  facet normal -0 -0 1
    outer loop
      vertex 14.7321 -21.5 3
      vertex 40 -25.5 3
      vertex 14.6383 -21.3528 3
    endloop
  endfacet
  facet normal 0 0 1
    outer loop
      vertex 38 27.5 3
      vertex 39.8126 26.3452 3
      vertex 39.7321 26.5 3
    endloop
  endfacet
  facet normal -0 -0 1
    outer loop
      vertex 14.8126 -21.6548 3
      vertex 40 -25.5 3
      vertex 14.7321 -21.5 3
    endloop
  endfacet
  facet normal 0 0 1
    outer loop
      vertex 38 27.5 3
      vertex 39.7321 26.5 3
      vertex 39.6383 26.6472 3
    endloop
  endfacet
  facet normal 0 -0 1
    outer loop
      vertex 38 -27.5 3
      vertex 40 -25.5 3
      vertex 14.8126 -21.6548 3
    endloop
  endfacet
  facet normal 0 0 1
    outer loop
      vertex 38 27.5 3
      vertex 39.6383 26.6472 3
      vertex 39.5321 26.7856 3
    endloop
  endfacet
  facet normal 0 0 1
    outer loop
      vertex 40 -25.5 3
      vertex 38 -27.5 3
      vertex 39.9924 -25.6743 3
    endloop
  endfacet
  facet normal 0 0 1
    outer loop
      vertex 38 27.5 3
      vertex 39.5321 26.7856 3
      vertex 39.4142 26.9142 3
    endloop
  endfacet
  facet normal 0 0 1
    outer loop
      vertex 39.9696 -25.8473 3
      vertex 38 -27.5 3
      vertex 39.9319 -26.0176 3
    endloop
  endfacet
  facet normal 0 0 1
    outer loop
      vertex 38 27.5 3
      vertex 39.4142 26.9142 3
      vertex 39.2856 27.0321 3
    endloop
  endfacet
  facet normal 0 0 1
    outer loop
      vertex 39.9319 -26.0176 3
      vertex 38 -27.5 3
      vertex 39.8794 -26.184 3
    endloop
  endfacet
  facet normal 0 0 1
    outer loop
      vertex 38 27.5 3
      vertex 39.2856 27.0321 3
      vertex 39.1472 27.1383 3
    endloop
  endfacet
  facet normal 0 0 1
    outer loop
      vertex 39.8126 -26.3452 3
      vertex 38 -27.5 3
      vertex 39.7321 -26.5 3
    endloop
  endfacet
  facet normal 0 0 1
    outer loop
      vertex 38 27.5 3
      vertex 39.1472 27.1383 3
      vertex 39 27.2321 3
    endloop
  endfacet
  facet normal 0 0 1
    outer loop
      vertex 39.6383 -26.6472 3
      vertex 38 -27.5 3
      vertex 39.5321 -26.7856 3
    endloop
  endfacet
  facet normal 0 0 1
    outer loop
      vertex 38 27.5 3
      vertex 39 27.2321 3
      vertex 38.8452 27.3126 3
    endloop
  endfacet
  facet normal 0 0 1
    outer loop
      vertex 39.5321 -26.7856 3
      vertex 38 -27.5 3
      vertex 39.4142 -26.9142 3
    endloop
  endfacet
  facet normal 0 0 1
    outer loop
      vertex 38 27.5 3
      vertex 38.8452 27.3126 3
      vertex 38.684 27.3794 3
    endloop
  endfacet
  facet normal 0 0 1
    outer loop
      vertex 40 25.5 3
      vertex 38 27.5 3
      vertex 13.5176 -20.5681 3
    endloop
  endfacet
  facet normal 0 0 1
    outer loop
      vertex 38 27.5 3
      vertex 38.684 27.3794 3
      vertex 38.5176 27.4319 3
    endloop
  endfacet
  facet normal 0 0 1
    outer loop
      vertex 39.2856 -27.0321 3
      vertex 38 -27.5 3
      vertex 39.1472 -27.1383 3
    endloop
  endfacet
  facet normal 0 0 1
    outer loop
      vertex 38 27.5 3
      vertex 38.5176 27.4319 3
      vertex 38.3473 27.4696 3
    endloop
  endfacet
  facet normal 0 0 1
    outer loop
      vertex 38.8452 -27.3126 3
      vertex 38 -27.5 3
      vertex 38.684 -27.3794 3
    endloop
  endfacet
  facet normal 0 0 1
    outer loop
      vertex 38 27.5 3
      vertex 38.3473 27.4696 3
      vertex 38.1743 27.4924 3
    endloop
  endfacet
  facet normal 0 0 1
    outer loop
      vertex 38.684 -27.3794 3
      vertex 38 -27.5 3
      vertex 38.5176 -27.4319 3
    endloop
  endfacet
  facet normal 0 0 1
    outer loop
      vertex 38.5176 -27.4319 3
      vertex 38 -27.5 3
      vertex 38.3473 -27.4696 3
    endloop
  endfacet
  facet normal 0 0 1
    outer loop
      vertex 38.3473 -27.4696 3
      vertex 38 -27.5 3
      vertex 38.1743 -27.4924 3
    endloop
  endfacet
  facet normal 0 0 1
    outer loop
      vertex 39 -27.2321 3
      vertex 38 -27.5 3
      vertex 38.8452 -27.3126 3
    endloop
  endfacet
  facet normal 0 0 1
    outer loop
      vertex 38 -27.5 3
      vertex 14.9924 -22.3257 3
      vertex 15 -22.5 3
    endloop
  endfacet
  facet normal 0 0 1
    outer loop
      vertex 38 -27.5 3
      vertex 14.9696 -22.1527 3
      vertex 14.9924 -22.3257 3
    endloop
  endfacet
  facet normal 0 0 1
    outer loop
      vertex 38 -27.5 3
      vertex 14.9319 -21.9824 3
      vertex 14.9696 -22.1527 3
    endloop
  endfacet
  facet normal 0 0 1
    outer loop
      vertex 38 -27.5 3
      vertex 14.8794 -21.816 3
      vertex 14.9319 -21.9824 3
    endloop
  endfacet
  facet normal 0 0 1
    outer loop
      vertex 38 -27.5 3
      vertex 14.8126 -21.6548 3
      vertex 14.8794 -21.816 3
    endloop
  endfacet
  facet normal 0 0 1
    outer loop
      vertex 39.9924 -25.6743 3
      vertex 38 -27.5 3
      vertex 39.9696 -25.8473 3
    endloop
  endfacet
  facet normal 0 0 1
    outer loop
      vertex 39.8794 -26.184 3
      vertex 38 -27.5 3
      vertex 39.8126 -26.3452 3
    endloop
  endfacet
  facet normal 0 0 1
    outer loop
      vertex 39.7321 -26.5 3
      vertex 38 -27.5 3
      vertex 39.6383 -26.6472 3
    endloop
  endfacet
  facet normal 0 0 1
    outer loop
      vertex 39.4142 -26.9142 3
      vertex 38 -27.5 3
      vertex 39.2856 -27.0321 3
    endloop
  endfacet
  facet normal 0 0 1
    outer loop
      vertex 39.1472 -27.1383 3
      vertex 38 -27.5 3
      vertex 39 -27.2321 3
    endloop
  endfacet
  facet normal 0 0 1
    outer loop
      vertex 40 25.5 3
      vertex 14.1472 -20.8617 3
      vertex 14.2856 -20.9679 3
    endloop
  endfacet
  facet normal 0 0 1
    outer loop
      vertex 40 25.5 3
      vertex 14 -20.7679 3
      vertex 14.1472 -20.8617 3
    endloop
  endfacet
  facet normal 0 0 1
    outer loop
      vertex 40 25.5 3
      vertex 13.8452 -20.6874 3
      vertex 14 -20.7679 3
    endloop
  endfacet
  facet normal 0 0 1
    outer loop
      vertex 40 25.5 3
      vertex 13.684 -20.6206 3
      vertex 13.8452 -20.6874 3
    endloop
  endfacet
  facet normal 0 0 1
    outer loop
      vertex 40 25.5 3
      vertex 13.5176 -20.5681 3
      vertex 13.684 -20.6206 3
    endloop
  endfacet
  facet normal 0 0 1
    outer loop
      vertex 38 27.5 3
      vertex 13.3473 -20.5304 3
      vertex 13.5176 -20.5681 3
    endloop
  endfacet
  facet normal 0 0 1
    outer loop
      vertex 38 27.5 3
      vertex 13.1743 -20.5076 3
      vertex 13.3473 -20.5304 3
    endloop
  endfacet
  facet normal 0 0 1
    outer loop
      vertex 38 27.5 3
      vertex 13 -20.5 3
      vertex 13.1743 -20.5076 3
    endloop
  endfacet
  facet normal 0 0 1
    outer loop
      vertex 38 27.5 3
      vertex -13 -20.5 3
      vertex 13 -20.5 3
    endloop
  endfacet
  facet normal -0 0 1
    outer loop
      vertex -38 27.5 3
      vertex -13 -20.5 3
      vertex 38 27.5 3
    endloop
  endfacet
  facet normal 0 0 1
    outer loop
      vertex -13 -20.5 3
      vertex -38 27.5 3
      vertex -13.1743 -20.5076 3
    endloop
  endfacet
  facet normal 0 0 1
    outer loop
      vertex -13.1743 -20.5076 3
      vertex -38 27.5 3
      vertex -13.3473 -20.5304 3
    endloop
  endfacet
  facet normal 0 0 1
    outer loop
      vertex -13.3473 -20.5304 3
      vertex -38 27.5 3
      vertex -13.5176 -20.5681 3
    endloop
  endfacet
  facet normal -0 0 1
    outer loop
      vertex -40 25.5 3
      vertex -13.5176 -20.5681 3
      vertex -38 27.5 3
    endloop
  endfacet
  facet normal 0 0 1
    outer loop
      vertex -13.5176 -20.5681 3
      vertex -40 25.5 3
      vertex -13.684 -20.6206 3
    endloop
  endfacet
  facet normal 0 0 1
    outer loop
      vertex -13.684 -20.6206 3
      vertex -40 25.5 3
      vertex -13.8452 -20.6874 3
    endloop
  endfacet
  facet normal 0 0 1
    outer loop
      vertex -13.8452 -20.6874 3
      vertex -40 25.5 3
      vertex -14 -20.7679 3
    endloop
  endfacet
  facet normal 0 0 1
    outer loop
      vertex -14 -20.7679 3
      vertex -40 25.5 3
      vertex -14.1472 -20.8617 3
    endloop
  endfacet
  facet normal 0 0 1
    outer loop
      vertex -14.1472 -20.8617 3
      vertex -40 25.5 3
      vertex -14.2856 -20.9679 3
    endloop
  endfacet
  facet normal 0 0 1
    outer loop
      vertex -40 -25.5 3
      vertex -14.2856 -20.9679 3
      vertex -40 25.5 3
    endloop
  endfacet
  facet normal 0 0 1
    outer loop
      vertex -14.2856 -20.9679 3
      vertex -40 -25.5 3
      vertex -14.4142 -21.0858 3
    endloop
  endfacet
  facet normal 0 0 1
    outer loop
      vertex -14.4142 -21.0858 3
      vertex -40 -25.5 3
      vertex -14.5321 -21.2144 3
    endloop
  endfacet
  facet normal 0 0 1
    outer loop
      vertex -14.5321 -21.2144 3
      vertex -40 -25.5 3
      vertex -14.6383 -21.3528 3
    endloop
  endfacet
  facet normal 0 0 1
    outer loop
      vertex -14.6383 -21.3528 3
      vertex -40 -25.5 3
      vertex -14.7321 -21.5 3
    endloop
  endfacet
  facet normal 0 0 1
    outer loop
      vertex -14.7321 -21.5 3
      vertex -40 -25.5 3
      vertex -14.8126 -21.6548 3
    endloop
  endfacet
  facet normal 0 0 1
    outer loop
      vertex -14.8126 -21.6548 3
      vertex -40 -25.5 3
      vertex -14.8794 -21.816 3
    endloop
  endfacet
  facet normal 0 -0 1
    outer loop
      vertex -38 -27.5 3
      vertex -14.8794 -21.816 3
      vertex -40 -25.5 3
    endloop
  endfacet
  facet normal 0 0 1
    outer loop
      vertex -14.8794 -21.816 3
      vertex -38 -27.5 3
      vertex -14.9319 -21.9824 3
    endloop
  endfacet
  facet normal 0 0 1
    outer loop
      vertex -14.9319 -21.9824 3
      vertex -38 -27.5 3
      vertex -14.9696 -22.1527 3
    endloop
  endfacet
  facet normal 0 0 1
    outer loop
      vertex -14.9696 -22.1527 3
      vertex -38 -27.5 3
      vertex -14.9924 -22.3257 3
    endloop
  endfacet
  facet normal 0 0 1
    outer loop
      vertex -40 25.5 3
      vertex -38 27.5 3
      vertex -38.1743 27.4924 3
    endloop
  endfacet
  facet normal 0 0 1
    outer loop
      vertex -14.9924 -22.3257 3
      vertex -38 -27.5 3
      vertex -15 -22.5 3
    endloop
  endfacet
  facet normal 0 0 1
    outer loop
      vertex -40 25.5 3
      vertex -38.1743 27.4924 3
      vertex -38.3473 27.4696 3
    endloop
  endfacet
  facet normal 0 0 1
    outer loop
      vertex -15 -22.5 3
      vertex -38 -27.5 3
      vertex -15 -27.5 3
    endloop
  endfacet
  facet normal 0 0 1
    outer loop
      vertex -40 25.5 3
      vertex -38.3473 27.4696 3
      vertex -38.5176 27.4319 3
    endloop
  endfacet
  facet normal 0 0 1
    outer loop
      vertex -38 -27.5 3
      vertex -40 -25.5 3
      vertex -38.1743 -27.4924 3
    endloop
  endfacet
  facet normal 0 0 1
    outer loop
      vertex -40 25.5 3
      vertex -38.5176 27.4319 3
      vertex -38.684 27.3794 3
    endloop
  endfacet
  facet normal 0 0 1
    outer loop
      vertex -38.1743 -27.4924 3
      vertex -40 -25.5 3
      vertex -38.3473 -27.4696 3
    endloop
  endfacet
  facet normal 0 0 1
    outer loop
      vertex -40 25.5 3
      vertex -38.684 27.3794 3
      vertex -38.8452 27.3126 3
    endloop
  endfacet
  facet normal 0 0 1
    outer loop
      vertex -38.3473 -27.4696 3
      vertex -40 -25.5 3
      vertex -38.5176 -27.4319 3
    endloop
  endfacet
  facet normal 0 0 1
    outer loop
      vertex -40 25.5 3
      vertex -38.8452 27.3126 3
      vertex -39 27.2321 3
    endloop
  endfacet
  facet normal 0 0 1
    outer loop
      vertex -38.5176 -27.4319 3
      vertex -40 -25.5 3
      vertex -38.684 -27.3794 3
    endloop
  endfacet
  facet normal 0 0 1
    outer loop
      vertex -40 25.5 3
      vertex -39 27.2321 3
      vertex -39.1472 27.1383 3
    endloop
  endfacet
  facet normal 0 0 1
    outer loop
      vertex -38.684 -27.3794 3
      vertex -40 -25.5 3
      vertex -38.8452 -27.3126 3
    endloop
  endfacet
  facet normal 0 0 1
    outer loop
      vertex -40 25.5 3
      vertex -39.1472 27.1383 3
      vertex -39.2856 27.0321 3
    endloop
  endfacet
  facet normal 0 0 1
    outer loop
      vertex -38.8452 -27.3126 3
      vertex -40 -25.5 3
      vertex -39 -27.2321 3
    endloop
  endfacet
  facet normal 0 0 1
    outer loop
      vertex -40 25.5 3
      vertex -39.2856 27.0321 3
      vertex -39.4142 26.9142 3
    endloop
  endfacet
  facet normal 0 0 1
    outer loop
      vertex -39 -27.2321 3
      vertex -40 -25.5 3
      vertex -39.1472 -27.1383 3
    endloop
  endfacet
  facet normal 0 0 1
    outer loop
      vertex -40 25.5 3
      vertex -39.4142 26.9142 3
      vertex -39.5321 26.7856 3
    endloop
  endfacet
  facet normal 0 0 1
    outer loop
      vertex -39.1472 -27.1383 3
      vertex -40 -25.5 3
      vertex -39.2856 -27.0321 3
    endloop
  endfacet
  facet normal 0 0 1
    outer loop
      vertex -40 25.5 3
      vertex -39.5321 26.7856 3
      vertex -39.6383 26.6472 3
    endloop
  endfacet
  facet normal 0 0 1
    outer loop
      vertex -39.2856 -27.0321 3
      vertex -40 -25.5 3
      vertex -39.4142 -26.9142 3
    endloop
  endfacet
  facet normal 0 0 1
    outer loop
      vertex -40 25.5 3
      vertex -39.6383 26.6472 3
      vertex -39.7321 26.5 3
    endloop
  endfacet
  facet normal 0 0 1
    outer loop
      vertex -39.4142 -26.9142 3
      vertex -40 -25.5 3
      vertex -39.5321 -26.7856 3
    endloop
  endfacet
  facet normal 0 0 1
    outer loop
      vertex -40 25.5 3
      vertex -39.7321 26.5 3
      vertex -39.8126 26.3452 3
    endloop
  endfacet
  facet normal 0 0 1
    outer loop
      vertex -39.5321 -26.7856 3
      vertex -40 -25.5 3
      vertex -39.6383 -26.6472 3
    endloop
  endfacet
  facet normal 0 0 1
    outer loop
      vertex -40 25.5 3
      vertex -39.8126 26.3452 3
      vertex -39.8794 26.184 3
    endloop
  endfacet
  facet normal 0 0 1
    outer loop
      vertex -39.6383 -26.6472 3
      vertex -40 -25.5 3
      vertex -39.7321 -26.5 3
    endloop
  endfacet
  facet normal 0 0 1
    outer loop
      vertex -40 25.5 3
      vertex -39.8794 26.184 3
      vertex -39.9319 26.0176 3
    endloop
  endfacet
  facet normal 0 0 1
    outer loop
      vertex -39.7321 -26.5 3
      vertex -40 -25.5 3
      vertex -39.8126 -26.3452 3
    endloop
  endfacet
  facet normal 0 0 1
    outer loop
      vertex -40 25.5 3
      vertex -39.9319 26.0176 3
      vertex -39.9696 25.8473 3
    endloop
  endfacet
  facet normal 0 0 1
    outer loop
      vertex -39.8126 -26.3452 3
      vertex -40 -25.5 3
      vertex -39.8794 -26.184 3
    endloop
  endfacet
  facet normal 0 0 1
    outer loop
      vertex -40 25.5 3
      vertex -39.9696 25.8473 3
      vertex -39.9924 25.6743 3
    endloop
  endfacet
  facet normal 0 0 1
    outer loop
      vertex -39.8794 -26.184 3
      vertex -40 -25.5 3
      vertex -39.9319 -26.0176 3
    endloop
  endfacet
  facet normal 0 0 1
    outer loop
      vertex -39.9319 -26.0176 3
      vertex -40 -25.5 3
      vertex -39.9696 -25.8473 3
    endloop
  endfacet
  facet normal 0 0 1
    outer loop
      vertex -39.9696 -25.8473 3
      vertex -40 -25.5 3
      vertex -39.9924 -25.6743 3
    endloop
  endfacet
  facet normal 0 0 1
    outer loop
      vertex 38 -27.5 3
      vertex 15 -22.5 3
      vertex 15 -27.5 3
    endloop
  endfacet
  facet normal -0.537394 -0.843331 0
    outer loop
      vertex 39 27.2321 3
      vertex 39.1472 27.1383 53
      vertex 39 27.2321 53
    endloop
  endfacet
  facet normal -0.537394 -0.843331 -0
    outer loop
      vertex 39.1472 27.1383 53
      vertex 39 27.2321 3
      vertex 39.1472 27.1383 3
    endloop
  endfacet
  facet normal -0.461371 0.887207 0
    outer loop
      vertex 39 -27.2321 3
      vertex 38.8452 -27.3126 53
      vertex 39 -27.2321 53
    endloop
  endfacet
  facet normal -0.461371 0.887207 0
    outer loop
      vertex 38.8452 -27.3126 53
      vertex 39 -27.2321 3
      vertex 38.8452 -27.3126 3
    endloop
  endfacet
  facet normal 1 -0 0
    outer loop
      vertex -40 -25.5 53
      vertex -40 25.5 3
      vertex -40 25.5 53
    endloop
  endfacet
  facet normal 1 0 0
    outer loop
      vertex -40 25.5 3
      vertex -40 -25.5 53
      vertex -40 -25.5 3
    endloop
  endfacet
  facet normal -0.216141 0.976362 0
    outer loop
      vertex 38.5176 -27.4319 3
      vertex 38.3473 -27.4696 53
      vertex 38.5176 -27.4319 53
    endloop
  endfacet
  facet normal -0.216141 0.976362 0
    outer loop
      vertex 38.3473 -27.4696 53
      vertex 38.5176 -27.4319 3
      vertex 38.3473 -27.4696 3
    endloop
  endfacet
  facet normal 0.537394 0.843331 -0
    outer loop
      vertex -39 -27.2321 3
      vertex -39.1472 -27.1383 53
      vertex -39 -27.2321 53
    endloop
  endfacet
  facet normal 0.537394 0.843331 0
    outer loop
      vertex -39.1472 -27.1383 53
      vertex -39 -27.2321 3
      vertex -39.1472 -27.1383 3
    endloop
  endfacet
  facet normal 0.216141 -0.976362 0
    outer loop
      vertex -38.5176 27.4319 3
      vertex -38.3473 27.4696 53
      vertex -38.5176 27.4319 53
    endloop
  endfacet
  facet normal 0.216141 -0.976362 0
    outer loop
      vertex -38.3473 27.4696 53
      vertex -38.5176 27.4319 3
      vertex -38.3473 27.4696 3
    endloop
  endfacet
  facet normal 0.382824 0.923821 -0
    outer loop
      vertex -38.684 -27.3794 3
      vertex -38.8452 -27.3126 53
      vertex -38.684 -27.3794 53
    endloop
  endfacet
  facet normal 0.382824 0.923821 0
    outer loop
      vertex -38.8452 -27.3126 53
      vertex -38.684 -27.3794 3
      vertex -38.8452 -27.3126 3
    endloop
  endfacet
  facet normal -0.0435616 0.999051 0
    outer loop
      vertex 38.1743 -27.4924 3
      vertex 38 -27.5 53
      vertex 38.1743 -27.4924 53
    endloop
  endfacet
  facet normal -0.0435616 0.999051 0
    outer loop
      vertex 38 -27.5 53
      vertex 38.1743 -27.4924 3
      vertex 38 -27.5 3
    endloop
  endfacet
  facet normal -0.0435616 -0.999051 0
    outer loop
      vertex 38 27.5 3
      vertex 38.1743 27.4924 53
      vertex 38 27.5 53
    endloop
  endfacet
  facet normal -0.0435616 -0.999051 -0
    outer loop
      vertex 38.1743 27.4924 53
      vertex 38 27.5 3
      vertex 38.1743 27.4924 3
    endloop
  endfacet
  facet normal -0.991427 -0.130662 0
    outer loop
      vertex 39.9924 25.6743 3
      vertex 39.9696 25.8473 53
      vertex 39.9696 25.8473 3
    endloop
  endfacet
  facet normal -0.991427 -0.130662 0
    outer loop
      vertex 39.9696 25.8473 53
      vertex 39.9924 25.6743 3
      vertex 39.9924 25.6743 53
    endloop
  endfacet
  facet normal 0.216141 0.976362 -0
    outer loop
      vertex -38.3473 -27.4696 3
      vertex -38.5176 -27.4319 53
      vertex -38.3473 -27.4696 53
    endloop
  endfacet
  facet normal 0.216141 0.976362 0
    outer loop
      vertex -38.5176 -27.4319 53
      vertex -38.3473 -27.4696 3
      vertex -38.5176 -27.4319 3
    endloop
  endfacet
  facet normal -0.216141 -0.976362 0
    outer loop
      vertex 38.3473 27.4696 3
      vertex 38.5176 27.4319 53
      vertex 38.3473 27.4696 53
    endloop
  endfacet
  facet normal -0.216141 -0.976362 -0
    outer loop
      vertex 38.5176 27.4319 53
      vertex 38.3473 27.4696 3
      vertex 38.5176 27.4319 3
    endloop
  endfacet
  facet normal 0 1 -0
    outer loop
      vertex 38 -27.5 3
      vertex 15 -27.5 53
      vertex 38 -27.5 53
    endloop
  endfacet
  facet normal 0 1 0
    outer loop
      vertex 15 -27.5 53
      vertex 38 -27.5 3
      vertex 15 -27.5 3
    endloop
  endfacet
  facet normal 0 1 -0
    outer loop
      vertex -15 -27.5 3
      vertex -38 -27.5 53
      vertex -15 -27.5 53
    endloop
  endfacet
  facet normal 0 1 0
    outer loop
      vertex -38 -27.5 53
      vertex -15 -27.5 3
      vertex -38 -27.5 3
    endloop
  endfacet
  facet normal -0.537394 0.843331 0
    outer loop
      vertex 39.1472 -27.1383 3
      vertex 39 -27.2321 53
      vertex 39.1472 -27.1383 53
    endloop
  endfacet
  facet normal -0.537394 0.843331 0
    outer loop
      vertex 39 -27.2321 53
      vertex 39.1472 -27.1383 3
      vertex 39 -27.2321 3
    endloop
  endfacet
  facet normal 0.976362 -0.216141 0
    outer loop
      vertex -39.9696 25.8473 53
      vertex -39.9319 26.0176 3
      vertex -39.9319 26.0176 53
    endloop
  endfacet
  facet normal 0.976362 -0.216141 0
    outer loop
      vertex -39.9319 26.0176 3
      vertex -39.9696 25.8473 53
      vertex -39.9696 25.8473 3
    endloop
  endfacet
  facet normal 0 -1 0
    outer loop
      vertex -23.7059 27.5 45.8296
      vertex -38 27.5 53
      vertex -24.1318 27.5 45.924
    endloop
  endfacet
  facet normal 0 -1 0
    outer loop
      vertex 38 27.5 53
      vertex 24.5642 27.5 45.981
      vertex 25 27.5 46
    endloop
  endfacet
  facet normal 0 -1 0
    outer loop
      vertex -23.2899 27.5 45.6985
      vertex -38 27.5 53
      vertex -23.7059 27.5 45.8296
    endloop
  endfacet
  facet normal 0 -1 0
    outer loop
      vertex 38 27.5 53
      vertex 24.1318 27.5 45.924
      vertex 24.5642 27.5 45.981
    endloop
  endfacet
  facet normal 0 -1 0
    outer loop
      vertex -38 27.5 53
      vertex -23.2899 27.5 45.6985
      vertex 38 27.5 53
    endloop
  endfacet
  facet normal 0 -1 0
    outer loop
      vertex 38 27.5 53
      vertex 23.7059 27.5 45.8296
      vertex 24.1318 27.5 45.924
    endloop
  endfacet
  facet normal 0 -1 0
    outer loop
      vertex 23.2899 27.5 45.6985
      vertex 38 27.5 53
      vertex -23.2899 27.5 45.6985
    endloop
  endfacet
  facet normal 0 -1 0
    outer loop
      vertex 38 27.5 53
      vertex 23.2899 27.5 45.6985
      vertex 23.7059 27.5 45.8296
    endloop
  endfacet
  facet normal 0 -1 0
    outer loop
      vertex -22.8869 27.5 45.5315
      vertex 23.2899 27.5 45.6985
      vertex -23.2899 27.5 45.6985
    endloop
  endfacet
  facet normal 0 -1 0
    outer loop
      vertex -22.8869 27.5 45.5315
      vertex 22.8869 27.5 45.5315
      vertex 23.2899 27.5 45.6985
    endloop
  endfacet
  facet normal 0 -1 0
    outer loop
      vertex -22.5 27.5 45.3301
      vertex 22.8869 27.5 45.5315
      vertex -22.8869 27.5 45.5315
    endloop
  endfacet
  facet normal 0 -1 0
    outer loop
      vertex -22.5 27.5 45.3301
      vertex 22.5 27.5 45.3301
      vertex 22.8869 27.5 45.5315
    endloop
  endfacet
  facet normal 0 -1 0
    outer loop
      vertex -22.1321 27.5 45.0958
      vertex 22.5 27.5 45.3301
      vertex -22.5 27.5 45.3301
    endloop
  endfacet
  facet normal 0 -1 0
    outer loop
      vertex -22.1321 27.5 45.0958
      vertex 22.1321 27.5 45.0958
      vertex 22.5 27.5 45.3301
    endloop
  endfacet
  facet normal 0 -1 0
    outer loop
      vertex -21.7861 27.5 44.8302
      vertex 22.1321 27.5 45.0958
      vertex -22.1321 27.5 45.0958
    endloop
  endfacet
  facet normal 0 -1 0
    outer loop
      vertex -21.7861 27.5 44.8302
      vertex 21.7861 27.5 44.8302
      vertex 22.1321 27.5 45.0958
    endloop
  endfacet
  facet normal 0 -1 0
    outer loop
      vertex -21.4645 27.5 44.5355
      vertex 21.7861 27.5 44.8302
      vertex -21.7861 27.5 44.8302
    endloop
  endfacet
  facet normal 0 -1 0
    outer loop
      vertex -21.4645 27.5 44.5355
      vertex 21.4645 27.5 44.5355
      vertex 21.7861 27.5 44.8302
    endloop
  endfacet
  facet normal 0 -1 0
    outer loop
      vertex -21.1698 27.5 44.2139
      vertex 21.4645 27.5 44.5355
      vertex -21.4645 27.5 44.5355
    endloop
  endfacet
  facet normal 0 -1 0
    outer loop
      vertex -21.1698 27.5 44.2139
      vertex 21.1698 27.5 44.2139
      vertex 21.4645 27.5 44.5355
    endloop
  endfacet
  facet normal 0 -1 0
    outer loop
      vertex -20.9042 27.5 43.8679
      vertex 21.1698 27.5 44.2139
      vertex -21.1698 27.5 44.2139
    endloop
  endfacet
  facet normal 0 -1 0
    outer loop
      vertex -20.9042 27.5 43.8679
      vertex 20.9042 27.5 43.8679
      vertex 21.1698 27.5 44.2139
    endloop
  endfacet
  facet normal 0 -1 0
    outer loop
      vertex -20.6699 27.5 43.5
      vertex 20.9042 27.5 43.8679
      vertex -20.9042 27.5 43.8679
    endloop
  endfacet
  facet normal 0 -1 0
    outer loop
      vertex -20.6699 27.5 43.5
      vertex 20.6699 27.5 43.5
      vertex 20.9042 27.5 43.8679
    endloop
  endfacet
  facet normal 0 -1 0
    outer loop
      vertex -20.4685 27.5 43.1131
      vertex 20.6699 27.5 43.5
      vertex -20.6699 27.5 43.5
    endloop
  endfacet
  facet normal 0 -1 0
    outer loop
      vertex -20.4685 27.5 43.1131
      vertex 20.4685 27.5 43.1131
      vertex 20.6699 27.5 43.5
    endloop
  endfacet
  facet normal 0 -1 0
    outer loop
      vertex -20.3015 27.5 42.7101
      vertex 20.4685 27.5 43.1131
      vertex -20.4685 27.5 43.1131
    endloop
  endfacet
  facet normal 0 -1 0
    outer loop
      vertex -20.3015 27.5 42.7101
      vertex 20.3015 27.5 42.7101
      vertex 20.4685 27.5 43.1131
    endloop
  endfacet
  facet normal 0 -1 0
    outer loop
      vertex -20.1704 27.5 42.2941
      vertex 20.3015 27.5 42.7101
      vertex -20.3015 27.5 42.7101
    endloop
  endfacet
  facet normal 0 -1 0
    outer loop
      vertex -20.1704 27.5 42.2941
      vertex 20.1704 27.5 42.2941
      vertex 20.3015 27.5 42.7101
    endloop
  endfacet
  facet normal 0 -1 0
    outer loop
      vertex -20.076 27.5 41.8682
      vertex 20.1704 27.5 42.2941
      vertex -20.1704 27.5 42.2941
    endloop
  endfacet
  facet normal 0 -1 0
    outer loop
      vertex -20.076 27.5 41.8682
      vertex 20.076 27.5 41.8682
      vertex 20.1704 27.5 42.2941
    endloop
  endfacet
  facet normal 0 -1 0
    outer loop
      vertex -20.019 27.5 41.4358
      vertex 20.076 27.5 41.8682
      vertex -20.076 27.5 41.8682
    endloop
  endfacet
  facet normal 0 -1 0
    outer loop
      vertex -20.019 27.5 41.4358
      vertex 20.019 27.5 41.4358
      vertex 20.076 27.5 41.8682
    endloop
  endfacet
  facet normal 0 -1 0
    outer loop
      vertex -20 27.5 41
      vertex 20.019 27.5 41.4358
      vertex -20.019 27.5 41.4358
    endloop
  endfacet
  facet normal 0 -1 0
    outer loop
      vertex -20 27.5 41
      vertex 20 27.5 41
      vertex 20.019 27.5 41.4358
    endloop
  endfacet
  facet normal 0 -1 0
    outer loop
      vertex -20.019 27.5 40.5642
      vertex 20 27.5 41
      vertex -20 27.5 41
    endloop
  endfacet
  facet normal 0 -1 0
    outer loop
      vertex -20.019 27.5 40.5642
      vertex 20.019 27.5 40.5642
      vertex 20 27.5 41
    endloop
  endfacet
  facet normal 0 -1 0
    outer loop
      vertex -0.435779 27.5 18.981
      vertex -20.019 27.5 40.5642
      vertex -20.076 27.5 40.1318
    endloop
  endfacet
  facet normal 0 -1 0
    outer loop
      vertex -20.019 27.5 40.5642
      vertex 0 27.5 19
      vertex 20.019 27.5 40.5642
    endloop
  endfacet
  facet normal 0 -1 0
    outer loop
      vertex -0.86824 27.5 18.924
      vertex -20.076 27.5 40.1318
      vertex -20.1704 27.5 39.7059
    endloop
  endfacet
  facet normal 0 -1 0
    outer loop
      vertex 0.435779 27.5 18.981
      vertex 20.019 27.5 40.5642
      vertex 0 27.5 19
    endloop
  endfacet
  facet normal 0 -1 0
    outer loop
      vertex -1.2941 27.5 18.8296
      vertex -20.1704 27.5 39.7059
      vertex -20.3015 27.5 39.2899
    endloop
  endfacet
  facet normal 0 -1 -0
    outer loop
      vertex 20.019 27.5 40.5642
      vertex 0.435779 27.5 18.981
      vertex 20.076 27.5 40.1318
    endloop
  endfacet
  facet normal 0 -1 0
    outer loop
      vertex -1.7101 27.5 18.6985
      vertex -20.3015 27.5 39.2899
      vertex -20.4685 27.5 38.8869
    endloop
  endfacet
  facet normal 0 -1 0
    outer loop
      vertex 0.86824 27.5 18.924
      vertex 20.076 27.5 40.1318
      vertex 0.435779 27.5 18.981
    endloop
  endfacet
  facet normal 0 -1 0
    outer loop
      vertex -2.11309 27.5 18.5315
      vertex -20.4685 27.5 38.8869
      vertex -20.6699 27.5 38.5
    endloop
  endfacet
  facet normal 0 -1 -0
    outer loop
      vertex 20.076 27.5 40.1318
      vertex 0.86824 27.5 18.924
      vertex 20.1704 27.5 39.7059
    endloop
  endfacet
  facet normal 0 -1 0
    outer loop
      vertex -2.5 27.5 18.3301
      vertex -20.6699 27.5 38.5
      vertex -20.9042 27.5 38.1321
    endloop
  endfacet
  facet normal 0 -1 0
    outer loop
      vertex 1.2941 27.5 18.8296
      vertex 20.1704 27.5 39.7059
      vertex 0.86824 27.5 18.924
    endloop
  endfacet
  facet normal 0 -1 0
    outer loop
      vertex -2.86788 27.5 18.0958
      vertex -20.9042 27.5 38.1321
      vertex -21.1698 27.5 37.7861
    endloop
  endfacet
  facet normal 0 -1 -0
    outer loop
      vertex 20.1704 27.5 39.7059
      vertex 1.2941 27.5 18.8296
      vertex 20.3015 27.5 39.2899
    endloop
  endfacet
  facet normal 0 -1 0
    outer loop
      vertex -3.21394 27.5 17.8302
      vertex -21.1698 27.5 37.7861
      vertex -21.4645 27.5 37.4645
    endloop
  endfacet
  facet normal 0 -1 0
    outer loop
      vertex 1.7101 27.5 18.6985
      vertex 20.3015 27.5 39.2899
      vertex 1.2941 27.5 18.8296
    endloop
  endfacet
  facet normal 0 -1 0
    outer loop
      vertex -3.53553 27.5 17.5355
      vertex -21.4645 27.5 37.4645
      vertex -21.7861 27.5 37.1698
    endloop
  endfacet
  facet normal 0 -1 -0
    outer loop
      vertex 20.3015 27.5 39.2899
      vertex 1.7101 27.5 18.6985
      vertex 20.4685 27.5 38.8869
    endloop
  endfacet
  facet normal 0 -1 0
    outer loop
      vertex -3.83022 27.5 17.2139
      vertex -21.7861 27.5 37.1698
      vertex -22.1321 27.5 36.9042
    endloop
  endfacet
  facet normal 0 -1 0
    outer loop
      vertex 2.11309 27.5 18.5315
      vertex 20.4685 27.5 38.8869
      vertex 1.7101 27.5 18.6985
    endloop
  endfacet
  facet normal 0 -1 0
    outer loop
      vertex -4.09576 27.5 16.8679
      vertex -22.1321 27.5 36.9042
      vertex -22.5 27.5 36.6699
    endloop
  endfacet
  facet normal 0 -1 -0
    outer loop
      vertex 20.4685 27.5 38.8869
      vertex 2.11309 27.5 18.5315
      vertex 20.6699 27.5 38.5
    endloop
  endfacet
  facet normal 0 -1 0
    outer loop
      vertex -4.33013 27.5 16.5
      vertex -22.5 27.5 36.6699
      vertex -22.8869 27.5 36.4685
    endloop
  endfacet
  facet normal 0 -1 0
    outer loop
      vertex 2.5 27.5 18.3301
      vertex 20.6699 27.5 38.5
      vertex 2.11309 27.5 18.5315
    endloop
  endfacet
  facet normal 0 -1 0
    outer loop
      vertex -4.53154 27.5 16.1131
      vertex -22.8869 27.5 36.4685
      vertex -23.2899 27.5 36.3015
    endloop
  endfacet
  facet normal 0 -1 -0
    outer loop
      vertex 20.6699 27.5 38.5
      vertex 2.5 27.5 18.3301
      vertex 20.9042 27.5 38.1321
    endloop
  endfacet
  facet normal 0 -1 0
    outer loop
      vertex -4.69846 27.5 15.7101
      vertex -23.2899 27.5 36.3015
      vertex -23.7059 27.5 36.1704
    endloop
  endfacet
  facet normal 0 -1 0
    outer loop
      vertex 2.86788 27.5 18.0958
      vertex 20.9042 27.5 38.1321
      vertex 2.5 27.5 18.3301
    endloop
  endfacet
  facet normal 0 -1 0
    outer loop
      vertex -4.82963 27.5 15.2941
      vertex -23.7059 27.5 36.1704
      vertex -24.1318 27.5 36.076
    endloop
  endfacet
  facet normal 0 -1 -0
    outer loop
      vertex 20.9042 27.5 38.1321
      vertex 2.86788 27.5 18.0958
      vertex 21.1698 27.5 37.7861
    endloop
  endfacet
  facet normal 0 -1 0
    outer loop
      vertex -4.92404 27.5 14.8682
      vertex -24.1318 27.5 36.076
      vertex -24.5642 27.5 36.019
    endloop
  endfacet
  facet normal 0 -1 0
    outer loop
      vertex 3.21394 27.5 17.8302
      vertex 21.1698 27.5 37.7861
      vertex 2.86788 27.5 18.0958
    endloop
  endfacet
  facet normal 0 -1 0
    outer loop
      vertex -4.98097 27.5 14.4358
      vertex -24.5642 27.5 36.019
      vertex -25 27.5 36
    endloop
  endfacet
  facet normal 0 -1 -0
    outer loop
      vertex 21.1698 27.5 37.7861
      vertex 3.21394 27.5 17.8302
      vertex 21.4645 27.5 37.4645
    endloop
  endfacet
  facet normal 0 -1 0
    outer loop
      vertex -24.5642 27.5 45.981
      vertex -38 27.5 53
      vertex -25 27.5 46
    endloop
  endfacet
  facet normal 0 -1 0
    outer loop
      vertex -38 27.5 53
      vertex -25.4358 27.5 45.981
      vertex -25 27.5 46
    endloop
  endfacet
  facet normal 0 -1 0
    outer loop
      vertex -38 27.5 53
      vertex -25.8682 27.5 45.924
      vertex -25.4358 27.5 45.981
    endloop
  endfacet
  facet normal 0 -1 0
    outer loop
      vertex -38 27.5 53
      vertex -26.2941 27.5 45.8296
      vertex -25.8682 27.5 45.924
    endloop
  endfacet
  facet normal 0 -1 0
    outer loop
      vertex -38 27.5 53
      vertex -26.7101 27.5 45.6985
      vertex -26.2941 27.5 45.8296
    endloop
  endfacet
  facet normal 0 -1 0
    outer loop
      vertex -38 27.5 53
      vertex -27.1131 27.5 45.5315
      vertex -26.7101 27.5 45.6985
    endloop
  endfacet
  facet normal 0 -1 0
    outer loop
      vertex -38 27.5 53
      vertex -27.5 27.5 45.3301
      vertex -27.1131 27.5 45.5315
    endloop
  endfacet
  facet normal 0 -1 0
    outer loop
      vertex -38 27.5 53
      vertex -27.8679 27.5 45.0958
      vertex -27.5 27.5 45.3301
    endloop
  endfacet
  facet normal 0 -1 0
    outer loop
      vertex -38 27.5 53
      vertex -28.2139 27.5 44.8302
      vertex -27.8679 27.5 45.0958
    endloop
  endfacet
  facet normal 0 -1 0
    outer loop
      vertex -38 27.5 53
      vertex -28.5355 27.5 44.5355
      vertex -28.2139 27.5 44.8302
    endloop
  endfacet
  facet normal 0 -1 0
    outer loop
      vertex -38 27.5 53
      vertex -28.8302 27.5 44.2139
      vertex -28.5355 27.5 44.5355
    endloop
  endfacet
  facet normal 0 -1 0
    outer loop
      vertex -38 27.5 53
      vertex -29.0958 27.5 43.8679
      vertex -28.8302 27.5 44.2139
    endloop
  endfacet
  facet normal 0 -1 0
    outer loop
      vertex -38 27.5 53
      vertex -29.3301 27.5 43.5
      vertex -29.0958 27.5 43.8679
    endloop
  endfacet
  facet normal 0 -1 0
    outer loop
      vertex -38 27.5 53
      vertex -29.5315 27.5 43.1131
      vertex -29.3301 27.5 43.5
    endloop
  endfacet
  facet normal 0 -1 0
    outer loop
      vertex -38 27.5 53
      vertex -29.6985 27.5 42.7101
      vertex -29.5315 27.5 43.1131
    endloop
  endfacet
  facet normal 0 -1 0
    outer loop
      vertex -38 27.5 53
      vertex -29.8296 27.5 42.2941
      vertex -29.6985 27.5 42.7101
    endloop
  endfacet
  facet normal 0 -1 0
    outer loop
      vertex -38 27.5 53
      vertex -29.924 27.5 41.8682
      vertex -29.8296 27.5 42.2941
    endloop
  endfacet
  facet normal 0 -1 0
    outer loop
      vertex -38 27.5 53
      vertex -29.981 27.5 41.4358
      vertex -29.924 27.5 41.8682
    endloop
  endfacet
  facet normal 0 -1 0
    outer loop
      vertex -38 27.5 53
      vertex -30 27.5 41
      vertex -29.981 27.5 41.4358
    endloop
  endfacet
  facet normal 0 -1 0
    outer loop
      vertex -38 27.5 53
      vertex -29.981 27.5 40.5642
      vertex -30 27.5 41
    endloop
  endfacet
  facet normal 0 -1 0
    outer loop
      vertex -38 27.5 53
      vertex -29.924 27.5 40.1318
      vertex -29.981 27.5 40.5642
    endloop
  endfacet
  facet normal 0 -1 0
    outer loop
      vertex -38 27.5 53
      vertex -29.8296 27.5 39.7059
      vertex -29.924 27.5 40.1318
    endloop
  endfacet
  facet normal 0 -1 0
    outer loop
      vertex -38 27.5 53
      vertex -29.6985 27.5 39.2899
      vertex -29.8296 27.5 39.7059
    endloop
  endfacet
  facet normal 0 -1 0
    outer loop
      vertex -38 27.5 3
      vertex -29.6985 27.5 39.2899
      vertex -38 27.5 53
    endloop
  endfacet
  facet normal 0 -1 -0
    outer loop
      vertex -29.6985 27.5 39.2899
      vertex -38 27.5 3
      vertex -29.5315 27.5 38.8869
    endloop
  endfacet
  facet normal 0 -1 0
    outer loop
      vertex 3.53553 27.5 17.5355
      vertex 21.4645 27.5 37.4645
      vertex 3.21394 27.5 17.8302
    endloop
  endfacet
  facet normal 0 -1 0
    outer loop
      vertex -38 27.5 3
      vertex -25 27.5 36
      vertex -25.4358 27.5 36.019
    endloop
  endfacet
  facet normal 0 -1 0
    outer loop
      vertex -38 27.5 3
      vertex -25.4358 27.5 36.019
      vertex -25.8682 27.5 36.076
    endloop
  endfacet
  facet normal 0 -1 0
    outer loop
      vertex -38 27.5 3
      vertex -25.8682 27.5 36.076
      vertex -26.2941 27.5 36.1704
    endloop
  endfacet
  facet normal 0 -1 0
    outer loop
      vertex -38 27.5 3
      vertex -26.2941 27.5 36.1704
      vertex -26.7101 27.5 36.3015
    endloop
  endfacet
  facet normal 0 -1 0
    outer loop
      vertex -38 27.5 3
      vertex -26.7101 27.5 36.3015
      vertex -27.1131 27.5 36.4685
    endloop
  endfacet
  facet normal 0 -1 0
    outer loop
      vertex -38 27.5 3
      vertex -27.1131 27.5 36.4685
      vertex -27.5 27.5 36.6699
    endloop
  endfacet
  facet normal 0 -1 0
    outer loop
      vertex -38 27.5 3
      vertex -27.5 27.5 36.6699
      vertex -27.8679 27.5 36.9042
    endloop
  endfacet
  facet normal 0 -1 0
    outer loop
      vertex -20.019 27.5 40.5642
      vertex -0.435779 27.5 18.981
      vertex 0 27.5 19
    endloop
  endfacet
  facet normal 0 -1 0
    outer loop
      vertex -20.076 27.5 40.1318
      vertex -0.86824 27.5 18.924
      vertex -0.435779 27.5 18.981
    endloop
  endfacet
  facet normal 0 -1 0
    outer loop
      vertex -20.1704 27.5 39.7059
      vertex -1.2941 27.5 18.8296
      vertex -0.86824 27.5 18.924
    endloop
  endfacet
  facet normal 0 -1 0
    outer loop
      vertex -20.3015 27.5 39.2899
      vertex -1.7101 27.5 18.6985
      vertex -1.2941 27.5 18.8296
    endloop
  endfacet
  facet normal 0 -1 0
    outer loop
      vertex -20.4685 27.5 38.8869
      vertex -2.11309 27.5 18.5315
      vertex -1.7101 27.5 18.6985
    endloop
  endfacet
  facet normal 0 -1 0
    outer loop
      vertex -20.6699 27.5 38.5
      vertex -2.5 27.5 18.3301
      vertex -2.11309 27.5 18.5315
    endloop
  endfacet
  facet normal 0 -1 0
    outer loop
      vertex -20.9042 27.5 38.1321
      vertex -2.86788 27.5 18.0958
      vertex -2.5 27.5 18.3301
    endloop
  endfacet
  facet normal 0 -1 0
    outer loop
      vertex -21.1698 27.5 37.7861
      vertex -3.21394 27.5 17.8302
      vertex -2.86788 27.5 18.0958
    endloop
  endfacet
  facet normal 0 -1 0
    outer loop
      vertex -38 27.5 3
      vertex -27.8679 27.5 36.9042
      vertex -28.2139 27.5 37.1698
    endloop
  endfacet
  facet normal 0 -1 0
    outer loop
      vertex -21.4645 27.5 37.4645
      vertex -3.53553 27.5 17.5355
      vertex -3.21394 27.5 17.8302
    endloop
  endfacet
  facet normal 0 -1 0
    outer loop
      vertex -21.7861 27.5 37.1698
      vertex -3.83022 27.5 17.2139
      vertex -3.53553 27.5 17.5355
    endloop
  endfacet
  facet normal 0 -1 0
    outer loop
      vertex -22.1321 27.5 36.9042
      vertex -4.09576 27.5 16.8679
      vertex -3.83022 27.5 17.2139
    endloop
  endfacet
  facet normal 0 -1 0
    outer loop
      vertex -22.5 27.5 36.6699
      vertex -4.33013 27.5 16.5
      vertex -4.09576 27.5 16.8679
    endloop
  endfacet
  facet normal 0 -1 0
    outer loop
      vertex -22.8869 27.5 36.4685
      vertex -4.53154 27.5 16.1131
      vertex -4.33013 27.5 16.5
    endloop
  endfacet
  facet normal 0 -1 0
    outer loop
      vertex -23.2899 27.5 36.3015
      vertex -4.69846 27.5 15.7101
      vertex -4.53154 27.5 16.1131
    endloop
  endfacet
  facet normal 0 -1 0
    outer loop
      vertex -23.7059 27.5 36.1704
      vertex -4.82963 27.5 15.2941
      vertex -4.69846 27.5 15.7101
    endloop
  endfacet
  facet normal 0 -1 0
    outer loop
      vertex -38 27.5 3
      vertex -28.2139 27.5 37.1698
      vertex -28.5355 27.5 37.4645
    endloop
  endfacet
  facet normal 0 -1 0
    outer loop
      vertex -24.1318 27.5 36.076
      vertex -4.92404 27.5 14.8682
      vertex -4.82963 27.5 15.2941
    endloop
  endfacet
  facet normal 0 -1 -0
    outer loop
      vertex -25 27.5 36
      vertex -38 27.5 3
      vertex -4.98097 27.5 14.4358
    endloop
  endfacet
  facet normal 0 -1 0
    outer loop
      vertex -24.5642 27.5 36.019
      vertex -4.98097 27.5 14.4358
      vertex -4.92404 27.5 14.8682
    endloop
  endfacet
  facet normal 0 -1 0
    outer loop
      vertex -4.98097 27.5 14.4358
      vertex -38 27.5 3
      vertex -5 27.5 14
    endloop
  endfacet
  facet normal 0 -1 -0
    outer loop
      vertex -5 27.5 14
      vertex -38 27.5 3
      vertex -4.98097 27.5 13.5642
    endloop
  endfacet
  facet normal 0 -1 -0
    outer loop
      vertex -4.98097 27.5 13.5642
      vertex -38 27.5 3
      vertex -4.92404 27.5 13.1318
    endloop
  endfacet
  facet normal 0 -1 -0
    outer loop
      vertex -4.92404 27.5 13.1318
      vertex -38 27.5 3
      vertex -4.82963 27.5 12.7059
    endloop
  endfacet
  facet normal 0 -1 -0
    outer loop
      vertex -4.82963 27.5 12.7059
      vertex -38 27.5 3
      vertex -4.69846 27.5 12.2899
    endloop
  endfacet
  facet normal 0 -1 -0
    outer loop
      vertex -4.69846 27.5 12.2899
      vertex -38 27.5 3
      vertex -4.53154 27.5 11.8869
    endloop
  endfacet
  facet normal 0 -1 -0
    outer loop
      vertex -4.53154 27.5 11.8869
      vertex -38 27.5 3
      vertex -4.33013 27.5 11.5
    endloop
  endfacet
  facet normal 0 -1 -0
    outer loop
      vertex -4.33013 27.5 11.5
      vertex -38 27.5 3
      vertex -4.09576 27.5 11.1321
    endloop
  endfacet
  facet normal 0 -1 -0
    outer loop
      vertex -4.09576 27.5 11.1321
      vertex -38 27.5 3
      vertex -3.83022 27.5 10.7861
    endloop
  endfacet
  facet normal 0 -1 -0
    outer loop
      vertex -0.435779 27.5 9.01903
      vertex -38 27.5 3
      vertex 0 27.5 9
    endloop
  endfacet
  facet normal 0 -1 -0
    outer loop
      vertex -0.86824 27.5 9.07596
      vertex -38 27.5 3
      vertex -0.435779 27.5 9.01903
    endloop
  endfacet
  facet normal 0 -1 -0
    outer loop
      vertex -1.2941 27.5 9.17037
      vertex -38 27.5 3
      vertex -0.86824 27.5 9.07596
    endloop
  endfacet
  facet normal 0 -1 -0
    outer loop
      vertex -1.7101 27.5 9.30154
      vertex -38 27.5 3
      vertex -1.2941 27.5 9.17037
    endloop
  endfacet
  facet normal 0 -1 -0
    outer loop
      vertex -2.11309 27.5 9.46846
      vertex -38 27.5 3
      vertex -1.7101 27.5 9.30154
    endloop
  endfacet
  facet normal 0 -1 -0
    outer loop
      vertex -2.5 27.5 9.66987
      vertex -38 27.5 3
      vertex -2.11309 27.5 9.46846
    endloop
  endfacet
  facet normal 0 -1 -0
    outer loop
      vertex -2.86788 27.5 9.90424
      vertex -38 27.5 3
      vertex -2.5 27.5 9.66987
    endloop
  endfacet
  facet normal 0 -1 -0
    outer loop
      vertex -3.21394 27.5 10.1698
      vertex -38 27.5 3
      vertex -2.86788 27.5 9.90424
    endloop
  endfacet
  facet normal 0 -1 -0
    outer loop
      vertex -3.53553 27.5 10.4645
      vertex -38 27.5 3
      vertex -3.21394 27.5 10.1698
    endloop
  endfacet
  facet normal 0 -1 -0
    outer loop
      vertex -3.83022 27.5 10.7861
      vertex -38 27.5 3
      vertex -3.53553 27.5 10.4645
    endloop
  endfacet
  facet normal 0 -1 -0
    outer loop
      vertex -28.8302 27.5 37.7861
      vertex -38 27.5 3
      vertex -28.5355 27.5 37.4645
    endloop
  endfacet
  facet normal 0 -1 -0
    outer loop
      vertex -29.0958 27.5 38.1321
      vertex -38 27.5 3
      vertex -28.8302 27.5 37.7861
    endloop
  endfacet
  facet normal 0 -1 -0
    outer loop
      vertex -29.3301 27.5 38.5
      vertex -38 27.5 3
      vertex -29.0958 27.5 38.1321
    endloop
  endfacet
  facet normal 0 -1 -0
    outer loop
      vertex -29.5315 27.5 38.8869
      vertex -38 27.5 3
      vertex -29.3301 27.5 38.5
    endloop
  endfacet
  facet normal 0 -1 0
    outer loop
      vertex -24.1318 27.5 45.924
      vertex -38 27.5 53
      vertex -24.5642 27.5 45.981
    endloop
  endfacet
  facet normal 0 -1 0
    outer loop
      vertex 25.4358 27.5 45.981
      vertex 38 27.5 53
      vertex 25 27.5 46
    endloop
  endfacet
  facet normal 0 -1 0
    outer loop
      vertex 25.8682 27.5 45.924
      vertex 38 27.5 53
      vertex 25.4358 27.5 45.981
    endloop
  endfacet
  facet normal 0 -1 0
    outer loop
      vertex 26.2941 27.5 45.8296
      vertex 38 27.5 53
      vertex 25.8682 27.5 45.924
    endloop
  endfacet
  facet normal 0 -1 0
    outer loop
      vertex 26.7101 27.5 45.6985
      vertex 38 27.5 53
      vertex 26.2941 27.5 45.8296
    endloop
  endfacet
  facet normal 0 -1 0
    outer loop
      vertex 27.1131 27.5 45.5315
      vertex 38 27.5 53
      vertex 26.7101 27.5 45.6985
    endloop
  endfacet
  facet normal 0 -1 0
    outer loop
      vertex 27.5 27.5 45.3301
      vertex 38 27.5 53
      vertex 27.1131 27.5 45.5315
    endloop
  endfacet
  facet normal 0 -1 0
    outer loop
      vertex 27.8679 27.5 45.0958
      vertex 38 27.5 53
      vertex 27.5 27.5 45.3301
    endloop
  endfacet
  facet normal 0 -1 0
    outer loop
      vertex 28.2139 27.5 44.8302
      vertex 38 27.5 53
      vertex 27.8679 27.5 45.0958
    endloop
  endfacet
  facet normal 0 -1 0
    outer loop
      vertex 28.5355 27.5 44.5355
      vertex 38 27.5 53
      vertex 28.2139 27.5 44.8302
    endloop
  endfacet
  facet normal 0 -1 0
    outer loop
      vertex 28.8302 27.5 44.2139
      vertex 38 27.5 53
      vertex 28.5355 27.5 44.5355
    endloop
  endfacet
  facet normal 0 -1 0
    outer loop
      vertex 29.0958 27.5 43.8679
      vertex 38 27.5 53
      vertex 28.8302 27.5 44.2139
    endloop
  endfacet
  facet normal 0 -1 0
    outer loop
      vertex 29.3301 27.5 43.5
      vertex 38 27.5 53
      vertex 29.0958 27.5 43.8679
    endloop
  endfacet
  facet normal 0 -1 0
    outer loop
      vertex 29.5315 27.5 43.1131
      vertex 38 27.5 53
      vertex 29.3301 27.5 43.5
    endloop
  endfacet
  facet normal 0 -1 0
    outer loop
      vertex 29.6985 27.5 42.7101
      vertex 38 27.5 53
      vertex 29.5315 27.5 43.1131
    endloop
  endfacet
  facet normal 0 -1 0
    outer loop
      vertex 29.8296 27.5 42.2941
      vertex 38 27.5 53
      vertex 29.6985 27.5 42.7101
    endloop
  endfacet
  facet normal 0 -1 0
    outer loop
      vertex 29.924 27.5 41.8682
      vertex 38 27.5 53
      vertex 29.8296 27.5 42.2941
    endloop
  endfacet
  facet normal 0 -1 0
    outer loop
      vertex 29.981 27.5 41.4358
      vertex 38 27.5 53
      vertex 29.924 27.5 41.8682
    endloop
  endfacet
  facet normal 0 -1 0
    outer loop
      vertex 30 27.5 41
      vertex 38 27.5 53
      vertex 29.981 27.5 41.4358
    endloop
  endfacet
  facet normal 0 -1 0
    outer loop
      vertex 29.981 27.5 40.5642
      vertex 38 27.5 53
      vertex 30 27.5 41
    endloop
  endfacet
  facet normal 0 -1 0
    outer loop
      vertex 29.924 27.5 40.1318
      vertex 38 27.5 53
      vertex 29.981 27.5 40.5642
    endloop
  endfacet
  facet normal 0 -1 0
    outer loop
      vertex 29.8296 27.5 39.7059
      vertex 38 27.5 53
      vertex 29.924 27.5 40.1318
    endloop
  endfacet
  facet normal 0 -1 0
    outer loop
      vertex 29.6985 27.5 39.2899
      vertex 38 27.5 53
      vertex 29.8296 27.5 39.7059
    endloop
  endfacet
  facet normal 0 -1 0
    outer loop
      vertex 38 27.5 3
      vertex 29.6985 27.5 39.2899
      vertex 29.5315 27.5 38.8869
    endloop
  endfacet
  facet normal 0 -1 0
    outer loop
      vertex 38 27.5 3
      vertex 29.5315 27.5 38.8869
      vertex 29.3301 27.5 38.5
    endloop
  endfacet
  facet normal 0 -1 -0
    outer loop
      vertex 21.4645 27.5 37.4645
      vertex 3.53553 27.5 17.5355
      vertex 21.7861 27.5 37.1698
    endloop
  endfacet
  facet normal 0 -1 0
    outer loop
      vertex 3.83022 27.5 17.2139
      vertex 21.7861 27.5 37.1698
      vertex 3.53553 27.5 17.5355
    endloop
  endfacet
  facet normal 0 -1 -0
    outer loop
      vertex 21.7861 27.5 37.1698
      vertex 3.83022 27.5 17.2139
      vertex 22.1321 27.5 36.9042
    endloop
  endfacet
  facet normal 0 -1 0
    outer loop
      vertex 4.09576 27.5 16.8679
      vertex 22.1321 27.5 36.9042
      vertex 3.83022 27.5 17.2139
    endloop
  endfacet
  facet normal 0 -1 -0
    outer loop
      vertex 22.1321 27.5 36.9042
      vertex 4.09576 27.5 16.8679
      vertex 22.5 27.5 36.6699
    endloop
  endfacet
  facet normal 0 -1 0
    outer loop
      vertex 4.33013 27.5 16.5
      vertex 22.5 27.5 36.6699
      vertex 4.09576 27.5 16.8679
    endloop
  endfacet
  facet normal 0 -1 -0
    outer loop
      vertex 22.5 27.5 36.6699
      vertex 4.33013 27.5 16.5
      vertex 22.8869 27.5 36.4685
    endloop
  endfacet
  facet normal 0 -1 0
    outer loop
      vertex 4.53154 27.5 16.1131
      vertex 22.8869 27.5 36.4685
      vertex 4.33013 27.5 16.5
    endloop
  endfacet
  facet normal 0 -1 -0
    outer loop
      vertex 22.8869 27.5 36.4685
      vertex 4.53154 27.5 16.1131
      vertex 23.2899 27.5 36.3015
    endloop
  endfacet
  facet normal 0 -1 0
    outer loop
      vertex 4.69846 27.5 15.7101
      vertex 23.2899 27.5 36.3015
      vertex 4.53154 27.5 16.1131
    endloop
  endfacet
  facet normal 0 -1 -0
    outer loop
      vertex 23.2899 27.5 36.3015
      vertex 4.69846 27.5 15.7101
      vertex 23.7059 27.5 36.1704
    endloop
  endfacet
  facet normal 0 -1 0
    outer loop
      vertex 4.82963 27.5 15.2941
      vertex 23.7059 27.5 36.1704
      vertex 4.69846 27.5 15.7101
    endloop
  endfacet
  facet normal 0 -1 -0
    outer loop
      vertex 23.7059 27.5 36.1704
      vertex 4.82963 27.5 15.2941
      vertex 24.1318 27.5 36.076
    endloop
  endfacet
  facet normal 0 -1 0
    outer loop
      vertex 4.92404 27.5 14.8682
      vertex 24.1318 27.5 36.076
      vertex 4.82963 27.5 15.2941
    endloop
  endfacet
  facet normal 0 -1 -0
    outer loop
      vertex 24.1318 27.5 36.076
      vertex 4.92404 27.5 14.8682
      vertex 24.5642 27.5 36.019
    endloop
  endfacet
  facet normal 0 -1 0
    outer loop
      vertex 4.98097 27.5 14.4358
      vertex 24.5642 27.5 36.019
      vertex 4.92404 27.5 14.8682
    endloop
  endfacet
  facet normal 0 -1 -0
    outer loop
      vertex 24.5642 27.5 36.019
      vertex 4.98097 27.5 14.4358
      vertex 25 27.5 36
    endloop
  endfacet
  facet normal 0 -1 0
    outer loop
      vertex 38 27.5 3
      vertex 25 27.5 36
      vertex 4.98097 27.5 14.4358
    endloop
  endfacet
  facet normal 0 -1 0
    outer loop
      vertex 25 27.5 36
      vertex 38 27.5 3
      vertex 25.4358 27.5 36.019
    endloop
  endfacet
  facet normal 0 -1 0
    outer loop
      vertex 25.4358 27.5 36.019
      vertex 38 27.5 3
      vertex 25.8682 27.5 36.076
    endloop
  endfacet
  facet normal 0 -1 0
    outer loop
      vertex 25.8682 27.5 36.076
      vertex 38 27.5 3
      vertex 26.2941 27.5 36.1704
    endloop
  endfacet
  facet normal 0 -1 0
    outer loop
      vertex 26.7101 27.5 36.3015
      vertex 38 27.5 3
      vertex 27.1131 27.5 36.4685
    endloop
  endfacet
  facet normal 0 -1 0
    outer loop
      vertex 27.1131 27.5 36.4685
      vertex 38 27.5 3
      vertex 27.5 27.5 36.6699
    endloop
  endfacet
  facet normal 0 -1 0
    outer loop
      vertex 27.5 27.5 36.6699
      vertex 38 27.5 3
      vertex 27.8679 27.5 36.9042
    endloop
  endfacet
  facet normal 0 -1 0
    outer loop
      vertex 27.8679 27.5 36.9042
      vertex 38 27.5 3
      vertex 28.2139 27.5 37.1698
    endloop
  endfacet
  facet normal 0 -1 0
    outer loop
      vertex 26.2941 27.5 36.1704
      vertex 38 27.5 3
      vertex 26.7101 27.5 36.3015
    endloop
  endfacet
  facet normal 0 -1 0
    outer loop
      vertex 38 27.5 3
      vertex 4.98097 27.5 14.4358
      vertex 5 27.5 14
    endloop
  endfacet
  facet normal 0 -1 0
    outer loop
      vertex 38 27.5 3
      vertex 5 27.5 14
      vertex 4.98097 27.5 13.5642
    endloop
  endfacet
  facet normal 0 -1 0
    outer loop
      vertex 38 27.5 3
      vertex 4.98097 27.5 13.5642
      vertex 4.92404 27.5 13.1318
    endloop
  endfacet
  facet normal 0 -1 0
    outer loop
      vertex 38 27.5 3
      vertex 4.92404 27.5 13.1318
      vertex 4.82963 27.5 12.7059
    endloop
  endfacet
  facet normal 0 -1 0
    outer loop
      vertex 38 27.5 3
      vertex 4.82963 27.5 12.7059
      vertex 4.69846 27.5 12.2899
    endloop
  endfacet
  facet normal 0 -1 0
    outer loop
      vertex 38 27.5 3
      vertex 4.69846 27.5 12.2899
      vertex 4.53154 27.5 11.8869
    endloop
  endfacet
  facet normal 0 -1 0
    outer loop
      vertex 38 27.5 3
      vertex 4.53154 27.5 11.8869
      vertex 4.33013 27.5 11.5
    endloop
  endfacet
  facet normal 0 -1 0
    outer loop
      vertex 38 27.5 3
      vertex 4.33013 27.5 11.5
      vertex 4.09576 27.5 11.1321
    endloop
  endfacet
  facet normal 0 -1 0
    outer loop
      vertex 38 27.5 3
      vertex 4.09576 27.5 11.1321
      vertex 3.83022 27.5 10.7861
    endloop
  endfacet
  facet normal 0 -1 0
    outer loop
      vertex 38 27.5 3
      vertex 3.83022 27.5 10.7861
      vertex 3.53553 27.5 10.4645
    endloop
  endfacet
  facet normal 0 -1 0
    outer loop
      vertex 38 27.5 3
      vertex 0 27.5 9
      vertex -38 27.5 3
    endloop
  endfacet
  facet normal 0 -1 0
    outer loop
      vertex 0 27.5 9
      vertex 38 27.5 3
      vertex 0.435779 27.5 9.01903
    endloop
  endfacet
  facet normal 0 -1 0
    outer loop
      vertex 29.6985 27.5 39.2899
      vertex 38 27.5 3
      vertex 38 27.5 53
    endloop
  endfacet
  facet normal 0 -1 0
    outer loop
      vertex 29.0958 27.5 38.1321
      vertex 38 27.5 3
      vertex 29.3301 27.5 38.5
    endloop
  endfacet
  facet normal 0 -1 0
    outer loop
      vertex 28.8302 27.5 37.7861
      vertex 38 27.5 3
      vertex 29.0958 27.5 38.1321
    endloop
  endfacet
  facet normal 0 -1 0
    outer loop
      vertex 28.5355 27.5 37.4645
      vertex 38 27.5 3
      vertex 28.8302 27.5 37.7861
    endloop
  endfacet
  facet normal 0 -1 0
    outer loop
      vertex 28.2139 27.5 37.1698
      vertex 38 27.5 3
      vertex 28.5355 27.5 37.4645
    endloop
  endfacet
  facet normal 0 -1 0
    outer loop
      vertex 3.21394 27.5 10.1698
      vertex 38 27.5 3
      vertex 3.53553 27.5 10.4645
    endloop
  endfacet
  facet normal 0 -1 0
    outer loop
      vertex 2.86788 27.5 9.90424
      vertex 38 27.5 3
      vertex 3.21394 27.5 10.1698
    endloop
  endfacet
  facet normal 0 -1 0
    outer loop
      vertex 2.5 27.5 9.66987
      vertex 38 27.5 3
      vertex 2.86788 27.5 9.90424
    endloop
  endfacet
  facet normal 0 -1 0
    outer loop
      vertex 2.11309 27.5 9.46846
      vertex 38 27.5 3
      vertex 2.5 27.5 9.66987
    endloop
  endfacet
  facet normal 0 -1 0
    outer loop
      vertex 1.7101 27.5 9.30154
      vertex 38 27.5 3
      vertex 2.11309 27.5 9.46846
    endloop
  endfacet
  facet normal 0 -1 0
    outer loop
      vertex 1.2941 27.5 9.17037
      vertex 38 27.5 3
      vertex 1.7101 27.5 9.30154
    endloop
  endfacet
  facet normal 0 -1 0
    outer loop
      vertex 0.86824 27.5 9.07596
      vertex 38 27.5 3
      vertex 1.2941 27.5 9.17037
    endloop
  endfacet
  facet normal 0 -1 0
    outer loop
      vertex 0.435779 27.5 9.01903
      vertex 38 27.5 3
      vertex 0.86824 27.5 9.07596
    endloop
  endfacet
  facet normal -1 0 0
    outer loop
      vertex 40 -25.5 3
      vertex 40 25.5 53
      vertex 40 25.5 3
    endloop
  endfacet
  facet normal -1 -0 0
    outer loop
      vertex 40 25.5 53
      vertex 40 -25.5 3
      vertex 40 -25.5 53
    endloop
  endfacet
  facet normal 0.0435616 -0.999051 0
    outer loop
      vertex -38.1743 27.4924 3
      vertex -38 27.5 53
      vertex -38.1743 27.4924 53
    endloop
  endfacet
  facet normal 0.0435616 -0.999051 0
    outer loop
      vertex -38 27.5 53
      vertex -38.1743 27.4924 3
      vertex -38 27.5 3
    endloop
  endfacet
  facet normal 0.0435616 0.999051 -0
    outer loop
      vertex -38 -27.5 3
      vertex -38.1743 -27.4924 53
      vertex -38 -27.5 53
    endloop
  endfacet
  facet normal 0.0435616 0.999051 0
    outer loop
      vertex -38.1743 -27.4924 53
      vertex -38 -27.5 3
      vertex -38.1743 -27.4924 3
    endloop
  endfacet
  facet normal -0.608768 -0.793348 0
    outer loop
      vertex 39.1472 27.1383 3
      vertex 39.2856 27.0321 53
      vertex 39.1472 27.1383 53
    endloop
  endfacet
  facet normal -0.608768 -0.793348 -0
    outer loop
      vertex 39.2856 27.0321 53
      vertex 39.1472 27.1383 3
      vertex 39.2856 27.0321 3
    endloop
  endfacet
  facet normal -0.300885 0.953661 0
    outer loop
      vertex 38.684 -27.3794 3
      vertex 38.5176 -27.4319 53
      vertex 38.684 -27.3794 53
    endloop
  endfacet
  facet normal -0.300885 0.953661 0
    outer loop
      vertex 38.5176 -27.4319 53
      vertex 38.684 -27.3794 3
      vertex 38.5176 -27.4319 3
    endloop
  endfacet
  facet normal 0.675777 0.737107 -0
    outer loop
      vertex -39.2856 -27.0321 3
      vertex -39.4142 -26.9142 53
      vertex -39.2856 -27.0321 53
    endloop
  endfacet
  facet normal 0.675777 0.737107 0
    outer loop
      vertex -39.4142 -26.9142 53
      vertex -39.2856 -27.0321 3
      vertex -39.4142 -26.9142 3
    endloop
  endfacet
  facet normal 0.461371 0.887207 -0
    outer loop
      vertex -38.8452 -27.3126 3
      vertex -39 -27.2321 53
      vertex -38.8452 -27.3126 53
    endloop
  endfacet
  facet normal 0.461371 0.887207 0
    outer loop
      vertex -39 -27.2321 53
      vertex -38.8452 -27.3126 3
      vertex -39 -27.2321 3
    endloop
  endfacet
  facet normal 0.976362 0.216141 0
    outer loop
      vertex -39.9319 -26.0176 53
      vertex -39.9696 -25.8473 3
      vertex -39.9696 -25.8473 53
    endloop
  endfacet
  facet normal 0.976362 0.216141 0
    outer loop
      vertex -39.9696 -25.8473 3
      vertex -39.9319 -26.0176 53
      vertex -39.9319 -26.0176 3
    endloop
  endfacet
  facet normal 0.953661 0.300885 0
    outer loop
      vertex -39.8794 -26.184 53
      vertex -39.9319 -26.0176 3
      vertex -39.9319 -26.0176 53
    endloop
  endfacet
  facet normal 0.953661 0.300885 0
    outer loop
      vertex -39.9319 -26.0176 3
      vertex -39.8794 -26.184 53
      vertex -39.8794 -26.184 3
    endloop
  endfacet
  facet normal -0.130662 0.991427 0
    outer loop
      vertex 38.3473 -27.4696 3
      vertex 38.1743 -27.4924 53
      vertex 38.3473 -27.4696 53
    endloop
  endfacet
  facet normal -0.130662 0.991427 0
    outer loop
      vertex 38.1743 -27.4924 53
      vertex 38.3473 -27.4696 3
      vertex 38.1743 -27.4924 3
    endloop
  endfacet
  facet normal -0.991427 0.130662 0
    outer loop
      vertex 39.9696 -25.8473 3
      vertex 39.9924 -25.6743 53
      vertex 39.9924 -25.6743 3
    endloop
  endfacet
  facet normal -0.991427 0.130662 0
    outer loop
      vertex 39.9924 -25.6743 53
      vertex 39.9696 -25.8473 3
      vertex 39.9696 -25.8473 53
    endloop
  endfacet
  facet normal 0.130662 -0.991427 0
    outer loop
      vertex -38.3473 27.4696 3
      vertex -38.1743 27.4924 53
      vertex -38.3473 27.4696 53
    endloop
  endfacet
  facet normal 0.130662 -0.991427 0
    outer loop
      vertex -38.1743 27.4924 53
      vertex -38.3473 27.4696 3
      vertex -38.1743 27.4924 3
    endloop
  endfacet
  facet normal 0.300885 0.953661 -0
    outer loop
      vertex -38.5176 -27.4319 3
      vertex -38.684 -27.3794 53
      vertex -38.5176 -27.4319 53
    endloop
  endfacet
  facet normal 0.300885 0.953661 0
    outer loop
      vertex -38.684 -27.3794 53
      vertex -38.5176 -27.4319 3
      vertex -38.684 -27.3794 3
    endloop
  endfacet
  facet normal -0.999051 -0.0435616 0
    outer loop
      vertex 40 25.5 3
      vertex 39.9924 25.6743 53
      vertex 39.9924 25.6743 3
    endloop
  endfacet
  facet normal -0.999051 -0.0435616 0
    outer loop
      vertex 39.9924 25.6743 53
      vertex 40 25.5 3
      vertex 40 25.5 53
    endloop
  endfacet
  facet normal 0.737107 -0.675777 0
    outer loop
      vertex -39.5321 26.7856 53
      vertex -39.4142 26.9142 3
      vertex -39.4142 26.9142 53
    endloop
  endfacet
  facet normal 0.737107 -0.675777 0
    outer loop
      vertex -39.4142 26.9142 3
      vertex -39.5321 26.7856 53
      vertex -39.5321 26.7856 3
    endloop
  endfacet
  facet normal -0.999051 0.0435616 0
    outer loop
      vertex 39.9924 -25.6743 3
      vertex 40 -25.5 53
      vertex 40 -25.5 3
    endloop
  endfacet
  facet normal -0.999051 0.0435616 0
    outer loop
      vertex 40 -25.5 53
      vertex 39.9924 -25.6743 3
      vertex 39.9924 -25.6743 53
    endloop
  endfacet
  facet normal -0.953661 0.300885 0
    outer loop
      vertex 39.8794 -26.184 3
      vertex 39.9319 -26.0176 53
      vertex 39.9319 -26.0176 3
    endloop
  endfacet
  facet normal -0.953661 0.300885 0
    outer loop
      vertex 39.9319 -26.0176 53
      vertex 39.8794 -26.184 3
      vertex 39.8794 -26.184 53
    endloop
  endfacet
  facet normal 0.737107 0.675777 0
    outer loop
      vertex -39.4142 -26.9142 53
      vertex -39.5321 -26.7856 3
      vertex -39.5321 -26.7856 53
    endloop
  endfacet
  facet normal 0.737107 0.675777 0
    outer loop
      vertex -39.5321 -26.7856 3
      vertex -39.4142 -26.9142 53
      vertex -39.4142 -26.9142 3
    endloop
  endfacet
  facet normal 0.382824 -0.923821 0
    outer loop
      vertex -38.8452 27.3126 3
      vertex -38.684 27.3794 53
      vertex -38.8452 27.3126 53
    endloop
  endfacet
  facet normal 0.382824 -0.923821 0
    outer loop
      vertex -38.684 27.3794 53
      vertex -38.8452 27.3126 3
      vertex -38.684 27.3794 3
    endloop
  endfacet
  facet normal -0.976362 0.216141 0
    outer loop
      vertex 39.9319 -26.0176 3
      vertex 39.9696 -25.8473 53
      vertex 39.9696 -25.8473 3
    endloop
  endfacet
  facet normal -0.976362 0.216141 0
    outer loop
      vertex 39.9696 -25.8473 53
      vertex 39.9319 -26.0176 3
      vertex 39.9319 -26.0176 53
    endloop
  endfacet
  facet normal -0.461371 -0.887207 0
    outer loop
      vertex 38.8452 27.3126 3
      vertex 39 27.2321 53
      vertex 38.8452 27.3126 53
    endloop
  endfacet
  facet normal -0.461371 -0.887207 -0
    outer loop
      vertex 39 27.2321 53
      vertex 38.8452 27.3126 3
      vertex 39 27.2321 3
    endloop
  endfacet
  facet normal 0.843331 0.537394 0
    outer loop
      vertex -39.6383 -26.6472 53
      vertex -39.7321 -26.5 3
      vertex -39.7321 -26.5 53
    endloop
  endfacet
  facet normal 0.843331 0.537394 0
    outer loop
      vertex -39.7321 -26.5 3
      vertex -39.6383 -26.6472 53
      vertex -39.6383 -26.6472 3
    endloop
  endfacet
  facet normal 0.130662 0.991427 -0
    outer loop
      vertex -38.1743 -27.4924 3
      vertex -38.3473 -27.4696 53
      vertex -38.1743 -27.4924 53
    endloop
  endfacet
  facet normal 0.130662 0.991427 0
    outer loop
      vertex -38.3473 -27.4696 53
      vertex -38.1743 -27.4924 3
      vertex -38.3473 -27.4696 3
    endloop
  endfacet
  facet normal -0.793348 -0.608768 0
    outer loop
      vertex 39.6383 26.6472 3
      vertex 39.5321 26.7856 53
      vertex 39.5321 26.7856 3
    endloop
  endfacet
  facet normal -0.793348 -0.608768 0
    outer loop
      vertex 39.5321 26.7856 53
      vertex 39.6383 26.6472 3
      vertex 39.6383 26.6472 53
    endloop
  endfacet
  facet normal -0.953661 -0.300885 0
    outer loop
      vertex 39.9319 26.0176 3
      vertex 39.8794 26.184 53
      vertex 39.8794 26.184 3
    endloop
  endfacet
  facet normal -0.953661 -0.300885 0
    outer loop
      vertex 39.8794 26.184 53
      vertex 39.9319 26.0176 3
      vertex 39.9319 26.0176 53
    endloop
  endfacet
  facet normal -0.843331 0.537394 0
    outer loop
      vertex 39.6383 -26.6472 3
      vertex 39.7321 -26.5 53
      vertex 39.7321 -26.5 3
    endloop
  endfacet
  facet normal -0.843331 0.537394 0
    outer loop
      vertex 39.7321 -26.5 53
      vertex 39.6383 -26.6472 3
      vertex 39.6383 -26.6472 53
    endloop
  endfacet
  facet normal -0.675777 -0.737107 0
    outer loop
      vertex 39.2856 27.0321 3
      vertex 39.4142 26.9142 53
      vertex 39.2856 27.0321 53
    endloop
  endfacet
  facet normal -0.675777 -0.737107 -0
    outer loop
      vertex 39.4142 26.9142 53
      vertex 39.2856 27.0321 3
      vertex 39.4142 26.9142 3
    endloop
  endfacet
  facet normal -0.976362 -0.216141 0
    outer loop
      vertex 39.9696 25.8473 3
      vertex 39.9319 26.0176 53
      vertex 39.9319 26.0176 3
    endloop
  endfacet
  facet normal -0.976362 -0.216141 0
    outer loop
      vertex 39.9319 26.0176 53
      vertex 39.9696 25.8473 3
      vertex 39.9696 25.8473 53
    endloop
  endfacet
  facet normal 0.608768 -0.793348 0
    outer loop
      vertex -39.2856 27.0321 3
      vertex -39.1472 27.1383 53
      vertex -39.2856 27.0321 53
    endloop
  endfacet
  facet normal 0.608768 -0.793348 0
    outer loop
      vertex -39.1472 27.1383 53
      vertex -39.2856 27.0321 3
      vertex -39.1472 27.1383 3
    endloop
  endfacet
  facet normal -0.130662 -0.991427 0
    outer loop
      vertex 38.1743 27.4924 3
      vertex 38.3473 27.4696 53
      vertex 38.1743 27.4924 53
    endloop
  endfacet
  facet normal -0.130662 -0.991427 -0
    outer loop
      vertex 38.3473 27.4696 53
      vertex 38.1743 27.4924 3
      vertex 38.3473 27.4696 3
    endloop
  endfacet
  facet normal -0.675777 0.737107 0
    outer loop
      vertex 39.4142 -26.9142 3
      vertex 39.2856 -27.0321 53
      vertex 39.4142 -26.9142 53
    endloop
  endfacet
  facet normal -0.675777 0.737107 0
    outer loop
      vertex 39.2856 -27.0321 53
      vertex 39.4142 -26.9142 3
      vertex 39.2856 -27.0321 3
    endloop
  endfacet
  facet normal 0.461371 -0.887207 0
    outer loop
      vertex -39 27.2321 3
      vertex -38.8452 27.3126 53
      vertex -39 27.2321 53
    endloop
  endfacet
  facet normal 0.461371 -0.887207 0
    outer loop
      vertex -38.8452 27.3126 53
      vertex -39 27.2321 3
      vertex -38.8452 27.3126 3
    endloop
  endfacet
  facet normal 0.953661 -0.300885 0
    outer loop
      vertex -39.9319 26.0176 53
      vertex -39.8794 26.184 3
      vertex -39.8794 26.184 53
    endloop
  endfacet
  facet normal 0.953661 -0.300885 0
    outer loop
      vertex -39.8794 26.184 3
      vertex -39.9319 26.0176 53
      vertex -39.9319 26.0176 3
    endloop
  endfacet
  facet normal 0.999051 -0.0435616 0
    outer loop
      vertex -40 25.5 53
      vertex -39.9924 25.6743 3
      vertex -39.9924 25.6743 53
    endloop
  endfacet
  facet normal 0.999051 -0.0435616 0
    outer loop
      vertex -39.9924 25.6743 3
      vertex -40 25.5 53
      vertex -40 25.5 3
    endloop
  endfacet
  facet normal 0.991427 -0.130662 0
    outer loop
      vertex -39.9924 25.6743 53
      vertex -39.9696 25.8473 3
      vertex -39.9696 25.8473 53
    endloop
  endfacet
  facet normal 0.991427 -0.130662 0
    outer loop
      vertex -39.9696 25.8473 3
      vertex -39.9924 25.6743 53
      vertex -39.9924 25.6743 3
    endloop
  endfacet
  facet normal -0.793348 0.608768 0
    outer loop
      vertex 39.5321 -26.7856 3
      vertex 39.6383 -26.6472 53
      vertex 39.6383 -26.6472 3
    endloop
  endfacet
  facet normal -0.793348 0.608768 0
    outer loop
      vertex 39.6383 -26.6472 53
      vertex 39.5321 -26.7856 3
      vertex 39.5321 -26.7856 53
    endloop
  endfacet
  facet normal -0.737107 -0.675777 0
    outer loop
      vertex 39.5321 26.7856 3
      vertex 39.4142 26.9142 53
      vertex 39.4142 26.9142 3
    endloop
  endfacet
  facet normal -0.737107 -0.675777 0
    outer loop
      vertex 39.4142 26.9142 53
      vertex 39.5321 26.7856 3
      vertex 39.5321 26.7856 53
    endloop
  endfacet
  facet normal -0.737107 0.675777 0
    outer loop
      vertex 39.4142 -26.9142 3
      vertex 39.5321 -26.7856 53
      vertex 39.5321 -26.7856 3
    endloop
  endfacet
  facet normal -0.737107 0.675777 0
    outer loop
      vertex 39.5321 -26.7856 53
      vertex 39.4142 -26.9142 3
      vertex 39.4142 -26.9142 53
    endloop
  endfacet
  facet normal 0.923821 0.382824 0
    outer loop
      vertex -39.8126 -26.3452 53
      vertex -39.8794 -26.184 3
      vertex -39.8794 -26.184 53
    endloop
  endfacet
  facet normal 0.923821 0.382824 0
    outer loop
      vertex -39.8794 -26.184 3
      vertex -39.8126 -26.3452 53
      vertex -39.8126 -26.3452 3
    endloop
  endfacet
  facet normal 0.608768 0.793348 -0
    outer loop
      vertex -39.1472 -27.1383 3
      vertex -39.2856 -27.0321 53
      vertex -39.1472 -27.1383 53
    endloop
  endfacet
  facet normal 0.608768 0.793348 0
    outer loop
      vertex -39.2856 -27.0321 53
      vertex -39.1472 -27.1383 3
      vertex -39.2856 -27.0321 3
    endloop
  endfacet
  facet normal 0.999051 0.0435616 0
    outer loop
      vertex -39.9924 -25.6743 53
      vertex -40 -25.5 3
      vertex -40 -25.5 53
    endloop
  endfacet
  facet normal 0.999051 0.0435616 0
    outer loop
      vertex -40 -25.5 3
      vertex -39.9924 -25.6743 53
      vertex -39.9924 -25.6743 3
    endloop
  endfacet
  facet normal 0.793348 0.608768 0
    outer loop
      vertex -39.5321 -26.7856 53
      vertex -39.6383 -26.6472 3
      vertex -39.6383 -26.6472 53
    endloop
  endfacet
  facet normal 0.793348 0.608768 0
    outer loop
      vertex -39.6383 -26.6472 3
      vertex -39.5321 -26.7856 53
      vertex -39.5321 -26.7856 3
    endloop
  endfacet
  facet normal -0.300885 -0.953661 0
    outer loop
      vertex 38.5176 27.4319 3
      vertex 38.684 27.3794 53
      vertex 38.5176 27.4319 53
    endloop
  endfacet
  facet normal -0.300885 -0.953661 -0
    outer loop
      vertex 38.684 27.3794 53
      vertex 38.5176 27.4319 3
      vertex 38.684 27.3794 3
    endloop
  endfacet
  facet normal 0.991427 0.130662 0
    outer loop
      vertex -39.9696 -25.8473 53
      vertex -39.9924 -25.6743 3
      vertex -39.9924 -25.6743 53
    endloop
  endfacet
  facet normal 0.991427 0.130662 0
    outer loop
      vertex -39.9924 -25.6743 3
      vertex -39.9696 -25.8473 53
      vertex -39.9696 -25.8473 3
    endloop
  endfacet
  facet normal 0.537394 -0.843331 0
    outer loop
      vertex -39.1472 27.1383 3
      vertex -39 27.2321 53
      vertex -39.1472 27.1383 53
    endloop
  endfacet
  facet normal 0.537394 -0.843331 0
    outer loop
      vertex -39 27.2321 53
      vertex -39.1472 27.1383 3
      vertex -39 27.2321 3
    endloop
  endfacet
  facet normal -0.608768 0.793348 0
    outer loop
      vertex 39.2856 -27.0321 3
      vertex 39.1472 -27.1383 53
      vertex 39.2856 -27.0321 53
    endloop
  endfacet
  facet normal -0.608768 0.793348 0
    outer loop
      vertex 39.1472 -27.1383 53
      vertex 39.2856 -27.0321 3
      vertex 39.1472 -27.1383 3
    endloop
  endfacet
  facet normal -0.887207 0.461371 0
    outer loop
      vertex 39.7321 -26.5 3
      vertex 39.8126 -26.3452 53
      vertex 39.8126 -26.3452 3
    endloop
  endfacet
  facet normal -0.887207 0.461371 0
    outer loop
      vertex 39.8126 -26.3452 53
      vertex 39.7321 -26.5 3
      vertex 39.7321 -26.5 53
    endloop
  endfacet
  facet normal 0.887207 0.461371 0
    outer loop
      vertex -39.7321 -26.5 53
      vertex -39.8126 -26.3452 3
      vertex -39.8126 -26.3452 53
    endloop
  endfacet
  facet normal 0.887207 0.461371 0
    outer loop
      vertex -39.8126 -26.3452 3
      vertex -39.7321 -26.5 53
      vertex -39.7321 -26.5 3
    endloop
  endfacet
  facet normal -0.382824 -0.923821 0
    outer loop
      vertex 38.684 27.3794 3
      vertex 38.8452 27.3126 53
      vertex 38.684 27.3794 53
    endloop
  endfacet
  facet normal -0.382824 -0.923821 -0
    outer loop
      vertex 38.8452 27.3126 53
      vertex 38.684 27.3794 3
      vertex 38.8452 27.3126 3
    endloop
  endfacet
  facet normal 0.300885 -0.953661 0
    outer loop
      vertex -38.684 27.3794 3
      vertex -38.5176 27.4319 53
      vertex -38.684 27.3794 53
    endloop
  endfacet
  facet normal 0.300885 -0.953661 0
    outer loop
      vertex -38.5176 27.4319 53
      vertex -38.684 27.3794 3
      vertex -38.5176 27.4319 3
    endloop
  endfacet
  facet normal 0.675777 -0.737107 0
    outer loop
      vertex -39.4142 26.9142 3
      vertex -39.2856 27.0321 53
      vertex -39.4142 26.9142 53
    endloop
  endfacet
  facet normal 0.675777 -0.737107 0
    outer loop
      vertex -39.2856 27.0321 53
      vertex -39.4142 26.9142 3
      vertex -39.2856 27.0321 3
    endloop
  endfacet
  facet normal 0.793348 -0.608768 0
    outer loop
      vertex -39.6383 26.6472 53
      vertex -39.5321 26.7856 3
      vertex -39.5321 26.7856 53
    endloop
  endfacet
  facet normal 0.793348 -0.608768 0
    outer loop
      vertex -39.5321 26.7856 3
      vertex -39.6383 26.6472 53
      vertex -39.6383 26.6472 3
    endloop
  endfacet
  facet normal 0.923821 -0.382824 0
    outer loop
      vertex -39.8794 26.184 53
      vertex -39.8126 26.3452 3
      vertex -39.8126 26.3452 53
    endloop
  endfacet
  facet normal 0.923821 -0.382824 0
    outer loop
      vertex -39.8126 26.3452 3
      vertex -39.8794 26.184 53
      vertex -39.8794 26.184 3
    endloop
  endfacet
  facet normal -0.843331 -0.537394 0
    outer loop
      vertex 39.7321 26.5 3
      vertex 39.6383 26.6472 53
      vertex 39.6383 26.6472 3
    endloop
  endfacet
  facet normal -0.843331 -0.537394 0
    outer loop
      vertex 39.6383 26.6472 53
      vertex 39.7321 26.5 3
      vertex 39.7321 26.5 53
    endloop
  endfacet
  facet normal -0.923821 -0.382824 0
    outer loop
      vertex 39.8794 26.184 3
      vertex 39.8126 26.3452 53
      vertex 39.8126 26.3452 3
    endloop
  endfacet
  facet normal -0.923821 -0.382824 0
    outer loop
      vertex 39.8126 26.3452 53
      vertex 39.8794 26.184 3
      vertex 39.8794 26.184 53
    endloop
  endfacet
  facet normal -0.923821 0.382824 0
    outer loop
      vertex 39.8126 -26.3452 3
      vertex 39.8794 -26.184 53
      vertex 39.8794 -26.184 3
    endloop
  endfacet
  facet normal -0.923821 0.382824 0
    outer loop
      vertex 39.8794 -26.184 53
      vertex 39.8126 -26.3452 3
      vertex 39.8126 -26.3452 53
    endloop
  endfacet
  facet normal -0.887207 -0.461371 0
    outer loop
      vertex 39.8126 26.3452 3
      vertex 39.7321 26.5 53
      vertex 39.7321 26.5 3
    endloop
  endfacet
  facet normal -0.887207 -0.461371 0
    outer loop
      vertex 39.7321 26.5 53
      vertex 39.8126 26.3452 3
      vertex 39.8126 26.3452 53
    endloop
  endfacet
  facet normal 0.843331 -0.537394 0
    outer loop
      vertex -39.7321 26.5 53
      vertex -39.6383 26.6472 3
      vertex -39.6383 26.6472 53
    endloop
  endfacet
  facet normal 0.843331 -0.537394 0
    outer loop
      vertex -39.6383 26.6472 3
      vertex -39.7321 26.5 53
      vertex -39.7321 26.5 3
    endloop
  endfacet
  facet normal 0.887207 -0.461371 0
    outer loop
      vertex -39.8126 26.3452 53
      vertex -39.7321 26.5 3
      vertex -39.7321 26.5 53
    endloop
  endfacet
  facet normal 0.887207 -0.461371 0
    outer loop
      vertex -39.7321 26.5 3
      vertex -39.8126 26.3452 53
      vertex -39.8126 26.3452 3
    endloop
  endfacet
  facet normal -0.382824 0.923821 0
    outer loop
      vertex 38.8452 -27.3126 3
      vertex 38.684 -27.3794 53
      vertex 38.8452 -27.3126 53
    endloop
  endfacet
  facet normal -0.382824 0.923821 0
    outer loop
      vertex 38.684 -27.3794 53
      vertex 38.8452 -27.3126 3
      vertex 38.684 -27.3794 3
    endloop
  endfacet
  facet normal -0.300885 0.953661 0
    outer loop
      vertex -13.5176 -20.5681 3
      vertex -13.684 -20.6206 79
      vertex -13.5176 -20.5681 79
    endloop
  endfacet
  facet normal -0.300885 0.953661 0
    outer loop
      vertex -13.684 -20.6206 79
      vertex -13.5176 -20.5681 3
      vertex -13.684 -20.6206 3
    endloop
  endfacet
  facet normal -0.216141 0.976362 0
    outer loop
      vertex -13.3473 -20.5304 3
      vertex -13.5176 -20.5681 79
      vertex -13.3473 -20.5304 79
    endloop
  endfacet
  facet normal -0.216141 0.976362 0
    outer loop
      vertex -13.5176 -20.5681 79
      vertex -13.3473 -20.5304 3
      vertex -13.5176 -20.5681 3
    endloop
  endfacet
  facet normal 0.691548 -0.0301535 0.721701
    outer loop
      vertex 12.9924 -26.6743 81
      vertex 15 -28.5 79
      vertex 13 -26.5 81
    endloop
  endfacet
  facet normal 0.691548 -0.0301535 0.721701
    outer loop
      vertex 15 -28.5 79
      vertex 12.9924 -26.6743 81
      vertex 14.9924 -28.6743 79
    endloop
  endfacet
  facet normal -0.793348 -0.608768 0
    outer loop
      vertex -14.5321 -29.7856 53
      vertex -14.6383 -29.6472 79
      vertex -14.6383 -29.6472 53
    endloop
  endfacet
  facet normal -0.793348 -0.608768 0
    outer loop
      vertex -14.6383 -29.6472 79
      vertex -14.5321 -29.7856 53
      vertex -14.5321 -29.7856 79
    endloop
  endfacet
  facet normal 0.353486 -0.460663 0.814148
    outer loop
      vertex 12.2856 -28.0321 81
      vertex 14.1472 -30.1383 79
      vertex 14.2856 -30.0321 79
    endloop
  endfacet
  facet normal 0.353486 -0.460663 0.814148
    outer loop
      vertex 14.1472 -30.1383 79
      vertex 12.2856 -28.0321 81
      vertex 12.1472 -28.1383 81
    endloop
  endfacet
  facet normal 0.691548 0.0301535 0.721701
    outer loop
      vertex 12.9924 -24.3257 81
      vertex 15 -22.5 79
      vertex 14.9924 -22.3257 79
    endloop
  endfacet
  facet normal 0.691548 0.0301535 0.721701
    outer loop
      vertex 15 -22.5 79
      vertex 12.9924 -24.3257 81
      vertex 13 -24.5 81
    endloop
  endfacet
  facet normal 0.494675 -0.315221 0.809896
    outer loop
      vertex 12.6383 -27.6472 81
      vertex 14.7321 -29.5 79
      vertex 12.7321 -27.5 81
    endloop
  endfacet
  facet normal 0.494675 -0.315221 0.809896
    outer loop
      vertex 14.7321 -29.5 79
      vertex 12.6383 -27.6472 81
      vertex 14.6383 -29.6472 79
    endloop
  endfacet
  facet normal 0.976362 -0.216141 0
    outer loop
      vertex 14.9319 -29.0176 79
      vertex 14.9696 -28.8473 53
      vertex 14.9696 -28.8473 79
    endloop
  endfacet
  facet normal 0.976362 -0.216141 0
    outer loop
      vertex 14.9696 -28.8473 53
      vertex 14.9319 -29.0176 79
      vertex 14.9319 -29.0176 53
    endloop
  endfacet
  facet normal -0.461371 -0.887207 0
    outer loop
      vertex -14 -30.2321 53
      vertex -13.8452 -30.3126 79
      vertex -14 -30.2321 79
    endloop
  endfacet
  facet normal -0.461371 -0.887207 -0
    outer loop
      vertex -13.8452 -30.3126 79
      vertex -14 -30.2321 53
      vertex -13.8452 -30.3126 53
    endloop
  endfacet
  facet normal -0.887207 0.461371 0
    outer loop
      vertex -14.8126 -21.6548 3
      vertex -14.7321 -21.5 79
      vertex -14.7321 -21.5 3
    endloop
  endfacet
  facet normal -0.887207 0.461371 0
    outer loop
      vertex -14.7321 -21.5 79
      vertex -14.8126 -21.6548 3
      vertex -14.8126 -21.6548 79
    endloop
  endfacet
  facet normal -0.0301535 0.691548 0.721701
    outer loop
      vertex -13 -20.5 79
      vertex -11.1743 -22.5076 81
      vertex -11 -22.5 81
    endloop
  endfacet
  facet normal -0.0301535 0.691548 0.721701
    outer loop
      vertex -11.1743 -22.5076 81
      vertex -13 -20.5 79
      vertex -13.1743 -20.5076 79
    endloop
  endfacet
  facet normal -1 0 0
    outer loop
      vertex -15 -27.5 53
      vertex -15 -22.5 3
      vertex -15 -27.5 3
    endloop
  endfacet
  facet normal -1 0 0
    outer loop
      vertex -15 -22.5 3
      vertex -15 -27.5 53
      vertex -15 -22.5 79
    endloop
  endfacet
  facet normal -1 0 0
    outer loop
      vertex -15 -28.5 79
      vertex -15 -27.5 53
      vertex -15 -28.5 53
    endloop
  endfacet
  facet normal -1 0 0
    outer loop
      vertex -15 -27.5 53
      vertex -15 -28.5 79
      vertex -15 -22.5 79
    endloop
  endfacet
  facet normal -0.659621 0.0869327 0.746554
    outer loop
      vertex -14.9924 -22.3257 79
      vertex -12.9696 -24.1527 81
      vertex -14.9696 -22.1527 79
    endloop
  endfacet
  facet normal -0.659621 0.0869327 0.746554
    outer loop
      vertex -12.9696 -24.1527 81
      vertex -14.9924 -22.3257 79
      vertex -12.9924 -24.3257 81
    endloop
  endfacet
  facet normal 0.999051 -0.0435616 0
    outer loop
      vertex 14.9924 -28.6743 79
      vertex 15 -28.5 53
      vertex 15 -28.5 79
    endloop
  endfacet
  facet normal 0.999051 -0.0435616 0
    outer loop
      vertex 15 -28.5 53
      vertex 14.9924 -28.6743 79
      vertex 14.9924 -28.6743 53
    endloop
  endfacet
  facet normal 0.0435616 -0.999051 0
    outer loop
      vertex 13 -30.5 53
      vertex 13.1743 -30.4924 79
      vertex 13 -30.5 79
    endloop
  endfacet
  facet normal 0.0435616 -0.999051 0
    outer loop
      vertex 13.1743 -30.4924 79
      vertex 13 -30.5 53
      vertex 13.1743 -30.4924 53
    endloop
  endfacet
  facet normal 0.425836 -0.390405 0.81624
    outer loop
      vertex 12.4142 -27.9142 81
      vertex 14.5321 -29.7856 79
      vertex 12.5321 -27.7856 81
    endloop
  endfacet
  facet normal 0.425836 -0.390405 0.81624
    outer loop
      vertex 14.5321 -29.7856 79
      vertex 12.4142 -27.9142 81
      vertex 14.4142 -29.9142 79
    endloop
  endfacet
  facet normal -0.991427 -0.130662 0
    outer loop
      vertex -14.9696 -28.8473 53
      vertex -14.9924 -28.6743 79
      vertex -14.9924 -28.6743 53
    endloop
  endfacet
  facet normal -0.991427 -0.130662 0
    outer loop
      vertex -14.9924 -28.6743 79
      vertex -14.9696 -28.8473 53
      vertex -14.9696 -28.8473 79
    endloop
  endfacet
  facet normal -0.923821 -0.382824 0
    outer loop
      vertex -14.8126 -29.3452 53
      vertex -14.8794 -29.184 79
      vertex -14.8794 -29.184 53
    endloop
  endfacet
  facet normal -0.923821 -0.382824 0
    outer loop
      vertex -14.8794 -29.184 79
      vertex -14.8126 -29.3452 53
      vertex -14.8126 -29.3452 79
    endloop
  endfacet
  facet normal 1 0 0
    outer loop
      vertex 15 -22.5 79
      vertex 15 -27.5 53
      vertex 15 -22.5 3
    endloop
  endfacet
  facet normal 1 -0 0
    outer loop
      vertex 15 -28.5 79
      vertex 15 -27.5 53
      vertex 15 -22.5 79
    endloop
  endfacet
  facet normal 1 0 0
    outer loop
      vertex 15 -27.5 53
      vertex 15 -28.5 79
      vertex 15 -28.5 53
    endloop
  endfacet
  facet normal 1 0 0
    outer loop
      vertex 15 -22.5 3
      vertex 15 -27.5 53
      vertex 15 -27.5 3
    endloop
  endfacet
  facet normal -0.887207 -0.461371 0
    outer loop
      vertex -14.7321 -29.5 53
      vertex -14.8126 -29.3452 79
      vertex -14.8126 -29.3452 53
    endloop
  endfacet
  facet normal -0.887207 -0.461371 0
    outer loop
      vertex -14.8126 -29.3452 79
      vertex -14.7321 -29.5 53
      vertex -14.7321 -29.5 79
    endloop
  endfacet
  facet normal -0.691548 -0.0301535 0.721701
    outer loop
      vertex -15 -28.5 79
      vertex -12.9924 -26.6743 81
      vertex -13 -26.5 81
    endloop
  endfacet
  facet normal -0.691548 -0.0301535 0.721701
    outer loop
      vertex -12.9924 -26.6743 81
      vertex -15 -28.5 79
      vertex -14.9924 -28.6743 79
    endloop
  endfacet
  facet normal -0.130662 -0.991427 0
    outer loop
      vertex -13.3473 -30.4696 53
      vertex -13.1743 -30.4924 79
      vertex -13.3473 -30.4696 79
    endloop
  endfacet
  facet normal -0.130662 -0.991427 -0
    outer loop
      vertex -13.1743 -30.4924 79
      vertex -13.3473 -30.4696 53
      vertex -13.1743 -30.4924 53
    endloop
  endfacet
  facet normal 0.0435616 0.999051 -0
    outer loop
      vertex 13.1743 -20.5076 3
      vertex 13 -20.5 79
      vertex 13.1743 -20.5076 79
    endloop
  endfacet
  facet normal 0.0435616 0.999051 0
    outer loop
      vertex 13 -20.5 79
      vertex 13.1743 -20.5076 3
      vertex 13 -20.5 3
    endloop
  endfacet
  facet normal 0.737107 0.675777 0
    outer loop
      vertex 14.5321 -21.2144 79
      vertex 14.4142 -21.0858 3
      vertex 14.4142 -21.0858 79
    endloop
  endfacet
  facet normal 0.737107 0.675777 0
    outer loop
      vertex 14.4142 -21.0858 3
      vertex 14.5321 -21.2144 79
      vertex 14.5321 -21.2144 3
    endloop
  endfacet
  facet normal 0.627362 0.138882 0.766243
    outer loop
      vertex 12.9319 -23.9824 81
      vertex 14.9696 -22.1527 79
      vertex 14.9319 -21.9824 79
    endloop
  endfacet
  facet normal 0.627362 0.138882 0.766243
    outer loop
      vertex 14.9696 -22.1527 79
      vertex 12.9319 -23.9824 81
      vertex 12.9696 -24.1527 81
    endloop
  endfacet
  facet normal -0.460663 0.353486 0.814148
    outer loop
      vertex -14.6383 -21.3528 79
      vertex -12.5321 -23.2144 81
      vertex -14.5321 -21.2144 79
    endloop
  endfacet
  facet normal -0.460663 0.353486 0.814148
    outer loop
      vertex -12.5321 -23.2144 81
      vertex -14.6383 -21.3528 79
      vertex -12.6383 -23.3528 81
    endloop
  endfacet
  facet normal 0 0 1
    outer loop
      vertex 11 -22.5 81
      vertex 13 -24.5 81
      vertex 12.9924 -24.3257 81
    endloop
  endfacet
  facet normal 0 0 1
    outer loop
      vertex 13 -24.5 81
      vertex 11 -22.5 81
      vertex 13 -26.5 81
    endloop
  endfacet
  facet normal 0 0 1
    outer loop
      vertex 11 -22.5 81
      vertex 12.9924 -24.3257 81
      vertex 12.9696 -24.1527 81
    endloop
  endfacet
  facet normal 0 0 1
    outer loop
      vertex 11 -28.5 81
      vertex 13 -26.5 81
      vertex 11 -22.5 81
    endloop
  endfacet
  facet normal 0 0 1
    outer loop
      vertex 11 -22.5 81
      vertex 12.9696 -24.1527 81
      vertex 12.9319 -23.9824 81
    endloop
  endfacet
  facet normal 0 0 1
    outer loop
      vertex 13 -26.5 81
      vertex 11 -28.5 81
      vertex 12.9924 -26.6743 81
    endloop
  endfacet
  facet normal 0 0 1
    outer loop
      vertex 11 -22.5 81
      vertex 12.9319 -23.9824 81
      vertex 12.8794 -23.816 81
    endloop
  endfacet
  facet normal 0 0 1
    outer loop
      vertex 12.9924 -26.6743 81
      vertex 11 -28.5 81
      vertex 12.9696 -26.8473 81
    endloop
  endfacet
  facet normal 0 0 1
    outer loop
      vertex 11 -22.5 81
      vertex 12.8794 -23.816 81
      vertex 12.8126 -23.6548 81
    endloop
  endfacet
  facet normal 0 0 1
    outer loop
      vertex 12.9696 -26.8473 81
      vertex 11 -28.5 81
      vertex 12.9319 -27.0176 81
    endloop
  endfacet
  facet normal 0 0 1
    outer loop
      vertex 11 -22.5 81
      vertex 12.8126 -23.6548 81
      vertex 12.7321 -23.5 81
    endloop
  endfacet
  facet normal 0 0 1
    outer loop
      vertex 12.9319 -27.0176 81
      vertex 11 -28.5 81
      vertex 12.8794 -27.184 81
    endloop
  endfacet
  facet normal 0 0 1
    outer loop
      vertex 11 -22.5 81
      vertex 12.7321 -23.5 81
      vertex 12.6383 -23.3528 81
    endloop
  endfacet
  facet normal 0 0 1
    outer loop
      vertex 12.8794 -27.184 81
      vertex 11 -28.5 81
      vertex 12.8126 -27.3452 81
    endloop
  endfacet
  facet normal 0 0 1
    outer loop
      vertex 11 -22.5 81
      vertex 12.6383 -23.3528 81
      vertex 12.5321 -23.2144 81
    endloop
  endfacet
  facet normal 0 0 1
    outer loop
      vertex 12.8126 -27.3452 81
      vertex 11 -28.5 81
      vertex 12.7321 -27.5 81
    endloop
  endfacet
  facet normal 0 0 1
    outer loop
      vertex 11 -22.5 81
      vertex 12.5321 -23.2144 81
      vertex 12.4142 -23.0858 81
    endloop
  endfacet
  facet normal 0 0 1
    outer loop
      vertex 12.7321 -27.5 81
      vertex 11 -28.5 81
      vertex 12.6383 -27.6472 81
    endloop
  endfacet
  facet normal 0 0 1
    outer loop
      vertex 11 -22.5 81
      vertex 12.4142 -23.0858 81
      vertex 12.2856 -22.9679 81
    endloop
  endfacet
  facet normal 0 0 1
    outer loop
      vertex 12.6383 -27.6472 81
      vertex 11 -28.5 81
      vertex 12.5321 -27.7856 81
    endloop
  endfacet
  facet normal 0 0 1
    outer loop
      vertex 11 -22.5 81
      vertex 12.2856 -22.9679 81
      vertex 12.1472 -22.8617 81
    endloop
  endfacet
  facet normal 0 0 1
    outer loop
      vertex 12.5321 -27.7856 81
      vertex 11 -28.5 81
      vertex 12.4142 -27.9142 81
    endloop
  endfacet
  facet normal 0 0 1
    outer loop
      vertex 11 -22.5 81
      vertex 12.1472 -22.8617 81
      vertex 12 -22.7679 81
    endloop
  endfacet
  facet normal 0 0 1
    outer loop
      vertex 12.4142 -27.9142 81
      vertex 11 -28.5 81
      vertex 12.2856 -28.0321 81
    endloop
  endfacet
  facet normal 0 0 1
    outer loop
      vertex 11 -22.5 81
      vertex 12 -22.7679 81
      vertex 11.8452 -22.6874 81
    endloop
  endfacet
  facet normal 0 0 1
    outer loop
      vertex 12.2856 -28.0321 81
      vertex 11 -28.5 81
      vertex 12.1472 -28.1383 81
    endloop
  endfacet
  facet normal 0 0 1
    outer loop
      vertex 11 -22.5 81
      vertex 11.8452 -22.6874 81
      vertex 11.684 -22.6206 81
    endloop
  endfacet
  facet normal 0 0 1
    outer loop
      vertex 12.1472 -28.1383 81
      vertex 11 -28.5 81
      vertex 12 -28.2321 81
    endloop
  endfacet
  facet normal 0 0 1
    outer loop
      vertex 11 -22.5 81
      vertex 11.684 -22.6206 81
      vertex 11.5176 -22.5681 81
    endloop
  endfacet
  facet normal 0 0 1
    outer loop
      vertex 12 -28.2321 81
      vertex 11 -28.5 81
      vertex 11.8452 -28.3126 81
    endloop
  endfacet
  facet normal 0 0 1
    outer loop
      vertex 11 -22.5 81
      vertex 11.5176 -22.5681 81
      vertex 11.3473 -22.5304 81
    endloop
  endfacet
  facet normal 0 0 1
    outer loop
      vertex 11.8452 -28.3126 81
      vertex 11 -28.5 81
      vertex 11.684 -28.3794 81
    endloop
  endfacet
  facet normal 0 0 1
    outer loop
      vertex 11 -22.5 81
      vertex 11.3473 -22.5304 81
      vertex 11.1743 -22.5076 81
    endloop
  endfacet
  facet normal 0 0 1
    outer loop
      vertex 11.684 -28.3794 81
      vertex 11 -28.5 81
      vertex 11.5176 -28.4319 81
    endloop
  endfacet
  facet normal 0 0 1
    outer loop
      vertex 11.5176 -28.4319 81
      vertex 11 -28.5 81
      vertex 11.3473 -28.4696 81
    endloop
  endfacet
  facet normal 0 0 1
    outer loop
      vertex 11.3473 -28.4696 81
      vertex 11 -28.5 81
      vertex 11.1743 -28.4924 81
    endloop
  endfacet
  facet normal -0 0 1
    outer loop
      vertex -11 -22.5 81
      vertex 11 -28.5 81
      vertex 11 -22.5 81
    endloop
  endfacet
  facet normal 0 0 1
    outer loop
      vertex -11 -22.5 81
      vertex -11 -28.5 81
      vertex 11 -28.5 81
    endloop
  endfacet
  facet normal 0 0 1
    outer loop
      vertex -13 -24.5 81
      vertex -11 -22.5 81
      vertex -11.1743 -22.5076 81
    endloop
  endfacet
  facet normal 0 0 1
    outer loop
      vertex -11 -22.5 81
      vertex -13 -24.5 81
      vertex -11 -28.5 81
    endloop
  endfacet
  facet normal 0 0 1
    outer loop
      vertex -13 -24.5 81
      vertex -11.1743 -22.5076 81
      vertex -11.3473 -22.5304 81
    endloop
  endfacet
  facet normal -0 0 1
    outer loop
      vertex -13 -26.5 81
      vertex -11 -28.5 81
      vertex -13 -24.5 81
    endloop
  endfacet
  facet normal 0 0 1
    outer loop
      vertex -13 -24.5 81
      vertex -11.3473 -22.5304 81
      vertex -11.5176 -22.5681 81
    endloop
  endfacet
  facet normal 0 0 1
    outer loop
      vertex -11 -28.5 81
      vertex -13 -26.5 81
      vertex -11.1743 -28.4924 81
    endloop
  endfacet
  facet normal 0 0 1
    outer loop
      vertex -13 -24.5 81
      vertex -11.5176 -22.5681 81
      vertex -11.684 -22.6206 81
    endloop
  endfacet
  facet normal 0 0 1
    outer loop
      vertex -11.1743 -28.4924 81
      vertex -13 -26.5 81
      vertex -11.3473 -28.4696 81
    endloop
  endfacet
  facet normal 0 0 1
    outer loop
      vertex -13 -24.5 81
      vertex -11.684 -22.6206 81
      vertex -11.8452 -22.6874 81
    endloop
  endfacet
  facet normal 0 0 1
    outer loop
      vertex -11.3473 -28.4696 81
      vertex -13 -26.5 81
      vertex -11.5176 -28.4319 81
    endloop
  endfacet
  facet normal 0 0 1
    outer loop
      vertex -13 -24.5 81
      vertex -11.8452 -22.6874 81
      vertex -12 -22.7679 81
    endloop
  endfacet
  facet normal 0 0 1
    outer loop
      vertex -11.5176 -28.4319 81
      vertex -13 -26.5 81
      vertex -11.684 -28.3794 81
    endloop
  endfacet
  facet normal 0 0 1
    outer loop
      vertex -13 -24.5 81
      vertex -12 -22.7679 81
      vertex -12.1472 -22.8617 81
    endloop
  endfacet
  facet normal 0 0 1
    outer loop
      vertex -11.684 -28.3794 81
      vertex -13 -26.5 81
      vertex -11.8452 -28.3126 81
    endloop
  endfacet
  facet normal 0 0 1
    outer loop
      vertex -13 -24.5 81
      vertex -12.1472 -22.8617 81
      vertex -12.2856 -22.9679 81
    endloop
  endfacet
  facet normal 0 0 1
    outer loop
      vertex -11.8452 -28.3126 81
      vertex -13 -26.5 81
      vertex -12 -28.2321 81
    endloop
  endfacet
  facet normal 0 0 1
    outer loop
      vertex -13 -24.5 81
      vertex -12.2856 -22.9679 81
      vertex -12.4142 -23.0858 81
    endloop
  endfacet
  facet normal 0 0 1
    outer loop
      vertex -12 -28.2321 81
      vertex -13 -26.5 81
      vertex -12.1472 -28.1383 81
    endloop
  endfacet
  facet normal 0 0 1
    outer loop
      vertex -13 -24.5 81
      vertex -12.4142 -23.0858 81
      vertex -12.5321 -23.2144 81
    endloop
  endfacet
  facet normal 0 0 1
    outer loop
      vertex -12.1472 -28.1383 81
      vertex -13 -26.5 81
      vertex -12.2856 -28.0321 81
    endloop
  endfacet
  facet normal 0 0 1
    outer loop
      vertex -13 -24.5 81
      vertex -12.5321 -23.2144 81
      vertex -12.6383 -23.3528 81
    endloop
  endfacet
  facet normal 0 0 1
    outer loop
      vertex -12.2856 -28.0321 81
      vertex -13 -26.5 81
      vertex -12.4142 -27.9142 81
    endloop
  endfacet
  facet normal 0 0 1
    outer loop
      vertex -13 -24.5 81
      vertex -12.6383 -23.3528 81
      vertex -12.7321 -23.5 81
    endloop
  endfacet
  facet normal 0 0 1
    outer loop
      vertex -12.4142 -27.9142 81
      vertex -13 -26.5 81
      vertex -12.5321 -27.7856 81
    endloop
  endfacet
  facet normal 0 0 1
    outer loop
      vertex -13 -24.5 81
      vertex -12.7321 -23.5 81
      vertex -12.8126 -23.6548 81
    endloop
  endfacet
  facet normal 0 0 1
    outer loop
      vertex -12.5321 -27.7856 81
      vertex -13 -26.5 81
      vertex -12.6383 -27.6472 81
    endloop
  endfacet
  facet normal 0 0 1
    outer loop
      vertex -13 -24.5 81
      vertex -12.8126 -23.6548 81
      vertex -12.8794 -23.816 81
    endloop
  endfacet
  facet normal 0 0 1
    outer loop
      vertex -12.6383 -27.6472 81
      vertex -13 -26.5 81
      vertex -12.7321 -27.5 81
    endloop
  endfacet
  facet normal 0 0 1
    outer loop
      vertex -13 -24.5 81
      vertex -12.8794 -23.816 81
      vertex -12.9319 -23.9824 81
    endloop
  endfacet
  facet normal 0 0 1
    outer loop
      vertex -12.7321 -27.5 81
      vertex -13 -26.5 81
      vertex -12.8126 -27.3452 81
    endloop
  endfacet
  facet normal 0 0 1
    outer loop
      vertex -13 -24.5 81
      vertex -12.9319 -23.9824 81
      vertex -12.9696 -24.1527 81
    endloop
  endfacet
  facet normal 0 0 1
    outer loop
      vertex -12.8126 -27.3452 81
      vertex -13 -26.5 81
      vertex -12.8794 -27.184 81
    endloop
  endfacet
  facet normal 0 0 1
    outer loop
      vertex -13 -24.5 81
      vertex -12.9696 -24.1527 81
      vertex -12.9924 -24.3257 81
    endloop
  endfacet
  facet normal 0 0 1
    outer loop
      vertex -12.8794 -27.184 81
      vertex -13 -26.5 81
      vertex -12.9319 -27.0176 81
    endloop
  endfacet
  facet normal 0 0 1
    outer loop
      vertex -12.9319 -27.0176 81
      vertex -13 -26.5 81
      vertex -12.9696 -26.8473 81
    endloop
  endfacet
  facet normal 0 0 1
    outer loop
      vertex -12.9696 -26.8473 81
      vertex -13 -26.5 81
      vertex -12.9924 -26.6743 81
    endloop
  endfacet
  facet normal 0.675777 0.737107 -0
    outer loop
      vertex 14.4142 -21.0858 3
      vertex 14.2856 -20.9679 79
      vertex 14.4142 -21.0858 79
    endloop
  endfacet
  facet normal 0.675777 0.737107 0
    outer loop
      vertex 14.2856 -20.9679 79
      vertex 14.4142 -21.0858 3
      vertex 14.2856 -20.9679 3
    endloop
  endfacet
  facet normal -0.0435616 0.999051 0
    outer loop
      vertex -13 -20.5 3
      vertex -13.1743 -20.5076 79
      vertex -13 -20.5 79
    endloop
  endfacet
  facet normal -0.0435616 0.999051 0
    outer loop
      vertex -13.1743 -20.5076 79
      vertex -13 -20.5 3
      vertex -13.1743 -20.5076 3
    endloop
  endfacet
  facet normal -0.537394 -0.843331 0
    outer loop
      vertex -14.1472 -30.1383 53
      vertex -14 -30.2321 79
      vertex -14.1472 -30.1383 79
    endloop
  endfacet
  facet normal -0.537394 -0.843331 -0
    outer loop
      vertex -14 -30.2321 79
      vertex -14.1472 -30.1383 53
      vertex -14 -30.2321 53
    endloop
  endfacet
  facet normal 0 0.707107 0.707107
    outer loop
      vertex 13 -20.5 79
      vertex -11 -22.5 81
      vertex 11 -22.5 81
    endloop
  endfacet
  facet normal 0 0.707107 0.707107
    outer loop
      vertex -11 -22.5 81
      vertex 13 -20.5 79
      vertex -13 -20.5 79
    endloop
  endfacet
  facet normal 0.793348 -0.608768 0
    outer loop
      vertex 14.5321 -29.7856 79
      vertex 14.6383 -29.6472 53
      vertex 14.6383 -29.6472 79
    endloop
  endfacet
  facet normal 0.793348 -0.608768 0
    outer loop
      vertex 14.6383 -29.6472 53
      vertex 14.5321 -29.7856 79
      vertex 14.5321 -29.7856 53
    endloop
  endfacet
  facet normal 0.382824 -0.923821 0
    outer loop
      vertex 13.684 -30.3794 53
      vertex 13.8452 -30.3126 79
      vertex 13.684 -30.3794 79
    endloop
  endfacet
  facet normal 0.382824 -0.923821 0
    outer loop
      vertex 13.8452 -30.3126 79
      vertex 13.684 -30.3794 53
      vertex 13.8452 -30.3126 53
    endloop
  endfacet
  facet normal -0.52845 -0.274807 0.803257
    outer loop
      vertex -14.8126 -29.3452 79
      vertex -12.7321 -27.5 81
      vertex -12.8126 -27.3452 81
    endloop
  endfacet
  facet normal -0.52845 -0.274807 0.803257
    outer loop
      vertex -12.7321 -27.5 81
      vertex -14.8126 -29.3452 79
      vertex -14.7321 -29.5 79
    endloop
  endfacet
  facet normal 0.923821 0.382824 0
    outer loop
      vertex 14.8794 -21.816 79
      vertex 14.8126 -21.6548 3
      vertex 14.8126 -21.6548 79
    endloop
  endfacet
  facet normal 0.923821 0.382824 0
    outer loop
      vertex 14.8126 -21.6548 3
      vertex 14.8794 -21.816 79
      vertex 14.8794 -21.816 3
    endloop
  endfacet
  facet normal 0.659621 -0.0869327 0.746554
    outer loop
      vertex 12.9696 -26.8473 81
      vertex 14.9924 -28.6743 79
      vertex 12.9924 -26.6743 81
    endloop
  endfacet
  facet normal 0.659621 -0.0869327 0.746554
    outer loop
      vertex 14.9924 -28.6743 79
      vertex 12.9696 -26.8473 81
      vertex 14.9696 -28.8473 79
    endloop
  endfacet
  facet normal 0.461371 0.887207 -0
    outer loop
      vertex 14 -20.7679 3
      vertex 13.8452 -20.6874 79
      vertex 14 -20.7679 79
    endloop
  endfacet
  facet normal 0.461371 0.887207 0
    outer loop
      vertex 13.8452 -20.6874 79
      vertex 14 -20.7679 3
      vertex 13.8452 -20.6874 3
    endloop
  endfacet
  facet normal 0.130662 -0.991427 0
    outer loop
      vertex 13.1743 -30.4924 53
      vertex 13.3473 -30.4696 79
      vertex 13.1743 -30.4924 79
    endloop
  endfacet
  facet normal 0.130662 -0.991427 0
    outer loop
      vertex 13.3473 -30.4696 79
      vertex 13.1743 -30.4924 53
      vertex 13.3473 -30.4696 53
    endloop
  endfacet
  facet normal -0.953661 -0.300885 0
    outer loop
      vertex -14.8794 -29.184 53
      vertex -14.9319 -29.0176 79
      vertex -14.9319 -29.0176 53
    endloop
  endfacet
  facet normal -0.953661 -0.300885 0
    outer loop
      vertex -14.9319 -29.0176 79
      vertex -14.8794 -29.184 53
      vertex -14.8794 -29.184 79
    endloop
  endfacet
  facet normal 0.608768 0.793348 -0
    outer loop
      vertex 14.2856 -20.9679 3
      vertex 14.1472 -20.8617 79
      vertex 14.2856 -20.9679 79
    endloop
  endfacet
  facet normal 0.608768 0.793348 0
    outer loop
      vertex 14.1472 -20.8617 79
      vertex 14.2856 -20.9679 3
      vertex 14.1472 -20.8617 3
    endloop
  endfacet
  facet normal -0.537394 0.843331 0
    outer loop
      vertex -14 -20.7679 3
      vertex -14.1472 -20.8617 79
      vertex -14 -20.7679 79
    endloop
  endfacet
  facet normal -0.537394 0.843331 0
    outer loop
      vertex -14.1472 -20.8617 79
      vertex -14 -20.7679 3
      vertex -14.1472 -20.8617 3
    endloop
  endfacet
  facet normal 0 1 0
    outer loop
      vertex 13 -20.5 79
      vertex 0 -20.5 74.682
      vertex -13 -20.5 79
    endloop
  endfacet
  facet normal 0 1 0
    outer loop
      vertex 13 -20.5 79
      vertex 3.21394 -20.5 71.8302
      vertex 0 -20.5 74.682
    endloop
  endfacet
  facet normal 0 1 0
    outer loop
      vertex 13 -20.5 79
      vertex 3.53553 -20.5 71.5355
      vertex 3.21394 -20.5 71.8302
    endloop
  endfacet
  facet normal 0 1 0
    outer loop
      vertex 13 -20.5 79
      vertex 3.83022 -20.5 71.2139
      vertex 3.53553 -20.5 71.5355
    endloop
  endfacet
  facet normal 0 1 0
    outer loop
      vertex 13 -20.5 79
      vertex 4.09576 -20.5 70.8679
      vertex 3.83022 -20.5 71.2139
    endloop
  endfacet
  facet normal 0 1 0
    outer loop
      vertex 13 -20.5 79
      vertex 4.33013 -20.5 70.5
      vertex 4.09576 -20.5 70.8679
    endloop
  endfacet
  facet normal 0 1 0
    outer loop
      vertex 13 -20.5 79
      vertex 4.53154 -20.5 70.1131
      vertex 4.33013 -20.5 70.5
    endloop
  endfacet
  facet normal 0 1 0
    outer loop
      vertex 13 -20.5 79
      vertex 4.69846 -20.5 69.7101
      vertex 4.53154 -20.5 70.1131
    endloop
  endfacet
  facet normal 0 1 0
    outer loop
      vertex 13 -20.5 79
      vertex 4.82963 -20.5 69.2941
      vertex 4.69846 -20.5 69.7101
    endloop
  endfacet
  facet normal 0 1 0
    outer loop
      vertex 13 -20.5 79
      vertex 4.92404 -20.5 68.8682
      vertex 4.82963 -20.5 69.2941
    endloop
  endfacet
  facet normal 0 1 0
    outer loop
      vertex 13 -20.5 79
      vertex 4.98097 -20.5 68.4358
      vertex 4.92404 -20.5 68.8682
    endloop
  endfacet
  facet normal 0 1 0
    outer loop
      vertex 13 -20.5 79
      vertex 5 -20.5 68
      vertex 4.98097 -20.5 68.4358
    endloop
  endfacet
  facet normal 0 1 0
    outer loop
      vertex 13 -20.5 79
      vertex 4.98097 -20.5 67.5642
      vertex 5 -20.5 68
    endloop
  endfacet
  facet normal 0 1 0
    outer loop
      vertex 13 -20.5 79
      vertex 4.92404 -20.5 67.1318
      vertex 4.98097 -20.5 67.5642
    endloop
  endfacet
  facet normal 0 1 0
    outer loop
      vertex 13 -20.5 79
      vertex 4.82963 -20.5 66.7059
      vertex 4.92404 -20.5 67.1318
    endloop
  endfacet
  facet normal 0 1 0
    outer loop
      vertex 13 -20.5 79
      vertex 4.69846 -20.5 66.2899
      vertex 4.82963 -20.5 66.7059
    endloop
  endfacet
  facet normal 0 1 0
    outer loop
      vertex 13 -20.5 79
      vertex 4.53154 -20.5 65.8869
      vertex 4.69846 -20.5 66.2899
    endloop
  endfacet
  facet normal 0 1 -0
    outer loop
      vertex 13 -20.5 3
      vertex 4.53154 -20.5 65.8869
      vertex 13 -20.5 79
    endloop
  endfacet
  facet normal 0 1 0
    outer loop
      vertex 4.53154 -20.5 65.8869
      vertex 13 -20.5 3
      vertex 4.33013 -20.5 65.5
    endloop
  endfacet
  facet normal 0 1 0
    outer loop
      vertex 0.435779 -20.5 63.019
      vertex 13 -20.5 3
      vertex 0 -20.5 63
    endloop
  endfacet
  facet normal 0 1 0
    outer loop
      vertex 0.86824 -20.5 63.076
      vertex 13 -20.5 3
      vertex 0.435779 -20.5 63.019
    endloop
  endfacet
  facet normal 0 1 0
    outer loop
      vertex 1.2941 -20.5 63.1704
      vertex 13 -20.5 3
      vertex 0.86824 -20.5 63.076
    endloop
  endfacet
  facet normal 0 1 0
    outer loop
      vertex 1.7101 -20.5 63.3015
      vertex 13 -20.5 3
      vertex 1.2941 -20.5 63.1704
    endloop
  endfacet
  facet normal 0 1 0
    outer loop
      vertex 2.11309 -20.5 63.4685
      vertex 13 -20.5 3
      vertex 1.7101 -20.5 63.3015
    endloop
  endfacet
  facet normal 0 1 0
    outer loop
      vertex 2.5 -20.5 63.6699
      vertex 13 -20.5 3
      vertex 2.11309 -20.5 63.4685
    endloop
  endfacet
  facet normal 0 1 0
    outer loop
      vertex 2.86788 -20.5 63.9042
      vertex 13 -20.5 3
      vertex 2.5 -20.5 63.6699
    endloop
  endfacet
  facet normal 0 1 0
    outer loop
      vertex 3.21394 -20.5 64.1698
      vertex 13 -20.5 3
      vertex 2.86788 -20.5 63.9042
    endloop
  endfacet
  facet normal 0 1 0
    outer loop
      vertex 3.53553 -20.5 64.4645
      vertex 13 -20.5 3
      vertex 3.21394 -20.5 64.1698
    endloop
  endfacet
  facet normal 0 1 0
    outer loop
      vertex 3.83022 -20.5 64.7861
      vertex 13 -20.5 3
      vertex 3.53553 -20.5 64.4645
    endloop
  endfacet
  facet normal 0 1 0
    outer loop
      vertex 4.09576 -20.5 65.1321
      vertex 13 -20.5 3
      vertex 3.83022 -20.5 64.7861
    endloop
  endfacet
  facet normal 0 1 0
    outer loop
      vertex 4.33013 -20.5 65.5
      vertex 13 -20.5 3
      vertex 4.09576 -20.5 65.1321
    endloop
  endfacet
  facet normal 0 1 -0
    outer loop
      vertex -3.21394 -20.5 71.8302
      vertex -13 -20.5 79
      vertex 0 -20.5 74.682
    endloop
  endfacet
  facet normal 0 1 -0
    outer loop
      vertex -3.53553 -20.5 71.5355
      vertex -13 -20.5 79
      vertex -3.21394 -20.5 71.8302
    endloop
  endfacet
  facet normal 0 1 -0
    outer loop
      vertex -3.83022 -20.5 71.2139
      vertex -13 -20.5 79
      vertex -3.53553 -20.5 71.5355
    endloop
  endfacet
  facet normal 0 1 -0
    outer loop
      vertex -4.09576 -20.5 70.8679
      vertex -13 -20.5 79
      vertex -3.83022 -20.5 71.2139
    endloop
  endfacet
  facet normal 0 1 -0
    outer loop
      vertex -4.33013 -20.5 70.5
      vertex -13 -20.5 79
      vertex -4.09576 -20.5 70.8679
    endloop
  endfacet
  facet normal 0 1 -0
    outer loop
      vertex -4.53154 -20.5 70.1131
      vertex -13 -20.5 79
      vertex -4.33013 -20.5 70.5
    endloop
  endfacet
  facet normal 0 1 -0
    outer loop
      vertex -4.69846 -20.5 69.7101
      vertex -13 -20.5 79
      vertex -4.53154 -20.5 70.1131
    endloop
  endfacet
  facet normal 0 1 -0
    outer loop
      vertex -4.82963 -20.5 69.2941
      vertex -13 -20.5 79
      vertex -4.69846 -20.5 69.7101
    endloop
  endfacet
  facet normal 0 1 -0
    outer loop
      vertex -4.92404 -20.5 68.8682
      vertex -13 -20.5 79
      vertex -4.82963 -20.5 69.2941
    endloop
  endfacet
  facet normal 0 1 -0
    outer loop
      vertex -4.98097 -20.5 68.4358
      vertex -13 -20.5 79
      vertex -4.92404 -20.5 68.8682
    endloop
  endfacet
  facet normal 0 1 -0
    outer loop
      vertex -5 -20.5 68
      vertex -13 -20.5 79
      vertex -4.98097 -20.5 68.4358
    endloop
  endfacet
  facet normal 0 1 0
    outer loop
      vertex -4.98097 -20.5 67.5642
      vertex -13 -20.5 79
      vertex -5 -20.5 68
    endloop
  endfacet
  facet normal 0 1 0
    outer loop
      vertex -4.92404 -20.5 67.1318
      vertex -13 -20.5 79
      vertex -4.98097 -20.5 67.5642
    endloop
  endfacet
  facet normal 0 1 0
    outer loop
      vertex -4.82963 -20.5 66.7059
      vertex -13 -20.5 79
      vertex -4.92404 -20.5 67.1318
    endloop
  endfacet
  facet normal 0 1 0
    outer loop
      vertex -4.69846 -20.5 66.2899
      vertex -13 -20.5 79
      vertex -4.82963 -20.5 66.7059
    endloop
  endfacet
  facet normal 0 1 0
    outer loop
      vertex -4.53154 -20.5 65.8869
      vertex -13 -20.5 79
      vertex -4.69846 -20.5 66.2899
    endloop
  endfacet
  facet normal 0 1 0
    outer loop
      vertex -13 -20.5 3
      vertex -4.53154 -20.5 65.8869
      vertex -4.33013 -20.5 65.5
    endloop
  endfacet
  facet normal 0 1 0
    outer loop
      vertex -13 -20.5 3
      vertex -4.33013 -20.5 65.5
      vertex -4.09576 -20.5 65.1321
    endloop
  endfacet
  facet normal 0 1 0
    outer loop
      vertex -13 -20.5 3
      vertex 0 -20.5 63
      vertex 13 -20.5 3
    endloop
  endfacet
  facet normal 0 1 0
    outer loop
      vertex 0 -20.5 63
      vertex -13 -20.5 3
      vertex -0.435779 -20.5 63.019
    endloop
  endfacet
  facet normal 0 1 0
    outer loop
      vertex -0.435779 -20.5 63.019
      vertex -13 -20.5 3
      vertex -0.86824 -20.5 63.076
    endloop
  endfacet
  facet normal 0 1 0
    outer loop
      vertex -0.86824 -20.5 63.076
      vertex -13 -20.5 3
      vertex -1.2941 -20.5 63.1704
    endloop
  endfacet
  facet normal 0 1 0
    outer loop
      vertex -1.2941 -20.5 63.1704
      vertex -13 -20.5 3
      vertex -1.7101 -20.5 63.3015
    endloop
  endfacet
  facet normal 0 1 0
    outer loop
      vertex -1.7101 -20.5 63.3015
      vertex -13 -20.5 3
      vertex -2.11309 -20.5 63.4685
    endloop
  endfacet
  facet normal 0 1 0
    outer loop
      vertex -2.11309 -20.5 63.4685
      vertex -13 -20.5 3
      vertex -2.5 -20.5 63.6699
    endloop
  endfacet
  facet normal 0 1 0
    outer loop
      vertex -2.5 -20.5 63.6699
      vertex -13 -20.5 3
      vertex -2.86788 -20.5 63.9042
    endloop
  endfacet
  facet normal 0 1 0
    outer loop
      vertex -2.86788 -20.5 63.9042
      vertex -13 -20.5 3
      vertex -3.21394 -20.5 64.1698
    endloop
  endfacet
  facet normal 0 1 0
    outer loop
      vertex -3.21394 -20.5 64.1698
      vertex -13 -20.5 3
      vertex -3.53553 -20.5 64.4645
    endloop
  endfacet
  facet normal 0 1 0
    outer loop
      vertex -3.53553 -20.5 64.4645
      vertex -13 -20.5 3
      vertex -3.83022 -20.5 64.7861
    endloop
  endfacet
  facet normal 0 1 0
    outer loop
      vertex -3.83022 -20.5 64.7861
      vertex -13 -20.5 3
      vertex -4.09576 -20.5 65.1321
    endloop
  endfacet
  facet normal 0 1 0
    outer loop
      vertex -4.53154 -20.5 65.8869
      vertex -13 -20.5 3
      vertex -13 -20.5 79
    endloop
  endfacet
  facet normal -0.216141 -0.976362 0
    outer loop
      vertex -13.5176 -30.4319 53
      vertex -13.3473 -30.4696 79
      vertex -13.5176 -30.4319 79
    endloop
  endfacet
  facet normal -0.216141 -0.976362 -0
    outer loop
      vertex -13.3473 -30.4696 79
      vertex -13.5176 -30.4319 53
      vertex -13.3473 -30.4696 53
    endloop
  endfacet
  facet normal 0.382824 0.923821 -0
    outer loop
      vertex 13.8452 -20.6874 3
      vertex 13.684 -20.6206 79
      vertex 13.8452 -20.6874 79
    endloop
  endfacet
  facet normal 0.382824 0.923821 0
    outer loop
      vertex 13.684 -20.6206 79
      vertex 13.8452 -20.6874 3
      vertex 13.684 -20.6206 3
    endloop
  endfacet
  facet normal 0.130662 0.991427 -0
    outer loop
      vertex 13.3473 -20.5304 3
      vertex 13.1743 -20.5076 79
      vertex 13.3473 -20.5304 79
    endloop
  endfacet
  facet normal 0.130662 0.991427 0
    outer loop
      vertex 13.1743 -20.5076 79
      vertex 13.3473 -20.5304 3
      vertex 13.1743 -20.5076 3
    endloop
  endfacet
  facet normal 0.0301535 0.691548 0.721701
    outer loop
      vertex 13 -20.5 79
      vertex 11.1743 -22.5076 81
      vertex 13.1743 -20.5076 79
    endloop
  endfacet
  facet normal 0.0301535 0.691548 0.721701
    outer loop
      vertex 11.1743 -22.5076 81
      vertex 13 -20.5 79
      vertex 11 -22.5 81
    endloop
  endfacet
  facet normal 0.274807 0.52845 0.803257
    outer loop
      vertex 13.8452 -20.6874 79
      vertex 12 -22.7679 81
      vertex 14 -20.7679 79
    endloop
  endfacet
  facet normal 0.274807 0.52845 0.803257
    outer loop
      vertex 12 -22.7679 81
      vertex 13.8452 -20.6874 79
      vertex 11.8452 -22.6874 81
    endloop
  endfacet
  facet normal -0.843331 0.537394 0
    outer loop
      vertex -14.7321 -21.5 3
      vertex -14.6383 -21.3528 79
      vertex -14.6383 -21.3528 3
    endloop
  endfacet
  facet normal -0.843331 0.537394 0
    outer loop
      vertex -14.6383 -21.3528 79
      vertex -14.7321 -21.5 3
      vertex -14.7321 -21.5 79
    endloop
  endfacet
  facet normal 0.737107 -0.675777 0
    outer loop
      vertex 14.4142 -29.9142 79
      vertex 14.5321 -29.7856 53
      vertex 14.5321 -29.7856 79
    endloop
  endfacet
  facet normal 0.737107 -0.675777 0
    outer loop
      vertex 14.5321 -29.7856 53
      vertex 14.4142 -29.9142 79
      vertex 14.4142 -29.9142 53
    endloop
  endfacet
  facet normal 0.274807 -0.52845 0.803257
    outer loop
      vertex 12 -28.2321 81
      vertex 13.8452 -30.3126 79
      vertex 14 -30.2321 79
    endloop
  endfacet
  facet normal 0.274807 -0.52845 0.803257
    outer loop
      vertex 13.8452 -30.3126 79
      vertex 12 -28.2321 81
      vertex 11.8452 -28.3126 81
    endloop
  endfacet
  facet normal 0.594428 -0.187545 0.781973
    outer loop
      vertex 12.8794 -27.184 81
      vertex 14.9319 -29.0176 79
      vertex 12.9319 -27.0176 81
    endloop
  endfacet
  facet normal 0.594428 -0.187545 0.781973
    outer loop
      vertex 14.9319 -29.0176 79
      vertex 12.8794 -27.184 81
      vertex 14.8794 -29.184 79
    endloop
  endfacet
  facet normal -0.843331 -0.537394 0
    outer loop
      vertex -14.6383 -29.6472 53
      vertex -14.7321 -29.5 79
      vertex -14.7321 -29.5 53
    endloop
  endfacet
  facet normal -0.843331 -0.537394 0
    outer loop
      vertex -14.7321 -29.5 79
      vertex -14.6383 -29.6472 53
      vertex -14.6383 -29.6472 79
    endloop
  endfacet
  facet normal 0.537394 0.843331 -0
    outer loop
      vertex 14.1472 -20.8617 3
      vertex 14 -20.7679 79
      vertex 14.1472 -20.8617 79
    endloop
  endfacet
  facet normal 0.537394 0.843331 0
    outer loop
      vertex 14 -20.7679 79
      vertex 14.1472 -20.8617 3
      vertex 14 -20.7679 3
    endloop
  endfacet
  facet normal -0.793348 0.608768 0
    outer loop
      vertex -14.6383 -21.3528 3
      vertex -14.5321 -21.2144 79
      vertex -14.5321 -21.2144 3
    endloop
  endfacet
  facet normal -0.793348 0.608768 0
    outer loop
      vertex -14.5321 -21.2144 79
      vertex -14.6383 -21.3528 3
      vertex -14.6383 -21.3528 79
    endloop
  endfacet
  facet normal 0.707107 -0 0.707107
    outer loop
      vertex 13 -26.5 81
      vertex 15 -22.5 79
      vertex 13 -24.5 81
    endloop
  endfacet
  facet normal 0.707107 0 0.707107
    outer loop
      vertex 15 -22.5 79
      vertex 13 -26.5 81
      vertex 15 -28.5 79
    endloop
  endfacet
  facet normal 0.138882 0.627362 0.766243
    outer loop
      vertex 13.3473 -20.5304 79
      vertex 11.5176 -22.5681 81
      vertex 13.5176 -20.5681 79
    endloop
  endfacet
  facet normal 0.138882 0.627362 0.766243
    outer loop
      vertex 11.5176 -22.5681 81
      vertex 13.3473 -20.5304 79
      vertex 11.3473 -22.5304 81
    endloop
  endfacet
  facet normal 0.843331 0.537394 0
    outer loop
      vertex 14.7321 -21.5 79
      vertex 14.6383 -21.3528 3
      vertex 14.6383 -21.3528 79
    endloop
  endfacet
  facet normal 0.843331 0.537394 0
    outer loop
      vertex 14.6383 -21.3528 3
      vertex 14.7321 -21.5 79
      vertex 14.7321 -21.5 3
    endloop
  endfacet
  facet normal -0.999051 0.0435616 0
    outer loop
      vertex -15 -22.5 3
      vertex -14.9924 -22.3257 79
      vertex -14.9924 -22.3257 3
    endloop
  endfacet
  facet normal -0.999051 0.0435616 0
    outer loop
      vertex -14.9924 -22.3257 79
      vertex -15 -22.5 3
      vertex -15 -22.5 79
    endloop
  endfacet
  facet normal -0.608768 -0.793348 0
    outer loop
      vertex -14.2856 -30.0321 53
      vertex -14.1472 -30.1383 79
      vertex -14.2856 -30.0321 79
    endloop
  endfacet
  facet normal -0.608768 -0.793348 -0
    outer loop
      vertex -14.1472 -30.1383 79
      vertex -14.2856 -30.0321 53
      vertex -14.1472 -30.1383 53
    endloop
  endfacet
  facet normal 0.999051 0.0435616 0
    outer loop
      vertex 15 -22.5 79
      vertex 14.9924 -22.3257 3
      vertex 14.9924 -22.3257 79
    endloop
  endfacet
  facet normal 0.999051 0.0435616 0
    outer loop
      vertex 14.9924 -22.3257 3
      vertex 15 -22.5 79
      vertex 15 -22.5 3
    endloop
  endfacet
  facet normal 0.627362 -0.138882 0.766243
    outer loop
      vertex 12.9319 -27.0176 81
      vertex 14.9696 -28.8473 79
      vertex 12.9696 -26.8473 81
    endloop
  endfacet
  facet normal 0.627362 -0.138882 0.766243
    outer loop
      vertex 14.9696 -28.8473 79
      vertex 12.9319 -27.0176 81
      vertex 14.9319 -29.0176 79
    endloop
  endfacet
  facet normal -0.382824 0.923821 0
    outer loop
      vertex -13.684 -20.6206 3
      vertex -13.8452 -20.6874 79
      vertex -13.684 -20.6206 79
    endloop
  endfacet
  facet normal -0.382824 0.923821 0
    outer loop
      vertex -13.8452 -20.6874 79
      vertex -13.684 -20.6206 3
      vertex -13.8452 -20.6874 3
    endloop
  endfacet
  facet normal 0.991427 0.130662 0
    outer loop
      vertex 14.9924 -22.3257 79
      vertex 14.9696 -22.1527 3
      vertex 14.9696 -22.1527 79
    endloop
  endfacet
  facet normal 0.991427 0.130662 0
    outer loop
      vertex 14.9696 -22.1527 3
      vertex 14.9924 -22.3257 79
      vertex 14.9924 -22.3257 3
    endloop
  endfacet
  facet normal 0.138882 -0.627362 0.766243
    outer loop
      vertex 11.5176 -28.4319 81
      vertex 13.3473 -30.4696 79
      vertex 13.5176 -30.4319 79
    endloop
  endfacet
  facet normal 0.138882 -0.627362 0.766243
    outer loop
      vertex 13.3473 -30.4696 79
      vertex 11.5176 -28.4319 81
      vertex 11.3473 -28.4696 81
    endloop
  endfacet
  facet normal 0.887207 -0.461371 0
    outer loop
      vertex 14.7321 -29.5 79
      vertex 14.8126 -29.3452 53
      vertex 14.8126 -29.3452 79
    endloop
  endfacet
  facet normal 0.887207 -0.461371 0
    outer loop
      vertex 14.8126 -29.3452 53
      vertex 14.7321 -29.5 79
      vertex 14.7321 -29.5 53
    endloop
  endfacet
  facet normal -0.494675 -0.315221 0.809896
    outer loop
      vertex -14.7321 -29.5 79
      vertex -12.6383 -27.6472 81
      vertex -12.7321 -27.5 81
    endloop
  endfacet
  facet normal -0.494675 -0.315221 0.809896
    outer loop
      vertex -12.6383 -27.6472 81
      vertex -14.7321 -29.5 79
      vertex -14.6383 -29.6472 79
    endloop
  endfacet
  facet normal -0.315221 0.494675 0.809896
    outer loop
      vertex -14 -20.7679 79
      vertex -12.1472 -22.8617 81
      vertex -12 -22.7679 81
    endloop
  endfacet
  facet normal -0.315221 0.494675 0.809896
    outer loop
      vertex -12.1472 -22.8617 81
      vertex -14 -20.7679 79
      vertex -14.1472 -20.8617 79
    endloop
  endfacet
  facet normal -0.187545 0.594428 0.781973
    outer loop
      vertex -13.5176 -20.5681 79
      vertex -11.684 -22.6206 81
      vertex -11.5176 -22.5681 81
    endloop
  endfacet
  facet normal -0.187545 0.594428 0.781973
    outer loop
      vertex -11.684 -22.6206 81
      vertex -13.5176 -20.5681 79
      vertex -13.684 -20.6206 79
    endloop
  endfacet
  facet normal -0.232664 -0.561459 0.794123
    outer loop
      vertex -11.8452 -28.3126 81
      vertex -13.684 -30.3794 79
      vertex -11.684 -28.3794 81
    endloop
  endfacet
  facet normal -0.232664 -0.561459 0.794123
    outer loop
      vertex -13.684 -30.3794 79
      vertex -11.8452 -28.3126 81
      vertex -13.8452 -30.3126 79
    endloop
  endfacet
  facet normal 0.216141 0.976362 -0
    outer loop
      vertex 13.5176 -20.5681 3
      vertex 13.3473 -20.5304 79
      vertex 13.5176 -20.5681 79
    endloop
  endfacet
  facet normal 0.216141 0.976362 0
    outer loop
      vertex 13.3473 -20.5304 79
      vertex 13.5176 -20.5681 3
      vertex 13.3473 -20.5304 3
    endloop
  endfacet
  facet normal -0.737107 0.675777 0
    outer loop
      vertex -14.5321 -21.2144 3
      vertex -14.4142 -21.0858 79
      vertex -14.4142 -21.0858 3
    endloop
  endfacet
  facet normal -0.737107 0.675777 0
    outer loop
      vertex -14.4142 -21.0858 79
      vertex -14.5321 -21.2144 3
      vertex -14.5321 -21.2144 79
    endloop
  endfacet
  facet normal 0.390405 0.425836 0.81624
    outer loop
      vertex 14.2856 -20.9679 79
      vertex 12.4142 -23.0858 81
      vertex 14.4142 -21.0858 79
    endloop
  endfacet
  facet normal 0.390405 0.425836 0.81624
    outer loop
      vertex 12.4142 -23.0858 81
      vertex 14.2856 -20.9679 79
      vertex 12.2856 -22.9679 81
    endloop
  endfacet
  facet normal 0.887207 0.461371 0
    outer loop
      vertex 14.8126 -21.6548 79
      vertex 14.7321 -21.5 3
      vertex 14.7321 -21.5 79
    endloop
  endfacet
  facet normal 0.887207 0.461371 0
    outer loop
      vertex 14.7321 -21.5 3
      vertex 14.8126 -21.6548 79
      vertex 14.8126 -21.6548 3
    endloop
  endfacet
  facet normal 0.0869327 0.659621 0.746554
    outer loop
      vertex 13.1743 -20.5076 79
      vertex 11.3473 -22.5304 81
      vertex 13.3473 -20.5304 79
    endloop
  endfacet
  facet normal 0.0869327 0.659621 0.746554
    outer loop
      vertex 11.3473 -22.5304 81
      vertex 13.1743 -20.5076 79
      vertex 11.1743 -22.5076 81
    endloop
  endfacet
  facet normal 0.52845 -0.274807 0.803257
    outer loop
      vertex 12.7321 -27.5 81
      vertex 14.8126 -29.3452 79
      vertex 12.8126 -27.3452 81
    endloop
  endfacet
  facet normal 0.52845 -0.274807 0.803257
    outer loop
      vertex 14.8126 -29.3452 79
      vertex 12.7321 -27.5 81
      vertex 14.7321 -29.5 79
    endloop
  endfacet
  facet normal 0.953661 -0.300885 0
    outer loop
      vertex 14.8794 -29.184 79
      vertex 14.9319 -29.0176 53
      vertex 14.9319 -29.0176 79
    endloop
  endfacet
  facet normal 0.953661 -0.300885 0
    outer loop
      vertex 14.9319 -29.0176 53
      vertex 14.8794 -29.184 79
      vertex 14.8794 -29.184 53
    endloop
  endfacet
  facet normal 0.315221 0.494675 0.809896
    outer loop
      vertex 14 -20.7679 79
      vertex 12.1472 -22.8617 81
      vertex 14.1472 -20.8617 79
    endloop
  endfacet
  facet normal 0.315221 0.494675 0.809896
    outer loop
      vertex 12.1472 -22.8617 81
      vertex 14 -20.7679 79
      vertex 12 -22.7679 81
    endloop
  endfacet
  facet normal 0.793348 0.608768 0
    outer loop
      vertex 14.6383 -21.3528 79
      vertex 14.5321 -21.2144 3
      vertex 14.5321 -21.2144 79
    endloop
  endfacet
  facet normal 0.793348 0.608768 0
    outer loop
      vertex 14.5321 -21.2144 3
      vertex 14.6383 -21.3528 79
      vertex 14.6383 -21.3528 3
    endloop
  endfacet
  facet normal 0.460663 -0.353486 0.814148
    outer loop
      vertex 12.5321 -27.7856 81
      vertex 14.6383 -29.6472 79
      vertex 12.6383 -27.6472 81
    endloop
  endfacet
  facet normal 0.460663 -0.353486 0.814148
    outer loop
      vertex 14.6383 -29.6472 79
      vertex 12.5321 -27.7856 81
      vertex 14.5321 -29.7856 79
    endloop
  endfacet
  facet normal -0.461371 0.887207 0
    outer loop
      vertex -13.8452 -20.6874 3
      vertex -14 -20.7679 79
      vertex -13.8452 -20.6874 79
    endloop
  endfacet
  facet normal -0.461371 0.887207 0
    outer loop
      vertex -14 -20.7679 79
      vertex -13.8452 -20.6874 3
      vertex -14 -20.7679 3
    endloop
  endfacet
  facet normal 0.315221 -0.494675 0.809896
    outer loop
      vertex 12.1472 -28.1383 81
      vertex 14 -30.2321 79
      vertex 14.1472 -30.1383 79
    endloop
  endfacet
  facet normal 0.315221 -0.494675 0.809896
    outer loop
      vertex 14 -30.2321 79
      vertex 12.1472 -28.1383 81
      vertex 12 -28.2321 81
    endloop
  endfacet
  facet normal -0.976362 -0.216141 0
    outer loop
      vertex -14.9319 -29.0176 53
      vertex -14.9696 -28.8473 79
      vertex -14.9696 -28.8473 53
    endloop
  endfacet
  facet normal -0.976362 -0.216141 0
    outer loop
      vertex -14.9696 -28.8473 79
      vertex -14.9319 -29.0176 53
      vertex -14.9319 -29.0176 79
    endloop
  endfacet
  facet normal 0.561459 0.232664 0.794123
    outer loop
      vertex 12.8126 -23.6548 81
      vertex 14.8794 -21.816 79
      vertex 14.8126 -21.6548 79
    endloop
  endfacet
  facet normal 0.561459 0.232664 0.794123
    outer loop
      vertex 14.8794 -21.816 79
      vertex 12.8126 -23.6548 81
      vertex 12.8794 -23.816 81
    endloop
  endfacet
  facet normal 0.659621 0.0869327 0.746554
    outer loop
      vertex 12.9696 -24.1527 81
      vertex 14.9924 -22.3257 79
      vertex 14.9696 -22.1527 79
    endloop
  endfacet
  facet normal 0.659621 0.0869327 0.746554
    outer loop
      vertex 14.9924 -22.3257 79
      vertex 12.9696 -24.1527 81
      vertex 12.9924 -24.3257 81
    endloop
  endfacet
  facet normal -0.561459 0.232664 0.794123
    outer loop
      vertex -14.8794 -21.816 79
      vertex -12.8126 -23.6548 81
      vertex -14.8126 -21.6548 79
    endloop
  endfacet
  facet normal -0.561459 0.232664 0.794123
    outer loop
      vertex -12.8126 -23.6548 81
      vertex -14.8794 -21.816 79
      vertex -12.8794 -23.816 81
    endloop
  endfacet
  facet normal 0.953661 0.300885 0
    outer loop
      vertex 14.9319 -21.9824 79
      vertex 14.8794 -21.816 3
      vertex 14.8794 -21.816 79
    endloop
  endfacet
  facet normal 0.953661 0.300885 0
    outer loop
      vertex 14.8794 -21.816 3
      vertex 14.9319 -21.9824 79
      vertex 14.9319 -21.9824 3
    endloop
  endfacet
  facet normal 0.608768 -0.793348 0
    outer loop
      vertex 14.1472 -30.1383 53
      vertex 14.2856 -30.0321 79
      vertex 14.1472 -30.1383 79
    endloop
  endfacet
  facet normal 0.608768 -0.793348 0
    outer loop
      vertex 14.2856 -30.0321 79
      vertex 14.1472 -30.1383 53
      vertex 14.2856 -30.0321 53
    endloop
  endfacet
  facet normal 0.0301535 -0.691548 0.721701
    outer loop
      vertex 11.1743 -28.4924 81
      vertex 13 -30.5 79
      vertex 13.1743 -30.4924 79
    endloop
  endfacet
  facet normal 0.0301535 -0.691548 0.721701
    outer loop
      vertex 13 -30.5 79
      vertex 11.1743 -28.4924 81
      vertex 11 -28.5 81
    endloop
  endfacet
  facet normal 0.0869327 -0.659621 0.746554
    outer loop
      vertex 11.3473 -28.4696 81
      vertex 13.1743 -30.4924 79
      vertex 13.3473 -30.4696 79
    endloop
  endfacet
  facet normal 0.0869327 -0.659621 0.746554
    outer loop
      vertex 13.1743 -30.4924 79
      vertex 11.3473 -28.4696 81
      vertex 11.1743 -28.4924 81
    endloop
  endfacet
  facet normal -0.991427 0.130662 0
    outer loop
      vertex -14.9924 -22.3257 3
      vertex -14.9696 -22.1527 79
      vertex -14.9696 -22.1527 3
    endloop
  endfacet
  facet normal -0.991427 0.130662 0
    outer loop
      vertex -14.9696 -22.1527 79
      vertex -14.9924 -22.3257 3
      vertex -14.9924 -22.3257 79
    endloop
  endfacet
  facet normal -0.382824 -0.923821 0
    outer loop
      vertex -13.8452 -30.3126 53
      vertex -13.684 -30.3794 79
      vertex -13.8452 -30.3126 79
    endloop
  endfacet
  facet normal -0.382824 -0.923821 -0
    outer loop
      vertex -13.684 -30.3794 79
      vertex -13.8452 -30.3126 53
      vertex -13.684 -30.3794 53
    endloop
  endfacet
  facet normal 0.232664 0.561459 0.794123
    outer loop
      vertex 13.684 -20.6206 79
      vertex 11.8452 -22.6874 81
      vertex 13.8452 -20.6874 79
    endloop
  endfacet
  facet normal 0.232664 0.561459 0.794123
    outer loop
      vertex 11.8452 -22.6874 81
      vertex 13.684 -20.6206 79
      vertex 11.684 -22.6206 81
    endloop
  endfacet
  facet normal -0.390405 -0.425836 0.81624
    outer loop
      vertex -12.4142 -27.9142 81
      vertex -14.2856 -30.0321 79
      vertex -12.2856 -28.0321 81
    endloop
  endfacet
  facet normal -0.390405 -0.425836 0.81624
    outer loop
      vertex -14.2856 -30.0321 79
      vertex -12.4142 -27.9142 81
      vertex -14.4142 -29.9142 79
    endloop
  endfacet
  facet normal 0.300885 -0.953661 0
    outer loop
      vertex 13.5176 -30.4319 53
      vertex 13.684 -30.3794 79
      vertex 13.5176 -30.4319 79
    endloop
  endfacet
  facet normal 0.300885 -0.953661 0
    outer loop
      vertex 13.684 -30.3794 79
      vertex 13.5176 -30.4319 53
      vertex 13.684 -30.3794 53
    endloop
  endfacet
  facet normal 0.187545 0.594428 0.781973
    outer loop
      vertex 13.5176 -20.5681 79
      vertex 11.684 -22.6206 81
      vertex 13.684 -20.6206 79
    endloop
  endfacet
  facet normal 0.187545 0.594428 0.781973
    outer loop
      vertex 11.684 -22.6206 81
      vertex 13.5176 -20.5681 79
      vertex 11.5176 -22.5681 81
    endloop
  endfacet
  facet normal 0.594428 0.187545 0.781973
    outer loop
      vertex 12.8794 -23.816 81
      vertex 14.9319 -21.9824 79
      vertex 14.8794 -21.816 79
    endloop
  endfacet
  facet normal 0.594428 0.187545 0.781973
    outer loop
      vertex 14.9319 -21.9824 79
      vertex 12.8794 -23.816 81
      vertex 12.9319 -23.9824 81
    endloop
  endfacet
  facet normal 0.561459 -0.232664 0.794123
    outer loop
      vertex 12.8126 -27.3452 81
      vertex 14.8794 -29.184 79
      vertex 12.8794 -27.184 81
    endloop
  endfacet
  facet normal 0.561459 -0.232664 0.794123
    outer loop
      vertex 14.8794 -29.184 79
      vertex 12.8126 -27.3452 81
      vertex 14.8126 -29.3452 79
    endloop
  endfacet
  facet normal 0.537394 -0.843331 0
    outer loop
      vertex 14 -30.2321 53
      vertex 14.1472 -30.1383 79
      vertex 14 -30.2321 79
    endloop
  endfacet
  facet normal 0.537394 -0.843331 0
    outer loop
      vertex 14.1472 -30.1383 79
      vertex 14 -30.2321 53
      vertex 14.1472 -30.1383 53
    endloop
  endfacet
  facet normal -0.737107 -0.675777 0
    outer loop
      vertex -14.4142 -29.9142 53
      vertex -14.5321 -29.7856 79
      vertex -14.5321 -29.7856 53
    endloop
  endfacet
  facet normal -0.737107 -0.675777 0
    outer loop
      vertex -14.5321 -29.7856 79
      vertex -14.4142 -29.9142 53
      vertex -14.4142 -29.9142 79
    endloop
  endfacet
  facet normal 0.187545 -0.594428 0.781973
    outer loop
      vertex 11.684 -28.3794 81
      vertex 13.5176 -30.4319 79
      vertex 13.684 -30.3794 79
    endloop
  endfacet
  facet normal 0.187545 -0.594428 0.781973
    outer loop
      vertex 13.5176 -30.4319 79
      vertex 11.684 -28.3794 81
      vertex 11.5176 -28.4319 81
    endloop
  endfacet
  facet normal 0.232664 -0.561459 0.794123
    outer loop
      vertex 11.8452 -28.3126 81
      vertex 13.684 -30.3794 79
      vertex 13.8452 -30.3126 79
    endloop
  endfacet
  facet normal 0.232664 -0.561459 0.794123
    outer loop
      vertex 13.684 -30.3794 79
      vertex 11.8452 -28.3126 81
      vertex 11.684 -28.3794 81
    endloop
  endfacet
  facet normal 0.675777 -0.737107 0
    outer loop
      vertex 14.2856 -30.0321 53
      vertex 14.4142 -29.9142 79
      vertex 14.2856 -30.0321 79
    endloop
  endfacet
  facet normal 0.675777 -0.737107 0
    outer loop
      vertex 14.4142 -29.9142 79
      vertex 14.2856 -30.0321 53
      vertex 14.4142 -29.9142 53
    endloop
  endfacet
  facet normal -0.659621 -0.0869327 0.746554
    outer loop
      vertex -14.9924 -28.6743 79
      vertex -12.9696 -26.8473 81
      vertex -12.9924 -26.6743 81
    endloop
  endfacet
  facet normal -0.659621 -0.0869327 0.746554
    outer loop
      vertex -12.9696 -26.8473 81
      vertex -14.9924 -28.6743 79
      vertex -14.9696 -28.8473 79
    endloop
  endfacet
  facet normal 0.461371 -0.887207 0
    outer loop
      vertex 13.8452 -30.3126 53
      vertex 14 -30.2321 79
      vertex 13.8452 -30.3126 79
    endloop
  endfacet
  facet normal 0.461371 -0.887207 0
    outer loop
      vertex 14 -30.2321 79
      vertex 13.8452 -30.3126 53
      vertex 14 -30.2321 53
    endloop
  endfacet
  facet normal 0.843331 -0.537394 0
    outer loop
      vertex 14.6383 -29.6472 79
      vertex 14.7321 -29.5 53
      vertex 14.7321 -29.5 79
    endloop
  endfacet
  facet normal 0.843331 -0.537394 0
    outer loop
      vertex 14.7321 -29.5 53
      vertex 14.6383 -29.6472 79
      vertex 14.6383 -29.6472 53
    endloop
  endfacet
  facet normal 0.923821 -0.382824 0
    outer loop
      vertex 14.8126 -29.3452 79
      vertex 14.8794 -29.184 53
      vertex 14.8794 -29.184 79
    endloop
  endfacet
  facet normal 0.923821 -0.382824 0
    outer loop
      vertex 14.8794 -29.184 53
      vertex 14.8126 -29.3452 79
      vertex 14.8126 -29.3452 53
    endloop
  endfacet
  facet normal -0.627362 -0.138882 0.766243
    outer loop
      vertex -14.9696 -28.8473 79
      vertex -12.9319 -27.0176 81
      vertex -12.9696 -26.8473 81
    endloop
  endfacet
  facet normal -0.627362 -0.138882 0.766243
    outer loop
      vertex -12.9319 -27.0176 81
      vertex -14.9696 -28.8473 79
      vertex -14.9319 -29.0176 79
    endloop
  endfacet
  facet normal 0.300885 0.953661 -0
    outer loop
      vertex 13.684 -20.6206 3
      vertex 13.5176 -20.5681 79
      vertex 13.684 -20.6206 79
    endloop
  endfacet
  facet normal 0.300885 0.953661 0
    outer loop
      vertex 13.5176 -20.5681 79
      vertex 13.684 -20.6206 3
      vertex 13.5176 -20.5681 3
    endloop
  endfacet
  facet normal 0.460663 0.353486 0.814148
    outer loop
      vertex 12.5321 -23.2144 81
      vertex 14.6383 -21.3528 79
      vertex 14.5321 -21.2144 79
    endloop
  endfacet
  facet normal 0.460663 0.353486 0.814148
    outer loop
      vertex 14.6383 -21.3528 79
      vertex 12.5321 -23.2144 81
      vertex 12.6383 -23.3528 81
    endloop
  endfacet
  facet normal -0.691548 0.0301535 0.721701
    outer loop
      vertex -15 -22.5 79
      vertex -12.9924 -24.3257 81
      vertex -14.9924 -22.3257 79
    endloop
  endfacet
  facet normal -0.691548 0.0301535 0.721701
    outer loop
      vertex -12.9924 -24.3257 81
      vertex -15 -22.5 79
      vertex -13 -24.5 81
    endloop
  endfacet
  facet normal -0.561459 -0.232664 0.794123
    outer loop
      vertex -14.8794 -29.184 79
      vertex -12.8126 -27.3452 81
      vertex -12.8794 -27.184 81
    endloop
  endfacet
  facet normal -0.561459 -0.232664 0.794123
    outer loop
      vertex -12.8126 -27.3452 81
      vertex -14.8794 -29.184 79
      vertex -14.8126 -29.3452 79
    endloop
  endfacet
  facet normal 0.494675 0.315221 0.809896
    outer loop
      vertex 12.6383 -23.3528 81
      vertex 14.7321 -21.5 79
      vertex 14.6383 -21.3528 79
    endloop
  endfacet
  facet normal 0.494675 0.315221 0.809896
    outer loop
      vertex 14.7321 -21.5 79
      vertex 12.6383 -23.3528 81
      vertex 12.7321 -23.5 81
    endloop
  endfacet
  facet normal 0.976362 0.216141 0
    outer loop
      vertex 14.9696 -22.1527 79
      vertex 14.9319 -21.9824 3
      vertex 14.9319 -21.9824 79
    endloop
  endfacet
  facet normal 0.976362 0.216141 0
    outer loop
      vertex 14.9319 -21.9824 3
      vertex 14.9696 -22.1527 79
      vertex 14.9696 -22.1527 3
    endloop
  endfacet
  facet normal 0.390405 -0.425836 0.81624
    outer loop
      vertex 12.4142 -27.9142 81
      vertex 14.2856 -30.0321 79
      vertex 14.4142 -29.9142 79
    endloop
  endfacet
  facet normal 0.390405 -0.425836 0.81624
    outer loop
      vertex 14.2856 -30.0321 79
      vertex 12.4142 -27.9142 81
      vertex 12.2856 -28.0321 81
    endloop
  endfacet
  facet normal -0.976362 0.216141 0
    outer loop
      vertex -14.9696 -22.1527 3
      vertex -14.9319 -21.9824 79
      vertex -14.9319 -21.9824 3
    endloop
  endfacet
  facet normal -0.976362 0.216141 0
    outer loop
      vertex -14.9319 -21.9824 79
      vertex -14.9696 -22.1527 3
      vertex -14.9696 -22.1527 79
    endloop
  endfacet
  facet normal -0.138882 0.627362 0.766243
    outer loop
      vertex -13.3473 -20.5304 79
      vertex -11.5176 -22.5681 81
      vertex -11.3473 -22.5304 81
    endloop
  endfacet
  facet normal -0.138882 0.627362 0.766243
    outer loop
      vertex -11.5176 -22.5681 81
      vertex -13.3473 -20.5304 79
      vertex -13.5176 -20.5681 79
    endloop
  endfacet
  facet normal -0.0869327 0.659621 0.746554
    outer loop
      vertex -13.1743 -20.5076 79
      vertex -11.3473 -22.5304 81
      vertex -11.1743 -22.5076 81
    endloop
  endfacet
  facet normal -0.0869327 0.659621 0.746554
    outer loop
      vertex -11.3473 -22.5304 81
      vertex -13.1743 -20.5076 79
      vertex -13.3473 -20.5304 79
    endloop
  endfacet
  facet normal -0.707107 0 0.707107
    outer loop
      vertex -15 -22.5 79
      vertex -13 -26.5 81
      vertex -13 -24.5 81
    endloop
  endfacet
  facet normal -0.707107 0 0.707107
    outer loop
      vertex -13 -26.5 81
      vertex -15 -22.5 79
      vertex -15 -28.5 79
    endloop
  endfacet
  facet normal -0.594428 0.187545 0.781973
    outer loop
      vertex -14.9319 -21.9824 79
      vertex -12.8794 -23.816 81
      vertex -14.8794 -21.816 79
    endloop
  endfacet
  facet normal -0.594428 0.187545 0.781973
    outer loop
      vertex -12.8794 -23.816 81
      vertex -14.9319 -21.9824 79
      vertex -12.9319 -23.9824 81
    endloop
  endfacet
  facet normal -0.999051 -0.0435616 0
    outer loop
      vertex -14.9924 -28.6743 53
      vertex -15 -28.5 79
      vertex -15 -28.5 53
    endloop
  endfacet
  facet normal -0.999051 -0.0435616 0
    outer loop
      vertex -15 -28.5 79
      vertex -14.9924 -28.6743 53
      vertex -14.9924 -28.6743 79
    endloop
  endfacet
  facet normal -0.594428 -0.187545 0.781973
    outer loop
      vertex -14.9319 -29.0176 79
      vertex -12.8794 -27.184 81
      vertex -12.9319 -27.0176 81
    endloop
  endfacet
  facet normal -0.594428 -0.187545 0.781973
    outer loop
      vertex -12.8794 -27.184 81
      vertex -14.9319 -29.0176 79
      vertex -14.8794 -29.184 79
    endloop
  endfacet
  facet normal -0.353486 0.460663 0.814148
    outer loop
      vertex -14.1472 -20.8617 79
      vertex -12.2856 -22.9679 81
      vertex -12.1472 -22.8617 81
    endloop
  endfacet
  facet normal -0.353486 0.460663 0.814148
    outer loop
      vertex -12.2856 -22.9679 81
      vertex -14.1472 -20.8617 79
      vertex -14.2856 -20.9679 79
    endloop
  endfacet
  facet normal -0.0869327 -0.659621 0.746554
    outer loop
      vertex -11.3473 -28.4696 81
      vertex -13.1743 -30.4924 79
      vertex -11.1743 -28.4924 81
    endloop
  endfacet
  facet normal -0.0869327 -0.659621 0.746554
    outer loop
      vertex -13.1743 -30.4924 79
      vertex -11.3473 -28.4696 81
      vertex -13.3473 -30.4696 79
    endloop
  endfacet
  facet normal -0.52845 0.274807 0.803257
    outer loop
      vertex -14.8126 -21.6548 79
      vertex -12.7321 -23.5 81
      vertex -14.7321 -21.5 79
    endloop
  endfacet
  facet normal -0.52845 0.274807 0.803257
    outer loop
      vertex -12.7321 -23.5 81
      vertex -14.8126 -21.6548 79
      vertex -12.8126 -23.6548 81
    endloop
  endfacet
  facet normal -0.627362 0.138882 0.766243
    outer loop
      vertex -14.9696 -22.1527 79
      vertex -12.9319 -23.9824 81
      vertex -14.9319 -21.9824 79
    endloop
  endfacet
  facet normal -0.627362 0.138882 0.766243
    outer loop
      vertex -12.9319 -23.9824 81
      vertex -14.9696 -22.1527 79
      vertex -12.9696 -24.1527 81
    endloop
  endfacet
  facet normal 0.353486 0.460663 0.814148
    outer loop
      vertex 14.1472 -20.8617 79
      vertex 12.2856 -22.9679 81
      vertex 14.2856 -20.9679 79
    endloop
  endfacet
  facet normal 0.353486 0.460663 0.814148
    outer loop
      vertex 12.2856 -22.9679 81
      vertex 14.1472 -20.8617 79
      vertex 12.1472 -22.8617 81
    endloop
  endfacet
  facet normal 0.991427 -0.130662 0
    outer loop
      vertex 14.9696 -28.8473 79
      vertex 14.9924 -28.6743 53
      vertex 14.9924 -28.6743 79
    endloop
  endfacet
  facet normal 0.991427 -0.130662 0
    outer loop
      vertex 14.9924 -28.6743 53
      vertex 14.9696 -28.8473 79
      vertex 14.9696 -28.8473 53
    endloop
  endfacet
  facet normal -0.675777 -0.737107 0
    outer loop
      vertex -14.4142 -29.9142 53
      vertex -14.2856 -30.0321 79
      vertex -14.4142 -29.9142 79
    endloop
  endfacet
  facet normal -0.675777 -0.737107 -0
    outer loop
      vertex -14.2856 -30.0321 79
      vertex -14.4142 -29.9142 53
      vertex -14.2856 -30.0321 53
    endloop
  endfacet
  facet normal -0.0435616 -0.999051 0
    outer loop
      vertex -13.1743 -30.4924 53
      vertex -13 -30.5 79
      vertex -13.1743 -30.4924 79
    endloop
  endfacet
  facet normal -0.0435616 -0.999051 -0
    outer loop
      vertex -13 -30.5 79
      vertex -13.1743 -30.4924 53
      vertex -13 -30.5 53
    endloop
  endfacet
  facet normal -0.274807 0.52845 0.803257
    outer loop
      vertex -13.8452 -20.6874 79
      vertex -12 -22.7679 81
      vertex -11.8452 -22.6874 81
    endloop
  endfacet
  facet normal -0.274807 0.52845 0.803257
    outer loop
      vertex -12 -22.7679 81
      vertex -13.8452 -20.6874 79
      vertex -14 -20.7679 79
    endloop
  endfacet
  facet normal -0.232664 0.561459 0.794123
    outer loop
      vertex -13.684 -20.6206 79
      vertex -11.8452 -22.6874 81
      vertex -11.684 -22.6206 81
    endloop
  endfacet
  facet normal -0.232664 0.561459 0.794123
    outer loop
      vertex -11.8452 -22.6874 81
      vertex -13.684 -20.6206 79
      vertex -13.8452 -20.6874 79
    endloop
  endfacet
  facet normal 0.216141 -0.976362 0
    outer loop
      vertex 13.3473 -30.4696 53
      vertex 13.5176 -30.4319 79
      vertex 13.3473 -30.4696 79
    endloop
  endfacet
  facet normal 0.216141 -0.976362 0
    outer loop
      vertex 13.5176 -30.4319 79
      vertex 13.3473 -30.4696 53
      vertex 13.5176 -30.4319 53
    endloop
  endfacet
  facet normal -0.425836 -0.390405 0.81624
    outer loop
      vertex -14.5321 -29.7856 79
      vertex -12.4142 -27.9142 81
      vertex -12.5321 -27.7856 81
    endloop
  endfacet
  facet normal -0.425836 -0.390405 0.81624
    outer loop
      vertex -12.4142 -27.9142 81
      vertex -14.5321 -29.7856 79
      vertex -14.4142 -29.9142 79
    endloop
  endfacet
  facet normal -0.390405 0.425836 0.81624
    outer loop
      vertex -14.2856 -20.9679 79
      vertex -12.4142 -23.0858 81
      vertex -12.2856 -22.9679 81
    endloop
  endfacet
  facet normal -0.390405 0.425836 0.81624
    outer loop
      vertex -12.4142 -23.0858 81
      vertex -14.2856 -20.9679 79
      vertex -14.4142 -21.0858 79
    endloop
  endfacet
  facet normal -0.608768 0.793348 0
    outer loop
      vertex -14.1472 -20.8617 3
      vertex -14.2856 -20.9679 79
      vertex -14.1472 -20.8617 79
    endloop
  endfacet
  facet normal -0.608768 0.793348 0
    outer loop
      vertex -14.2856 -20.9679 79
      vertex -14.1472 -20.8617 3
      vertex -14.2856 -20.9679 3
    endloop
  endfacet
  facet normal -0.675777 0.737107 0
    outer loop
      vertex -14.2856 -20.9679 3
      vertex -14.4142 -21.0858 79
      vertex -14.2856 -20.9679 79
    endloop
  endfacet
  facet normal -0.675777 0.737107 0
    outer loop
      vertex -14.4142 -21.0858 79
      vertex -14.2856 -20.9679 3
      vertex -14.4142 -21.0858 3
    endloop
  endfacet
  facet normal -0.130662 0.991427 0
    outer loop
      vertex -13.1743 -20.5076 3
      vertex -13.3473 -20.5304 79
      vertex -13.1743 -20.5076 79
    endloop
  endfacet
  facet normal -0.130662 0.991427 0
    outer loop
      vertex -13.3473 -20.5304 79
      vertex -13.1743 -20.5076 3
      vertex -13.3473 -20.5304 3
    endloop
  endfacet
  facet normal -0.425836 0.390405 0.81624
    outer loop
      vertex -14.5321 -21.2144 79
      vertex -12.4142 -23.0858 81
      vertex -14.4142 -21.0858 79
    endloop
  endfacet
  facet normal -0.425836 0.390405 0.81624
    outer loop
      vertex -12.4142 -23.0858 81
      vertex -14.5321 -21.2144 79
      vertex -12.5321 -23.2144 81
    endloop
  endfacet
  facet normal -0.315221 -0.494675 0.809896
    outer loop
      vertex -12.1472 -28.1383 81
      vertex -14 -30.2321 79
      vertex -12 -28.2321 81
    endloop
  endfacet
  facet normal -0.315221 -0.494675 0.809896
    outer loop
      vertex -14 -30.2321 79
      vertex -12.1472 -28.1383 81
      vertex -14.1472 -30.1383 79
    endloop
  endfacet
  facet normal 0.52845 0.274807 0.803257
    outer loop
      vertex 12.7321 -23.5 81
      vertex 14.8126 -21.6548 79
      vertex 14.7321 -21.5 79
    endloop
  endfacet
  facet normal 0.52845 0.274807 0.803257
    outer loop
      vertex 14.8126 -21.6548 79
      vertex 12.7321 -23.5 81
      vertex 12.8126 -23.6548 81
    endloop
  endfacet
  facet normal -0.274807 -0.52845 0.803257
    outer loop
      vertex -12 -28.2321 81
      vertex -13.8452 -30.3126 79
      vertex -11.8452 -28.3126 81
    endloop
  endfacet
  facet normal -0.274807 -0.52845 0.803257
    outer loop
      vertex -13.8452 -30.3126 79
      vertex -12 -28.2321 81
      vertex -14 -30.2321 79
    endloop
  endfacet
  facet normal -0.138882 -0.627362 0.766243
    outer loop
      vertex -11.5176 -28.4319 81
      vertex -13.3473 -30.4696 79
      vertex -11.3473 -28.4696 81
    endloop
  endfacet
  facet normal -0.138882 -0.627362 0.766243
    outer loop
      vertex -13.3473 -30.4696 79
      vertex -11.5176 -28.4319 81
      vertex -13.5176 -30.4319 79
    endloop
  endfacet
  facet normal 0 -0.707107 0.707107
    outer loop
      vertex -13 -30.5 79
      vertex 11 -28.5 81
      vertex -11 -28.5 81
    endloop
  endfacet
  facet normal 0 -0.707107 0.707107
    outer loop
      vertex 11 -28.5 81
      vertex -13 -30.5 79
      vertex 13 -30.5 79
    endloop
  endfacet
  facet normal -0.494675 0.315221 0.809896
    outer loop
      vertex -14.7321 -21.5 79
      vertex -12.6383 -23.3528 81
      vertex -14.6383 -21.3528 79
    endloop
  endfacet
  facet normal -0.494675 0.315221 0.809896
    outer loop
      vertex -12.6383 -23.3528 81
      vertex -14.7321 -21.5 79
      vertex -12.7321 -23.5 81
    endloop
  endfacet
  facet normal 0.425836 0.390405 0.81624
    outer loop
      vertex 12.4142 -23.0858 81
      vertex 14.5321 -21.2144 79
      vertex 14.4142 -21.0858 79
    endloop
  endfacet
  facet normal 0.425836 0.390405 0.81624
    outer loop
      vertex 14.5321 -21.2144 79
      vertex 12.4142 -23.0858 81
      vertex 12.5321 -23.2144 81
    endloop
  endfacet
  facet normal -0.0301535 -0.691548 0.721701
    outer loop
      vertex -11.1743 -28.4924 81
      vertex -13 -30.5 79
      vertex -11 -28.5 81
    endloop
  endfacet
  facet normal -0.0301535 -0.691548 0.721701
    outer loop
      vertex -13 -30.5 79
      vertex -11.1743 -28.4924 81
      vertex -13.1743 -30.4924 79
    endloop
  endfacet
  facet normal -0.923821 0.382824 0
    outer loop
      vertex -14.8794 -21.816 3
      vertex -14.8126 -21.6548 79
      vertex -14.8126 -21.6548 3
    endloop
  endfacet
  facet normal -0.923821 0.382824 0
    outer loop
      vertex -14.8126 -21.6548 79
      vertex -14.8794 -21.816 3
      vertex -14.8794 -21.816 79
    endloop
  endfacet
  facet normal -0.460663 -0.353486 0.814148
    outer loop
      vertex -14.6383 -29.6472 79
      vertex -12.5321 -27.7856 81
      vertex -12.6383 -27.6472 81
    endloop
  endfacet
  facet normal -0.460663 -0.353486 0.814148
    outer loop
      vertex -12.5321 -27.7856 81
      vertex -14.6383 -29.6472 79
      vertex -14.5321 -29.7856 79
    endloop
  endfacet
  facet normal -0.353486 -0.460663 0.814148
    outer loop
      vertex -12.2856 -28.0321 81
      vertex -14.1472 -30.1383 79
      vertex -12.1472 -28.1383 81
    endloop
  endfacet
  facet normal -0.353486 -0.460663 0.814148
    outer loop
      vertex -14.1472 -30.1383 79
      vertex -12.2856 -28.0321 81
      vertex -14.2856 -30.0321 79
    endloop
  endfacet
  facet normal -0.187545 -0.594428 0.781973
    outer loop
      vertex -11.684 -28.3794 81
      vertex -13.5176 -30.4319 79
      vertex -11.5176 -28.4319 81
    endloop
  endfacet
  facet normal -0.187545 -0.594428 0.781973
    outer loop
      vertex -13.5176 -30.4319 79
      vertex -11.684 -28.3794 81
      vertex -13.684 -30.3794 79
    endloop
  endfacet
  facet normal -0.953661 0.300885 0
    outer loop
      vertex -14.9319 -21.9824 3
      vertex -14.8794 -21.816 79
      vertex -14.8794 -21.816 3
    endloop
  endfacet
  facet normal -0.953661 0.300885 0
    outer loop
      vertex -14.8794 -21.816 79
      vertex -14.9319 -21.9824 3
      vertex -14.9319 -21.9824 79
    endloop
  endfacet
  facet normal -0.300885 -0.953661 0
    outer loop
      vertex -13.684 -30.3794 53
      vertex -13.5176 -30.4319 79
      vertex -13.684 -30.3794 79
    endloop
  endfacet
  facet normal -0.300885 -0.953661 -0
    outer loop
      vertex -13.5176 -30.4319 79
      vertex -13.684 -30.3794 53
      vertex -13.5176 -30.4319 53
    endloop
  endfacet
  facet normal 0.66371 0 -0.74799
    outer loop
      vertex -25.1278 29.6273 44.2276
      vertex -25 30.5 44.341
      vertex -25 29.4974 44.341
    endloop
  endfacet
  facet normal 0.663856 -3.83903e-05 -0.74786
    outer loop
      vertex -25.2712 29.773 44.1003
      vertex -25 30.5 44.341
      vertex -25.1278 29.6273 44.2276
    endloop
  endfacet
  facet normal 0.663711 5.88604e-05 -0.74799
    outer loop
      vertex -25.4344 29.9203 43.9555
      vertex -25 30.5 44.341
      vertex -25.2712 29.773 44.1003
    endloop
  endfacet
  facet normal 0.663564 0.000255578 -0.74812
    outer loop
      vertex -25.5094 29.988 43.889
      vertex -25 30.5 44.341
      vertex -25.4344 29.9203 43.9555
    endloop
  endfacet
  facet normal 0.663731 -4.13278e-05 -0.747972
    outer loop
      vertex -25.5698 30.0353 43.8354
      vertex -25 30.5 44.341
      vertex -25.5094 29.988 43.889
    endloop
  endfacet
  facet normal 0.663705 1.5193e-05 -0.747995
    outer loop
      vertex -25.7233 30.1555 43.6992
      vertex -25 30.5 44.341
      vertex -25.5698 30.0353 43.8354
    endloop
  endfacet
  facet normal 0.663669 0.000148565 -0.748026
    outer loop
      vertex -25.8907 30.2656 43.5507
      vertex -25 30.5 44.341
      vertex -25.7233 30.1555 43.6992
    endloop
  endfacet
  facet normal 0.663744 -0.00035769 -0.74796
    outer loop
      vertex -25.9192 30.2843 43.5254
      vertex -25 30.5 44.341
      vertex -25.8907 30.2656 43.5507
    endloop
  endfacet
  facet normal 0.663731 -0.00026175 -0.747971
    outer loop
      vertex -26.0864 30.3724 43.377
      vertex -25 30.5 44.341
      vertex -25.9192 30.2843 43.5254
    endloop
  endfacet
  facet normal 0.663503 0.00316317 -0.748167
    outer loop
      vertex -26.102 30.3806 43.3632
      vertex -25 30.5 44.341
      vertex -26.0864 30.3724 43.377
    endloop
  endfacet
  facet normal 0.663553 0.00236069 -0.748126
    outer loop
      vertex -26.116 30.3861 43.3508
      vertex -25 30.5 44.341
      vertex -26.102 30.3806 43.3632
    endloop
  endfacet
  facet normal 0.663733 -0.000754631 -0.74797
    outer loop
      vertex -26.2755 30.4486 43.2092
      vertex -25 30.5 44.341
      vertex -26.116 30.3861 43.3508
    endloop
  endfacet
  facet normal 0.663702 0.000612866 -0.747997
    outer loop
      vertex -26.4429 30.4912 43.0607
      vertex -25 30.5 44.341
      vertex -26.2755 30.4486 43.2092
    endloop
  endfacet
  facet normal 0.663692 0.00275671 -0.748001
    outer loop
      vertex -25 30.5 44.341
      vertex -26.4429 30.4912 43.0607
      vertex -26.5198 30.5 42.9925
    endloop
  endfacet
  facet normal -0.663553 0.00236069 -0.748126
    outer loop
      vertex -25 30.5 44.341
      vertex -23.884 30.3861 43.3508
      vertex -23.898 30.3806 43.3632
    endloop
  endfacet
  facet normal -0.663731 -0.00026175 -0.747971
    outer loop
      vertex -25 30.5 44.341
      vertex -23.9136 30.3724 43.377
      vertex -24.0808 30.2843 43.5254
    endloop
  endfacet
  facet normal -0.663669 0.000148565 -0.748026
    outer loop
      vertex -25 30.5 44.341
      vertex -24.1093 30.2656 43.5507
      vertex -24.2767 30.1555 43.6992
    endloop
  endfacet
  facet normal -0.66371 -0 -0.74799
    outer loop
      vertex -25 30.5 44.341
      vertex -24.8722 29.6273 44.2276
      vertex -25 29.4974 44.341
    endloop
  endfacet
  facet normal -0.663692 0.00275671 -0.748001
    outer loop
      vertex -23.5571 30.4912 43.0607
      vertex -25 30.5 44.341
      vertex -23.4802 30.5 42.9925
    endloop
  endfacet
  facet normal -0.663702 0.000612866 -0.747997
    outer loop
      vertex -23.7245 30.4486 43.2092
      vertex -25 30.5 44.341
      vertex -23.5571 30.4912 43.0607
    endloop
  endfacet
  facet normal -0.663733 -0.000754631 -0.74797
    outer loop
      vertex -23.884 30.3861 43.3508
      vertex -25 30.5 44.341
      vertex -23.7245 30.4486 43.2092
    endloop
  endfacet
  facet normal -0.663503 0.00316317 -0.748167
    outer loop
      vertex -23.9136 30.3724 43.377
      vertex -25 30.5 44.341
      vertex -23.898 30.3806 43.3632
    endloop
  endfacet
  facet normal -0.663744 -0.00035769 -0.74796
    outer loop
      vertex -24.1093 30.2656 43.5507
      vertex -25 30.5 44.341
      vertex -24.0808 30.2843 43.5254
    endloop
  endfacet
  facet normal -0.663705 1.5193e-05 -0.747995
    outer loop
      vertex -24.4302 30.0353 43.8354
      vertex -25 30.5 44.341
      vertex -24.2767 30.1555 43.6992
    endloop
  endfacet
  facet normal -0.663731 -4.13278e-05 -0.747972
    outer loop
      vertex -24.4906 29.988 43.889
      vertex -25 30.5 44.341
      vertex -24.4302 30.0353 43.8354
    endloop
  endfacet
  facet normal -0.663564 0.000255578 -0.74812
    outer loop
      vertex -24.5656 29.9203 43.9555
      vertex -25 30.5 44.341
      vertex -24.4906 29.988 43.889
    endloop
  endfacet
  facet normal -0.663711 5.88604e-05 -0.74799
    outer loop
      vertex -24.7288 29.773 44.1003
      vertex -25 30.5 44.341
      vertex -24.5656 29.9203 43.9555
    endloop
  endfacet
  facet normal -0.663856 -3.83903e-05 -0.74786
    outer loop
      vertex -24.8722 29.6273 44.2276
      vertex -25 30.5 44.341
      vertex -24.7288 29.773 44.1003
    endloop
  endfacet
  facet normal -0.76883 -0.638574 0.0335194
    outer loop
      vertex -20 27.5 41
      vertex -22.4918 30.5 40.9986
      vertex -20.019 27.5 40.5642
    endloop
  endfacet
  facet normal -0.768108 -0.637965 0.0548649
    outer loop
      vertex -22.4918 30.5 40.9986
      vertex -20 27.5 41
      vertex -22.4917 30.5 41
    endloop
  endfacet
  facet normal -0.100549 -0.638563 0.762972
    outer loop
      vertex -24.5642 27.5 36.019
      vertex -24.5659 30.5 38.5296
      vertex -24.7814 30.5 38.5012
    endloop
  endfacet
  facet normal -0.294576 -0.638574 0.710948
    outer loop
      vertex -23.2899 27.5 36.3015
      vertex -23.9413 30.5 38.7262
      vertex -24.1421 30.5 38.643
    endloop
  endfacet
  facet normal 0.665624 -0.637324 0.388281
    outer loop
      vertex -29.5315 27.5 38.8869
      vertex -27.2726 30.5 39.9387
      vertex -27.2733 30.5 39.9399
    endloop
  endfacet
  facet normal 0.682618 -0.638569 0.355335
    outer loop
      vertex -27.2726 30.5 39.9387
      vertex -29.5315 27.5 38.8869
      vertex -29.3301 27.5 38.5
    endloop
  endfacet
  facet normal -0.355027 -0.638546 0.682799
    outer loop
      vertex -22.5 27.5 36.6699
      vertex -23.7458 30.5 38.8277
      vertex -23.9387 30.5 38.7274
    endloop
  endfacet
  facet normal 0.519924 -0.638559 -0.567382
    outer loop
      vertex -28.5355 27.5 44.5355
      vertex -26.7726 30.5 42.7746
      vertex -28.2139 27.5 44.8302
    endloop
  endfacet
  facet normal 0.543954 -0.638928 -0.543954
    outer loop
      vertex -26.7726 30.5 42.7746
      vertex -28.5355 27.5 44.5355
      vertex -26.7736 30.5 42.7736
    endloop
  endfacet
  facet normal 0.762972 -0.638563 -0.100549
    outer loop
      vertex -27.4988 30.5 41.2186
      vertex -27.4704 30.5 41.4341
      vertex -29.981 27.5 41.4358
    endloop
  endfacet
  facet normal -0.355335 -0.638569 0.682618
    outer loop
      vertex -23.9387 30.5 38.7274
      vertex -22.8869 27.5 36.4685
      vertex -22.5 27.5 36.6699
    endloop
  endfacet
  facet normal -0.388281 -0.637324 0.665624
    outer loop
      vertex -22.8869 27.5 36.4685
      vertex -23.9387 30.5 38.7274
      vertex -23.9399 30.5 38.7267
    endloop
  endfacet
  facet normal -0.166607 -0.638564 -0.751318
    outer loop
      vertex -24.2767 30.1555 43.6992
      vertex -23.7059 27.5 45.8296
      vertex -24.4302 30.0353 43.8354
    endloop
  endfacet
  facet normal -0.543954 -0.638928 0.543954
    outer loop
      vertex -23.2274 30.5 39.2254
      vertex -21.4645 27.5 37.4645
      vertex -23.2264 30.5 39.2264
    endloop
  endfacet
  facet normal -0.519924 -0.638559 0.567382
    outer loop
      vertex -21.4645 27.5 37.4645
      vertex -23.2274 30.5 39.2254
      vertex -21.7861 27.5 37.1698
    endloop
  endfacet
  facet normal 0.413342 -0.63857 -0.649135
    outer loop
      vertex -27.5 27.5 45.3301
      vertex -26.4429 30.4912 43.0607
      vertex -26.2755 30.4486 43.2092
    endloop
  endfacet
  facet normal 0.41339 -0.638567 -0.649108
    outer loop
      vertex -26.4429 30.4912 43.0607
      vertex -27.5 27.5 45.3301
      vertex -27.8679 27.5 45.0958
    endloop
  endfacet
  facet normal 0.100549 -0.638563 0.762972
    outer loop
      vertex -25.2186 30.5 38.5012
      vertex -25.4341 30.5 38.5296
      vertex -25.4358 27.5 36.019
    endloop
  endfacet
  facet normal 0.682799 -0.638546 -0.355027
    outer loop
      vertex -27.2726 30.5 42.0613
      vertex -27.1723 30.5 42.2542
      vertex -29.3301 27.5 43.5
    endloop
  endfacet
  facet normal -0.567368 -0.638557 -0.51994
    outer loop
      vertex -23.0785 30.5 42.6123
      vertex -21.1698 27.5 44.2139
      vertex -23.2254 30.5 42.7726
    endloop
  endfacet
  facet normal -0.567368 -0.638557 0.51994
    outer loop
      vertex -21.1698 27.5 37.7861
      vertex -23.0785 30.5 39.3877
      vertex -23.2254 30.5 39.2274
    endloop
  endfacet
  facet normal -0.543954 -0.638928 0.543954
    outer loop
      vertex -21.4645 27.5 37.4645
      vertex -23.2254 30.5 39.2274
      vertex -23.2264 30.5 39.2264
    endloop
  endfacet
  facet normal -0.567382 -0.638559 0.519924
    outer loop
      vertex -23.2254 30.5 39.2274
      vertex -21.4645 27.5 37.4645
      vertex -21.1698 27.5 37.7861
    endloop
  endfacet
  facet normal -0.76297 -0.638562 0.100577
    outer loop
      vertex -20.019 27.5 40.5642
      vertex -22.5298 30.5 40.5644
      vertex -20.076 27.5 40.1318
    endloop
  endfacet
  facet normal -0.762881 -0.638487 0.101717
    outer loop
      vertex -22.5298 30.5 40.5644
      vertex -20.019 27.5 40.5642
      vertex -22.5296 30.5 40.5659
    endloop
  endfacet
  facet normal 0.25943 -0.636423 0.726404
    outer loop
      vertex -25.8579 30.5 38.643
      vertex -26.2941 27.5 36.1704
      vertex -25.8565 30.5 38.6425
    endloop
  endfacet
  facet normal 0.231308 -0.638574 0.733975
    outer loop
      vertex -26.2941 27.5 36.1704
      vertex -25.8579 30.5 38.643
      vertex -26.7101 27.5 36.3015
    endloop
  endfacet
  facet normal 0.567382 -0.638559 0.519924
    outer loop
      vertex -28.5355 27.5 37.4645
      vertex -26.7746 30.5 39.2274
      vertex -28.8302 27.5 37.7861
    endloop
  endfacet
  facet normal 0.543954 -0.638928 0.543954
    outer loop
      vertex -26.7746 30.5 39.2274
      vertex -28.5355 27.5 37.4645
      vertex -26.7736 30.5 39.2264
    endloop
  endfacet
  facet normal -0.0332745 -0.638559 0.768854
    outer loop
      vertex -24.5642 27.5 36.019
      vertex -24.7814 30.5 38.5012
      vertex -24.9986 30.5 38.4918
    endloop
  endfacet
  facet normal -0.734007 -0.638572 0.231214
    outer loop
      vertex -20.1704 27.5 39.7059
      vertex -22.5772 30.5 40.3508
      vertex -22.6425 30.5 40.1435
    endloop
  endfacet
  facet normal -0.648961 -0.63855 -0.413647
    outer loop
      vertex -20.6699 27.5 43.5
      vertex -22.9453 30.5 42.4387
      vertex -22.8277 30.5 42.2542
    endloop
  endfacet
  facet normal -0.649107 -0.638569 -0.413389
    outer loop
      vertex -22.9453 30.5 42.4387
      vertex -20.6699 27.5 43.5
      vertex -20.9042 27.5 43.8679
    endloop
  endfacet
  facet normal -0.166533 -0.638557 -0.75134
    outer loop
      vertex -24.4906 29.988 43.889
      vertex -23.7059 27.5 45.8296
      vertex -24.1318 27.5 45.924
    endloop
  endfacet
  facet normal -0.166651 -0.638567 -0.751305
    outer loop
      vertex -23.7059 27.5 45.8296
      vertex -24.4906 29.988 43.889
      vertex -24.4302 30.0353 43.8354
    endloop
  endfacet
  facet normal -0.41339 -0.638567 -0.649108
    outer loop
      vertex -22.5 27.5 45.3301
      vertex -23.5571 30.4912 43.0607
      vertex -22.1321 27.5 45.0958
    endloop
  endfacet
  facet normal -0.413342 -0.63857 -0.649135
    outer loop
      vertex -23.5571 30.4912 43.0607
      vertex -22.5 27.5 45.3301
      vertex -23.7245 30.4486 43.2092
    endloop
  endfacet
  facet normal -0.51994 -0.638557 0.567368
    outer loop
      vertex -21.7861 27.5 37.1698
      vertex -23.2274 30.5 39.2254
      vertex -23.3877 30.5 39.0785
    endloop
  endfacet
  facet normal 0.51994 -0.638557 0.567368
    outer loop
      vertex -26.6123 30.5 39.0785
      vertex -26.7726 30.5 39.2254
      vertex -28.2139 27.5 37.1698
    endloop
  endfacet
  facet normal 0.10059 -0.638567 -0.762964
    outer loop
      vertex -25.4344 29.9203 43.9555
      vertex -25.2712 29.773 44.1003
      vertex -25.4358 27.5 45.981
    endloop
  endfacet
  facet normal 0.35564 -0.638574 -0.682454
    outer loop
      vertex -26.2755 30.4486 43.2092
      vertex -26.116 30.3861 43.3508
      vertex -27.5 27.5 45.3301
    endloop
  endfacet
  facet normal 0.707826 -0.637933 0.303354
    outer loop
      vertex -29.6985 27.5 39.2899
      vertex -27.2733 30.5 39.9399
      vertex -27.2739 30.5 39.9413
    endloop
  endfacet
  facet normal 0.710946 -0.638561 0.29461
    outer loop
      vertex -27.2733 30.5 39.9399
      vertex -29.6985 27.5 39.2899
      vertex -29.5315 27.5 38.8869
    endloop
  endfacet
  facet normal -0.682799 -0.638546 -0.355027
    outer loop
      vertex -22.7274 30.5 42.0613
      vertex -20.6699 27.5 43.5
      vertex -22.8277 30.5 42.2542
    endloop
  endfacet
  facet normal 0.35423 -0.638582 -0.683179
    outer loop
      vertex -27.1131 27.5 45.5315
      vertex -26.116 30.3861 43.3508
      vertex -26.102 30.3806 43.3632
    endloop
  endfacet
  facet normal 0.355342 -0.638551 -0.68263
    outer loop
      vertex -26.116 30.3861 43.3508
      vertex -27.1131 27.5 45.5315
      vertex -27.5 27.5 45.3301
    endloop
  endfacet
  facet normal -0.29461 -0.638561 0.710946
    outer loop
      vertex -23.9399 30.5 38.7267
      vertex -23.2899 27.5 36.3015
      vertex -22.8869 27.5 36.4685
    endloop
  endfacet
  facet normal -0.258274 -0.640567 0.723166
    outer loop
      vertex -23.2899 27.5 36.3015
      vertex -23.9399 30.5 38.7267
      vertex -23.9413 30.5 38.7262
    endloop
  endfacet
  facet normal -0.768108 -0.637965 -0.0548649
    outer loop
      vertex -20 27.5 41
      vertex -22.4918 30.5 41.0014
      vertex -22.4917 30.5 41
    endloop
  endfacet
  facet normal -0.76883 -0.638574 -0.0335194
    outer loop
      vertex -22.4918 30.5 41.0014
      vertex -20 27.5 41
      vertex -20.019 27.5 41.4358
    endloop
  endfacet
  facet normal 0.733975 -0.638574 -0.231308
    outer loop
      vertex -29.8296 27.5 42.2941
      vertex -27.357 30.5 41.8579
      vertex -29.6985 27.5 42.7101
    endloop
  endfacet
  facet normal 0.726404 -0.636423 -0.25943
    outer loop
      vertex -27.357 30.5 41.8579
      vertex -29.8296 27.5 42.2941
      vertex -27.3575 30.5 41.8565
    endloop
  endfacet
  facet normal 0.166607 -0.638564 -0.751318
    outer loop
      vertex -25.7233 30.1555 43.6992
      vertex -25.5698 30.0353 43.8354
      vertex -26.2941 27.5 45.8296
    endloop
  endfacet
  facet normal -0.75134 -0.638557 0.166533
    outer loop
      vertex -20.076 27.5 40.1318
      vertex -22.5301 30.5 40.563
      vertex -20.1704 27.5 39.7059
    endloop
  endfacet
  facet normal -0.752404 -0.638665 0.161229
    outer loop
      vertex -22.5301 30.5 40.563
      vertex -20.076 27.5 40.1318
      vertex -22.5298 30.5 40.5644
    endloop
  endfacet
  facet normal -0.734007 -0.638572 -0.231214
    outer loop
      vertex -22.5772 30.5 41.6492
      vertex -20.1704 27.5 42.2941
      vertex -22.6425 30.5 41.8565
    endloop
  endfacet
  facet normal -0.35564 -0.638574 -0.682454
    outer loop
      vertex -23.7245 30.4486 43.2092
      vertex -22.5 27.5 45.3301
      vertex -23.884 30.3861 43.3508
    endloop
  endfacet
  facet normal 0.75134 -0.638557 -0.166533
    outer loop
      vertex -29.924 27.5 41.8682
      vertex -27.4699 30.5 41.437
      vertex -29.8296 27.5 42.2941
    endloop
  endfacet
  facet normal 0.752404 -0.638665 -0.161229
    outer loop
      vertex -27.4699 30.5 41.437
      vertex -29.924 27.5 41.8682
      vertex -27.4702 30.5 41.4356
    endloop
  endfacet
  facet normal 0.0548649 -0.637965 0.768108
    outer loop
      vertex -25.0014 30.5 38.4918
      vertex -25 27.5 36
      vertex -25 30.5 38.4917
    endloop
  endfacet
  facet normal 0.0335194 -0.638574 0.76883
    outer loop
      vertex -25 27.5 36
      vertex -25.0014 30.5 38.4918
      vertex -25.4358 27.5 36.019
    endloop
  endfacet
  facet normal 0.610548 -0.638572 0.468462
    outer loop
      vertex -29.0958 27.5 38.1321
      vertex -26.9215 30.5 39.3877
      vertex -27.0547 30.5 39.5613
    endloop
  endfacet
  facet normal 0.610452 -0.638561 0.468602
    outer loop
      vertex -26.9215 30.5 39.3877
      vertex -29.0958 27.5 38.1321
      vertex -28.8302 27.5 37.7861
    endloop
  endfacet
  facet normal 0.166533 -0.638557 -0.75134
    outer loop
      vertex -26.2941 27.5 45.8296
      vertex -25.5094 29.988 43.889
      vertex -25.8682 27.5 45.924
    endloop
  endfacet
  facet normal 0.166651 -0.638567 -0.751305
    outer loop
      vertex -25.5094 29.988 43.889
      vertex -26.2941 27.5 45.8296
      vertex -25.5698 30.0353 43.8354
    endloop
  endfacet
  facet normal 0.768108 -0.637965 0.0548649
    outer loop
      vertex -30 27.5 41
      vertex -27.5082 30.5 40.9986
      vertex -27.5083 30.5 41
    endloop
  endfacet
  facet normal 0.76883 -0.638574 0.0335194
    outer loop
      vertex -27.5082 30.5 40.9986
      vertex -30 27.5 41
      vertex -29.981 27.5 40.5642
    endloop
  endfacet
  facet normal -0.682618 -0.638569 0.355335
    outer loop
      vertex -20.4685 27.5 38.8869
      vertex -22.7274 30.5 39.9387
      vertex -20.6699 27.5 38.5
    endloop
  endfacet
  facet normal -0.665624 -0.637324 0.388281
    outer loop
      vertex -22.7274 30.5 39.9387
      vertex -20.4685 27.5 38.8869
      vertex -22.7267 30.5 39.9399
    endloop
  endfacet
  facet normal 0.567382 -0.638559 -0.519924
    outer loop
      vertex -26.7746 30.5 42.7726
      vertex -28.5355 27.5 44.5355
      vertex -28.8302 27.5 44.2139
    endloop
  endfacet
  facet normal 0.543954 -0.638928 -0.543954
    outer loop
      vertex -28.5355 27.5 44.5355
      vertex -26.7746 30.5 42.7726
      vertex -26.7736 30.5 42.7736
    endloop
  endfacet
  facet normal -0.649107 -0.638569 0.413389
    outer loop
      vertex -20.6699 27.5 38.5
      vertex -22.9453 30.5 39.5613
      vertex -20.9042 27.5 38.1321
    endloop
  endfacet
  facet normal -0.648961 -0.63855 0.413647
    outer loop
      vertex -22.9453 30.5 39.5613
      vertex -20.6699 27.5 38.5
      vertex -22.8277 30.5 39.7458
    endloop
  endfacet
  facet normal 0.734007 -0.638572 0.231214
    outer loop
      vertex -27.3575 30.5 40.1435
      vertex -27.4228 30.5 40.3508
      vertex -29.8296 27.5 39.7059
    endloop
  endfacet
  facet normal 0.161229 -0.638665 0.752404
    outer loop
      vertex -25.437 30.5 38.5301
      vertex -25.8682 27.5 36.076
      vertex -25.4356 30.5 38.5298
    endloop
  endfacet
  facet normal 0.166533 -0.638557 0.75134
    outer loop
      vertex -25.8682 27.5 36.076
      vertex -25.437 30.5 38.5301
      vertex -26.2941 27.5 36.1704
    endloop
  endfacet
  facet normal 0.762881 -0.638487 0.101717
    outer loop
      vertex -29.981 27.5 40.5642
      vertex -27.4702 30.5 40.5644
      vertex -27.4704 30.5 40.5659
    endloop
  endfacet
  facet normal 0.76297 -0.638562 0.100577
    outer loop
      vertex -27.4702 30.5 40.5644
      vertex -29.981 27.5 40.5642
      vertex -29.924 27.5 40.1318
    endloop
  endfacet
  facet normal -0.710946 -0.638561 0.29461
    outer loop
      vertex -20.3015 27.5 39.2899
      vertex -22.7267 30.5 39.9399
      vertex -20.4685 27.5 38.8869
    endloop
  endfacet
  facet normal -0.707826 -0.637933 0.303354
    outer loop
      vertex -22.7267 30.5 39.9399
      vertex -20.3015 27.5 39.2899
      vertex -22.7261 30.5 39.9413
    endloop
  endfacet
  facet normal -0.0335194 -0.638574 -0.76883
    outer loop
      vertex -25 29.4974 44.341
      vertex -24.5642 27.5 45.981
      vertex -25 27.5 46
    endloop
  endfacet
  facet normal -0.0332055 -0.63854 -0.768872
    outer loop
      vertex -24.5642 27.5 45.981
      vertex -25 29.4974 44.341
      vertex -24.8722 29.6273 44.2276
    endloop
  endfacet
  facet normal -0.468599 -0.638566 -0.610449
    outer loop
      vertex -23.5571 30.4912 43.0607
      vertex -21.7861 27.5 44.8302
      vertex -22.1321 27.5 45.0958
    endloop
  endfacet
  facet normal -0.468437 -0.638552 -0.610588
    outer loop
      vertex -23.4802 30.5 42.9925
      vertex -21.7861 27.5 44.8302
      vertex -23.5571 30.4912 43.0607
    endloop
  endfacet
  facet normal -0.468578 -0.63856 -0.610471
    outer loop
      vertex -21.7861 27.5 44.8302
      vertex -23.4802 30.5 42.9925
      vertex -23.3877 30.5 42.9215
    endloop
  endfacet
  facet normal 0.768854 -0.638559 -0.0332745
    outer loop
      vertex -27.5082 30.5 41.0014
      vertex -27.4988 30.5 41.2186
      vertex -29.981 27.5 41.4358
    endloop
  endfacet
  facet normal -0.166533 -0.638557 0.75134
    outer loop
      vertex -24.563 30.5 38.5301
      vertex -24.1318 27.5 36.076
      vertex -23.7059 27.5 36.1704
    endloop
  endfacet
  facet normal -0.161229 -0.638665 0.752404
    outer loop
      vertex -24.1318 27.5 36.076
      vertex -24.563 30.5 38.5301
      vertex -24.5644 30.5 38.5298
    endloop
  endfacet
  facet normal 0.752404 -0.638665 0.161229
    outer loop
      vertex -29.924 27.5 40.1318
      vertex -27.4699 30.5 40.563
      vertex -27.4702 30.5 40.5644
    endloop
  endfacet
  facet normal 0.75134 -0.638557 0.166533
    outer loop
      vertex -27.4699 30.5 40.563
      vertex -29.924 27.5 40.1318
      vertex -29.8296 27.5 39.7059
    endloop
  endfacet
  facet normal -0.519924 -0.638559 -0.567382
    outer loop
      vertex -23.2274 30.5 42.7746
      vertex -21.4645 27.5 44.5355
      vertex -21.7861 27.5 44.8302
    endloop
  endfacet
  facet normal -0.543954 -0.638928 -0.543954
    outer loop
      vertex -21.4645 27.5 44.5355
      vertex -23.2274 30.5 42.7746
      vertex -23.2264 30.5 42.7736
    endloop
  endfacet
  facet normal -0.707826 -0.637933 -0.303354
    outer loop
      vertex -20.3015 27.5 42.7101
      vertex -22.7267 30.5 42.0601
      vertex -22.7261 30.5 42.0587
    endloop
  endfacet
  facet normal -0.710946 -0.638561 -0.29461
    outer loop
      vertex -22.7267 30.5 42.0601
      vertex -20.3015 27.5 42.7101
      vertex -20.4685 27.5 43.1131
    endloop
  endfacet
  facet normal -0.751278 -0.638572 -0.166754
    outer loop
      vertex -22.5301 30.5 41.437
      vertex -20.1704 27.5 42.2941
      vertex -22.5772 30.5 41.6492
    endloop
  endfacet
  facet normal -0.733975 -0.638574 0.231308
    outer loop
      vertex -20.1704 27.5 39.7059
      vertex -22.643 30.5 40.1421
      vertex -20.3015 27.5 39.2899
    endloop
  endfacet
  facet normal -0.726404 -0.636423 0.25943
    outer loop
      vertex -22.643 30.5 40.1421
      vertex -20.1704 27.5 39.7059
      vertex -22.6425 30.5 40.1435
    endloop
  endfacet
  facet normal 0.413647 -0.63855 0.648961
    outer loop
      vertex -26.4387 30.5 38.9453
      vertex -27.5 27.5 36.6699
      vertex -26.2542 30.5 38.8277
    endloop
  endfacet
  facet normal 0.413389 -0.638569 0.649107
    outer loop
      vertex -27.5 27.5 36.6699
      vertex -26.4387 30.5 38.9453
      vertex -27.8679 27.5 36.9042
    endloop
  endfacet
  facet normal 0.682799 -0.638546 0.355027
    outer loop
      vertex -27.1723 30.5 39.7458
      vertex -27.2726 30.5 39.9387
      vertex -29.3301 27.5 38.5
    endloop
  endfacet
  facet normal 0.567368 -0.638557 0.51994
    outer loop
      vertex -26.7746 30.5 39.2274
      vertex -26.9215 30.5 39.3877
      vertex -28.8302 27.5 37.7861
    endloop
  endfacet
  facet normal -0.752404 -0.638665 -0.161229
    outer loop
      vertex -20.076 27.5 41.8682
      vertex -22.5301 30.5 41.437
      vertex -22.5298 30.5 41.4356
    endloop
  endfacet
  facet normal -0.75134 -0.638557 -0.166533
    outer loop
      vertex -22.5301 30.5 41.437
      vertex -20.076 27.5 41.8682
      vertex -20.1704 27.5 42.2941
    endloop
  endfacet
  facet normal -0.543954 -0.638928 -0.543954
    outer loop
      vertex -23.2254 30.5 42.7726
      vertex -21.4645 27.5 44.5355
      vertex -23.2264 30.5 42.7736
    endloop
  endfacet
  facet normal -0.567382 -0.638559 -0.519924
    outer loop
      vertex -21.4645 27.5 44.5355
      vertex -23.2254 30.5 42.7726
      vertex -21.1698 27.5 44.2139
    endloop
  endfacet
  facet normal -0.762972 -0.638563 0.100549
    outer loop
      vertex -20.019 27.5 40.5642
      vertex -22.5012 30.5 40.7814
      vertex -22.5296 30.5 40.5659
    endloop
  endfacet
  facet normal -0.51994 -0.638557 -0.567368
    outer loop
      vertex -23.2274 30.5 42.7746
      vertex -21.7861 27.5 44.8302
      vertex -23.3877 30.5 42.9215
    endloop
  endfacet
  facet normal 0.648961 -0.63855 0.413647
    outer loop
      vertex -29.3301 27.5 38.5
      vertex -27.0547 30.5 39.5613
      vertex -27.1723 30.5 39.7458
    endloop
  endfacet
  facet normal 0.649107 -0.638569 0.413389
    outer loop
      vertex -27.0547 30.5 39.5613
      vertex -29.3301 27.5 38.5
      vertex -29.0958 27.5 38.1321
    endloop
  endfacet
  facet normal 0.0332745 -0.638559 0.768854
    outer loop
      vertex -25.0014 30.5 38.4918
      vertex -25.2186 30.5 38.5012
      vertex -25.4358 27.5 36.019
    endloop
  endfacet
  facet normal -0.762881 -0.638487 -0.101717
    outer loop
      vertex -20.019 27.5 41.4358
      vertex -22.5298 30.5 41.4356
      vertex -22.5296 30.5 41.4341
    endloop
  endfacet
  facet normal -0.76297 -0.638562 -0.100577
    outer loop
      vertex -22.5298 30.5 41.4356
      vertex -20.019 27.5 41.4358
      vertex -20.076 27.5 41.8682
    endloop
  endfacet
  facet normal -0.355342 -0.638551 -0.68263
    outer loop
      vertex -22.8869 27.5 45.5315
      vertex -23.884 30.3861 43.3508
      vertex -22.5 27.5 45.3301
    endloop
  endfacet
  facet normal -0.35423 -0.638582 -0.683179
    outer loop
      vertex -23.884 30.3861 43.3508
      vertex -22.8869 27.5 45.5315
      vertex -23.898 30.3806 43.3632
    endloop
  endfacet
  facet normal -0.294611 -0.638558 -0.710948
    outer loop
      vertex -23.2899 27.5 45.6985
      vertex -23.898 30.3806 43.3632
      vertex -22.8869 27.5 45.5315
    endloop
  endfacet
  facet normal -0.293551 -0.638634 -0.711318
    outer loop
      vertex -23.898 30.3806 43.3632
      vertex -23.2899 27.5 45.6985
      vertex -23.9136 30.3724 43.377
    endloop
  endfacet
  facet normal -0.166754 -0.638572 0.751278
    outer loop
      vertex -23.7059 27.5 36.1704
      vertex -24.3508 30.5 38.5772
      vertex -24.563 30.5 38.5301
    endloop
  endfacet
  facet normal 0.710946 -0.638561 -0.29461
    outer loop
      vertex -29.6985 27.5 42.7101
      vertex -27.2733 30.5 42.0601
      vertex -29.5315 27.5 43.1131
    endloop
  endfacet
  facet normal 0.707826 -0.637933 -0.303354
    outer loop
      vertex -27.2733 30.5 42.0601
      vertex -29.6985 27.5 42.7101
      vertex -27.2739 30.5 42.0587
    endloop
  endfacet
  facet normal 0.294576 -0.638574 0.710948
    outer loop
      vertex -25.8579 30.5 38.643
      vertex -26.0587 30.5 38.7262
      vertex -26.7101 27.5 36.3015
    endloop
  endfacet
  facet normal -0.0548649 -0.637965 0.768108
    outer loop
      vertex -25 27.5 36
      vertex -24.9986 30.5 38.4918
      vertex -25 30.5 38.4917
    endloop
  endfacet
  facet normal -0.0335194 -0.638574 0.76883
    outer loop
      vertex -24.9986 30.5 38.4918
      vertex -25 27.5 36
      vertex -24.5642 27.5 36.019
    endloop
  endfacet
  facet normal 0.543954 -0.638928 0.543954
    outer loop
      vertex -28.5355 27.5 37.4645
      vertex -26.7726 30.5 39.2254
      vertex -26.7736 30.5 39.2264
    endloop
  endfacet
  facet normal 0.519924 -0.638559 0.567382
    outer loop
      vertex -26.7726 30.5 39.2254
      vertex -28.5355 27.5 37.4645
      vertex -28.2139 27.5 37.1698
    endloop
  endfacet
  facet normal -0.100576 -0.638568 -0.762965
    outer loop
      vertex -24.5656 29.9203 43.9555
      vertex -24.1318 27.5 45.924
      vertex -24.5642 27.5 45.981
    endloop
  endfacet
  facet normal -0.100159 -0.63855 -0.763035
    outer loop
      vertex -24.1318 27.5 45.924
      vertex -24.5656 29.9203 43.9555
      vertex -24.4906 29.988 43.889
    endloop
  endfacet
  facet normal 0.166754 -0.638572 0.751278
    outer loop
      vertex -25.437 30.5 38.5301
      vertex -25.6492 30.5 38.5772
      vertex -26.2941 27.5 36.1704
    endloop
  endfacet
  facet normal 0.388281 -0.637324 0.665624
    outer loop
      vertex -26.0613 30.5 38.7274
      vertex -27.1131 27.5 36.4685
      vertex -26.0601 30.5 38.7267
    endloop
  endfacet
  facet normal 0.355335 -0.638569 0.682618
    outer loop
      vertex -27.1131 27.5 36.4685
      vertex -26.0613 30.5 38.7274
      vertex -27.5 27.5 36.6699
    endloop
  endfacet
  facet normal -0.682799 -0.638546 0.355027
    outer loop
      vertex -20.6699 27.5 38.5
      vertex -22.7274 30.5 39.9387
      vertex -22.8277 30.5 39.7458
    endloop
  endfacet
  facet normal -0.751278 -0.638572 0.166754
    outer loop
      vertex -20.1704 27.5 39.7059
      vertex -22.5301 30.5 40.563
      vertex -22.5772 30.5 40.3508
    endloop
  endfacet
  facet normal 0.682618 -0.638569 -0.355335
    outer loop
      vertex -29.5315 27.5 43.1131
      vertex -27.2726 30.5 42.0613
      vertex -29.3301 27.5 43.5
    endloop
  endfacet
  facet normal 0.665624 -0.637324 -0.388281
    outer loop
      vertex -27.2726 30.5 42.0613
      vertex -29.5315 27.5 43.1131
      vertex -27.2733 30.5 42.0601
    endloop
  endfacet
  facet normal -0.231308 -0.638574 0.733975
    outer loop
      vertex -24.1421 30.5 38.643
      vertex -23.7059 27.5 36.1704
      vertex -23.2899 27.5 36.3015
    endloop
  endfacet
  facet normal -0.25943 -0.636423 0.726404
    outer loop
      vertex -23.7059 27.5 36.1704
      vertex -24.1421 30.5 38.643
      vertex -24.1435 30.5 38.6425
    endloop
  endfacet
  facet normal -0.413389 -0.638569 0.649107
    outer loop
      vertex -23.5613 30.5 38.9453
      vertex -22.5 27.5 36.6699
      vertex -22.1321 27.5 36.9042
    endloop
  endfacet
  facet normal -0.413647 -0.63855 0.648961
    outer loop
      vertex -22.5 27.5 36.6699
      vertex -23.5613 30.5 38.9453
      vertex -23.7458 30.5 38.8277
    endloop
  endfacet
  facet normal 0.762972 -0.638563 0.100549
    outer loop
      vertex -27.4704 30.5 40.5659
      vertex -27.4988 30.5 40.7814
      vertex -29.981 27.5 40.5642
    endloop
  endfacet
  facet normal 0.768854 -0.638559 0.0332745
    outer loop
      vertex -27.4988 30.5 40.7814
      vertex -27.5082 30.5 40.9986
      vertex -29.981 27.5 40.5642
    endloop
  endfacet
  facet normal -0.665624 -0.637324 -0.388281
    outer loop
      vertex -20.4685 27.5 43.1131
      vertex -22.7274 30.5 42.0613
      vertex -22.7267 30.5 42.0601
    endloop
  endfacet
  facet normal -0.682618 -0.638569 -0.355335
    outer loop
      vertex -22.7274 30.5 42.0613
      vertex -20.4685 27.5 43.1131
      vertex -20.6699 27.5 43.5
    endloop
  endfacet
  facet normal -0.610452 -0.638561 -0.468602
    outer loop
      vertex -23.0785 30.5 42.6123
      vertex -20.9042 27.5 43.8679
      vertex -21.1698 27.5 44.2139
    endloop
  endfacet
  facet normal -0.610548 -0.638572 -0.468462
    outer loop
      vertex -20.9042 27.5 43.8679
      vertex -23.0785 30.5 42.6123
      vertex -22.9453 30.5 42.4387
    endloop
  endfacet
  facet normal 0.76297 -0.638562 -0.100577
    outer loop
      vertex -29.981 27.5 41.4358
      vertex -27.4702 30.5 41.4356
      vertex -29.924 27.5 41.8682
    endloop
  endfacet
  facet normal 0.762881 -0.638487 -0.101717
    outer loop
      vertex -27.4702 30.5 41.4356
      vertex -29.981 27.5 41.4358
      vertex -27.4704 30.5 41.4341
    endloop
  endfacet
  facet normal 0.468599 -0.638566 -0.610449
    outer loop
      vertex -28.2139 27.5 44.8302
      vertex -26.4429 30.4912 43.0607
      vertex -27.8679 27.5 45.0958
    endloop
  endfacet
  facet normal 0.468437 -0.638552 -0.610588
    outer loop
      vertex -28.2139 27.5 44.8302
      vertex -26.5198 30.5 42.9925
      vertex -26.4429 30.4912 43.0607
    endloop
  endfacet
  facet normal 0.468578 -0.63856 -0.610471
    outer loop
      vertex -26.5198 30.5 42.9925
      vertex -28.2139 27.5 44.8302
      vertex -26.6123 30.5 42.9215
    endloop
  endfacet
  facet normal 0.258274 -0.640567 0.723166
    outer loop
      vertex -26.0601 30.5 38.7267
      vertex -26.7101 27.5 36.3015
      vertex -26.0587 30.5 38.7262
    endloop
  endfacet
  facet normal 0.29461 -0.638561 0.710946
    outer loop
      vertex -26.7101 27.5 36.3015
      vertex -26.0601 30.5 38.7267
      vertex -27.1131 27.5 36.4685
    endloop
  endfacet
  facet normal -0.231214 -0.638572 0.734007
    outer loop
      vertex -23.7059 27.5 36.1704
      vertex -24.1435 30.5 38.6425
      vertex -24.3508 30.5 38.5772
    endloop
  endfacet
  facet normal 0.711068 -0.638581 -0.294272
    outer loop
      vertex -27.357 30.5 41.8579
      vertex -27.2739 30.5 42.0587
      vertex -29.6985 27.5 42.7101
    endloop
  endfacet
  facet normal -0.231312 -0.638558 -0.733988
    outer loop
      vertex -24.1093 30.2656 43.5507
      vertex -23.2899 27.5 45.6985
      vertex -23.7059 27.5 45.8296
    endloop
  endfacet
  facet normal -0.232278 -0.638588 -0.733657
    outer loop
      vertex -23.2899 27.5 45.6985
      vertex -24.1093 30.2656 43.5507
      vertex -24.0808 30.2843 43.5254
    endloop
  endfacet
  facet normal 0.751278 -0.638572 -0.166754
    outer loop
      vertex -27.4699 30.5 41.437
      vertex -27.4228 30.5 41.6492
      vertex -29.8296 27.5 42.2941
    endloop
  endfacet
  facet normal 0.231162 -0.638568 -0.734026
    outer loop
      vertex -25.8907 30.2656 43.5507
      vertex -25.7233 30.1555 43.6992
      vertex -26.2941 27.5 45.8296
    endloop
  endfacet
  facet normal -0.610548 -0.638572 0.468462
    outer loop
      vertex -23.0785 30.5 39.3877
      vertex -20.9042 27.5 38.1321
      vertex -22.9453 30.5 39.5613
    endloop
  endfacet
  facet normal -0.610452 -0.638561 0.468602
    outer loop
      vertex -20.9042 27.5 38.1321
      vertex -23.0785 30.5 39.3877
      vertex -21.1698 27.5 37.7861
    endloop
  endfacet
  facet normal -0.231162 -0.638568 -0.734026
    outer loop
      vertex -24.1093 30.2656 43.5507
      vertex -23.7059 27.5 45.8296
      vertex -24.2767 30.1555 43.6992
    endloop
  endfacet
  facet normal -0.294554 -0.638566 -0.710965
    outer loop
      vertex -23.9136 30.3724 43.377
      vertex -23.2899 27.5 45.6985
      vertex -24.0808 30.2843 43.5254
    endloop
  endfacet
  facet normal 0.293551 -0.638634 -0.711318
    outer loop
      vertex -26.7101 27.5 45.6985
      vertex -26.102 30.3806 43.3632
      vertex -26.0864 30.3724 43.377
    endloop
  endfacet
  facet normal 0.294611 -0.638558 -0.710948
    outer loop
      vertex -26.102 30.3806 43.3632
      vertex -26.7101 27.5 45.6985
      vertex -27.1131 27.5 45.5315
    endloop
  endfacet
  facet normal 0.0335194 -0.638574 -0.76883
    outer loop
      vertex -25.4358 27.5 45.981
      vertex -25 29.4974 44.341
      vertex -25 27.5 46
    endloop
  endfacet
  facet normal 0.0332055 -0.63854 -0.768872
    outer loop
      vertex -25 29.4974 44.341
      vertex -25.4358 27.5 45.981
      vertex -25.1278 29.6273 44.2276
    endloop
  endfacet
  facet normal -0.711068 -0.638581 -0.294272
    outer loop
      vertex -22.643 30.5 41.8579
      vertex -20.3015 27.5 42.7101
      vertex -22.7261 30.5 42.0587
    endloop
  endfacet
  facet normal -0.726404 -0.636423 -0.25943
    outer loop
      vertex -20.1704 27.5 42.2941
      vertex -22.643 30.5 41.8579
      vertex -22.6425 30.5 41.8565
    endloop
  endfacet
  facet normal -0.733975 -0.638574 -0.231308
    outer loop
      vertex -22.643 30.5 41.8579
      vertex -20.1704 27.5 42.2941
      vertex -20.3015 27.5 42.7101
    endloop
  endfacet
  facet normal -0.768854 -0.638559 0.0332745
    outer loop
      vertex -20.019 27.5 40.5642
      vertex -22.4918 30.5 40.9986
      vertex -22.5012 30.5 40.7814
    endloop
  endfacet
  facet normal 0.751278 -0.638572 0.166754
    outer loop
      vertex -27.4228 30.5 40.3508
      vertex -27.4699 30.5 40.563
      vertex -29.8296 27.5 39.7059
    endloop
  endfacet
  facet normal 0.726404 -0.636423 0.25943
    outer loop
      vertex -29.8296 27.5 39.7059
      vertex -27.357 30.5 40.1421
      vertex -27.3575 30.5 40.1435
    endloop
  endfacet
  facet normal 0.733975 -0.638574 0.231308
    outer loop
      vertex -27.357 30.5 40.1421
      vertex -29.8296 27.5 39.7059
      vertex -29.6985 27.5 39.2899
    endloop
  endfacet
  facet normal -0.762972 -0.638563 -0.100549
    outer loop
      vertex -22.5012 30.5 41.2186
      vertex -20.019 27.5 41.4358
      vertex -22.5296 30.5 41.4341
    endloop
  endfacet
  facet normal -0.768854 -0.638559 -0.0332745
    outer loop
      vertex -22.4918 30.5 41.0014
      vertex -20.019 27.5 41.4358
      vertex -22.5012 30.5 41.2186
    endloop
  endfacet
  facet normal 0.101717 -0.638487 0.762881
    outer loop
      vertex -25.4356 30.5 38.5298
      vertex -25.4358 27.5 36.019
      vertex -25.4341 30.5 38.5296
    endloop
  endfacet
  facet normal 0.100577 -0.638562 0.76297
    outer loop
      vertex -25.4358 27.5 36.019
      vertex -25.4356 30.5 38.5298
      vertex -25.8682 27.5 36.076
    endloop
  endfacet
  facet normal 0.76883 -0.638574 -0.0335194
    outer loop
      vertex -30 27.5 41
      vertex -27.5082 30.5 41.0014
      vertex -29.981 27.5 41.4358
    endloop
  endfacet
  facet normal 0.768108 -0.637965 -0.0548649
    outer loop
      vertex -27.5082 30.5 41.0014
      vertex -30 27.5 41
      vertex -27.5083 30.5 41
    endloop
  endfacet
  facet normal 0.231214 -0.638572 0.734007
    outer loop
      vertex -25.6492 30.5 38.5772
      vertex -25.8565 30.5 38.6425
      vertex -26.2941 27.5 36.1704
    endloop
  endfacet
  facet normal -0.468469 -0.638557 0.610558
    outer loop
      vertex -23.5613 30.5 38.9453
      vertex -21.7861 27.5 37.1698
      vertex -23.3877 30.5 39.0785
    endloop
  endfacet
  facet normal -0.468598 -0.638568 0.610448
    outer loop
      vertex -21.7861 27.5 37.1698
      vertex -23.5613 30.5 38.9453
      vertex -22.1321 27.5 36.9042
    endloop
  endfacet
  facet normal 0.711068 -0.638581 0.294272
    outer loop
      vertex -27.2739 30.5 39.9413
      vertex -27.357 30.5 40.1421
      vertex -29.6985 27.5 39.2899
    endloop
  endfacet
  facet normal 0.567368 -0.638557 -0.51994
    outer loop
      vertex -26.9215 30.5 42.6123
      vertex -26.7746 30.5 42.7726
      vertex -28.8302 27.5 44.2139
    endloop
  endfacet
  facet normal 0.51994 -0.638557 -0.567368
    outer loop
      vertex -26.7726 30.5 42.7746
      vertex -26.6123 30.5 42.9215
      vertex -28.2139 27.5 44.8302
    endloop
  endfacet
  facet normal -0.100577 -0.638562 0.76297
    outer loop
      vertex -24.5644 30.5 38.5298
      vertex -24.5642 27.5 36.019
      vertex -24.1318 27.5 36.076
    endloop
  endfacet
  facet normal -0.101717 -0.638487 0.762881
    outer loop
      vertex -24.5642 27.5 36.019
      vertex -24.5644 30.5 38.5298
      vertex -24.5659 30.5 38.5296
    endloop
  endfacet
  facet normal -0.711068 -0.638581 0.294272
    outer loop
      vertex -20.3015 27.5 39.2899
      vertex -22.643 30.5 40.1421
      vertex -22.7261 30.5 39.9413
    endloop
  endfacet
  facet normal 0.033692 -0.638572 -0.768824
    outer loop
      vertex -25.2712 29.773 44.1003
      vertex -25.1278 29.6273 44.2276
      vertex -25.4358 27.5 45.981
    endloop
  endfacet
  facet normal 0.100576 -0.638568 -0.762965
    outer loop
      vertex -25.8682 27.5 45.924
      vertex -25.4344 29.9203 43.9555
      vertex -25.4358 27.5 45.981
    endloop
  endfacet
  facet normal 0.100159 -0.63855 -0.763035
    outer loop
      vertex -25.4344 29.9203 43.9555
      vertex -25.8682 27.5 45.924
      vertex -25.5094 29.988 43.889
    endloop
  endfacet
  facet normal 0.734007 -0.638572 -0.231214
    outer loop
      vertex -27.4228 30.5 41.6492
      vertex -27.3575 30.5 41.8565
      vertex -29.8296 27.5 42.2941
    endloop
  endfacet
  facet normal -0.10059 -0.638567 -0.762964
    outer loop
      vertex -24.5656 29.9203 43.9555
      vertex -24.5642 27.5 45.981
      vertex -24.7288 29.773 44.1003
    endloop
  endfacet
  facet normal 0.610452 -0.638561 -0.468602
    outer loop
      vertex -29.0958 27.5 43.8679
      vertex -26.9215 30.5 42.6123
      vertex -28.8302 27.5 44.2139
    endloop
  endfacet
  facet normal 0.610548 -0.638572 -0.468462
    outer loop
      vertex -26.9215 30.5 42.6123
      vertex -29.0958 27.5 43.8679
      vertex -27.0547 30.5 42.4387
    endloop
  endfacet
  facet normal -0.033692 -0.638572 -0.768824
    outer loop
      vertex -24.7288 29.773 44.1003
      vertex -24.5642 27.5 45.981
      vertex -24.8722 29.6273 44.2276
    endloop
  endfacet
  facet normal 0.294554 -0.638566 -0.710965
    outer loop
      vertex -26.0864 30.3724 43.377
      vertex -25.9192 30.2843 43.5254
      vertex -26.7101 27.5 45.6985
    endloop
  endfacet
  facet normal 0.231312 -0.638558 -0.733988
    outer loop
      vertex -26.7101 27.5 45.6985
      vertex -25.8907 30.2656 43.5507
      vertex -26.2941 27.5 45.8296
    endloop
  endfacet
  facet normal 0.232278 -0.638588 -0.733657
    outer loop
      vertex -25.8907 30.2656 43.5507
      vertex -26.7101 27.5 45.6985
      vertex -25.9192 30.2843 43.5254
    endloop
  endfacet
  facet normal 0.649107 -0.638569 -0.413389
    outer loop
      vertex -29.3301 27.5 43.5
      vertex -27.0547 30.5 42.4387
      vertex -29.0958 27.5 43.8679
    endloop
  endfacet
  facet normal 0.648961 -0.63855 -0.413647
    outer loop
      vertex -27.0547 30.5 42.4387
      vertex -29.3301 27.5 43.5
      vertex -27.1723 30.5 42.2542
    endloop
  endfacet
  facet normal 0.355027 -0.638546 0.682799
    outer loop
      vertex -26.0613 30.5 38.7274
      vertex -26.2542 30.5 38.8277
      vertex -27.5 27.5 36.6699
    endloop
  endfacet
  facet normal 0.468469 -0.638557 0.610558
    outer loop
      vertex -28.2139 27.5 37.1698
      vertex -26.4387 30.5 38.9453
      vertex -26.6123 30.5 39.0785
    endloop
  endfacet
  facet normal 0.468598 -0.638568 0.610448
    outer loop
      vertex -26.4387 30.5 38.9453
      vertex -28.2139 27.5 37.1698
      vertex -27.8679 27.5 36.9042
    endloop
  endfacet
  facet normal 0.66371 0 -0.74799
    outer loop
      vertex 24.8722 29.6273 44.2276
      vertex 25 30.5 44.341
      vertex 25 29.4974 44.341
    endloop
  endfacet
  facet normal 0.663856 -3.83903e-05 -0.74786
    outer loop
      vertex 24.7288 29.773 44.1003
      vertex 25 30.5 44.341
      vertex 24.8722 29.6273 44.2276
    endloop
  endfacet
  facet normal 0.663711 5.88604e-05 -0.74799
    outer loop
      vertex 24.5656 29.9203 43.9555
      vertex 25 30.5 44.341
      vertex 24.7288 29.773 44.1003
    endloop
  endfacet
  facet normal 0.663564 0.000255578 -0.74812
    outer loop
      vertex 24.4906 29.988 43.889
      vertex 25 30.5 44.341
      vertex 24.5656 29.9203 43.9555
    endloop
  endfacet
  facet normal 0.663731 -4.13278e-05 -0.747972
    outer loop
      vertex 24.4302 30.0353 43.8354
      vertex 25 30.5 44.341
      vertex 24.4906 29.988 43.889
    endloop
  endfacet
  facet normal 0.663705 1.5193e-05 -0.747995
    outer loop
      vertex 24.2767 30.1555 43.6992
      vertex 25 30.5 44.341
      vertex 24.4302 30.0353 43.8354
    endloop
  endfacet
  facet normal 0.663669 0.000148565 -0.748026
    outer loop
      vertex 24.1093 30.2656 43.5507
      vertex 25 30.5 44.341
      vertex 24.2767 30.1555 43.6992
    endloop
  endfacet
  facet normal 0.663744 -0.00035769 -0.74796
    outer loop
      vertex 24.0808 30.2843 43.5254
      vertex 25 30.5 44.341
      vertex 24.1093 30.2656 43.5507
    endloop
  endfacet
  facet normal 0.663731 -0.00026175 -0.747971
    outer loop
      vertex 23.9136 30.3724 43.377
      vertex 25 30.5 44.341
      vertex 24.0808 30.2843 43.5254
    endloop
  endfacet
  facet normal 0.663503 0.00316317 -0.748167
    outer loop
      vertex 23.898 30.3806 43.3632
      vertex 25 30.5 44.341
      vertex 23.9136 30.3724 43.377
    endloop
  endfacet
  facet normal 0.663553 0.00236069 -0.748126
    outer loop
      vertex 23.884 30.3861 43.3508
      vertex 25 30.5 44.341
      vertex 23.898 30.3806 43.3632
    endloop
  endfacet
  facet normal 0.663733 -0.000754631 -0.74797
    outer loop
      vertex 23.7245 30.4486 43.2092
      vertex 25 30.5 44.341
      vertex 23.884 30.3861 43.3508
    endloop
  endfacet
  facet normal 0.663702 0.000612866 -0.747997
    outer loop
      vertex 23.5571 30.4912 43.0607
      vertex 25 30.5 44.341
      vertex 23.7245 30.4486 43.2092
    endloop
  endfacet
  facet normal 0.663692 0.00275671 -0.748001
    outer loop
      vertex 25 30.5 44.341
      vertex 23.5571 30.4912 43.0607
      vertex 23.4802 30.5 42.9925
    endloop
  endfacet
  facet normal -0.663553 0.00236069 -0.748126
    outer loop
      vertex 25 30.5 44.341
      vertex 26.116 30.3861 43.3508
      vertex 26.102 30.3806 43.3632
    endloop
  endfacet
  facet normal -0.663731 -0.00026175 -0.747971
    outer loop
      vertex 25 30.5 44.341
      vertex 26.0864 30.3724 43.377
      vertex 25.9192 30.2843 43.5254
    endloop
  endfacet
  facet normal -0.663669 0.000148565 -0.748026
    outer loop
      vertex 25 30.5 44.341
      vertex 25.8907 30.2656 43.5507
      vertex 25.7233 30.1555 43.6992
    endloop
  endfacet
  facet normal -0.66371 -0 -0.74799
    outer loop
      vertex 25 30.5 44.341
      vertex 25.1278 29.6273 44.2276
      vertex 25 29.4974 44.341
    endloop
  endfacet
  facet normal -0.663692 0.00275671 -0.748001
    outer loop
      vertex 26.4429 30.4912 43.0607
      vertex 25 30.5 44.341
      vertex 26.5198 30.5 42.9925
    endloop
  endfacet
  facet normal -0.663702 0.000612866 -0.747997
    outer loop
      vertex 26.2755 30.4486 43.2092
      vertex 25 30.5 44.341
      vertex 26.4429 30.4912 43.0607
    endloop
  endfacet
  facet normal -0.663733 -0.000754631 -0.74797
    outer loop
      vertex 26.116 30.3861 43.3508
      vertex 25 30.5 44.341
      vertex 26.2755 30.4486 43.2092
    endloop
  endfacet
  facet normal -0.663503 0.00316317 -0.748167
    outer loop
      vertex 26.0864 30.3724 43.377
      vertex 25 30.5 44.341
      vertex 26.102 30.3806 43.3632
    endloop
  endfacet
  facet normal -0.663744 -0.00035769 -0.74796
    outer loop
      vertex 25.8907 30.2656 43.5507
      vertex 25 30.5 44.341
      vertex 25.9192 30.2843 43.5254
    endloop
  endfacet
  facet normal -0.663705 1.5193e-05 -0.747995
    outer loop
      vertex 25.5698 30.0353 43.8354
      vertex 25 30.5 44.341
      vertex 25.7233 30.1555 43.6992
    endloop
  endfacet
  facet normal -0.663731 -4.13278e-05 -0.747972
    outer loop
      vertex 25.5094 29.988 43.889
      vertex 25 30.5 44.341
      vertex 25.5698 30.0353 43.8354
    endloop
  endfacet
  facet normal -0.663564 0.000255578 -0.74812
    outer loop
      vertex 25.4344 29.9203 43.9555
      vertex 25 30.5 44.341
      vertex 25.5094 29.988 43.889
    endloop
  endfacet
  facet normal -0.663711 5.88604e-05 -0.74799
    outer loop
      vertex 25.2712 29.773 44.1003
      vertex 25 30.5 44.341
      vertex 25.4344 29.9203 43.9555
    endloop
  endfacet
  facet normal -0.663856 -3.83903e-05 -0.74786
    outer loop
      vertex 25.1278 29.6273 44.2276
      vertex 25 30.5 44.341
      vertex 25.2712 29.773 44.1003
    endloop
  endfacet
  facet normal -0.76883 -0.638574 0.0335194
    outer loop
      vertex 30 27.5 41
      vertex 27.5082 30.5 40.9986
      vertex 29.981 27.5 40.5642
    endloop
  endfacet
  facet normal -0.768108 -0.637965 0.0548649
    outer loop
      vertex 27.5082 30.5 40.9986
      vertex 30 27.5 41
      vertex 27.5083 30.5 41
    endloop
  endfacet
  facet normal -0.100549 -0.638563 0.762972
    outer loop
      vertex 25.4358 27.5 36.019
      vertex 25.4341 30.5 38.5296
      vertex 25.2186 30.5 38.5012
    endloop
  endfacet
  facet normal -0.294576 -0.638574 0.710948
    outer loop
      vertex 26.7101 27.5 36.3015
      vertex 26.0587 30.5 38.7262
      vertex 25.8579 30.5 38.643
    endloop
  endfacet
  facet normal 0.665624 -0.637324 0.388281
    outer loop
      vertex 20.4685 27.5 38.8869
      vertex 22.7274 30.5 39.9387
      vertex 22.7267 30.5 39.9399
    endloop
  endfacet
  facet normal 0.682618 -0.638569 0.355335
    outer loop
      vertex 22.7274 30.5 39.9387
      vertex 20.4685 27.5 38.8869
      vertex 20.6699 27.5 38.5
    endloop
  endfacet
  facet normal -0.355027 -0.638546 0.682799
    outer loop
      vertex 27.5 27.5 36.6699
      vertex 26.2542 30.5 38.8277
      vertex 26.0613 30.5 38.7274
    endloop
  endfacet
  facet normal 0.519924 -0.638559 -0.567382
    outer loop
      vertex 21.4645 27.5 44.5355
      vertex 23.2274 30.5 42.7746
      vertex 21.7861 27.5 44.8302
    endloop
  endfacet
  facet normal 0.543954 -0.638928 -0.543954
    outer loop
      vertex 23.2274 30.5 42.7746
      vertex 21.4645 27.5 44.5355
      vertex 23.2264 30.5 42.7736
    endloop
  endfacet
  facet normal 0.762972 -0.638563 -0.100549
    outer loop
      vertex 22.5012 30.5 41.2186
      vertex 22.5296 30.5 41.4341
      vertex 20.019 27.5 41.4358
    endloop
  endfacet
  facet normal -0.355335 -0.638569 0.682618
    outer loop
      vertex 26.0613 30.5 38.7274
      vertex 27.1131 27.5 36.4685
      vertex 27.5 27.5 36.6699
    endloop
  endfacet
  facet normal -0.388281 -0.637324 0.665624
    outer loop
      vertex 27.1131 27.5 36.4685
      vertex 26.0613 30.5 38.7274
      vertex 26.0601 30.5 38.7267
    endloop
  endfacet
  facet normal -0.166607 -0.638564 -0.751318
    outer loop
      vertex 25.7233 30.1555 43.6992
      vertex 26.2941 27.5 45.8296
      vertex 25.5698 30.0353 43.8354
    endloop
  endfacet
  facet normal -0.543954 -0.638928 0.543954
    outer loop
      vertex 26.7726 30.5 39.2254
      vertex 28.5355 27.5 37.4645
      vertex 26.7736 30.5 39.2264
    endloop
  endfacet
  facet normal -0.519924 -0.638559 0.567382
    outer loop
      vertex 28.5355 27.5 37.4645
      vertex 26.7726 30.5 39.2254
      vertex 28.2139 27.5 37.1698
    endloop
  endfacet
  facet normal 0.413342 -0.63857 -0.649135
    outer loop
      vertex 22.5 27.5 45.3301
      vertex 23.5571 30.4912 43.0607
      vertex 23.7245 30.4486 43.2092
    endloop
  endfacet
  facet normal 0.41339 -0.638567 -0.649108
    outer loop
      vertex 23.5571 30.4912 43.0607
      vertex 22.5 27.5 45.3301
      vertex 22.1321 27.5 45.0958
    endloop
  endfacet
  facet normal 0.100549 -0.638563 0.762972
    outer loop
      vertex 24.7814 30.5 38.5012
      vertex 24.5659 30.5 38.5296
      vertex 24.5642 27.5 36.019
    endloop
  endfacet
  facet normal 0.682799 -0.638546 -0.355027
    outer loop
      vertex 22.7274 30.5 42.0613
      vertex 22.8277 30.5 42.2542
      vertex 20.6699 27.5 43.5
    endloop
  endfacet
  facet normal -0.567368 -0.638557 -0.51994
    outer loop
      vertex 26.9215 30.5 42.6123
      vertex 28.8302 27.5 44.2139
      vertex 26.7746 30.5 42.7726
    endloop
  endfacet
  facet normal -0.567368 -0.638557 0.51994
    outer loop
      vertex 28.8302 27.5 37.7861
      vertex 26.9215 30.5 39.3877
      vertex 26.7746 30.5 39.2274
    endloop
  endfacet
  facet normal -0.543954 -0.638928 0.543954
    outer loop
      vertex 28.5355 27.5 37.4645
      vertex 26.7746 30.5 39.2274
      vertex 26.7736 30.5 39.2264
    endloop
  endfacet
  facet normal -0.567382 -0.638559 0.519924
    outer loop
      vertex 26.7746 30.5 39.2274
      vertex 28.5355 27.5 37.4645
      vertex 28.8302 27.5 37.7861
    endloop
  endfacet
  facet normal -0.76297 -0.638562 0.100577
    outer loop
      vertex 29.981 27.5 40.5642
      vertex 27.4702 30.5 40.5644
      vertex 29.924 27.5 40.1318
    endloop
  endfacet
  facet normal -0.762881 -0.638487 0.101717
    outer loop
      vertex 27.4702 30.5 40.5644
      vertex 29.981 27.5 40.5642
      vertex 27.4704 30.5 40.5659
    endloop
  endfacet
  facet normal 0.25943 -0.636423 0.726404
    outer loop
      vertex 24.1421 30.5 38.643
      vertex 23.7059 27.5 36.1704
      vertex 24.1435 30.5 38.6425
    endloop
  endfacet
  facet normal 0.231308 -0.638574 0.733975
    outer loop
      vertex 23.7059 27.5 36.1704
      vertex 24.1421 30.5 38.643
      vertex 23.2899 27.5 36.3015
    endloop
  endfacet
  facet normal 0.567382 -0.638559 0.519924
    outer loop
      vertex 21.4645 27.5 37.4645
      vertex 23.2254 30.5 39.2274
      vertex 21.1698 27.5 37.7861
    endloop
  endfacet
  facet normal 0.543954 -0.638928 0.543954
    outer loop
      vertex 23.2254 30.5 39.2274
      vertex 21.4645 27.5 37.4645
      vertex 23.2264 30.5 39.2264
    endloop
  endfacet
  facet normal -0.0332745 -0.638559 0.768854
    outer loop
      vertex 25.4358 27.5 36.019
      vertex 25.2186 30.5 38.5012
      vertex 25.0014 30.5 38.4918
    endloop
  endfacet
  facet normal -0.734007 -0.638572 0.231214
    outer loop
      vertex 29.8296 27.5 39.7059
      vertex 27.4228 30.5 40.3508
      vertex 27.3575 30.5 40.1435
    endloop
  endfacet
  facet normal -0.648961 -0.63855 -0.413647
    outer loop
      vertex 29.3301 27.5 43.5
      vertex 27.0547 30.5 42.4387
      vertex 27.1723 30.5 42.2542
    endloop
  endfacet
  facet normal -0.649107 -0.638569 -0.413389
    outer loop
      vertex 27.0547 30.5 42.4387
      vertex 29.3301 27.5 43.5
      vertex 29.0958 27.5 43.8679
    endloop
  endfacet
  facet normal -0.166533 -0.638557 -0.75134
    outer loop
      vertex 25.5094 29.988 43.889
      vertex 26.2941 27.5 45.8296
      vertex 25.8682 27.5 45.924
    endloop
  endfacet
  facet normal -0.166651 -0.638567 -0.751305
    outer loop
      vertex 26.2941 27.5 45.8296
      vertex 25.5094 29.988 43.889
      vertex 25.5698 30.0353 43.8354
    endloop
  endfacet
  facet normal -0.41339 -0.638567 -0.649108
    outer loop
      vertex 27.5 27.5 45.3301
      vertex 26.4429 30.4912 43.0607
      vertex 27.8679 27.5 45.0958
    endloop
  endfacet
  facet normal -0.413342 -0.63857 -0.649135
    outer loop
      vertex 26.4429 30.4912 43.0607
      vertex 27.5 27.5 45.3301
      vertex 26.2755 30.4486 43.2092
    endloop
  endfacet
  facet normal -0.51994 -0.638557 0.567368
    outer loop
      vertex 28.2139 27.5 37.1698
      vertex 26.7726 30.5 39.2254
      vertex 26.6123 30.5 39.0785
    endloop
  endfacet
  facet normal 0.51994 -0.638557 0.567368
    outer loop
      vertex 23.3877 30.5 39.0785
      vertex 23.2274 30.5 39.2254
      vertex 21.7861 27.5 37.1698
    endloop
  endfacet
  facet normal 0.10059 -0.638567 -0.762964
    outer loop
      vertex 24.5656 29.9203 43.9555
      vertex 24.7288 29.773 44.1003
      vertex 24.5642 27.5 45.981
    endloop
  endfacet
  facet normal 0.35564 -0.638574 -0.682454
    outer loop
      vertex 23.7245 30.4486 43.2092
      vertex 23.884 30.3861 43.3508
      vertex 22.5 27.5 45.3301
    endloop
  endfacet
  facet normal 0.707826 -0.637933 0.303354
    outer loop
      vertex 20.3015 27.5 39.2899
      vertex 22.7267 30.5 39.9399
      vertex 22.7261 30.5 39.9413
    endloop
  endfacet
  facet normal 0.710946 -0.638561 0.29461
    outer loop
      vertex 22.7267 30.5 39.9399
      vertex 20.3015 27.5 39.2899
      vertex 20.4685 27.5 38.8869
    endloop
  endfacet
  facet normal -0.682799 -0.638546 -0.355027
    outer loop
      vertex 27.2726 30.5 42.0613
      vertex 29.3301 27.5 43.5
      vertex 27.1723 30.5 42.2542
    endloop
  endfacet
  facet normal 0.35423 -0.638582 -0.683179
    outer loop
      vertex 22.8869 27.5 45.5315
      vertex 23.884 30.3861 43.3508
      vertex 23.898 30.3806 43.3632
    endloop
  endfacet
  facet normal 0.355342 -0.638551 -0.68263
    outer loop
      vertex 23.884 30.3861 43.3508
      vertex 22.8869 27.5 45.5315
      vertex 22.5 27.5 45.3301
    endloop
  endfacet
  facet normal -0.29461 -0.638561 0.710946
    outer loop
      vertex 26.0601 30.5 38.7267
      vertex 26.7101 27.5 36.3015
      vertex 27.1131 27.5 36.4685
    endloop
  endfacet
  facet normal -0.258274 -0.640567 0.723166
    outer loop
      vertex 26.7101 27.5 36.3015
      vertex 26.0601 30.5 38.7267
      vertex 26.0587 30.5 38.7262
    endloop
  endfacet
  facet normal -0.768108 -0.637965 -0.0548649
    outer loop
      vertex 30 27.5 41
      vertex 27.5082 30.5 41.0014
      vertex 27.5083 30.5 41
    endloop
  endfacet
  facet normal -0.76883 -0.638574 -0.0335194
    outer loop
      vertex 27.5082 30.5 41.0014
      vertex 30 27.5 41
      vertex 29.981 27.5 41.4358
    endloop
  endfacet
  facet normal 0.733975 -0.638574 -0.231308
    outer loop
      vertex 20.1704 27.5 42.2941
      vertex 22.643 30.5 41.8579
      vertex 20.3015 27.5 42.7101
    endloop
  endfacet
  facet normal 0.726404 -0.636423 -0.25943
    outer loop
      vertex 22.643 30.5 41.8579
      vertex 20.1704 27.5 42.2941
      vertex 22.6425 30.5 41.8565
    endloop
  endfacet
  facet normal 0.166607 -0.638564 -0.751318
    outer loop
      vertex 24.2767 30.1555 43.6992
      vertex 24.4302 30.0353 43.8354
      vertex 23.7059 27.5 45.8296
    endloop
  endfacet
  facet normal -0.75134 -0.638557 0.166533
    outer loop
      vertex 29.924 27.5 40.1318
      vertex 27.4699 30.5 40.563
      vertex 29.8296 27.5 39.7059
    endloop
  endfacet
  facet normal -0.752404 -0.638665 0.161229
    outer loop
      vertex 27.4699 30.5 40.563
      vertex 29.924 27.5 40.1318
      vertex 27.4702 30.5 40.5644
    endloop
  endfacet
  facet normal -0.734007 -0.638572 -0.231214
    outer loop
      vertex 27.4228 30.5 41.6492
      vertex 29.8296 27.5 42.2941
      vertex 27.3575 30.5 41.8565
    endloop
  endfacet
  facet normal -0.35564 -0.638574 -0.682454
    outer loop
      vertex 26.2755 30.4486 43.2092
      vertex 27.5 27.5 45.3301
      vertex 26.116 30.3861 43.3508
    endloop
  endfacet
  facet normal 0.75134 -0.638557 -0.166533
    outer loop
      vertex 20.076 27.5 41.8682
      vertex 22.5301 30.5 41.437
      vertex 20.1704 27.5 42.2941
    endloop
  endfacet
  facet normal 0.752404 -0.638665 -0.161229
    outer loop
      vertex 22.5301 30.5 41.437
      vertex 20.076 27.5 41.8682
      vertex 22.5298 30.5 41.4356
    endloop
  endfacet
  facet normal 0.0548649 -0.637965 0.768108
    outer loop
      vertex 24.9986 30.5 38.4918
      vertex 25 27.5 36
      vertex 25 30.5 38.4917
    endloop
  endfacet
  facet normal 0.0335194 -0.638574 0.76883
    outer loop
      vertex 25 27.5 36
      vertex 24.9986 30.5 38.4918
      vertex 24.5642 27.5 36.019
    endloop
  endfacet
  facet normal 0.610548 -0.638572 0.468462
    outer loop
      vertex 20.9042 27.5 38.1321
      vertex 23.0785 30.5 39.3877
      vertex 22.9453 30.5 39.5613
    endloop
  endfacet
  facet normal 0.610452 -0.638561 0.468602
    outer loop
      vertex 23.0785 30.5 39.3877
      vertex 20.9042 27.5 38.1321
      vertex 21.1698 27.5 37.7861
    endloop
  endfacet
  facet normal 0.166533 -0.638557 -0.75134
    outer loop
      vertex 23.7059 27.5 45.8296
      vertex 24.4906 29.988 43.889
      vertex 24.1318 27.5 45.924
    endloop
  endfacet
  facet normal 0.166651 -0.638567 -0.751305
    outer loop
      vertex 24.4906 29.988 43.889
      vertex 23.7059 27.5 45.8296
      vertex 24.4302 30.0353 43.8354
    endloop
  endfacet
  facet normal 0.768108 -0.637965 0.0548649
    outer loop
      vertex 20 27.5 41
      vertex 22.4918 30.5 40.9986
      vertex 22.4917 30.5 41
    endloop
  endfacet
  facet normal 0.76883 -0.638574 0.0335194
    outer loop
      vertex 22.4918 30.5 40.9986
      vertex 20 27.5 41
      vertex 20.019 27.5 40.5642
    endloop
  endfacet
  facet normal -0.682618 -0.638569 0.355335
    outer loop
      vertex 29.5315 27.5 38.8869
      vertex 27.2726 30.5 39.9387
      vertex 29.3301 27.5 38.5
    endloop
  endfacet
  facet normal -0.665624 -0.637324 0.388281
    outer loop
      vertex 27.2726 30.5 39.9387
      vertex 29.5315 27.5 38.8869
      vertex 27.2733 30.5 39.9399
    endloop
  endfacet
  facet normal 0.567382 -0.638559 -0.519924
    outer loop
      vertex 23.2254 30.5 42.7726
      vertex 21.4645 27.5 44.5355
      vertex 21.1698 27.5 44.2139
    endloop
  endfacet
  facet normal 0.543954 -0.638928 -0.543954
    outer loop
      vertex 21.4645 27.5 44.5355
      vertex 23.2254 30.5 42.7726
      vertex 23.2264 30.5 42.7736
    endloop
  endfacet
  facet normal -0.649107 -0.638569 0.413389
    outer loop
      vertex 29.3301 27.5 38.5
      vertex 27.0547 30.5 39.5613
      vertex 29.0958 27.5 38.1321
    endloop
  endfacet
  facet normal -0.648961 -0.63855 0.413647
    outer loop
      vertex 27.0547 30.5 39.5613
      vertex 29.3301 27.5 38.5
      vertex 27.1723 30.5 39.7458
    endloop
  endfacet
  facet normal 0.734007 -0.638572 0.231214
    outer loop
      vertex 22.6425 30.5 40.1435
      vertex 22.5772 30.5 40.3508
      vertex 20.1704 27.5 39.7059
    endloop
  endfacet
  facet normal 0.161229 -0.638665 0.752404
    outer loop
      vertex 24.563 30.5 38.5301
      vertex 24.1318 27.5 36.076
      vertex 24.5644 30.5 38.5298
    endloop
  endfacet
  facet normal 0.166533 -0.638557 0.75134
    outer loop
      vertex 24.1318 27.5 36.076
      vertex 24.563 30.5 38.5301
      vertex 23.7059 27.5 36.1704
    endloop
  endfacet
  facet normal 0.762881 -0.638487 0.101717
    outer loop
      vertex 20.019 27.5 40.5642
      vertex 22.5298 30.5 40.5644
      vertex 22.5296 30.5 40.5659
    endloop
  endfacet
  facet normal 0.76297 -0.638562 0.100577
    outer loop
      vertex 22.5298 30.5 40.5644
      vertex 20.019 27.5 40.5642
      vertex 20.076 27.5 40.1318
    endloop
  endfacet
  facet normal -0.710946 -0.638561 0.29461
    outer loop
      vertex 29.6985 27.5 39.2899
      vertex 27.2733 30.5 39.9399
      vertex 29.5315 27.5 38.8869
    endloop
  endfacet
  facet normal -0.707826 -0.637933 0.303354
    outer loop
      vertex 27.2733 30.5 39.9399
      vertex 29.6985 27.5 39.2899
      vertex 27.2739 30.5 39.9413
    endloop
  endfacet
  facet normal -0.0335194 -0.638574 -0.76883
    outer loop
      vertex 25 29.4974 44.341
      vertex 25.4358 27.5 45.981
      vertex 25 27.5 46
    endloop
  endfacet
  facet normal -0.0332055 -0.63854 -0.768872
    outer loop
      vertex 25.4358 27.5 45.981
      vertex 25 29.4974 44.341
      vertex 25.1278 29.6273 44.2276
    endloop
  endfacet
  facet normal -0.468599 -0.638566 -0.610449
    outer loop
      vertex 26.4429 30.4912 43.0607
      vertex 28.2139 27.5 44.8302
      vertex 27.8679 27.5 45.0958
    endloop
  endfacet
  facet normal -0.468437 -0.638552 -0.610588
    outer loop
      vertex 26.5198 30.5 42.9925
      vertex 28.2139 27.5 44.8302
      vertex 26.4429 30.4912 43.0607
    endloop
  endfacet
  facet normal -0.468578 -0.63856 -0.610471
    outer loop
      vertex 28.2139 27.5 44.8302
      vertex 26.5198 30.5 42.9925
      vertex 26.6123 30.5 42.9215
    endloop
  endfacet
  facet normal 0.768854 -0.638559 -0.0332745
    outer loop
      vertex 22.4918 30.5 41.0014
      vertex 22.5012 30.5 41.2186
      vertex 20.019 27.5 41.4358
    endloop
  endfacet
  facet normal -0.166533 -0.638557 0.75134
    outer loop
      vertex 25.437 30.5 38.5301
      vertex 25.8682 27.5 36.076
      vertex 26.2941 27.5 36.1704
    endloop
  endfacet
  facet normal -0.161229 -0.638665 0.752404
    outer loop
      vertex 25.8682 27.5 36.076
      vertex 25.437 30.5 38.5301
      vertex 25.4356 30.5 38.5298
    endloop
  endfacet
  facet normal 0.752404 -0.638665 0.161229
    outer loop
      vertex 20.076 27.5 40.1318
      vertex 22.5301 30.5 40.563
      vertex 22.5298 30.5 40.5644
    endloop
  endfacet
  facet normal 0.75134 -0.638557 0.166533
    outer loop
      vertex 22.5301 30.5 40.563
      vertex 20.076 27.5 40.1318
      vertex 20.1704 27.5 39.7059
    endloop
  endfacet
  facet normal -0.519924 -0.638559 -0.567382
    outer loop
      vertex 26.7726 30.5 42.7746
      vertex 28.5355 27.5 44.5355
      vertex 28.2139 27.5 44.8302
    endloop
  endfacet
  facet normal -0.543954 -0.638928 -0.543954
    outer loop
      vertex 28.5355 27.5 44.5355
      vertex 26.7726 30.5 42.7746
      vertex 26.7736 30.5 42.7736
    endloop
  endfacet
  facet normal -0.707826 -0.637933 -0.303354
    outer loop
      vertex 29.6985 27.5 42.7101
      vertex 27.2733 30.5 42.0601
      vertex 27.2739 30.5 42.0587
    endloop
  endfacet
  facet normal -0.710946 -0.638561 -0.29461
    outer loop
      vertex 27.2733 30.5 42.0601
      vertex 29.6985 27.5 42.7101
      vertex 29.5315 27.5 43.1131
    endloop
  endfacet
  facet normal -0.751278 -0.638572 -0.166754
    outer loop
      vertex 27.4699 30.5 41.437
      vertex 29.8296 27.5 42.2941
      vertex 27.4228 30.5 41.6492
    endloop
  endfacet
  facet normal -0.733975 -0.638574 0.231308
    outer loop
      vertex 29.8296 27.5 39.7059
      vertex 27.357 30.5 40.1421
      vertex 29.6985 27.5 39.2899
    endloop
  endfacet
  facet normal -0.726404 -0.636423 0.25943
    outer loop
      vertex 27.357 30.5 40.1421
      vertex 29.8296 27.5 39.7059
      vertex 27.3575 30.5 40.1435
    endloop
  endfacet
  facet normal 0.413647 -0.63855 0.648961
    outer loop
      vertex 23.5613 30.5 38.9453
      vertex 22.5 27.5 36.6699
      vertex 23.7458 30.5 38.8277
    endloop
  endfacet
  facet normal 0.413389 -0.638569 0.649107
    outer loop
      vertex 22.5 27.5 36.6699
      vertex 23.5613 30.5 38.9453
      vertex 22.1321 27.5 36.9042
    endloop
  endfacet
  facet normal 0.682799 -0.638546 0.355027
    outer loop
      vertex 22.8277 30.5 39.7458
      vertex 22.7274 30.5 39.9387
      vertex 20.6699 27.5 38.5
    endloop
  endfacet
  facet normal 0.567368 -0.638557 0.51994
    outer loop
      vertex 23.2254 30.5 39.2274
      vertex 23.0785 30.5 39.3877
      vertex 21.1698 27.5 37.7861
    endloop
  endfacet
  facet normal -0.752404 -0.638665 -0.161229
    outer loop
      vertex 29.924 27.5 41.8682
      vertex 27.4699 30.5 41.437
      vertex 27.4702 30.5 41.4356
    endloop
  endfacet
  facet normal -0.75134 -0.638557 -0.166533
    outer loop
      vertex 27.4699 30.5 41.437
      vertex 29.924 27.5 41.8682
      vertex 29.8296 27.5 42.2941
    endloop
  endfacet
  facet normal -0.543954 -0.638928 -0.543954
    outer loop
      vertex 26.7746 30.5 42.7726
      vertex 28.5355 27.5 44.5355
      vertex 26.7736 30.5 42.7736
    endloop
  endfacet
  facet normal -0.567382 -0.638559 -0.519924
    outer loop
      vertex 28.5355 27.5 44.5355
      vertex 26.7746 30.5 42.7726
      vertex 28.8302 27.5 44.2139
    endloop
  endfacet
  facet normal -0.762972 -0.638563 0.100549
    outer loop
      vertex 29.981 27.5 40.5642
      vertex 27.4988 30.5 40.7814
      vertex 27.4704 30.5 40.5659
    endloop
  endfacet
  facet normal -0.51994 -0.638557 -0.567368
    outer loop
      vertex 26.7726 30.5 42.7746
      vertex 28.2139 27.5 44.8302
      vertex 26.6123 30.5 42.9215
    endloop
  endfacet
  facet normal 0.648961 -0.63855 0.413647
    outer loop
      vertex 20.6699 27.5 38.5
      vertex 22.9453 30.5 39.5613
      vertex 22.8277 30.5 39.7458
    endloop
  endfacet
  facet normal 0.649107 -0.638569 0.413389
    outer loop
      vertex 22.9453 30.5 39.5613
      vertex 20.6699 27.5 38.5
      vertex 20.9042 27.5 38.1321
    endloop
  endfacet
  facet normal 0.0332745 -0.638559 0.768854
    outer loop
      vertex 24.9986 30.5 38.4918
      vertex 24.7814 30.5 38.5012
      vertex 24.5642 27.5 36.019
    endloop
  endfacet
  facet normal -0.762881 -0.638487 -0.101717
    outer loop
      vertex 29.981 27.5 41.4358
      vertex 27.4702 30.5 41.4356
      vertex 27.4704 30.5 41.4341
    endloop
  endfacet
  facet normal -0.76297 -0.638562 -0.100577
    outer loop
      vertex 27.4702 30.5 41.4356
      vertex 29.981 27.5 41.4358
      vertex 29.924 27.5 41.8682
    endloop
  endfacet
  facet normal -0.355342 -0.638551 -0.68263
    outer loop
      vertex 27.1131 27.5 45.5315
      vertex 26.116 30.3861 43.3508
      vertex 27.5 27.5 45.3301
    endloop
  endfacet
  facet normal -0.35423 -0.638582 -0.683179
    outer loop
      vertex 26.116 30.3861 43.3508
      vertex 27.1131 27.5 45.5315
      vertex 26.102 30.3806 43.3632
    endloop
  endfacet
  facet normal -0.294611 -0.638558 -0.710948
    outer loop
      vertex 26.7101 27.5 45.6985
      vertex 26.102 30.3806 43.3632
      vertex 27.1131 27.5 45.5315
    endloop
  endfacet
  facet normal -0.293551 -0.638634 -0.711318
    outer loop
      vertex 26.102 30.3806 43.3632
      vertex 26.7101 27.5 45.6985
      vertex 26.0864 30.3724 43.377
    endloop
  endfacet
  facet normal -0.166754 -0.638572 0.751278
    outer loop
      vertex 26.2941 27.5 36.1704
      vertex 25.6492 30.5 38.5772
      vertex 25.437 30.5 38.5301
    endloop
  endfacet
  facet normal 0.710946 -0.638561 -0.29461
    outer loop
      vertex 20.3015 27.5 42.7101
      vertex 22.7267 30.5 42.0601
      vertex 20.4685 27.5 43.1131
    endloop
  endfacet
  facet normal 0.707826 -0.637933 -0.303354
    outer loop
      vertex 22.7267 30.5 42.0601
      vertex 20.3015 27.5 42.7101
      vertex 22.7261 30.5 42.0587
    endloop
  endfacet
  facet normal 0.294576 -0.638574 0.710948
    outer loop
      vertex 24.1421 30.5 38.643
      vertex 23.9413 30.5 38.7262
      vertex 23.2899 27.5 36.3015
    endloop
  endfacet
  facet normal -0.0548649 -0.637965 0.768108
    outer loop
      vertex 25 27.5 36
      vertex 25.0014 30.5 38.4918
      vertex 25 30.5 38.4917
    endloop
  endfacet
  facet normal -0.0335194 -0.638574 0.76883
    outer loop
      vertex 25.0014 30.5 38.4918
      vertex 25 27.5 36
      vertex 25.4358 27.5 36.019
    endloop
  endfacet
  facet normal 0.543954 -0.638928 0.543954
    outer loop
      vertex 21.4645 27.5 37.4645
      vertex 23.2274 30.5 39.2254
      vertex 23.2264 30.5 39.2264
    endloop
  endfacet
  facet normal 0.519924 -0.638559 0.567382
    outer loop
      vertex 23.2274 30.5 39.2254
      vertex 21.4645 27.5 37.4645
      vertex 21.7861 27.5 37.1698
    endloop
  endfacet
  facet normal -0.100576 -0.638568 -0.762965
    outer loop
      vertex 25.4344 29.9203 43.9555
      vertex 25.8682 27.5 45.924
      vertex 25.4358 27.5 45.981
    endloop
  endfacet
  facet normal -0.100159 -0.63855 -0.763035
    outer loop
      vertex 25.8682 27.5 45.924
      vertex 25.4344 29.9203 43.9555
      vertex 25.5094 29.988 43.889
    endloop
  endfacet
  facet normal 0.166754 -0.638572 0.751278
    outer loop
      vertex 24.563 30.5 38.5301
      vertex 24.3508 30.5 38.5772
      vertex 23.7059 27.5 36.1704
    endloop
  endfacet
  facet normal 0.388281 -0.637324 0.665624
    outer loop
      vertex 23.9387 30.5 38.7274
      vertex 22.8869 27.5 36.4685
      vertex 23.9399 30.5 38.7267
    endloop
  endfacet
  facet normal 0.355335 -0.638569 0.682618
    outer loop
      vertex 22.8869 27.5 36.4685
      vertex 23.9387 30.5 38.7274
      vertex 22.5 27.5 36.6699
    endloop
  endfacet
  facet normal -0.682799 -0.638546 0.355027
    outer loop
      vertex 29.3301 27.5 38.5
      vertex 27.2726 30.5 39.9387
      vertex 27.1723 30.5 39.7458
    endloop
  endfacet
  facet normal -0.751278 -0.638572 0.166754
    outer loop
      vertex 29.8296 27.5 39.7059
      vertex 27.4699 30.5 40.563
      vertex 27.4228 30.5 40.3508
    endloop
  endfacet
  facet normal 0.682618 -0.638569 -0.355335
    outer loop
      vertex 20.4685 27.5 43.1131
      vertex 22.7274 30.5 42.0613
      vertex 20.6699 27.5 43.5
    endloop
  endfacet
  facet normal 0.665624 -0.637324 -0.388281
    outer loop
      vertex 22.7274 30.5 42.0613
      vertex 20.4685 27.5 43.1131
      vertex 22.7267 30.5 42.0601
    endloop
  endfacet
  facet normal -0.231308 -0.638574 0.733975
    outer loop
      vertex 25.8579 30.5 38.643
      vertex 26.2941 27.5 36.1704
      vertex 26.7101 27.5 36.3015
    endloop
  endfacet
  facet normal -0.25943 -0.636423 0.726404
    outer loop
      vertex 26.2941 27.5 36.1704
      vertex 25.8579 30.5 38.643
      vertex 25.8565 30.5 38.6425
    endloop
  endfacet
  facet normal -0.413389 -0.638569 0.649107
    outer loop
      vertex 26.4387 30.5 38.9453
      vertex 27.5 27.5 36.6699
      vertex 27.8679 27.5 36.9042
    endloop
  endfacet
  facet normal -0.413647 -0.63855 0.648961
    outer loop
      vertex 27.5 27.5 36.6699
      vertex 26.4387 30.5 38.9453
      vertex 26.2542 30.5 38.8277
    endloop
  endfacet
  facet normal 0.762972 -0.638563 0.100549
    outer loop
      vertex 22.5296 30.5 40.5659
      vertex 22.5012 30.5 40.7814
      vertex 20.019 27.5 40.5642
    endloop
  endfacet
  facet normal 0.768854 -0.638559 0.0332745
    outer loop
      vertex 22.5012 30.5 40.7814
      vertex 22.4918 30.5 40.9986
      vertex 20.019 27.5 40.5642
    endloop
  endfacet
  facet normal -0.665624 -0.637324 -0.388281
    outer loop
      vertex 29.5315 27.5 43.1131
      vertex 27.2726 30.5 42.0613
      vertex 27.2733 30.5 42.0601
    endloop
  endfacet
  facet normal -0.682618 -0.638569 -0.355335
    outer loop
      vertex 27.2726 30.5 42.0613
      vertex 29.5315 27.5 43.1131
      vertex 29.3301 27.5 43.5
    endloop
  endfacet
  facet normal -0.610452 -0.638561 -0.468602
    outer loop
      vertex 26.9215 30.5 42.6123
      vertex 29.0958 27.5 43.8679
      vertex 28.8302 27.5 44.2139
    endloop
  endfacet
  facet normal -0.610548 -0.638572 -0.468462
    outer loop
      vertex 29.0958 27.5 43.8679
      vertex 26.9215 30.5 42.6123
      vertex 27.0547 30.5 42.4387
    endloop
  endfacet
  facet normal 0.76297 -0.638562 -0.100577
    outer loop
      vertex 20.019 27.5 41.4358
      vertex 22.5298 30.5 41.4356
      vertex 20.076 27.5 41.8682
    endloop
  endfacet
  facet normal 0.762881 -0.638487 -0.101717
    outer loop
      vertex 22.5298 30.5 41.4356
      vertex 20.019 27.5 41.4358
      vertex 22.5296 30.5 41.4341
    endloop
  endfacet
  facet normal 0.468599 -0.638566 -0.610449
    outer loop
      vertex 21.7861 27.5 44.8302
      vertex 23.5571 30.4912 43.0607
      vertex 22.1321 27.5 45.0958
    endloop
  endfacet
  facet normal 0.468437 -0.638552 -0.610588
    outer loop
      vertex 21.7861 27.5 44.8302
      vertex 23.4802 30.5 42.9925
      vertex 23.5571 30.4912 43.0607
    endloop
  endfacet
  facet normal 0.468578 -0.63856 -0.610471
    outer loop
      vertex 23.4802 30.5 42.9925
      vertex 21.7861 27.5 44.8302
      vertex 23.3877 30.5 42.9215
    endloop
  endfacet
  facet normal 0.258274 -0.640567 0.723166
    outer loop
      vertex 23.9399 30.5 38.7267
      vertex 23.2899 27.5 36.3015
      vertex 23.9413 30.5 38.7262
    endloop
  endfacet
  facet normal 0.29461 -0.638561 0.710946
    outer loop
      vertex 23.2899 27.5 36.3015
      vertex 23.9399 30.5 38.7267
      vertex 22.8869 27.5 36.4685
    endloop
  endfacet
  facet normal -0.231214 -0.638572 0.734007
    outer loop
      vertex 26.2941 27.5 36.1704
      vertex 25.8565 30.5 38.6425
      vertex 25.6492 30.5 38.5772
    endloop
  endfacet
  facet normal 0.711068 -0.638581 -0.294272
    outer loop
      vertex 22.643 30.5 41.8579
      vertex 22.7261 30.5 42.0587
      vertex 20.3015 27.5 42.7101
    endloop
  endfacet
  facet normal -0.231312 -0.638558 -0.733988
    outer loop
      vertex 25.8907 30.2656 43.5507
      vertex 26.7101 27.5 45.6985
      vertex 26.2941 27.5 45.8296
    endloop
  endfacet
  facet normal -0.232278 -0.638588 -0.733657
    outer loop
      vertex 26.7101 27.5 45.6985
      vertex 25.8907 30.2656 43.5507
      vertex 25.9192 30.2843 43.5254
    endloop
  endfacet
  facet normal 0.751278 -0.638572 -0.166754
    outer loop
      vertex 22.5301 30.5 41.437
      vertex 22.5772 30.5 41.6492
      vertex 20.1704 27.5 42.2941
    endloop
  endfacet
  facet normal 0.231162 -0.638568 -0.734026
    outer loop
      vertex 24.1093 30.2656 43.5507
      vertex 24.2767 30.1555 43.6992
      vertex 23.7059 27.5 45.8296
    endloop
  endfacet
  facet normal -0.610548 -0.638572 0.468462
    outer loop
      vertex 26.9215 30.5 39.3877
      vertex 29.0958 27.5 38.1321
      vertex 27.0547 30.5 39.5613
    endloop
  endfacet
  facet normal -0.610452 -0.638561 0.468602
    outer loop
      vertex 29.0958 27.5 38.1321
      vertex 26.9215 30.5 39.3877
      vertex 28.8302 27.5 37.7861
    endloop
  endfacet
  facet normal -0.231162 -0.638568 -0.734026
    outer loop
      vertex 25.8907 30.2656 43.5507
      vertex 26.2941 27.5 45.8296
      vertex 25.7233 30.1555 43.6992
    endloop
  endfacet
  facet normal -0.294554 -0.638566 -0.710965
    outer loop
      vertex 26.0864 30.3724 43.377
      vertex 26.7101 27.5 45.6985
      vertex 25.9192 30.2843 43.5254
    endloop
  endfacet
  facet normal 0.293551 -0.638634 -0.711318
    outer loop
      vertex 23.2899 27.5 45.6985
      vertex 23.898 30.3806 43.3632
      vertex 23.9136 30.3724 43.377
    endloop
  endfacet
  facet normal 0.294611 -0.638558 -0.710948
    outer loop
      vertex 23.898 30.3806 43.3632
      vertex 23.2899 27.5 45.6985
      vertex 22.8869 27.5 45.5315
    endloop
  endfacet
  facet normal 0.0335194 -0.638574 -0.76883
    outer loop
      vertex 24.5642 27.5 45.981
      vertex 25 29.4974 44.341
      vertex 25 27.5 46
    endloop
  endfacet
  facet normal 0.0332055 -0.63854 -0.768872
    outer loop
      vertex 25 29.4974 44.341
      vertex 24.5642 27.5 45.981
      vertex 24.8722 29.6273 44.2276
    endloop
  endfacet
  facet normal -0.711068 -0.638581 -0.294272
    outer loop
      vertex 27.357 30.5 41.8579
      vertex 29.6985 27.5 42.7101
      vertex 27.2739 30.5 42.0587
    endloop
  endfacet
  facet normal -0.726404 -0.636423 -0.25943
    outer loop
      vertex 29.8296 27.5 42.2941
      vertex 27.357 30.5 41.8579
      vertex 27.3575 30.5 41.8565
    endloop
  endfacet
  facet normal -0.733975 -0.638574 -0.231308
    outer loop
      vertex 27.357 30.5 41.8579
      vertex 29.8296 27.5 42.2941
      vertex 29.6985 27.5 42.7101
    endloop
  endfacet
  facet normal -0.768854 -0.638559 0.0332745
    outer loop
      vertex 29.981 27.5 40.5642
      vertex 27.5082 30.5 40.9986
      vertex 27.4988 30.5 40.7814
    endloop
  endfacet
  facet normal 0.751278 -0.638572 0.166754
    outer loop
      vertex 22.5772 30.5 40.3508
      vertex 22.5301 30.5 40.563
      vertex 20.1704 27.5 39.7059
    endloop
  endfacet
  facet normal 0.726404 -0.636423 0.25943
    outer loop
      vertex 20.1704 27.5 39.7059
      vertex 22.643 30.5 40.1421
      vertex 22.6425 30.5 40.1435
    endloop
  endfacet
  facet normal 0.733975 -0.638574 0.231308
    outer loop
      vertex 22.643 30.5 40.1421
      vertex 20.1704 27.5 39.7059
      vertex 20.3015 27.5 39.2899
    endloop
  endfacet
  facet normal -0.762972 -0.638563 -0.100549
    outer loop
      vertex 27.4988 30.5 41.2186
      vertex 29.981 27.5 41.4358
      vertex 27.4704 30.5 41.4341
    endloop
  endfacet
  facet normal -0.768854 -0.638559 -0.0332745
    outer loop
      vertex 27.5082 30.5 41.0014
      vertex 29.981 27.5 41.4358
      vertex 27.4988 30.5 41.2186
    endloop
  endfacet
  facet normal 0.101717 -0.638487 0.762881
    outer loop
      vertex 24.5644 30.5 38.5298
      vertex 24.5642 27.5 36.019
      vertex 24.5659 30.5 38.5296
    endloop
  endfacet
  facet normal 0.100577 -0.638562 0.76297
    outer loop
      vertex 24.5642 27.5 36.019
      vertex 24.5644 30.5 38.5298
      vertex 24.1318 27.5 36.076
    endloop
  endfacet
  facet normal 0.76883 -0.638574 -0.0335194
    outer loop
      vertex 20 27.5 41
      vertex 22.4918 30.5 41.0014
      vertex 20.019 27.5 41.4358
    endloop
  endfacet
  facet normal 0.768108 -0.637965 -0.0548649
    outer loop
      vertex 22.4918 30.5 41.0014
      vertex 20 27.5 41
      vertex 22.4917 30.5 41
    endloop
  endfacet
  facet normal 0.231214 -0.638572 0.734007
    outer loop
      vertex 24.3508 30.5 38.5772
      vertex 24.1435 30.5 38.6425
      vertex 23.7059 27.5 36.1704
    endloop
  endfacet
  facet normal -0.468469 -0.638557 0.610558
    outer loop
      vertex 26.4387 30.5 38.9453
      vertex 28.2139 27.5 37.1698
      vertex 26.6123 30.5 39.0785
    endloop
  endfacet
  facet normal -0.468598 -0.638568 0.610448
    outer loop
      vertex 28.2139 27.5 37.1698
      vertex 26.4387 30.5 38.9453
      vertex 27.8679 27.5 36.9042
    endloop
  endfacet
  facet normal 0.711068 -0.638581 0.294272
    outer loop
      vertex 22.7261 30.5 39.9413
      vertex 22.643 30.5 40.1421
      vertex 20.3015 27.5 39.2899
    endloop
  endfacet
  facet normal 0.567368 -0.638557 -0.51994
    outer loop
      vertex 23.0785 30.5 42.6123
      vertex 23.2254 30.5 42.7726
      vertex 21.1698 27.5 44.2139
    endloop
  endfacet
  facet normal 0.51994 -0.638557 -0.567368
    outer loop
      vertex 23.2274 30.5 42.7746
      vertex 23.3877 30.5 42.9215
      vertex 21.7861 27.5 44.8302
    endloop
  endfacet
  facet normal -0.100577 -0.638562 0.76297
    outer loop
      vertex 25.4356 30.5 38.5298
      vertex 25.4358 27.5 36.019
      vertex 25.8682 27.5 36.076
    endloop
  endfacet
  facet normal -0.101717 -0.638487 0.762881
    outer loop
      vertex 25.4358 27.5 36.019
      vertex 25.4356 30.5 38.5298
      vertex 25.4341 30.5 38.5296
    endloop
  endfacet
  facet normal -0.711068 -0.638581 0.294272
    outer loop
      vertex 29.6985 27.5 39.2899
      vertex 27.357 30.5 40.1421
      vertex 27.2739 30.5 39.9413
    endloop
  endfacet
  facet normal 0.033692 -0.638572 -0.768824
    outer loop
      vertex 24.7288 29.773 44.1003
      vertex 24.8722 29.6273 44.2276
      vertex 24.5642 27.5 45.981
    endloop
  endfacet
  facet normal 0.100576 -0.638568 -0.762965
    outer loop
      vertex 24.1318 27.5 45.924
      vertex 24.5656 29.9203 43.9555
      vertex 24.5642 27.5 45.981
    endloop
  endfacet
  facet normal 0.100159 -0.63855 -0.763035
    outer loop
      vertex 24.5656 29.9203 43.9555
      vertex 24.1318 27.5 45.924
      vertex 24.4906 29.988 43.889
    endloop
  endfacet
  facet normal 0.734007 -0.638572 -0.231214
    outer loop
      vertex 22.5772 30.5 41.6492
      vertex 22.6425 30.5 41.8565
      vertex 20.1704 27.5 42.2941
    endloop
  endfacet
  facet normal -0.10059 -0.638567 -0.762964
    outer loop
      vertex 25.4344 29.9203 43.9555
      vertex 25.4358 27.5 45.981
      vertex 25.2712 29.773 44.1003
    endloop
  endfacet
  facet normal 0.610452 -0.638561 -0.468602
    outer loop
      vertex 20.9042 27.5 43.8679
      vertex 23.0785 30.5 42.6123
      vertex 21.1698 27.5 44.2139
    endloop
  endfacet
  facet normal 0.610548 -0.638572 -0.468462
    outer loop
      vertex 23.0785 30.5 42.6123
      vertex 20.9042 27.5 43.8679
      vertex 22.9453 30.5 42.4387
    endloop
  endfacet
  facet normal -0.033692 -0.638572 -0.768824
    outer loop
      vertex 25.2712 29.773 44.1003
      vertex 25.4358 27.5 45.981
      vertex 25.1278 29.6273 44.2276
    endloop
  endfacet
  facet normal 0.294554 -0.638566 -0.710965
    outer loop
      vertex 23.9136 30.3724 43.377
      vertex 24.0808 30.2843 43.5254
      vertex 23.2899 27.5 45.6985
    endloop
  endfacet
  facet normal 0.231312 -0.638558 -0.733988
    outer loop
      vertex 23.2899 27.5 45.6985
      vertex 24.1093 30.2656 43.5507
      vertex 23.7059 27.5 45.8296
    endloop
  endfacet
  facet normal 0.232278 -0.638588 -0.733657
    outer loop
      vertex 24.1093 30.2656 43.5507
      vertex 23.2899 27.5 45.6985
      vertex 24.0808 30.2843 43.5254
    endloop
  endfacet
  facet normal 0.649107 -0.638569 -0.413389
    outer loop
      vertex 20.6699 27.5 43.5
      vertex 22.9453 30.5 42.4387
      vertex 20.9042 27.5 43.8679
    endloop
  endfacet
  facet normal 0.648961 -0.63855 -0.413647
    outer loop
      vertex 22.9453 30.5 42.4387
      vertex 20.6699 27.5 43.5
      vertex 22.8277 30.5 42.2542
    endloop
  endfacet
  facet normal 0.355027 -0.638546 0.682799
    outer loop
      vertex 23.9387 30.5 38.7274
      vertex 23.7458 30.5 38.8277
      vertex 22.5 27.5 36.6699
    endloop
  endfacet
  facet normal 0.468469 -0.638557 0.610558
    outer loop
      vertex 21.7861 27.5 37.1698
      vertex 23.5613 30.5 38.9453
      vertex 23.3877 30.5 39.0785
    endloop
  endfacet
  facet normal 0.468598 -0.638568 0.610448
    outer loop
      vertex 23.5613 30.5 38.9453
      vertex 21.7861 27.5 37.1698
      vertex 22.1321 27.5 36.9042
    endloop
  endfacet
  facet normal 0.66371 0 -0.74799
    outer loop
      vertex -0.1278 29.6273 17.2276
      vertex 0 30.5 17.341
      vertex 0 29.4974 17.341
    endloop
  endfacet
  facet normal 0.663762 -1.36126e-05 -0.747944
    outer loop
      vertex -0.271242 29.773 17.1003
      vertex 0 30.5 17.341
      vertex -0.1278 29.6273 17.2276
    endloop
  endfacet
  facet normal 0.663691 3.3582e-05 -0.748007
    outer loop
      vertex -0.434445 29.9203 16.9555
      vertex 0 30.5 17.341
      vertex -0.271242 29.773 17.1003
    endloop
  endfacet
  facet normal 0.663663 7.05564e-05 -0.748031
    outer loop
      vertex -0.509406 29.988 16.889
      vertex 0 30.5 17.341
      vertex -0.434445 29.9203 16.9555
    endloop
  endfacet
  facet normal 0.663901 -0.000353031 -0.74782
    outer loop
      vertex -0.569756 30.0353 16.8354
      vertex 0 30.5 17.341
      vertex -0.509406 29.988 16.889
    endloop
  endfacet
  facet normal 0.663716 5.26628e-05 -0.747984
    outer loop
      vertex -0.723258 30.1555 16.6992
      vertex 0 30.5 17.341
      vertex -0.569756 30.0353 16.8354
    endloop
  endfacet
  facet normal 0.663639 0.000343366 -0.748053
    outer loop
      vertex -0.890704 30.2656 16.5507
      vertex 0 30.5 17.341
      vertex -0.723258 30.1555 16.6992
    endloop
  endfacet
  facet normal 0.663865 -0.00119704 -0.747851
    outer loop
      vertex -0.919171 30.2843 16.5254
      vertex 0 30.5 17.341
      vertex -0.890704 30.2656 16.5507
    endloop
  endfacet
  facet normal 0.663699 7.32557e-05 -0.748
    outer loop
      vertex -1.08643 30.3724 16.377
      vertex 0 30.5 17.341
      vertex -0.919171 30.2843 16.5254
    endloop
  endfacet
  facet normal 0.663715 -0.000174003 -0.747985
    outer loop
      vertex -1.10198 30.3806 16.3632
      vertex 0 30.5 17.341
      vertex -1.08643 30.3724 16.377
    endloop
  endfacet
  facet normal 0.663558 0.0023847 -0.748121
    outer loop
      vertex -1.11598 30.3861 16.3508
      vertex 0 30.5 17.341
      vertex -1.10198 30.3806 16.3632
    endloop
  endfacet
  facet normal 0.663728 -0.000562047 -0.747974
    outer loop
      vertex -1.2755 30.4486 16.2092
      vertex 0 30.5 17.341
      vertex -1.11598 30.3861 16.3508
    endloop
  endfacet
  facet normal 0.663699 0.000747368 -0.748
    outer loop
      vertex -1.44291 30.4912 16.0607
      vertex 0 30.5 17.341
      vertex -1.2755 30.4486 16.2092
    endloop
  endfacet
  facet normal 0.66369 0.00271856 -0.748003
    outer loop
      vertex 0 30.5 17.341
      vertex -1.44291 30.4912 16.0607
      vertex -1.51981 30.5 15.9925
    endloop
  endfacet
  facet normal -0.663558 0.0023847 -0.748121
    outer loop
      vertex 0 30.5 17.341
      vertex 1.11598 30.3861 16.3508
      vertex 1.10198 30.3806 16.3632
    endloop
  endfacet
  facet normal -0.663699 7.32557e-05 -0.748
    outer loop
      vertex 0 30.5 17.341
      vertex 1.08643 30.3724 16.377
      vertex 0.919171 30.2843 16.5254
    endloop
  endfacet
  facet normal -0.663639 0.000343366 -0.748053
    outer loop
      vertex 0 30.5 17.341
      vertex 0.890704 30.2656 16.5507
      vertex 0.723258 30.1555 16.6992
    endloop
  endfacet
  facet normal -0.66371 -0 -0.74799
    outer loop
      vertex 0 30.5 17.341
      vertex 0.1278 29.6273 17.2276
      vertex 0 29.4974 17.341
    endloop
  endfacet
  facet normal -0.66369 0.00271856 -0.748003
    outer loop
      vertex 1.44291 30.4912 16.0607
      vertex 0 30.5 17.341
      vertex 1.51981 30.5 15.9925
    endloop
  endfacet
  facet normal -0.663699 0.000747368 -0.748
    outer loop
      vertex 1.2755 30.4486 16.2092
      vertex 0 30.5 17.341
      vertex 1.44291 30.4912 16.0607
    endloop
  endfacet
  facet normal -0.663728 -0.000562047 -0.747974
    outer loop
      vertex 1.11598 30.3861 16.3508
      vertex 0 30.5 17.341
      vertex 1.2755 30.4486 16.2092
    endloop
  endfacet
  facet normal -0.663715 -0.000174003 -0.747985
    outer loop
      vertex 1.08643 30.3724 16.377
      vertex 0 30.5 17.341
      vertex 1.10198 30.3806 16.3632
    endloop
  endfacet
  facet normal -0.663865 -0.00119704 -0.747851
    outer loop
      vertex 0.890704 30.2656 16.5507
      vertex 0 30.5 17.341
      vertex 0.919171 30.2843 16.5254
    endloop
  endfacet
  facet normal -0.663716 5.26628e-05 -0.747984
    outer loop
      vertex 0.569756 30.0353 16.8354
      vertex 0 30.5 17.341
      vertex 0.723258 30.1555 16.6992
    endloop
  endfacet
  facet normal -0.663901 -0.000353031 -0.74782
    outer loop
      vertex 0.509406 29.988 16.889
      vertex 0 30.5 17.341
      vertex 0.569756 30.0353 16.8354
    endloop
  endfacet
  facet normal -0.663663 7.05564e-05 -0.748031
    outer loop
      vertex 0.434445 29.9203 16.9555
      vertex 0 30.5 17.341
      vertex 0.509406 29.988 16.889
    endloop
  endfacet
  facet normal -0.663691 3.3582e-05 -0.748007
    outer loop
      vertex 0.271242 29.773 17.1003
      vertex 0 30.5 17.341
      vertex 0.434445 29.9203 16.9555
    endloop
  endfacet
  facet normal -0.663762 -1.36126e-05 -0.747944
    outer loop
      vertex 0.1278 29.6273 17.2276
      vertex 0 30.5 17.341
      vertex 0.271242 29.773 17.1003
    endloop
  endfacet
  facet normal -0.768833 -0.638567 0.0335725
    outer loop
      vertex 5 27.5 14
      vertex 2.50824 30.5 13.9986
      vertex 4.98097 27.5 13.5642
    endloop
  endfacet
  facet normal -0.7687 -0.638454 0.038435
    outer loop
      vertex 2.50824 30.5 13.9986
      vertex 5 27.5 14
      vertex 2.50831 30.5 14
    endloop
  endfacet
  facet normal -0.100544 -0.638558 0.762977
    outer loop
      vertex 0.435779 27.5 9.01903
      vertex 0.434126 30.5 11.5296
      vertex 0.218613 30.5 11.5012
    endloop
  endfacet
  facet normal -0.294237 -0.638577 0.711086
    outer loop
      vertex 1.7101 27.5 9.30154
      vertex 1.05872 30.5 11.7261
      vertex 0.857891 30.5 11.643
    endloop
  endfacet
  facet normal 0.672398 -0.637918 0.375422
    outer loop
      vertex -4.53154 27.5 11.8869
      vertex -2.27263 30.5 12.9387
      vertex -2.2733 30.5 12.9399
    endloop
  endfacet
  facet normal 0.68261 -0.63857 0.355349
    outer loop
      vertex -2.27263 30.5 12.9387
      vertex -4.53154 27.5 11.8869
      vertex -4.33013 27.5 11.5
    endloop
  endfacet
  facet normal -0.355154 -0.638557 0.682724
    outer loop
      vertex 2.5 27.5 9.66987
      vertex 1.25415 30.5 11.8277
      vertex 1.06134 30.5 11.7274
    endloop
  endfacet
  facet normal 0.519929 -0.638565 -0.56737
    outer loop
      vertex -3.53553 27.5 17.5355
      vertex -1.77257 30.5 15.7746
      vertex -3.21394 27.5 17.8302
    endloop
  endfacet
  facet normal 0.525382 -0.638711 -0.562159
    outer loop
      vertex -1.77257 30.5 15.7746
      vertex -3.53553 27.5 17.5355
      vertex -1.77364 30.5 15.7736
    endloop
  endfacet
  facet normal 0.762983 -0.638567 -0.100445
    outer loop
      vertex -2.49876 30.5 14.2186
      vertex -2.47039 30.5 14.4341
      vertex -4.98097 27.5 14.4358
    endloop
  endfacet
  facet normal -0.355341 -0.638571 0.682613
    outer loop
      vertex 1.06134 30.5 11.7274
      vertex 2.11309 27.5 9.46846
      vertex 2.5 27.5 9.66987
    endloop
  endfacet
  facet normal -0.369414 -0.638148 0.6755
    outer loop
      vertex 2.11309 27.5 9.46846
      vertex 1.06134 30.5 11.7274
      vertex 1.06006 30.5 11.7267
    endloop
  endfacet
  facet normal -0.166603 -0.638565 -0.751317
    outer loop
      vertex 0.723258 30.1555 16.6992
      vertex 1.2941 27.5 18.8296
      vertex 0.569756 30.0353 16.8354
    endloop
  endfacet
  facet normal -0.525382 -0.638711 0.562159
    outer loop
      vertex 1.77257 30.5 12.2254
      vertex 3.53553 27.5 10.4645
      vertex 1.77364 30.5 12.2264
    endloop
  endfacet
  facet normal -0.519929 -0.638565 0.56737
    outer loop
      vertex 3.53553 27.5 10.4645
      vertex 1.77257 30.5 12.2254
      vertex 3.21394 27.5 10.1698
    endloop
  endfacet
  facet normal 0.413326 -0.638571 -0.649145
    outer loop
      vertex -2.5 27.5 18.3301
      vertex -1.44291 30.4912 16.0607
      vertex -1.2755 30.4486 16.2092
    endloop
  endfacet
  facet normal 0.413407 -0.638565 -0.6491
    outer loop
      vertex -1.44291 30.4912 16.0607
      vertex -2.5 27.5 18.3301
      vertex -2.86788 27.5 18.0958
    endloop
  endfacet
  facet normal 0.100544 -0.638558 0.762977
    outer loop
      vertex -0.218613 30.5 11.5012
      vertex -0.434126 30.5 11.5296
      vertex -0.435779 27.5 9.01903
    endloop
  endfacet
  facet normal 0.682687 -0.63856 -0.355217
    outer loop
      vertex -2.27263 30.5 15.0613
      vertex -2.17226 30.5 15.2542
      vertex -4.33013 27.5 16.5
    endloop
  endfacet
  facet normal -0.567451 -0.638566 -0.519839
    outer loop
      vertex 1.92147 30.5 15.6123
      vertex 3.83022 27.5 17.2139
      vertex 1.77462 30.5 15.7726
    endloop
  endfacet
  facet normal -0.567451 -0.638566 0.519839
    outer loop
      vertex 3.83022 27.5 10.7861
      vertex 1.92147 30.5 12.3877
      vertex 1.77462 30.5 12.2274
    endloop
  endfacet
  facet normal -0.549432 -0.638908 0.538444
    outer loop
      vertex 3.53553 27.5 10.4645
      vertex 1.77462 30.5 12.2274
      vertex 1.77364 30.5 12.2264
    endloop
  endfacet
  facet normal -0.56739 -0.63856 0.519914
    outer loop
      vertex 1.77462 30.5 12.2274
      vertex 3.53553 27.5 10.4645
      vertex 3.83022 27.5 10.7861
    endloop
  endfacet
  facet normal -0.762983 -0.638565 0.100455
    outer loop
      vertex 4.98097 27.5 13.5642
      vertex 2.4702 30.5 13.5644
      vertex 4.92404 27.5 13.1318
    endloop
  endfacet
  facet normal -0.76327 -0.638805 0.0966809
    outer loop
      vertex 2.4702 30.5 13.5644
      vertex 4.98097 27.5 13.5642
      vertex 2.47039 30.5 13.5659
    endloop
  endfacet
  facet normal 0.262494 -0.636159 0.725533
    outer loop
      vertex -0.857891 30.5 11.643
      vertex -1.2941 27.5 9.17037
      vertex -0.856509 30.5 11.6425
    endloop
  endfacet
  facet normal 0.231421 -0.638572 0.733942
    outer loop
      vertex -1.2941 27.5 9.17037
      vertex -0.857891 30.5 11.643
      vertex -1.7101 27.5 9.30154
    endloop
  endfacet
  facet normal 0.56739 -0.63856 0.519914
    outer loop
      vertex -3.53553 27.5 10.4645
      vertex -1.77462 30.5 12.2274
      vertex -3.83022 27.5 10.7861
    endloop
  endfacet
  facet normal 0.549432 -0.638908 0.538444
    outer loop
      vertex -1.77462 30.5 12.2274
      vertex -3.53553 27.5 10.4645
      vertex -1.77364 30.5 12.2264
    endloop
  endfacet
  facet normal -0.03328 -0.638554 0.768857
    outer loop
      vertex 0.435779 27.5 9.01903
      vertex 0.218613 30.5 11.5012
      vertex 0.00144766 30.5 11.4918
    endloop
  endfacet
  facet normal -0.733941 -0.638566 0.231441
    outer loop
      vertex 4.82963 27.5 12.7059
      vertex 2.42284 30.5 13.3508
      vertex 2.35747 30.5 13.1435
    endloop
  endfacet
  facet normal -0.648986 -0.63856 -0.413592
    outer loop
      vertex 4.33013 27.5 16.5
      vertex 2.05468 30.5 15.4387
      vertex 2.17226 30.5 15.2542
    endloop
  endfacet
  facet normal -0.649051 -0.638569 -0.413477
    outer loop
      vertex 2.05468 30.5 15.4387
      vertex 4.33013 27.5 16.5
      vertex 4.09576 27.5 16.8679
    endloop
  endfacet
  facet normal -0.166548 -0.638558 -0.751336
    outer loop
      vertex 0.509406 29.988 16.889
      vertex 1.2941 27.5 18.8296
      vertex 0.86824 27.5 18.924
    endloop
  endfacet
  facet normal -0.166756 -0.638576 -0.751275
    outer loop
      vertex 1.2941 27.5 18.8296
      vertex 0.509406 29.988 16.889
      vertex 0.569756 30.0353 16.8354
    endloop
  endfacet
  facet normal -0.413407 -0.638565 -0.6491
    outer loop
      vertex 2.5 27.5 18.3301
      vertex 1.44291 30.4912 16.0607
      vertex 2.86788 27.5 18.0958
    endloop
  endfacet
  facet normal -0.413326 -0.638571 -0.649145
    outer loop
      vertex 1.44291 30.4912 16.0607
      vertex 2.5 27.5 18.3301
      vertex 1.2755 30.4486 16.2092
    endloop
  endfacet
  facet normal -0.52001 -0.638558 0.567303
    outer loop
      vertex 3.21394 27.5 10.1698
      vertex 1.77257 30.5 12.2254
      vertex 1.61231 30.5 12.0785
    endloop
  endfacet
  facet normal 0.52001 -0.638558 0.567303
    outer loop
      vertex -1.61231 30.5 12.0785
      vertex -1.77257 30.5 12.2254
      vertex -3.21394 27.5 10.1698
    endloop
  endfacet
  facet normal 0.10059 -0.638565 -0.762965
    outer loop
      vertex -0.434445 29.9203 16.9555
      vertex -0.271242 29.773 17.1003
      vertex -0.435779 27.5 18.981
    endloop
  endfacet
  facet normal 0.35561 -0.638573 -0.68247
    outer loop
      vertex -1.2755 30.4486 16.2092
      vertex -1.11598 30.3861 16.3508
      vertex -2.5 27.5 18.3301
    endloop
  endfacet
  facet normal 0.715622 -0.639412 0.281137
    outer loop
      vertex -4.69846 27.5 12.2899
      vertex -2.2733 30.5 12.9399
      vertex -2.27385 30.5 12.9413
    endloop
  endfacet
  facet normal 0.710994 -0.638564 0.294489
    outer loop
      vertex -2.2733 30.5 12.9399
      vertex -4.69846 27.5 12.2899
      vertex -4.53154 27.5 11.8869
    endloop
  endfacet
  facet normal -0.682687 -0.63856 -0.355217
    outer loop
      vertex 2.27263 30.5 15.0613
      vertex 4.33013 27.5 16.5
      vertex 2.17226 30.5 15.2542
    endloop
  endfacet
  facet normal 0.354229 -0.638583 -0.683179
    outer loop
      vertex -2.11309 27.5 18.5315
      vertex -1.11598 30.3861 16.3508
      vertex -1.10198 30.3806 16.3632
    endloop
  endfacet
  facet normal 0.355334 -0.638552 -0.682633
    outer loop
      vertex -1.11598 30.3861 16.3508
      vertex -2.11309 27.5 18.5315
      vertex -2.5 27.5 18.3301
    endloop
  endfacet
  facet normal -0.294495 -0.638566 0.71099
    outer loop
      vertex 1.06006 30.5 11.7267
      vertex 1.7101 27.5 9.30154
      vertex 2.11309 27.5 9.46846
    endloop
  endfacet
  facet normal -0.315024 -0.637003 0.703553
    outer loop
      vertex 1.7101 27.5 9.30154
      vertex 1.06006 30.5 11.7267
      vertex 1.05872 30.5 11.7261
    endloop
  endfacet
  facet normal -0.7687 -0.638454 -0.038435
    outer loop
      vertex 5 27.5 14
      vertex 2.50824 30.5 14.0014
      vertex 2.50831 30.5 14
    endloop
  endfacet
  facet normal -0.768833 -0.638567 -0.0335725
    outer loop
      vertex 2.50824 30.5 14.0014
      vertex 5 27.5 14
      vertex 4.98097 27.5 14.4358
    endloop
  endfacet
  facet normal 0.733946 -0.638567 -0.231422
    outer loop
      vertex -4.82963 27.5 15.2941
      vertex -2.35703 30.5 14.8579
      vertex -4.69846 27.5 15.7101
    endloop
  endfacet
  facet normal 0.734125 -0.638613 -0.230725
    outer loop
      vertex -2.35703 30.5 14.8579
      vertex -4.82963 27.5 15.2941
      vertex -2.35747 30.5 14.8565
    endloop
  endfacet
  facet normal 0.166603 -0.638565 -0.751317
    outer loop
      vertex -0.723258 30.1555 16.6992
      vertex -0.569756 30.0353 16.8354
      vertex -1.2941 27.5 18.8296
    endloop
  endfacet
  facet normal -0.751329 -0.638566 0.166548
    outer loop
      vertex 4.92404 27.5 13.1318
      vertex 2.46988 30.5 13.563
      vertex 4.82963 27.5 12.7059
    endloop
  endfacet
  facet normal -0.750315 -0.638448 0.1715
    outer loop
      vertex 2.46988 30.5 13.563
      vertex 4.92404 27.5 13.1318
      vertex 2.4702 30.5 13.5644
    endloop
  endfacet
  facet normal -0.733941 -0.638566 -0.231441
    outer loop
      vertex 2.42284 30.5 14.6492
      vertex 4.82963 27.5 15.2941
      vertex 2.35747 30.5 14.8565
    endloop
  endfacet
  facet normal -0.35561 -0.638573 -0.68247
    outer loop
      vertex 1.2755 30.4486 16.2092
      vertex 2.5 27.5 18.3301
      vertex 1.11598 30.3861 16.3508
    endloop
  endfacet
  facet normal 0.751329 -0.638566 -0.166548
    outer loop
      vertex -4.92404 27.5 14.8682
      vertex -2.46988 30.5 14.437
      vertex -4.82963 27.5 15.2941
    endloop
  endfacet
  facet normal 0.750315 -0.638448 -0.1715
    outer loop
      vertex -2.46988 30.5 14.437
      vertex -4.92404 27.5 14.8682
      vertex -2.4702 30.5 14.4356
    endloop
  endfacet
  facet normal 0.0530638 -0.638027 0.768183
    outer loop
      vertex -0.00144766 30.5 11.4918
      vertex 0 27.5 9
      vertex 0 30.5 11.4917
    endloop
  endfacet
  facet normal 0.0335739 -0.638573 0.768829
    outer loop
      vertex 0 27.5 9
      vertex -0.00144766 30.5 11.4918
      vertex -0.435779 27.5 9.01903
    endloop
  endfacet
  facet normal 0.610533 -0.638569 0.468486
    outer loop
      vertex -4.09576 27.5 11.1321
      vertex -1.92147 30.5 12.3877
      vertex -2.05468 30.5 12.5613
    endloop
  endfacet
  facet normal 0.610501 -0.638565 0.468533
    outer loop
      vertex -1.92147 30.5 12.3877
      vertex -4.09576 27.5 11.1321
      vertex -3.83022 27.5 10.7861
    endloop
  endfacet
  facet normal 0.166548 -0.638558 -0.751336
    outer loop
      vertex -1.2941 27.5 18.8296
      vertex -0.509406 29.988 16.889
      vertex -0.86824 27.5 18.924
    endloop
  endfacet
  facet normal 0.166756 -0.638576 -0.751275
    outer loop
      vertex -0.509406 29.988 16.889
      vertex -1.2941 27.5 18.8296
      vertex -0.569756 30.0353 16.8354
    endloop
  endfacet
  facet normal 0.7687 -0.638454 0.038435
    outer loop
      vertex -5 27.5 14
      vertex -2.50824 30.5 13.9986
      vertex -2.50831 30.5 14
    endloop
  endfacet
  facet normal 0.768833 -0.638567 0.0335725
    outer loop
      vertex -2.50824 30.5 13.9986
      vertex -5 27.5 14
      vertex -4.98097 27.5 13.5642
    endloop
  endfacet
  facet normal -0.68261 -0.63857 0.355349
    outer loop
      vertex 4.53154 27.5 11.8869
      vertex 2.27263 30.5 12.9387
      vertex 4.33013 27.5 11.5
    endloop
  endfacet
  facet normal -0.672398 -0.637918 0.375422
    outer loop
      vertex 2.27263 30.5 12.9387
      vertex 4.53154 27.5 11.8869
      vertex 2.2733 30.5 12.9399
    endloop
  endfacet
  facet normal 0.56739 -0.63856 -0.519914
    outer loop
      vertex -1.77462 30.5 15.7726
      vertex -3.53553 27.5 17.5355
      vertex -3.83022 27.5 17.2139
    endloop
  endfacet
  facet normal 0.549432 -0.638908 -0.538444
    outer loop
      vertex -3.53553 27.5 17.5355
      vertex -1.77462 30.5 15.7726
      vertex -1.77364 30.5 15.7736
    endloop
  endfacet
  facet normal -0.649051 -0.638569 0.413477
    outer loop
      vertex 4.33013 27.5 11.5
      vertex 2.05468 30.5 12.5613
      vertex 4.09576 27.5 11.1321
    endloop
  endfacet
  facet normal -0.648986 -0.63856 0.413592
    outer loop
      vertex 2.05468 30.5 12.5613
      vertex 4.33013 27.5 11.5
      vertex 2.17226 30.5 12.7458
    endloop
  endfacet
  facet normal 0.733941 -0.638566 0.231441
    outer loop
      vertex -2.35747 30.5 13.1435
      vertex -2.42284 30.5 13.3508
      vertex -4.82963 27.5 12.7059
    endloop
  endfacet
  facet normal 0.159588 -0.638703 0.752722
    outer loop
      vertex -0.436977 30.5 11.5301
      vertex -0.86824 27.5 9.07596
      vertex -0.435562 30.5 11.5298
    endloop
  endfacet
  facet normal 0.166564 -0.638565 0.751327
    outer loop
      vertex -0.86824 27.5 9.07596
      vertex -0.436977 30.5 11.5301
      vertex -1.2941 27.5 9.17037
    endloop
  endfacet
  facet normal 0.76327 -0.638805 0.0966809
    outer loop
      vertex -4.98097 27.5 13.5642
      vertex -2.4702 30.5 13.5644
      vertex -2.47039 30.5 13.5659
    endloop
  endfacet
  facet normal 0.762983 -0.638565 0.100455
    outer loop
      vertex -2.4702 30.5 13.5644
      vertex -4.98097 27.5 13.5642
      vertex -4.92404 27.5 13.1318
    endloop
  endfacet
  facet normal -0.710994 -0.638564 0.294489
    outer loop
      vertex 4.69846 27.5 12.2899
      vertex 2.2733 30.5 12.9399
      vertex 4.53154 27.5 11.8869
    endloop
  endfacet
  facet normal -0.715622 -0.639412 0.281137
    outer loop
      vertex 2.2733 30.5 12.9399
      vertex 4.69846 27.5 12.2899
      vertex 2.27385 30.5 12.9413
    endloop
  endfacet
  facet normal -0.033521 -0.638574 -0.76883
    outer loop
      vertex 0 29.4974 17.341
      vertex 0.435779 27.5 18.981
      vertex 0 27.5 19
    endloop
  endfacet
  facet normal -0.0332058 -0.63854 -0.768872
    outer loop
      vertex 0.435779 27.5 18.981
      vertex 0 29.4974 17.341
      vertex 0.1278 29.6273 17.2276
    endloop
  endfacet
  facet normal -0.468549 -0.638565 -0.610489
    outer loop
      vertex 1.44291 30.4912 16.0607
      vertex 3.21394 27.5 17.8302
      vertex 2.86788 27.5 18.0958
    endloop
  endfacet
  facet normal -0.468436 -0.638555 -0.610586
    outer loop
      vertex 1.51981 30.5 15.9925
      vertex 3.21394 27.5 17.8302
      vertex 1.44291 30.4912 16.0607
    endloop
  endfacet
  facet normal -0.468577 -0.638563 -0.61047
    outer loop
      vertex 3.21394 27.5 17.8302
      vertex 1.51981 30.5 15.9925
      vertex 1.61231 30.5 15.9215
    endloop
  endfacet
  facet normal 0.768835 -0.638566 -0.0335569
    outer loop
      vertex -2.50824 30.5 14.0014
      vertex -2.49876 30.5 14.2186
      vertex -4.98097 27.5 14.4358
    endloop
  endfacet
  facet normal -0.166564 -0.638565 0.751327
    outer loop
      vertex 0.436977 30.5 11.5301
      vertex 0.86824 27.5 9.07596
      vertex 1.2941 27.5 9.17037
    endloop
  endfacet
  facet normal -0.159588 -0.638703 0.752722
    outer loop
      vertex 0.86824 27.5 9.07596
      vertex 0.436977 30.5 11.5301
      vertex 0.435562 30.5 11.5298
    endloop
  endfacet
  facet normal 0.750315 -0.638448 0.1715
    outer loop
      vertex -4.92404 27.5 13.1318
      vertex -2.46988 30.5 13.563
      vertex -2.4702 30.5 13.5644
    endloop
  endfacet
  facet normal 0.751329 -0.638566 0.166548
    outer loop
      vertex -2.46988 30.5 13.563
      vertex -4.92404 27.5 13.1318
      vertex -4.82963 27.5 12.7059
    endloop
  endfacet
  facet normal -0.519929 -0.638565 -0.56737
    outer loop
      vertex 1.77257 30.5 15.7746
      vertex 3.53553 27.5 17.5355
      vertex 3.21394 27.5 17.8302
    endloop
  endfacet
  facet normal -0.525382 -0.638711 -0.562159
    outer loop
      vertex 3.53553 27.5 17.5355
      vertex 1.77257 30.5 15.7746
      vertex 1.77364 30.5 15.7736
    endloop
  endfacet
  facet normal -0.715622 -0.639412 -0.281137
    outer loop
      vertex 4.69846 27.5 15.7101
      vertex 2.2733 30.5 15.0601
      vertex 2.27385 30.5 15.0587
    endloop
  endfacet
  facet normal -0.710994 -0.638564 -0.294489
    outer loop
      vertex 2.2733 30.5 15.0601
      vertex 4.69846 27.5 15.7101
      vertex 4.53154 27.5 16.1131
    endloop
  endfacet
  facet normal -0.751328 -0.638566 -0.166553
    outer loop
      vertex 2.46988 30.5 14.437
      vertex 4.82963 27.5 15.2941
      vertex 2.42284 30.5 14.6492
    endloop
  endfacet
  facet normal -0.733946 -0.638567 0.231422
    outer loop
      vertex 4.82963 27.5 12.7059
      vertex 2.35703 30.5 13.1421
      vertex 4.69846 27.5 12.2899
    endloop
  endfacet
  facet normal -0.734125 -0.638613 0.230725
    outer loop
      vertex 2.35703 30.5 13.1421
      vertex 4.82963 27.5 12.7059
      vertex 2.35747 30.5 13.1435
    endloop
  endfacet
  facet normal 0.413563 -0.63856 0.649005
    outer loop
      vertex -1.4387 30.5 11.9453
      vertex -2.5 27.5 9.66987
      vertex -1.25415 30.5 11.8277
    endloop
  endfacet
  facet normal 0.413494 -0.638565 0.649043
    outer loop
      vertex -2.5 27.5 9.66987
      vertex -1.4387 30.5 11.9453
      vertex -2.86788 27.5 9.90424
    endloop
  endfacet
  facet normal 0.682687 -0.63856 0.355217
    outer loop
      vertex -2.17226 30.5 12.7458
      vertex -2.27263 30.5 12.9387
      vertex -4.33013 27.5 11.5
    endloop
  endfacet
  facet normal 0.567451 -0.638566 0.519839
    outer loop
      vertex -1.77462 30.5 12.2274
      vertex -1.92147 30.5 12.3877
      vertex -3.83022 27.5 10.7861
    endloop
  endfacet
  facet normal -0.750315 -0.638448 -0.1715
    outer loop
      vertex 4.92404 27.5 14.8682
      vertex 2.46988 30.5 14.437
      vertex 2.4702 30.5 14.4356
    endloop
  endfacet
  facet normal -0.751329 -0.638566 -0.166548
    outer loop
      vertex 2.46988 30.5 14.437
      vertex 4.92404 27.5 14.8682
      vertex 4.82963 27.5 15.2941
    endloop
  endfacet
  facet normal -0.549432 -0.638908 -0.538444
    outer loop
      vertex 1.77462 30.5 15.7726
      vertex 3.53553 27.5 17.5355
      vertex 1.77364 30.5 15.7736
    endloop
  endfacet
  facet normal -0.56739 -0.63856 -0.519914
    outer loop
      vertex 3.53553 27.5 17.5355
      vertex 1.77462 30.5 15.7726
      vertex 3.83022 27.5 17.2139
    endloop
  endfacet
  facet normal -0.762983 -0.638567 0.100445
    outer loop
      vertex 4.98097 27.5 13.5642
      vertex 2.49876 30.5 13.7814
      vertex 2.47039 30.5 13.5659
    endloop
  endfacet
  facet normal -0.52001 -0.638558 -0.567303
    outer loop
      vertex 1.77257 30.5 15.7746
      vertex 3.21394 27.5 17.8302
      vertex 1.61231 30.5 15.9215
    endloop
  endfacet
  facet normal 0.648986 -0.63856 0.413592
    outer loop
      vertex -4.33013 27.5 11.5
      vertex -2.05468 30.5 12.5613
      vertex -2.17226 30.5 12.7458
    endloop
  endfacet
  facet normal 0.649051 -0.638569 0.413477
    outer loop
      vertex -2.05468 30.5 12.5613
      vertex -4.33013 27.5 11.5
      vertex -4.09576 27.5 11.1321
    endloop
  endfacet
  facet normal 0.03328 -0.638554 0.768857
    outer loop
      vertex -0.00144766 30.5 11.4918
      vertex -0.218613 30.5 11.5012
      vertex -0.435779 27.5 9.01903
    endloop
  endfacet
  facet normal -0.76327 -0.638805 -0.0966809
    outer loop
      vertex 4.98097 27.5 14.4358
      vertex 2.4702 30.5 14.4356
      vertex 2.47039 30.5 14.4341
    endloop
  endfacet
  facet normal -0.762983 -0.638565 -0.100455
    outer loop
      vertex 2.4702 30.5 14.4356
      vertex 4.98097 27.5 14.4358
      vertex 4.92404 27.5 14.8682
    endloop
  endfacet
  facet normal -0.355334 -0.638552 -0.682633
    outer loop
      vertex 2.11309 27.5 18.5315
      vertex 1.11598 30.3861 16.3508
      vertex 2.5 27.5 18.3301
    endloop
  endfacet
  facet normal -0.354229 -0.638583 -0.683179
    outer loop
      vertex 1.11598 30.3861 16.3508
      vertex 2.11309 27.5 18.5315
      vertex 1.10198 30.3806 16.3632
    endloop
  endfacet
  facet normal -0.294617 -0.638559 -0.710945
    outer loop
      vertex 1.7101 27.5 18.6985
      vertex 1.10198 30.3806 16.3632
      vertex 2.11309 27.5 18.5315
    endloop
  endfacet
  facet normal -0.294292 -0.638582 -0.711059
    outer loop
      vertex 1.10198 30.3806 16.3632
      vertex 1.7101 27.5 18.6985
      vertex 1.08643 30.3724 16.377
    endloop
  endfacet
  facet normal -0.166738 -0.638576 0.751278
    outer loop
      vertex 1.2941 27.5 9.17037
      vertex 0.649197 30.5 11.5772
      vertex 0.436977 30.5 11.5301
    endloop
  endfacet
  facet normal 0.710994 -0.638564 -0.294489
    outer loop
      vertex -4.69846 27.5 15.7101
      vertex -2.2733 30.5 15.0601
      vertex -4.53154 27.5 16.1131
    endloop
  endfacet
  facet normal 0.715622 -0.639412 -0.281137
    outer loop
      vertex -2.2733 30.5 15.0601
      vertex -4.69846 27.5 15.7101
      vertex -2.27385 30.5 15.0587
    endloop
  endfacet
  facet normal 0.294237 -0.638577 0.711086
    outer loop
      vertex -0.857891 30.5 11.643
      vertex -1.05872 30.5 11.7261
      vertex -1.7101 27.5 9.30154
    endloop
  endfacet
  facet normal -0.0530638 -0.638027 0.768183
    outer loop
      vertex 0 27.5 9
      vertex 0.00144766 30.5 11.4918
      vertex 0 30.5 11.4917
    endloop
  endfacet
  facet normal -0.0335739 -0.638573 0.768829
    outer loop
      vertex 0.00144766 30.5 11.4918
      vertex 0 27.5 9
      vertex 0.435779 27.5 9.01903
    endloop
  endfacet
  facet normal 0.525382 -0.638711 0.562159
    outer loop
      vertex -3.53553 27.5 10.4645
      vertex -1.77257 30.5 12.2254
      vertex -1.77364 30.5 12.2264
    endloop
  endfacet
  facet normal 0.519929 -0.638565 0.56737
    outer loop
      vertex -1.77257 30.5 12.2254
      vertex -3.53553 27.5 10.4645
      vertex -3.21394 27.5 10.1698
    endloop
  endfacet
  facet normal -0.100562 -0.638567 -0.762967
    outer loop
      vertex 0.434445 29.9203 16.9555
      vertex 0.86824 27.5 18.924
      vertex 0.435779 27.5 18.981
    endloop
  endfacet
  facet normal -0.100204 -0.638552 -0.763027
    outer loop
      vertex 0.86824 27.5 18.924
      vertex 0.434445 29.9203 16.9555
      vertex 0.509406 29.988 16.889
    endloop
  endfacet
  facet normal 0.166738 -0.638576 0.751278
    outer loop
      vertex -0.436977 30.5 11.5301
      vertex -0.649197 30.5 11.5772
      vertex -1.2941 27.5 9.17037
    endloop
  endfacet
  facet normal 0.369414 -0.638148 0.6755
    outer loop
      vertex -1.06134 30.5 11.7274
      vertex -2.11309 27.5 9.46846
      vertex -1.06006 30.5 11.7267
    endloop
  endfacet
  facet normal 0.355341 -0.638571 0.682613
    outer loop
      vertex -2.11309 27.5 9.46846
      vertex -1.06134 30.5 11.7274
      vertex -2.5 27.5 9.66987
    endloop
  endfacet
  facet normal -0.682687 -0.63856 0.355217
    outer loop
      vertex 4.33013 27.5 11.5
      vertex 2.27263 30.5 12.9387
      vertex 2.17226 30.5 12.7458
    endloop
  endfacet
  facet normal -0.751328 -0.638566 0.166553
    outer loop
      vertex 4.82963 27.5 12.7059
      vertex 2.46988 30.5 13.563
      vertex 2.42284 30.5 13.3508
    endloop
  endfacet
  facet normal 0.68261 -0.63857 -0.355349
    outer loop
      vertex -4.53154 27.5 16.1131
      vertex -2.27263 30.5 15.0613
      vertex -4.33013 27.5 16.5
    endloop
  endfacet
  facet normal 0.672398 -0.637918 -0.375422
    outer loop
      vertex -2.27263 30.5 15.0613
      vertex -4.53154 27.5 16.1131
      vertex -2.2733 30.5 15.0601
    endloop
  endfacet
  facet normal -0.231421 -0.638572 0.733942
    outer loop
      vertex 0.857891 30.5 11.643
      vertex 1.2941 27.5 9.17037
      vertex 1.7101 27.5 9.30154
    endloop
  endfacet
  facet normal -0.262494 -0.636159 0.725533
    outer loop
      vertex 1.2941 27.5 9.17037
      vertex 0.857891 30.5 11.643
      vertex 0.856509 30.5 11.6425
    endloop
  endfacet
  facet normal -0.413494 -0.638565 0.649043
    outer loop
      vertex 1.4387 30.5 11.9453
      vertex 2.5 27.5 9.66987
      vertex 2.86788 27.5 9.90424
    endloop
  endfacet
  facet normal -0.413563 -0.63856 0.649005
    outer loop
      vertex 2.5 27.5 9.66987
      vertex 1.4387 30.5 11.9453
      vertex 1.25415 30.5 11.8277
    endloop
  endfacet
  facet normal 0.762983 -0.638567 0.100445
    outer loop
      vertex -2.47039 30.5 13.5659
      vertex -2.49876 30.5 13.7814
      vertex -4.98097 27.5 13.5642
    endloop
  endfacet
  facet normal 0.768835 -0.638566 0.0335569
    outer loop
      vertex -2.49876 30.5 13.7814
      vertex -2.50824 30.5 13.9986
      vertex -4.98097 27.5 13.5642
    endloop
  endfacet
  facet normal -0.672398 -0.637918 -0.375422
    outer loop
      vertex 4.53154 27.5 16.1131
      vertex 2.27263 30.5 15.0613
      vertex 2.2733 30.5 15.0601
    endloop
  endfacet
  facet normal -0.68261 -0.63857 -0.355349
    outer loop
      vertex 2.27263 30.5 15.0613
      vertex 4.53154 27.5 16.1131
      vertex 4.33013 27.5 16.5
    endloop
  endfacet
  facet normal -0.610501 -0.638565 -0.468533
    outer loop
      vertex 1.92147 30.5 15.6123
      vertex 4.09576 27.5 16.8679
      vertex 3.83022 27.5 17.2139
    endloop
  endfacet
  facet normal -0.610533 -0.638569 -0.468486
    outer loop
      vertex 4.09576 27.5 16.8679
      vertex 1.92147 30.5 15.6123
      vertex 2.05468 30.5 15.4387
    endloop
  endfacet
  facet normal 0.762983 -0.638565 -0.100455
    outer loop
      vertex -4.98097 27.5 14.4358
      vertex -2.4702 30.5 14.4356
      vertex -4.92404 27.5 14.8682
    endloop
  endfacet
  facet normal 0.76327 -0.638805 -0.0966809
    outer loop
      vertex -2.4702 30.5 14.4356
      vertex -4.98097 27.5 14.4358
      vertex -2.47039 30.5 14.4341
    endloop
  endfacet
  facet normal 0.468549 -0.638565 -0.610489
    outer loop
      vertex -3.21394 27.5 17.8302
      vertex -1.44291 30.4912 16.0607
      vertex -2.86788 27.5 18.0958
    endloop
  endfacet
  facet normal 0.468436 -0.638555 -0.610586
    outer loop
      vertex -3.21394 27.5 17.8302
      vertex -1.51981 30.5 15.9925
      vertex -1.44291 30.4912 16.0607
    endloop
  endfacet
  facet normal 0.468577 -0.638563 -0.61047
    outer loop
      vertex -1.51981 30.5 15.9925
      vertex -3.21394 27.5 17.8302
      vertex -1.61231 30.5 15.9215
    endloop
  endfacet
  facet normal 0.315024 -0.637003 0.703553
    outer loop
      vertex -1.06006 30.5 11.7267
      vertex -1.7101 27.5 9.30154
      vertex -1.05872 30.5 11.7261
    endloop
  endfacet
  facet normal 0.294495 -0.638566 0.71099
    outer loop
      vertex -1.7101 27.5 9.30154
      vertex -1.06006 30.5 11.7267
      vertex -2.11309 27.5 9.46846
    endloop
  endfacet
  facet normal -0.2312 -0.638577 0.734007
    outer loop
      vertex 1.2941 27.5 9.17037
      vertex 0.856509 30.5 11.6425
      vertex 0.649197 30.5 11.5772
    endloop
  endfacet
  facet normal 0.71098 -0.638566 -0.294518
    outer loop
      vertex -2.35703 30.5 14.8579
      vertex -2.27385 30.5 15.0587
      vertex -4.69846 27.5 15.7101
    endloop
  endfacet
  facet normal -0.231312 -0.638558 -0.733988
    outer loop
      vertex 0.890704 30.2656 16.5507
      vertex 1.7101 27.5 18.6985
      vertex 1.2941 27.5 18.8296
    endloop
  endfacet
  facet normal -0.232482 -0.638593 -0.733587
    outer loop
      vertex 1.7101 27.5 18.6985
      vertex 0.890704 30.2656 16.5507
      vertex 0.919171 30.2843 16.5254
    endloop
  endfacet
  facet normal 0.751328 -0.638566 -0.166553
    outer loop
      vertex -2.46988 30.5 14.437
      vertex -2.42284 30.5 14.6492
      vertex -4.82963 27.5 15.2941
    endloop
  endfacet
  facet normal 0.231109 -0.638571 -0.73404
    outer loop
      vertex -0.890704 30.2656 16.5507
      vertex -0.723258 30.1555 16.6992
      vertex -1.2941 27.5 18.8296
    endloop
  endfacet
  facet normal -0.610533 -0.638569 0.468486
    outer loop
      vertex 1.92147 30.5 12.3877
      vertex 4.09576 27.5 11.1321
      vertex 2.05468 30.5 12.5613
    endloop
  endfacet
  facet normal -0.610501 -0.638565 0.468533
    outer loop
      vertex 4.09576 27.5 11.1321
      vertex 1.92147 30.5 12.3877
      vertex 3.83022 27.5 10.7861
    endloop
  endfacet
  facet normal -0.231109 -0.638571 -0.73404
    outer loop
      vertex 0.890704 30.2656 16.5507
      vertex 1.2941 27.5 18.8296
      vertex 0.723258 30.1555 16.6992
    endloop
  endfacet
  facet normal -0.294475 -0.63857 -0.710994
    outer loop
      vertex 1.08643 30.3724 16.377
      vertex 1.7101 27.5 18.6985
      vertex 0.919171 30.2843 16.5254
    endloop
  endfacet
  facet normal 0.294292 -0.638582 -0.711059
    outer loop
      vertex -1.7101 27.5 18.6985
      vertex -1.10198 30.3806 16.3632
      vertex -1.08643 30.3724 16.377
    endloop
  endfacet
  facet normal 0.294617 -0.638559 -0.710945
    outer loop
      vertex -1.10198 30.3806 16.3632
      vertex -1.7101 27.5 18.6985
      vertex -2.11309 27.5 18.5315
    endloop
  endfacet
  facet normal 0.033521 -0.638574 -0.76883
    outer loop
      vertex -0.435779 27.5 18.981
      vertex 0 29.4974 17.341
      vertex 0 27.5 19
    endloop
  endfacet
  facet normal 0.0332058 -0.63854 -0.768872
    outer loop
      vertex 0 29.4974 17.341
      vertex -0.435779 27.5 18.981
      vertex -0.1278 29.6273 17.2276
    endloop
  endfacet
  facet normal -0.71098 -0.638566 -0.294518
    outer loop
      vertex 2.35703 30.5 14.8579
      vertex 4.69846 27.5 15.7101
      vertex 2.27385 30.5 15.0587
    endloop
  endfacet
  facet normal -0.734125 -0.638613 -0.230725
    outer loop
      vertex 4.82963 27.5 15.2941
      vertex 2.35703 30.5 14.8579
      vertex 2.35747 30.5 14.8565
    endloop
  endfacet
  facet normal -0.733946 -0.638567 -0.231422
    outer loop
      vertex 2.35703 30.5 14.8579
      vertex 4.82963 27.5 15.2941
      vertex 4.69846 27.5 15.7101
    endloop
  endfacet
  facet normal -0.768835 -0.638566 0.0335569
    outer loop
      vertex 4.98097 27.5 13.5642
      vertex 2.50824 30.5 13.9986
      vertex 2.49876 30.5 13.7814
    endloop
  endfacet
  facet normal 0.751328 -0.638566 0.166553
    outer loop
      vertex -2.42284 30.5 13.3508
      vertex -2.46988 30.5 13.563
      vertex -4.82963 27.5 12.7059
    endloop
  endfacet
  facet normal 0.734125 -0.638613 0.230725
    outer loop
      vertex -4.82963 27.5 12.7059
      vertex -2.35703 30.5 13.1421
      vertex -2.35747 30.5 13.1435
    endloop
  endfacet
  facet normal 0.733946 -0.638567 0.231422
    outer loop
      vertex -2.35703 30.5 13.1421
      vertex -4.82963 27.5 12.7059
      vertex -4.69846 27.5 12.2899
    endloop
  endfacet
  facet normal -0.762983 -0.638567 -0.100445
    outer loop
      vertex 2.49876 30.5 14.2186
      vertex 4.98097 27.5 14.4358
      vertex 2.47039 30.5 14.4341
    endloop
  endfacet
  facet normal -0.768835 -0.638566 -0.0335569
    outer loop
      vertex 2.50824 30.5 14.0014
      vertex 4.98097 27.5 14.4358
      vertex 2.49876 30.5 14.2186
    endloop
  endfacet
  facet normal 0.106201 -0.638183 0.762525
    outer loop
      vertex -0.435562 30.5 11.5298
      vertex -0.435779 27.5 9.01903
      vertex -0.434126 30.5 11.5296
    endloop
  endfacet
  facet normal 0.100441 -0.638566 0.762984
    outer loop
      vertex -0.435779 27.5 9.01903
      vertex -0.435562 30.5 11.5298
      vertex -0.86824 27.5 9.07596
    endloop
  endfacet
  facet normal 0.768833 -0.638567 -0.0335725
    outer loop
      vertex -5 27.5 14
      vertex -2.50824 30.5 14.0014
      vertex -4.98097 27.5 14.4358
    endloop
  endfacet
  facet normal 0.7687 -0.638454 -0.038435
    outer loop
      vertex -2.50824 30.5 14.0014
      vertex -5 27.5 14
      vertex -2.50831 30.5 14
    endloop
  endfacet
  facet normal 0.2312 -0.638577 0.734007
    outer loop
      vertex -0.649197 30.5 11.5772
      vertex -0.856509 30.5 11.6425
      vertex -1.2941 27.5 9.17037
    endloop
  endfacet
  facet normal 0.71098 -0.638566 0.294518
    outer loop
      vertex -2.27385 30.5 12.9413
      vertex -2.35703 30.5 13.1421
      vertex -4.69846 27.5 12.2899
    endloop
  endfacet
  facet normal 0.567451 -0.638566 -0.519839
    outer loop
      vertex -1.92147 30.5 15.6123
      vertex -1.77462 30.5 15.7726
      vertex -3.83022 27.5 17.2139
    endloop
  endfacet
  facet normal 0.52001 -0.638558 -0.567303
    outer loop
      vertex -1.77257 30.5 15.7746
      vertex -1.61231 30.5 15.9215
      vertex -3.21394 27.5 17.8302
    endloop
  endfacet
  facet normal -0.100441 -0.638566 0.762984
    outer loop
      vertex 0.435562 30.5 11.5298
      vertex 0.435779 27.5 9.01903
      vertex 0.86824 27.5 9.07596
    endloop
  endfacet
  facet normal -0.106201 -0.638183 0.762525
    outer loop
      vertex 0.435779 27.5 9.01903
      vertex 0.435562 30.5 11.5298
      vertex 0.434126 30.5 11.5296
    endloop
  endfacet
  facet normal -0.71098 -0.638566 0.294518
    outer loop
      vertex 4.69846 27.5 12.2899
      vertex 2.35703 30.5 13.1421
      vertex 2.27385 30.5 12.9413
    endloop
  endfacet
  facet normal 0.0336837 -0.638571 -0.768825
    outer loop
      vertex -0.271242 29.773 17.1003
      vertex -0.1278 29.6273 17.2276
      vertex -0.435779 27.5 18.981
    endloop
  endfacet
  facet normal 0.100562 -0.638567 -0.762967
    outer loop
      vertex -0.86824 27.5 18.924
      vertex -0.434445 29.9203 16.9555
      vertex -0.435779 27.5 18.981
    endloop
  endfacet
  facet normal 0.100204 -0.638552 -0.763027
    outer loop
      vertex -0.434445 29.9203 16.9555
      vertex -0.86824 27.5 18.924
      vertex -0.509406 29.988 16.889
    endloop
  endfacet
  facet normal 0.733941 -0.638566 -0.231441
    outer loop
      vertex -2.42284 30.5 14.6492
      vertex -2.35747 30.5 14.8565
      vertex -4.82963 27.5 15.2941
    endloop
  endfacet
  facet normal -0.468451 -0.63856 0.610569
    outer loop
      vertex 1.4387 30.5 11.9453
      vertex 3.21394 27.5 10.1698
      vertex 1.61231 30.5 12.0785
    endloop
  endfacet
  facet normal -0.468505 -0.638564 0.610524
    outer loop
      vertex 3.21394 27.5 10.1698
      vertex 1.4387 30.5 11.9453
      vertex 2.86788 27.5 9.90424
    endloop
  endfacet
  facet normal -0.10059 -0.638565 -0.762965
    outer loop
      vertex 0.434445 29.9203 16.9555
      vertex 0.435779 27.5 18.981
      vertex 0.271242 29.773 17.1003
    endloop
  endfacet
  facet normal 0.610501 -0.638565 -0.468533
    outer loop
      vertex -4.09576 27.5 16.8679
      vertex -1.92147 30.5 15.6123
      vertex -3.83022 27.5 17.2139
    endloop
  endfacet
  facet normal 0.610533 -0.638569 -0.468486
    outer loop
      vertex -1.92147 30.5 15.6123
      vertex -4.09576 27.5 16.8679
      vertex -2.05468 30.5 15.4387
    endloop
  endfacet
  facet normal -0.0336837 -0.638571 -0.768825
    outer loop
      vertex 0.271242 29.773 17.1003
      vertex 0.435779 27.5 18.981
      vertex 0.1278 29.6273 17.2276
    endloop
  endfacet
  facet normal 0.294475 -0.63857 -0.710994
    outer loop
      vertex -1.08643 30.3724 16.377
      vertex -0.919171 30.2843 16.5254
      vertex -1.7101 27.5 18.6985
    endloop
  endfacet
  facet normal 0.231312 -0.638558 -0.733988
    outer loop
      vertex -1.7101 27.5 18.6985
      vertex -0.890704 30.2656 16.5507
      vertex -1.2941 27.5 18.8296
    endloop
  endfacet
  facet normal 0.232482 -0.638593 -0.733587
    outer loop
      vertex -0.890704 30.2656 16.5507
      vertex -1.7101 27.5 18.6985
      vertex -0.919171 30.2843 16.5254
    endloop
  endfacet
  facet normal 0.649051 -0.638569 -0.413477
    outer loop
      vertex -4.33013 27.5 16.5
      vertex -2.05468 30.5 15.4387
      vertex -4.09576 27.5 16.8679
    endloop
  endfacet
  facet normal 0.648986 -0.63856 -0.413592
    outer loop
      vertex -2.05468 30.5 15.4387
      vertex -4.33013 27.5 16.5
      vertex -2.17226 30.5 15.2542
    endloop
  endfacet
  facet normal 0.355154 -0.638557 0.682724
    outer loop
      vertex -1.06134 30.5 11.7274
      vertex -1.25415 30.5 11.8277
      vertex -2.5 27.5 9.66987
    endloop
  endfacet
  facet normal 0.468451 -0.63856 0.610569
    outer loop
      vertex -3.21394 27.5 10.1698
      vertex -1.4387 30.5 11.9453
      vertex -1.61231 30.5 12.0785
    endloop
  endfacet
  facet normal 0.468505 -0.638564 0.610524
    outer loop
      vertex -1.4387 30.5 11.9453
      vertex -3.21394 27.5 10.1698
      vertex -2.86788 27.5 9.90424
    endloop
  endfacet
  facet normal -0.382832 0 0.923818
    outer loop
      vertex 1.7101 -20.5 63.3015
      vertex 2.11309 -30.5 63.4685
      vertex 2.11309 -20.5 63.4685
    endloop
  endfacet
  facet normal -0.382832 0 0.923818
    outer loop
      vertex 2.11309 -30.5 63.4685
      vertex 1.7101 -20.5 63.3015
      vertex 1.7101 -30.5 63.3015
    endloop
  endfacet
  facet normal 0.608846 0 0.793288
    outer loop
      vertex -3.21394 -20.5 64.1698
      vertex -2.86788 -30.5 63.9042
      vertex -2.86788 -20.5 63.9042
    endloop
  endfacet
  facet normal 0.608846 0 0.793288
    outer loop
      vertex -2.86788 -30.5 63.9042
      vertex -3.21394 -20.5 64.1698
      vertex -3.21394 -30.5 64.1698
    endloop
  endfacet
  facet normal 0.999048 0 -0.0436252
    outer loop
      vertex -4.98097 -30.5 68.4358
      vertex -5 -20.5 68
      vertex -4.98097 -20.5 68.4358
    endloop
  endfacet
  facet normal 0.999048 0 -0.0436252
    outer loop
      vertex -5 -20.5 68
      vertex -4.98097 -30.5 68.4358
      vertex -5 -30.5 68
    endloop
  endfacet
  facet normal 0.663709 0 -0.747991
    outer loop
      vertex -3.21394 -30.5 71.8302
      vertex 0 -20.5 74.682
      vertex 0 -30.5 74.682
    endloop
  endfacet
  facet normal 0.663709 0 -0.747991
    outer loop
      vertex 0 -20.5 74.682
      vertex -3.21394 -30.5 71.8302
      vertex -3.21394 -20.5 71.8302
    endloop
  endfacet
  facet normal -0.953713 0 0.300718
    outer loop
      vertex 4.69846 -30.5 66.2899
      vertex 4.82963 -20.5 66.7059
      vertex 4.69846 -20.5 66.2899
    endloop
  endfacet
  facet normal -0.953713 0 0.300718
    outer loop
      vertex 4.82963 -20.5 66.7059
      vertex 4.69846 -30.5 66.2899
      vertex 4.82963 -30.5 66.7059
    endloop
  endfacet
  facet normal 0.991444 0 -0.130534
    outer loop
      vertex -4.92404 -30.5 68.8682
      vertex -4.98097 -20.5 68.4358
      vertex -4.92404 -20.5 68.8682
    endloop
  endfacet
  facet normal 0.991444 0 -0.130534
    outer loop
      vertex -4.98097 -20.5 68.4358
      vertex -4.92404 -30.5 68.8682
      vertex -4.98097 -30.5 68.4358
    endloop
  endfacet
  facet normal 0.976301 0 -0.216418
    outer loop
      vertex -4.82963 -30.5 69.2941
      vertex -4.92404 -20.5 68.8682
      vertex -4.82963 -20.5 69.2941
    endloop
  endfacet
  facet normal 0.976301 0 -0.216418
    outer loop
      vertex -4.92404 -20.5 68.8682
      vertex -4.82963 -30.5 69.2941
      vertex -4.92404 -30.5 68.8682
    endloop
  endfacet
  facet normal -0.923886 0 -0.382668
    outer loop
      vertex 4.69846 -30.5 69.7101
      vertex 4.53154 -20.5 70.1131
      vertex 4.69846 -20.5 69.7101
    endloop
  endfacet
  facet normal -0.923886 -0 -0.382668
    outer loop
      vertex 4.53154 -20.5 70.1131
      vertex 4.69846 -30.5 69.7101
      vertex 4.53154 -30.5 70.1131
    endloop
  endfacet
  facet normal -0.999048 0 0.0436252
    outer loop
      vertex 4.98097 -30.5 67.5642
      vertex 5 -20.5 68
      vertex 4.98097 -20.5 67.5642
    endloop
  endfacet
  facet normal -0.999048 0 0.0436252
    outer loop
      vertex 5 -20.5 68
      vertex 4.98097 -30.5 67.5642
      vertex 5 -30.5 68
    endloop
  endfacet
  facet normal 0.793304 0 -0.608826
    outer loop
      vertex -3.83022 -30.5 71.2139
      vertex -4.09576 -20.5 70.8679
      vertex -3.83022 -20.5 71.2139
    endloop
  endfacet
  facet normal 0.793304 0 -0.608826
    outer loop
      vertex -4.09576 -20.5 70.8679
      vertex -3.83022 -30.5 71.2139
      vertex -4.09576 -30.5 70.8679
    endloop
  endfacet
  facet normal 0.991444 -0 0.130534
    outer loop
      vertex -4.98097 -30.5 67.5642
      vertex -4.92404 -20.5 67.1318
      vertex -4.98097 -20.5 67.5642
    endloop
  endfacet
  facet normal 0.991444 0 0.130534
    outer loop
      vertex -4.92404 -20.5 67.1318
      vertex -4.98097 -30.5 67.5642
      vertex -4.92404 -30.5 67.1318
    endloop
  endfacet
  facet normal -0.991444 0 -0.130534
    outer loop
      vertex 4.98097 -30.5 68.4358
      vertex 4.92404 -20.5 68.8682
      vertex 4.98097 -20.5 68.4358
    endloop
  endfacet
  facet normal -0.991444 -0 -0.130534
    outer loop
      vertex 4.92404 -20.5 68.8682
      vertex 4.98097 -30.5 68.4358
      vertex 4.92404 -30.5 68.8682
    endloop
  endfacet
  facet normal 0.887008 0 -0.461753
    outer loop
      vertex -4.33013 -30.5 70.5
      vertex -4.53154 -20.5 70.1131
      vertex -4.33013 -20.5 70.5
    endloop
  endfacet
  facet normal 0.887008 0 -0.461753
    outer loop
      vertex -4.53154 -20.5 70.1131
      vertex -4.33013 -30.5 70.5
      vertex -4.53154 -30.5 70.1131
    endloop
  endfacet
  facet normal 0.923886 0 -0.382668
    outer loop
      vertex -4.53154 -30.5 70.1131
      vertex -4.69846 -20.5 69.7101
      vertex -4.53154 -20.5 70.1131
    endloop
  endfacet
  facet normal 0.923886 0 -0.382668
    outer loop
      vertex -4.69846 -20.5 69.7101
      vertex -4.53154 -30.5 70.1131
      vertex -4.69846 -30.5 69.7101
    endloop
  endfacet
  facet normal 0.0435587 0 0.999051
    outer loop
      vertex -0.435779 -20.5 63.019
      vertex 0 -30.5 63
      vertex 0 -20.5 63
    endloop
  endfacet
  facet normal 0.0435587 0 0.999051
    outer loop
      vertex 0 -30.5 63
      vertex -0.435779 -20.5 63.019
      vertex -0.435779 -30.5 63.019
    endloop
  endfacet
  facet normal 0.675611 0 -0.737258
    outer loop
      vertex -3.53553 -30.5 71.5355
      vertex -3.21394 -20.5 71.8302
      vertex -3.21394 -30.5 71.8302
    endloop
  endfacet
  facet normal 0.675611 0 -0.737258
    outer loop
      vertex -3.21394 -20.5 71.8302
      vertex -3.53553 -30.5 71.5355
      vertex -3.53553 -20.5 71.5355
    endloop
  endfacet
  facet normal -0.130674 0 0.991425
    outer loop
      vertex 0.435779 -20.5 63.019
      vertex 0.86824 -30.5 63.076
      vertex 0.86824 -20.5 63.076
    endloop
  endfacet
  facet normal -0.130674 0 0.991425
    outer loop
      vertex 0.86824 -30.5 63.076
      vertex 0.435779 -20.5 63.019
      vertex 0.435779 -30.5 63.019
    endloop
  endfacet
  facet normal -0.73728 0 -0.675588
    outer loop
      vertex 3.83022 -30.5 71.2139
      vertex 3.53553 -20.5 71.5355
      vertex 3.83022 -20.5 71.2139
    endloop
  endfacet
  facet normal -0.73728 -0 -0.675588
    outer loop
      vertex 3.53553 -20.5 71.5355
      vertex 3.83022 -30.5 71.2139
      vertex 3.53553 -30.5 71.5355
    endloop
  endfacet
  facet normal 0.73728 0 -0.675588
    outer loop
      vertex -3.53553 -30.5 71.5355
      vertex -3.83022 -20.5 71.2139
      vertex -3.53553 -20.5 71.5355
    endloop
  endfacet
  facet normal 0.73728 0 -0.675588
    outer loop
      vertex -3.83022 -20.5 71.2139
      vertex -3.53553 -30.5 71.5355
      vertex -3.83022 -30.5 71.2139
    endloop
  endfacet
  facet normal 0.73728 -0 0.675588
    outer loop
      vertex -3.83022 -30.5 64.7861
      vertex -3.53553 -20.5 64.4645
      vertex -3.83022 -20.5 64.7861
    endloop
  endfacet
  facet normal 0.73728 0 0.675588
    outer loop
      vertex -3.53553 -20.5 64.4645
      vertex -3.83022 -30.5 64.7861
      vertex -3.53553 -30.5 64.4645
    endloop
  endfacet
  facet normal -0.976301 0 0.216418
    outer loop
      vertex 4.82963 -30.5 66.7059
      vertex 4.92404 -20.5 67.1318
      vertex 4.82963 -20.5 66.7059
    endloop
  endfacet
  facet normal -0.976301 0 0.216418
    outer loop
      vertex 4.92404 -20.5 67.1318
      vertex 4.82963 -30.5 66.7059
      vertex 4.92404 -30.5 67.1318
    endloop
  endfacet
  facet normal -0.675611 0 0.737258
    outer loop
      vertex 3.21394 -20.5 64.1698
      vertex 3.53553 -30.5 64.4645
      vertex 3.53553 -20.5 64.4645
    endloop
  endfacet
  facet normal -0.675611 0 0.737258
    outer loop
      vertex 3.53553 -30.5 64.4645
      vertex 3.21394 -20.5 64.1698
      vertex 3.21394 -30.5 64.1698
    endloop
  endfacet
  facet normal 0.976301 -0 0.216418
    outer loop
      vertex -4.92404 -30.5 67.1318
      vertex -4.82963 -20.5 66.7059
      vertex -4.92404 -20.5 67.1318
    endloop
  endfacet
  facet normal 0.976301 0 0.216418
    outer loop
      vertex -4.82963 -20.5 66.7059
      vertex -4.92404 -30.5 67.1318
      vertex -4.82963 -30.5 66.7059
    endloop
  endfacet
  facet normal 0.8434 -0 0.537286
    outer loop
      vertex -4.33013 -30.5 65.5
      vertex -4.09576 -20.5 65.1321
      vertex -4.33013 -20.5 65.5
    endloop
  endfacet
  facet normal 0.8434 0 0.537286
    outer loop
      vertex -4.09576 -20.5 65.1321
      vertex -4.33013 -30.5 65.5
      vertex -4.09576 -30.5 65.1321
    endloop
  endfacet
  facet normal -0.73728 0 0.675588
    outer loop
      vertex 3.53553 -30.5 64.4645
      vertex 3.83022 -20.5 64.7861
      vertex 3.53553 -20.5 64.4645
    endloop
  endfacet
  facet normal -0.73728 0 0.675588
    outer loop
      vertex 3.83022 -20.5 64.7861
      vertex 3.53553 -30.5 64.4645
      vertex 3.83022 -30.5 64.7861
    endloop
  endfacet
  facet normal 0.887008 -0 0.461753
    outer loop
      vertex -4.53154 -30.5 65.8869
      vertex -4.33013 -20.5 65.5
      vertex -4.53154 -20.5 65.8869
    endloop
  endfacet
  facet normal 0.887008 0 0.461753
    outer loop
      vertex -4.33013 -20.5 65.5
      vertex -4.53154 -30.5 65.8869
      vertex -4.33013 -30.5 65.5
    endloop
  endfacet
  facet normal 0.953713 0 -0.300718
    outer loop
      vertex -4.69846 -30.5 69.7101
      vertex -4.82963 -20.5 69.2941
      vertex -4.69846 -20.5 69.7101
    endloop
  endfacet
  facet normal 0.953713 0 -0.300718
    outer loop
      vertex -4.82963 -20.5 69.2941
      vertex -4.69846 -30.5 69.7101
      vertex -4.82963 -30.5 69.2941
    endloop
  endfacet
  facet normal 0.675611 0 0.737258
    outer loop
      vertex -3.53553 -20.5 64.4645
      vertex -3.21394 -30.5 64.1698
      vertex -3.21394 -20.5 64.1698
    endloop
  endfacet
  facet normal 0.675611 0 0.737258
    outer loop
      vertex -3.21394 -30.5 64.1698
      vertex -3.53553 -20.5 64.4645
      vertex -3.53553 -30.5 64.4645
    endloop
  endfacet
  facet normal 0.8434 0 -0.537286
    outer loop
      vertex -4.09576 -30.5 70.8679
      vertex -4.33013 -20.5 70.5
      vertex -4.09576 -20.5 70.8679
    endloop
  endfacet
  facet normal 0.8434 0 -0.537286
    outer loop
      vertex -4.33013 -20.5 70.5
      vertex -4.09576 -30.5 70.8679
      vertex -4.33013 -30.5 70.5
    endloop
  endfacet
  facet normal -0.887008 0 0.461753
    outer loop
      vertex 4.33013 -30.5 65.5
      vertex 4.53154 -20.5 65.8869
      vertex 4.33013 -20.5 65.5
    endloop
  endfacet
  facet normal -0.887008 0 0.461753
    outer loop
      vertex 4.53154 -20.5 65.8869
      vertex 4.33013 -30.5 65.5
      vertex 4.53154 -30.5 65.8869
    endloop
  endfacet
  facet normal -0.663709 0 -0.747991
    outer loop
      vertex 0 -30.5 74.682
      vertex 3.21394 -20.5 71.8302
      vertex 3.21394 -30.5 71.8302
    endloop
  endfacet
  facet normal -0.663709 0 -0.747991
    outer loop
      vertex 3.21394 -20.5 71.8302
      vertex 0 -30.5 74.682
      vertex 0 -20.5 74.682
    endloop
  endfacet
  facet normal -0.953713 0 -0.300718
    outer loop
      vertex 4.82963 -30.5 69.2941
      vertex 4.69846 -20.5 69.7101
      vertex 4.82963 -20.5 69.2941
    endloop
  endfacet
  facet normal -0.953713 -0 -0.300718
    outer loop
      vertex 4.69846 -20.5 69.7101
      vertex 4.82963 -30.5 69.2941
      vertex 4.69846 -30.5 69.7101
    endloop
  endfacet
  facet normal -0.976301 0 -0.216418
    outer loop
      vertex 4.92404 -30.5 68.8682
      vertex 4.82963 -20.5 69.2941
      vertex 4.92404 -20.5 68.8682
    endloop
  endfacet
  facet normal -0.976301 -0 -0.216418
    outer loop
      vertex 4.82963 -20.5 69.2941
      vertex 4.92404 -30.5 68.8682
      vertex 4.82963 -30.5 69.2941
    endloop
  endfacet
  facet normal -0.999048 0 -0.0436252
    outer loop
      vertex 5 -30.5 68
      vertex 4.98097 -20.5 68.4358
      vertex 5 -20.5 68
    endloop
  endfacet
  facet normal -0.999048 -0 -0.0436252
    outer loop
      vertex 4.98097 -20.5 68.4358
      vertex 5 -30.5 68
      vertex 4.98097 -30.5 68.4358
    endloop
  endfacet
  facet normal 0.461726 0 0.887023
    outer loop
      vertex -2.5 -20.5 63.6699
      vertex -2.11309 -30.5 63.4685
      vertex -2.11309 -20.5 63.4685
    endloop
  endfacet
  facet normal 0.461726 0 0.887023
    outer loop
      vertex -2.11309 -30.5 63.4685
      vertex -2.5 -20.5 63.6699
      vertex -2.5 -30.5 63.6699
    endloop
  endfacet
  facet normal -0.8434 0 0.537286
    outer loop
      vertex 4.09576 -30.5 65.1321
      vertex 4.33013 -20.5 65.5
      vertex 4.09576 -20.5 65.1321
    endloop
  endfacet
  facet normal -0.8434 0 0.537286
    outer loop
      vertex 4.33013 -20.5 65.5
      vertex 4.09576 -30.5 65.1321
      vertex 4.33013 -30.5 65.5
    endloop
  endfacet
  facet normal -0.887008 0 -0.461753
    outer loop
      vertex 4.53154 -30.5 70.1131
      vertex 4.33013 -20.5 70.5
      vertex 4.53154 -20.5 70.1131
    endloop
  endfacet
  facet normal -0.887008 -0 -0.461753
    outer loop
      vertex 4.33013 -20.5 70.5
      vertex 4.53154 -30.5 70.1131
      vertex 4.33013 -30.5 70.5
    endloop
  endfacet
  facet normal 0.953713 -0 0.300718
    outer loop
      vertex -4.82963 -30.5 66.7059
      vertex -4.69846 -20.5 66.2899
      vertex -4.82963 -20.5 66.7059
    endloop
  endfacet
  facet normal 0.953713 0 0.300718
    outer loop
      vertex -4.69846 -20.5 66.2899
      vertex -4.82963 -30.5 66.7059
      vertex -4.69846 -30.5 66.2899
    endloop
  endfacet
  facet normal -0.793304 0 -0.608826
    outer loop
      vertex 4.09576 -30.5 70.8679
      vertex 3.83022 -20.5 71.2139
      vertex 4.09576 -20.5 70.8679
    endloop
  endfacet
  facet normal -0.793304 -0 -0.608826
    outer loop
      vertex 3.83022 -20.5 71.2139
      vertex 4.09576 -30.5 70.8679
      vertex 3.83022 -30.5 71.2139
    endloop
  endfacet
  facet normal 0.300572 0 0.953759
    outer loop
      vertex -1.7101 -20.5 63.3015
      vertex -1.2941 -30.5 63.1704
      vertex -1.2941 -20.5 63.1704
    endloop
  endfacet
  facet normal 0.300572 0 0.953759
    outer loop
      vertex -1.2941 -30.5 63.1704
      vertex -1.7101 -20.5 63.3015
      vertex -1.7101 -30.5 63.3015
    endloop
  endfacet
  facet normal -0.991444 0 0.130534
    outer loop
      vertex 4.92404 -30.5 67.1318
      vertex 4.98097 -20.5 67.5642
      vertex 4.92404 -20.5 67.1318
    endloop
  endfacet
  facet normal -0.991444 0 0.130534
    outer loop
      vertex 4.98097 -20.5 67.5642
      vertex 4.92404 -30.5 67.1318
      vertex 4.98097 -30.5 67.5642
    endloop
  endfacet
  facet normal 0.999048 -0 0.0436252
    outer loop
      vertex -5 -30.5 68
      vertex -4.98097 -20.5 67.5642
      vertex -5 -20.5 68
    endloop
  endfacet
  facet normal 0.999048 0 0.0436252
    outer loop
      vertex -4.98097 -20.5 67.5642
      vertex -5 -30.5 68
      vertex -4.98097 -30.5 67.5642
    endloop
  endfacet
  facet normal -0.216416 0 0.976301
    outer loop
      vertex 0.86824 -20.5 63.076
      vertex 1.2941 -30.5 63.1704
      vertex 1.2941 -20.5 63.1704
    endloop
  endfacet
  facet normal -0.216416 0 0.976301
    outer loop
      vertex 1.2941 -30.5 63.1704
      vertex 0.86824 -20.5 63.076
      vertex 0.86824 -30.5 63.076
    endloop
  endfacet
  facet normal -0.923886 0 0.382668
    outer loop
      vertex 4.53154 -30.5 65.8869
      vertex 4.69846 -20.5 66.2899
      vertex 4.53154 -20.5 65.8869
    endloop
  endfacet
  facet normal -0.923886 0 0.382668
    outer loop
      vertex 4.69846 -20.5 66.2899
      vertex 4.53154 -30.5 65.8869
      vertex 4.69846 -30.5 66.2899
    endloop
  endfacet
  facet normal -0.8434 0 -0.537286
    outer loop
      vertex 4.33013 -30.5 70.5
      vertex 4.09576 -20.5 70.8679
      vertex 4.33013 -20.5 70.5
    endloop
  endfacet
  facet normal -0.8434 -0 -0.537286
    outer loop
      vertex 4.09576 -20.5 70.8679
      vertex 4.33013 -30.5 70.5
      vertex 4.09576 -30.5 70.8679
    endloop
  endfacet
  facet normal -0.675611 0 -0.737258
    outer loop
      vertex 3.21394 -30.5 71.8302
      vertex 3.53553 -20.5 71.5355
      vertex 3.53553 -30.5 71.5355
    endloop
  endfacet
  facet normal -0.675611 0 -0.737258
    outer loop
      vertex 3.53553 -20.5 71.5355
      vertex 3.21394 -30.5 71.8302
      vertex 3.21394 -20.5 71.8302
    endloop
  endfacet
  facet normal 0.537193 0 0.843459
    outer loop
      vertex -2.86788 -20.5 63.9042
      vertex -2.5 -30.5 63.6699
      vertex -2.5 -20.5 63.6699
    endloop
  endfacet
  facet normal 0.537193 0 0.843459
    outer loop
      vertex -2.5 -30.5 63.6699
      vertex -2.86788 -20.5 63.9042
      vertex -2.86788 -30.5 63.9042
    endloop
  endfacet
  facet normal 0.382832 0 0.923818
    outer loop
      vertex -2.11309 -20.5 63.4685
      vertex -1.7101 -30.5 63.3015
      vertex -1.7101 -20.5 63.3015
    endloop
  endfacet
  facet normal 0.382832 0 0.923818
    outer loop
      vertex -1.7101 -30.5 63.3015
      vertex -2.11309 -20.5 63.4685
      vertex -2.11309 -30.5 63.4685
    endloop
  endfacet
  facet normal -0.300572 0 0.953759
    outer loop
      vertex 1.2941 -20.5 63.1704
      vertex 1.7101 -30.5 63.3015
      vertex 1.7101 -20.5 63.3015
    endloop
  endfacet
  facet normal -0.300572 0 0.953759
    outer loop
      vertex 1.7101 -30.5 63.3015
      vertex 1.2941 -20.5 63.1704
      vertex 1.2941 -30.5 63.1704
    endloop
  endfacet
  facet normal -0.793304 0 0.608826
    outer loop
      vertex 3.83022 -30.5 64.7861
      vertex 4.09576 -20.5 65.1321
      vertex 3.83022 -20.5 64.7861
    endloop
  endfacet
  facet normal -0.793304 0 0.608826
    outer loop
      vertex 4.09576 -20.5 65.1321
      vertex 3.83022 -30.5 64.7861
      vertex 4.09576 -30.5 65.1321
    endloop
  endfacet
  facet normal 0.130674 0 0.991425
    outer loop
      vertex -0.86824 -20.5 63.076
      vertex -0.435779 -30.5 63.019
      vertex -0.435779 -20.5 63.019
    endloop
  endfacet
  facet normal 0.130674 0 0.991425
    outer loop
      vertex -0.435779 -30.5 63.019
      vertex -0.86824 -20.5 63.076
      vertex -0.86824 -30.5 63.076
    endloop
  endfacet
  facet normal 0.216416 0 0.976301
    outer loop
      vertex -1.2941 -20.5 63.1704
      vertex -0.86824 -30.5 63.076
      vertex -0.86824 -20.5 63.076
    endloop
  endfacet
  facet normal 0.216416 0 0.976301
    outer loop
      vertex -0.86824 -30.5 63.076
      vertex -1.2941 -20.5 63.1704
      vertex -1.2941 -30.5 63.1704
    endloop
  endfacet
  facet normal -0.0435587 0 0.999051
    outer loop
      vertex 0 -20.5 63
      vertex 0.435779 -30.5 63.019
      vertex 0.435779 -20.5 63.019
    endloop
  endfacet
  facet normal -0.0435587 0 0.999051
    outer loop
      vertex 0.435779 -30.5 63.019
      vertex 0 -20.5 63
      vertex 0 -30.5 63
    endloop
  endfacet
  facet normal -0.537193 0 0.843459
    outer loop
      vertex 2.5 -20.5 63.6699
      vertex 2.86788 -30.5 63.9042
      vertex 2.86788 -20.5 63.9042
    endloop
  endfacet
  facet normal -0.537193 0 0.843459
    outer loop
      vertex 2.86788 -30.5 63.9042
      vertex 2.5 -20.5 63.6699
      vertex 2.5 -30.5 63.6699
    endloop
  endfacet
  facet normal -0.461726 0 0.887023
    outer loop
      vertex 2.11309 -20.5 63.4685
      vertex 2.5 -30.5 63.6699
      vertex 2.5 -20.5 63.6699
    endloop
  endfacet
  facet normal -0.461726 0 0.887023
    outer loop
      vertex 2.5 -30.5 63.6699
      vertex 2.11309 -20.5 63.4685
      vertex 2.11309 -30.5 63.4685
    endloop
  endfacet
  facet normal 0.793304 -0 0.608826
    outer loop
      vertex -4.09576 -30.5 65.1321
      vertex -3.83022 -20.5 64.7861
      vertex -4.09576 -20.5 65.1321
    endloop
  endfacet
  facet normal 0.793304 0 0.608826
    outer loop
      vertex -3.83022 -20.5 64.7861
      vertex -4.09576 -30.5 65.1321
      vertex -3.83022 -30.5 64.7861
    endloop
  endfacet
  facet normal -0.608846 0 0.793288
    outer loop
      vertex 2.86788 -20.5 63.9042
      vertex 3.21394 -30.5 64.1698
      vertex 3.21394 -20.5 64.1698
    endloop
  endfacet
  facet normal -0.608846 0 0.793288
    outer loop
      vertex 3.21394 -30.5 64.1698
      vertex 2.86788 -20.5 63.9042
      vertex 2.86788 -30.5 63.9042
    endloop
  endfacet
  facet normal 0.923886 -0 0.382668
    outer loop
      vertex -4.69846 -30.5 66.2899
      vertex -4.53154 -20.5 65.8869
      vertex -4.69846 -20.5 66.2899
    endloop
  endfacet
  facet normal 0.923886 0 0.382668
    outer loop
      vertex -4.53154 -20.5 65.8869
      vertex -4.69846 -30.5 66.2899
      vertex -4.53154 -30.5 65.8869
    endloop
  endfacet
endsolid OpenSCAD_Model
