solid OpenSCAD_Model
  facet normal -0.596654 -0.38012 -0.706762
    outer loop
      vertex -44.2341 -21.515 0
      vertex -45.4282 -21.5 1
      vertex -44.5622 -21 0
    endloop
  endfacet
  facet normal -0.627473 -0.326712 -0.70678
    outer loop
      vertex -45.4282 -21.5 1
      vertex -45.7505 -20.881 1
      vertex -44.8442 -20.4583 0
    endloop
  endfacet
  facet normal -0.596651 -0.38013 -0.706759
    outer loop
      vertex -45.0532 -22.0886 1
      vertex -45.4282 -21.5 1
      vertex -44.2341 -21.515 0
    endloop
  endfacet
  facet normal 0.212767 -0.674691 -0.706769
    outer loop
      vertex 40.5706 -25.2274 1
      vertex 40.3117 -24.2615 0
      vertex 41.2362 -25.0175 1
    endloop
  endfacet
  facet normal 0.521639 0.47785 -0.70679
    outer loop
      vertex 43.8623 21.9995 0
      vertex 43.4498 22.4498 0
      vertex 44.6284 22.6423 1
    endloop
  endfacet
  facet normal 0.300754 0.953702 -0
    outer loop
      vertex 41.2362 25.0175 1
      vertex 40.5706 25.2274 15.2
      vertex 41.2362 25.0175 15.2
    endloop
  endfacet
  facet normal 0.300754 0.953702 0
    outer loop
      vertex 40.5706 25.2274 15.2
      vertex 41.2362 25.0175 1
      vertex 40.5706 25.2274 1
    endloop
  endfacet
  facet normal 0.923923 -0.38258 0
    outer loop
      vertex 45.7505 -20.881 15.2
      vertex 46.0175 -20.2362 1
      vertex 46.0175 -20.2362 15.2
    endloop
  endfacet
  facet normal 0.923923 -0.38258 0
    outer loop
      vertex 46.0175 -20.2362 1
      vertex 45.7505 -20.881 15.2
      vertex 45.7505 -20.881 1
    endloop
  endfacet
  facet normal -1 0 0
    outer loop
      vertex -46.5 -17.5 1
      vertex -46.5 17.5 15.2
      vertex -46.5 17.5 1
    endloop
  endfacet
  facet normal -1 -0 0
    outer loop
      vertex -46.5 17.5 15.2
      vertex -46.5 -17.5 1
      vertex -46.5 -17.5 15.2
    endloop
  endfacet
  facet normal -0.430625 -0.561293 -0.706762
    outer loop
      vertex -43.0886 -24.0532 1
      vertex -43.6423 -23.6284 1
      vertex -42.515 -23.2341 0
    endloop
  endfacet
  facet normal -0.674733 -0.212708 -0.706747
    outer loop
      vertex -45.0779 -19.8941 0
      vertex -46.0175 -20.2362 1
      vertex -45.2615 -19.3117 0
    endloop
  endfacet
  facet normal 0 0.707187 -0.707027
    outer loop
      vertex 38.5 25.5 1
      vertex -0.565738 25.3982 0.898177
      vertex -0.582416 25.5 1
    endloop
  endfacet
  facet normal 5.90905e-06 0.706052 -0.70816
    outer loop
      vertex 38.5 25.5 1
      vertex -0.562832 25.3804 0.88043
      vertex -0.565738 25.3982 0.898177
    endloop
  endfacet
  facet normal -4.19894e-07 0.707087 -0.707127
    outer loop
      vertex 38.5 25.5 1
      vertex -0.560625 25.3628 0.862831
      vertex -0.562832 25.3804 0.88043
    endloop
  endfacet
  facet normal -7.07458e-07 0.707128 -0.707086
    outer loop
      vertex 38.5 25.5 1
      vertex -0.535143 25.1595 0.659519
      vertex -0.560625 25.3628 0.862831
    endloop
  endfacet
  facet normal -2.67006e-05 0.708616 -0.705594
    outer loop
      vertex 38.5 25.5 1
      vertex -0.533959 25.1462 0.646162
      vertex -0.535143 25.1595 0.659519
    endloop
  endfacet
  facet normal 3.80226e-07 0.707124 -0.70709
    outer loop
      vertex 38.5 25.5 1
      vertex -0.515514 24.938 0.437952
      vertex -0.533959 25.1462 0.646162
    endloop
  endfacet
  facet normal 4.54711e-06 0.706979 -0.707234
    outer loop
      vertex 38.5 25.5 1
      vertex -0.504081 24.7221 0.22213
      vertex -0.515514 24.938 0.437952
    endloop
  endfacet
  facet normal -0.000208732 0.712307 -0.701868
    outer loop
      vertex 38.5 25.5 1
      vertex -0.503839 24.7176 0.217563
      vertex -0.504081 24.7221 0.22213
    endloop
  endfacet
  facet normal 0.000264629 0.700497 -0.713655
    outer loop
      vertex 38.5 25.5 1
      vertex -0.503761 24.7131 0.213146
      vertex -0.503839 24.7176 0.217563
    endloop
  endfacet
  facet normal -8.33943e-07 0.707107 -0.707107
    outer loop
      vertex 38.5 24.5 0
      vertex -0.503761 24.7131 0.213146
      vertex 38.5 25.5 1
    endloop
  endfacet
  facet normal 0 0.707183 -0.70703
    outer loop
      vertex -0.503761 24.7131 0.213146
      vertex 38.5 24.5 0
      vertex -0.5 24.5 0
    endloop
  endfacet
  facet normal 0 0.707187 -0.707027
    outer loop
      vertex -5.43426 25.3982 0.898177
      vertex -38.5 25.5 1
      vertex -5.41758 25.5 1
    endloop
  endfacet
  facet normal -6.98074e-06 0.706052 -0.70816
    outer loop
      vertex -5.43717 25.3804 0.88043
      vertex -38.5 25.5 1
      vertex -5.43426 25.3982 0.898177
    endloop
  endfacet
  facet normal 4.9606e-07 0.707087 -0.707127
    outer loop
      vertex -5.43937 25.3628 0.862831
      vertex -38.5 25.5 1
      vertex -5.43717 25.3804 0.88043
    endloop
  endfacet
  facet normal 8.35784e-07 0.707128 -0.707086
    outer loop
      vertex -5.46486 25.1595 0.659519
      vertex -38.5 25.5 1
      vertex -5.43937 25.3628 0.862831
    endloop
  endfacet
  facet normal 3.15457e-05 0.708616 -0.705595
    outer loop
      vertex -5.46604 25.1462 0.646162
      vertex -38.5 25.5 1
      vertex -5.46486 25.1595 0.659519
    endloop
  endfacet
  facet normal -4.49221e-07 0.707124 -0.70709
    outer loop
      vertex -5.48449 24.938 0.437952
      vertex -38.5 25.5 1
      vertex -5.46604 25.1462 0.646162
    endloop
  endfacet
  facet normal -5.37272e-06 0.706979 -0.707234
    outer loop
      vertex -5.49592 24.7221 0.22213
      vertex -38.5 25.5 1
      vertex -5.48449 24.938 0.437952
    endloop
  endfacet
  facet normal 0.000246634 0.712306 -0.701869
    outer loop
      vertex -5.49616 24.7176 0.217563
      vertex -38.5 25.5 1
      vertex -5.49592 24.7221 0.22213
    endloop
  endfacet
  facet normal -0.000312714 0.700497 -0.713655
    outer loop
      vertex -5.49624 24.7131 0.213146
      vertex -38.5 25.5 1
      vertex -5.49616 24.7176 0.217563
    endloop
  endfacet
  facet normal 4.62239e-06 0.707183 -0.707031
    outer loop
      vertex -5.5 24.5 0
      vertex -38.5 25.5 1
      vertex -5.49624 24.7131 0.213146
    endloop
  endfacet
  facet normal 0 0.707107 -0.707107
    outer loop
      vertex -38.5 25.5 1
      vertex -5.5 24.5 0
      vertex -38.5 24.5 0
    endloop
  endfacet
  facet normal 0.627468 -0.326709 0.706785
    outer loop
      vertex 45.7505 -20.881 15.2
      vertex 44.1191 -20.1202 17
      vertex 45.4282 -21.5 15.2
    endloop
  endfacet
  facet normal -0.521607 -0.47792 -0.706766
    outer loop
      vertex -44.1569 -23.1569 1
      vertex -44.6284 -22.6423 1
      vertex -43.4498 -22.4498 0
    endloop
  endfacet
  facet normal -0.430675 -0.561221 -0.706789
    outer loop
      vertex -42.515 -23.2341 0
      vertex -43.6423 -23.6284 1
      vertex -42.9995 -22.8623 0
    endloop
  endfacet
  facet normal -0.270748 0.653588 0.706766
    outer loop
      vertex -40.6205 23.3261 17
      vertex -41.2362 25.0175 15.2
      vertex -41.1202 23.1191 17
    endloop
  endfacet
  facet normal -0.999051 -0.0435554 0
    outer loop
      vertex -46.4696 -18.1973 1
      vertex -46.5 -17.5 15.2
      vertex -46.5 -17.5 1
    endloop
  endfacet
  facet normal -0.999051 -0.0435554 0
    outer loop
      vertex -46.5 -17.5 15.2
      vertex -46.4696 -18.1973 1
      vertex -46.4696 -18.1973 15.2
    endloop
  endfacet
  facet normal -0.300754 0.953702 0
    outer loop
      vertex -40.5706 25.2274 1
      vertex -41.2362 25.0175 15.2
      vertex -40.5706 25.2274 15.2
    endloop
  endfacet
  facet normal -0.300754 0.953702 0
    outer loop
      vertex -41.2362 25.0175 15.2
      vertex -40.5706 25.2274 1
      vertex -41.2362 25.0175 1
    endloop
  endfacet
  facet normal -0.675556 0.737309 0
    outer loop
      vertex -43.6423 23.6284 1
      vertex -44.1569 23.1569 15.2
      vertex -43.6423 23.6284 15.2
    endloop
  endfacet
  facet normal -0.675556 0.737309 0
    outer loop
      vertex -44.1569 23.1569 15.2
      vertex -43.6423 23.6284 1
      vertex -44.1569 23.1569 1
    endloop
  endfacet
  facet normal 0.270735 0.65361 -0.706751
    outer loop
      vertex 41.4583 23.8442 0
      vertex 40.8941 24.0779 0
      vertex 41.2362 25.0175 1
    endloop
  endfacet
  facet normal -0.923923 -0.38258 0
    outer loop
      vertex -45.7505 -20.881 1
      vertex -46.0175 -20.2362 15.2
      vertex -46.0175 -20.2362 1
    endloop
  endfacet
  facet normal -0.923923 -0.38258 0
    outer loop
      vertex -46.0175 -20.2362 15.2
      vertex -45.7505 -20.881 1
      vertex -45.7505 -20.881 15.2
    endloop
  endfacet
  facet normal 0.674691 -0.212767 -0.706769
    outer loop
      vertex 46.0175 -20.2362 1
      vertex 45.2615 -19.3117 0
      vertex 46.2274 -19.5706 1
    endloop
  endfacet
  facet normal 0.608699 -0.793401 0
    outer loop
      vertex 43.0886 -24.0532 1
      vertex 43.6423 -23.6284 15.2
      vertex 43.0886 -24.0532 15.2
    endloop
  endfacet
  facet normal 0.608699 -0.793401 0
    outer loop
      vertex 43.6423 -23.6284 15.2
      vertex 43.0886 -24.0532 1
      vertex 43.6423 -23.6284 1
    endloop
  endfacet
  facet normal -0.430625 0.561293 -0.706762
    outer loop
      vertex -42.515 23.2341 0
      vertex -43.6423 23.6284 1
      vertex -43.0886 24.0532 1
    endloop
  endfacet
  facet normal 0 -0.707107 -0.707107
    outer loop
      vertex -38.5 -24.5 0
      vertex 38.5 -25.5 1
      vertex -38.5 -25.5 1
    endloop
  endfacet
  facet normal 0 -0.707107 -0.707107
    outer loop
      vertex 38.5 -25.5 1
      vertex -38.5 -24.5 0
      vertex 38.5 -24.5 0
    endloop
  endfacet
  facet normal -0.0435554 -0.999051 0
    outer loop
      vertex -39.1973 -25.4696 1
      vertex -38.5 -25.5 15.2
      vertex -39.1973 -25.4696 15.2
    endloop
  endfacet
  facet normal -0.0435554 -0.999051 -0
    outer loop
      vertex -38.5 -25.5 15.2
      vertex -39.1973 -25.4696 1
      vertex -38.5 -25.5 1
    endloop
  endfacet
  facet normal -0.608699 -0.793401 0
    outer loop
      vertex -43.6423 -23.6284 1
      vertex -43.0886 -24.0532 15.2
      vertex -43.6423 -23.6284 15.2
    endloop
  endfacet
  facet normal -0.608699 -0.793401 -0
    outer loop
      vertex -43.0886 -24.0532 15.2
      vertex -43.6423 -23.6284 1
      vertex -43.0886 -24.0532 1
    endloop
  endfacet
  facet normal -0.706771 0.0308129 -0.706771
    outer loop
      vertex -45.5 17.5 0
      vertex -46.5 17.5 1
      vertex -46.4696 18.1973 1
    endloop
  endfacet
  facet normal 0.690666 -0.153155 -0.706771
    outer loop
      vertex 46.2274 -19.5706 1
      vertex 45.3937 -18.7155 0
      vertex 46.3785 -18.8892 1
    endloop
  endfacet
  facet normal -0.212767 -0.674691 -0.706769
    outer loop
      vertex -40.5706 -25.2274 1
      vertex -41.2362 -25.0175 1
      vertex -40.3117 -24.2615 0
    endloop
  endfacet
  facet normal -0.461826 0.88697 0
    outer loop
      vertex -41.881 24.7505 1
      vertex -42.5 24.4282 15.2
      vertex -41.881 24.7505 15.2
    endloop
  endfacet
  facet normal -0.461826 0.88697 0
    outer loop
      vertex -42.5 24.4282 15.2
      vertex -41.881 24.7505 1
      vertex -42.5 24.4282 1
    endloop
  endfacet
  facet normal 0.923923 0.38258 0
    outer loop
      vertex 46.0175 20.2362 15.2
      vertex 45.7505 20.881 1
      vertex 45.7505 20.881 15.2
    endloop
  endfacet
  facet normal 0.923923 0.38258 0
    outer loop
      vertex 45.7505 20.881 1
      vertex 46.0175 20.2362 15.2
      vertex 46.0175 20.2362 1
    endloop
  endfacet
  facet normal 0.627513 0.326673 -0.706762
    outer loop
      vertex 44.8442 20.4583 0
      vertex 44.5622 21 0
      vertex 45.4282 21.5 1
    endloop
  endfacet
  facet normal 1 -0 0
    outer loop
      vertex 46.5 -17.5 15.2
      vertex 46.5 17.5 1
      vertex 46.5 17.5 15.2
    endloop
  endfacet
  facet normal 1 0 0
    outer loop
      vertex 46.5 17.5 1
      vertex 46.5 -17.5 15.2
      vertex 46.5 -17.5 1
    endloop
  endfacet
  facet normal -0.653617 -0.270651 -0.706777
    outer loop
      vertex -45.7505 -20.881 1
      vertex -46.0175 -20.2362 1
      vertex -44.8442 -20.4583 0
    endloop
  endfacet
  facet normal -0.521639 -0.47785 -0.70679
    outer loop
      vertex -43.4498 -22.4498 0
      vertex -44.6284 -22.6423 1
      vertex -43.8623 -21.9995 0
    endloop
  endfacet
  facet normal -0.53732 -0.843378 0
    outer loop
      vertex -43.0886 -24.0532 1
      vertex -42.5 -24.4282 15.2
      vertex -43.0886 -24.0532 15.2
    endloop
  endfacet
  facet normal -0.53732 -0.843378 -0
    outer loop
      vertex -42.5 -24.4282 15.2
      vertex -43.0886 -24.0532 1
      vertex -42.5 -24.4282 1
    endloop
  endfacet
  facet normal 0.326709 0.627468 0.706785
    outer loop
      vertex 41.881 24.7505 15.2
      vertex 41.1202 23.1191 17
      vertex 42.5 24.4282 15.2
    endloop
  endfacet
  facet normal 0.0923495 0.70139 -0.70677
    outer loop
      vertex 39.7155 24.3937 0
      vertex 39.1973 25.4696 1
      vertex 39.8892 25.3785 1
    endloop
  endfacet
  facet normal 0.521607 -0.47792 -0.706766
    outer loop
      vertex 44.1569 -23.1569 1
      vertex 43.4498 -22.4498 0
      vertex 44.6284 -22.6423 1
    endloop
  endfacet
  facet normal -0.270735 -0.65361 -0.706751
    outer loop
      vertex -41.2362 -25.0175 1
      vertex -41.4583 -23.8442 0
      vertex -40.8941 -24.0779 0
    endloop
  endfacet
  facet normal 0.0308126 -0.706763 0.706779
    outer loop
      vertex 39.0404 -23.6764 17
      vertex 38.5 -25.5 15.2
      vertex 39.1973 -25.4696 15.2
    endloop
  endfacet
  facet normal -0.0308129 0.706771 -0.706771
    outer loop
      vertex -38.5 24.5 0
      vertex -39.1973 25.4696 1
      vertex -38.5 25.5 1
    endloop
  endfacet
  facet normal 0.326709 -0.627468 0.706785
    outer loop
      vertex 42.5 -24.4282 15.2
      vertex 41.1202 -23.1191 17
      vertex 41.881 -24.7505 15.2
    endloop
  endfacet
  facet normal 0.300754 -0.953702 0
    outer loop
      vertex 40.5706 -25.2274 1
      vertex 41.2362 -25.0175 15.2
      vertex 40.5706 -25.2274 15.2
    endloop
  endfacet
  facet normal 0.300754 -0.953702 0
    outer loop
      vertex 41.2362 -25.0175 15.2
      vertex 40.5706 -25.2274 1
      vertex 41.2362 -25.0175 1
    endloop
  endfacet
  facet normal -0.70139 -0.0923495 -0.70677
    outer loop
      vertex -46.3785 -18.8892 1
      vertex -46.4696 -18.1973 1
      vertex -45.3937 -18.7155 0
    endloop
  endfacet
  facet normal -0.596651 0.38013 -0.706759
    outer loop
      vertex -44.2341 21.515 0
      vertex -45.4282 21.5 1
      vertex -45.0532 22.0886 1
    endloop
  endfacet
  facet normal -0.38012 -0.596654 -0.706762
    outer loop
      vertex -42.5 -24.4282 1
      vertex -42.515 -23.2341 0
      vertex -42 -23.5622 0
    endloop
  endfacet
  facet normal 0.521639 -0.47785 -0.70679
    outer loop
      vertex 44.6284 -22.6423 1
      vertex 43.4498 -22.4498 0
      vertex 43.8623 -21.9995 0
    endloop
  endfacet
  facet normal 0 1 -0
    outer loop
      vertex -5.5 25.5 1.68
      vertex -38.5 25.5 15.2
      vertex -5.5 25.5 15.2
    endloop
  endfacet
  facet normal 0 1 0
    outer loop
      vertex -38.5 25.5 1
      vertex -5.5 25.5 1.68
      vertex -5.49648 25.5 1.54434
    endloop
  endfacet
  facet normal 0 1 0
    outer loop
      vertex -38.5 25.5 1
      vertex -5.49648 25.5 1.54434
      vertex -5.49592 25.5 1.52296
    endloop
  endfacet
  facet normal 0 1 0
    outer loop
      vertex -38.5 25.5 1
      vertex -5.49592 25.5 1.52296
      vertex -5.4943 25.5 1.50231
    endloop
  endfacet
  facet normal 0 1 0
    outer loop
      vertex -38.5 25.5 1
      vertex -5.4943 25.5 1.50231
      vertex -5.48381 25.5 1.36926
    endloop
  endfacet
  facet normal 0 1 0
    outer loop
      vertex -38.5 25.5 1
      vertex -5.48381 25.5 1.36926
      vertex -5.46614 25.5 1.23643
    endloop
  endfacet
  facet normal 0 1 0
    outer loop
      vertex -38.5 25.5 1
      vertex -5.46614 25.5 1.23643
      vertex -5.46395 25.5 1.21992
    endloop
  endfacet
  facet normal 0 1 0
    outer loop
      vertex -38.5 25.5 1
      vertex -5.46395 25.5 1.21992
      vertex -5.43929 25.5 1.09008
    endloop
  endfacet
  facet normal 0 1 0
    outer loop
      vertex -38.5 25.5 1
      vertex -5.43929 25.5 1.09008
      vertex -5.43661 25.5 1.07596
    endloop
  endfacet
  facet normal 0 1 0
    outer loop
      vertex -38.5 25.5 1
      vertex -5.43661 25.5 1.07596
      vertex -5.43327 25.5 1.06262
    endloop
  endfacet
  facet normal 0 1 0
    outer loop
      vertex -38.5 25.5 1
      vertex -5.43327 25.5 1.06262
      vertex -5.41758 25.5 1
    endloop
  endfacet
  facet normal 0 1 0
    outer loop
      vertex -5.5 25.5 1.68
      vertex -38.5 25.5 1
      vertex -38.5 25.5 15.2
    endloop
  endfacet
  facet normal 0 1 0
    outer loop
      vertex 38.5 25.5 15.2
      vertex -0.5 25.5 1.68
      vertex -0.5 25.5 15.2
    endloop
  endfacet
  facet normal 0 1 -0
    outer loop
      vertex 38.5 25.5 1
      vertex -0.5 25.5 1.68
      vertex 38.5 25.5 15.2
    endloop
  endfacet
  facet normal 0 1 0
    outer loop
      vertex -0.5 25.5 1.68
      vertex 38.5 25.5 1
      vertex -0.50352 25.5 1.54434
    endloop
  endfacet
  facet normal 0 1 0
    outer loop
      vertex -0.50352 25.5 1.54434
      vertex 38.5 25.5 1
      vertex -0.504076 25.5 1.52296
    endloop
  endfacet
  facet normal 0 1 0
    outer loop
      vertex -0.504076 25.5 1.52296
      vertex 38.5 25.5 1
      vertex -0.505701 25.5 1.50231
    endloop
  endfacet
  facet normal 0 1 0
    outer loop
      vertex -0.505701 25.5 1.50231
      vertex 38.5 25.5 1
      vertex -0.516188 25.5 1.36926
    endloop
  endfacet
  facet normal 0 1 0
    outer loop
      vertex -0.516188 25.5 1.36926
      vertex 38.5 25.5 1
      vertex -0.533855 25.5 1.23643
    endloop
  endfacet
  facet normal 0 1 0
    outer loop
      vertex -0.533855 25.5 1.23643
      vertex 38.5 25.5 1
      vertex -0.536052 25.5 1.21992
    endloop
  endfacet
  facet normal 0 1 0
    outer loop
      vertex -0.536052 25.5 1.21992
      vertex 38.5 25.5 1
      vertex -0.56071 25.5 1.09008
    endloop
  endfacet
  facet normal 0 1 0
    outer loop
      vertex -0.56071 25.5 1.09008
      vertex 38.5 25.5 1
      vertex -0.563393 25.5 1.07596
    endloop
  endfacet
  facet normal 0 1 0
    outer loop
      vertex -0.563393 25.5 1.07596
      vertex 38.5 25.5 1
      vertex -0.566733 25.5 1.06262
    endloop
  endfacet
  facet normal 0 1 0
    outer loop
      vertex -0.566733 25.5 1.06262
      vertex 38.5 25.5 1
      vertex -0.582416 25.5 1
    endloop
  endfacet
  facet normal -0.326673 -0.627513 -0.706762
    outer loop
      vertex -41.4583 -23.8442 0
      vertex -42.5 -24.4282 1
      vertex -42 -23.5622 0
    endloop
  endfacet
  facet normal 0.430625 0.561293 -0.706762
    outer loop
      vertex 43.6423 23.6284 1
      vertex 42.515 23.2341 0
      vertex 43.0886 24.0532 1
    endloop
  endfacet
  facet normal -0.608699 0.793401 0
    outer loop
      vertex -43.0886 24.0532 1
      vertex -43.6423 23.6284 15.2
      vertex -43.0886 24.0532 15.2
    endloop
  endfacet
  facet normal -0.608699 0.793401 0
    outer loop
      vertex -43.6423 23.6284 15.2
      vertex -43.0886 24.0532 1
      vertex -43.6423 23.6284 1
    endloop
  endfacet
  facet normal 0 -1 0
    outer loop
      vertex -38.5 -25.5 1
      vertex 38.5 -25.5 15.2
      vertex -38.5 -25.5 15.2
    endloop
  endfacet
  facet normal 0 -1 -0
    outer loop
      vertex 38.5 -25.5 15.2
      vertex -38.5 -25.5 1
      vertex 38.5 -25.5 1
    endloop
  endfacet
  facet normal 0.326673 -0.627513 -0.706762
    outer loop
      vertex 42.5 -24.4282 1
      vertex 41.4583 -23.8442 0
      vertex 42 -23.5622 0
    endloop
  endfacet
  facet normal 0.69067 0.153148 -0.706768
    outer loop
      vertex 45.3937 18.7155 0
      vertex 45.2615 19.3117 0
      vertex 46.2274 19.5706 1
    endloop
  endfacet
  facet normal 0.0923495 -0.70139 -0.70677
    outer loop
      vertex 39.8892 -25.3785 1
      vertex 39.1973 -25.4696 1
      vertex 39.7155 -24.3937 0
    endloop
  endfacet
  facet normal -0.70138 0.0923488 0.70678
    outer loop
      vertex -44.6058 18.5766 17
      vertex -46.3785 18.8892 15.2
      vertex -44.6764 18.0404 17
    endloop
  endfacet
  facet normal -0.70677 -0.0308656 0.70677
    outer loop
      vertex -44.7 -17.5 17
      vertex -46.5 -17.5 15.2
      vertex -44.6764 -18.0404 17
    endloop
  endfacet
  facet normal 0.0923366 -0.701388 -0.706774
    outer loop
      vertex 39.1973 -25.4696 1
      vertex 39.1101 -24.4734 0
      vertex 39.7155 -24.3937 0
    endloop
  endfacet
  facet normal -0.153155 0.690666 -0.706771
    outer loop
      vertex -39.7155 24.3937 0
      vertex -40.5706 25.2274 1
      vertex -39.8892 25.3785 1
    endloop
  endfacet
  facet normal 0.38012 0.596654 -0.706762
    outer loop
      vertex 42.515 23.2341 0
      vertex 42 23.5622 0
      vertex 42.5 24.4282 1
    endloop
  endfacet
  facet normal 0.793401 -0.608699 0
    outer loop
      vertex 44.6284 -22.6423 15.2
      vertex 45.0532 -22.0886 1
      vertex 45.0532 -22.0886 15.2
    endloop
  endfacet
  facet normal 0.793401 -0.608699 0
    outer loop
      vertex 45.0532 -22.0886 1
      vertex 44.6284 -22.6423 15.2
      vertex 44.6284 -22.6423 1
    endloop
  endfacet
  facet normal 0.70677 -0.0308148 -0.706772
    outer loop
      vertex 46.4696 -18.1973 1
      vertex 45.4734 -18.1101 0
      vertex 45.5 -17.5 0
    endloop
  endfacet
  facet normal -0.38013 0.596651 -0.706759
    outer loop
      vertex -42.515 23.2341 0
      vertex -43.0886 24.0532 1
      vertex -42.5 24.4282 1
    endloop
  endfacet
  facet normal -0.674733 0.212708 -0.706747
    outer loop
      vertex -45.2615 19.3117 0
      vertex -46.0175 20.2362 1
      vertex -45.0779 19.8941 0
    endloop
  endfacet
  facet normal 0.270748 -0.653588 0.706766
    outer loop
      vertex 41.1202 -23.1191 17
      vertex 40.6205 -23.3261 17
      vertex 41.2362 -25.0175 15.2
    endloop
  endfacet
  facet normal 0.326712 0.627473 -0.70678
    outer loop
      vertex 42.5 24.4282 1
      vertex 41.4583 23.8442 0
      vertex 41.881 24.7505 1
    endloop
  endfacet
  facet normal -0.47792 -0.521607 -0.706766
    outer loop
      vertex -43.6423 -23.6284 1
      vertex -44.1569 -23.1569 1
      vertex -43.4498 -22.4498 0
    endloop
  endfacet
  facet normal 0.596651 0.38013 -0.706759
    outer loop
      vertex 45.4282 21.5 1
      vertex 44.2341 21.515 0
      vertex 45.0532 22.0886 1
    endloop
  endfacet
  facet normal 0.521607 0.47792 -0.706766
    outer loop
      vertex 44.6284 22.6423 1
      vertex 43.4498 22.4498 0
      vertex 44.1569 23.1569 1
    endloop
  endfacet
  facet normal 0.843378 0.53732 0
    outer loop
      vertex 45.4282 21.5 15.2
      vertex 45.0532 22.0886 1
      vertex 45.0532 22.0886 15.2
    endloop
  endfacet
  facet normal 0.843378 0.53732 0
    outer loop
      vertex 45.0532 22.0886 1
      vertex 45.4282 21.5 15.2
      vertex 45.4282 21.5 1
    endloop
  endfacet
  facet normal 0.13054 -0.991443 0
    outer loop
      vertex 39.1973 -25.4696 1
      vertex 39.8892 -25.3785 15.2
      vertex 39.1973 -25.4696 15.2
    endloop
  endfacet
  facet normal 0.13054 -0.991443 0
    outer loop
      vertex 39.8892 -25.3785 15.2
      vertex 39.1973 -25.4696 1
      vertex 39.8892 -25.3785 1
    endloop
  endfacet
  facet normal 0.706763 -0.0308126 0.706779
    outer loop
      vertex 46.5 -17.5 15.2
      vertex 44.6764 -18.0404 17
      vertex 46.4696 -18.1973 15.2
    endloop
  endfacet
  facet normal -0.38258 0.923923 0
    outer loop
      vertex -41.2362 25.0175 1
      vertex -41.881 24.7505 15.2
      vertex -41.2362 25.0175 15.2
    endloop
  endfacet
  facet normal -0.38258 0.923923 0
    outer loop
      vertex -41.881 24.7505 15.2
      vertex -41.2362 25.0175 1
      vertex -41.881 24.7505 1
    endloop
  endfacet
  facet normal -0.701388 0.0923366 -0.706774
    outer loop
      vertex -45.4734 18.1101 0
      vertex -46.4696 18.1973 1
      vertex -45.3937 18.7155 0
    endloop
  endfacet
  facet normal -0.707107 0 -0.707107
    outer loop
      vertex -45.5 -17.5 0
      vertex -46.5 17.5 1
      vertex -45.5 17.5 0
    endloop
  endfacet
  facet normal -0.707107 -0 -0.707107
    outer loop
      vertex -46.5 17.5 1
      vertex -45.5 -17.5 0
      vertex -46.5 -17.5 1
    endloop
  endfacet
  facet normal 0.212708 -0.674733 -0.706747
    outer loop
      vertex 41.2362 -25.0175 1
      vertex 40.3117 -24.2615 0
      vertex 40.8941 -24.0779 0
    endloop
  endfacet
  facet normal -0.212708 -0.674733 -0.706747
    outer loop
      vertex -40.3117 -24.2615 0
      vertex -41.2362 -25.0175 1
      vertex -40.8941 -24.0779 0
    endloop
  endfacet
  facet normal -0.976285 0.21649 0
    outer loop
      vertex -46.3785 18.8892 1
      vertex -46.2274 19.5706 15.2
      vertex -46.2274 19.5706 1
    endloop
  endfacet
  facet normal -0.976285 0.21649 0
    outer loop
      vertex -46.2274 19.5706 15.2
      vertex -46.3785 18.8892 1
      vertex -46.3785 18.8892 15.2
    endloop
  endfacet
  facet normal 0.0308148 0.70677 -0.706772
    outer loop
      vertex 39.1101 24.4734 0
      vertex 38.5 24.5 0
      vertex 39.1973 25.4696 1
    endloop
  endfacet
  facet normal 0.596654 -0.38012 -0.706762
    outer loop
      vertex 45.4282 -21.5 1
      vertex 44.2341 -21.515 0
      vertex 44.5622 -21 0
    endloop
  endfacet
  facet normal -0.706771 -0.0308129 -0.706771
    outer loop
      vertex -46.4696 -18.1973 1
      vertex -46.5 -17.5 1
      vertex -45.5 -17.5 0
    endloop
  endfacet
  facet normal -0.690666 -0.153155 -0.706771
    outer loop
      vertex -46.2274 -19.5706 1
      vertex -46.3785 -18.8892 1
      vertex -45.3937 -18.7155 0
    endloop
  endfacet
  facet normal -0.70677 -0.0308148 -0.706772
    outer loop
      vertex -45.4734 -18.1101 0
      vertex -46.4696 -18.1973 1
      vertex -45.5 -17.5 0
    endloop
  endfacet
  facet normal -0.47785 -0.521639 -0.70679
    outer loop
      vertex -42.9995 -22.8623 0
      vertex -43.6423 -23.6284 1
      vertex -43.4498 -22.4498 0
    endloop
  endfacet
  facet normal 0.561221 0.430675 -0.706789
    outer loop
      vertex 44.2341 21.515 0
      vertex 43.8623 21.9995 0
      vertex 44.6284 22.6423 1
    endloop
  endfacet
  facet normal -0.300754 -0.953702 0
    outer loop
      vertex -41.2362 -25.0175 1
      vertex -40.5706 -25.2274 15.2
      vertex -41.2362 -25.0175 15.2
    endloop
  endfacet
  facet normal -0.300754 -0.953702 -0
    outer loop
      vertex -40.5706 -25.2274 15.2
      vertex -41.2362 -25.0175 1
      vertex -40.5706 -25.2274 1
    endloop
  endfacet
  facet normal 0.212767 0.674691 -0.706769
    outer loop
      vertex 41.2362 25.0175 1
      vertex 40.3117 24.2615 0
      vertex 40.5706 25.2274 1
    endloop
  endfacet
  facet normal -0.270651 0.653617 -0.706777
    outer loop
      vertex -41.4583 23.8442 0
      vertex -41.881 24.7505 1
      vertex -41.2362 25.0175 1
    endloop
  endfacet
  facet normal -0.953702 -0.300754 0
    outer loop
      vertex -46.0175 -20.2362 1
      vertex -46.2274 -19.5706 15.2
      vertex -46.2274 -19.5706 1
    endloop
  endfacet
  facet normal -0.953702 -0.300754 0
    outer loop
      vertex -46.2274 -19.5706 15.2
      vertex -46.0175 -20.2362 1
      vertex -46.0175 -20.2362 15.2
    endloop
  endfacet
  facet normal 0.0923482 -0.70138 0.70678
    outer loop
      vertex 39.8892 -25.3785 15.2
      vertex 39.0404 -23.6764 17
      vertex 39.1973 -25.4696 15.2
    endloop
  endfacet
  facet normal 0.270651 -0.653617 -0.706777
    outer loop
      vertex 41.881 -24.7505 1
      vertex 41.2362 -25.0175 1
      vertex 41.4583 -23.8442 0
    endloop
  endfacet
  facet normal -0.561293 -0.430625 -0.706762
    outer loop
      vertex -44.6284 -22.6423 1
      vertex -45.0532 -22.0886 1
      vertex -44.2341 -21.515 0
    endloop
  endfacet
  facet normal 0.561286 0.43062 0.70677
    outer loop
      vertex 44.6284 22.6423 15.2
      vertex 43.2495 21.4853 17
      vertex 45.0532 22.0886 15.2
    endloop
  endfacet
  facet normal 0.212708 0.674733 -0.706747
    outer loop
      vertex 40.8941 24.0779 0
      vertex 40.3117 24.2615 0
      vertex 41.2362 25.0175 1
    endloop
  endfacet
  facet normal -0.88697 0.461826 0
    outer loop
      vertex -45.7505 20.881 1
      vertex -45.4282 21.5 15.2
      vertex -45.4282 21.5 1
    endloop
  endfacet
  facet normal -0.88697 0.461826 0
    outer loop
      vertex -45.4282 21.5 15.2
      vertex -45.7505 20.881 1
      vertex -45.7505 20.881 15.2
    endloop
  endfacet
  facet normal 0.991443 0.13054 0
    outer loop
      vertex 46.4696 18.1973 15.2
      vertex 46.3785 18.8892 1
      vertex 46.3785 18.8892 15.2
    endloop
  endfacet
  facet normal 0.991443 0.13054 0
    outer loop
      vertex 46.3785 18.8892 1
      vertex 46.4696 18.1973 15.2
      vertex 46.4696 18.1973 1
    endloop
  endfacet
  facet normal 0.674683 -0.212764 0.706777
    outer loop
      vertex 46.2274 -19.5706 15.2
      vertex 44.4887 -19.1047 17
      vertex 46.0175 -20.2362 15.2
    endloop
  endfacet
  facet normal 0 0.707107 0.707107
    outer loop
      vertex -0.5 24.369 16.331
      vertex 38.5 25.5 15.2
      vertex -0.5 25.5 15.2
    endloop
  endfacet
  facet normal 0 0.707107 0.707107
    outer loop
      vertex 38.5 25.5 15.2
      vertex -0.5 24.369 16.331
      vertex 38.5 23.7 17
    endloop
  endfacet
  facet normal 0 0.707107 0.707107
    outer loop
      vertex -0.50239 24.316 16.384
      vertex 38.5 23.7 17
      vertex -0.5 24.369 16.331
    endloop
  endfacet
  facet normal 0 0.707107 0.707107
    outer loop
      vertex -0.505223 24.2534 16.4466
      vertex 38.5 23.7 17
      vertex -0.50239 24.316 16.384
    endloop
  endfacet
  facet normal 0 0.707107 0.707107
    outer loop
      vertex -0.513776 24.1905 16.5095
      vertex 38.5 23.7 17
      vertex -0.505223 24.2534 16.4466
    endloop
  endfacet
  facet normal 6.02587e-16 0.707107 0.707107
    outer loop
      vertex -0.520925 24.1381 16.5619
      vertex 38.5 23.7 17
      vertex -0.513776 24.1905 16.5095
    endloop
  endfacet
  facet normal -4.83133e-16 0.707107 0.707107
    outer loop
      vertex -0.532673 24.0867 16.6133
      vertex 38.5 23.7 17
      vertex -0.520925 24.1381 16.5619
    endloop
  endfacet
  facet normal 3.94801e-16 0.707107 0.707107
    outer loop
      vertex -0.547065 24.0238 16.6762
      vertex 38.5 23.7 17
      vertex -0.532673 24.0867 16.6133
    endloop
  endfacet
  facet normal -3.50895e-16 0.707107 0.707107
    outer loop
      vertex -0.563307 23.9738 16.7262
      vertex 38.5 23.7 17
      vertex -0.547065 24.0238 16.6762
    endloop
  endfacet
  facet normal 0 0.707107 0.707107
    outer loop
      vertex -0.583543 23.9115 16.7885
      vertex 38.5 23.7 17
      vertex -0.563307 23.9738 16.7262
    endloop
  endfacet
  facet normal 0 0.707107 0.707107
    outer loop
      vertex -0.609542 23.8505 16.8495
      vertex 38.5 23.7 17
      vertex -0.583543 23.9115 16.7885
    endloop
  endfacet
  facet normal 0 0.707107 0.707107
    outer loop
      vertex -0.630154 23.8021 16.8979
      vertex 38.5 23.7 17
      vertex -0.609542 23.8505 16.8495
    endloop
  endfacet
  facet normal 0 0.707107 0.707107
    outer loop
      vertex -0.66188 23.7428 16.9572
      vertex 38.5 23.7 17
      vertex -0.630154 23.8021 16.8979
    endloop
  endfacet
  facet normal 0 0.707107 0.707107
    outer loop
      vertex 38.5 23.7 17
      vertex -0.66188 23.7428 16.9572
      vertex -0.684746 23.7 17
    endloop
  endfacet
  facet normal 0 0.707107 0.707107
    outer loop
      vertex -5.5 25.5 15.2
      vertex -38.5 25.5 15.2
      vertex -5.5 24.369 16.331
    endloop
  endfacet
  facet normal 0 0.707107 0.707107
    outer loop
      vertex -38.5 23.7 17
      vertex -5.5 24.369 16.331
      vertex -38.5 25.5 15.2
    endloop
  endfacet
  facet normal 0 0.707107 0.707107
    outer loop
      vertex -5.5 24.369 16.331
      vertex -38.5 23.7 17
      vertex -5.49761 24.316 16.384
    endloop
  endfacet
  facet normal 0 0.707107 0.707107
    outer loop
      vertex -5.49761 24.316 16.384
      vertex -38.5 23.7 17
      vertex -5.49478 24.2534 16.4466
    endloop
  endfacet
  facet normal 0 0.707107 0.707107
    outer loop
      vertex -5.49478 24.2534 16.4466
      vertex -38.5 23.7 17
      vertex -5.48622 24.1905 16.5095
    endloop
  endfacet
  facet normal -7.10467e-16 0.707107 0.707107
    outer loop
      vertex -5.48622 24.1905 16.5095
      vertex -38.5 23.7 17
      vertex -5.47908 24.1381 16.5619
    endloop
  endfacet
  facet normal 5.70654e-16 0.707107 0.707107
    outer loop
      vertex -5.47908 24.1381 16.5619
      vertex -38.5 23.7 17
      vertex -5.46733 24.0867 16.6133
    endloop
  endfacet
  facet normal -4.66321e-16 0.707107 0.707107
    outer loop
      vertex -5.46733 24.0867 16.6133
      vertex -38.5 23.7 17
      vertex -5.45294 24.0238 16.6762
    endloop
  endfacet
  facet normal 4.144e-16 0.707107 0.707107
    outer loop
      vertex -5.45294 24.0238 16.6762
      vertex -38.5 23.7 17
      vertex -5.43669 23.9738 16.7262
    endloop
  endfacet
  facet normal 0 0.707107 0.707107
    outer loop
      vertex -5.43669 23.9738 16.7262
      vertex -38.5 23.7 17
      vertex -5.41646 23.9115 16.7885
    endloop
  endfacet
  facet normal 0 0.707107 0.707107
    outer loop
      vertex -5.41646 23.9115 16.7885
      vertex -38.5 23.7 17
      vertex -5.39046 23.8505 16.8495
    endloop
  endfacet
  facet normal 0 0.707107 0.707107
    outer loop
      vertex -5.39046 23.8505 16.8495
      vertex -38.5 23.7 17
      vertex -5.36985 23.8021 16.8979
    endloop
  endfacet
  facet normal 0 0.707107 0.707107
    outer loop
      vertex -5.36985 23.8021 16.8979
      vertex -38.5 23.7 17
      vertex -5.33812 23.7428 16.9572
    endloop
  endfacet
  facet normal 0 0.707107 0.707107
    outer loop
      vertex -5.33812 23.7428 16.9572
      vertex -38.5 23.7 17
      vertex -5.31525 23.7 17
    endloop
  endfacet
  facet normal 0.627513 -0.326673 -0.706762
    outer loop
      vertex 45.4282 -21.5 1
      vertex 44.5622 -21 0
      vertex 44.8442 -20.4583 0
    endloop
  endfacet
  facet normal -0.0923366 0.701388 -0.706774
    outer loop
      vertex -39.1101 24.4734 0
      vertex -39.7155 24.3937 0
      vertex -39.1973 25.4696 1
    endloop
  endfacet
  facet normal 0.793401 0.608699 0
    outer loop
      vertex 45.0532 22.0886 15.2
      vertex 44.6284 22.6423 1
      vertex 44.6284 22.6423 15.2
    endloop
  endfacet
  facet normal 0.793401 0.608699 0
    outer loop
      vertex 44.6284 22.6423 1
      vertex 45.0532 22.0886 15.2
      vertex 45.0532 22.0886 1
    endloop
  endfacet
  facet normal 0.701388 -0.0923366 -0.706774
    outer loop
      vertex 46.4696 -18.1973 1
      vertex 45.3937 -18.7155 0
      vertex 45.4734 -18.1101 0
    endloop
  endfacet
  facet normal 0.70138 0.0923482 0.70678
    outer loop
      vertex 46.3785 18.8892 15.2
      vertex 44.6764 18.0404 17
      vertex 46.4696 18.1973 15.2
    endloop
  endfacet
  facet normal -0.47785 0.521639 -0.70679
    outer loop
      vertex -43.4498 22.4498 0
      vertex -43.6423 23.6284 1
      vertex -42.9995 22.8623 0
    endloop
  endfacet
  facet normal 0.690658 -0.153153 0.706778
    outer loop
      vertex 46.3785 -18.8892 15.2
      vertex 44.4887 -19.1047 17
      vertex 46.2274 -19.5706 15.2
    endloop
  endfacet
  facet normal 0.43062 -0.561286 0.70677
    outer loop
      vertex 43.6423 -23.6284 15.2
      vertex 42.4853 -22.2495 17
      vertex 43.0886 -24.0532 15.2
    endloop
  endfacet
  facet normal 0.706771 -0.0308129 -0.706771
    outer loop
      vertex 46.4696 -18.1973 1
      vertex 45.5 -17.5 0
      vertex 46.5 -17.5 1
    endloop
  endfacet
  facet normal 0.706771 0.0308129 -0.706771
    outer loop
      vertex 46.5 17.5 1
      vertex 45.5 17.5 0
      vertex 46.4696 18.1973 1
    endloop
  endfacet
  facet normal 0.674691 0.212767 -0.706769
    outer loop
      vertex 46.2274 19.5706 1
      vertex 45.2615 19.3117 0
      vertex 46.0175 20.2362 1
    endloop
  endfacet
  facet normal -0.270735 0.65361 -0.706751
    outer loop
      vertex -40.8941 24.0779 0
      vertex -41.4583 23.8442 0
      vertex -41.2362 25.0175 1
    endloop
  endfacet
  facet normal -0.923923 0.38258 0
    outer loop
      vertex -46.0175 20.2362 1
      vertex -45.7505 20.881 15.2
      vertex -45.7505 20.881 1
    endloop
  endfacet
  facet normal -0.923923 0.38258 0
    outer loop
      vertex -45.7505 20.881 15.2
      vertex -46.0175 20.2362 1
      vertex -46.0175 20.2362 15.2
    endloop
  endfacet
  facet normal 0.0923366 0.701388 -0.706774
    outer loop
      vertex 39.7155 24.3937 0
      vertex 39.1101 24.4734 0
      vertex 39.1973 25.4696 1
    endloop
  endfacet
  facet normal -0.56129 -0.430614 0.706771
    outer loop
      vertex -43.5787 -21.0562 17
      vertex -45.0532 -22.0886 15.2
      vertex -43.2495 -21.4853 17
    endloop
  endfacet
  facet normal -0.88697 -0.461826 0
    outer loop
      vertex -45.4282 -21.5 1
      vertex -45.7505 -20.881 15.2
      vertex -45.7505 -20.881 1
    endloop
  endfacet
  facet normal -0.88697 -0.461826 0
    outer loop
      vertex -45.7505 -20.881 15.2
      vertex -45.4282 -21.5 1
      vertex -45.4282 -21.5 15.2
    endloop
  endfacet
  facet normal -0.843378 -0.53732 0
    outer loop
      vertex -45.0532 -22.0886 1
      vertex -45.4282 -21.5 15.2
      vertex -45.4282 -21.5 1
    endloop
  endfacet
  facet normal -0.843378 -0.53732 0
    outer loop
      vertex -45.4282 -21.5 15.2
      vertex -45.0532 -22.0886 1
      vertex -45.0532 -22.0886 15.2
    endloop
  endfacet
  facet normal -0.65361 -0.270735 -0.706751
    outer loop
      vertex -44.8442 -20.4583 0
      vertex -46.0175 -20.2362 1
      vertex -45.0779 -19.8941 0
    endloop
  endfacet
  facet normal -0.737309 -0.675556 0
    outer loop
      vertex -44.1569 -23.1569 1
      vertex -44.6284 -22.6423 15.2
      vertex -44.6284 -22.6423 1
    endloop
  endfacet
  facet normal -0.737309 -0.675556 0
    outer loop
      vertex -44.6284 -22.6423 15.2
      vertex -44.1569 -23.1569 1
      vertex -44.1569 -23.1569 15.2
    endloop
  endfacet
  facet normal 0.47785 0.521639 -0.70679
    outer loop
      vertex 43.4498 22.4498 0
      vertex 42.9995 22.8623 0
      vertex 43.6423 23.6284 1
    endloop
  endfacet
  facet normal 0.47792 0.521607 -0.706766
    outer loop
      vertex 44.1569 23.1569 1
      vertex 43.4498 22.4498 0
      vertex 43.6423 23.6284 1
    endloop
  endfacet
  facet normal 0.69067 -0.153148 -0.706768
    outer loop
      vertex 46.2274 -19.5706 1
      vertex 45.2615 -19.3117 0
      vertex 45.3937 -18.7155 0
    endloop
  endfacet
  facet normal -0.561293 0.430625 -0.706762
    outer loop
      vertex -44.2341 21.515 0
      vertex -45.0532 22.0886 1
      vertex -44.6284 22.6423 1
    endloop
  endfacet
  facet normal -0.65361 0.270735 -0.706751
    outer loop
      vertex -45.0779 19.8941 0
      vertex -46.0175 20.2362 1
      vertex -44.8442 20.4583 0
    endloop
  endfacet
  facet normal -0.53732 0.843378 0
    outer loop
      vertex -42.5 24.4282 1
      vertex -43.0886 24.0532 15.2
      vertex -42.5 24.4282 15.2
    endloop
  endfacet
  facet normal -0.53732 0.843378 0
    outer loop
      vertex -43.0886 24.0532 15.2
      vertex -42.5 24.4282 1
      vertex -43.0886 24.0532 1
    endloop
  endfacet
  facet normal 0.153155 0.690666 -0.706771
    outer loop
      vertex 40.5706 25.2274 1
      vertex 39.7155 24.3937 0
      vertex 39.8892 25.3785 1
    endloop
  endfacet
  facet normal -0.38013 -0.596651 -0.706759
    outer loop
      vertex -42.5 -24.4282 1
      vertex -43.0886 -24.0532 1
      vertex -42.515 -23.2341 0
    endloop
  endfacet
  facet normal -0.793401 -0.608699 0
    outer loop
      vertex -44.6284 -22.6423 1
      vertex -45.0532 -22.0886 15.2
      vertex -45.0532 -22.0886 1
    endloop
  endfacet
  facet normal -0.793401 -0.608699 0
    outer loop
      vertex -45.0532 -22.0886 15.2
      vertex -44.6284 -22.6423 1
      vertex -44.6284 -22.6423 15.2
    endloop
  endfacet
  facet normal -0.737309 0.675556 0
    outer loop
      vertex -44.6284 22.6423 1
      vertex -44.1569 23.1569 15.2
      vertex -44.1569 23.1569 1
    endloop
  endfacet
  facet normal -0.737309 0.675556 0
    outer loop
      vertex -44.1569 23.1569 15.2
      vertex -44.6284 22.6423 1
      vertex -44.6284 22.6423 15.2
    endloop
  endfacet
  facet normal -0.21649 -0.976285 0
    outer loop
      vertex -40.5706 -25.2274 1
      vertex -39.8892 -25.3785 15.2
      vertex -40.5706 -25.2274 15.2
    endloop
  endfacet
  facet normal -0.21649 -0.976285 -0
    outer loop
      vertex -39.8892 -25.3785 15.2
      vertex -40.5706 -25.2274 1
      vertex -39.8892 -25.3785 1
    endloop
  endfacet
  facet normal -0.991443 -0.13054 0
    outer loop
      vertex -46.3785 -18.8892 1
      vertex -46.4696 -18.1973 15.2
      vertex -46.4696 -18.1973 1
    endloop
  endfacet
  facet normal -0.991443 -0.13054 0
    outer loop
      vertex -46.4696 -18.1973 15.2
      vertex -46.3785 -18.8892 1
      vertex -46.3785 -18.8892 15.2
    endloop
  endfacet
  facet normal -0.326712 -0.627473 -0.70678
    outer loop
      vertex -41.881 -24.7505 1
      vertex -42.5 -24.4282 1
      vertex -41.4583 -23.8442 0
    endloop
  endfacet
  facet normal 0.690666 0.153155 -0.706771
    outer loop
      vertex 46.3785 18.8892 1
      vertex 45.3937 18.7155 0
      vertex 46.2274 19.5706 1
    endloop
  endfacet
  facet normal -0.627513 -0.326673 -0.706762
    outer loop
      vertex -44.5622 -21 0
      vertex -45.4282 -21.5 1
      vertex -44.8442 -20.4583 0
    endloop
  endfacet
  facet normal 0.675556 0.737309 -0
    outer loop
      vertex 44.1569 23.1569 1
      vertex 43.6423 23.6284 15.2
      vertex 44.1569 23.1569 15.2
    endloop
  endfacet
  facet normal 0.675556 0.737309 0
    outer loop
      vertex 43.6423 23.6284 15.2
      vertex 44.1569 23.1569 1
      vertex 43.6423 23.6284 1
    endloop
  endfacet
  facet normal 0.53732 0.843378 -0
    outer loop
      vertex 43.0886 24.0532 1
      vertex 42.5 24.4282 15.2
      vertex 43.0886 24.0532 15.2
    endloop
  endfacet
  facet normal 0.53732 0.843378 0
    outer loop
      vertex 42.5 24.4282 15.2
      vertex 43.0886 24.0532 1
      vertex 42.5 24.4282 1
    endloop
  endfacet
  facet normal 0.0308148 -0.70677 -0.706772
    outer loop
      vertex 39.1973 -25.4696 1
      vertex 38.5 -24.5 0
      vertex 39.1101 -24.4734 0
    endloop
  endfacet
  facet normal 0.596654 0.38012 -0.706762
    outer loop
      vertex 44.5622 21 0
      vertex 44.2341 21.515 0
      vertex 45.4282 21.5 1
    endloop
  endfacet
  facet normal 0.270648 -0.653611 0.706783
    outer loop
      vertex 41.881 -24.7505 15.2
      vertex 41.1202 -23.1191 17
      vertex 41.2362 -25.0175 15.2
    endloop
  endfacet
  facet normal 0.47792 -0.521607 -0.706766
    outer loop
      vertex 43.6423 -23.6284 1
      vertex 43.4498 -22.4498 0
      vertex 44.1569 -23.1569 1
    endloop
  endfacet
  facet normal 0.326673 0.627513 -0.706762
    outer loop
      vertex 42 23.5622 0
      vertex 41.4583 23.8442 0
      vertex 42.5 24.4282 1
    endloop
  endfacet
  facet normal 0.270735 -0.65361 -0.706751
    outer loop
      vertex 41.2362 -25.0175 1
      vertex 40.8941 -24.0779 0
      vertex 41.4583 -23.8442 0
    endloop
  endfacet
  facet normal 0.976285 0.21649 0
    outer loop
      vertex 46.3785 18.8892 15.2
      vertex 46.2274 19.5706 1
      vertex 46.2274 19.5706 15.2
    endloop
  endfacet
  facet normal 0.976285 0.21649 0
    outer loop
      vertex 46.2274 19.5706 1
      vertex 46.3785 18.8892 15.2
      vertex 46.3785 18.8892 1
    endloop
  endfacet
  facet normal 0.0308129 -0.706771 -0.706771
    outer loop
      vertex 38.5 -25.5 1
      vertex 38.5 -24.5 0
      vertex 39.1973 -25.4696 1
    endloop
  endfacet
  facet normal -0.991443 0.13054 0
    outer loop
      vertex -46.4696 18.1973 1
      vertex -46.3785 18.8892 15.2
      vertex -46.3785 18.8892 1
    endloop
  endfacet
  facet normal -0.991443 0.13054 0
    outer loop
      vertex -46.3785 18.8892 15.2
      vertex -46.4696 18.1973 1
      vertex -46.4696 18.1973 15.2
    endloop
  endfacet
  facet normal 0.627473 0.326712 -0.70678
    outer loop
      vertex 45.7505 20.881 1
      vertex 44.8442 20.4583 0
      vertex 45.4282 21.5 1
    endloop
  endfacet
  facet normal -0.561221 -0.430675 -0.706789
    outer loop
      vertex -43.8623 -21.9995 0
      vertex -44.6284 -22.6423 1
      vertex -44.2341 -21.515 0
    endloop
  endfacet
  facet normal -0.47792 0.521607 -0.706766
    outer loop
      vertex -43.4498 22.4498 0
      vertex -44.1569 23.1569 1
      vertex -43.6423 23.6284 1
    endloop
  endfacet
  facet normal -0.0308129 -0.706771 -0.706771
    outer loop
      vertex -38.5 -25.5 1
      vertex -39.1973 -25.4696 1
      vertex -38.5 -24.5 0
    endloop
  endfacet
  facet normal -0.627473 0.326712 -0.70678
    outer loop
      vertex -44.8442 20.4583 0
      vertex -45.7505 20.881 1
      vertex -45.4282 21.5 1
    endloop
  endfacet
  facet normal 0.461826 0.88697 -0
    outer loop
      vertex 42.5 24.4282 1
      vertex 41.881 24.7505 15.2
      vertex 42.5 24.4282 15.2
    endloop
  endfacet
  facet normal 0.461826 0.88697 0
    outer loop
      vertex 41.881 24.7505 15.2
      vertex 42.5 24.4282 1
      vertex 41.881 24.7505 1
    endloop
  endfacet
  facet normal 0.430625 -0.561293 -0.706762
    outer loop
      vertex 43.0886 -24.0532 1
      vertex 42.515 -23.2341 0
      vertex 43.6423 -23.6284 1
    endloop
  endfacet
  facet normal -0.326595 0.627555 0.70676
    outer loop
      vertex -41.1202 23.1191 17
      vertex -42.5 24.4282 15.2
      vertex -41.6 22.8694 17
    endloop
  endfacet
  facet normal 0.153155 -0.690666 -0.706771
    outer loop
      vertex 39.8892 -25.3785 1
      vertex 39.7155 -24.3937 0
      vertex 40.5706 -25.2274 1
    endloop
  endfacet
  facet normal 0.674733 0.212708 -0.706747
    outer loop
      vertex 45.2615 19.3117 0
      vertex 45.0779 19.8941 0
      vertex 46.0175 20.2362 1
    endloop
  endfacet
  facet normal 0.65361 -0.270735 -0.706751
    outer loop
      vertex 46.0175 -20.2362 1
      vertex 44.8442 -20.4583 0
      vertex 45.0779 -19.8941 0
    endloop
  endfacet
  facet normal 0.88697 0.461826 0
    outer loop
      vertex 45.7505 20.881 15.2
      vertex 45.4282 21.5 1
      vertex 45.4282 21.5 15.2
    endloop
  endfacet
  facet normal 0.88697 0.461826 0
    outer loop
      vertex 45.4282 21.5 1
      vertex 45.7505 20.881 15.2
      vertex 45.7505 20.881 1
    endloop
  endfacet
  facet normal 0.47785 -0.521639 -0.70679
    outer loop
      vertex 43.6423 -23.6284 1
      vertex 42.9995 -22.8623 0
      vertex 43.4498 -22.4498 0
    endloop
  endfacet
  facet normal 0.38013 0.596651 -0.706759
    outer loop
      vertex 42.515 23.2341 0
      vertex 42.5 24.4282 1
      vertex 43.0886 24.0532 1
    endloop
  endfacet
  facet normal -0.561221 0.430675 -0.706789
    outer loop
      vertex -44.2341 21.515 0
      vertex -44.6284 22.6423 1
      vertex -43.8623 21.9995 0
    endloop
  endfacet
  facet normal 0.999051 -0.0435554 0
    outer loop
      vertex 46.4696 -18.1973 15.2
      vertex 46.5 -17.5 1
      vertex 46.5 -17.5 15.2
    endloop
  endfacet
  facet normal 0.999051 -0.0435554 0
    outer loop
      vertex 46.5 -17.5 1
      vertex 46.4696 -18.1973 15.2
      vertex 46.4696 -18.1973 1
    endloop
  endfacet
  facet normal -0.212708 0.674733 -0.706747
    outer loop
      vertex -40.8941 24.0779 0
      vertex -41.2362 25.0175 1
      vertex -40.3117 24.2615 0
    endloop
  endfacet
  facet normal 0.991443 -0.13054 0
    outer loop
      vertex 46.3785 -18.8892 15.2
      vertex 46.4696 -18.1973 1
      vertex 46.4696 -18.1973 15.2
    endloop
  endfacet
  facet normal 0.991443 -0.13054 0
    outer loop
      vertex 46.4696 -18.1973 1
      vertex 46.3785 -18.8892 15.2
      vertex 46.3785 -18.8892 1
    endloop
  endfacet
  facet normal 0.707107 0 -0.707107
    outer loop
      vertex 46.5 -17.5 1
      vertex 45.5 17.5 0
      vertex 46.5 17.5 1
    endloop
  endfacet
  facet normal 0.707107 0 -0.707107
    outer loop
      vertex 45.5 17.5 0
      vertex 46.5 -17.5 1
      vertex 45.5 -17.5 0
    endloop
  endfacet
  facet normal -0.0308148 0.70677 -0.706772
    outer loop
      vertex -39.1101 24.4734 0
      vertex -39.1973 25.4696 1
      vertex -38.5 24.5 0
    endloop
  endfacet
  facet normal -0.627555 -0.326595 0.70676
    outer loop
      vertex -44.1191 -20.1202 17
      vertex -45.4282 -21.5 15.2
      vertex -43.8694 -20.6 17
    endloop
  endfacet
  facet normal 0.0308656 0.70677 0.70677
    outer loop
      vertex 39.0404 23.6764 17
      vertex 38.5 25.5 15.2
      vertex 38.5 23.7 17
    endloop
  endfacet
  facet normal -0.13054 0.991443 0
    outer loop
      vertex -39.1973 25.4696 1
      vertex -39.8892 25.3785 15.2
      vertex -39.1973 25.4696 15.2
    endloop
  endfacet
  facet normal -0.13054 0.991443 0
    outer loop
      vertex -39.8892 25.3785 15.2
      vertex -39.1973 25.4696 1
      vertex -39.8892 25.3785 1
    endloop
  endfacet
  facet normal -0.0923495 0.70139 -0.70677
    outer loop
      vertex -39.7155 24.3937 0
      vertex -39.8892 25.3785 1
      vertex -39.1973 25.4696 1
    endloop
  endfacet
  facet normal 0.737309 0.675556 0
    outer loop
      vertex 44.6284 22.6423 15.2
      vertex 44.1569 23.1569 1
      vertex 44.1569 23.1569 15.2
    endloop
  endfacet
  facet normal 0.737309 0.675556 0
    outer loop
      vertex 44.1569 23.1569 1
      vertex 44.6284 22.6423 15.2
      vertex 44.6284 22.6423 1
    endloop
  endfacet
  facet normal -0.596654 0.38012 -0.706762
    outer loop
      vertex -44.5622 21 0
      vertex -45.4282 21.5 1
      vertex -44.2341 21.515 0
    endloop
  endfacet
  facet normal 0.70139 0.0923495 -0.70677
    outer loop
      vertex 46.4696 18.1973 1
      vertex 45.3937 18.7155 0
      vertex 46.3785 18.8892 1
    endloop
  endfacet
  facet normal -0.326712 0.627473 -0.70678
    outer loop
      vertex -41.4583 23.8442 0
      vertex -42.5 24.4282 1
      vertex -41.881 24.7505 1
    endloop
  endfacet
  facet normal -0.21649 0.976285 0
    outer loop
      vertex -39.8892 25.3785 1
      vertex -40.5706 25.2274 15.2
      vertex -39.8892 25.3785 15.2
    endloop
  endfacet
  facet normal -0.21649 0.976285 0
    outer loop
      vertex -40.5706 25.2274 15.2
      vertex -39.8892 25.3785 1
      vertex -40.5706 25.2274 1
    endloop
  endfacet
  facet normal -0.38258 -0.923923 0
    outer loop
      vertex -41.881 -24.7505 1
      vertex -41.2362 -25.0175 15.2
      vertex -41.881 -24.7505 15.2
    endloop
  endfacet
  facet normal -0.38258 -0.923923 -0
    outer loop
      vertex -41.2362 -25.0175 15.2
      vertex -41.881 -24.7505 1
      vertex -41.2362 -25.0175 1
    endloop
  endfacet
  facet normal -0.70677 0.0308148 -0.706772
    outer loop
      vertex -45.5 17.5 0
      vertex -46.4696 18.1973 1
      vertex -45.4734 18.1101 0
    endloop
  endfacet
  facet normal -0.430675 0.561221 -0.706789
    outer loop
      vertex -42.9995 22.8623 0
      vertex -43.6423 23.6284 1
      vertex -42.515 23.2341 0
    endloop
  endfacet
  facet normal -0.212767 0.674691 -0.706769
    outer loop
      vertex -40.3117 24.2615 0
      vertex -41.2362 25.0175 1
      vertex -40.5706 25.2274 1
    endloop
  endfacet
  facet normal -0.38012 0.596654 -0.706762
    outer loop
      vertex -42 23.5622 0
      vertex -42.515 23.2341 0
      vertex -42.5 24.4282 1
    endloop
  endfacet
  facet normal 0.561293 -0.430625 -0.706762
    outer loop
      vertex 44.6284 -22.6423 1
      vertex 44.2341 -21.515 0
      vertex 45.0532 -22.0886 1
    endloop
  endfacet
  facet normal -0.153155 -0.690666 -0.706771
    outer loop
      vertex -39.8892 -25.3785 1
      vertex -40.5706 -25.2274 1
      vertex -39.7155 -24.3937 0
    endloop
  endfacet
  facet normal -0.69067 -0.153148 -0.706768
    outer loop
      vertex -45.2615 -19.3117 0
      vertex -46.2274 -19.5706 1
      vertex -45.3937 -18.7155 0
    endloop
  endfacet
  facet normal -0.674691 -0.212767 -0.706769
    outer loop
      vertex -46.0175 -20.2362 1
      vertex -46.2274 -19.5706 1
      vertex -45.2615 -19.3117 0
    endloop
  endfacet
  facet normal -0.153148 -0.69067 -0.706768
    outer loop
      vertex -39.7155 -24.3937 0
      vertex -40.5706 -25.2274 1
      vertex -40.3117 -24.2615 0
    endloop
  endfacet
  facet normal -0.0923495 -0.70139 -0.70677
    outer loop
      vertex -39.1973 -25.4696 1
      vertex -39.8892 -25.3785 1
      vertex -39.7155 -24.3937 0
    endloop
  endfacet
  facet normal -0.653617 0.270651 -0.706777
    outer loop
      vertex -44.8442 20.4583 0
      vertex -46.0175 20.2362 1
      vertex -45.7505 20.881 1
    endloop
  endfacet
  facet normal -0.13054 -0.991443 0
    outer loop
      vertex -39.8892 -25.3785 1
      vertex -39.1973 -25.4696 15.2
      vertex -39.8892 -25.3785 15.2
    endloop
  endfacet
  facet normal -0.13054 -0.991443 -0
    outer loop
      vertex -39.1973 -25.4696 15.2
      vertex -39.8892 -25.3785 1
      vertex -39.1973 -25.4696 1
    endloop
  endfacet
  facet normal 0.608699 0.793401 -0
    outer loop
      vertex 43.6423 23.6284 1
      vertex 43.0886 24.0532 15.2
      vertex 43.6423 23.6284 15.2
    endloop
  endfacet
  facet normal 0.608699 0.793401 0
    outer loop
      vertex 43.0886 24.0532 15.2
      vertex 43.6423 23.6284 1
      vertex 43.0886 24.0532 1
    endloop
  endfacet
  facet normal 0.0308129 0.706771 -0.706771
    outer loop
      vertex 38.5 24.5 0
      vertex 38.5 25.5 1
      vertex 39.1973 25.4696 1
    endloop
  endfacet
  facet normal 0.477917 -0.521603 0.706771
    outer loop
      vertex 44.1569 -23.1569 15.2
      vertex 42.4853 -22.2495 17
      vertex 43.6423 -23.6284 15.2
    endloop
  endfacet
  facet normal -0.701388 -0.0923366 -0.706774
    outer loop
      vertex -45.3937 -18.7155 0
      vertex -46.4696 -18.1973 1
      vertex -45.4734 -18.1101 0
    endloop
  endfacet
  facet normal 0.674733 -0.212708 -0.706747
    outer loop
      vertex 46.0175 -20.2362 1
      vertex 45.0779 -19.8941 0
      vertex 45.2615 -19.3117 0
    endloop
  endfacet
  facet normal 0.561293 0.430625 -0.706762
    outer loop
      vertex 45.0532 22.0886 1
      vertex 44.2341 21.515 0
      vertex 44.6284 22.6423 1
    endloop
  endfacet
  facet normal 0.153148 0.69067 -0.706768
    outer loop
      vertex 40.3117 24.2615 0
      vertex 39.7155 24.3937 0
      vertex 40.5706 25.2274 1
    endloop
  endfacet
  facet normal -0.674683 0.212764 0.706777
    outer loop
      vertex -46.0175 20.2362 15.2
      vertex -46.2274 19.5706 15.2
      vertex -44.4887 19.1047 17
    endloop
  endfacet
  facet normal -0.270651 -0.653617 -0.706777
    outer loop
      vertex -41.2362 -25.0175 1
      vertex -41.881 -24.7505 1
      vertex -41.4583 -23.8442 0
    endloop
  endfacet
  facet normal -0.627555 0.326595 0.70676
    outer loop
      vertex -43.8694 20.6 17
      vertex -45.4282 21.5 15.2
      vertex -44.1191 20.1202 17
    endloop
  endfacet
  facet normal 0.38013 -0.596651 -0.706759
    outer loop
      vertex 43.0886 -24.0532 1
      vertex 42.5 -24.4282 1
      vertex 42.515 -23.2341 0
    endloop
  endfacet
  facet normal 0.430614 -0.56129 0.706771
    outer loop
      vertex 42.4853 -22.2495 17
      vertex 42.0562 -22.5787 17
      vertex 43.0886 -24.0532 15.2
    endloop
  endfacet
  facet normal 0.596651 -0.38013 -0.706759
    outer loop
      vertex 45.0532 -22.0886 1
      vertex 44.2341 -21.515 0
      vertex 45.4282 -21.5 1
    endloop
  endfacet
  facet normal 0.0435554 -0.999051 0
    outer loop
      vertex 38.5 -25.5 1
      vertex 39.1973 -25.4696 15.2
      vertex 38.5 -25.5 15.2
    endloop
  endfacet
  facet normal 0.0435554 -0.999051 0
    outer loop
      vertex 39.1973 -25.4696 15.2
      vertex 38.5 -25.5 1
      vertex 39.1973 -25.4696 1
    endloop
  endfacet
  facet normal -0.0308148 -0.70677 -0.706772
    outer loop
      vertex -38.5 -24.5 0
      vertex -39.1973 -25.4696 1
      vertex -39.1101 -24.4734 0
    endloop
  endfacet
  facet normal 0.65361 0.270735 -0.706751
    outer loop
      vertex 45.0779 19.8941 0
      vertex 44.8442 20.4583 0
      vertex 46.0175 20.2362 1
    endloop
  endfacet
  facet normal 0.653617 0.270651 -0.706777
    outer loop
      vertex 46.0175 20.2362 1
      vertex 44.8442 20.4583 0
      vertex 45.7505 20.881 1
    endloop
  endfacet
  facet normal 0.521602 -0.477917 0.706772
    outer loop
      vertex 43.2495 -21.4853 17
      vertex 42.8841 -21.8841 17
      vertex 44.1569 -23.1569 15.2
    endloop
  endfacet
  facet normal -0.326673 0.627513 -0.706762
    outer loop
      vertex -42 23.5622 0
      vertex -42.5 24.4282 1
      vertex -41.4583 23.8442 0
    endloop
  endfacet
  facet normal 0.430675 0.561221 -0.706789
    outer loop
      vertex 42.9995 22.8623 0
      vertex 42.515 23.2341 0
      vertex 43.6423 23.6284 1
    endloop
  endfacet
  facet normal -0.561286 0.43062 0.70677
    outer loop
      vertex -44.6284 22.6423 15.2
      vertex -45.0532 22.0886 15.2
      vertex -43.2495 21.4853 17
    endloop
  endfacet
  facet normal -0.706763 -0.0308126 0.706779
    outer loop
      vertex -44.6764 -18.0404 17
      vertex -46.5 -17.5 15.2
      vertex -46.4696 -18.1973 15.2
    endloop
  endfacet
  facet normal -0.976285 -0.21649 0
    outer loop
      vertex -46.2274 -19.5706 1
      vertex -46.3785 -18.8892 15.2
      vertex -46.3785 -18.8892 1
    endloop
  endfacet
  facet normal -0.976285 -0.21649 0
    outer loop
      vertex -46.3785 -18.8892 15.2
      vertex -46.2274 -19.5706 1
      vertex -46.2274 -19.5706 15.2
    endloop
  endfacet
  facet normal 0.88697 -0.461826 0
    outer loop
      vertex 45.4282 -21.5 15.2
      vertex 45.7505 -20.881 1
      vertex 45.7505 -20.881 15.2
    endloop
  endfacet
  facet normal 0.88697 -0.461826 0
    outer loop
      vertex 45.7505 -20.881 1
      vertex 45.4282 -21.5 15.2
      vertex 45.4282 -21.5 1
    endloop
  endfacet
  facet normal 0.737309 -0.675556 0
    outer loop
      vertex 44.1569 -23.1569 15.2
      vertex 44.6284 -22.6423 1
      vertex 44.6284 -22.6423 15.2
    endloop
  endfacet
  facet normal 0.737309 -0.675556 0
    outer loop
      vertex 44.6284 -22.6423 1
      vertex 44.1569 -23.1569 15.2
      vertex 44.1569 -23.1569 1
    endloop
  endfacet
  facet normal -0.0435554 0.999051 0
    outer loop
      vertex -38.5 25.5 1
      vertex -39.1973 25.4696 15.2
      vertex -38.5 25.5 15.2
    endloop
  endfacet
  facet normal -0.0435554 0.999051 0
    outer loop
      vertex -39.1973 25.4696 15.2
      vertex -38.5 25.5 1
      vertex -39.1973 25.4696 1
    endloop
  endfacet
  facet normal 0.21649 -0.976285 0
    outer loop
      vertex 39.8892 -25.3785 1
      vertex 40.5706 -25.2274 15.2
      vertex 39.8892 -25.3785 15.2
    endloop
  endfacet
  facet normal 0.21649 -0.976285 0
    outer loop
      vertex 40.5706 -25.2274 15.2
      vertex 39.8892 -25.3785 1
      vertex 40.5706 -25.2274 1
    endloop
  endfacet
  facet normal 0.561221 -0.430675 -0.706789
    outer loop
      vertex 44.6284 -22.6423 1
      vertex 43.8623 -21.9995 0
      vertex 44.2341 -21.515 0
    endloop
  endfacet
  facet normal -0.843378 0.53732 0
    outer loop
      vertex -45.4282 21.5 1
      vertex -45.0532 22.0886 15.2
      vertex -45.0532 22.0886 1
    endloop
  endfacet
  facet normal -0.843378 0.53732 0
    outer loop
      vertex -45.0532 22.0886 15.2
      vertex -45.4282 21.5 1
      vertex -45.4282 21.5 15.2
    endloop
  endfacet
  facet normal 0.70138 -0.0923488 0.70678
    outer loop
      vertex 44.6764 -18.0404 17
      vertex 44.6058 -18.5766 17
      vertex 46.3785 -18.8892 15.2
    endloop
  endfacet
  facet normal 0.38258 0.923923 -0
    outer loop
      vertex 41.881 24.7505 1
      vertex 41.2362 25.0175 15.2
      vertex 41.881 24.7505 15.2
    endloop
  endfacet
  facet normal 0.38258 0.923923 0
    outer loop
      vertex 41.2362 25.0175 15.2
      vertex 41.881 24.7505 1
      vertex 41.2362 25.0175 1
    endloop
  endfacet
  facet normal -0.793401 0.608699 0
    outer loop
      vertex -45.0532 22.0886 1
      vertex -44.6284 22.6423 15.2
      vertex -44.6284 22.6423 1
    endloop
  endfacet
  facet normal -0.793401 0.608699 0
    outer loop
      vertex -44.6284 22.6423 15.2
      vertex -45.0532 22.0886 1
      vertex -45.0532 22.0886 15.2
    endloop
  endfacet
  facet normal -0.270648 -0.653611 0.706783
    outer loop
      vertex -41.1202 -23.1191 17
      vertex -41.881 -24.7505 15.2
      vertex -41.2362 -25.0175 15.2
    endloop
  endfacet
  facet normal 0.70139 -0.0923495 -0.70677
    outer loop
      vertex 46.3785 -18.8892 1
      vertex 45.3937 -18.7155 0
      vertex 46.4696 -18.1973 1
    endloop
  endfacet
  facet normal -0.153148 0.69067 -0.706768
    outer loop
      vertex -40.3117 24.2615 0
      vertex -40.5706 25.2274 1
      vertex -39.7155 24.3937 0
    endloop
  endfacet
  facet normal 0.0435554 0.999051 -0
    outer loop
      vertex 39.1973 25.4696 1
      vertex 38.5 25.5 15.2
      vertex 39.1973 25.4696 15.2
    endloop
  endfacet
  facet normal 0.0435554 0.999051 0
    outer loop
      vertex 38.5 25.5 15.2
      vertex 39.1973 25.4696 1
      vertex 38.5 25.5 1
    endloop
  endfacet
  facet normal 0.13054 0.991443 -0
    outer loop
      vertex 39.8892 25.3785 1
      vertex 39.1973 25.4696 15.2
      vertex 39.8892 25.3785 15.2
    endloop
  endfacet
  facet normal 0.13054 0.991443 0
    outer loop
      vertex 39.1973 25.4696 15.2
      vertex 39.8892 25.3785 1
      vertex 39.1973 25.4696 1
    endloop
  endfacet
  facet normal -0.627513 0.326673 -0.706762
    outer loop
      vertex -44.8442 20.4583 0
      vertex -45.4282 21.5 1
      vertex -44.5622 21 0
    endloop
  endfacet
  facet normal 0.270651 0.653617 -0.706777
    outer loop
      vertex 41.4583 23.8442 0
      vertex 41.2362 25.0175 1
      vertex 41.881 24.7505 1
    endloop
  endfacet
  facet normal 0.976285 -0.21649 0
    outer loop
      vertex 46.2274 -19.5706 15.2
      vertex 46.3785 -18.8892 1
      vertex 46.3785 -18.8892 15.2
    endloop
  endfacet
  facet normal 0.976285 -0.21649 0
    outer loop
      vertex 46.3785 -18.8892 1
      vertex 46.2274 -19.5706 15.2
      vertex 46.2274 -19.5706 1
    endloop
  endfacet
  facet normal -0.0923366 -0.701388 -0.706774
    outer loop
      vertex -39.1973 -25.4696 1
      vertex -39.7155 -24.3937 0
      vertex -39.1101 -24.4734 0
    endloop
  endfacet
  facet normal -0.0923482 0.70138 0.70678
    outer loop
      vertex -39.1973 25.4696 15.2
      vertex -39.8892 25.3785 15.2
      vertex -39.0404 23.6764 17
    endloop
  endfacet
  facet normal -0.690658 0.153153 0.706778
    outer loop
      vertex -46.2274 19.5706 15.2
      vertex -46.3785 18.8892 15.2
      vertex -44.4887 19.1047 17
    endloop
  endfacet
  facet normal 0.21649 0.976285 -0
    outer loop
      vertex 40.5706 25.2274 1
      vertex 39.8892 25.3785 15.2
      vertex 40.5706 25.2274 15.2
    endloop
  endfacet
  facet normal 0.21649 0.976285 0
    outer loop
      vertex 39.8892 25.3785 15.2
      vertex 40.5706 25.2274 1
      vertex 39.8892 25.3785 1
    endloop
  endfacet
  facet normal 0.153148 -0.69067 -0.706768
    outer loop
      vertex 40.5706 -25.2274 1
      vertex 39.7155 -24.3937 0
      vertex 40.3117 -24.2615 0
    endloop
  endfacet
  facet normal -0.675556 -0.737309 0
    outer loop
      vertex -44.1569 -23.1569 1
      vertex -43.6423 -23.6284 15.2
      vertex -44.1569 -23.1569 15.2
    endloop
  endfacet
  facet normal -0.675556 -0.737309 -0
    outer loop
      vertex -43.6423 -23.6284 15.2
      vertex -44.1569 -23.1569 1
      vertex -43.6423 -23.6284 1
    endloop
  endfacet
  facet normal -0.461826 -0.88697 0
    outer loop
      vertex -42.5 -24.4282 1
      vertex -41.881 -24.7505 15.2
      vertex -42.5 -24.4282 15.2
    endloop
  endfacet
  facet normal -0.461826 -0.88697 -0
    outer loop
      vertex -41.881 -24.7505 15.2
      vertex -42.5 -24.4282 1
      vertex -41.881 -24.7505 1
    endloop
  endfacet
  facet normal 0.53732 -0.843378 0
    outer loop
      vertex 42.5 -24.4282 1
      vertex 43.0886 -24.0532 15.2
      vertex 42.5 -24.4282 15.2
    endloop
  endfacet
  facet normal 0.53732 -0.843378 0
    outer loop
      vertex 43.0886 -24.0532 15.2
      vertex 42.5 -24.4282 1
      vertex 43.0886 -24.0532 1
    endloop
  endfacet
  facet normal 0.38258 -0.923923 0
    outer loop
      vertex 41.2362 -25.0175 1
      vertex 41.881 -24.7505 15.2
      vertex 41.2362 -25.0175 15.2
    endloop
  endfacet
  facet normal 0.38258 -0.923923 0
    outer loop
      vertex 41.881 -24.7505 15.2
      vertex 41.2362 -25.0175 1
      vertex 41.881 -24.7505 1
    endloop
  endfacet
  facet normal 0.70677 0.0308148 -0.706772
    outer loop
      vertex 45.5 17.5 0
      vertex 45.4734 18.1101 0
      vertex 46.4696 18.1973 1
    endloop
  endfacet
  facet normal 0.675556 -0.737309 0
    outer loop
      vertex 43.6423 -23.6284 1
      vertex 44.1569 -23.1569 15.2
      vertex 43.6423 -23.6284 15.2
    endloop
  endfacet
  facet normal 0.675556 -0.737309 0
    outer loop
      vertex 44.1569 -23.1569 15.2
      vertex 43.6423 -23.6284 1
      vertex 44.1569 -23.1569 1
    endloop
  endfacet
  facet normal 0.999051 0.0435554 0
    outer loop
      vertex 46.5 17.5 15.2
      vertex 46.4696 18.1973 1
      vertex 46.4696 18.1973 15.2
    endloop
  endfacet
  facet normal 0.999051 0.0435554 0
    outer loop
      vertex 46.4696 18.1973 1
      vertex 46.5 17.5 15.2
      vertex 46.5 17.5 1
    endloop
  endfacet
  facet normal -0.596649 0.380128 0.706762
    outer loop
      vertex -45.0532 22.0886 15.2
      vertex -45.4282 21.5 15.2
      vertex -43.8694 20.6 17
    endloop
  endfacet
  facet normal 0.953702 0.300754 0
    outer loop
      vertex 46.2274 19.5706 15.2
      vertex 46.0175 20.2362 1
      vertex 46.0175 20.2362 15.2
    endloop
  endfacet
  facet normal 0.953702 0.300754 0
    outer loop
      vertex 46.0175 20.2362 1
      vertex 46.2274 19.5706 15.2
      vertex 46.2274 19.5706 1
    endloop
  endfacet
  facet normal 0.430675 -0.561221 -0.706789
    outer loop
      vertex 43.6423 -23.6284 1
      vertex 42.515 -23.2341 0
      vertex 42.9995 -22.8623 0
    endloop
  endfacet
  facet normal -0.69067 0.153148 -0.706768
    outer loop
      vertex -45.3937 18.7155 0
      vertex -46.2274 19.5706 1
      vertex -45.2615 19.3117 0
    endloop
  endfacet
  facet normal 0.627555 0.326595 0.70676
    outer loop
      vertex 45.4282 21.5 15.2
      vertex 43.8694 20.6 17
      vertex 44.1191 20.1202 17
    endloop
  endfacet
  facet normal -0.153153 0.690658 0.706778
    outer loop
      vertex -39.8892 25.3785 15.2
      vertex -40.5706 25.2274 15.2
      vertex -40.1047 23.4887 17
    endloop
  endfacet
  facet normal -0.674691 0.212767 -0.706769
    outer loop
      vertex -45.2615 19.3117 0
      vertex -46.2274 19.5706 1
      vertex -46.0175 20.2362 1
    endloop
  endfacet
  facet normal -0.521639 0.47785 -0.70679
    outer loop
      vertex -43.8623 21.9995 0
      vertex -44.6284 22.6423 1
      vertex -43.4498 22.4498 0
    endloop
  endfacet
  facet normal 0.38012 -0.596654 -0.706762
    outer loop
      vertex 42.5 -24.4282 1
      vertex 42 -23.5622 0
      vertex 42.515 -23.2341 0
    endloop
  endfacet
  facet normal 0.843378 -0.53732 0
    outer loop
      vertex 45.0532 -22.0886 15.2
      vertex 45.4282 -21.5 1
      vertex 45.4282 -21.5 15.2
    endloop
  endfacet
  facet normal 0.843378 -0.53732 0
    outer loop
      vertex 45.4282 -21.5 1
      vertex 45.0532 -22.0886 15.2
      vertex 45.0532 -22.0886 1
    endloop
  endfacet
  facet normal 0.627473 -0.326712 -0.70678
    outer loop
      vertex 45.4282 -21.5 1
      vertex 44.8442 -20.4583 0
      vertex 45.7505 -20.881 1
    endloop
  endfacet
  facet normal 0.653617 -0.270651 -0.706777
    outer loop
      vertex 45.7505 -20.881 1
      vertex 44.8442 -20.4583 0
      vertex 46.0175 -20.2362 1
    endloop
  endfacet
  facet normal 0.270648 0.653611 0.706783
    outer loop
      vertex 41.2362 25.0175 15.2
      vertex 41.1202 23.1191 17
      vertex 41.881 24.7505 15.2
    endloop
  endfacet
  facet normal -0.690666 0.153155 -0.706771
    outer loop
      vertex -45.3937 18.7155 0
      vertex -46.3785 18.8892 1
      vertex -46.2274 19.5706 1
    endloop
  endfacet
  facet normal 0.596649 0.380128 0.706762
    outer loop
      vertex 45.0532 22.0886 15.2
      vertex 43.8694 20.6 17
      vertex 45.4282 21.5 15.2
    endloop
  endfacet
  facet normal -0.326709 0.627468 0.706785
    outer loop
      vertex -41.881 24.7505 15.2
      vertex -42.5 24.4282 15.2
      vertex -41.1202 23.1191 17
    endloop
  endfacet
  facet normal 0 0 -1
    outer loop
      vertex 38.5 -24.5 0
      vertex 45.5 -17.5 0
      vertex 45.4734 -18.1101 0
    endloop
  endfacet
  facet normal -0 0 -1
    outer loop
      vertex 45.5 -17.5 0
      vertex 38.5 -24.5 0
      vertex 45.5 17.5 0
    endloop
  endfacet
  facet normal 0 0 -1
    outer loop
      vertex 38.5 -24.5 0
      vertex 45.4734 -18.1101 0
      vertex 45.3937 -18.7155 0
    endloop
  endfacet
  facet normal 0 0 -1
    outer loop
      vertex 38.5 24.5 0
      vertex 45.5 17.5 0
      vertex 38.5 -24.5 0
    endloop
  endfacet
  facet normal 0 0 -1
    outer loop
      vertex 38.5 -24.5 0
      vertex 45.3937 -18.7155 0
      vertex 45.2615 -19.3117 0
    endloop
  endfacet
  facet normal 0 0 -1
    outer loop
      vertex 45.5 17.5 0
      vertex 38.5 24.5 0
      vertex 45.4734 18.1101 0
    endloop
  endfacet
  facet normal 0 0 -1
    outer loop
      vertex 38.5 -24.5 0
      vertex 45.2615 -19.3117 0
      vertex 45.0779 -19.8941 0
    endloop
  endfacet
  facet normal 0 0 -1
    outer loop
      vertex 45.4734 18.1101 0
      vertex 38.5 24.5 0
      vertex 45.3937 18.7155 0
    endloop
  endfacet
  facet normal 0 0 -1
    outer loop
      vertex 38.5 -24.5 0
      vertex 45.0779 -19.8941 0
      vertex 44.8442 -20.4583 0
    endloop
  endfacet
  facet normal 0 0 -1
    outer loop
      vertex 45.3937 18.7155 0
      vertex 38.5 24.5 0
      vertex 45.2615 19.3117 0
    endloop
  endfacet
  facet normal 0 0 -1
    outer loop
      vertex 38.5 -24.5 0
      vertex 44.8442 -20.4583 0
      vertex 44.5622 -21 0
    endloop
  endfacet
  facet normal 0 0 -1
    outer loop
      vertex 45.2615 19.3117 0
      vertex 38.5 24.5 0
      vertex 45.0779 19.8941 0
    endloop
  endfacet
  facet normal 0 0 -1
    outer loop
      vertex 38.5 -24.5 0
      vertex 44.5622 -21 0
      vertex 44.2341 -21.515 0
    endloop
  endfacet
  facet normal 0 0 -1
    outer loop
      vertex 45.0779 19.8941 0
      vertex 38.5 24.5 0
      vertex 44.8442 20.4583 0
    endloop
  endfacet
  facet normal 0 0 -1
    outer loop
      vertex 38.5 -24.5 0
      vertex 44.2341 -21.515 0
      vertex 43.8623 -21.9995 0
    endloop
  endfacet
  facet normal 0 0 -1
    outer loop
      vertex 44.8442 20.4583 0
      vertex 38.5 24.5 0
      vertex 44.5622 21 0
    endloop
  endfacet
  facet normal 0 0 -1
    outer loop
      vertex 38.5 -24.5 0
      vertex 43.8623 -21.9995 0
      vertex 43.4498 -22.4498 0
    endloop
  endfacet
  facet normal 0 0 -1
    outer loop
      vertex 44.5622 21 0
      vertex 38.5 24.5 0
      vertex 44.2341 21.515 0
    endloop
  endfacet
  facet normal 0 0 -1
    outer loop
      vertex 38.5 -24.5 0
      vertex 43.4498 -22.4498 0
      vertex 42.9995 -22.8623 0
    endloop
  endfacet
  facet normal 0 0 -1
    outer loop
      vertex 44.2341 21.515 0
      vertex 38.5 24.5 0
      vertex 43.8623 21.9995 0
    endloop
  endfacet
  facet normal 0 0 -1
    outer loop
      vertex 38.5 -24.5 0
      vertex 42.9995 -22.8623 0
      vertex 42.515 -23.2341 0
    endloop
  endfacet
  facet normal 0 0 -1
    outer loop
      vertex 43.8623 21.9995 0
      vertex 38.5 24.5 0
      vertex 43.4498 22.4498 0
    endloop
  endfacet
  facet normal 0 0 -1
    outer loop
      vertex 38.5 -24.5 0
      vertex 42.515 -23.2341 0
      vertex 42 -23.5622 0
    endloop
  endfacet
  facet normal 0 0 -1
    outer loop
      vertex 43.4498 22.4498 0
      vertex 38.5 24.5 0
      vertex 42.9995 22.8623 0
    endloop
  endfacet
  facet normal 0 0 -1
    outer loop
      vertex 38.5 -24.5 0
      vertex 42 -23.5622 0
      vertex 41.4583 -23.8442 0
    endloop
  endfacet
  facet normal 0 0 -1
    outer loop
      vertex 42.9995 22.8623 0
      vertex 38.5 24.5 0
      vertex 42.515 23.2341 0
    endloop
  endfacet
  facet normal 0 0 -1
    outer loop
      vertex 38.5 -24.5 0
      vertex 41.4583 -23.8442 0
      vertex 40.8941 -24.0779 0
    endloop
  endfacet
  facet normal 0 0 -1
    outer loop
      vertex 42.515 23.2341 0
      vertex 38.5 24.5 0
      vertex 42 23.5622 0
    endloop
  endfacet
  facet normal 0 0 -1
    outer loop
      vertex 38.5 -24.5 0
      vertex 40.8941 -24.0779 0
      vertex 40.3117 -24.2615 0
    endloop
  endfacet
  facet normal 0 0 -1
    outer loop
      vertex 42 23.5622 0
      vertex 38.5 24.5 0
      vertex 41.4583 23.8442 0
    endloop
  endfacet
  facet normal 0 0 -1
    outer loop
      vertex 38.5 -24.5 0
      vertex 40.3117 -24.2615 0
      vertex 39.7155 -24.3937 0
    endloop
  endfacet
  facet normal 0 0 -1
    outer loop
      vertex 41.4583 23.8442 0
      vertex 38.5 24.5 0
      vertex 40.8941 24.0779 0
    endloop
  endfacet
  facet normal 0 0 -1
    outer loop
      vertex 38.5 -24.5 0
      vertex 39.7155 -24.3937 0
      vertex 39.1101 -24.4734 0
    endloop
  endfacet
  facet normal 0 0 -1
    outer loop
      vertex 40.8941 24.0779 0
      vertex 38.5 24.5 0
      vertex 40.3117 24.2615 0
    endloop
  endfacet
  facet normal 0 0 -1
    outer loop
      vertex 40.3117 24.2615 0
      vertex 38.5 24.5 0
      vertex 39.7155 24.3937 0
    endloop
  endfacet
  facet normal 0 0 -1
    outer loop
      vertex 39.7155 24.3937 0
      vertex 38.5 24.5 0
      vertex 39.1101 24.4734 0
    endloop
  endfacet
  facet normal 0 0 -1
    outer loop
      vertex 38.5 -24.5 0
      vertex -0.5 24.5 0
      vertex 38.5 24.5 0
    endloop
  endfacet
  facet normal 0 0 -1
    outer loop
      vertex -0.5 24.5 0
      vertex -0.515198 24.6736 0
      vertex -0.503799 24.5872 0
    endloop
  endfacet
  facet normal 0 0 -1
    outer loop
      vertex -0.5 24.5 0
      vertex -0.534073 24.7588 0
      vertex -0.515198 24.6736 0
    endloop
  endfacet
  facet normal 0 0 -1
    outer loop
      vertex -0.5 24.5 0
      vertex -0.560303 24.842 0
      vertex -0.534073 24.7588 0
    endloop
  endfacet
  facet normal 0 0 -1
    outer loop
      vertex -0.5 24.5 0
      vertex -0.593689 24.9226 0
      vertex -0.560303 24.842 0
    endloop
  endfacet
  facet normal 0 0 -1
    outer loop
      vertex -0.5 24.5 0
      vertex -0.633972 25 0
      vertex -0.593689 24.9226 0
    endloop
  endfacet
  facet normal 0 0 -1
    outer loop
      vertex -0.5 24.5 0
      vertex -0.680847 25.0736 0
      vertex -0.633972 25 0
    endloop
  endfacet
  facet normal 0 0 -1
    outer loop
      vertex -0.5 24.5 0
      vertex -0.733963 25.1428 0
      vertex -0.680847 25.0736 0
    endloop
  endfacet
  facet normal 0 0 -1
    outer loop
      vertex -0.5 24.5 0
      vertex -0.792892 25.2071 0
      vertex -0.733963 25.1428 0
    endloop
  endfacet
  facet normal 0 0 -1
    outer loop
      vertex -0.5 24.5 0
      vertex -0.857208 25.266 0
      vertex -0.792892 25.2071 0
    endloop
  endfacet
  facet normal 0 0 -1
    outer loop
      vertex -0.5 24.5 0
      vertex -0.926422 25.3192 0
      vertex -0.857208 25.266 0
    endloop
  endfacet
  facet normal 0 0 -1
    outer loop
      vertex -0.5 24.5 0
      vertex -1 25.366 0
      vertex -0.926422 25.3192 0
    endloop
  endfacet
  facet normal 0 0 -1
    outer loop
      vertex -0.5 24.5 0
      vertex -1.07738 25.4063 0
      vertex -1 25.366 0
    endloop
  endfacet
  facet normal 0 0 -1
    outer loop
      vertex -0.5 24.5 0
      vertex -1.15797 25.4397 0
      vertex -1.07738 25.4063 0
    endloop
  endfacet
  facet normal 0 0 -1
    outer loop
      vertex -0.5 24.5 0
      vertex -1.24118 25.4659 0
      vertex -1.15797 25.4397 0
    endloop
  endfacet
  facet normal 0 0 -1
    outer loop
      vertex -0.5 24.5 0
      vertex -1.32635 25.4848 0
      vertex -1.24118 25.4659 0
    endloop
  endfacet
  facet normal 0 0 -1
    outer loop
      vertex -38.5 -24.5 0
      vertex -0.5 24.5 0
      vertex 38.5 -24.5 0
    endloop
  endfacet
  facet normal 0 -0 -1
    outer loop
      vertex -1.5 25.5 0
      vertex -0.5 24.5 0
      vertex -5.5 24.5 0
    endloop
  endfacet
  facet normal 0 0 -1
    outer loop
      vertex -0.5 24.5 0
      vertex -1.5 25.5 0
      vertex -1.32635 25.4848 0
    endloop
  endfacet
  facet normal 0 0 -1
    outer loop
      vertex -1.32635 25.4848 0
      vertex -1.5 25.5 0
      vertex -1.41284 25.4962 0
    endloop
  endfacet
  facet normal -0 0 -1
    outer loop
      vertex -1.5 25.5 0
      vertex -5.5 24.5 0
      vertex -4.5 25.5 0
    endloop
  endfacet
  facet normal 0 0 -1
    outer loop
      vertex -4.5 25.5 0
      vertex -5.5 24.5 0
      vertex -4.58716 25.4962 0
    endloop
  endfacet
  facet normal 0 0 -1
    outer loop
      vertex -4.58716 25.4962 0
      vertex -5.5 24.5 0
      vertex -4.67365 25.4848 0
    endloop
  endfacet
  facet normal 0 0 -1
    outer loop
      vertex -4.67365 25.4848 0
      vertex -5.5 24.5 0
      vertex -4.75882 25.4659 0
    endloop
  endfacet
  facet normal 0 0 -1
    outer loop
      vertex -4.75882 25.4659 0
      vertex -5.5 24.5 0
      vertex -4.84203 25.4397 0
    endloop
  endfacet
  facet normal 0 0 -1
    outer loop
      vertex -4.84203 25.4397 0
      vertex -5.5 24.5 0
      vertex -4.92262 25.4063 0
    endloop
  endfacet
  facet normal 0 0 -1
    outer loop
      vertex -4.92262 25.4063 0
      vertex -5.5 24.5 0
      vertex -5 25.366 0
    endloop
  endfacet
  facet normal 0 0 -1
    outer loop
      vertex -5 25.366 0
      vertex -5.5 24.5 0
      vertex -5.07358 25.3192 0
    endloop
  endfacet
  facet normal 0 0 -1
    outer loop
      vertex -5.07358 25.3192 0
      vertex -5.5 24.5 0
      vertex -5.14279 25.266 0
    endloop
  endfacet
  facet normal 0 0 -1
    outer loop
      vertex -5.14279 25.266 0
      vertex -5.5 24.5 0
      vertex -5.20711 25.2071 0
    endloop
  endfacet
  facet normal 0 0 -1
    outer loop
      vertex -5.20711 25.2071 0
      vertex -5.5 24.5 0
      vertex -5.26604 25.1428 0
    endloop
  endfacet
  facet normal 0 0 -1
    outer loop
      vertex -5.26604 25.1428 0
      vertex -5.5 24.5 0
      vertex -5.31915 25.0736 0
    endloop
  endfacet
  facet normal 0 0 -1
    outer loop
      vertex -5.31915 25.0736 0
      vertex -5.5 24.5 0
      vertex -5.36603 25 0
    endloop
  endfacet
  facet normal 0 0 -1
    outer loop
      vertex -5.36603 25 0
      vertex -5.5 24.5 0
      vertex -5.40631 24.9226 0
    endloop
  endfacet
  facet normal 0 0 -1
    outer loop
      vertex -5.40631 24.9226 0
      vertex -5.5 24.5 0
      vertex -5.4397 24.842 0
    endloop
  endfacet
  facet normal 0 0 -1
    outer loop
      vertex -5.4397 24.842 0
      vertex -5.5 24.5 0
      vertex -5.46593 24.7588 0
    endloop
  endfacet
  facet normal 0 0 -1
    outer loop
      vertex -5.46593 24.7588 0
      vertex -5.5 24.5 0
      vertex -5.4848 24.6736 0
    endloop
  endfacet
  facet normal 0 0 -1
    outer loop
      vertex -5.4848 24.6736 0
      vertex -5.5 24.5 0
      vertex -5.4962 24.5872 0
    endloop
  endfacet
  facet normal -0 0 -1
    outer loop
      vertex -0.5 24.5 0
      vertex -38.5 -24.5 0
      vertex -5.5 24.5 0
    endloop
  endfacet
  facet normal 0 0 -1
    outer loop
      vertex -45.5 -17.5 0
      vertex -5.5 24.5 0
      vertex -38.5 -24.5 0
    endloop
  endfacet
  facet normal 0 0 -1
    outer loop
      vertex -45.5 -17.5 0
      vertex -38.5 -24.5 0
      vertex -39.1101 -24.4734 0
    endloop
  endfacet
  facet normal 0 0 -1
    outer loop
      vertex -45.5 17.5 0
      vertex -5.5 24.5 0
      vertex -45.5 -17.5 0
    endloop
  endfacet
  facet normal 0 0 -1
    outer loop
      vertex -45.5 -17.5 0
      vertex -39.1101 -24.4734 0
      vertex -39.7155 -24.3937 0
    endloop
  endfacet
  facet normal -0 0 -1
    outer loop
      vertex -5.5 24.5 0
      vertex -45.5 17.5 0
      vertex -38.5 24.5 0
    endloop
  endfacet
  facet normal 0 0 -1
    outer loop
      vertex -45.5 -17.5 0
      vertex -39.7155 -24.3937 0
      vertex -40.3117 -24.2615 0
    endloop
  endfacet
  facet normal 0 0 -1
    outer loop
      vertex -38.5 24.5 0
      vertex -45.5 17.5 0
      vertex -39.1101 24.4734 0
    endloop
  endfacet
  facet normal 0 0 -1
    outer loop
      vertex -45.5 -17.5 0
      vertex -40.3117 -24.2615 0
      vertex -40.8941 -24.0779 0
    endloop
  endfacet
  facet normal 0 0 -1
    outer loop
      vertex -39.1101 24.4734 0
      vertex -45.5 17.5 0
      vertex -39.7155 24.3937 0
    endloop
  endfacet
  facet normal 0 0 -1
    outer loop
      vertex -45.5 -17.5 0
      vertex -40.8941 -24.0779 0
      vertex -41.4583 -23.8442 0
    endloop
  endfacet
  facet normal 0 0 -1
    outer loop
      vertex -39.7155 24.3937 0
      vertex -45.5 17.5 0
      vertex -40.3117 24.2615 0
    endloop
  endfacet
  facet normal 0 0 -1
    outer loop
      vertex -45.5 -17.5 0
      vertex -41.4583 -23.8442 0
      vertex -42 -23.5622 0
    endloop
  endfacet
  facet normal 0 0 -1
    outer loop
      vertex -40.3117 24.2615 0
      vertex -45.5 17.5 0
      vertex -40.8941 24.0779 0
    endloop
  endfacet
  facet normal 0 0 -1
    outer loop
      vertex -45.5 -17.5 0
      vertex -42 -23.5622 0
      vertex -42.515 -23.2341 0
    endloop
  endfacet
  facet normal 0 0 -1
    outer loop
      vertex -40.8941 24.0779 0
      vertex -45.5 17.5 0
      vertex -41.4583 23.8442 0
    endloop
  endfacet
  facet normal 0 0 -1
    outer loop
      vertex -45.5 -17.5 0
      vertex -42.515 -23.2341 0
      vertex -42.9995 -22.8623 0
    endloop
  endfacet
  facet normal 0 0 -1
    outer loop
      vertex -41.4583 23.8442 0
      vertex -45.5 17.5 0
      vertex -42 23.5622 0
    endloop
  endfacet
  facet normal 0 0 -1
    outer loop
      vertex -45.5 -17.5 0
      vertex -42.9995 -22.8623 0
      vertex -43.4498 -22.4498 0
    endloop
  endfacet
  facet normal 0 0 -1
    outer loop
      vertex -42 23.5622 0
      vertex -45.5 17.5 0
      vertex -42.515 23.2341 0
    endloop
  endfacet
  facet normal 0 0 -1
    outer loop
      vertex -45.5 -17.5 0
      vertex -43.4498 -22.4498 0
      vertex -43.8623 -21.9995 0
    endloop
  endfacet
  facet normal 0 0 -1
    outer loop
      vertex -42.515 23.2341 0
      vertex -45.5 17.5 0
      vertex -42.9995 22.8623 0
    endloop
  endfacet
  facet normal 0 0 -1
    outer loop
      vertex -45.5 -17.5 0
      vertex -43.8623 -21.9995 0
      vertex -44.2341 -21.515 0
    endloop
  endfacet
  facet normal 0 0 -1
    outer loop
      vertex -42.9995 22.8623 0
      vertex -45.5 17.5 0
      vertex -43.4498 22.4498 0
    endloop
  endfacet
  facet normal 0 0 -1
    outer loop
      vertex -45.5 -17.5 0
      vertex -44.2341 -21.515 0
      vertex -44.5622 -21 0
    endloop
  endfacet
  facet normal 0 0 -1
    outer loop
      vertex -43.4498 22.4498 0
      vertex -45.5 17.5 0
      vertex -43.8623 21.9995 0
    endloop
  endfacet
  facet normal 0 0 -1
    outer loop
      vertex -45.5 -17.5 0
      vertex -44.5622 -21 0
      vertex -44.8442 -20.4583 0
    endloop
  endfacet
  facet normal 0 0 -1
    outer loop
      vertex -43.8623 21.9995 0
      vertex -45.5 17.5 0
      vertex -44.2341 21.515 0
    endloop
  endfacet
  facet normal 0 0 -1
    outer loop
      vertex -45.5 -17.5 0
      vertex -44.8442 -20.4583 0
      vertex -45.0779 -19.8941 0
    endloop
  endfacet
  facet normal 0 0 -1
    outer loop
      vertex -44.2341 21.515 0
      vertex -45.5 17.5 0
      vertex -44.5622 21 0
    endloop
  endfacet
  facet normal 0 0 -1
    outer loop
      vertex -45.5 -17.5 0
      vertex -45.0779 -19.8941 0
      vertex -45.2615 -19.3117 0
    endloop
  endfacet
  facet normal 0 0 -1
    outer loop
      vertex -44.5622 21 0
      vertex -45.5 17.5 0
      vertex -44.8442 20.4583 0
    endloop
  endfacet
  facet normal 0 0 -1
    outer loop
      vertex -45.5 -17.5 0
      vertex -45.2615 -19.3117 0
      vertex -45.3937 -18.7155 0
    endloop
  endfacet
  facet normal 0 0 -1
    outer loop
      vertex -44.8442 20.4583 0
      vertex -45.5 17.5 0
      vertex -45.0779 19.8941 0
    endloop
  endfacet
  facet normal 0 0 -1
    outer loop
      vertex -45.5 -17.5 0
      vertex -45.3937 -18.7155 0
      vertex -45.4734 -18.1101 0
    endloop
  endfacet
  facet normal 0 0 -1
    outer loop
      vertex -45.0779 19.8941 0
      vertex -45.5 17.5 0
      vertex -45.2615 19.3117 0
    endloop
  endfacet
  facet normal 0 0 -1
    outer loop
      vertex -45.2615 19.3117 0
      vertex -45.5 17.5 0
      vertex -45.3937 18.7155 0
    endloop
  endfacet
  facet normal 0 0 -1
    outer loop
      vertex -45.3937 18.7155 0
      vertex -45.5 17.5 0
      vertex -45.4734 18.1101 0
    endloop
  endfacet
  facet normal 0.701388 0.0923366 -0.706774
    outer loop
      vertex 45.4734 18.1101 0
      vertex 45.3937 18.7155 0
      vertex 46.4696 18.1973 1
    endloop
  endfacet
  facet normal 0.596649 -0.380128 0.706762
    outer loop
      vertex 45.4282 -21.5 15.2
      vertex 43.8694 -20.6 17
      vertex 45.0532 -22.0886 15.2
    endloop
  endfacet
  facet normal -0.521607 0.47792 -0.706766
    outer loop
      vertex -43.4498 22.4498 0
      vertex -44.6284 22.6423 1
      vertex -44.1569 23.1569 1
    endloop
  endfacet
  facet normal -0.0923488 -0.70138 0.70678
    outer loop
      vertex -39.5766 -23.6058 17
      vertex -39.8892 -25.3785 15.2
      vertex -39.0404 -23.6764 17
    endloop
  endfacet
  facet normal -0.380128 0.596649 0.706762
    outer loop
      vertex -42.5 24.4282 15.2
      vertex -43.0886 24.0532 15.2
      vertex -41.6 22.8694 17
    endloop
  endfacet
  facet normal 0.706763 0.0308126 0.706779
    outer loop
      vertex 46.4696 18.1973 15.2
      vertex 44.6764 18.0404 17
      vertex 46.5 17.5 15.2
    endloop
  endfacet
  facet normal 0.461826 -0.88697 0
    outer loop
      vertex 41.881 -24.7505 1
      vertex 42.5 -24.4282 15.2
      vertex 41.881 -24.7505 15.2
    endloop
  endfacet
  facet normal 0.461826 -0.88697 0
    outer loop
      vertex 42.5 -24.4282 15.2
      vertex 41.881 -24.7505 1
      vertex 42.5 -24.4282 1
    endloop
  endfacet
  facet normal 0.326712 -0.627473 -0.70678
    outer loop
      vertex 41.881 -24.7505 1
      vertex 41.4583 -23.8442 0
      vertex 42.5 -24.4282 1
    endloop
  endfacet
  facet normal 0.953702 -0.300754 0
    outer loop
      vertex 46.0175 -20.2362 15.2
      vertex 46.2274 -19.5706 1
      vertex 46.2274 -19.5706 15.2
    endloop
  endfacet
  facet normal 0.953702 -0.300754 0
    outer loop
      vertex 46.2274 -19.5706 1
      vertex 46.0175 -20.2362 15.2
      vertex 46.0175 -20.2362 1
    endloop
  endfacet
  facet normal -0.521603 -0.477917 0.706771
    outer loop
      vertex -43.2495 -21.4853 17
      vertex -44.6284 -22.6423 15.2
      vertex -44.1569 -23.1569 15.2
    endloop
  endfacet
  facet normal 0.521603 0.477917 0.706771
    outer loop
      vertex 44.1569 23.1569 15.2
      vertex 43.2495 21.4853 17
      vertex 44.6284 22.6423 15.2
    endloop
  endfacet
  facet normal -0.70139 0.0923495 -0.70677
    outer loop
      vertex -45.3937 18.7155 0
      vertex -46.4696 18.1973 1
      vertex -46.3785 18.8892 1
    endloop
  endfacet
  facet normal 0.380128 -0.596649 0.706762
    outer loop
      vertex 43.0886 -24.0532 15.2
      vertex 41.6 -22.8694 17
      vertex 42.5 -24.4282 15.2
    endloop
  endfacet
  facet normal -0.953702 0.300754 0
    outer loop
      vertex -46.2274 19.5706 1
      vertex -46.0175 20.2362 15.2
      vertex -46.0175 20.2362 1
    endloop
  endfacet
  facet normal -0.953702 0.300754 0
    outer loop
      vertex -46.0175 20.2362 15.2
      vertex -46.2274 19.5706 1
      vertex -46.2274 19.5706 15.2
    endloop
  endfacet
  facet normal -0.999051 0.0435554 0
    outer loop
      vertex -46.5 17.5 1
      vertex -46.4696 18.1973 15.2
      vertex -46.4696 18.1973 1
    endloop
  endfacet
  facet normal -0.999051 0.0435554 0
    outer loop
      vertex -46.4696 18.1973 15.2
      vertex -46.5 17.5 1
      vertex -46.5 17.5 15.2
    endloop
  endfacet
  facet normal 0.56129 0.430614 0.706771
    outer loop
      vertex 45.0532 22.0886 15.2
      vertex 43.2495 21.4853 17
      vertex 43.5787 21.0562 17
    endloop
  endfacet
  facet normal -0.706763 0.0308126 0.706779
    outer loop
      vertex -46.4696 18.1973 15.2
      vertex -46.5 17.5 15.2
      vertex -44.6764 18.0404 17
    endloop
  endfacet
  facet normal 0.477917 0.521603 0.706771
    outer loop
      vertex 43.6423 23.6284 15.2
      vertex 42.4853 22.2495 17
      vertex 44.1569 23.1569 15.2
    endloop
  endfacet
  facet normal -0.596649 -0.380128 0.706762
    outer loop
      vertex -43.8694 -20.6 17
      vertex -45.4282 -21.5 15.2
      vertex -45.0532 -22.0886 15.2
    endloop
  endfacet
  facet normal 0.326595 -0.627555 0.70676
    outer loop
      vertex 41.6 -22.8694 17
      vertex 41.1202 -23.1191 17
      vertex 42.5 -24.4282 15.2
    endloop
  endfacet
  facet normal 0.0923488 0.70138 0.70678
    outer loop
      vertex 39.8892 25.3785 15.2
      vertex 39.0404 23.6764 17
      vertex 39.5766 23.6058 17
    endloop
  endfacet
  facet normal -0.270648 0.653611 0.706783
    outer loop
      vertex -41.2362 25.0175 15.2
      vertex -41.881 24.7505 15.2
      vertex -41.1202 23.1191 17
    endloop
  endfacet
  facet normal 0 -0.707107 0.707107
    outer loop
      vertex -38.5 -23.7 17
      vertex 38.5 -25.5 15.2
      vertex 38.5 -23.7 17
    endloop
  endfacet
  facet normal 0 -0.707107 0.707107
    outer loop
      vertex 38.5 -25.5 15.2
      vertex -38.5 -23.7 17
      vertex -38.5 -25.5 15.2
    endloop
  endfacet
  facet normal 0.596609 0.380172 0.706772
    outer loop
      vertex 45.0532 22.0886 15.2
      vertex 43.5787 21.0562 17
      vertex 43.8694 20.6 17
    endloop
  endfacet
  facet normal 0.653611 -0.270648 0.706783
    outer loop
      vertex 46.0175 -20.2362 15.2
      vertex 44.1191 -20.1202 17
      vertex 45.7505 -20.881 15.2
    endloop
  endfacet
  facet normal -0.70138 -0.0923482 0.70678
    outer loop
      vertex -44.6764 -18.0404 17
      vertex -46.4696 -18.1973 15.2
      vertex -46.3785 -18.8892 15.2
    endloop
  endfacet
  facet normal -0.212764 0.674683 0.706777
    outer loop
      vertex -40.5706 25.2274 15.2
      vertex -41.2362 25.0175 15.2
      vertex -40.1047 23.4887 17
    endloop
  endfacet
  facet normal -0.326709 -0.627468 0.706785
    outer loop
      vertex -41.1202 -23.1191 17
      vertex -42.5 -24.4282 15.2
      vertex -41.881 -24.7505 15.2
    endloop
  endfacet
  facet normal 0.477917 0.521602 0.706772
    outer loop
      vertex 44.1569 23.1569 15.2
      vertex 42.4853 22.2495 17
      vertex 42.8841 21.8841 17
    endloop
  endfacet
  facet normal 0.70138 -0.0923482 0.70678
    outer loop
      vertex 46.4696 -18.1973 15.2
      vertex 44.6764 -18.0404 17
      vertex 46.3785 -18.8892 15.2
    endloop
  endfacet
  facet normal -0.0308126 0.706763 0.706779
    outer loop
      vertex -38.5 25.5 15.2
      vertex -39.1973 25.4696 15.2
      vertex -39.0404 23.6764 17
    endloop
  endfacet
  facet normal 0.380172 -0.596609 0.706772
    outer loop
      vertex 42.0562 -22.5787 17
      vertex 41.6 -22.8694 17
      vertex 43.0886 -24.0532 15.2
    endloop
  endfacet
  facet normal -0.70138 0.0923482 0.70678
    outer loop
      vertex -46.3785 18.8892 15.2
      vertex -46.4696 18.1973 15.2
      vertex -44.6764 18.0404 17
    endloop
  endfacet
  facet normal 0.153153 0.690658 0.706778
    outer loop
      vertex 40.5706 25.2274 15.2
      vertex 39.8892 25.3785 15.2
      vertex 40.1047 23.4887 17
    endloop
  endfacet
  facet normal 0.326595 0.627555 0.70676
    outer loop
      vertex 42.5 24.4282 15.2
      vertex 41.1202 23.1191 17
      vertex 41.6 22.8694 17
    endloop
  endfacet
  facet normal 0.153145 -0.690658 0.70678
    outer loop
      vertex 40.1047 -23.4887 17
      vertex 39.5766 -23.6058 17
      vertex 39.8892 -25.3785 15.2
    endloop
  endfacet
  facet normal 0.0308656 -0.70677 0.70677
    outer loop
      vertex 39.0404 -23.6764 17
      vertex 38.5 -23.7 17
      vertex 38.5 -25.5 15.2
    endloop
  endfacet
  facet normal -0.0308656 -0.70677 0.70677
    outer loop
      vertex -38.5 -23.7 17
      vertex -39.0404 -23.6764 17
      vertex -38.5 -25.5 15.2
    endloop
  endfacet
  facet normal 0.70677 -0.0308656 0.70677
    outer loop
      vertex 44.7 -17.5 17
      vertex 44.6764 -18.0404 17
      vertex 46.5 -17.5 15.2
    endloop
  endfacet
  facet normal 0.674683 0.212764 0.706777
    outer loop
      vertex 46.0175 20.2362 15.2
      vertex 44.4887 19.1047 17
      vertex 46.2274 19.5706 15.2
    endloop
  endfacet
  facet normal 0.627555 -0.326595 0.70676
    outer loop
      vertex 44.1191 -20.1202 17
      vertex 43.8694 -20.6 17
      vertex 45.4282 -21.5 15.2
    endloop
  endfacet
  facet normal -0.70677 0.0308656 0.70677
    outer loop
      vertex -44.6764 18.0404 17
      vertex -46.5 17.5 15.2
      vertex -44.7 17.5 17
    endloop
  endfacet
  facet normal -0.596609 0.380172 0.706772
    outer loop
      vertex -43.5787 21.0562 17
      vertex -45.0532 22.0886 15.2
      vertex -43.8694 20.6 17
    endloop
  endfacet
  facet normal -0.43062 0.561286 0.70677
    outer loop
      vertex -43.0886 24.0532 15.2
      vertex -43.6423 23.6284 15.2
      vertex -42.4853 22.2495 17
    endloop
  endfacet
  facet normal -0.0308656 0.70677 0.70677
    outer loop
      vertex -38.5 25.5 15.2
      vertex -39.0404 23.6764 17
      vertex -38.5 23.7 17
    endloop
  endfacet
  facet normal 0.212697 0.674718 0.706764
    outer loop
      vertex 41.2362 25.0175 15.2
      vertex 40.1047 23.4887 17
      vertex 40.6205 23.3261 17
    endloop
  endfacet
  facet normal 0.212764 0.674683 0.706777
    outer loop
      vertex 40.5706 25.2274 15.2
      vertex 40.1047 23.4887 17
      vertex 41.2362 25.0175 15.2
    endloop
  endfacet
  facet normal 0.43062 0.561286 0.70677
    outer loop
      vertex 43.0886 24.0532 15.2
      vertex 42.4853 22.2495 17
      vertex 43.6423 23.6284 15.2
    endloop
  endfacet
  facet normal 0.153153 -0.690658 0.706778
    outer loop
      vertex 40.1047 -23.4887 17
      vertex 39.8892 -25.3785 15.2
      vertex 40.5706 -25.2274 15.2
    endloop
  endfacet
  facet normal 0.212764 -0.674683 0.706777
    outer loop
      vertex 41.2362 -25.0175 15.2
      vertex 40.1047 -23.4887 17
      vertex 40.5706 -25.2274 15.2
    endloop
  endfacet
  facet normal -0.0923482 -0.70138 0.70678
    outer loop
      vertex -39.0404 -23.6764 17
      vertex -39.8892 -25.3785 15.2
      vertex -39.1973 -25.4696 15.2
    endloop
  endfacet
  facet normal -0.0308126 -0.706763 0.706779
    outer loop
      vertex -39.0404 -23.6764 17
      vertex -39.1973 -25.4696 15.2
      vertex -38.5 -25.5 15.2
    endloop
  endfacet
  facet normal 0.707107 0 0.707107
    outer loop
      vertex 44.7 17.5 17
      vertex 46.5 -17.5 15.2
      vertex 46.5 17.5 15.2
    endloop
  endfacet
  facet normal 0.707107 0 0.707107
    outer loop
      vertex 46.5 -17.5 15.2
      vertex 44.7 17.5 17
      vertex 44.7 -17.5 17
    endloop
  endfacet
  facet normal 0.596609 -0.380172 0.706772
    outer loop
      vertex 43.8694 -20.6 17
      vertex 43.5787 -21.0562 17
      vertex 45.0532 -22.0886 15.2
    endloop
  endfacet
  facet normal 0.674718 -0.212697 0.706764
    outer loop
      vertex 44.4887 -19.1047 17
      vertex 44.3261 -19.6205 17
      vertex 46.0175 -20.2362 15.2
    endloop
  endfacet
  facet normal -0.477917 0.521603 0.706771
    outer loop
      vertex -43.6423 23.6284 15.2
      vertex -44.1569 23.1569 15.2
      vertex -42.4853 22.2495 17
    endloop
  endfacet
  facet normal -0.521603 0.477917 0.706771
    outer loop
      vertex -44.1569 23.1569 15.2
      vertex -44.6284 22.6423 15.2
      vertex -43.2495 21.4853 17
    endloop
  endfacet
  facet normal -0.627468 0.326709 0.706785
    outer loop
      vertex -45.4282 21.5 15.2
      vertex -45.7505 20.881 15.2
      vertex -44.1191 20.1202 17
    endloop
  endfacet
  facet normal -0.653611 0.270648 0.706783
    outer loop
      vertex -45.7505 20.881 15.2
      vertex -46.0175 20.2362 15.2
      vertex -44.1191 20.1202 17
    endloop
  endfacet
  facet normal -0.153145 0.690658 0.70678
    outer loop
      vertex -39.8892 25.3785 15.2
      vertex -40.1047 23.4887 17
      vertex -39.5766 23.6058 17
    endloop
  endfacet
  facet normal 0.0923482 0.70138 0.70678
    outer loop
      vertex 39.1973 25.4696 15.2
      vertex 39.0404 23.6764 17
      vertex 39.8892 25.3785 15.2
    endloop
  endfacet
  facet normal 0.0308126 0.706763 0.706779
    outer loop
      vertex 39.1973 25.4696 15.2
      vertex 38.5 25.5 15.2
      vertex 39.0404 23.6764 17
    endloop
  endfacet
  facet normal 0.270748 0.653588 0.706766
    outer loop
      vertex 41.2362 25.0175 15.2
      vertex 40.6205 23.3261 17
      vertex 41.1202 23.1191 17
    endloop
  endfacet
  facet normal 0.380172 0.596609 0.706772
    outer loop
      vertex 43.0886 24.0532 15.2
      vertex 41.6 22.8694 17
      vertex 42.0562 22.5787 17
    endloop
  endfacet
  facet normal 0.380128 0.596649 0.706762
    outer loop
      vertex 42.5 24.4282 15.2
      vertex 41.6 22.8694 17
      vertex 43.0886 24.0532 15.2
    endloop
  endfacet
  facet normal 0.521602 0.477917 0.706772
    outer loop
      vertex 44.1569 23.1569 15.2
      vertex 42.8841 21.8841 17
      vertex 43.2495 21.4853 17
    endloop
  endfacet
  facet normal 0.212697 -0.674718 0.706764
    outer loop
      vertex 40.6205 -23.3261 17
      vertex 40.1047 -23.4887 17
      vertex 41.2362 -25.0175 15.2
    endloop
  endfacet
  facet normal 0.0923488 -0.70138 0.70678
    outer loop
      vertex 39.5766 -23.6058 17
      vertex 39.0404 -23.6764 17
      vertex 39.8892 -25.3785 15.2
    endloop
  endfacet
  facet normal -0.561286 -0.43062 0.70677
    outer loop
      vertex -43.2495 -21.4853 17
      vertex -45.0532 -22.0886 15.2
      vertex -44.6284 -22.6423 15.2
    endloop
  endfacet
  facet normal 0.70677 0.0308656 0.70677
    outer loop
      vertex 46.5 17.5 15.2
      vertex 44.6764 18.0404 17
      vertex 44.7 17.5 17
    endloop
  endfacet
  facet normal 0.521603 -0.477917 0.706771
    outer loop
      vertex 44.6284 -22.6423 15.2
      vertex 43.2495 -21.4853 17
      vertex 44.1569 -23.1569 15.2
    endloop
  endfacet
  facet normal 0.561286 -0.43062 0.70677
    outer loop
      vertex 45.0532 -22.0886 15.2
      vertex 43.2495 -21.4853 17
      vertex 44.6284 -22.6423 15.2
    endloop
  endfacet
  facet normal -0.690658 -0.153153 0.706778
    outer loop
      vertex -44.4887 -19.1047 17
      vertex -46.3785 -18.8892 15.2
      vertex -46.2274 -19.5706 15.2
    endloop
  endfacet
  facet normal 0.690658 -0.153145 0.70678
    outer loop
      vertex 44.6058 -18.5766 17
      vertex 44.4887 -19.1047 17
      vertex 46.3785 -18.8892 15.2
    endloop
  endfacet
  facet normal 0.653588 -0.270748 0.706766
    outer loop
      vertex 44.3261 -19.6205 17
      vertex 44.1191 -20.1202 17
      vertex 46.0175 -20.2362 15.2
    endloop
  endfacet
  facet normal -0.674683 -0.212764 0.706777
    outer loop
      vertex -44.4887 -19.1047 17
      vertex -46.2274 -19.5706 15.2
      vertex -46.0175 -20.2362 15.2
    endloop
  endfacet
  facet normal -0.707107 0 0.707107
    outer loop
      vertex -46.5 17.5 15.2
      vertex -44.7 -17.5 17
      vertex -44.7 17.5 17
    endloop
  endfacet
  facet normal -0.707107 0 0.707107
    outer loop
      vertex -44.7 -17.5 17
      vertex -46.5 17.5 15.2
      vertex -46.5 -17.5 15.2
    endloop
  endfacet
  facet normal -0.521602 0.477917 0.706772
    outer loop
      vertex -42.8841 21.8841 17
      vertex -44.1569 23.1569 15.2
      vertex -43.2495 21.4853 17
    endloop
  endfacet
  facet normal -0.56129 0.430614 0.706771
    outer loop
      vertex -43.2495 21.4853 17
      vertex -45.0532 22.0886 15.2
      vertex -43.5787 21.0562 17
    endloop
  endfacet
  facet normal 0 0 1
    outer loop
      vertex -38.5 23.5378 17
      vertex -5.31525 23.7 17
      vertex -38.5 23.7 17
    endloop
  endfacet
  facet normal 0 0 1
    outer loop
      vertex -5.31525 23.7 17
      vertex -38.5 23.5378 17
      vertex -5.3134 23.6964 17
    endloop
  endfacet
  facet normal 0 0 1
    outer loop
      vertex -5.3134 23.6964 17
      vertex -38.5 23.5378 17
      vertex -5.24811 23.5939 17
    endloop
  endfacet
  facet normal 0 0 1
    outer loop
      vertex -5.24811 23.5939 17
      vertex -38.5 23.5378 17
      vertex -5.20638 23.5396 17
    endloop
  endfacet
  facet normal 0 0 1
    outer loop
      vertex -5.20638 23.5396 17
      vertex -38.5 23.5378 17
      vertex -5.205 23.5378 17
    endloop
  endfacet
  facet normal 0 0 1
    outer loop
      vertex -38.5 23.7 17
      vertex -38.7617 23.5264 17
      vertex -38.5 23.5378 17
    endloop
  endfacet
  facet normal -0 0 1
    outer loop
      vertex -39.0404 23.6764 17
      vertex -38.7617 23.5264 17
      vertex -38.5 23.7 17
    endloop
  endfacet
  facet normal 0 0 1
    outer loop
      vertex -38.7617 23.5264 17
      vertex -39.0404 23.6764 17
      vertex -39.0262 23.5148 17
    endloop
  endfacet
  facet normal 0 0 1
    outer loop
      vertex -39.0404 23.6764 17
      vertex -39.2887 23.4802 17
      vertex -39.0262 23.5148 17
    endloop
  endfacet
  facet normal -0 0 1
    outer loop
      vertex -39.5766 23.6058 17
      vertex -39.2887 23.4802 17
      vertex -39.0404 23.6764 17
    endloop
  endfacet
  facet normal 0 0 1
    outer loop
      vertex -39.2887 23.4802 17
      vertex -39.5766 23.6058 17
      vertex -39.5484 23.446 17
    endloop
  endfacet
  facet normal 0 0 1
    outer loop
      vertex -39.5766 23.6058 17
      vertex -39.8042 23.3894 17
      vertex -39.5484 23.446 17
    endloop
  endfacet
  facet normal -0 0 1
    outer loop
      vertex -40.1047 23.4887 17
      vertex -39.8042 23.3894 17
      vertex -39.5766 23.6058 17
    endloop
  endfacet
  facet normal 0 0 1
    outer loop
      vertex -39.8042 23.3894 17
      vertex -40.1047 23.4887 17
      vertex -40.0627 23.332 17
    endloop
  endfacet
  facet normal 0 0 1
    outer loop
      vertex -40.1047 23.4887 17
      vertex -40.3125 23.2533 17
      vertex -40.0627 23.332 17
    endloop
  endfacet
  facet normal -0 0 1
    outer loop
      vertex -40.6205 23.3261 17
      vertex -40.3125 23.2533 17
      vertex -40.1047 23.4887 17
    endloop
  endfacet
  facet normal 0 0 1
    outer loop
      vertex -40.3125 23.2533 17
      vertex -40.6205 23.3261 17
      vertex -40.565 23.1737 17
    endloop
  endfacet
  facet normal 0 0 1
    outer loop
      vertex -40.6205 23.3261 17
      vertex -40.8097 23.0723 17
      vertex -40.565 23.1737 17
    endloop
  endfacet
  facet normal -0 0 1
    outer loop
      vertex -41.1202 23.1191 17
      vertex -40.8097 23.0723 17
      vertex -40.6205 23.3261 17
    endloop
  endfacet
  facet normal 0 0 1
    outer loop
      vertex -40.8097 23.0723 17
      vertex -41.1202 23.1191 17
      vertex -41.0517 22.9721 17
    endloop
  endfacet
  facet normal 0 0 1
    outer loop
      vertex -41.1202 23.1191 17
      vertex -41.284 22.8511 17
      vertex -41.0517 22.9721 17
    endloop
  endfacet
  facet normal -0 0 1
    outer loop
      vertex -41.6 22.8694 17
      vertex -41.284 22.8511 17
      vertex -41.1202 23.1191 17
    endloop
  endfacet
  facet normal 0 0 1
    outer loop
      vertex -41.284 22.8511 17
      vertex -41.6 22.8694 17
      vertex -41.5189 22.7289 17
    endloop
  endfacet
  facet normal 0 0 1
    outer loop
      vertex -41.6 22.8694 17
      vertex -41.7422 22.5866 17
      vertex -41.5189 22.7289 17
    endloop
  endfacet
  facet normal 0 0 1
    outer loop
      vertex -42.0562 22.5787 17
      vertex -41.7422 22.5866 17
      vertex -41.6 22.8694 17
    endloop
  endfacet
  facet normal 0 0 1
    outer loop
      vertex -41.7422 22.5866 17
      vertex -42.0562 22.5787 17
      vertex -41.9631 22.4459 17
    endloop
  endfacet
  facet normal 0 0 1
    outer loop
      vertex -42.0562 22.5787 17
      vertex -42.1732 22.2847 17
      vertex -41.9631 22.4459 17
    endloop
  endfacet
  facet normal 0 0 1
    outer loop
      vertex -42.4853 22.2495 17
      vertex -42.1732 22.2847 17
      vertex -42.0562 22.5787 17
    endloop
  endfacet
  facet normal 0 0 1
    outer loop
      vertex -42.1732 22.2847 17
      vertex -42.4853 22.2495 17
      vertex -42.381 22.1252 17
    endloop
  endfacet
  facet normal 0 0 1
    outer loop
      vertex -42.4853 22.2495 17
      vertex -42.5741 21.9482 17
      vertex -42.381 22.1252 17
    endloop
  endfacet
  facet normal 0 0 1
    outer loop
      vertex -42.8841 21.8841 17
      vertex -42.5741 21.9482 17
      vertex -42.4853 22.2495 17
    endloop
  endfacet
  facet normal 0 0 1
    outer loop
      vertex -42.5741 21.9482 17
      vertex -42.8841 21.8841 17
      vertex -42.7693 21.7693 17
    endloop
  endfacet
  facet normal 0 0 1
    outer loop
      vertex -42.8841 21.8841 17
      vertex -42.9482 21.5741 17
      vertex -42.7693 21.7693 17
    endloop
  endfacet
  facet normal 0 0 1
    outer loop
      vertex -43.2495 21.4853 17
      vertex -42.9482 21.5741 17
      vertex -42.8841 21.8841 17
    endloop
  endfacet
  facet normal 0 0 1
    outer loop
      vertex -42.9482 21.5741 17
      vertex -43.2495 21.4853 17
      vertex -43.1252 21.381 17
    endloop
  endfacet
  facet normal 0 0 1
    outer loop
      vertex -43.2495 21.4853 17
      vertex -43.2847 21.1732 17
      vertex -43.1252 21.381 17
    endloop
  endfacet
  facet normal 0 0 1
    outer loop
      vertex -43.5787 21.0562 17
      vertex -43.2847 21.1732 17
      vertex -43.2495 21.4853 17
    endloop
  endfacet
  facet normal 0 0 1
    outer loop
      vertex -43.2847 21.1732 17
      vertex -43.5787 21.0562 17
      vertex -43.4459 20.9631 17
    endloop
  endfacet
  facet normal 0 0 1
    outer loop
      vertex -43.5787 21.0562 17
      vertex -43.5866 20.7422 17
      vertex -43.4459 20.9631 17
    endloop
  endfacet
  facet normal 0 0 1
    outer loop
      vertex -43.8694 20.6 17
      vertex -43.5866 20.7422 17
      vertex -43.5787 21.0562 17
    endloop
  endfacet
  facet normal 0 0 1
    outer loop
      vertex -43.5866 20.7422 17
      vertex -43.8694 20.6 17
      vertex -43.7289 20.5189 17
    endloop
  endfacet
  facet normal 0 0 1
    outer loop
      vertex -43.7289 20.5189 17
      vertex -43.8694 20.6 17
      vertex -43.8511 20.284 17
    endloop
  endfacet
  facet normal 0 0 1
    outer loop
      vertex -44.1191 20.1202 17
      vertex -43.8511 20.284 17
      vertex -43.8694 20.6 17
    endloop
  endfacet
  facet normal 0 0 1
    outer loop
      vertex -43.8511 20.284 17
      vertex -44.1191 20.1202 17
      vertex -43.9721 20.0517 17
    endloop
  endfacet
  facet normal 0 0 1
    outer loop
      vertex -43.9721 20.0517 17
      vertex -44.1191 20.1202 17
      vertex -44.0723 19.8097 17
    endloop
  endfacet
  facet normal 0 0 1
    outer loop
      vertex -44.3261 19.6205 17
      vertex -44.0723 19.8097 17
      vertex -44.1191 20.1202 17
    endloop
  endfacet
  facet normal 0 0 1
    outer loop
      vertex -44.0723 19.8097 17
      vertex -44.3261 19.6205 17
      vertex -44.1737 19.565 17
    endloop
  endfacet
  facet normal 0 0 1
    outer loop
      vertex -44.1737 19.565 17
      vertex -44.3261 19.6205 17
      vertex -44.2533 19.3125 17
    endloop
  endfacet
  facet normal 0 0 1
    outer loop
      vertex -44.4887 19.1047 17
      vertex -44.2533 19.3125 17
      vertex -44.3261 19.6205 17
    endloop
  endfacet
  facet normal 0 0 1
    outer loop
      vertex -44.2533 19.3125 17
      vertex -44.4887 19.1047 17
      vertex -44.332 19.0627 17
    endloop
  endfacet
  facet normal 0 0 1
    outer loop
      vertex -44.332 19.0627 17
      vertex -44.4887 19.1047 17
      vertex -44.3894 18.8042 17
    endloop
  endfacet
  facet normal 0 0 1
    outer loop
      vertex -44.6058 18.5766 17
      vertex -44.3894 18.8042 17
      vertex -44.4887 19.1047 17
    endloop
  endfacet
  facet normal 0 0 1
    outer loop
      vertex -44.3894 18.8042 17
      vertex -44.6058 18.5766 17
      vertex -44.446 18.5484 17
    endloop
  endfacet
  facet normal 0 0 1
    outer loop
      vertex -44.446 18.5484 17
      vertex -44.6058 18.5766 17
      vertex -44.4802 18.2887 17
    endloop
  endfacet
  facet normal 0 0 1
    outer loop
      vertex -44.6764 18.0404 17
      vertex -44.4802 18.2887 17
      vertex -44.6058 18.5766 17
    endloop
  endfacet
  facet normal 0 0 1
    outer loop
      vertex -44.4802 18.2887 17
      vertex -44.6764 18.0404 17
      vertex -44.5148 18.0262 17
    endloop
  endfacet
  facet normal 0 0 1
    outer loop
      vertex -44.7 17.5 17
      vertex -44.5263 17.7617 17
      vertex -44.6764 18.0404 17
    endloop
  endfacet
  facet normal 0 0 1
    outer loop
      vertex -44.5148 18.0262 17
      vertex -44.6764 18.0404 17
      vertex -44.5263 17.7617 17
    endloop
  endfacet
  facet normal -0 0 1
    outer loop
      vertex 44.5263 17.7617 17
      vertex 44.7 17.5 17
      vertex 44.6764 18.0404 17
    endloop
  endfacet
  facet normal 0 0 1
    outer loop
      vertex 44.7 17.5 17
      vertex 44.5378 17.5 17
      vertex 44.7 -17.5 17
    endloop
  endfacet
  facet normal -0 0 1
    outer loop
      vertex 44.4802 18.2887 17
      vertex 44.6764 18.0404 17
      vertex 44.6058 18.5766 17
    endloop
  endfacet
  facet normal 0 0 1
    outer loop
      vertex 44.5378 -17.5 17
      vertex 44.7 -17.5 17
      vertex 44.5378 17.5 17
    endloop
  endfacet
  facet normal 0 0 1
    outer loop
      vertex 44.5263 -17.7617 17
      vertex 44.7 -17.5 17
      vertex 44.5378 -17.5 17
    endloop
  endfacet
  facet normal 0 0 1
    outer loop
      vertex 44.7 17.5 17
      vertex 44.5263 17.7617 17
      vertex 44.5378 17.5 17
    endloop
  endfacet
  facet normal 0 0 1
    outer loop
      vertex 44.6764 18.0404 17
      vertex 44.5148 18.0262 17
      vertex 44.5263 17.7617 17
    endloop
  endfacet
  facet normal -0 0 1
    outer loop
      vertex 44.3894 18.8042 17
      vertex 44.6058 18.5766 17
      vertex 44.4887 19.1047 17
    endloop
  endfacet
  facet normal 0 0 1
    outer loop
      vertex 44.6764 18.0404 17
      vertex 44.4802 18.2887 17
      vertex 44.5148 18.0262 17
    endloop
  endfacet
  facet normal 0 0 1
    outer loop
      vertex 44.6058 18.5766 17
      vertex 44.446 18.5484 17
      vertex 44.4802 18.2887 17
    endloop
  endfacet
  facet normal 0 0 1
    outer loop
      vertex 44.6058 18.5766 17
      vertex 44.3894 18.8042 17
      vertex 44.446 18.5484 17
    endloop
  endfacet
  facet normal 0 0 1
    outer loop
      vertex 44.4887 19.1047 17
      vertex 44.332 19.0627 17
      vertex 44.3894 18.8042 17
    endloop
  endfacet
  facet normal -0 0 1
    outer loop
      vertex 44.2533 19.3125 17
      vertex 44.4887 19.1047 17
      vertex 44.3261 19.6205 17
    endloop
  endfacet
  facet normal 0 0 1
    outer loop
      vertex 44.4887 19.1047 17
      vertex 44.2533 19.3125 17
      vertex 44.332 19.0627 17
    endloop
  endfacet
  facet normal 0 0 1
    outer loop
      vertex 44.3261 19.6205 17
      vertex 44.1737 19.565 17
      vertex 44.2533 19.3125 17
    endloop
  endfacet
  facet normal -0 0 1
    outer loop
      vertex 44.0723 19.8097 17
      vertex 44.3261 19.6205 17
      vertex 44.1191 20.1202 17
    endloop
  endfacet
  facet normal 0 0 1
    outer loop
      vertex 44.3261 19.6205 17
      vertex 44.0723 19.8097 17
      vertex 44.1737 19.565 17
    endloop
  endfacet
  facet normal 0 0 1
    outer loop
      vertex 44.1191 20.1202 17
      vertex 43.9721 20.0517 17
      vertex 44.0723 19.8097 17
    endloop
  endfacet
  facet normal -0 0 1
    outer loop
      vertex 43.8511 20.284 17
      vertex 44.1191 20.1202 17
      vertex 43.8694 20.6 17
    endloop
  endfacet
  facet normal 0 0 1
    outer loop
      vertex 44.1191 20.1202 17
      vertex 43.8511 20.284 17
      vertex 43.9721 20.0517 17
    endloop
  endfacet
  facet normal 0 0 1
    outer loop
      vertex 43.8694 20.6 17
      vertex 43.7289 20.5189 17
      vertex 43.8511 20.284 17
    endloop
  endfacet
  facet normal 0 0 1
    outer loop
      vertex 43.8694 20.6 17
      vertex 43.5866 20.7422 17
      vertex 43.7289 20.5189 17
    endloop
  endfacet
  facet normal 0 0 1
    outer loop
      vertex 43.5787 21.0562 17
      vertex 43.5866 20.7422 17
      vertex 43.8694 20.6 17
    endloop
  endfacet
  facet normal 0 0 1
    outer loop
      vertex 43.5787 21.0562 17
      vertex 43.4459 20.9631 17
      vertex 43.5866 20.7422 17
    endloop
  endfacet
  facet normal 0 0 1
    outer loop
      vertex 43.5787 21.0562 17
      vertex 43.2847 21.1732 17
      vertex 43.4459 20.9631 17
    endloop
  endfacet
  facet normal 0 0 1
    outer loop
      vertex 43.2495 21.4853 17
      vertex 43.2847 21.1732 17
      vertex 43.5787 21.0562 17
    endloop
  endfacet
  facet normal 0 0 1
    outer loop
      vertex 43.2495 21.4853 17
      vertex 43.1252 21.381 17
      vertex 43.2847 21.1732 17
    endloop
  endfacet
  facet normal 0 0 1
    outer loop
      vertex 43.2495 21.4853 17
      vertex 42.9482 21.5741 17
      vertex 43.1252 21.381 17
    endloop
  endfacet
  facet normal 0 0 1
    outer loop
      vertex 42.8841 21.8841 17
      vertex 42.9482 21.5741 17
      vertex 43.2495 21.4853 17
    endloop
  endfacet
  facet normal 0 0 1
    outer loop
      vertex 42.8841 21.8841 17
      vertex 42.7693 21.7693 17
      vertex 42.9482 21.5741 17
    endloop
  endfacet
  facet normal 0 0 1
    outer loop
      vertex 42.8841 21.8841 17
      vertex 42.5741 21.9482 17
      vertex 42.7693 21.7693 17
    endloop
  endfacet
  facet normal 0 0 1
    outer loop
      vertex 42.4853 22.2495 17
      vertex 42.5741 21.9482 17
      vertex 42.8841 21.8841 17
    endloop
  endfacet
  facet normal 0 0 1
    outer loop
      vertex 42.4853 22.2495 17
      vertex 42.381 22.1252 17
      vertex 42.5741 21.9482 17
    endloop
  endfacet
  facet normal 0 0 1
    outer loop
      vertex 42.4853 22.2495 17
      vertex 42.1732 22.2847 17
      vertex 42.381 22.1252 17
    endloop
  endfacet
  facet normal 0 0 1
    outer loop
      vertex 42.0562 22.5787 17
      vertex 42.1732 22.2847 17
      vertex 42.4853 22.2495 17
    endloop
  endfacet
  facet normal 0 0 1
    outer loop
      vertex 42.0562 22.5787 17
      vertex 41.9631 22.4459 17
      vertex 42.1732 22.2847 17
    endloop
  endfacet
  facet normal 0 0 1
    outer loop
      vertex 42.0562 22.5787 17
      vertex 41.7422 22.5866 17
      vertex 41.9631 22.4459 17
    endloop
  endfacet
  facet normal 0 0 1
    outer loop
      vertex 41.6 22.8694 17
      vertex 41.7422 22.5866 17
      vertex 42.0562 22.5787 17
    endloop
  endfacet
  facet normal 0 0 1
    outer loop
      vertex 41.6 22.8694 17
      vertex 41.5189 22.7289 17
      vertex 41.7422 22.5866 17
    endloop
  endfacet
  facet normal 0 0 1
    outer loop
      vertex 41.6 22.8694 17
      vertex 41.284 22.8511 17
      vertex 41.5189 22.7289 17
    endloop
  endfacet
  facet normal 0 0 1
    outer loop
      vertex 41.1202 23.1191 17
      vertex 41.284 22.8511 17
      vertex 41.6 22.8694 17
    endloop
  endfacet
  facet normal 0 0 1
    outer loop
      vertex 41.1202 23.1191 17
      vertex 41.0517 22.9721 17
      vertex 41.284 22.8511 17
    endloop
  endfacet
  facet normal 0 0 1
    outer loop
      vertex 41.1202 23.1191 17
      vertex 40.8097 23.0723 17
      vertex 41.0517 22.9721 17
    endloop
  endfacet
  facet normal 0 0 1
    outer loop
      vertex 40.6205 23.3261 17
      vertex 40.8097 23.0723 17
      vertex 41.1202 23.1191 17
    endloop
  endfacet
  facet normal 0 0 1
    outer loop
      vertex 40.6205 23.3261 17
      vertex 40.565 23.1737 17
      vertex 40.8097 23.0723 17
    endloop
  endfacet
  facet normal 0 0 1
    outer loop
      vertex 40.6205 23.3261 17
      vertex 40.3125 23.2533 17
      vertex 40.565 23.1737 17
    endloop
  endfacet
  facet normal 0 0 1
    outer loop
      vertex 40.1047 23.4887 17
      vertex 40.3125 23.2533 17
      vertex 40.6205 23.3261 17
    endloop
  endfacet
  facet normal 0 0 1
    outer loop
      vertex 40.1047 23.4887 17
      vertex 40.0627 23.332 17
      vertex 40.3125 23.2533 17
    endloop
  endfacet
  facet normal 0 0 1
    outer loop
      vertex 40.1047 23.4887 17
      vertex 39.8042 23.3894 17
      vertex 40.0627 23.332 17
    endloop
  endfacet
  facet normal 0 0 1
    outer loop
      vertex 39.5766 23.6058 17
      vertex 39.8042 23.3894 17
      vertex 40.1047 23.4887 17
    endloop
  endfacet
  facet normal 0 0 1
    outer loop
      vertex 39.5766 23.6058 17
      vertex 39.5484 23.446 17
      vertex 39.8042 23.3894 17
    endloop
  endfacet
  facet normal 0 0 1
    outer loop
      vertex 39.5766 23.6058 17
      vertex 39.2887 23.4802 17
      vertex 39.5484 23.446 17
    endloop
  endfacet
  facet normal 0 0 1
    outer loop
      vertex 39.0404 23.6764 17
      vertex 39.2887 23.4802 17
      vertex 39.5766 23.6058 17
    endloop
  endfacet
  facet normal 0 0 1
    outer loop
      vertex 39.0404 23.6764 17
      vertex 39.0262 23.5148 17
      vertex 39.2887 23.4802 17
    endloop
  endfacet
  facet normal 0 0 1
    outer loop
      vertex 39.0404 23.6764 17
      vertex 38.7617 23.5264 17
      vertex 39.0262 23.5148 17
    endloop
  endfacet
  facet normal 0 0 1
    outer loop
      vertex 38.5 23.7 17
      vertex 38.7617 23.5264 17
      vertex 39.0404 23.6764 17
    endloop
  endfacet
  facet normal 0 0 1
    outer loop
      vertex 38.5 23.7 17
      vertex 38.5 23.5378 17
      vertex 38.7617 23.5264 17
    endloop
  endfacet
  facet normal -0 0 1
    outer loop
      vertex -0.684746 23.7 17
      vertex 38.5 23.5378 17
      vertex 38.5 23.7 17
    endloop
  endfacet
  facet normal -0 0 1
    outer loop
      vertex -0.686604 23.6964 17
      vertex 38.5 23.5378 17
      vertex -0.684746 23.7 17
    endloop
  endfacet
  facet normal -0 0 1
    outer loop
      vertex -0.751894 23.5939 17
      vertex 38.5 23.5378 17
      vertex -0.686604 23.6964 17
    endloop
  endfacet
  facet normal -0 0 1
    outer loop
      vertex -0.793622 23.5396 17
      vertex 38.5 23.5378 17
      vertex -0.751894 23.5939 17
    endloop
  endfacet
  facet normal 0 0 1
    outer loop
      vertex 38.5 23.5378 17
      vertex -0.793622 23.5396 17
      vertex -0.794998 23.5378 17
    endloop
  endfacet
  facet normal 0 0 1
    outer loop
      vertex 44.7 -17.5 17
      vertex 44.5263 -17.7617 17
      vertex 44.6764 -18.0404 17
    endloop
  endfacet
  facet normal -0 0 1
    outer loop
      vertex 44.5148 -18.0262 17
      vertex 44.6764 -18.0404 17
      vertex 44.5263 -17.7617 17
    endloop
  endfacet
  facet normal 0 0 1
    outer loop
      vertex 44.4802 -18.2887 17
      vertex 44.6764 -18.0404 17
      vertex 44.5148 -18.0262 17
    endloop
  endfacet
  facet normal 0 0 1
    outer loop
      vertex 44.6764 -18.0404 17
      vertex 44.4802 -18.2887 17
      vertex 44.6058 -18.5766 17
    endloop
  endfacet
  facet normal -0 0 1
    outer loop
      vertex 44.446 -18.5484 17
      vertex 44.6058 -18.5766 17
      vertex 44.4802 -18.2887 17
    endloop
  endfacet
  facet normal 0 0 1
    outer loop
      vertex 44.3894 -18.8042 17
      vertex 44.6058 -18.5766 17
      vertex 44.446 -18.5484 17
    endloop
  endfacet
  facet normal 0 0 1
    outer loop
      vertex 44.6058 -18.5766 17
      vertex 44.3894 -18.8042 17
      vertex 44.4887 -19.1047 17
    endloop
  endfacet
  facet normal -0 0 1
    outer loop
      vertex 44.332 -19.0627 17
      vertex 44.4887 -19.1047 17
      vertex 44.3894 -18.8042 17
    endloop
  endfacet
  facet normal 0 0 1
    outer loop
      vertex 44.2533 -19.3125 17
      vertex 44.4887 -19.1047 17
      vertex 44.332 -19.0627 17
    endloop
  endfacet
  facet normal 0 0 1
    outer loop
      vertex 44.4887 -19.1047 17
      vertex 44.2533 -19.3125 17
      vertex 44.3261 -19.6205 17
    endloop
  endfacet
  facet normal -0 0 1
    outer loop
      vertex 44.1737 -19.565 17
      vertex 44.3261 -19.6205 17
      vertex 44.2533 -19.3125 17
    endloop
  endfacet
  facet normal 0 0 1
    outer loop
      vertex 44.0723 -19.8097 17
      vertex 44.3261 -19.6205 17
      vertex 44.1737 -19.565 17
    endloop
  endfacet
  facet normal 0 0 1
    outer loop
      vertex 44.3261 -19.6205 17
      vertex 44.0723 -19.8097 17
      vertex 44.1191 -20.1202 17
    endloop
  endfacet
  facet normal -0 0 1
    outer loop
      vertex 43.9721 -20.0517 17
      vertex 44.1191 -20.1202 17
      vertex 44.0723 -19.8097 17
    endloop
  endfacet
  facet normal 0 0 1
    outer loop
      vertex 43.8511 -20.284 17
      vertex 44.1191 -20.1202 17
      vertex 43.9721 -20.0517 17
    endloop
  endfacet
  facet normal 0 0 1
    outer loop
      vertex 44.1191 -20.1202 17
      vertex 43.8511 -20.284 17
      vertex 43.8694 -20.6 17
    endloop
  endfacet
  facet normal -0 0 1
    outer loop
      vertex 43.7289 -20.5189 17
      vertex 43.8694 -20.6 17
      vertex 43.8511 -20.284 17
    endloop
  endfacet
  facet normal 0 0 1
    outer loop
      vertex 43.5866 -20.7422 17
      vertex 43.8694 -20.6 17
      vertex 43.7289 -20.5189 17
    endloop
  endfacet
  facet normal -0 0 1
    outer loop
      vertex 43.5866 -20.7422 17
      vertex 43.5787 -21.0562 17
      vertex 43.8694 -20.6 17
    endloop
  endfacet
  facet normal -0 0 1
    outer loop
      vertex 43.4459 -20.9631 17
      vertex 43.5787 -21.0562 17
      vertex 43.5866 -20.7422 17
    endloop
  endfacet
  facet normal 0 0 1
    outer loop
      vertex 43.2847 -21.1732 17
      vertex 43.5787 -21.0562 17
      vertex 43.4459 -20.9631 17
    endloop
  endfacet
  facet normal -0 0 1
    outer loop
      vertex 43.2847 -21.1732 17
      vertex 43.2495 -21.4853 17
      vertex 43.5787 -21.0562 17
    endloop
  endfacet
  facet normal -0 0 1
    outer loop
      vertex 43.1252 -21.381 17
      vertex 43.2495 -21.4853 17
      vertex 43.2847 -21.1732 17
    endloop
  endfacet
  facet normal 0 0 1
    outer loop
      vertex 42.9482 -21.5741 17
      vertex 43.2495 -21.4853 17
      vertex 43.1252 -21.381 17
    endloop
  endfacet
  facet normal -0 0 1
    outer loop
      vertex 42.9482 -21.5741 17
      vertex 42.8841 -21.8841 17
      vertex 43.2495 -21.4853 17
    endloop
  endfacet
  facet normal -0 0 1
    outer loop
      vertex 42.7693 -21.7693 17
      vertex 42.8841 -21.8841 17
      vertex 42.9482 -21.5741 17
    endloop
  endfacet
  facet normal 0 0 1
    outer loop
      vertex 42.5741 -21.9482 17
      vertex 42.8841 -21.8841 17
      vertex 42.7693 -21.7693 17
    endloop
  endfacet
  facet normal -0 0 1
    outer loop
      vertex 42.5741 -21.9482 17
      vertex 42.4853 -22.2495 17
      vertex 42.8841 -21.8841 17
    endloop
  endfacet
  facet normal -0 0 1
    outer loop
      vertex 42.381 -22.1252 17
      vertex 42.4853 -22.2495 17
      vertex 42.5741 -21.9482 17
    endloop
  endfacet
  facet normal 0 0 1
    outer loop
      vertex 42.1732 -22.2847 17
      vertex 42.4853 -22.2495 17
      vertex 42.381 -22.1252 17
    endloop
  endfacet
  facet normal -0 0 1
    outer loop
      vertex 42.1732 -22.2847 17
      vertex 42.0562 -22.5787 17
      vertex 42.4853 -22.2495 17
    endloop
  endfacet
  facet normal -0 0 1
    outer loop
      vertex 41.9631 -22.4459 17
      vertex 42.0562 -22.5787 17
      vertex 42.1732 -22.2847 17
    endloop
  endfacet
  facet normal 0 0 1
    outer loop
      vertex 41.7422 -22.5866 17
      vertex 42.0562 -22.5787 17
      vertex 41.9631 -22.4459 17
    endloop
  endfacet
  facet normal -0 0 1
    outer loop
      vertex 41.7422 -22.5866 17
      vertex 41.6 -22.8694 17
      vertex 42.0562 -22.5787 17
    endloop
  endfacet
  facet normal -0 0 1
    outer loop
      vertex 41.5189 -22.7289 17
      vertex 41.6 -22.8694 17
      vertex 41.7422 -22.5866 17
    endloop
  endfacet
  facet normal -0 0 1
    outer loop
      vertex 41.284 -22.8511 17
      vertex 41.6 -22.8694 17
      vertex 41.5189 -22.7289 17
    endloop
  endfacet
  facet normal 0 0 1
    outer loop
      vertex 41.284 -22.8511 17
      vertex 41.1202 -23.1191 17
      vertex 41.6 -22.8694 17
    endloop
  endfacet
  facet normal -0 0 1
    outer loop
      vertex 41.0517 -22.9721 17
      vertex 41.1202 -23.1191 17
      vertex 41.284 -22.8511 17
    endloop
  endfacet
  facet normal -0 0 1
    outer loop
      vertex 40.8097 -23.0723 17
      vertex 41.1202 -23.1191 17
      vertex 41.0517 -22.9721 17
    endloop
  endfacet
  facet normal 0 0 1
    outer loop
      vertex 40.8097 -23.0723 17
      vertex 40.6205 -23.3261 17
      vertex 41.1202 -23.1191 17
    endloop
  endfacet
  facet normal -0 0 1
    outer loop
      vertex 40.565 -23.1737 17
      vertex 40.6205 -23.3261 17
      vertex 40.8097 -23.0723 17
    endloop
  endfacet
  facet normal -0 0 1
    outer loop
      vertex 40.3125 -23.2533 17
      vertex 40.6205 -23.3261 17
      vertex 40.565 -23.1737 17
    endloop
  endfacet
  facet normal 0 0 1
    outer loop
      vertex 40.3125 -23.2533 17
      vertex 40.1047 -23.4887 17
      vertex 40.6205 -23.3261 17
    endloop
  endfacet
  facet normal -0 0 1
    outer loop
      vertex 40.0627 -23.332 17
      vertex 40.1047 -23.4887 17
      vertex 40.3125 -23.2533 17
    endloop
  endfacet
  facet normal -0 0 1
    outer loop
      vertex 39.8042 -23.3894 17
      vertex 40.1047 -23.4887 17
      vertex 40.0627 -23.332 17
    endloop
  endfacet
  facet normal 0 0 1
    outer loop
      vertex 39.8042 -23.3894 17
      vertex 39.5766 -23.6058 17
      vertex 40.1047 -23.4887 17
    endloop
  endfacet
  facet normal -0 0 1
    outer loop
      vertex 39.5484 -23.446 17
      vertex 39.5766 -23.6058 17
      vertex 39.8042 -23.3894 17
    endloop
  endfacet
  facet normal -0 0 1
    outer loop
      vertex 39.2887 -23.4802 17
      vertex 39.5766 -23.6058 17
      vertex 39.5484 -23.446 17
    endloop
  endfacet
  facet normal 0 0 1
    outer loop
      vertex 39.2887 -23.4802 17
      vertex 39.0404 -23.6764 17
      vertex 39.5766 -23.6058 17
    endloop
  endfacet
  facet normal -0 0 1
    outer loop
      vertex 39.0262 -23.5148 17
      vertex 39.0404 -23.6764 17
      vertex 39.2887 -23.4802 17
    endloop
  endfacet
  facet normal -0 0 1
    outer loop
      vertex 38.7617 -23.5264 17
      vertex 39.0404 -23.6764 17
      vertex 39.0262 -23.5148 17
    endloop
  endfacet
  facet normal 0 0 1
    outer loop
      vertex 38.5 -23.7 17
      vertex 38.7617 -23.5264 17
      vertex 38.5 -23.5378 17
    endloop
  endfacet
  facet normal 0 0 1
    outer loop
      vertex 38.7617 -23.5264 17
      vertex 38.5 -23.7 17
      vertex 39.0404 -23.6764 17
    endloop
  endfacet
  facet normal -0 0 1
    outer loop
      vertex -38.5 -23.5378 17
      vertex 38.5 -23.7 17
      vertex 38.5 -23.5378 17
    endloop
  endfacet
  facet normal 0 0 1
    outer loop
      vertex -38.5 -23.5378 17
      vertex -38.5 -23.7 17
      vertex 38.5 -23.7 17
    endloop
  endfacet
  facet normal 0 0 1
    outer loop
      vertex -38.7617 -23.5264 17
      vertex -38.5 -23.7 17
      vertex -38.5 -23.5378 17
    endloop
  endfacet
  facet normal 0 0 1
    outer loop
      vertex -39.0404 -23.6764 17
      vertex -38.7617 -23.5264 17
      vertex -39.0262 -23.5148 17
    endloop
  endfacet
  facet normal 0 0 1
    outer loop
      vertex -38.7617 -23.5264 17
      vertex -39.0404 -23.6764 17
      vertex -38.5 -23.7 17
    endloop
  endfacet
  facet normal 0 0 1
    outer loop
      vertex -39.2887 -23.4802 17
      vertex -39.0404 -23.6764 17
      vertex -39.0262 -23.5148 17
    endloop
  endfacet
  facet normal 0 0 1
    outer loop
      vertex -39.5766 -23.6058 17
      vertex -39.2887 -23.4802 17
      vertex -39.5484 -23.446 17
    endloop
  endfacet
  facet normal 0 0 1
    outer loop
      vertex -39.2887 -23.4802 17
      vertex -39.5766 -23.6058 17
      vertex -39.0404 -23.6764 17
    endloop
  endfacet
  facet normal 0 0 1
    outer loop
      vertex -39.8042 -23.3894 17
      vertex -39.5766 -23.6058 17
      vertex -39.5484 -23.446 17
    endloop
  endfacet
  facet normal 0 0 1
    outer loop
      vertex -40.1047 -23.4887 17
      vertex -39.8042 -23.3894 17
      vertex -40.0627 -23.332 17
    endloop
  endfacet
  facet normal 0 0 1
    outer loop
      vertex -39.8042 -23.3894 17
      vertex -40.1047 -23.4887 17
      vertex -39.5766 -23.6058 17
    endloop
  endfacet
  facet normal 0 0 1
    outer loop
      vertex -40.3125 -23.2533 17
      vertex -40.1047 -23.4887 17
      vertex -40.0627 -23.332 17
    endloop
  endfacet
  facet normal 0 0 1
    outer loop
      vertex -40.6205 -23.3261 17
      vertex -40.3125 -23.2533 17
      vertex -40.565 -23.1737 17
    endloop
  endfacet
  facet normal 0 0 1
    outer loop
      vertex -40.3125 -23.2533 17
      vertex -40.6205 -23.3261 17
      vertex -40.1047 -23.4887 17
    endloop
  endfacet
  facet normal 0 0 1
    outer loop
      vertex -40.8097 -23.0723 17
      vertex -40.6205 -23.3261 17
      vertex -40.565 -23.1737 17
    endloop
  endfacet
  facet normal 0 0 1
    outer loop
      vertex -41.1202 -23.1191 17
      vertex -40.8097 -23.0723 17
      vertex -41.0517 -22.9721 17
    endloop
  endfacet
  facet normal 0 0 1
    outer loop
      vertex -40.8097 -23.0723 17
      vertex -41.1202 -23.1191 17
      vertex -40.6205 -23.3261 17
    endloop
  endfacet
  facet normal 0 0 1
    outer loop
      vertex -41.284 -22.8511 17
      vertex -41.1202 -23.1191 17
      vertex -41.0517 -22.9721 17
    endloop
  endfacet
  facet normal 0 0 1
    outer loop
      vertex -41.6 -22.8694 17
      vertex -41.284 -22.8511 17
      vertex -41.5189 -22.7289 17
    endloop
  endfacet
  facet normal 0 0 1
    outer loop
      vertex -41.284 -22.8511 17
      vertex -41.6 -22.8694 17
      vertex -41.1202 -23.1191 17
    endloop
  endfacet
  facet normal 0 0 1
    outer loop
      vertex -41.7422 -22.5866 17
      vertex -41.6 -22.8694 17
      vertex -41.5189 -22.7289 17
    endloop
  endfacet
  facet normal -0 0 1
    outer loop
      vertex -42.0562 -22.5787 17
      vertex -41.7422 -22.5866 17
      vertex -41.9631 -22.4459 17
    endloop
  endfacet
  facet normal 0 0 1
    outer loop
      vertex -41.7422 -22.5866 17
      vertex -42.0562 -22.5787 17
      vertex -41.6 -22.8694 17
    endloop
  endfacet
  facet normal 0 0 1
    outer loop
      vertex -42.1732 -22.2847 17
      vertex -42.0562 -22.5787 17
      vertex -41.9631 -22.4459 17
    endloop
  endfacet
  facet normal -0 0 1
    outer loop
      vertex -42.4853 -22.2495 17
      vertex -42.1732 -22.2847 17
      vertex -42.381 -22.1252 17
    endloop
  endfacet
  facet normal 0 0 1
    outer loop
      vertex -42.1732 -22.2847 17
      vertex -42.4853 -22.2495 17
      vertex -42.0562 -22.5787 17
    endloop
  endfacet
  facet normal 0 0 1
    outer loop
      vertex -42.5741 -21.9482 17
      vertex -42.4853 -22.2495 17
      vertex -42.381 -22.1252 17
    endloop
  endfacet
  facet normal -0 0 1
    outer loop
      vertex -42.8841 -21.8841 17
      vertex -42.5741 -21.9482 17
      vertex -42.7693 -21.7693 17
    endloop
  endfacet
  facet normal 0 0 1
    outer loop
      vertex -42.5741 -21.9482 17
      vertex -42.8841 -21.8841 17
      vertex -42.4853 -22.2495 17
    endloop
  endfacet
  facet normal 0 0 1
    outer loop
      vertex -42.9482 -21.5741 17
      vertex -42.8841 -21.8841 17
      vertex -42.7693 -21.7693 17
    endloop
  endfacet
  facet normal -0 0 1
    outer loop
      vertex -43.2495 -21.4853 17
      vertex -42.9482 -21.5741 17
      vertex -43.1252 -21.381 17
    endloop
  endfacet
  facet normal 0 0 1
    outer loop
      vertex -42.9482 -21.5741 17
      vertex -43.2495 -21.4853 17
      vertex -42.8841 -21.8841 17
    endloop
  endfacet
  facet normal 0 0 1
    outer loop
      vertex -43.2847 -21.1732 17
      vertex -43.2495 -21.4853 17
      vertex -43.1252 -21.381 17
    endloop
  endfacet
  facet normal -0 0 1
    outer loop
      vertex -43.5787 -21.0562 17
      vertex -43.2847 -21.1732 17
      vertex -43.4459 -20.9631 17
    endloop
  endfacet
  facet normal 0 0 1
    outer loop
      vertex -43.2847 -21.1732 17
      vertex -43.5787 -21.0562 17
      vertex -43.2495 -21.4853 17
    endloop
  endfacet
  facet normal 0 0 1
    outer loop
      vertex -43.5866 -20.7422 17
      vertex -43.5787 -21.0562 17
      vertex -43.4459 -20.9631 17
    endloop
  endfacet
  facet normal -0 0 1
    outer loop
      vertex -43.8694 -20.6 17
      vertex -43.5866 -20.7422 17
      vertex -43.7289 -20.5189 17
    endloop
  endfacet
  facet normal 0 0 1
    outer loop
      vertex -43.8694 -20.6 17
      vertex -43.7289 -20.5189 17
      vertex -43.8511 -20.284 17
    endloop
  endfacet
  facet normal 0 0 1
    outer loop
      vertex -43.5866 -20.7422 17
      vertex -43.8694 -20.6 17
      vertex -43.5787 -21.0562 17
    endloop
  endfacet
  facet normal -0 0 1
    outer loop
      vertex -44.1191 -20.1202 17
      vertex -43.8511 -20.284 17
      vertex -43.9721 -20.0517 17
    endloop
  endfacet
  facet normal 0 0 1
    outer loop
      vertex -44.1191 -20.1202 17
      vertex -43.9721 -20.0517 17
      vertex -44.0723 -19.8097 17
    endloop
  endfacet
  facet normal 0 0 1
    outer loop
      vertex -43.8511 -20.284 17
      vertex -44.1191 -20.1202 17
      vertex -43.8694 -20.6 17
    endloop
  endfacet
  facet normal -0 0 1
    outer loop
      vertex -44.3261 -19.6205 17
      vertex -44.0723 -19.8097 17
      vertex -44.1737 -19.565 17
    endloop
  endfacet
  facet normal 0 0 1
    outer loop
      vertex -44.3261 -19.6205 17
      vertex -44.1737 -19.565 17
      vertex -44.2533 -19.3125 17
    endloop
  endfacet
  facet normal 0 0 1
    outer loop
      vertex -44.0723 -19.8097 17
      vertex -44.3261 -19.6205 17
      vertex -44.1191 -20.1202 17
    endloop
  endfacet
  facet normal -0 0 1
    outer loop
      vertex -44.4887 -19.1047 17
      vertex -44.2533 -19.3125 17
      vertex -44.332 -19.0627 17
    endloop
  endfacet
  facet normal 0 0 1
    outer loop
      vertex -44.4887 -19.1047 17
      vertex -44.332 -19.0627 17
      vertex -44.3894 -18.8042 17
    endloop
  endfacet
  facet normal -0 0 1
    outer loop
      vertex -44.6058 -18.5766 17
      vertex -44.3894 -18.8042 17
      vertex -44.446 -18.5484 17
    endloop
  endfacet
  facet normal 0 0 1
    outer loop
      vertex -44.6058 -18.5766 17
      vertex -44.446 -18.5484 17
      vertex -44.4802 -18.2887 17
    endloop
  endfacet
  facet normal 0 0 1
    outer loop
      vertex -44.2533 -19.3125 17
      vertex -44.4887 -19.1047 17
      vertex -44.3261 -19.6205 17
    endloop
  endfacet
  facet normal -0 0 1
    outer loop
      vertex -44.6764 -18.0404 17
      vertex -44.4802 -18.2887 17
      vertex -44.5148 -18.0262 17
    endloop
  endfacet
  facet normal 0 0 1
    outer loop
      vertex -44.6764 -18.0404 17
      vertex -44.5148 -18.0262 17
      vertex -44.5263 -17.7617 17
    endloop
  endfacet
  facet normal -0 0 1
    outer loop
      vertex -44.7 -17.5 17
      vertex -44.5263 -17.7617 17
      vertex -44.5378 -17.5 17
    endloop
  endfacet
  facet normal 0 0 1
    outer loop
      vertex -44.3894 -18.8042 17
      vertex -44.6058 -18.5766 17
      vertex -44.4887 -19.1047 17
    endloop
  endfacet
  facet normal 0 0 1
    outer loop
      vertex -44.5378 17.5 17
      vertex -44.7 17.5 17
      vertex -44.5378 -17.5 17
    endloop
  endfacet
  facet normal 0 0 1
    outer loop
      vertex -44.5263 17.7617 17
      vertex -44.7 17.5 17
      vertex -44.5378 17.5 17
    endloop
  endfacet
  facet normal 0 0 1
    outer loop
      vertex -44.7 -17.5 17
      vertex -44.5378 -17.5 17
      vertex -44.7 17.5 17
    endloop
  endfacet
  facet normal 0 0 1
    outer loop
      vertex -44.5263 -17.7617 17
      vertex -44.7 -17.5 17
      vertex -44.6764 -18.0404 17
    endloop
  endfacet
  facet normal 0 0 1
    outer loop
      vertex -44.4802 -18.2887 17
      vertex -44.6764 -18.0404 17
      vertex -44.6058 -18.5766 17
    endloop
  endfacet
  facet normal -0.430614 0.56129 0.706771
    outer loop
      vertex -42.0562 22.5787 17
      vertex -43.0886 24.0532 15.2
      vertex -42.4853 22.2495 17
    endloop
  endfacet
  facet normal -0.674718 0.212697 0.706764
    outer loop
      vertex -44.3261 19.6205 17
      vertex -46.0175 20.2362 15.2
      vertex -44.4887 19.1047 17
    endloop
  endfacet
  facet normal -0.212697 0.674718 0.706764
    outer loop
      vertex -40.1047 23.4887 17
      vertex -41.2362 25.0175 15.2
      vertex -40.6205 23.3261 17
    endloop
  endfacet
  facet normal -0.0923488 0.70138 0.70678
    outer loop
      vertex -39.0404 23.6764 17
      vertex -39.8892 25.3785 15.2
      vertex -39.5766 23.6058 17
    endloop
  endfacet
  facet normal 0.153145 0.690658 0.70678
    outer loop
      vertex 39.8892 25.3785 15.2
      vertex 39.5766 23.6058 17
      vertex 40.1047 23.4887 17
    endloop
  endfacet
  facet normal 0.430614 0.56129 0.706771
    outer loop
      vertex 43.0886 24.0532 15.2
      vertex 42.0562 22.5787 17
      vertex 42.4853 22.2495 17
    endloop
  endfacet
  facet normal 0.690658 0.153145 0.70678
    outer loop
      vertex 46.3785 18.8892 15.2
      vertex 44.4887 19.1047 17
      vertex 44.6058 18.5766 17
    endloop
  endfacet
  facet normal 0.690658 0.153153 0.706778
    outer loop
      vertex 46.2274 19.5706 15.2
      vertex 44.4887 19.1047 17
      vertex 46.3785 18.8892 15.2
    endloop
  endfacet
  facet normal 0.56129 -0.430614 0.706771
    outer loop
      vertex 43.5787 -21.0562 17
      vertex 43.2495 -21.4853 17
      vertex 45.0532 -22.0886 15.2
    endloop
  endfacet
  facet normal 0.477917 -0.521602 0.706772
    outer loop
      vertex 42.8841 -21.8841 17
      vertex 42.4853 -22.2495 17
      vertex 44.1569 -23.1569 15.2
    endloop
  endfacet
  facet normal -0.153153 -0.690658 0.706778
    outer loop
      vertex -40.1047 -23.4887 17
      vertex -40.5706 -25.2274 15.2
      vertex -39.8892 -25.3785 15.2
    endloop
  endfacet
  facet normal -0.674718 -0.212697 0.706764
    outer loop
      vertex -44.4887 -19.1047 17
      vertex -46.0175 -20.2362 15.2
      vertex -44.3261 -19.6205 17
    endloop
  endfacet
  facet normal -0.477917 0.521602 0.706772
    outer loop
      vertex -42.4853 22.2495 17
      vertex -44.1569 23.1569 15.2
      vertex -42.8841 21.8841 17
    endloop
  endfacet
  facet normal -0.477917 -0.521603 0.706771
    outer loop
      vertex -42.4853 -22.2495 17
      vertex -44.1569 -23.1569 15.2
      vertex -43.6423 -23.6284 15.2
    endloop
  endfacet
  facet normal -0.380172 0.596609 0.706772
    outer loop
      vertex -41.6 22.8694 17
      vertex -43.0886 24.0532 15.2
      vertex -42.0562 22.5787 17
    endloop
  endfacet
  facet normal 0.653588 0.270748 0.706766
    outer loop
      vertex 46.0175 20.2362 15.2
      vertex 44.1191 20.1202 17
      vertex 44.3261 19.6205 17
    endloop
  endfacet
  facet normal -0.690658 0.153145 0.70678
    outer loop
      vertex -44.4887 19.1047 17
      vertex -46.3785 18.8892 15.2
      vertex -44.6058 18.5766 17
    endloop
  endfacet
  facet normal -0.653588 0.270748 0.706766
    outer loop
      vertex -44.1191 20.1202 17
      vertex -46.0175 20.2362 15.2
      vertex -44.3261 19.6205 17
    endloop
  endfacet
  facet normal 0.653611 0.270648 0.706783
    outer loop
      vertex 45.7505 20.881 15.2
      vertex 44.1191 20.1202 17
      vertex 46.0175 20.2362 15.2
    endloop
  endfacet
  facet normal 0.627468 0.326709 0.706785
    outer loop
      vertex 45.4282 21.5 15.2
      vertex 44.1191 20.1202 17
      vertex 45.7505 20.881 15.2
    endloop
  endfacet
  facet normal -0.153145 -0.690658 0.70678
    outer loop
      vertex -39.5766 -23.6058 17
      vertex -40.1047 -23.4887 17
      vertex -39.8892 -25.3785 15.2
    endloop
  endfacet
  facet normal 0.70138 0.0923488 0.70678
    outer loop
      vertex 46.3785 18.8892 15.2
      vertex 44.6058 18.5766 17
      vertex 44.6764 18.0404 17
    endloop
  endfacet
  facet normal -0.43062 -0.561286 0.70677
    outer loop
      vertex -42.4853 -22.2495 17
      vertex -43.6423 -23.6284 15.2
      vertex -43.0886 -24.0532 15.2
    endloop
  endfacet
  facet normal -0.380128 -0.596649 0.706762
    outer loop
      vertex -41.6 -22.8694 17
      vertex -43.0886 -24.0532 15.2
      vertex -42.5 -24.4282 15.2
    endloop
  endfacet
  facet normal -0.596609 -0.380172 0.706772
    outer loop
      vertex -43.8694 -20.6 17
      vertex -45.0532 -22.0886 15.2
      vertex -43.5787 -21.0562 17
    endloop
  endfacet
  facet normal -0.653588 -0.270748 0.706766
    outer loop
      vertex -44.3261 -19.6205 17
      vertex -46.0175 -20.2362 15.2
      vertex -44.1191 -20.1202 17
    endloop
  endfacet
  facet normal -0.690658 -0.153145 0.70678
    outer loop
      vertex -44.6058 -18.5766 17
      vertex -46.3785 -18.8892 15.2
      vertex -44.4887 -19.1047 17
    endloop
  endfacet
  facet normal -0.653611 -0.270648 0.706783
    outer loop
      vertex -44.1191 -20.1202 17
      vertex -46.0175 -20.2362 15.2
      vertex -45.7505 -20.881 15.2
    endloop
  endfacet
  facet normal -0.627468 -0.326709 0.706785
    outer loop
      vertex -44.1191 -20.1202 17
      vertex -45.7505 -20.881 15.2
      vertex -45.4282 -21.5 15.2
    endloop
  endfacet
  facet normal 0.674718 0.212697 0.706764
    outer loop
      vertex 46.0175 20.2362 15.2
      vertex 44.3261 19.6205 17
      vertex 44.4887 19.1047 17
    endloop
  endfacet
  facet normal -0.380172 -0.596609 0.706772
    outer loop
      vertex -42.0562 -22.5787 17
      vertex -43.0886 -24.0532 15.2
      vertex -41.6 -22.8694 17
    endloop
  endfacet
  facet normal -0.326595 -0.627555 0.70676
    outer loop
      vertex -41.6 -22.8694 17
      vertex -42.5 -24.4282 15.2
      vertex -41.1202 -23.1191 17
    endloop
  endfacet
  facet normal -0.477917 -0.521602 0.706772
    outer loop
      vertex -42.8841 -21.8841 17
      vertex -44.1569 -23.1569 15.2
      vertex -42.4853 -22.2495 17
    endloop
  endfacet
  facet normal -0.70138 -0.0923488 0.70678
    outer loop
      vertex -44.6764 -18.0404 17
      vertex -46.3785 -18.8892 15.2
      vertex -44.6058 -18.5766 17
    endloop
  endfacet
  facet normal -0.270748 -0.653588 0.706766
    outer loop
      vertex -41.1202 -23.1191 17
      vertex -41.2362 -25.0175 15.2
      vertex -40.6205 -23.3261 17
    endloop
  endfacet
  facet normal -0.430614 -0.56129 0.706771
    outer loop
      vertex -42.4853 -22.2495 17
      vertex -43.0886 -24.0532 15.2
      vertex -42.0562 -22.5787 17
    endloop
  endfacet
  facet normal -0.521602 -0.477917 0.706772
    outer loop
      vertex -43.2495 -21.4853 17
      vertex -44.1569 -23.1569 15.2
      vertex -42.8841 -21.8841 17
    endloop
  endfacet
  facet normal -0.212697 -0.674718 0.706764
    outer loop
      vertex -40.6205 -23.3261 17
      vertex -41.2362 -25.0175 15.2
      vertex -40.1047 -23.4887 17
    endloop
  endfacet
  facet normal -0.212764 -0.674683 0.706777
    outer loop
      vertex -40.1047 -23.4887 17
      vertex -41.2362 -25.0175 15.2
      vertex -40.5706 -25.2274 15.2
    endloop
  endfacet
  facet normal -0.216357 -0.976314 0
    outer loop
      vertex 39.4551 22.9164 4
      vertex 39.9235 22.8126 15.79
      vertex 39.4551 22.9164 15.79
    endloop
  endfacet
  facet normal -0.216357 -0.976314 -0
    outer loop
      vertex 39.9235 22.8126 15.79
      vertex 39.4551 22.9164 4
      vertex 39.9235 22.8126 4
    endloop
  endfacet
  facet normal 0.216357 -0.976314 0
    outer loop
      vertex -39.9235 22.8126 4
      vertex -39.4551 22.9164 15.79
      vertex -39.9235 22.8126 15.79
    endloop
  endfacet
  facet normal 0.216357 -0.976314 0
    outer loop
      vertex -39.4551 22.9164 15.79
      vertex -39.9235 22.8126 4
      vertex -39.4551 22.9164 4
    endloop
  endfacet
  facet normal -0.976314 -0.216357 0
    outer loop
      vertex 43.9164 18.4551 4
      vertex 43.8126 18.9235 15.79
      vertex 43.8126 18.9235 4
    endloop
  endfacet
  facet normal -0.976314 -0.216357 0
    outer loop
      vertex 43.8126 18.9235 15.79
      vertex 43.9164 18.4551 4
      vertex 43.9164 18.4551 15.79
    endloop
  endfacet
  facet normal -0.976314 0.216357 0
    outer loop
      vertex 43.8126 -18.9235 4
      vertex 43.9164 -18.4551 15.79
      vertex 43.9164 -18.4551 4
    endloop
  endfacet
  facet normal -0.976314 0.216357 0
    outer loop
      vertex 43.9164 -18.4551 15.79
      vertex 43.8126 -18.9235 4
      vertex 43.8126 -18.9235 15.79
    endloop
  endfacet
  facet normal 0.991425 -0.130676 0
    outer loop
      vertex -43.9791 17.9794 15.79
      vertex -43.9164 18.4551 4
      vertex -43.9164 18.4551 15.79
    endloop
  endfacet
  facet normal 0.991425 -0.130676 0
    outer loop
      vertex -43.9164 18.4551 4
      vertex -43.9791 17.9794 15.79
      vertex -43.9791 17.9794 4
    endloop
  endfacet
  facet normal 0.216357 0.976314 -0
    outer loop
      vertex -39.4551 -22.9164 4
      vertex -39.9235 -22.8126 15.79
      vertex -39.4551 -22.9164 15.79
    endloop
  endfacet
  facet normal 0.216357 0.976314 0
    outer loop
      vertex -39.9235 -22.8126 15.79
      vertex -39.4551 -22.9164 4
      vertex -39.9235 -22.8126 4
    endloop
  endfacet
  facet normal -0.999051 -0.0435548 0
    outer loop
      vertex 44 17.5 4
      vertex 43.9791 17.9794 15.79
      vertex 43.9791 17.9794 4
    endloop
  endfacet
  facet normal -0.999051 -0.0435548 0
    outer loop
      vertex 43.9791 17.9794 15.79
      vertex 44 17.5 4
      vertex 44 17.5 15.79
    endloop
  endfacet
  facet normal -0.737379 0.675479 0
    outer loop
      vertex 42.3891 -21.3891 4
      vertex 42.7132 -21.0353 15.79
      vertex 42.7132 -21.0353 4
    endloop
  endfacet
  facet normal -0.737379 0.675479 0
    outer loop
      vertex 42.7132 -21.0353 15.79
      vertex 42.3891 -21.3891 4
      vertex 42.3891 -21.3891 15.79
    endloop
  endfacet
  facet normal 0.843413 -0.537266 0
    outer loop
      vertex -43.2631 20.25 15.79
      vertex -43.0053 20.6547 4
      vertex -43.0053 20.6547 15.79
    endloop
  endfacet
  facet normal 0.843413 -0.537266 0
    outer loop
      vertex -43.0053 20.6547 4
      vertex -43.2631 20.25 15.79
      vertex -43.2631 20.25 4
    endloop
  endfacet
  facet normal -0.382646 -0.923895 0
    outer loop
      vertex 40.3811 22.6683 4
      vertex 40.8244 22.4847 15.79
      vertex 40.3811 22.6683 15.79
    endloop
  endfacet
  facet normal -0.382646 -0.923895 -0
    outer loop
      vertex 40.8244 22.4847 15.79
      vertex 40.3811 22.6683 4
      vertex 40.8244 22.4847 4
    endloop
  endfacet
  facet normal 0.953705 -0.300742 0
    outer loop
      vertex -43.8126 18.9235 15.79
      vertex -43.6683 19.3811 4
      vertex -43.6683 19.3811 15.79
    endloop
  endfacet
  facet normal 0.953705 -0.300742 0
    outer loop
      vertex -43.6683 19.3811 4
      vertex -43.8126 18.9235 15.79
      vertex -43.8126 18.9235 4
    endloop
  endfacet
  facet normal 0 -1 0
    outer loop
      vertex -4.15036 23 15.79
      vertex -2.5 23 34
      vertex -3.5 23 34
    endloop
  endfacet
  facet normal 0 -1 0
    outer loop
      vertex -4.15036 23 15.79
      vertex -1.84964 23 15.79
      vertex -2.5 23 34
    endloop
  endfacet
  facet normal 0 -1 0
    outer loop
      vertex -4.5 23 6
      vertex -1.84964 23 15.79
      vertex -4.15036 23 15.79
    endloop
  endfacet
  facet normal 0 -1 0
    outer loop
      vertex -4.5 23 6
      vertex -1.5 23 6
      vertex -1.84964 23 15.79
    endloop
  endfacet
  facet normal 0 -1 0
    outer loop
      vertex -4.5 23 4
      vertex -1.5 23 6
      vertex -4.5 23 6
    endloop
  endfacet
  facet normal 0 -1 -0
    outer loop
      vertex -1.5 23 6
      vertex -4.5 23 4
      vertex -1.5 23 4
    endloop
  endfacet
  facet normal 0 -1 0
    outer loop
      vertex -1.5 23 6
      vertex 38.5 23 15.79
      vertex -1.84964 23 15.79
    endloop
  endfacet
  facet normal 0 -1 0
    outer loop
      vertex 38.5 23 4
      vertex -1.5 23 6
      vertex -1.5 23 4
    endloop
  endfacet
  facet normal 0 -1 0
    outer loop
      vertex -1.5 23 6
      vertex 38.5 23 4
      vertex 38.5 23 15.79
    endloop
  endfacet
  facet normal 0 -1 0
    outer loop
      vertex -38.5 23 15.79
      vertex -4.5 23 6
      vertex -4.15036 23 15.79
    endloop
  endfacet
  facet normal 0 -1 0
    outer loop
      vertex -38.5 23 4
      vertex -4.5 23 6
      vertex -38.5 23 15.79
    endloop
  endfacet
  facet normal 0 -1 -0
    outer loop
      vertex -4.5 23 6
      vertex -38.5 23 4
      vertex -4.5 23 4
    endloop
  endfacet
  facet normal -0.537266 0.843413 0
    outer loop
      vertex 41.6547 -22.0053 4
      vertex 41.25 -22.2631 15.79
      vertex 41.6547 -22.0053 15.79
    endloop
  endfacet
  facet normal -0.537266 0.843413 0
    outer loop
      vertex 41.25 -22.2631 15.79
      vertex 41.6547 -22.0053 4
      vertex 41.25 -22.2631 4
    endloop
  endfacet
  facet normal -0.675479 -0.737379 0
    outer loop
      vertex 42.0353 21.7132 4
      vertex 42.3891 21.3891 15.79
      vertex 42.0353 21.7132 15.79
    endloop
  endfacet
  facet normal -0.675479 -0.737379 -0
    outer loop
      vertex 42.3891 21.3891 15.79
      vertex 42.0353 21.7132 4
      vertex 42.3891 21.3891 4
    endloop
  endfacet
  facet normal -0.793298 -0.608834 0
    outer loop
      vertex 43.0053 20.6547 4
      vertex 42.7132 21.0353 15.79
      vertex 42.7132 21.0353 4
    endloop
  endfacet
  facet normal -0.793298 -0.608834 0
    outer loop
      vertex 42.7132 21.0353 15.79
      vertex 43.0053 20.6547 4
      vertex 43.0053 20.6547 15.79
    endloop
  endfacet
  facet normal -0.953705 0.300742 0
    outer loop
      vertex 43.6683 -19.3811 4
      vertex 43.8126 -18.9235 15.79
      vertex 43.8126 -18.9235 4
    endloop
  endfacet
  facet normal -0.953705 0.300742 0
    outer loop
      vertex 43.8126 -18.9235 15.79
      vertex 43.6683 -19.3811 4
      vertex 43.6683 -19.3811 15.79
    endloop
  endfacet
  facet normal 0 1 -0
    outer loop
      vertex 38.5 -23 4
      vertex -38.5 -23 15.79
      vertex 38.5 -23 15.79
    endloop
  endfacet
  facet normal 0 1 0
    outer loop
      vertex -38.5 -23 15.79
      vertex 38.5 -23 4
      vertex -38.5 -23 4
    endloop
  endfacet
  facet normal -0.991425 -0.130676 0
    outer loop
      vertex 43.9791 17.9794 4
      vertex 43.9164 18.4551 15.79
      vertex 43.9164 18.4551 4
    endloop
  endfacet
  facet normal -0.991425 -0.130676 0
    outer loop
      vertex 43.9164 18.4551 15.79
      vertex 43.9791 17.9794 4
      vertex 43.9791 17.9794 15.79
    endloop
  endfacet
  facet normal -0.923895 -0.382646 0
    outer loop
      vertex 43.6683 19.3811 4
      vertex 43.4847 19.8244 15.79
      vertex 43.4847 19.8244 4
    endloop
  endfacet
  facet normal -0.923895 -0.382646 0
    outer loop
      vertex 43.4847 19.8244 15.79
      vertex 43.6683 19.3811 4
      vertex 43.6683 19.3811 15.79
    endloop
  endfacet
  facet normal 0.737379 -0.675479 0
    outer loop
      vertex -42.7132 21.0353 15.79
      vertex -42.3891 21.3891 4
      vertex -42.3891 21.3891 15.79
    endloop
  endfacet
  facet normal 0.737379 -0.675479 0
    outer loop
      vertex -42.3891 21.3891 4
      vertex -42.7132 21.0353 15.79
      vertex -42.7132 21.0353 4
    endloop
  endfacet
  facet normal -0.991425 0.130676 0
    outer loop
      vertex 43.9164 -18.4551 4
      vertex 43.9791 -17.9794 15.79
      vertex 43.9791 -17.9794 4
    endloop
  endfacet
  facet normal -0.991425 0.130676 0
    outer loop
      vertex 43.9791 -17.9794 15.79
      vertex 43.9164 -18.4551 4
      vertex 43.9164 -18.4551 15.79
    endloop
  endfacet
  facet normal 0.461825 -0.886971 0
    outer loop
      vertex -41.25 22.2631 4
      vertex -40.8244 22.4847 15.79
      vertex -41.25 22.2631 15.79
    endloop
  endfacet
  facet normal 0.461825 -0.886971 0
    outer loop
      vertex -40.8244 22.4847 15.79
      vertex -41.25 22.2631 4
      vertex -40.8244 22.4847 4
    endloop
  endfacet
  facet normal -0.216357 0.976314 0
    outer loop
      vertex 39.9235 -22.8126 4
      vertex 39.4551 -22.9164 15.79
      vertex 39.9235 -22.8126 15.79
    endloop
  endfacet
  facet normal -0.216357 0.976314 0
    outer loop
      vertex 39.4551 -22.9164 15.79
      vertex 39.9235 -22.8126 4
      vertex 39.4551 -22.9164 4
    endloop
  endfacet
  facet normal 0.382646 0.923895 -0
    outer loop
      vertex -40.3811 -22.6683 4
      vertex -40.8244 -22.4847 15.79
      vertex -40.3811 -22.6683 15.79
    endloop
  endfacet
  facet normal 0.382646 0.923895 0
    outer loop
      vertex -40.8244 -22.4847 15.79
      vertex -40.3811 -22.6683 4
      vertex -40.8244 -22.4847 4
    endloop
  endfacet
  facet normal 0.999051 -0.0435548 0
    outer loop
      vertex -44 17.5 15.79
      vertex -43.9791 17.9794 4
      vertex -43.9791 17.9794 15.79
    endloop
  endfacet
  facet normal 0.999051 -0.0435548 0
    outer loop
      vertex -43.9791 17.9794 4
      vertex -44 17.5 15.79
      vertex -44 17.5 4
    endloop
  endfacet
  facet normal 1 -0 0
    outer loop
      vertex -44 -17.5 15.79
      vertex -44 17.5 4
      vertex -44 17.5 15.79
    endloop
  endfacet
  facet normal 1 0 0
    outer loop
      vertex -44 17.5 4
      vertex -44 -17.5 15.79
      vertex -44 -17.5 4
    endloop
  endfacet
  facet normal -0.737379 -0.675479 0
    outer loop
      vertex 42.7132 21.0353 4
      vertex 42.3891 21.3891 15.79
      vertex 42.3891 21.3891 4
    endloop
  endfacet
  facet normal -0.737379 -0.675479 0
    outer loop
      vertex 42.3891 21.3891 15.79
      vertex 42.7132 21.0353 4
      vertex 42.7132 21.0353 15.79
    endloop
  endfacet
  facet normal -0.999051 0.0435548 0
    outer loop
      vertex 43.9791 -17.9794 4
      vertex 44 -17.5 15.79
      vertex 44 -17.5 4
    endloop
  endfacet
  facet normal -0.999051 0.0435548 0
    outer loop
      vertex 44 -17.5 15.79
      vertex 43.9791 -17.9794 4
      vertex 43.9791 -17.9794 15.79
    endloop
  endfacet
  facet normal -0.886971 0.461825 0
    outer loop
      vertex 43.2631 -20.25 4
      vertex 43.4847 -19.8244 15.79
      vertex 43.4847 -19.8244 4
    endloop
  endfacet
  facet normal -0.886971 0.461825 0
    outer loop
      vertex 43.4847 -19.8244 15.79
      vertex 43.2631 -20.25 4
      vertex 43.2631 -20.25 15.79
    endloop
  endfacet
  facet normal 0.608834 0.793298 -0
    outer loop
      vertex -41.6547 -22.0053 4
      vertex -42.0353 -21.7132 15.79
      vertex -41.6547 -22.0053 15.79
    endloop
  endfacet
  facet normal 0.608834 0.793298 0
    outer loop
      vertex -42.0353 -21.7132 15.79
      vertex -41.6547 -22.0053 4
      vertex -42.0353 -21.7132 4
    endloop
  endfacet
  facet normal 0.130676 -0.991425 0
    outer loop
      vertex -39.4551 22.9164 4
      vertex -38.9794 22.9791 15.79
      vertex -39.4551 22.9164 15.79
    endloop
  endfacet
  facet normal 0.130676 -0.991425 0
    outer loop
      vertex -38.9794 22.9791 15.79
      vertex -39.4551 22.9164 4
      vertex -38.9794 22.9791 4
    endloop
  endfacet
  facet normal -0.0435548 -0.999051 0
    outer loop
      vertex 38.5 23 4
      vertex 38.9794 22.9791 15.79
      vertex 38.5 23 15.79
    endloop
  endfacet
  facet normal -0.0435548 -0.999051 -0
    outer loop
      vertex 38.9794 22.9791 15.79
      vertex 38.5 23 4
      vertex 38.9794 22.9791 4
    endloop
  endfacet
  facet normal -0.300742 -0.953705 0
    outer loop
      vertex 39.9235 22.8126 4
      vertex 40.3811 22.6683 15.79
      vertex 39.9235 22.8126 15.79
    endloop
  endfacet
  facet normal -0.300742 -0.953705 -0
    outer loop
      vertex 40.3811 22.6683 15.79
      vertex 39.9235 22.8126 4
      vertex 40.3811 22.6683 4
    endloop
  endfacet
  facet normal -0.130676 -0.991425 0
    outer loop
      vertex 38.9794 22.9791 4
      vertex 39.4551 22.9164 15.79
      vertex 38.9794 22.9791 15.79
    endloop
  endfacet
  facet normal -0.130676 -0.991425 -0
    outer loop
      vertex 39.4551 22.9164 15.79
      vertex 38.9794 22.9791 4
      vertex 39.4551 22.9164 4
    endloop
  endfacet
  facet normal 0.0435548 -0.999051 0
    outer loop
      vertex -38.9794 22.9791 4
      vertex -38.5 23 15.79
      vertex -38.9794 22.9791 15.79
    endloop
  endfacet
  facet normal 0.0435548 -0.999051 0
    outer loop
      vertex -38.5 23 15.79
      vertex -38.9794 22.9791 4
      vertex -38.5 23 4
    endloop
  endfacet
  facet normal -0.300742 0.953705 0
    outer loop
      vertex 40.3811 -22.6683 4
      vertex 39.9235 -22.8126 15.79
      vertex 40.3811 -22.6683 15.79
    endloop
  endfacet
  facet normal -0.300742 0.953705 0
    outer loop
      vertex 39.9235 -22.8126 15.79
      vertex 40.3811 -22.6683 4
      vertex 39.9235 -22.8126 4
    endloop
  endfacet
  facet normal -0.843413 0.537266 0
    outer loop
      vertex 43.0053 -20.6547 4
      vertex 43.2631 -20.25 15.79
      vertex 43.2631 -20.25 4
    endloop
  endfacet
  facet normal -0.843413 0.537266 0
    outer loop
      vertex 43.2631 -20.25 15.79
      vertex 43.0053 -20.6547 4
      vertex 43.0053 -20.6547 15.79
    endloop
  endfacet
  facet normal 0.0435548 0.999051 -0
    outer loop
      vertex -38.5 -23 4
      vertex -38.9794 -22.9791 15.79
      vertex -38.5 -23 15.79
    endloop
  endfacet
  facet normal 0.0435548 0.999051 0
    outer loop
      vertex -38.9794 -22.9791 15.79
      vertex -38.5 -23 4
      vertex -38.9794 -22.9791 4
    endloop
  endfacet
  facet normal 0.130676 0.991425 -0
    outer loop
      vertex -38.9794 -22.9791 4
      vertex -39.4551 -22.9164 15.79
      vertex -38.9794 -22.9791 15.79
    endloop
  endfacet
  facet normal 0.130676 0.991425 0
    outer loop
      vertex -39.4551 -22.9164 15.79
      vertex -38.9794 -22.9791 4
      vertex -39.4551 -22.9164 4
    endloop
  endfacet
  facet normal -0.923895 0.382646 0
    outer loop
      vertex 43.4847 -19.8244 4
      vertex 43.6683 -19.3811 15.79
      vertex 43.6683 -19.3811 4
    endloop
  endfacet
  facet normal -0.923895 0.382646 0
    outer loop
      vertex 43.6683 -19.3811 15.79
      vertex 43.4847 -19.8244 4
      vertex 43.4847 -19.8244 15.79
    endloop
  endfacet
  facet normal -0.461825 0.886971 0
    outer loop
      vertex 41.25 -22.2631 4
      vertex 40.8244 -22.4847 15.79
      vertex 41.25 -22.2631 15.79
    endloop
  endfacet
  facet normal -0.461825 0.886971 0
    outer loop
      vertex 40.8244 -22.4847 15.79
      vertex 41.25 -22.2631 4
      vertex 40.8244 -22.4847 4
    endloop
  endfacet
  facet normal 0 0 1
    outer loop
      vertex 36.1 15.9 4
      vertex 36.9 15.1 4
      vertex 36.8969 15.1697 4
    endloop
  endfacet
  facet normal 0 0 1
    outer loop
      vertex 36.9 15.1 4
      vertex 36.1 15.9 4
      vertex 36.9 -15.1 4
    endloop
  endfacet
  facet normal 0 0 1
    outer loop
      vertex 36.1 15.9 4
      vertex 36.8969 15.1697 4
      vertex 36.8878 15.2389 4
    endloop
  endfacet
  facet normal 0 0 1
    outer loop
      vertex 36.1 -15.9 4
      vertex 36.9 -15.1 4
      vertex 36.1 15.9 4
    endloop
  endfacet
  facet normal 0 0 1
    outer loop
      vertex 36.1 15.9 4
      vertex 36.8878 15.2389 4
      vertex 36.8727 15.3071 4
    endloop
  endfacet
  facet normal 0 0 1
    outer loop
      vertex 36.9 -15.1 4
      vertex 36.1 -15.9 4
      vertex 36.8969 -15.1697 4
    endloop
  endfacet
  facet normal 0 0 1
    outer loop
      vertex 36.1 15.9 4
      vertex 36.8727 15.3071 4
      vertex 36.8517 15.3736 4
    endloop
  endfacet
  facet normal 0 0 1
    outer loop
      vertex 36.8969 -15.1697 4
      vertex 36.1 -15.9 4
      vertex 36.8878 -15.2389 4
    endloop
  endfacet
  facet normal 0 0 1
    outer loop
      vertex 36.1 15.9 4
      vertex 36.8517 15.3736 4
      vertex 36.825 15.4381 4
    endloop
  endfacet
  facet normal 0 0 1
    outer loop
      vertex 36.8878 -15.2389 4
      vertex 36.1 -15.9 4
      vertex 36.8727 -15.3071 4
    endloop
  endfacet
  facet normal 0 0 1
    outer loop
      vertex 36.1 15.9 4
      vertex 36.825 15.4381 4
      vertex 36.7928 15.5 4
    endloop
  endfacet
  facet normal 0 0 1
    outer loop
      vertex 36.8727 -15.3071 4
      vertex 36.1 -15.9 4
      vertex 36.8517 -15.3736 4
    endloop
  endfacet
  facet normal 0 0 1
    outer loop
      vertex 36.1 15.9 4
      vertex 36.7928 15.5 4
      vertex 36.7553 15.5589 4
    endloop
  endfacet
  facet normal 0 0 1
    outer loop
      vertex 36.8517 -15.3736 4
      vertex 36.1 -15.9 4
      vertex 36.825 -15.4381 4
    endloop
  endfacet
  facet normal 0 0 1
    outer loop
      vertex 36.1 15.9 4
      vertex 36.7553 15.5589 4
      vertex 36.7128 15.6142 4
    endloop
  endfacet
  facet normal 0 0 1
    outer loop
      vertex 36.825 -15.4381 4
      vertex 36.1 -15.9 4
      vertex 36.7928 -15.5 4
    endloop
  endfacet
  facet normal 0 0 1
    outer loop
      vertex 36.1 15.9 4
      vertex 36.7128 15.6142 4
      vertex 36.6657 15.6657 4
    endloop
  endfacet
  facet normal 0 0 1
    outer loop
      vertex 36.7928 -15.5 4
      vertex 36.1 -15.9 4
      vertex 36.7553 -15.5589 4
    endloop
  endfacet
  facet normal 0 0 1
    outer loop
      vertex 36.1 15.9 4
      vertex 36.6657 15.6657 4
      vertex 36.6142 15.7128 4
    endloop
  endfacet
  facet normal 0 0 1
    outer loop
      vertex 36.7553 -15.5589 4
      vertex 36.1 -15.9 4
      vertex 36.7128 -15.6142 4
    endloop
  endfacet
  facet normal 0 0 1
    outer loop
      vertex 36.1 15.9 4
      vertex 36.6142 15.7128 4
      vertex 36.5589 15.7553 4
    endloop
  endfacet
  facet normal 0 0 1
    outer loop
      vertex 36.7128 -15.6142 4
      vertex 36.1 -15.9 4
      vertex 36.6657 -15.6657 4
    endloop
  endfacet
  facet normal 0 0 1
    outer loop
      vertex 36.1 15.9 4
      vertex 36.5589 15.7553 4
      vertex 36.5 15.7928 4
    endloop
  endfacet
  facet normal 0 0 1
    outer loop
      vertex 36.6657 -15.6657 4
      vertex 36.1 -15.9 4
      vertex 36.6142 -15.7128 4
    endloop
  endfacet
  facet normal 0 0 1
    outer loop
      vertex 36.1 15.9 4
      vertex 36.5 15.7928 4
      vertex 36.4381 15.825 4
    endloop
  endfacet
  facet normal 0 0 1
    outer loop
      vertex 36.6142 -15.7128 4
      vertex 36.1 -15.9 4
      vertex 36.5589 -15.7553 4
    endloop
  endfacet
  facet normal 0 0 1
    outer loop
      vertex 36.1 15.9 4
      vertex 36.4381 15.825 4
      vertex 36.3736 15.8517 4
    endloop
  endfacet
  facet normal 0 0 1
    outer loop
      vertex 36.5589 -15.7553 4
      vertex 36.1 -15.9 4
      vertex 36.5 -15.7928 4
    endloop
  endfacet
  facet normal 0 0 1
    outer loop
      vertex 36.1 15.9 4
      vertex 36.3736 15.8517 4
      vertex 36.3071 15.8727 4
    endloop
  endfacet
  facet normal 0 0 1
    outer loop
      vertex 36.5 -15.7928 4
      vertex 36.1 -15.9 4
      vertex 36.4381 -15.825 4
    endloop
  endfacet
  facet normal 0 0 1
    outer loop
      vertex 36.1 15.9 4
      vertex 36.3071 15.8727 4
      vertex 36.2389 15.8878 4
    endloop
  endfacet
  facet normal 0 0 1
    outer loop
      vertex 36.4381 -15.825 4
      vertex 36.1 -15.9 4
      vertex 36.3736 -15.8517 4
    endloop
  endfacet
  facet normal 0 0 1
    outer loop
      vertex 36.1 15.9 4
      vertex 36.2389 15.8878 4
      vertex 36.1697 15.8969 4
    endloop
  endfacet
  facet normal 0 0 1
    outer loop
      vertex 36.3736 -15.8517 4
      vertex 36.1 -15.9 4
      vertex 36.3071 -15.8727 4
    endloop
  endfacet
  facet normal 0 0 1
    outer loop
      vertex 36.3071 -15.8727 4
      vertex 36.1 -15.9 4
      vertex 36.2389 -15.8878 4
    endloop
  endfacet
  facet normal 0 0 1
    outer loop
      vertex 36.2389 -15.8878 4
      vertex 36.1 -15.9 4
      vertex 36.1697 -15.8969 4
    endloop
  endfacet
  facet normal -0 0 1
    outer loop
      vertex -36.1 15.9 4
      vertex 36.1 -15.9 4
      vertex 36.1 15.9 4
    endloop
  endfacet
  facet normal 0 0 1
    outer loop
      vertex -36.1 15.9 4
      vertex -36.1 -15.9 4
      vertex 36.1 -15.9 4
    endloop
  endfacet
  facet normal 0 0 1
    outer loop
      vertex -36.9 15.1 4
      vertex -36.1 15.9 4
      vertex -36.1697 15.8969 4
    endloop
  endfacet
  facet normal 0 0 1
    outer loop
      vertex -36.1 15.9 4
      vertex -36.9 15.1 4
      vertex -36.1 -15.9 4
    endloop
  endfacet
  facet normal 0 0 1
    outer loop
      vertex -36.9 15.1 4
      vertex -36.1697 15.8969 4
      vertex -36.2389 15.8878 4
    endloop
  endfacet
  facet normal -0 0 1
    outer loop
      vertex -36.9 -15.1 4
      vertex -36.1 -15.9 4
      vertex -36.9 15.1 4
    endloop
  endfacet
  facet normal 0 0 1
    outer loop
      vertex -36.9 15.1 4
      vertex -36.2389 15.8878 4
      vertex -36.3071 15.8727 4
    endloop
  endfacet
  facet normal 0 0 1
    outer loop
      vertex -36.1 -15.9 4
      vertex -36.9 -15.1 4
      vertex -36.1697 -15.8969 4
    endloop
  endfacet
  facet normal 0 0 1
    outer loop
      vertex -36.9 15.1 4
      vertex -36.3071 15.8727 4
      vertex -36.3736 15.8517 4
    endloop
  endfacet
  facet normal 0 0 1
    outer loop
      vertex -36.1697 -15.8969 4
      vertex -36.9 -15.1 4
      vertex -36.2389 -15.8878 4
    endloop
  endfacet
  facet normal 0 0 1
    outer loop
      vertex -36.9 15.1 4
      vertex -36.3736 15.8517 4
      vertex -36.4381 15.825 4
    endloop
  endfacet
  facet normal 0 0 1
    outer loop
      vertex -36.2389 -15.8878 4
      vertex -36.9 -15.1 4
      vertex -36.3071 -15.8727 4
    endloop
  endfacet
  facet normal 0 0 1
    outer loop
      vertex -36.9 15.1 4
      vertex -36.4381 15.825 4
      vertex -36.5 15.7928 4
    endloop
  endfacet
  facet normal 0 0 1
    outer loop
      vertex -36.3071 -15.8727 4
      vertex -36.9 -15.1 4
      vertex -36.3736 -15.8517 4
    endloop
  endfacet
  facet normal 0 0 1
    outer loop
      vertex -36.9 15.1 4
      vertex -36.5 15.7928 4
      vertex -36.5589 15.7553 4
    endloop
  endfacet
  facet normal 0 0 1
    outer loop
      vertex -36.3736 -15.8517 4
      vertex -36.9 -15.1 4
      vertex -36.4381 -15.825 4
    endloop
  endfacet
  facet normal 0 0 1
    outer loop
      vertex -36.9 15.1 4
      vertex -36.5589 15.7553 4
      vertex -36.6142 15.7128 4
    endloop
  endfacet
  facet normal 0 0 1
    outer loop
      vertex -36.4381 -15.825 4
      vertex -36.9 -15.1 4
      vertex -36.5 -15.7928 4
    endloop
  endfacet
  facet normal 0 0 1
    outer loop
      vertex -36.9 15.1 4
      vertex -36.6142 15.7128 4
      vertex -36.6657 15.6657 4
    endloop
  endfacet
  facet normal 0 0 1
    outer loop
      vertex -36.5 -15.7928 4
      vertex -36.9 -15.1 4
      vertex -36.5589 -15.7553 4
    endloop
  endfacet
  facet normal 0 0 1
    outer loop
      vertex -36.9 15.1 4
      vertex -36.6657 15.6657 4
      vertex -36.7128 15.6142 4
    endloop
  endfacet
  facet normal 0 0 1
    outer loop
      vertex -36.5589 -15.7553 4
      vertex -36.9 -15.1 4
      vertex -36.6142 -15.7128 4
    endloop
  endfacet
  facet normal 0 0 1
    outer loop
      vertex -36.9 15.1 4
      vertex -36.7128 15.6142 4
      vertex -36.7553 15.5589 4
    endloop
  endfacet
  facet normal 0 0 1
    outer loop
      vertex -36.6142 -15.7128 4
      vertex -36.9 -15.1 4
      vertex -36.6657 -15.6657 4
    endloop
  endfacet
  facet normal 0 0 1
    outer loop
      vertex -36.9 15.1 4
      vertex -36.7553 15.5589 4
      vertex -36.7928 15.5 4
    endloop
  endfacet
  facet normal 0 0 1
    outer loop
      vertex -36.6657 -15.6657 4
      vertex -36.9 -15.1 4
      vertex -36.7128 -15.6142 4
    endloop
  endfacet
  facet normal 0 0 1
    outer loop
      vertex -36.9 15.1 4
      vertex -36.7928 15.5 4
      vertex -36.825 15.4381 4
    endloop
  endfacet
  facet normal 0 0 1
    outer loop
      vertex -36.7128 -15.6142 4
      vertex -36.9 -15.1 4
      vertex -36.7553 -15.5589 4
    endloop
  endfacet
  facet normal 0 0 1
    outer loop
      vertex -36.9 15.1 4
      vertex -36.825 15.4381 4
      vertex -36.8517 15.3736 4
    endloop
  endfacet
  facet normal 0 0 1
    outer loop
      vertex -36.7553 -15.5589 4
      vertex -36.9 -15.1 4
      vertex -36.7928 -15.5 4
    endloop
  endfacet
  facet normal 0 0 1
    outer loop
      vertex -36.9 15.1 4
      vertex -36.8517 15.3736 4
      vertex -36.8727 15.3071 4
    endloop
  endfacet
  facet normal 0 0 1
    outer loop
      vertex -36.7928 -15.5 4
      vertex -36.9 -15.1 4
      vertex -36.825 -15.4381 4
    endloop
  endfacet
  facet normal 0 0 1
    outer loop
      vertex -36.9 15.1 4
      vertex -36.8727 15.3071 4
      vertex -36.8878 15.2389 4
    endloop
  endfacet
  facet normal 0 0 1
    outer loop
      vertex -36.825 -15.4381 4
      vertex -36.9 -15.1 4
      vertex -36.8517 -15.3736 4
    endloop
  endfacet
  facet normal 0 0 1
    outer loop
      vertex -36.9 15.1 4
      vertex -36.8878 15.2389 4
      vertex -36.8969 15.1697 4
    endloop
  endfacet
  facet normal 0 0 1
    outer loop
      vertex -36.8517 -15.3736 4
      vertex -36.9 -15.1 4
      vertex -36.8727 -15.3071 4
    endloop
  endfacet
  facet normal 0 0 1
    outer loop
      vertex -36.8727 -15.3071 4
      vertex -36.9 -15.1 4
      vertex -36.8878 -15.2389 4
    endloop
  endfacet
  facet normal 0 0 1
    outer loop
      vertex -36.8878 -15.2389 4
      vertex -36.9 -15.1 4
      vertex -36.8969 -15.1697 4
    endloop
  endfacet
  facet normal 0 0 1
    outer loop
      vertex 39.0489 16.9882 4
      vertex 44 17.5 4
      vertex 43.9791 17.9794 4
    endloop
  endfacet
  facet normal 0 0 1
    outer loop
      vertex 44 17.5 4
      vertex 39.1 16.6 4
      vertex 44 -17.5 4
    endloop
  endfacet
  facet normal 0 0 1
    outer loop
      vertex 39.0095 17.113 4
      vertex 43.9791 17.9794 4
      vertex 43.9164 18.4551 4
    endloop
  endfacet
  facet normal -0 0 1
    outer loop
      vertex 39.1 -16.6 4
      vertex 44 -17.5 4
      vertex 39.1 16.6 4
    endloop
  endfacet
  facet normal 0 0 1
    outer loop
      vertex 39.0095 17.113 4
      vertex 43.9164 18.4551 4
      vertex 43.8126 18.9235 4
    endloop
  endfacet
  facet normal -0 0 1
    outer loop
      vertex 39.0943 -16.7307 4
      vertex 44 -17.5 4
      vertex 39.1 -16.6 4
    endloop
  endfacet
  facet normal 0 0 1
    outer loop
      vertex 38.9595 17.2339 4
      vertex 43.8126 18.9235 4
      vertex 43.6683 19.3811 4
    endloop
  endfacet
  facet normal -0 0 1
    outer loop
      vertex 39.0772 -16.8605 4
      vertex 44 -17.5 4
      vertex 39.0943 -16.7307 4
    endloop
  endfacet
  facet normal 0 0 1
    outer loop
      vertex 38.899 17.35 4
      vertex 43.6683 19.3811 4
      vertex 43.4847 19.8244 4
    endloop
  endfacet
  facet normal -0 0 1
    outer loop
      vertex 39.0489 -16.9882 4
      vertex 44 -17.5 4
      vertex 39.0772 -16.8605 4
    endloop
  endfacet
  facet normal 0 0 1
    outer loop
      vertex 38.899 17.35 4
      vertex 43.4847 19.8244 4
      vertex 43.2631 20.25 4
    endloop
  endfacet
  facet normal 0 0 1
    outer loop
      vertex 44 -17.5 4
      vertex 39.0489 -16.9882 4
      vertex 43.9791 -17.9794 4
    endloop
  endfacet
  facet normal 0 0 1
    outer loop
      vertex 38.8287 17.4604 4
      vertex 43.2631 20.25 4
      vertex 43.0053 20.6547 4
    endloop
  endfacet
  facet normal -0 0 1
    outer loop
      vertex 39.0095 -17.113 4
      vertex 43.9791 -17.9794 4
      vertex 39.0489 -16.9882 4
    endloop
  endfacet
  facet normal 0 0 1
    outer loop
      vertex 38.7491 17.5642 4
      vertex 43.0053 20.6547 4
      vertex 42.7132 21.0353 4
    endloop
  endfacet
  facet normal 0 0 1
    outer loop
      vertex 43.9791 -17.9794 4
      vertex 39.0095 -17.113 4
      vertex 43.9164 -18.4551 4
    endloop
  endfacet
  facet normal 0 0 1
    outer loop
      vertex 38.6606 17.6606 4
      vertex 42.7132 21.0353 4
      vertex 42.3891 21.3891 4
    endloop
  endfacet
  facet normal 0 0 1
    outer loop
      vertex 43.9164 -18.4551 4
      vertex 39.0095 -17.113 4
      vertex 43.8126 -18.9235 4
    endloop
  endfacet
  facet normal 0 0 1
    outer loop
      vertex 38.6606 17.6606 4
      vertex 42.3891 21.3891 4
      vertex 42.0353 21.7132 4
    endloop
  endfacet
  facet normal -0 0 1
    outer loop
      vertex 38.9595 -17.2339 4
      vertex 43.8126 -18.9235 4
      vertex 39.0095 -17.113 4
    endloop
  endfacet
  facet normal 0 0 1
    outer loop
      vertex 38.5642 17.7491 4
      vertex 42.0353 21.7132 4
      vertex 41.6547 22.0053 4
    endloop
  endfacet
  facet normal 0 0 1
    outer loop
      vertex 43.8126 -18.9235 4
      vertex 38.9595 -17.2339 4
      vertex 43.6683 -19.3811 4
    endloop
  endfacet
  facet normal 0 0 1
    outer loop
      vertex 38.4604 17.8287 4
      vertex 41.6547 22.0053 4
      vertex 41.25 22.2631 4
    endloop
  endfacet
  facet normal -0 0 1
    outer loop
      vertex 38.899 -17.35 4
      vertex 43.6683 -19.3811 4
      vertex 38.9595 -17.2339 4
    endloop
  endfacet
  facet normal 0 0 1
    outer loop
      vertex 38.4604 17.8287 4
      vertex 41.25 22.2631 4
      vertex 40.8244 22.4847 4
    endloop
  endfacet
  facet normal 0 0 1
    outer loop
      vertex 43.6683 -19.3811 4
      vertex 38.899 -17.35 4
      vertex 43.4847 -19.8244 4
    endloop
  endfacet
  facet normal 0 0 1
    outer loop
      vertex 38.35 17.899 4
      vertex 40.8244 22.4847 4
      vertex 40.3811 22.6683 4
    endloop
  endfacet
  facet normal 0 0 1
    outer loop
      vertex 43.4847 -19.8244 4
      vertex 38.899 -17.35 4
      vertex 43.2631 -20.25 4
    endloop
  endfacet
  facet normal 0 0 1
    outer loop
      vertex 38.2339 17.9595 4
      vertex 40.3811 22.6683 4
      vertex 39.9235 22.8126 4
    endloop
  endfacet
  facet normal -0 0 1
    outer loop
      vertex 38.8287 -17.4604 4
      vertex 43.2631 -20.25 4
      vertex 38.899 -17.35 4
    endloop
  endfacet
  facet normal 0 0 1
    outer loop
      vertex 38.2339 17.9595 4
      vertex 39.9235 22.8126 4
      vertex 39.4551 22.9164 4
    endloop
  endfacet
  facet normal 0 0 1
    outer loop
      vertex 43.2631 -20.25 4
      vertex 38.8287 -17.4604 4
      vertex 43.0053 -20.6547 4
    endloop
  endfacet
  facet normal -0 0 1
    outer loop
      vertex 38.7491 -17.5642 4
      vertex 43.0053 -20.6547 4
      vertex 38.8287 -17.4604 4
    endloop
  endfacet
  facet normal 0 0 1
    outer loop
      vertex 44 17.5 4
      vertex 39.0943 16.7307 4
      vertex 39.1 16.6 4
    endloop
  endfacet
  facet normal 0 0 1
    outer loop
      vertex 44 17.5 4
      vertex 39.0772 16.8605 4
      vertex 39.0943 16.7307 4
    endloop
  endfacet
  facet normal 0 0 1
    outer loop
      vertex 44 17.5 4
      vertex 39.0489 16.9882 4
      vertex 39.0772 16.8605 4
    endloop
  endfacet
  facet normal 0 0 1
    outer loop
      vertex 43.9791 17.9794 4
      vertex 39.0095 17.113 4
      vertex 39.0489 16.9882 4
    endloop
  endfacet
  facet normal 0 0 1
    outer loop
      vertex 38.113 18.0095 4
      vertex 39.4551 22.9164 4
      vertex 38.9794 22.9791 4
    endloop
  endfacet
  facet normal 0 0 1
    outer loop
      vertex 43.8126 18.9235 4
      vertex 38.9595 17.2339 4
      vertex 39.0095 17.113 4
    endloop
  endfacet
  facet normal 0 0 1
    outer loop
      vertex 43.6683 19.3811 4
      vertex 38.899 17.35 4
      vertex 38.9595 17.2339 4
    endloop
  endfacet
  facet normal 0 0 1
    outer loop
      vertex 43.2631 20.25 4
      vertex 38.8287 17.4604 4
      vertex 38.899 17.35 4
    endloop
  endfacet
  facet normal 0 0 1
    outer loop
      vertex 43.0053 20.6547 4
      vertex 38.7491 17.5642 4
      vertex 38.8287 17.4604 4
    endloop
  endfacet
  facet normal 0 0 1
    outer loop
      vertex 42.7132 21.0353 4
      vertex 38.6606 17.6606 4
      vertex 38.7491 17.5642 4
    endloop
  endfacet
  facet normal 0 0 1
    outer loop
      vertex 42.0353 21.7132 4
      vertex 38.5642 17.7491 4
      vertex 38.6606 17.6606 4
    endloop
  endfacet
  facet normal 0 0 1
    outer loop
      vertex 37.9882 18.0489 4
      vertex 38.9794 22.9791 4
      vertex 38.5 23 4
    endloop
  endfacet
  facet normal 0 0 1
    outer loop
      vertex 41.6547 22.0053 4
      vertex 38.4604 17.8287 4
      vertex 38.5642 17.7491 4
    endloop
  endfacet
  facet normal 0 0 1
    outer loop
      vertex 40.8244 22.4847 4
      vertex 38.35 17.899 4
      vertex 38.4604 17.8287 4
    endloop
  endfacet
  facet normal 0 0 1
    outer loop
      vertex 40.3811 22.6683 4
      vertex 38.2339 17.9595 4
      vertex 38.35 17.899 4
    endloop
  endfacet
  facet normal 0 0 1
    outer loop
      vertex 39.4551 22.9164 4
      vertex 38.113 18.0095 4
      vertex 38.2339 17.9595 4
    endloop
  endfacet
  facet normal 0 0 1
    outer loop
      vertex 38.9794 22.9791 4
      vertex 37.9882 18.0489 4
      vertex 38.113 18.0095 4
    endloop
  endfacet
  facet normal 0 0 1
    outer loop
      vertex 38.5 23 4
      vertex 37.8605 18.0772 4
      vertex 37.9882 18.0489 4
    endloop
  endfacet
  facet normal 0 0 1
    outer loop
      vertex 38.5 23 4
      vertex 37.7307 18.0943 4
      vertex 37.8605 18.0772 4
    endloop
  endfacet
  facet normal 0 0 1
    outer loop
      vertex 38.5 23 4
      vertex 37.6 18.1 4
      vertex 37.7307 18.0943 4
    endloop
  endfacet
  facet normal -0 0 1
    outer loop
      vertex -1.5 23 4
      vertex 37.6 18.1 4
      vertex 38.5 23 4
    endloop
  endfacet
  facet normal 0 0 1
    outer loop
      vertex -37.6 18.1 4
      vertex -1.5 23 4
      vertex -4.5 23 4
    endloop
  endfacet
  facet normal 0 0 1
    outer loop
      vertex -1.5 23 4
      vertex -37.6 18.1 4
      vertex 37.6 18.1 4
    endloop
  endfacet
  facet normal -0 0 1
    outer loop
      vertex -38.5 23 4
      vertex -37.6 18.1 4
      vertex -4.5 23 4
    endloop
  endfacet
  facet normal 0 0 1
    outer loop
      vertex -37.6 18.1 4
      vertex -38.5 23 4
      vertex -37.7307 18.0943 4
    endloop
  endfacet
  facet normal 0 0 1
    outer loop
      vertex -37.7307 18.0943 4
      vertex -38.5 23 4
      vertex -37.8605 18.0772 4
    endloop
  endfacet
  facet normal 0 0 1
    outer loop
      vertex -38.5 23 4
      vertex -37.9882 18.0489 4
      vertex -37.8605 18.0772 4
    endloop
  endfacet
  facet normal -0 0 1
    outer loop
      vertex -38.9794 22.9791 4
      vertex -37.9882 18.0489 4
      vertex -38.5 23 4
    endloop
  endfacet
  facet normal 0 0 1
    outer loop
      vertex -37.9882 18.0489 4
      vertex -38.9794 22.9791 4
      vertex -38.113 18.0095 4
    endloop
  endfacet
  facet normal -0 0 1
    outer loop
      vertex -39.4551 22.9164 4
      vertex -38.113 18.0095 4
      vertex -38.9794 22.9791 4
    endloop
  endfacet
  facet normal 0 0 1
    outer loop
      vertex -38.113 18.0095 4
      vertex -39.4551 22.9164 4
      vertex -38.2339 17.9595 4
    endloop
  endfacet
  facet normal -0 0 1
    outer loop
      vertex -39.9235 22.8126 4
      vertex -38.2339 17.9595 4
      vertex -39.4551 22.9164 4
    endloop
  endfacet
  facet normal -0 0 1
    outer loop
      vertex -40.3811 22.6683 4
      vertex -38.2339 17.9595 4
      vertex -39.9235 22.8126 4
    endloop
  endfacet
  facet normal 0 0 1
    outer loop
      vertex -38.2339 17.9595 4
      vertex -40.3811 22.6683 4
      vertex -38.35 17.899 4
    endloop
  endfacet
  facet normal -0 0 1
    outer loop
      vertex -40.8244 22.4847 4
      vertex -38.35 17.899 4
      vertex -40.3811 22.6683 4
    endloop
  endfacet
  facet normal 0 0 1
    outer loop
      vertex -38.35 17.899 4
      vertex -40.8244 22.4847 4
      vertex -38.4604 17.8287 4
    endloop
  endfacet
  facet normal -0 0 1
    outer loop
      vertex -41.25 22.2631 4
      vertex -38.4604 17.8287 4
      vertex -40.8244 22.4847 4
    endloop
  endfacet
  facet normal -0 0 1
    outer loop
      vertex -41.6547 22.0053 4
      vertex -38.4604 17.8287 4
      vertex -41.25 22.2631 4
    endloop
  endfacet
  facet normal 0 0 1
    outer loop
      vertex -38.4604 17.8287 4
      vertex -41.6547 22.0053 4
      vertex -38.5642 17.7491 4
    endloop
  endfacet
  facet normal -0 0 1
    outer loop
      vertex -42.0353 21.7132 4
      vertex -38.5642 17.7491 4
      vertex -41.6547 22.0053 4
    endloop
  endfacet
  facet normal 0 0 1
    outer loop
      vertex -38.5642 17.7491 4
      vertex -42.0353 21.7132 4
      vertex -38.6606 17.6606 4
    endloop
  endfacet
  facet normal -0 0 1
    outer loop
      vertex -42.3891 21.3891 4
      vertex -38.6606 17.6606 4
      vertex -42.0353 21.7132 4
    endloop
  endfacet
  facet normal -0 0 1
    outer loop
      vertex -42.7132 21.0353 4
      vertex -38.6606 17.6606 4
      vertex -42.3891 21.3891 4
    endloop
  endfacet
  facet normal -0 0 1
    outer loop
      vertex -43.0053 20.6547 4
      vertex -38.7491 17.5642 4
      vertex -42.7132 21.0353 4
    endloop
  endfacet
  facet normal 0 0 1
    outer loop
      vertex -38.6606 17.6606 4
      vertex -42.7132 21.0353 4
      vertex -38.7491 17.5642 4
    endloop
  endfacet
  facet normal 0 0 1
    outer loop
      vertex 43.0053 -20.6547 4
      vertex 38.7491 -17.5642 4
      vertex 42.7132 -21.0353 4
    endloop
  endfacet
  facet normal -0 0 1
    outer loop
      vertex 38.6606 -17.6606 4
      vertex 42.7132 -21.0353 4
      vertex 38.7491 -17.5642 4
    endloop
  endfacet
  facet normal 0 0 1
    outer loop
      vertex 42.7132 -21.0353 4
      vertex 38.6606 -17.6606 4
      vertex 42.3891 -21.3891 4
    endloop
  endfacet
  facet normal 0 0 1
    outer loop
      vertex 42.3891 -21.3891 4
      vertex 38.6606 -17.6606 4
      vertex 42.0353 -21.7132 4
    endloop
  endfacet
  facet normal -0 0 1
    outer loop
      vertex 38.5642 -17.7491 4
      vertex 42.0353 -21.7132 4
      vertex 38.6606 -17.6606 4
    endloop
  endfacet
  facet normal 0 0 1
    outer loop
      vertex 42.0353 -21.7132 4
      vertex 38.5642 -17.7491 4
      vertex 41.6547 -22.0053 4
    endloop
  endfacet
  facet normal -0 0 1
    outer loop
      vertex 38.4604 -17.8287 4
      vertex 41.6547 -22.0053 4
      vertex 38.5642 -17.7491 4
    endloop
  endfacet
  facet normal 0 0 1
    outer loop
      vertex 41.6547 -22.0053 4
      vertex 38.4604 -17.8287 4
      vertex 41.25 -22.2631 4
    endloop
  endfacet
  facet normal 0 0 1
    outer loop
      vertex 41.25 -22.2631 4
      vertex 38.4604 -17.8287 4
      vertex 40.8244 -22.4847 4
    endloop
  endfacet
  facet normal -0 0 1
    outer loop
      vertex 38.35 -17.899 4
      vertex 40.8244 -22.4847 4
      vertex 38.4604 -17.8287 4
    endloop
  endfacet
  facet normal 0 0 1
    outer loop
      vertex 40.8244 -22.4847 4
      vertex 38.35 -17.899 4
      vertex 40.3811 -22.6683 4
    endloop
  endfacet
  facet normal -0 0 1
    outer loop
      vertex 38.2339 -17.9595 4
      vertex 40.3811 -22.6683 4
      vertex 38.35 -17.899 4
    endloop
  endfacet
  facet normal 0 0 1
    outer loop
      vertex 40.3811 -22.6683 4
      vertex 38.2339 -17.9595 4
      vertex 39.9235 -22.8126 4
    endloop
  endfacet
  facet normal 0 0 1
    outer loop
      vertex 39.9235 -22.8126 4
      vertex 38.2339 -17.9595 4
      vertex 39.4551 -22.9164 4
    endloop
  endfacet
  facet normal -0 0 1
    outer loop
      vertex 38.113 -18.0095 4
      vertex 39.4551 -22.9164 4
      vertex 38.2339 -17.9595 4
    endloop
  endfacet
  facet normal 0 0 1
    outer loop
      vertex 39.4551 -22.9164 4
      vertex 38.113 -18.0095 4
      vertex 38.9794 -22.9791 4
    endloop
  endfacet
  facet normal -0 0 1
    outer loop
      vertex 37.9882 -18.0489 4
      vertex 38.9794 -22.9791 4
      vertex 38.113 -18.0095 4
    endloop
  endfacet
  facet normal 0 0 1
    outer loop
      vertex 38.9794 -22.9791 4
      vertex 37.9882 -18.0489 4
      vertex 38.5 -23 4
    endloop
  endfacet
  facet normal -0 0 1
    outer loop
      vertex 37.8605 -18.0772 4
      vertex 38.5 -23 4
      vertex 37.9882 -18.0489 4
    endloop
  endfacet
  facet normal -0 0 1
    outer loop
      vertex 37.7307 -18.0943 4
      vertex 38.5 -23 4
      vertex 37.8605 -18.0772 4
    endloop
  endfacet
  facet normal -0 0 1
    outer loop
      vertex 37.6 -18.1 4
      vertex 38.5 -23 4
      vertex 37.7307 -18.0943 4
    endloop
  endfacet
  facet normal -0 0 1
    outer loop
      vertex -37.6 -18.1 4
      vertex 38.5 -23 4
      vertex 37.6 -18.1 4
    endloop
  endfacet
  facet normal 0 0 1
    outer loop
      vertex -38.5 -23 4
      vertex -37.6 -18.1 4
      vertex -37.7307 -18.0943 4
    endloop
  endfacet
  facet normal 0 0 1
    outer loop
      vertex -37.6 -18.1 4
      vertex -38.5 -23 4
      vertex 38.5 -23 4
    endloop
  endfacet
  facet normal 0 0 1
    outer loop
      vertex -37.8605 -18.0772 4
      vertex -38.5 -23 4
      vertex -37.7307 -18.0943 4
    endloop
  endfacet
  facet normal 0 0 1
    outer loop
      vertex -37.9882 -18.0489 4
      vertex -38.5 -23 4
      vertex -37.8605 -18.0772 4
    endloop
  endfacet
  facet normal 0 0 1
    outer loop
      vertex -38.9794 -22.9791 4
      vertex -37.9882 -18.0489 4
      vertex -38.113 -18.0095 4
    endloop
  endfacet
  facet normal 0 0 1
    outer loop
      vertex -39.4551 -22.9164 4
      vertex -38.113 -18.0095 4
      vertex -38.2339 -17.9595 4
    endloop
  endfacet
  facet normal 0 0 1
    outer loop
      vertex -40.3811 -22.6683 4
      vertex -38.2339 -17.9595 4
      vertex -38.35 -17.899 4
    endloop
  endfacet
  facet normal 0 0 1
    outer loop
      vertex -40.8244 -22.4847 4
      vertex -38.35 -17.899 4
      vertex -38.4604 -17.8287 4
    endloop
  endfacet
  facet normal 0 0 1
    outer loop
      vertex -41.6547 -22.0053 4
      vertex -38.4604 -17.8287 4
      vertex -38.5642 -17.7491 4
    endloop
  endfacet
  facet normal 0 0 1
    outer loop
      vertex -42.0353 -21.7132 4
      vertex -38.5642 -17.7491 4
      vertex -38.6606 -17.6606 4
    endloop
  endfacet
  facet normal 0 0 1
    outer loop
      vertex -42.7132 -21.0353 4
      vertex -38.6606 -17.6606 4
      vertex -38.7491 -17.5642 4
    endloop
  endfacet
  facet normal 0 0 1
    outer loop
      vertex -43.0053 -20.6547 4
      vertex -38.7491 -17.5642 4
      vertex -38.8287 -17.4604 4
    endloop
  endfacet
  facet normal 0 0 1
    outer loop
      vertex -43.2631 -20.25 4
      vertex -38.8287 -17.4604 4
      vertex -38.899 -17.35 4
    endloop
  endfacet
  facet normal 0 0 1
    outer loop
      vertex -43.6683 -19.3811 4
      vertex -38.899 -17.35 4
      vertex -38.9595 -17.2339 4
    endloop
  endfacet
  facet normal 0 0 1
    outer loop
      vertex -37.9882 -18.0489 4
      vertex -38.9794 -22.9791 4
      vertex -38.5 -23 4
    endloop
  endfacet
  facet normal 0 0 1
    outer loop
      vertex -43.8126 -18.9235 4
      vertex -38.9595 -17.2339 4
      vertex -39.0095 -17.113 4
    endloop
  endfacet
  facet normal 0 0 1
    outer loop
      vertex -43.9791 -17.9794 4
      vertex -39.0095 -17.113 4
      vertex -39.0489 -16.9882 4
    endloop
  endfacet
  facet normal 0 0 1
    outer loop
      vertex -44 -17.5 4
      vertex -39.0489 -16.9882 4
      vertex -39.0772 -16.8605 4
    endloop
  endfacet
  facet normal 0 0 1
    outer loop
      vertex -44 -17.5 4
      vertex -39.0772 -16.8605 4
      vertex -39.0943 -16.7307 4
    endloop
  endfacet
  facet normal 0 0 1
    outer loop
      vertex -44 -17.5 4
      vertex -39.0943 -16.7307 4
      vertex -39.1 -16.6 4
    endloop
  endfacet
  facet normal 0 0 1
    outer loop
      vertex -38.113 -18.0095 4
      vertex -39.4551 -22.9164 4
      vertex -38.9794 -22.9791 4
    endloop
  endfacet
  facet normal 0 0 1
    outer loop
      vertex -39.1 16.6 4
      vertex -44 17.5 4
      vertex -39.1 -16.6 4
    endloop
  endfacet
  facet normal 0 0 1
    outer loop
      vertex -38.7491 17.5642 4
      vertex -43.0053 20.6547 4
      vertex -38.8287 17.4604 4
    endloop
  endfacet
  facet normal 0 0 1
    outer loop
      vertex -44 -17.5 4
      vertex -39.1 -16.6 4
      vertex -44 17.5 4
    endloop
  endfacet
  facet normal -0 0 1
    outer loop
      vertex -43.2631 20.25 4
      vertex -38.8287 17.4604 4
      vertex -43.0053 20.6547 4
    endloop
  endfacet
  facet normal 0 0 1
    outer loop
      vertex -39.0489 -16.9882 4
      vertex -44 -17.5 4
      vertex -43.9791 -17.9794 4
    endloop
  endfacet
  facet normal 0 0 1
    outer loop
      vertex -38.8287 17.4604 4
      vertex -43.2631 20.25 4
      vertex -38.899 17.35 4
    endloop
  endfacet
  facet normal 0 0 1
    outer loop
      vertex -38.2339 -17.9595 4
      vertex -39.9235 -22.8126 4
      vertex -39.4551 -22.9164 4
    endloop
  endfacet
  facet normal -0 0 1
    outer loop
      vertex -43.4847 19.8244 4
      vertex -38.899 17.35 4
      vertex -43.2631 20.25 4
    endloop
  endfacet
  facet normal 0 0 1
    outer loop
      vertex -38.2339 -17.9595 4
      vertex -40.3811 -22.6683 4
      vertex -39.9235 -22.8126 4
    endloop
  endfacet
  facet normal -0 0 1
    outer loop
      vertex -43.6683 19.3811 4
      vertex -38.899 17.35 4
      vertex -43.4847 19.8244 4
    endloop
  endfacet
  facet normal 0 0 1
    outer loop
      vertex -38.35 -17.899 4
      vertex -40.8244 -22.4847 4
      vertex -40.3811 -22.6683 4
    endloop
  endfacet
  facet normal 0 0 1
    outer loop
      vertex -38.899 17.35 4
      vertex -43.6683 19.3811 4
      vertex -38.9595 17.2339 4
    endloop
  endfacet
  facet normal 0 0 1
    outer loop
      vertex -38.4604 -17.8287 4
      vertex -41.25 -22.2631 4
      vertex -40.8244 -22.4847 4
    endloop
  endfacet
  facet normal -0 0 1
    outer loop
      vertex -43.8126 18.9235 4
      vertex -38.9595 17.2339 4
      vertex -43.6683 19.3811 4
    endloop
  endfacet
  facet normal 0 0 1
    outer loop
      vertex -38.4604 -17.8287 4
      vertex -41.6547 -22.0053 4
      vertex -41.25 -22.2631 4
    endloop
  endfacet
  facet normal 0 0 1
    outer loop
      vertex -38.9595 17.2339 4
      vertex -43.8126 18.9235 4
      vertex -39.0095 17.113 4
    endloop
  endfacet
  facet normal 0 0 1
    outer loop
      vertex -38.5642 -17.7491 4
      vertex -42.0353 -21.7132 4
      vertex -41.6547 -22.0053 4
    endloop
  endfacet
  facet normal -0 0 1
    outer loop
      vertex -43.9164 18.4551 4
      vertex -39.0095 17.113 4
      vertex -43.8126 18.9235 4
    endloop
  endfacet
  facet normal 0 0 1
    outer loop
      vertex -38.6606 -17.6606 4
      vertex -42.3891 -21.3891 4
      vertex -42.0353 -21.7132 4
    endloop
  endfacet
  facet normal -0 0 1
    outer loop
      vertex -43.9791 17.9794 4
      vertex -39.0095 17.113 4
      vertex -43.9164 18.4551 4
    endloop
  endfacet
  facet normal 0 0 1
    outer loop
      vertex -38.6606 -17.6606 4
      vertex -42.7132 -21.0353 4
      vertex -42.3891 -21.3891 4
    endloop
  endfacet
  facet normal 0 0 1
    outer loop
      vertex -39.0095 17.113 4
      vertex -43.9791 17.9794 4
      vertex -39.0489 16.9882 4
    endloop
  endfacet
  facet normal 0 0 1
    outer loop
      vertex -38.7491 -17.5642 4
      vertex -43.0053 -20.6547 4
      vertex -42.7132 -21.0353 4
    endloop
  endfacet
  facet normal -0 0 1
    outer loop
      vertex -44 17.5 4
      vertex -39.0489 16.9882 4
      vertex -43.9791 17.9794 4
    endloop
  endfacet
  facet normal 0 0 1
    outer loop
      vertex -38.8287 -17.4604 4
      vertex -43.2631 -20.25 4
      vertex -43.0053 -20.6547 4
    endloop
  endfacet
  facet normal 0 0 1
    outer loop
      vertex -39.0489 16.9882 4
      vertex -44 17.5 4
      vertex -39.0772 16.8605 4
    endloop
  endfacet
  facet normal 0 0 1
    outer loop
      vertex -38.899 -17.35 4
      vertex -43.4847 -19.8244 4
      vertex -43.2631 -20.25 4
    endloop
  endfacet
  facet normal 0 0 1
    outer loop
      vertex -39.0772 16.8605 4
      vertex -44 17.5 4
      vertex -39.0943 16.7307 4
    endloop
  endfacet
  facet normal 0 0 1
    outer loop
      vertex -38.899 -17.35 4
      vertex -43.6683 -19.3811 4
      vertex -43.4847 -19.8244 4
    endloop
  endfacet
  facet normal 0 0 1
    outer loop
      vertex -39.0943 16.7307 4
      vertex -44 17.5 4
      vertex -39.1 16.6 4
    endloop
  endfacet
  facet normal 0 0 1
    outer loop
      vertex -38.9595 -17.2339 4
      vertex -43.8126 -18.9235 4
      vertex -43.6683 -19.3811 4
    endloop
  endfacet
  facet normal 0 0 1
    outer loop
      vertex -39.0095 -17.113 4
      vertex -43.9164 -18.4551 4
      vertex -43.8126 -18.9235 4
    endloop
  endfacet
  facet normal 0 0 1
    outer loop
      vertex -39.0095 -17.113 4
      vertex -43.9791 -17.9794 4
      vertex -43.9164 -18.4551 4
    endloop
  endfacet
  facet normal 0.923895 -0.382646 0
    outer loop
      vertex -43.6683 19.3811 15.79
      vertex -43.4847 19.8244 4
      vertex -43.4847 19.8244 15.79
    endloop
  endfacet
  facet normal 0.923895 -0.382646 0
    outer loop
      vertex -43.4847 19.8244 4
      vertex -43.6683 19.3811 15.79
      vertex -43.6683 19.3811 4
    endloop
  endfacet
  facet normal 0.886971 -0.461825 0
    outer loop
      vertex -43.4847 19.8244 15.79
      vertex -43.2631 20.25 4
      vertex -43.2631 20.25 15.79
    endloop
  endfacet
  facet normal 0.886971 -0.461825 0
    outer loop
      vertex -43.2631 20.25 4
      vertex -43.4847 19.8244 15.79
      vertex -43.4847 19.8244 4
    endloop
  endfacet
  facet normal 0.737379 0.675479 0
    outer loop
      vertex -42.3891 -21.3891 15.79
      vertex -42.7132 -21.0353 4
      vertex -42.7132 -21.0353 15.79
    endloop
  endfacet
  facet normal 0.737379 0.675479 0
    outer loop
      vertex -42.7132 -21.0353 4
      vertex -42.3891 -21.3891 15.79
      vertex -42.3891 -21.3891 4
    endloop
  endfacet
  facet normal 0.976314 -0.216357 0
    outer loop
      vertex -43.9164 18.4551 15.79
      vertex -43.8126 18.9235 4
      vertex -43.8126 18.9235 15.79
    endloop
  endfacet
  facet normal 0.976314 -0.216357 0
    outer loop
      vertex -43.8126 18.9235 4
      vertex -43.9164 18.4551 15.79
      vertex -43.9164 18.4551 4
    endloop
  endfacet
  facet normal 0.843413 0.537266 0
    outer loop
      vertex -43.0053 -20.6547 15.79
      vertex -43.2631 -20.25 4
      vertex -43.2631 -20.25 15.79
    endloop
  endfacet
  facet normal 0.843413 0.537266 0
    outer loop
      vertex -43.2631 -20.25 4
      vertex -43.0053 -20.6547 15.79
      vertex -43.0053 -20.6547 4
    endloop
  endfacet
  facet normal 0.300742 -0.953705 0
    outer loop
      vertex -40.3811 22.6683 4
      vertex -39.9235 22.8126 15.79
      vertex -40.3811 22.6683 15.79
    endloop
  endfacet
  facet normal 0.300742 -0.953705 0
    outer loop
      vertex -39.9235 22.8126 15.79
      vertex -40.3811 22.6683 4
      vertex -39.9235 22.8126 4
    endloop
  endfacet
  facet normal 0.953705 0.300742 0
    outer loop
      vertex -43.6683 -19.3811 15.79
      vertex -43.8126 -18.9235 4
      vertex -43.8126 -18.9235 15.79
    endloop
  endfacet
  facet normal 0.953705 0.300742 0
    outer loop
      vertex -43.8126 -18.9235 4
      vertex -43.6683 -19.3811 15.79
      vertex -43.6683 -19.3811 4
    endloop
  endfacet
  facet normal -0.0435548 0.999051 0
    outer loop
      vertex 38.9794 -22.9791 4
      vertex 38.5 -23 15.79
      vertex 38.9794 -22.9791 15.79
    endloop
  endfacet
  facet normal -0.0435548 0.999051 0
    outer loop
      vertex 38.5 -23 15.79
      vertex 38.9794 -22.9791 4
      vertex 38.5 -23 4
    endloop
  endfacet
  facet normal -0.130676 0.991425 0
    outer loop
      vertex 39.4551 -22.9164 4
      vertex 38.9794 -22.9791 15.79
      vertex 39.4551 -22.9164 15.79
    endloop
  endfacet
  facet normal -0.130676 0.991425 0
    outer loop
      vertex 38.9794 -22.9791 15.79
      vertex 39.4551 -22.9164 4
      vertex 38.9794 -22.9791 4
    endloop
  endfacet
  facet normal 0.976314 0.216357 0
    outer loop
      vertex -43.8126 -18.9235 15.79
      vertex -43.9164 -18.4551 4
      vertex -43.9164 -18.4551 15.79
    endloop
  endfacet
  facet normal 0.976314 0.216357 0
    outer loop
      vertex -43.9164 -18.4551 4
      vertex -43.8126 -18.9235 15.79
      vertex -43.8126 -18.9235 4
    endloop
  endfacet
  facet normal -0.675479 0.737379 0
    outer loop
      vertex 42.3891 -21.3891 4
      vertex 42.0353 -21.7132 15.79
      vertex 42.3891 -21.3891 15.79
    endloop
  endfacet
  facet normal -0.675479 0.737379 0
    outer loop
      vertex 42.0353 -21.7132 15.79
      vertex 42.3891 -21.3891 4
      vertex 42.0353 -21.7132 4
    endloop
  endfacet
  facet normal -0.382646 0.923895 0
    outer loop
      vertex 40.8244 -22.4847 4
      vertex 40.3811 -22.6683 15.79
      vertex 40.8244 -22.4847 15.79
    endloop
  endfacet
  facet normal -0.382646 0.923895 0
    outer loop
      vertex 40.3811 -22.6683 15.79
      vertex 40.8244 -22.4847 4
      vertex 40.3811 -22.6683 4
    endloop
  endfacet
  facet normal -1 0 0
    outer loop
      vertex 44 -17.5 4
      vertex 44 17.5 15.79
      vertex 44 17.5 4
    endloop
  endfacet
  facet normal -1 -0 0
    outer loop
      vertex 44 17.5 15.79
      vertex 44 -17.5 4
      vertex 44 -17.5 15.79
    endloop
  endfacet
  facet normal 0.991425 0.130676 0
    outer loop
      vertex -43.9164 -18.4551 15.79
      vertex -43.9791 -17.9794 4
      vertex -43.9791 -17.9794 15.79
    endloop
  endfacet
  facet normal 0.991425 0.130676 0
    outer loop
      vertex -43.9791 -17.9794 4
      vertex -43.9164 -18.4551 15.79
      vertex -43.9164 -18.4551 4
    endloop
  endfacet
  facet normal -0.843413 -0.537266 0
    outer loop
      vertex 43.2631 20.25 4
      vertex 43.0053 20.6547 15.79
      vertex 43.0053 20.6547 4
    endloop
  endfacet
  facet normal -0.843413 -0.537266 0
    outer loop
      vertex 43.0053 20.6547 15.79
      vertex 43.2631 20.25 4
      vertex 43.2631 20.25 15.79
    endloop
  endfacet
  facet normal 0.300742 0.953705 -0
    outer loop
      vertex -39.9235 -22.8126 4
      vertex -40.3811 -22.6683 15.79
      vertex -39.9235 -22.8126 15.79
    endloop
  endfacet
  facet normal 0.300742 0.953705 0
    outer loop
      vertex -40.3811 -22.6683 15.79
      vertex -39.9235 -22.8126 4
      vertex -40.3811 -22.6683 4
    endloop
  endfacet
  facet normal -0.608834 -0.793298 0
    outer loop
      vertex 41.6547 22.0053 4
      vertex 42.0353 21.7132 15.79
      vertex 41.6547 22.0053 15.79
    endloop
  endfacet
  facet normal -0.608834 -0.793298 -0
    outer loop
      vertex 42.0353 21.7132 15.79
      vertex 41.6547 22.0053 4
      vertex 42.0353 21.7132 4
    endloop
  endfacet
  facet normal 0.608834 -0.793298 0
    outer loop
      vertex -42.0353 21.7132 4
      vertex -41.6547 22.0053 15.79
      vertex -42.0353 21.7132 15.79
    endloop
  endfacet
  facet normal 0.608834 -0.793298 0
    outer loop
      vertex -41.6547 22.0053 15.79
      vertex -42.0353 21.7132 4
      vertex -41.6547 22.0053 4
    endloop
  endfacet
  facet normal -0.953705 -0.300742 0
    outer loop
      vertex 43.8126 18.9235 4
      vertex 43.6683 19.3811 15.79
      vertex 43.6683 19.3811 4
    endloop
  endfacet
  facet normal -0.953705 -0.300742 0
    outer loop
      vertex 43.6683 19.3811 15.79
      vertex 43.8126 18.9235 4
      vertex 43.8126 18.9235 15.79
    endloop
  endfacet
  facet normal 0.537266 -0.843413 0
    outer loop
      vertex -41.6547 22.0053 4
      vertex -41.25 22.2631 15.79
      vertex -41.6547 22.0053 15.79
    endloop
  endfacet
  facet normal 0.537266 -0.843413 0
    outer loop
      vertex -41.25 22.2631 15.79
      vertex -41.6547 22.0053 4
      vertex -41.25 22.2631 4
    endloop
  endfacet
  facet normal -0.608834 0.793298 0
    outer loop
      vertex 42.0353 -21.7132 4
      vertex 41.6547 -22.0053 15.79
      vertex 42.0353 -21.7132 15.79
    endloop
  endfacet
  facet normal -0.608834 0.793298 0
    outer loop
      vertex 41.6547 -22.0053 15.79
      vertex 42.0353 -21.7132 4
      vertex 41.6547 -22.0053 4
    endloop
  endfacet
  facet normal -0.537266 -0.843413 0
    outer loop
      vertex 41.25 22.2631 4
      vertex 41.6547 22.0053 15.79
      vertex 41.25 22.2631 15.79
    endloop
  endfacet
  facet normal -0.537266 -0.843413 -0
    outer loop
      vertex 41.6547 22.0053 15.79
      vertex 41.25 22.2631 4
      vertex 41.6547 22.0053 4
    endloop
  endfacet
  facet normal -0.793298 0.608834 0
    outer loop
      vertex 42.7132 -21.0353 4
      vertex 43.0053 -20.6547 15.79
      vertex 43.0053 -20.6547 4
    endloop
  endfacet
  facet normal -0.793298 0.608834 0
    outer loop
      vertex 43.0053 -20.6547 15.79
      vertex 42.7132 -21.0353 4
      vertex 42.7132 -21.0353 15.79
    endloop
  endfacet
  facet normal -0.886971 -0.461825 0
    outer loop
      vertex 43.4847 19.8244 4
      vertex 43.2631 20.25 15.79
      vertex 43.2631 20.25 4
    endloop
  endfacet
  facet normal -0.886971 -0.461825 0
    outer loop
      vertex 43.2631 20.25 15.79
      vertex 43.4847 19.8244 4
      vertex 43.4847 19.8244 15.79
    endloop
  endfacet
  facet normal 0.793298 -0.608834 0
    outer loop
      vertex -43.0053 20.6547 15.79
      vertex -42.7132 21.0353 4
      vertex -42.7132 21.0353 15.79
    endloop
  endfacet
  facet normal 0.793298 -0.608834 0
    outer loop
      vertex -42.7132 21.0353 4
      vertex -43.0053 20.6547 15.79
      vertex -43.0053 20.6547 4
    endloop
  endfacet
  facet normal 0.923895 0.382646 0
    outer loop
      vertex -43.4847 -19.8244 15.79
      vertex -43.6683 -19.3811 4
      vertex -43.6683 -19.3811 15.79
    endloop
  endfacet
  facet normal 0.923895 0.382646 0
    outer loop
      vertex -43.6683 -19.3811 4
      vertex -43.4847 -19.8244 15.79
      vertex -43.4847 -19.8244 4
    endloop
  endfacet
  facet normal 0.793298 0.608834 0
    outer loop
      vertex -42.7132 -21.0353 15.79
      vertex -43.0053 -20.6547 4
      vertex -43.0053 -20.6547 15.79
    endloop
  endfacet
  facet normal 0.793298 0.608834 0
    outer loop
      vertex -43.0053 -20.6547 4
      vertex -42.7132 -21.0353 15.79
      vertex -42.7132 -21.0353 4
    endloop
  endfacet
  facet normal 0.461825 0.886971 -0
    outer loop
      vertex -40.8244 -22.4847 4
      vertex -41.25 -22.2631 15.79
      vertex -40.8244 -22.4847 15.79
    endloop
  endfacet
  facet normal 0.461825 0.886971 0
    outer loop
      vertex -41.25 -22.2631 15.79
      vertex -40.8244 -22.4847 4
      vertex -41.25 -22.2631 4
    endloop
  endfacet
  facet normal 0.382646 -0.923895 0
    outer loop
      vertex -40.8244 22.4847 4
      vertex -40.3811 22.6683 15.79
      vertex -40.8244 22.4847 15.79
    endloop
  endfacet
  facet normal 0.382646 -0.923895 0
    outer loop
      vertex -40.3811 22.6683 15.79
      vertex -40.8244 22.4847 4
      vertex -40.3811 22.6683 4
    endloop
  endfacet
  facet normal 0.675479 0.737379 -0
    outer loop
      vertex -42.0353 -21.7132 4
      vertex -42.3891 -21.3891 15.79
      vertex -42.0353 -21.7132 15.79
    endloop
  endfacet
  facet normal 0.675479 0.737379 0
    outer loop
      vertex -42.3891 -21.3891 15.79
      vertex -42.0353 -21.7132 4
      vertex -42.3891 -21.3891 4
    endloop
  endfacet
  facet normal 0.537266 0.843413 -0
    outer loop
      vertex -41.25 -22.2631 4
      vertex -41.6547 -22.0053 15.79
      vertex -41.25 -22.2631 15.79
    endloop
  endfacet
  facet normal 0.537266 0.843413 0
    outer loop
      vertex -41.6547 -22.0053 15.79
      vertex -41.25 -22.2631 4
      vertex -41.6547 -22.0053 4
    endloop
  endfacet
  facet normal 0.886971 0.461825 0
    outer loop
      vertex -43.2631 -20.25 15.79
      vertex -43.4847 -19.8244 4
      vertex -43.4847 -19.8244 15.79
    endloop
  endfacet
  facet normal 0.886971 0.461825 0
    outer loop
      vertex -43.4847 -19.8244 4
      vertex -43.2631 -20.25 15.79
      vertex -43.2631 -20.25 4
    endloop
  endfacet
  facet normal 0.675479 -0.737379 0
    outer loop
      vertex -42.3891 21.3891 4
      vertex -42.0353 21.7132 15.79
      vertex -42.3891 21.3891 15.79
    endloop
  endfacet
  facet normal 0.675479 -0.737379 0
    outer loop
      vertex -42.0353 21.7132 15.79
      vertex -42.3891 21.3891 4
      vertex -42.0353 21.7132 4
    endloop
  endfacet
  facet normal 0.999051 0.0435548 0
    outer loop
      vertex -43.9791 -17.9794 15.79
      vertex -44 -17.5 4
      vertex -44 -17.5 15.79
    endloop
  endfacet
  facet normal 0.999051 0.0435548 0
    outer loop
      vertex -44 -17.5 4
      vertex -43.9791 -17.9794 15.79
      vertex -43.9791 -17.9794 4
    endloop
  endfacet
  facet normal -0.461825 -0.886971 0
    outer loop
      vertex 40.8244 22.4847 4
      vertex 41.25 22.2631 15.79
      vertex 40.8244 22.4847 15.79
    endloop
  endfacet
  facet normal -0.461825 -0.886971 -0
    outer loop
      vertex 41.25 22.2631 15.79
      vertex 40.8244 22.4847 4
      vertex 41.25 22.2631 4
    endloop
  endfacet
  facet normal 0.770825 0.491027 0.405858
    outer loop
      vertex -43.7289 -20.5189 17
      vertex -43.0053 -20.6547 15.79
      vertex -43.2631 -20.25 15.79
    endloop
  endfacet
  facet normal 0.770761 0.491174 0.405802
    outer loop
      vertex -43.0053 -20.6547 15.79
      vertex -43.7289 -20.5189 17
      vertex -43.5866 -20.7422 17
    endloop
  endfacet
  facet normal 0.770859 0.490991 0.405837
    outer loop
      vertex -43.4459 -20.9631 17
      vertex -43.0053 -20.6547 15.79
      vertex -43.5866 -20.7422 17
    endloop
  endfacet
  facet normal 0.349885 -0.844347 0.405781
    outer loop
      vertex -40.8244 22.4847 15.79
      vertex -40.565 23.1737 17
      vertex -40.8097 23.0723 17
    endloop
  endfacet
  facet normal 0.349717 -0.844388 0.40584
    outer loop
      vertex -40.565 23.1737 17
      vertex -40.8244 22.4847 15.79
      vertex -40.3811 22.6683 15.79
    endloop
  endfacet
  facet normal 0.844347 0.349885 0.405781
    outer loop
      vertex -43.4847 -19.8244 15.79
      vertex -44.1737 -19.565 17
      vertex -44.0723 -19.8097 17
    endloop
  endfacet
  facet normal 0.844388 0.349717 0.40584
    outer loop
      vertex -44.1737 -19.565 17
      vertex -43.4847 -19.8244 15.79
      vertex -43.6683 -19.3811 15.79
    endloop
  endfacet
  facet normal -0.892376 0.197453 0.405805
    outer loop
      vertex 44.3894 -18.8042 17
      vertex 44.446 -18.5484 17
      vertex 43.9164 -18.4551 15.79
    endloop
  endfacet
  facet normal 0.913069 -0.0401234 0.405825
    outer loop
      vertex -44 17.5 15.79
      vertex -44.5263 17.7617 17
      vertex -44.5378 17.5 17
    endloop
  endfacet
  facet normal -0.725094 -0.556331 0.405875
    outer loop
      vertex 42.7132 21.0353 15.79
      vertex 43.4459 20.9631 17
      vertex 43.2847 21.1732 17
    endloop
  endfacet
  facet normal -0.725033 -0.556443 0.405832
    outer loop
      vertex 43.4459 20.9631 17
      vertex 42.7132 21.0353 15.79
      vertex 43.0053 20.6547 15.79
    endloop
  endfacet
  facet normal -0.119329 -0.906136 0.405804
    outer loop
      vertex 39.4551 22.9164 15.79
      vertex 39.5484 23.446 17
      vertex 39.2887 23.4802 17
    endloop
  endfacet
  facet normal -0.913103 -0.0397001 0.405791
    outer loop
      vertex 43.9791 17.9794 15.79
      vertex 44.5263 17.7617 17
      vertex 44.5148 18.0262 17
    endloop
  endfacet
  facet normal -0.913106 -0.0398079 0.405773
    outer loop
      vertex 44.5263 17.7617 17
      vertex 43.9791 17.9794 15.79
      vertex 44 17.5 15.79
    endloop
  endfacet
  facet normal -0.274787 0.871656 0.405842
    outer loop
      vertex 40.3811 -22.6683 15.79
      vertex 40.3125 -23.2533 17
      vertex 40.565 -23.1737 17
    endloop
  endfacet
  facet normal -0.274863 0.871638 0.405829
    outer loop
      vertex 40.3125 -23.2533 17
      vertex 40.3811 -22.6683 15.79
      vertex 39.9235 -22.8126 15.79
    endloop
  endfacet
  facet normal 0.556443 0.725033 0.405832
    outer loop
      vertex -42.0353 -21.7132 15.79
      vertex -41.9631 -22.4459 17
      vertex -41.6547 -22.0053 15.79
    endloop
  endfacet
  facet normal 0.556331 0.725094 0.405875
    outer loop
      vertex -41.9631 -22.4459 17
      vertex -42.0353 -21.7132 15.79
      vertex -42.1732 -22.2847 17
    endloop
  endfacet
  facet normal -0.725033 0.556443 0.405832
    outer loop
      vertex 42.7132 -21.0353 15.79
      vertex 43.4459 -20.9631 17
      vertex 43.0053 -20.6547 15.79
    endloop
  endfacet
  facet normal -0.725094 0.556331 0.405875
    outer loop
      vertex 43.4459 -20.9631 17
      vertex 42.7132 -21.0353 15.79
      vertex 43.2847 -21.1732 17
    endloop
  endfacet
  facet normal 0.810581 0.422214 0.405824
    outer loop
      vertex -43.8511 -20.284 17
      vertex -43.4847 -19.8244 15.79
      vertex -43.9721 -20.0517 17
    endloop
  endfacet
  facet normal -0.274639 0.871727 0.405789
    outer loop
      vertex 40.0627 -23.332 17
      vertex 40.3125 -23.2533 17
      vertex 39.9235 -22.8126 15.79
    endloop
  endfacet
  facet normal -0.673732 -0.617558 0.405841
    outer loop
      vertex 43.1252 21.381 17
      vertex 42.9482 21.5741 17
      vertex 42.7132 21.0353 15.79
    endloop
  endfacet
  facet normal -0.892291 0.197737 0.405854
    outer loop
      vertex 43.8126 -18.9235 15.79
      vertex 44.3894 -18.8042 17
      vertex 43.9164 -18.4551 15.79
    endloop
  endfacet
  facet normal -0.892235 0.198121 0.405789
    outer loop
      vertex 44.3894 -18.8042 17
      vertex 43.8126 -18.9235 15.79
      vertex 44.332 -19.0627 17
    endloop
  endfacet
  facet normal -0.810581 0.422214 0.405824
    outer loop
      vertex 43.8511 -20.284 17
      vertex 43.9721 -20.0517 17
      vertex 43.4847 -19.8244 15.79
    endloop
  endfacet
  facet normal 0 0.913805 0.406152
    outer loop
      vertex 38.5 -23 15.79
      vertex -38.5 -23.5378 17
      vertex 38.5 -23.5378 17
    endloop
  endfacet
  facet normal 0 0.913805 0.406152
    outer loop
      vertex -38.5 -23.5378 17
      vertex 38.5 -23 15.79
      vertex -38.5 -23 15.79
    endloop
  endfacet
  facet normal 0.770761 -0.491174 0.405802
    outer loop
      vertex -43.7289 20.5189 17
      vertex -43.0053 20.6547 15.79
      vertex -43.5866 20.7422 17
    endloop
  endfacet
  facet normal 0.770825 -0.491027 0.405858
    outer loop
      vertex -43.0053 20.6547 15.79
      vertex -43.7289 20.5189 17
      vertex -43.2631 20.25 15.79
    endloop
  endfacet
  facet normal -0.0400446 0.913086 0.405797
    outer loop
      vertex 38.9794 -22.9791 15.79
      vertex 38.7617 -23.5264 17
      vertex 39.0262 -23.5148 17
    endloop
  endfacet
  facet normal -0.0398067 0.913078 0.405836
    outer loop
      vertex 38.7617 -23.5264 17
      vertex 38.9794 -22.9791 15.79
      vertex 38.5 -23 15.79
    endloop
  endfacet
  facet normal 0.673802 -0.617537 0.405758
    outer loop
      vertex -42.9482 21.5741 17
      vertex -42.3891 21.3891 15.79
      vertex -42.7693 21.7693 17
    endloop
  endfacet
  facet normal 0.673938 -0.617364 0.405794
    outer loop
      vertex -42.3891 21.3891 15.79
      vertex -42.9482 21.5741 17
      vertex -42.7132 21.0353 15.79
    endloop
  endfacet
  facet normal -0.770859 -0.490991 0.405837
    outer loop
      vertex 43.5866 20.7422 17
      vertex 43.4459 20.9631 17
      vertex 43.0053 20.6547 15.79
    endloop
  endfacet
  facet normal -0.0397751 -0.913082 0.405831
    outer loop
      vertex 38.5 23 15.79
      vertex 38.7617 23.5264 17
      vertex 38.5 23.5378 17
    endloop
  endfacet
  facet normal -0.844347 -0.349885 0.405781
    outer loop
      vertex 43.4847 19.8244 15.79
      vertex 44.1737 19.565 17
      vertex 44.0723 19.8097 17
    endloop
  endfacet
  facet normal -0.844388 -0.349717 0.40584
    outer loop
      vertex 44.1737 19.565 17
      vertex 43.4847 19.8244 15.79
      vertex 43.6683 19.3811 15.79
    endloop
  endfacet
  facet normal 0.349636 -0.84443 0.405824
    outer loop
      vertex -40.8244 22.4847 15.79
      vertex -40.8097 23.0723 17
      vertex -41.0517 22.9721 17
    endloop
  endfacet
  facet normal 0.90613 -0.119437 0.405788
    outer loop
      vertex -43.9791 17.9794 15.79
      vertex -44.4802 18.2887 17
      vertex -44.5148 18.0262 17
    endloop
  endfacet
  facet normal 0.90613 -0.119433 0.405787
    outer loop
      vertex -44.4802 18.2887 17
      vertex -43.9791 17.9794 15.79
      vertex -43.9164 18.4551 15.79
    endloop
  endfacet
  facet normal -0.913069 0.0401234 0.405825
    outer loop
      vertex 44.5263 -17.7617 17
      vertex 44.5378 -17.5 17
      vertex 44 -17.5 15.79
    endloop
  endfacet
  facet normal -0.197737 -0.892291 0.405854
    outer loop
      vertex 39.9235 22.8126 15.79
      vertex 39.8042 23.3894 17
      vertex 39.4551 22.9164 15.79
    endloop
  endfacet
  facet normal -0.198121 -0.892235 0.405789
    outer loop
      vertex 39.8042 23.3894 17
      vertex 39.9235 22.8126 15.79
      vertex 40.0627 23.332 17
    endloop
  endfacet
  facet normal -0.906136 0.119329 0.405804
    outer loop
      vertex 44.446 -18.5484 17
      vertex 44.4802 -18.2887 17
      vertex 43.9164 -18.4551 15.79
    endloop
  endfacet
  facet normal -0.0398067 -0.913078 0.405836
    outer loop
      vertex 38.9794 22.9791 15.79
      vertex 38.7617 23.5264 17
      vertex 38.5 23 15.79
    endloop
  endfacet
  facet normal -0.0400446 -0.913086 0.405797
    outer loop
      vertex 38.7617 23.5264 17
      vertex 38.9794 22.9791 15.79
      vertex 39.0262 23.5148 17
    endloop
  endfacet
  facet normal 0.725094 -0.556331 0.405875
    outer loop
      vertex -43.4459 20.9631 17
      vertex -42.7132 21.0353 15.79
      vertex -43.2847 21.1732 17
    endloop
  endfacet
  facet normal 0.725033 -0.556443 0.405832
    outer loop
      vertex -42.7132 21.0353 15.79
      vertex -43.4459 20.9631 17
      vertex -43.0053 20.6547 15.79
    endloop
  endfacet
  facet normal -0.770859 0.490991 0.405837
    outer loop
      vertex 43.4459 -20.9631 17
      vertex 43.5866 -20.7422 17
      vertex 43.0053 -20.6547 15.79
    endloop
  endfacet
  facet normal -0.274639 -0.871727 0.405789
    outer loop
      vertex 40.3125 23.2533 17
      vertex 40.0627 23.332 17
      vertex 39.9235 22.8126 15.79
    endloop
  endfacet
  facet normal -0.617364 -0.673938 0.405794
    outer loop
      vertex 42.3891 21.3891 15.79
      vertex 42.5741 21.9482 17
      vertex 42.0353 21.7132 15.79
    endloop
  endfacet
  facet normal -0.617537 -0.673802 0.405758
    outer loop
      vertex 42.5741 21.9482 17
      vertex 42.3891 21.3891 15.79
      vertex 42.7693 21.7693 17
    endloop
  endfacet
  facet normal -0.810787 -0.421789 0.405854
    outer loop
      vertex 43.2631 20.25 15.79
      vertex 43.8511 20.284 17
      vertex 43.7289 20.5189 17
    endloop
  endfacet
  facet normal -0.810658 -0.422091 0.4058
    outer loop
      vertex 43.8511 20.284 17
      vertex 43.2631 20.25 15.79
      vertex 43.4847 19.8244 15.79
    endloop
  endfacet
  facet normal -0.871727 0.274639 0.405789
    outer loop
      vertex 44.2533 -19.3125 17
      vertex 44.332 -19.0627 17
      vertex 43.8126 -18.9235 15.79
    endloop
  endfacet
  facet normal 0.422091 0.810658 0.4058
    outer loop
      vertex -41.25 -22.2631 15.79
      vertex -41.284 -22.8511 17
      vertex -40.8244 -22.4847 15.79
    endloop
  endfacet
  facet normal 0.421789 0.810787 0.405854
    outer loop
      vertex -41.284 -22.8511 17
      vertex -41.25 -22.2631 15.79
      vertex -41.5189 -22.7289 17
    endloop
  endfacet
  facet normal 0.274639 -0.871727 0.405789
    outer loop
      vertex -39.9235 22.8126 15.79
      vertex -40.0627 23.332 17
      vertex -40.3125 23.2533 17
    endloop
  endfacet
  facet normal -0.556443 -0.725033 0.405832
    outer loop
      vertex 42.0353 21.7132 15.79
      vertex 41.9631 22.4459 17
      vertex 41.6547 22.0053 15.79
    endloop
  endfacet
  facet normal -0.556331 -0.725094 0.405875
    outer loop
      vertex 41.9631 22.4459 17
      vertex 42.0353 21.7132 15.79
      vertex 42.1732 22.2847 17
    endloop
  endfacet
  facet normal 0.871727 -0.274639 0.405789
    outer loop
      vertex -43.8126 18.9235 15.79
      vertex -44.2533 19.3125 17
      vertex -44.332 19.0627 17
    endloop
  endfacet
  facet normal 0.724995 -0.556481 0.405846
    outer loop
      vertex -42.7132 21.0353 15.79
      vertex -43.1252 21.381 17
      vertex -43.2847 21.1732 17
    endloop
  endfacet
  facet normal 0.892376 -0.197453 0.405805
    outer loop
      vertex -43.9164 18.4551 15.79
      vertex -44.3894 18.8042 17
      vertex -44.446 18.5484 17
    endloop
  endfacet
  facet normal 0.892235 -0.198121 0.405789
    outer loop
      vertex -44.3894 18.8042 17
      vertex -43.8126 18.9235 15.79
      vertex -44.332 19.0627 17
    endloop
  endfacet
  facet normal 0.892291 -0.197737 0.405854
    outer loop
      vertex -43.8126 18.9235 15.79
      vertex -44.3894 18.8042 17
      vertex -43.9164 18.4551 15.79
    endloop
  endfacet
  facet normal 0.119329 -0.906136 0.405804
    outer loop
      vertex -39.4551 22.9164 15.79
      vertex -39.2887 23.4802 17
      vertex -39.5484 23.446 17
    endloop
  endfacet
  facet normal -0.422214 -0.810581 0.405824
    outer loop
      vertex 41.284 22.8511 17
      vertex 41.0517 22.9721 17
      vertex 40.8244 22.4847 15.79
    endloop
  endfacet
  facet normal -0.197453 -0.892376 0.405805
    outer loop
      vertex 39.8042 23.3894 17
      vertex 39.5484 23.446 17
      vertex 39.4551 22.9164 15.79
    endloop
  endfacet
  facet normal 0.198121 -0.892235 0.405789
    outer loop
      vertex -39.9235 22.8126 15.79
      vertex -39.8042 23.3894 17
      vertex -40.0627 23.332 17
    endloop
  endfacet
  facet normal 0.197737 -0.892291 0.405854
    outer loop
      vertex -39.8042 23.3894 17
      vertex -39.9235 22.8126 15.79
      vertex -39.4551 22.9164 15.79
    endloop
  endfacet
  facet normal -0.913106 0.0398079 0.405773
    outer loop
      vertex 43.9791 -17.9794 15.79
      vertex 44.5263 -17.7617 17
      vertex 44 -17.5 15.79
    endloop
  endfacet
  facet normal -0.913103 0.0397001 0.405791
    outer loop
      vertex 44.5263 -17.7617 17
      vertex 43.9791 -17.9794 15.79
      vertex 44.5148 -18.0262 17
    endloop
  endfacet
  facet normal -0.617537 0.673802 0.405758
    outer loop
      vertex 42.3891 -21.3891 15.79
      vertex 42.5741 -21.9482 17
      vertex 42.7693 -21.7693 17
    endloop
  endfacet
  facet normal -0.617364 0.673938 0.405794
    outer loop
      vertex 42.5741 -21.9482 17
      vertex 42.3891 -21.3891 15.79
      vertex 42.0353 -21.7132 15.79
    endloop
  endfacet
  facet normal -0.90613 0.119437 0.405788
    outer loop
      vertex 43.9791 -17.9794 15.79
      vertex 44.4802 -18.2887 17
      vertex 44.5148 -18.0262 17
    endloop
  endfacet
  facet normal -0.90613 0.119433 0.405787
    outer loop
      vertex 44.4802 -18.2887 17
      vertex 43.9791 -17.9794 15.79
      vertex 43.9164 -18.4551 15.79
    endloop
  endfacet
  facet normal -0.556481 0.724995 0.405846
    outer loop
      vertex 42.1732 -22.2847 17
      vertex 42.381 -22.1252 17
      vertex 42.0353 -21.7132 15.79
    endloop
  endfacet
  facet normal 0.197737 0.892291 0.405854
    outer loop
      vertex -39.9235 -22.8126 15.79
      vertex -39.8042 -23.3894 17
      vertex -39.4551 -22.9164 15.79
    endloop
  endfacet
  facet normal 0.198121 0.892235 0.405789
    outer loop
      vertex -39.8042 -23.3894 17
      vertex -39.9235 -22.8126 15.79
      vertex -40.0627 -23.332 17
    endloop
  endfacet
  facet normal 0.119437 0.90613 0.405788
    outer loop
      vertex -38.9794 -22.9791 15.79
      vertex -39.2887 -23.4802 17
      vertex -39.0262 -23.5148 17
    endloop
  endfacet
  facet normal 0.119433 0.90613 0.405787
    outer loop
      vertex -39.2887 -23.4802 17
      vertex -38.9794 -22.9791 15.79
      vertex -39.4551 -22.9164 15.79
    endloop
  endfacet
  facet normal 0.906136 -0.119329 0.405804
    outer loop
      vertex -43.9164 18.4551 15.79
      vertex -44.446 18.5484 17
      vertex -44.4802 18.2887 17
    endloop
  endfacet
  facet normal 0.892376 0.197453 0.405805
    outer loop
      vertex -44.3894 -18.8042 17
      vertex -43.9164 -18.4551 15.79
      vertex -44.446 -18.5484 17
    endloop
  endfacet
  facet normal 0.913805 -0 0.406152
    outer loop
      vertex -44.5378 -17.5 17
      vertex -44 17.5 15.79
      vertex -44.5378 17.5 17
    endloop
  endfacet
  facet normal 0.913805 0 0.406152
    outer loop
      vertex -44 17.5 15.79
      vertex -44.5378 -17.5 17
      vertex -44 -17.5 15.79
    endloop
  endfacet
  facet normal 0.119433 -0.90613 0.405787
    outer loop
      vertex -38.9794 22.9791 15.79
      vertex -39.2887 23.4802 17
      vertex -39.4551 22.9164 15.79
    endloop
  endfacet
  facet normal 0.119437 -0.90613 0.405788
    outer loop
      vertex -39.2887 23.4802 17
      vertex -38.9794 22.9791 15.79
      vertex -39.0262 23.5148 17
    endloop
  endfacet
  facet normal 0.490991 -0.770859 0.405837
    outer loop
      vertex -41.6547 22.0053 15.79
      vertex -41.7422 22.5866 17
      vertex -41.9631 22.4459 17
    endloop
  endfacet
  facet normal -0.913069 -0.0401234 0.405825
    outer loop
      vertex 44.5378 17.5 17
      vertex 44.5263 17.7617 17
      vertex 44 17.5 15.79
    endloop
  endfacet
  facet normal -0.556481 -0.724995 0.405846
    outer loop
      vertex 42.381 22.1252 17
      vertex 42.1732 22.2847 17
      vertex 42.0353 21.7132 15.79
    endloop
  endfacet
  facet normal 0.349636 0.84443 0.405824
    outer loop
      vertex -40.8097 -23.0723 17
      vertex -40.8244 -22.4847 15.79
      vertex -41.0517 -22.9721 17
    endloop
  endfacet
  facet normal 0.84443 -0.349636 0.405824
    outer loop
      vertex -43.4847 19.8244 15.79
      vertex -43.9721 20.0517 17
      vertex -44.0723 19.8097 17
    endloop
  endfacet
  facet normal -0.770761 -0.491174 0.405802
    outer loop
      vertex 43.0053 20.6547 15.79
      vertex 43.7289 20.5189 17
      vertex 43.5866 20.7422 17
    endloop
  endfacet
  facet normal -0.770825 -0.491027 0.405858
    outer loop
      vertex 43.7289 20.5189 17
      vertex 43.0053 20.6547 15.79
      vertex 43.2631 20.25 15.79
    endloop
  endfacet
  facet normal -0.90613 -0.119433 0.405787
    outer loop
      vertex 43.9791 17.9794 15.79
      vertex 44.4802 18.2887 17
      vertex 43.9164 18.4551 15.79
    endloop
  endfacet
  facet normal -0.90613 -0.119437 0.405788
    outer loop
      vertex 44.4802 18.2887 17
      vertex 43.9791 17.9794 15.79
      vertex 44.5148 18.0262 17
    endloop
  endfacet
  facet normal 0.906136 0.119329 0.405804
    outer loop
      vertex -44.446 -18.5484 17
      vertex -43.9164 -18.4551 15.79
      vertex -44.4802 -18.2887 17
    endloop
  endfacet
  facet normal -0.349885 0.844347 0.405781
    outer loop
      vertex 40.8244 -22.4847 15.79
      vertex 40.565 -23.1737 17
      vertex 40.8097 -23.0723 17
    endloop
  endfacet
  facet normal -0.349717 0.844388 0.40584
    outer loop
      vertex 40.565 -23.1737 17
      vertex 40.8244 -22.4847 15.79
      vertex 40.3811 -22.6683 15.79
    endloop
  endfacet
  facet normal 0.0397751 0.913082 0.405831
    outer loop
      vertex -38.5 -23.5378 17
      vertex -38.5 -23 15.79
      vertex -38.7617 -23.5264 17
    endloop
  endfacet
  facet normal 0 -0.913805 0.406152
    outer loop
      vertex -38.5 23 15.79
      vertex -5.205 23.5378 17
      vertex -38.5 23.5378 17
    endloop
  endfacet
  facet normal 8.43009e-06 -0.913891 0.405959
    outer loop
      vertex -5.205 23.5378 17
      vertex -38.5 23 15.79
      vertex -5.17491 23.4964 16.9068
    endloop
  endfacet
  facet normal -2.4515e-05 -0.913526 0.40678
    outer loop
      vertex -5.17491 23.4964 16.9068
      vertex -38.5 23 15.79
      vertex -5.1395 23.4557 16.8154
    endloop
  endfacet
  facet normal -3.59579e-06 -0.913779 0.406211
    outer loop
      vertex -5.1395 23.4557 16.8154
      vertex -38.5 23 15.79
      vertex -5.09517 23.4048 16.7009
    endloop
  endfacet
  facet normal -3.86018e-06 -0.913776 0.406219
    outer loop
      vertex -5.09517 23.4048 16.7009
      vertex -38.5 23 15.79
      vertex -5.04755 23.3591 16.5981
    endloop
  endfacet
  facet normal 7.16311e-06 -0.913945 0.405838
    outer loop
      vertex -5.04755 23.3591 16.5981
      vertex -38.5 23 15.79
      vertex -5.00865 23.3218 16.5141
    endloop
  endfacet
  facet normal 1.36007e-05 -0.914055 0.40559
    outer loop
      vertex -5.00865 23.3218 16.5141
      vertex -38.5 23 15.79
      vertex -4.96622 23.2879 16.4377
    endloop
  endfacet
  facet normal -3.3937e-06 -0.913729 0.406324
    outer loop
      vertex -4.96622 23.2879 16.4377
      vertex -38.5 23 15.79
      vertex -4.916 23.2477 16.3473
    endloop
  endfacet
  facet normal -8.4228e-07 -0.913786 0.406196
    outer loop
      vertex -4.916 23.2477 16.3473
      vertex -38.5 23 15.79
      vertex -4.81783 23.1828 16.2013
    endloop
  endfacet
  facet normal -7.4869e-17 -0.913812 0.406138
    outer loop
      vertex -4.81783 23.1828 16.2013
      vertex -38.5 23 15.79
      vertex -4.76953 23.1568 16.1428
    endloop
  endfacet
  facet normal -3.18531e-06 -0.913698 0.406393
    outer loop
      vertex -4.76953 23.1568 16.1428
      vertex -38.5 23 15.79
      vertex -4.71483 23.1274 16.0767
    endloop
  endfacet
  facet normal -5.95783e-07 -0.913812 0.406138
    outer loop
      vertex -4.71483 23.1274 16.0767
      vertex -38.5 23 15.79
      vertex -4.6641 23.1058 16.0281
    endloop
  endfacet
  facet normal 4.64984e-06 -0.914088 0.405515
    outer loop
      vertex -4.6641 23.1058 16.0281
      vertex -38.5 23 15.79
      vertex -4.60764 23.0818 15.974
    endloop
  endfacet
  facet normal 1.89449e-06 -0.9139 0.405939
    outer loop
      vertex -4.60764 23.0818 15.974
      vertex -38.5 23 15.79
      vertex -4.54961 23.0631 15.9319
    endloop
  endfacet
  facet normal -5.74893e-06 -0.91322 0.407466
    outer loop
      vertex -4.54961 23.0631 15.9319
      vertex -38.5 23 15.79
      vertex -4.49692 23.0461 15.8938
    endloop
  endfacet
  facet normal 6.28065e-06 -0.914682 0.404174
    outer loop
      vertex -4.49692 23.0461 15.8938
      vertex -38.5 23 15.79
      vertex -4.43771 23.0328 15.8637
    endloop
  endfacet
  facet normal -4.37641e-06 -0.912854 0.408286
    outer loop
      vertex -4.43771 23.0328 15.8637
      vertex -38.5 23 15.79
      vertex -4.38335 23.0205 15.8362
    endloop
  endfacet
  facet normal 7.50809e-07 -0.914262 0.405124
    outer loop
      vertex -4.38335 23.0205 15.8362
      vertex -38.5 23 15.79
      vertex -4.32769 23.0131 15.8195
    endloop
  endfacet
  facet normal -2.24724e-06 -0.912971 0.408024
    outer loop
      vertex -4.32769 23.0131 15.8195
      vertex -38.5 23 15.79
      vertex -4.26761 23.0051 15.8016
    endloop
  endfacet
  facet normal 1.95887e-06 -0.917548 0.397624
    outer loop
      vertex -4.26761 23.0051 15.8016
      vertex -38.5 23 15.79
      vertex -4.20683 23.0025 15.7956
    endloop
  endfacet
  facet normal 0 -0.913138 0.407651
    outer loop
      vertex -4.20683 23.0025 15.7956
      vertex -38.5 23 15.79
      vertex -4.15036 23 15.79
    endloop
  endfacet
  facet normal -7.15555e-06 -0.913892 0.405958
    outer loop
      vertex 38.5 23 15.79
      vertex -0.794998 23.5378 17
      vertex -0.825092 23.4964 16.9068
    endloop
  endfacet
  facet normal 2.08154e-05 -0.913526 0.406781
    outer loop
      vertex 38.5 23 15.79
      vertex -0.825092 23.4964 16.9068
      vertex -0.860496 23.4557 16.8154
    endloop
  endfacet
  facet normal 3.05313e-06 -0.913779 0.406212
    outer loop
      vertex 38.5 23 15.79
      vertex -0.860496 23.4557 16.8154
      vertex -0.904828 23.4048 16.7009
    endloop
  endfacet
  facet normal 3.27864e-06 -0.913775 0.40622
    outer loop
      vertex 38.5 23 15.79
      vertex -0.904828 23.4048 16.7009
      vertex -0.952446 23.3591 16.5981
    endloop
  endfacet
  facet normal -6.08397e-06 -0.913945 0.405838
    outer loop
      vertex 38.5 23 15.79
      vertex -0.952446 23.3591 16.5981
      vertex -0.991347 23.3218 16.5141
    endloop
  endfacet
  facet normal -1.15552e-05 -0.914056 0.405589
    outer loop
      vertex 38.5 23 15.79
      vertex -0.991347 23.3218 16.5141
      vertex -1.03378 23.2879 16.4377
    endloop
  endfacet
  facet normal 2.88329e-06 -0.913729 0.406325
    outer loop
      vertex 38.5 23 15.79
      vertex -1.03378 23.2879 16.4377
      vertex -1.084 23.2477 16.3473
    endloop
  endfacet
  facet normal 7.15807e-07 -0.913786 0.406196
    outer loop
      vertex 38.5 23 15.79
      vertex -1.084 23.2477 16.3473
      vertex -1.18217 23.1828 16.2013
    endloop
  endfacet
  facet normal 5.95823e-17 -0.913812 0.406138
    outer loop
      vertex 38.5 23 15.79
      vertex -1.18217 23.1828 16.2013
      vertex -1.23047 23.1568 16.1428
    endloop
  endfacet
  facet normal 2.70778e-06 -0.913698 0.406393
    outer loop
      vertex 38.5 23 15.79
      vertex -1.23047 23.1568 16.1428
      vertex -1.28517 23.1274 16.0767
    endloop
  endfacet
  facet normal 5.06604e-07 -0.913812 0.406138
    outer loop
      vertex 38.5 23 15.79
      vertex -1.28517 23.1274 16.0767
      vertex -1.3359 23.1058 16.0281
    endloop
  endfacet
  facet normal -3.95384e-06 -0.914089 0.405515
    outer loop
      vertex 38.5 23 15.79
      vertex -1.3359 23.1058 16.0281
      vertex -1.39236 23.0818 15.974
    endloop
  endfacet
  facet normal -1.61135e-06 -0.9139 0.405939
    outer loop
      vertex 38.5 23 15.79
      vertex -1.39236 23.0818 15.974
      vertex -1.45039 23.0631 15.9319
    endloop
  endfacet
  facet normal 4.88973e-06 -0.91322 0.407467
    outer loop
      vertex 38.5 23 15.79
      vertex -1.45039 23.0631 15.9319
      vertex -1.50308 23.0461 15.8938
    endloop
  endfacet
  facet normal -5.34341e-06 -0.914683 0.404173
    outer loop
      vertex 38.5 23 15.79
      vertex -1.50308 23.0461 15.8938
      vertex -1.56229 23.0328 15.8637
    endloop
  endfacet
  facet normal 3.72334e-06 -0.912854 0.408287
    outer loop
      vertex 38.5 23 15.79
      vertex -1.56229 23.0328 15.8637
      vertex -1.61665 23.0205 15.8362
    endloop
  endfacet
  facet normal -6.38945e-07 -0.914262 0.405124
    outer loop
      vertex 38.5 23 15.79
      vertex -1.61665 23.0205 15.8362
      vertex -1.67231 23.0131 15.8195
    endloop
  endfacet
  facet normal 1.91243e-06 -0.912971 0.408025
    outer loop
      vertex 38.5 23 15.79
      vertex -1.67231 23.0131 15.8195
      vertex -1.73239 23.0051 15.8016
    endloop
  endfacet
  facet normal -1.66759e-06 -0.917549 0.397622
    outer loop
      vertex 38.5 23 15.79
      vertex -1.73239 23.0051 15.8016
      vertex -1.79317 23.0025 15.7956
    endloop
  endfacet
  facet normal 0 -0.913138 0.407651
    outer loop
      vertex 38.5 23 15.79
      vertex -1.79317 23.0025 15.7956
      vertex -1.84964 23 15.79
    endloop
  endfacet
  facet normal 0 -0.913805 0.406152
    outer loop
      vertex -0.794998 23.5378 17
      vertex 38.5 23 15.79
      vertex 38.5 23.5378 17
    endloop
  endfacet
  facet normal 0.673938 0.617364 0.405794
    outer loop
      vertex -42.9482 -21.5741 17
      vertex -42.3891 -21.3891 15.79
      vertex -42.7132 -21.0353 15.79
    endloop
  endfacet
  facet normal 0.673802 0.617537 0.405758
    outer loop
      vertex -42.3891 -21.3891 15.79
      vertex -42.9482 -21.5741 17
      vertex -42.7693 -21.7693 17
    endloop
  endfacet
  facet normal 0.491027 0.770825 0.405858
    outer loop
      vertex -41.6547 -22.0053 15.79
      vertex -41.5189 -22.7289 17
      vertex -41.25 -22.2631 15.79
    endloop
  endfacet
  facet normal 0.491174 0.770761 0.405802
    outer loop
      vertex -41.5189 -22.7289 17
      vertex -41.6547 -22.0053 15.79
      vertex -41.7422 -22.5866 17
    endloop
  endfacet
  facet normal -0.913805 0 0.406152
    outer loop
      vertex 44 -17.5 15.79
      vertex 44.5378 17.5 17
      vertex 44 17.5 15.79
    endloop
  endfacet
  facet normal -0.913805 0 0.406152
    outer loop
      vertex 44.5378 17.5 17
      vertex 44 -17.5 15.79
      vertex 44.5378 -17.5 17
    endloop
  endfacet
  facet normal 0.556331 -0.725094 0.405875
    outer loop
      vertex -42.0353 21.7132 15.79
      vertex -41.9631 22.4459 17
      vertex -42.1732 22.2847 17
    endloop
  endfacet
  facet normal 0.556443 -0.725033 0.405832
    outer loop
      vertex -41.9631 22.4459 17
      vertex -42.0353 21.7132 15.79
      vertex -41.6547 22.0053 15.79
    endloop
  endfacet
  facet normal 0.673732 0.617558 0.405841
    outer loop
      vertex -42.9482 -21.5741 17
      vertex -42.7132 -21.0353 15.79
      vertex -43.1252 -21.381 17
    endloop
  endfacet
  facet normal -0.84443 -0.349636 0.405824
    outer loop
      vertex 44.0723 19.8097 17
      vertex 43.9721 20.0517 17
      vertex 43.4847 19.8244 15.79
    endloop
  endfacet
  facet normal 0.422214 0.810581 0.405824
    outer loop
      vertex -41.0517 -22.9721 17
      vertex -40.8244 -22.4847 15.79
      vertex -41.284 -22.8511 17
    endloop
  endfacet
  facet normal 0.0397751 -0.913082 0.405831
    outer loop
      vertex -38.5 23 15.79
      vertex -38.5 23.5378 17
      vertex -38.7617 23.5264 17
    endloop
  endfacet
  facet normal -0.906136 -0.119329 0.405804
    outer loop
      vertex 44.4802 18.2887 17
      vertex 44.446 18.5484 17
      vertex 43.9164 18.4551 15.79
    endloop
  endfacet
  facet normal -0.198121 0.892235 0.405789
    outer loop
      vertex 39.9235 -22.8126 15.79
      vertex 39.8042 -23.3894 17
      vertex 40.0627 -23.332 17
    endloop
  endfacet
  facet normal -0.197737 0.892291 0.405854
    outer loop
      vertex 39.8042 -23.3894 17
      vertex 39.9235 -22.8126 15.79
      vertex 39.4551 -22.9164 15.79
    endloop
  endfacet
  facet normal -0.810581 -0.422214 0.405824
    outer loop
      vertex 43.9721 20.0517 17
      vertex 43.8511 20.284 17
      vertex 43.4847 19.8244 15.79
    endloop
  endfacet
  facet normal -0.349636 0.84443 0.405824
    outer loop
      vertex 41.0517 -22.9721 17
      vertex 40.8244 -22.4847 15.79
      vertex 40.8097 -23.0723 17
    endloop
  endfacet
  facet normal -0.422214 0.810581 0.405824
    outer loop
      vertex 41.0517 -22.9721 17
      vertex 41.284 -22.8511 17
      vertex 40.8244 -22.4847 15.79
    endloop
  endfacet
  facet normal -0.119433 0.90613 0.405787
    outer loop
      vertex 38.9794 -22.9791 15.79
      vertex 39.2887 -23.4802 17
      vertex 39.4551 -22.9164 15.79
    endloop
  endfacet
  facet normal -0.119437 0.90613 0.405788
    outer loop
      vertex 39.2887 -23.4802 17
      vertex 38.9794 -22.9791 15.79
      vertex 39.0262 -23.5148 17
    endloop
  endfacet
  facet normal 0.617558 0.673732 0.405841
    outer loop
      vertex -42.381 -22.1252 17
      vertex -42.0353 -21.7132 15.79
      vertex -42.5741 -21.9482 17
    endloop
  endfacet
  facet normal 0.673732 -0.617558 0.405841
    outer loop
      vertex -42.7132 21.0353 15.79
      vertex -42.9482 21.5741 17
      vertex -43.1252 21.381 17
    endloop
  endfacet
  facet normal -0.871656 -0.274787 0.405842
    outer loop
      vertex 43.6683 19.3811 15.79
      vertex 44.2533 19.3125 17
      vertex 44.1737 19.565 17
    endloop
  endfacet
  facet normal -0.871638 -0.274863 0.405829
    outer loop
      vertex 44.2533 19.3125 17
      vertex 43.6683 19.3811 15.79
      vertex 43.8126 18.9235 15.79
    endloop
  endfacet
  facet normal 0.0398067 0.913078 0.405836
    outer loop
      vertex -38.9794 -22.9791 15.79
      vertex -38.7617 -23.5264 17
      vertex -38.5 -23 15.79
    endloop
  endfacet
  facet normal 0.0400446 0.913086 0.405797
    outer loop
      vertex -38.7617 -23.5264 17
      vertex -38.9794 -22.9791 15.79
      vertex -39.0262 -23.5148 17
    endloop
  endfacet
  facet normal -0.844388 0.349717 0.40584
    outer loop
      vertex 43.4847 -19.8244 15.79
      vertex 44.1737 -19.565 17
      vertex 43.6683 -19.3811 15.79
    endloop
  endfacet
  facet normal -0.844347 0.349885 0.405781
    outer loop
      vertex 44.1737 -19.565 17
      vertex 43.4847 -19.8244 15.79
      vertex 44.0723 -19.8097 17
    endloop
  endfacet
  facet normal 0.422214 -0.810581 0.405824
    outer loop
      vertex -40.8244 22.4847 15.79
      vertex -41.0517 22.9721 17
      vertex -41.284 22.8511 17
    endloop
  endfacet
  facet normal 0.90613 0.119437 0.405788
    outer loop
      vertex -44.4802 -18.2887 17
      vertex -43.9791 -17.9794 15.79
      vertex -44.5148 -18.0262 17
    endloop
  endfacet
  facet normal 0.90613 0.119433 0.405787
    outer loop
      vertex -43.9791 -17.9794 15.79
      vertex -44.4802 -18.2887 17
      vertex -43.9164 -18.4551 15.79
    endloop
  endfacet
  facet normal 0.810658 0.422091 0.4058
    outer loop
      vertex -43.8511 -20.284 17
      vertex -43.2631 -20.25 15.79
      vertex -43.4847 -19.8244 15.79
    endloop
  endfacet
  facet normal 0.810787 0.421789 0.405854
    outer loop
      vertex -43.2631 -20.25 15.79
      vertex -43.8511 -20.284 17
      vertex -43.7289 -20.5189 17
    endloop
  endfacet
  facet normal 0.871727 0.274639 0.405789
    outer loop
      vertex -44.2533 -19.3125 17
      vertex -43.8126 -18.9235 15.79
      vertex -44.332 -19.0627 17
    endloop
  endfacet
  facet normal 0.119329 0.906136 0.405804
    outer loop
      vertex -39.2887 -23.4802 17
      vertex -39.4551 -22.9164 15.79
      vertex -39.5484 -23.446 17
    endloop
  endfacet
  facet normal -0.871638 0.274863 0.405829
    outer loop
      vertex 43.6683 -19.3811 15.79
      vertex 44.2533 -19.3125 17
      vertex 43.8126 -18.9235 15.79
    endloop
  endfacet
  facet normal -0.871656 0.274787 0.405842
    outer loop
      vertex 44.2533 -19.3125 17
      vertex 43.6683 -19.3811 15.79
      vertex 44.1737 -19.565 17
    endloop
  endfacet
  facet normal 0.421789 -0.810787 0.405854
    outer loop
      vertex -41.25 22.2631 15.79
      vertex -41.284 22.8511 17
      vertex -41.5189 22.7289 17
    endloop
  endfacet
  facet normal 0.422091 -0.810658 0.4058
    outer loop
      vertex -41.284 22.8511 17
      vertex -41.25 22.2631 15.79
      vertex -40.8244 22.4847 15.79
    endloop
  endfacet
  facet normal 0.913103 -0.0397001 0.405791
    outer loop
      vertex -44.5263 17.7617 17
      vertex -43.9791 17.9794 15.79
      vertex -44.5148 18.0262 17
    endloop
  endfacet
  facet normal 0.913106 -0.0398079 0.405773
    outer loop
      vertex -43.9791 17.9794 15.79
      vertex -44.5263 17.7617 17
      vertex -44 17.5 15.79
    endloop
  endfacet
  facet normal 0.490991 0.770859 0.405837
    outer loop
      vertex -41.7422 -22.5866 17
      vertex -41.6547 -22.0053 15.79
      vertex -41.9631 -22.4459 17
    endloop
  endfacet
  facet normal 0.617364 0.673938 0.405794
    outer loop
      vertex -42.3891 -21.3891 15.79
      vertex -42.5741 -21.9482 17
      vertex -42.0353 -21.7132 15.79
    endloop
  endfacet
  facet normal 0.617537 0.673802 0.405758
    outer loop
      vertex -42.5741 -21.9482 17
      vertex -42.3891 -21.3891 15.79
      vertex -42.7693 -21.7693 17
    endloop
  endfacet
  facet normal -0.724995 0.556481 0.405846
    outer loop
      vertex 43.1252 -21.381 17
      vertex 43.2847 -21.1732 17
      vertex 42.7132 -21.0353 15.79
    endloop
  endfacet
  facet normal 0.274639 0.871727 0.405789
    outer loop
      vertex -40.0627 -23.332 17
      vertex -39.9235 -22.8126 15.79
      vertex -40.3125 -23.2533 17
    endloop
  endfacet
  facet normal 0.913069 0.0401234 0.405825
    outer loop
      vertex -44.5263 -17.7617 17
      vertex -44 -17.5 15.79
      vertex -44.5378 -17.5 17
    endloop
  endfacet
  facet normal 0.349717 0.844388 0.40584
    outer loop
      vertex -40.8244 -22.4847 15.79
      vertex -40.565 -23.1737 17
      vertex -40.3811 -22.6683 15.79
    endloop
  endfacet
  facet normal 0.349885 0.844347 0.405781
    outer loop
      vertex -40.565 -23.1737 17
      vertex -40.8244 -22.4847 15.79
      vertex -40.8097 -23.0723 17
    endloop
  endfacet
  facet normal 0.725033 0.556443 0.405832
    outer loop
      vertex -43.4459 -20.9631 17
      vertex -42.7132 -21.0353 15.79
      vertex -43.0053 -20.6547 15.79
    endloop
  endfacet
  facet normal 0.725094 0.556331 0.405875
    outer loop
      vertex -42.7132 -21.0353 15.79
      vertex -43.4459 -20.9631 17
      vertex -43.2847 -21.1732 17
    endloop
  endfacet
  facet normal 0.724995 0.556481 0.405846
    outer loop
      vertex -43.1252 -21.381 17
      vertex -42.7132 -21.0353 15.79
      vertex -43.2847 -21.1732 17
    endloop
  endfacet
  facet normal 0.810581 -0.422214 0.405824
    outer loop
      vertex -43.4847 19.8244 15.79
      vertex -43.8511 20.284 17
      vertex -43.9721 20.0517 17
    endloop
  endfacet
  facet normal -0.871727 -0.274639 0.405789
    outer loop
      vertex 44.332 19.0627 17
      vertex 44.2533 19.3125 17
      vertex 43.8126 18.9235 15.79
    endloop
  endfacet
  facet normal 0.892291 0.197737 0.405854
    outer loop
      vertex -44.3894 -18.8042 17
      vertex -43.8126 -18.9235 15.79
      vertex -43.9164 -18.4551 15.79
    endloop
  endfacet
  facet normal 0.892235 0.198121 0.405789
    outer loop
      vertex -43.8126 -18.9235 15.79
      vertex -44.3894 -18.8042 17
      vertex -44.332 -19.0627 17
    endloop
  endfacet
  facet normal -0.892235 -0.198121 0.405789
    outer loop
      vertex 43.8126 18.9235 15.79
      vertex 44.3894 18.8042 17
      vertex 44.332 19.0627 17
    endloop
  endfacet
  facet normal -0.892291 -0.197737 0.405854
    outer loop
      vertex 44.3894 18.8042 17
      vertex 43.8126 18.9235 15.79
      vertex 43.9164 18.4551 15.79
    endloop
  endfacet
  facet normal -0.724995 -0.556481 0.405846
    outer loop
      vertex 43.2847 21.1732 17
      vertex 43.1252 21.381 17
      vertex 42.7132 21.0353 15.79
    endloop
  endfacet
  facet normal 0.491174 -0.770761 0.405802
    outer loop
      vertex -41.6547 22.0053 15.79
      vertex -41.5189 22.7289 17
      vertex -41.7422 22.5866 17
    endloop
  endfacet
  facet normal 0.491027 -0.770825 0.405858
    outer loop
      vertex -41.5189 22.7289 17
      vertex -41.6547 22.0053 15.79
      vertex -41.25 22.2631 15.79
    endloop
  endfacet
  facet normal -0.0397751 0.913082 0.405831
    outer loop
      vertex 38.5 -23.5378 17
      vertex 38.7617 -23.5264 17
      vertex 38.5 -23 15.79
    endloop
  endfacet
  facet normal 0.556481 0.724995 0.405846
    outer loop
      vertex -42.1732 -22.2847 17
      vertex -42.0353 -21.7132 15.79
      vertex -42.381 -22.1252 17
    endloop
  endfacet
  facet normal 0.844347 -0.349885 0.405781
    outer loop
      vertex -44.1737 19.565 17
      vertex -43.4847 19.8244 15.79
      vertex -44.0723 19.8097 17
    endloop
  endfacet
  facet normal 0.844388 -0.349717 0.40584
    outer loop
      vertex -43.4847 19.8244 15.79
      vertex -44.1737 19.565 17
      vertex -43.6683 19.3811 15.79
    endloop
  endfacet
  facet normal -0.491174 0.770761 0.405802
    outer loop
      vertex 41.6547 -22.0053 15.79
      vertex 41.5189 -22.7289 17
      vertex 41.7422 -22.5866 17
    endloop
  endfacet
  facet normal -0.491027 0.770825 0.405858
    outer loop
      vertex 41.5189 -22.7289 17
      vertex 41.6547 -22.0053 15.79
      vertex 41.25 -22.2631 15.79
    endloop
  endfacet
  facet normal -0.556331 0.725094 0.405875
    outer loop
      vertex 42.0353 -21.7132 15.79
      vertex 41.9631 -22.4459 17
      vertex 42.1732 -22.2847 17
    endloop
  endfacet
  facet normal -0.556443 0.725033 0.405832
    outer loop
      vertex 41.9631 -22.4459 17
      vertex 42.0353 -21.7132 15.79
      vertex 41.6547 -22.0053 15.79
    endloop
  endfacet
  facet normal -0.349636 -0.84443 0.405824
    outer loop
      vertex 40.8244 22.4847 15.79
      vertex 41.0517 22.9721 17
      vertex 40.8097 23.0723 17
    endloop
  endfacet
  facet normal 0.274863 0.871638 0.405829
    outer loop
      vertex -40.3811 -22.6683 15.79
      vertex -40.3125 -23.2533 17
      vertex -39.9235 -22.8126 15.79
    endloop
  endfacet
  facet normal 0.274787 0.871656 0.405842
    outer loop
      vertex -40.3125 -23.2533 17
      vertex -40.3811 -22.6683 15.79
      vertex -40.565 -23.1737 17
    endloop
  endfacet
  facet normal 0.274787 -0.871656 0.405842
    outer loop
      vertex -40.3811 22.6683 15.79
      vertex -40.3125 23.2533 17
      vertex -40.565 23.1737 17
    endloop
  endfacet
  facet normal 0.274863 -0.871638 0.405829
    outer loop
      vertex -40.3125 23.2533 17
      vertex -40.3811 22.6683 15.79
      vertex -39.9235 22.8126 15.79
    endloop
  endfacet
  facet normal 0.770859 -0.490991 0.405837
    outer loop
      vertex -43.0053 20.6547 15.79
      vertex -43.4459 20.9631 17
      vertex -43.5866 20.7422 17
    endloop
  endfacet
  facet normal -0.892376 -0.197453 0.405805
    outer loop
      vertex 44.446 18.5484 17
      vertex 44.3894 18.8042 17
      vertex 43.9164 18.4551 15.79
    endloop
  endfacet
  facet normal -0.119437 -0.90613 0.405788
    outer loop
      vertex 38.9794 22.9791 15.79
      vertex 39.2887 23.4802 17
      vertex 39.0262 23.5148 17
    endloop
  endfacet
  facet normal -0.119433 -0.90613 0.405787
    outer loop
      vertex 39.2887 23.4802 17
      vertex 38.9794 22.9791 15.79
      vertex 39.4551 22.9164 15.79
    endloop
  endfacet
  facet normal 0.556481 -0.724995 0.405846
    outer loop
      vertex -42.0353 21.7132 15.79
      vertex -42.1732 22.2847 17
      vertex -42.381 22.1252 17
    endloop
  endfacet
  facet normal 0.0400446 -0.913086 0.405797
    outer loop
      vertex -38.9794 22.9791 15.79
      vertex -38.7617 23.5264 17
      vertex -39.0262 23.5148 17
    endloop
  endfacet
  facet normal 0.0398067 -0.913078 0.405836
    outer loop
      vertex -38.7617 23.5264 17
      vertex -38.9794 22.9791 15.79
      vertex -38.5 23 15.79
    endloop
  endfacet
  facet normal 0.871638 0.274863 0.405829
    outer loop
      vertex -44.2533 -19.3125 17
      vertex -43.6683 -19.3811 15.79
      vertex -43.8126 -18.9235 15.79
    endloop
  endfacet
  facet normal 0.871656 0.274787 0.405842
    outer loop
      vertex -43.6683 -19.3811 15.79
      vertex -44.2533 -19.3125 17
      vertex -44.1737 -19.565 17
    endloop
  endfacet
  facet normal -0.490991 0.770859 0.405837
    outer loop
      vertex 41.7422 -22.5866 17
      vertex 41.9631 -22.4459 17
      vertex 41.6547 -22.0053 15.79
    endloop
  endfacet
  facet normal -0.810658 0.422091 0.4058
    outer loop
      vertex 43.2631 -20.25 15.79
      vertex 43.8511 -20.284 17
      vertex 43.4847 -19.8244 15.79
    endloop
  endfacet
  facet normal -0.810787 0.421789 0.405854
    outer loop
      vertex 43.8511 -20.284 17
      vertex 43.2631 -20.25 15.79
      vertex 43.7289 -20.5189 17
    endloop
  endfacet
  facet normal 0.84443 0.349636 0.405824
    outer loop
      vertex -43.9721 -20.0517 17
      vertex -43.4847 -19.8244 15.79
      vertex -44.0723 -19.8097 17
    endloop
  endfacet
  facet normal -0.274863 -0.871638 0.405829
    outer loop
      vertex 40.3811 22.6683 15.79
      vertex 40.3125 23.2533 17
      vertex 39.9235 22.8126 15.79
    endloop
  endfacet
  facet normal -0.274787 -0.871656 0.405842
    outer loop
      vertex 40.3125 23.2533 17
      vertex 40.3811 22.6683 15.79
      vertex 40.565 23.1737 17
    endloop
  endfacet
  facet normal 0.197453 -0.892376 0.405805
    outer loop
      vertex -39.4551 22.9164 15.79
      vertex -39.5484 23.446 17
      vertex -39.8042 23.3894 17
    endloop
  endfacet
  facet normal 0.871656 -0.274787 0.405842
    outer loop
      vertex -44.2533 19.3125 17
      vertex -43.6683 19.3811 15.79
      vertex -44.1737 19.565 17
    endloop
  endfacet
  facet normal 0.871638 -0.274863 0.405829
    outer loop
      vertex -43.6683 19.3811 15.79
      vertex -44.2533 19.3125 17
      vertex -43.8126 18.9235 15.79
    endloop
  endfacet
  facet normal -0.119329 0.906136 0.405804
    outer loop
      vertex 39.5484 -23.446 17
      vertex 39.4551 -22.9164 15.79
      vertex 39.2887 -23.4802 17
    endloop
  endfacet
  facet normal -0.197453 0.892376 0.405805
    outer loop
      vertex 39.5484 -23.446 17
      vertex 39.8042 -23.3894 17
      vertex 39.4551 -22.9164 15.79
    endloop
  endfacet
  facet normal -0.349717 -0.844388 0.40584
    outer loop
      vertex 40.8244 22.4847 15.79
      vertex 40.565 23.1737 17
      vertex 40.3811 22.6683 15.79
    endloop
  endfacet
  facet normal -0.349885 -0.844347 0.405781
    outer loop
      vertex 40.565 23.1737 17
      vertex 40.8244 22.4847 15.79
      vertex 40.8097 23.0723 17
    endloop
  endfacet
  facet normal -0.84443 0.349636 0.405824
    outer loop
      vertex 43.9721 -20.0517 17
      vertex 44.0723 -19.8097 17
      vertex 43.4847 -19.8244 15.79
    endloop
  endfacet
  facet normal -0.770825 0.491027 0.405858
    outer loop
      vertex 43.0053 -20.6547 15.79
      vertex 43.7289 -20.5189 17
      vertex 43.2631 -20.25 15.79
    endloop
  endfacet
  facet normal -0.770761 0.491174 0.405802
    outer loop
      vertex 43.7289 -20.5189 17
      vertex 43.0053 -20.6547 15.79
      vertex 43.5866 -20.7422 17
    endloop
  endfacet
  facet normal -0.490991 -0.770859 0.405837
    outer loop
      vertex 41.9631 22.4459 17
      vertex 41.7422 22.5866 17
      vertex 41.6547 22.0053 15.79
    endloop
  endfacet
  facet normal 0.810787 -0.421789 0.405854
    outer loop
      vertex -43.8511 20.284 17
      vertex -43.2631 20.25 15.79
      vertex -43.7289 20.5189 17
    endloop
  endfacet
  facet normal 0.810658 -0.422091 0.4058
    outer loop
      vertex -43.2631 20.25 15.79
      vertex -43.8511 20.284 17
      vertex -43.4847 19.8244 15.79
    endloop
  endfacet
  facet normal -0.422091 -0.810658 0.4058
    outer loop
      vertex 41.25 22.2631 15.79
      vertex 41.284 22.8511 17
      vertex 40.8244 22.4847 15.79
    endloop
  endfacet
  facet normal -0.421789 -0.810787 0.405854
    outer loop
      vertex 41.284 22.8511 17
      vertex 41.25 22.2631 15.79
      vertex 41.5189 22.7289 17
    endloop
  endfacet
  facet normal 0.617558 -0.673732 0.405841
    outer loop
      vertex -42.0353 21.7132 15.79
      vertex -42.381 22.1252 17
      vertex -42.5741 21.9482 17
    endloop
  endfacet
  facet normal 0.617537 -0.673802 0.405758
    outer loop
      vertex -42.3891 21.3891 15.79
      vertex -42.5741 21.9482 17
      vertex -42.7693 21.7693 17
    endloop
  endfacet
  facet normal 0.617364 -0.673938 0.405794
    outer loop
      vertex -42.5741 21.9482 17
      vertex -42.3891 21.3891 15.79
      vertex -42.0353 21.7132 15.79
    endloop
  endfacet
  facet normal -0.421789 0.810787 0.405854
    outer loop
      vertex 41.25 -22.2631 15.79
      vertex 41.284 -22.8511 17
      vertex 41.5189 -22.7289 17
    endloop
  endfacet
  facet normal -0.422091 0.810658 0.4058
    outer loop
      vertex 41.284 -22.8511 17
      vertex 41.25 -22.2631 15.79
      vertex 40.8244 -22.4847 15.79
    endloop
  endfacet
  facet normal -0.617558 0.673732 0.405841
    outer loop
      vertex 42.381 -22.1252 17
      vertex 42.5741 -21.9482 17
      vertex 42.0353 -21.7132 15.79
    endloop
  endfacet
  facet normal 0.913106 0.0398079 0.405773
    outer loop
      vertex -44.5263 -17.7617 17
      vertex -43.9791 -17.9794 15.79
      vertex -44 -17.5 15.79
    endloop
  endfacet
  facet normal 0.913103 0.0397001 0.405791
    outer loop
      vertex -43.9791 -17.9794 15.79
      vertex -44.5263 -17.7617 17
      vertex -44.5148 -18.0262 17
    endloop
  endfacet
  facet normal -0.673732 0.617558 0.405841
    outer loop
      vertex 42.9482 -21.5741 17
      vertex 43.1252 -21.381 17
      vertex 42.7132 -21.0353 15.79
    endloop
  endfacet
  facet normal -0.491027 -0.770825 0.405858
    outer loop
      vertex 41.6547 22.0053 15.79
      vertex 41.5189 22.7289 17
      vertex 41.25 22.2631 15.79
    endloop
  endfacet
  facet normal -0.491174 -0.770761 0.405802
    outer loop
      vertex 41.5189 22.7289 17
      vertex 41.6547 22.0053 15.79
      vertex 41.7422 22.5866 17
    endloop
  endfacet
  facet normal -0.673802 -0.617537 0.405758
    outer loop
      vertex 42.3891 21.3891 15.79
      vertex 42.9482 21.5741 17
      vertex 42.7693 21.7693 17
    endloop
  endfacet
  facet normal -0.673938 -0.617364 0.405794
    outer loop
      vertex 42.9482 21.5741 17
      vertex 42.3891 21.3891 15.79
      vertex 42.7132 21.0353 15.79
    endloop
  endfacet
  facet normal -0.673938 0.617364 0.405794
    outer loop
      vertex 42.3891 -21.3891 15.79
      vertex 42.9482 -21.5741 17
      vertex 42.7132 -21.0353 15.79
    endloop
  endfacet
  facet normal -0.673802 0.617537 0.405758
    outer loop
      vertex 42.9482 -21.5741 17
      vertex 42.3891 -21.3891 15.79
      vertex 42.7693 -21.7693 17
    endloop
  endfacet
  facet normal 0.197453 0.892376 0.405805
    outer loop
      vertex -39.5484 -23.446 17
      vertex -39.4551 -22.9164 15.79
      vertex -39.8042 -23.3894 17
    endloop
  endfacet
  facet normal -0.617558 -0.673732 0.405841
    outer loop
      vertex 42.5741 21.9482 17
      vertex 42.381 22.1252 17
      vertex 42.0353 21.7132 15.79
    endloop
  endfacet
  facet normal 0.838533 -0.18583 0.512181
    outer loop
      vertex 38.3489 -16.2882 9
      vertex 39.0772 -16.8605 7.6
      vertex 38.3772 -16.1605 9
    endloop
  endfacet
  facet normal 0.838533 -0.18583 0.512181
    outer loop
      vertex 39.0772 -16.8605 7.6
      vertex 38.3489 -16.2882 9
      vertex 39.0489 -16.9882 7.6
    endloop
  endfacet
  facet normal -1 0 0
    outer loop
      vertex -39.1 -16.6 4
      vertex -39.1 16.6 7.6
      vertex -39.1 16.6 4
    endloop
  endfacet
  facet normal -1 -0 0
    outer loop
      vertex -39.1 16.6 7.6
      vertex -39.1 -16.6 4
      vertex -39.1 -16.6 7.6
    endloop
  endfacet
  facet normal 0.537123 -0.843504 0
    outer loop
      vertex 38.35 -17.899 4
      vertex 38.4604 -17.8287 7.6
      vertex 38.35 -17.899 7.6
    endloop
  endfacet
  facet normal 0.537123 -0.843504 0
    outer loop
      vertex 38.4604 -17.8287 7.6
      vertex 38.35 -17.899 4
      vertex 38.4604 -17.8287 4
    endloop
  endfacet
  facet normal 0.601652 -0.552347 0.576999
    outer loop
      vertex 37.9606 -16.9606 9
      vertex 38.7491 -17.5642 7.6
      vertex 38.0491 -16.8642 9
    endloop
  endfacet
  facet normal 0.601652 -0.552347 0.576999
    outer loop
      vertex 38.7491 -17.5642 7.6
      vertex 37.9606 -16.9606 9
      vertex 38.6606 -17.6606 7.6
    endloop
  endfacet
  facet normal 0.894427 -0 0.447214
    outer loop
      vertex 38.4 -15.9 9
      vertex 39.1 16.6 7.6
      vertex 38.4 15.9 9
    endloop
  endfacet
  facet normal 0.894427 0 0.447214
    outer loop
      vertex 39.1 16.6 7.6
      vertex 38.4 -15.9 9
      vertex 39.1 -16.6 7.6
    endloop
  endfacet
  facet normal -0.843504 0.537123 0
    outer loop
      vertex -38.899 17.35 4
      vertex -38.8287 17.4604 7.6
      vertex -38.8287 17.4604 4
    endloop
  endfacet
  facet normal -0.843504 0.537123 0
    outer loop
      vertex -38.8287 17.4604 7.6
      vertex -38.899 17.35 4
      vertex -38.899 17.35 7.6
    endloop
  endfacet
  facet normal -0.382172 -0.924091 0
    outer loop
      vertex -38.2339 -17.9595 4
      vertex -38.113 -18.0095 7.6
      vertex -38.2339 -17.9595 7.6
    endloop
  endfacet
  facet normal -0.382172 -0.924091 -0
    outer loop
      vertex -38.113 -18.0095 7.6
      vertex -38.2339 -17.9595 4
      vertex -38.113 -18.0095 4
    endloop
  endfacet
  facet normal 0.255029 -0.807808 0.531419
    outer loop
      vertex 37.9882 -18.0489 7.6
      vertex 37.413 -17.3095 9
      vertex 37.2882 -17.3489 9
    endloop
  endfacet
  facet normal 0.255029 -0.807808 0.531419
    outer loop
      vertex 37.413 -17.3095 9
      vertex 37.9882 -18.0489 7.6
      vertex 38.113 -18.0095 7.6
    endloop
  endfacet
  facet normal 0.838533 0.18583 0.512181
    outer loop
      vertex 38.3489 16.2882 9
      vertex 39.0772 16.8605 7.6
      vertex 39.0489 16.9882 7.6
    endloop
  endfacet
  facet normal 0.838533 0.18583 0.512181
    outer loop
      vertex 39.0772 16.8605 7.6
      vertex 38.3489 16.2882 9
      vertex 38.3772 16.1605 9
    endloop
  endfacet
  facet normal 0 0.894427 0.447214
    outer loop
      vertex 37.6 18.1 7.6
      vertex -36.9 17.4 9
      vertex 36.9 17.4 9
    endloop
  endfacet
  facet normal 0 0.894427 0.447214
    outer loop
      vertex -36.9 17.4 9
      vertex 37.6 18.1 7.6
      vertex -37.6 18.1 7.6
    endloop
  endfacet
  facet normal -0.99905 0.0435699 0
    outer loop
      vertex -39.1 16.6 4
      vertex -39.0943 16.7307 7.6
      vertex -39.0943 16.7307 4
    endloop
  endfacet
  facet normal -0.99905 0.0435699 0
    outer loop
      vertex -39.0943 16.7307 7.6
      vertex -39.1 16.6 4
      vertex -39.1 16.6 7.6
    endloop
  endfacet
  facet normal -0.319971 0.773689 0.54683
    outer loop
      vertex -38.113 18.0095 7.6
      vertex -37.5339 17.2595 9
      vertex -37.413 17.3095 9
    endloop
  endfacet
  facet normal -0.319971 0.773689 0.54683
    outer loop
      vertex -37.5339 17.2595 9
      vertex -38.113 18.0095 7.6
      vertex -38.2339 17.9595 7.6
    endloop
  endfacet
  facet normal 0 -0.894427 0.447214
    outer loop
      vertex -37.6 -18.1 7.6
      vertex 36.9 -17.4 9
      vertex -36.9 -17.4 9
    endloop
  endfacet
  facet normal 0 -0.894427 0.447214
    outer loop
      vertex 36.9 -17.4 9
      vertex -37.6 -18.1 7.6
      vertex 37.6 -18.1 7.6
    endloop
  endfacet
  facet normal 0.130613 -0.991433 0
    outer loop
      vertex 37.7307 -18.0943 4
      vertex 37.8605 -18.0772 7.6
      vertex 37.7307 -18.0943 7.6
    endloop
  endfacet
  facet normal 0.130613 -0.991433 0
    outer loop
      vertex 37.8605 -18.0772 7.6
      vertex 37.7307 -18.0943 4
      vertex 37.8605 -18.0772 4
    endloop
  endfacet
  facet normal -0.216364 -0.976313 0
    outer loop
      vertex -37.9882 -18.0489 4
      vertex -37.8605 -18.0772 7.6
      vertex -37.9882 -18.0489 7.6
    endloop
  endfacet
  facet normal -0.216364 -0.976313 -0
    outer loop
      vertex -37.8605 -18.0772 7.6
      vertex -37.9882 -18.0489 4
      vertex -37.8605 -18.0772 4
    endloop
  endfacet
  facet normal -0.255029 -0.807808 0.531419
    outer loop
      vertex -37.9882 -18.0489 7.6
      vertex -37.413 -17.3095 9
      vertex -38.113 -18.0095 7.6
    endloop
  endfacet
  facet normal -0.255029 -0.807808 0.531419
    outer loop
      vertex -37.413 -17.3095 9
      vertex -37.9882 -18.0489 7.6
      vertex -37.2882 -17.3489 9
    endloop
  endfacet
  facet normal 0.807808 0.255029 0.531419
    outer loop
      vertex 38.3095 16.413 9
      vertex 39.0489 16.9882 7.6
      vertex 39.0095 17.113 7.6
    endloop
  endfacet
  facet normal 0.807808 0.255029 0.531419
    outer loop
      vertex 39.0489 16.9882 7.6
      vertex 38.3095 16.413 9
      vertex 38.3489 16.2882 9
    endloop
  endfacet
  facet normal 0.383124 -0.735217 0.559171
    outer loop
      vertex 38.2339 -17.9595 7.6
      vertex 37.65 -17.199 9
      vertex 37.5339 -17.2595 9
    endloop
  endfacet
  facet normal 0.383124 -0.735217 0.559171
    outer loop
      vertex 37.65 -17.199 9
      vertex 38.2339 -17.9595 7.6
      vertex 38.35 -17.899 7.6
    endloop
  endfacet
  facet normal 0.924091 0.382172 0
    outer loop
      vertex 39.0095 17.113 7.6
      vertex 38.9595 17.2339 4
      vertex 38.9595 17.2339 7.6
    endloop
  endfacet
  facet normal 0.924091 0.382172 0
    outer loop
      vertex 38.9595 17.2339 4
      vertex 39.0095 17.113 7.6
      vertex 39.0095 17.113 4
    endloop
  endfacet
  facet normal 0 -1 0
    outer loop
      vertex -37.6 -18.1 4
      vertex 37.6 -18.1 7.6
      vertex -37.6 -18.1 7.6
    endloop
  endfacet
  facet normal 0 -1 -0
    outer loop
      vertex 37.6 -18.1 7.6
      vertex -37.6 -18.1 4
      vertex 37.6 -18.1 4
    endloop
  endfacet
  facet normal -0.0435699 -0.99905 0
    outer loop
      vertex -37.7307 -18.0943 4
      vertex -37.6 -18.1 7.6
      vertex -37.7307 -18.0943 7.6
    endloop
  endfacet
  facet normal -0.0435699 -0.99905 -0
    outer loop
      vertex -37.6 -18.1 7.6
      vertex -37.7307 -18.0943 4
      vertex -37.6 -18.1 4
    endloop
  endfacet
  facet normal -0.301058 0.953606 0
    outer loop
      vertex -37.9882 18.0489 4
      vertex -38.113 18.0095 7.6
      vertex -37.9882 18.0489 7.6
    endloop
  endfacet
  facet normal -0.301058 0.953606 0
    outer loop
      vertex -38.113 18.0095 7.6
      vertex -37.9882 18.0489 4
      vertex -38.113 18.0095 4
    endloop
  endfacet
  facet normal -0.976313 -0.216364 0
    outer loop
      vertex -39.0489 -16.9882 4
      vertex -39.0772 -16.8605 7.6
      vertex -39.0772 -16.8605 4
    endloop
  endfacet
  facet normal -0.976313 -0.216364 0
    outer loop
      vertex -39.0772 -16.8605 7.6
      vertex -39.0489 -16.9882 4
      vertex -39.0489 -16.9882 7.6
    endloop
  endfacet
  facet normal -0.894427 0 0.447214
    outer loop
      vertex -39.1 16.6 7.6
      vertex -38.4 -15.9 9
      vertex -38.4 15.9 9
    endloop
  endfacet
  facet normal -0.894427 0 0.447214
    outer loop
      vertex -38.4 -15.9 9
      vertex -39.1 16.6 7.6
      vertex -39.1 -16.6 7.6
    endloop
  endfacet
  facet normal 0.676278 -0.736646 0
    outer loop
      vertex 38.5642 -17.7491 4
      vertex 38.6606 -17.6606 7.6
      vertex 38.5642 -17.7491 7.6
    endloop
  endfacet
  facet normal 0.676278 -0.736646 0
    outer loop
      vertex 38.6606 -17.6606 7.6
      vertex 38.5642 -17.7491 4
      vertex 38.6606 -17.6606 4
    endloop
  endfacet
  facet normal -0.838533 0.18583 0.512181
    outer loop
      vertex -39.0772 16.8605 7.6
      vertex -38.3489 16.2882 9
      vertex -39.0489 16.9882 7.6
    endloop
  endfacet
  facet normal -0.838533 0.18583 0.512181
    outer loop
      vertex -38.3489 16.2882 9
      vertex -39.0772 16.8605 7.6
      vertex -38.3772 16.1605 9
    endloop
  endfacet
  facet normal -0.69417 -0.44203 0.5681
    outer loop
      vertex -38.899 -17.35 7.6
      vertex -38.1287 -16.7604 9
      vertex -38.199 -16.65 9
    endloop
  endfacet
  facet normal -0.69417 -0.44203 0.5681
    outer loop
      vertex -38.1287 -16.7604 9
      vertex -38.899 -17.35 7.6
      vertex -38.8287 -17.4604 7.6
    endloop
  endfacet
  facet normal -0.885899 0.0386352 0.462267
    outer loop
      vertex -39.1 16.6 7.6
      vertex -38.3943 16.0307 9
      vertex -39.0943 16.7307 7.6
    endloop
  endfacet
  facet normal -0.885899 0.0386352 0.462267
    outer loop
      vertex -38.3943 16.0307 9
      vertex -39.1 16.6 7.6
      vertex -38.4 15.9 9
    endloop
  endfacet
  facet normal -0.807808 0.255029 0.531419
    outer loop
      vertex -39.0489 16.9882 7.6
      vertex -38.3095 16.413 9
      vertex -39.0095 17.113 7.6
    endloop
  endfacet
  facet normal -0.807808 0.255029 0.531419
    outer loop
      vertex -38.3095 16.413 9
      vertex -39.0489 16.9882 7.6
      vertex -38.3489 16.2882 9
    endloop
  endfacet
  facet normal -0.498284 0.649773 0.574028
    outer loop
      vertex -38.4604 17.8287 7.6
      vertex -37.8642 17.0491 9
      vertex -37.7604 17.1287 9
    endloop
  endfacet
  facet normal -0.498284 0.649773 0.574028
    outer loop
      vertex -37.8642 17.0491 9
      vertex -38.4604 17.8287 7.6
      vertex -38.5642 17.7491 7.6
    endloop
  endfacet
  facet normal -0.838533 -0.18583 0.512181
    outer loop
      vertex -39.0772 -16.8605 7.6
      vertex -38.3489 -16.2882 9
      vertex -38.3772 -16.1605 9
    endloop
  endfacet
  facet normal -0.838533 -0.18583 0.512181
    outer loop
      vertex -38.3489 -16.2882 9
      vertex -39.0772 -16.8605 7.6
      vertex -39.0489 -16.9882 7.6
    endloop
  endfacet
  facet normal -0.601652 -0.552347 0.576999
    outer loop
      vertex -38.7491 -17.5642 7.6
      vertex -37.9606 -16.9606 9
      vertex -38.0491 -16.8642 9
    endloop
  endfacet
  facet normal -0.601652 -0.552347 0.576999
    outer loop
      vertex -37.9606 -16.9606 9
      vertex -38.7491 -17.5642 7.6
      vertex -38.6606 -17.6606 7.6
    endloop
  endfacet
  facet normal 0.649773 0.498284 0.574028
    outer loop
      vertex 38.0491 16.8642 9
      vertex 38.8287 17.4604 7.6
      vertex 38.7491 17.5642 7.6
    endloop
  endfacet
  facet normal 0.649773 0.498284 0.574028
    outer loop
      vertex 38.8287 17.4604 7.6
      vertex 38.0491 16.8642 9
      vertex 38.1287 16.7604 9
    endloop
  endfacet
  facet normal 1 -0 0
    outer loop
      vertex 39.1 -16.6 7.6
      vertex 39.1 16.6 4
      vertex 39.1 16.6 7.6
    endloop
  endfacet
  facet normal 1 0 0
    outer loop
      vertex 39.1 16.6 4
      vertex 39.1 -16.6 7.6
      vertex 39.1 -16.6 4
    endloop
  endfacet
  facet normal -0.924091 0.382172 0
    outer loop
      vertex -39.0095 17.113 4
      vertex -38.9595 17.2339 7.6
      vertex -38.9595 17.2339 4
    endloop
  endfacet
  facet normal -0.924091 0.382172 0
    outer loop
      vertex -38.9595 17.2339 7.6
      vertex -39.0095 17.113 4
      vertex -39.0095 17.113 7.6
    endloop
  endfacet
  facet normal 0.99905 -0.0435699 0
    outer loop
      vertex 39.0943 -16.7307 7.6
      vertex 39.1 -16.6 4
      vertex 39.1 -16.6 7.6
    endloop
  endfacet
  facet normal 0.99905 -0.0435699 0
    outer loop
      vertex 39.1 -16.6 4
      vertex 39.0943 -16.7307 7.6
      vertex 39.0943 -16.7307 4
    endloop
  endfacet
  facet normal 0.864654 -0.113911 0.489282
    outer loop
      vertex 38.3772 -16.1605 9
      vertex 39.0943 -16.7307 7.6
      vertex 38.3943 -16.0307 9
    endloop
  endfacet
  facet normal 0.864654 -0.113911 0.489282
    outer loop
      vertex 39.0943 -16.7307 7.6
      vertex 38.3772 -16.1605 9
      vertex 39.0772 -16.8605 7.6
    endloop
  endfacet
  facet normal -0.216364 0.976313 0
    outer loop
      vertex -37.8605 18.0772 4
      vertex -37.9882 18.0489 7.6
      vertex -37.8605 18.0772 7.6
    endloop
  endfacet
  facet normal -0.216364 0.976313 0
    outer loop
      vertex -37.9882 18.0489 7.6
      vertex -37.8605 18.0772 4
      vertex -37.9882 18.0489 4
    endloop
  endfacet
  facet normal -0.793533 -0.608528 0
    outer loop
      vertex -38.7491 -17.5642 4
      vertex -38.8287 -17.4604 7.6
      vertex -38.8287 -17.4604 4
    endloop
  endfacet
  facet normal -0.793533 -0.608528 0
    outer loop
      vertex -38.8287 -17.4604 7.6
      vertex -38.7491 -17.5642 4
      vertex -38.7491 -17.5642 7.6
    endloop
  endfacet
  facet normal -0.113911 -0.864654 0.489282
    outer loop
      vertex -37.7307 -18.0943 7.6
      vertex -37.1605 -17.3772 9
      vertex -37.8605 -18.0772 7.6
    endloop
  endfacet
  facet normal -0.113911 -0.864654 0.489282
    outer loop
      vertex -37.1605 -17.3772 9
      vertex -37.7307 -18.0943 7.6
      vertex -37.0307 -17.3943 9
    endloop
  endfacet
  facet normal 0.18583 0.838533 0.512181
    outer loop
      vertex 37.8605 18.0772 7.6
      vertex 37.2882 17.3489 9
      vertex 37.9882 18.0489 7.6
    endloop
  endfacet
  facet normal 0.18583 0.838533 0.512181
    outer loop
      vertex 37.2882 17.3489 9
      vertex 37.8605 18.0772 7.6
      vertex 37.1605 17.3772 9
    endloop
  endfacet
  facet normal 0.885899 -0.0386352 0.462267
    outer loop
      vertex 38.3943 -16.0307 9
      vertex 39.1 -16.6 7.6
      vertex 38.4 -15.9 9
    endloop
  endfacet
  facet normal 0.885899 -0.0386352 0.462267
    outer loop
      vertex 39.1 -16.6 7.6
      vertex 38.3943 -16.0307 9
      vertex 39.0943 -16.7307 7.6
    endloop
  endfacet
  facet normal 0 1 -0
    outer loop
      vertex 37.6 18.1 4
      vertex -37.6 18.1 7.6
      vertex 37.6 18.1 7.6
    endloop
  endfacet
  facet normal 0 1 0
    outer loop
      vertex -37.6 18.1 7.6
      vertex 37.6 18.1 4
      vertex -37.6 18.1 4
    endloop
  endfacet
  facet normal 0.976313 0.216364 0
    outer loop
      vertex 39.0772 16.8605 7.6
      vertex 39.0489 16.9882 4
      vertex 39.0489 16.9882 7.6
    endloop
  endfacet
  facet normal 0.976313 0.216364 0
    outer loop
      vertex 39.0489 16.9882 4
      vertex 39.0772 16.8605 7.6
      vertex 39.0772 16.8605 4
    endloop
  endfacet
  facet normal 0.552347 0.601652 0.576999
    outer loop
      vertex 38.5642 17.7491 7.6
      vertex 37.9606 16.9606 9
      vertex 38.6606 17.6606 7.6
    endloop
  endfacet
  facet normal 0.552347 0.601652 0.576999
    outer loop
      vertex 37.9606 16.9606 9
      vertex 38.5642 17.7491 7.6
      vertex 37.8642 17.0491 9
    endloop
  endfacet
  facet normal 0.319971 -0.773689 0.54683
    outer loop
      vertex 38.113 -18.0095 7.6
      vertex 37.5339 -17.2595 9
      vertex 37.413 -17.3095 9
    endloop
  endfacet
  facet normal 0.319971 -0.773689 0.54683
    outer loop
      vertex 37.5339 -17.2595 9
      vertex 38.113 -18.0095 7.6
      vertex 38.2339 -17.9595 7.6
    endloop
  endfacet
  facet normal 0.649773 -0.498284 0.574028
    outer loop
      vertex 38.0491 -16.8642 9
      vertex 38.8287 -17.4604 7.6
      vertex 38.1287 -16.7604 9
    endloop
  endfacet
  facet normal 0.649773 -0.498284 0.574028
    outer loop
      vertex 38.8287 -17.4604 7.6
      vertex 38.0491 -16.8642 9
      vertex 38.7491 -17.5642 7.6
    endloop
  endfacet
  facet normal -0.552347 -0.601652 0.576999
    outer loop
      vertex -38.5642 -17.7491 7.6
      vertex -37.9606 -16.9606 9
      vertex -38.6606 -17.6606 7.6
    endloop
  endfacet
  facet normal -0.552347 -0.601652 0.576999
    outer loop
      vertex -37.9606 -16.9606 9
      vertex -38.5642 -17.7491 7.6
      vertex -37.8642 -17.0491 9
    endloop
  endfacet
  facet normal 0.69417 -0.44203 0.5681
    outer loop
      vertex 38.1287 -16.7604 9
      vertex 38.899 -17.35 7.6
      vertex 38.199 -16.65 9
    endloop
  endfacet
  facet normal 0.69417 -0.44203 0.5681
    outer loop
      vertex 38.899 -17.35 7.6
      vertex 38.1287 -16.7604 9
      vertex 38.8287 -17.4604 7.6
    endloop
  endfacet
  facet normal -0.773689 -0.319971 0.54683
    outer loop
      vertex -39.0095 -17.113 7.6
      vertex -38.2595 -16.5339 9
      vertex -38.3095 -16.413 9
    endloop
  endfacet
  facet normal -0.773689 -0.319971 0.54683
    outer loop
      vertex -38.2595 -16.5339 9
      vertex -39.0095 -17.113 7.6
      vertex -38.9595 -17.2339 7.6
    endloop
  endfacet
  facet normal 0.301058 -0.953606 0
    outer loop
      vertex 37.9882 -18.0489 4
      vertex 38.113 -18.0095 7.6
      vertex 37.9882 -18.0489 7.6
    endloop
  endfacet
  facet normal 0.301058 -0.953606 0
    outer loop
      vertex 38.113 -18.0095 7.6
      vertex 37.9882 -18.0489 4
      vertex 38.113 -18.0095 4
    endloop
  endfacet
  facet normal 0.735217 -0.383124 0.559171
    outer loop
      vertex 38.199 -16.65 9
      vertex 38.9595 -17.2339 7.6
      vertex 38.2595 -16.5339 9
    endloop
  endfacet
  facet normal 0.735217 -0.383124 0.559171
    outer loop
      vertex 38.9595 -17.2339 7.6
      vertex 38.199 -16.65 9
      vertex 38.899 -17.35 7.6
    endloop
  endfacet
  facet normal -0.924091 -0.382172 0
    outer loop
      vertex -38.9595 -17.2339 4
      vertex -39.0095 -17.113 7.6
      vertex -39.0095 -17.113 4
    endloop
  endfacet
  facet normal -0.924091 -0.382172 0
    outer loop
      vertex -39.0095 -17.113 7.6
      vertex -38.9595 -17.2339 4
      vertex -38.9595 -17.2339 7.6
    endloop
  endfacet
  facet normal -0.99905 -0.0435699 0
    outer loop
      vertex -39.0943 -16.7307 4
      vertex -39.1 -16.6 7.6
      vertex -39.1 -16.6 4
    endloop
  endfacet
  facet normal -0.99905 -0.0435699 0
    outer loop
      vertex -39.1 -16.6 7.6
      vertex -39.0943 -16.7307 4
      vertex -39.0943 -16.7307 7.6
    endloop
  endfacet
  facet normal -0.130613 -0.991433 0
    outer loop
      vertex -37.8605 -18.0772 4
      vertex -37.7307 -18.0943 7.6
      vertex -37.8605 -18.0772 7.6
    endloop
  endfacet
  facet normal -0.130613 -0.991433 -0
    outer loop
      vertex -37.7307 -18.0943 7.6
      vertex -37.8605 -18.0772 4
      vertex -37.7307 -18.0943 4
    endloop
  endfacet
  facet normal -0.886816 0.462122 0
    outer loop
      vertex -38.9595 17.2339 4
      vertex -38.899 17.35 7.6
      vertex -38.899 17.35 4
    endloop
  endfacet
  facet normal -0.886816 0.462122 0
    outer loop
      vertex -38.899 17.35 7.6
      vertex -38.9595 17.2339 4
      vertex -38.9595 17.2339 7.6
    endloop
  endfacet
  facet normal 0.773689 0.319971 0.54683
    outer loop
      vertex 38.2595 16.5339 9
      vertex 39.0095 17.113 7.6
      vertex 38.9595 17.2339 7.6
    endloop
  endfacet
  facet normal 0.773689 0.319971 0.54683
    outer loop
      vertex 39.0095 17.113 7.6
      vertex 38.2595 16.5339 9
      vertex 38.3095 16.413 9
    endloop
  endfacet
  facet normal 0.18583 -0.838533 0.512181
    outer loop
      vertex 37.8605 -18.0772 7.6
      vertex 37.2882 -17.3489 9
      vertex 37.1605 -17.3772 9
    endloop
  endfacet
  facet normal 0.18583 -0.838533 0.512181
    outer loop
      vertex 37.2882 -17.3489 9
      vertex 37.8605 -18.0772 7.6
      vertex 37.9882 -18.0489 7.6
    endloop
  endfacet
  facet normal 0.44203 0.69417 0.5681
    outer loop
      vertex 38.35 17.899 7.6
      vertex 37.7604 17.1287 9
      vertex 38.4604 17.8287 7.6
    endloop
  endfacet
  facet normal 0.44203 0.69417 0.5681
    outer loop
      vertex 37.7604 17.1287 9
      vertex 38.35 17.899 7.6
      vertex 37.65 17.199 9
    endloop
  endfacet
  facet normal -0.885899 -0.0386352 0.462267
    outer loop
      vertex -39.1 -16.6 7.6
      vertex -38.3943 -16.0307 9
      vertex -38.4 -15.9 9
    endloop
  endfacet
  facet normal -0.885899 -0.0386352 0.462267
    outer loop
      vertex -38.3943 -16.0307 9
      vertex -39.1 -16.6 7.6
      vertex -39.0943 -16.7307 7.6
    endloop
  endfacet
  facet normal -0.18583 0.838533 0.512181
    outer loop
      vertex -37.8605 18.0772 7.6
      vertex -37.2882 17.3489 9
      vertex -37.1605 17.3772 9
    endloop
  endfacet
  facet normal -0.18583 0.838533 0.512181
    outer loop
      vertex -37.2882 17.3489 9
      vertex -37.8605 18.0772 7.6
      vertex -37.9882 18.0489 7.6
    endloop
  endfacet
  facet normal -0.383124 -0.735217 0.559171
    outer loop
      vertex -38.2339 -17.9595 7.6
      vertex -37.65 -17.199 9
      vertex -38.35 -17.899 7.6
    endloop
  endfacet
  facet normal -0.383124 -0.735217 0.559171
    outer loop
      vertex -37.65 -17.199 9
      vertex -38.2339 -17.9595 7.6
      vertex -37.5339 -17.2595 9
    endloop
  endfacet
  facet normal 0.216364 -0.976313 0
    outer loop
      vertex 37.8605 -18.0772 4
      vertex 37.9882 -18.0489 7.6
      vertex 37.8605 -18.0772 7.6
    endloop
  endfacet
  facet normal 0.216364 -0.976313 0
    outer loop
      vertex 37.9882 -18.0489 7.6
      vertex 37.8605 -18.0772 4
      vertex 37.9882 -18.0489 4
    endloop
  endfacet
  facet normal 0.953606 0.301058 0
    outer loop
      vertex 39.0489 16.9882 7.6
      vertex 39.0095 17.113 4
      vertex 39.0095 17.113 7.6
    endloop
  endfacet
  facet normal 0.953606 0.301058 0
    outer loop
      vertex 39.0095 17.113 4
      vertex 39.0489 16.9882 7.6
      vertex 39.0489 16.9882 4
    endloop
  endfacet
  facet normal -0.676278 0.736646 0
    outer loop
      vertex -38.5642 17.7491 4
      vertex -38.6606 17.6606 7.6
      vertex -38.5642 17.7491 7.6
    endloop
  endfacet
  facet normal -0.676278 0.736646 0
    outer loop
      vertex -38.6606 17.6606 7.6
      vertex -38.5642 17.7491 4
      vertex -38.6606 17.6606 4
    endloop
  endfacet
  facet normal -0.44203 -0.69417 0.5681
    outer loop
      vertex -38.35 -17.899 7.6
      vertex -37.7604 -17.1287 9
      vertex -38.4604 -17.8287 7.6
    endloop
  endfacet
  facet normal -0.44203 -0.69417 0.5681
    outer loop
      vertex -37.7604 -17.1287 9
      vertex -38.35 -17.899 7.6
      vertex -37.65 -17.199 9
    endloop
  endfacet
  facet normal 0.0435699 0.99905 -0
    outer loop
      vertex 37.7307 18.0943 4
      vertex 37.6 18.1 7.6
      vertex 37.7307 18.0943 7.6
    endloop
  endfacet
  facet normal 0.0435699 0.99905 0
    outer loop
      vertex 37.6 18.1 7.6
      vertex 37.7307 18.0943 4
      vertex 37.6 18.1 4
    endloop
  endfacet
  facet normal 0.44203 -0.69417 0.5681
    outer loop
      vertex 38.35 -17.899 7.6
      vertex 37.7604 -17.1287 9
      vertex 37.65 -17.199 9
    endloop
  endfacet
  facet normal 0.44203 -0.69417 0.5681
    outer loop
      vertex 37.7604 -17.1287 9
      vertex 38.35 -17.899 7.6
      vertex 38.4604 -17.8287 7.6
    endloop
  endfacet
  facet normal 0.552347 -0.601652 0.576999
    outer loop
      vertex 38.5642 -17.7491 7.6
      vertex 37.9606 -16.9606 9
      vertex 37.8642 -17.0491 9
    endloop
  endfacet
  facet normal 0.552347 -0.601652 0.576999
    outer loop
      vertex 37.9606 -16.9606 9
      vertex 38.5642 -17.7491 7.6
      vertex 38.6606 -17.6606 7.6
    endloop
  endfacet
  facet normal -0.319971 -0.773689 0.54683
    outer loop
      vertex -38.113 -18.0095 7.6
      vertex -37.5339 -17.2595 9
      vertex -38.2339 -17.9595 7.6
    endloop
  endfacet
  facet normal -0.319971 -0.773689 0.54683
    outer loop
      vertex -37.5339 -17.2595 9
      vertex -38.113 -18.0095 7.6
      vertex -37.413 -17.3095 9
    endloop
  endfacet
  facet normal -0.18583 -0.838533 0.512181
    outer loop
      vertex -37.8605 -18.0772 7.6
      vertex -37.2882 -17.3489 9
      vertex -37.9882 -18.0489 7.6
    endloop
  endfacet
  facet normal -0.18583 -0.838533 0.512181
    outer loop
      vertex -37.2882 -17.3489 9
      vertex -37.8605 -18.0772 7.6
      vertex -37.1605 -17.3772 9
    endloop
  endfacet
  facet normal -0.976313 0.216364 0
    outer loop
      vertex -39.0772 16.8605 4
      vertex -39.0489 16.9882 7.6
      vertex -39.0489 16.9882 4
    endloop
  endfacet
  facet normal -0.976313 0.216364 0
    outer loop
      vertex -39.0489 16.9882 7.6
      vertex -39.0772 16.8605 4
      vertex -39.0772 16.8605 7.6
    endloop
  endfacet
  facet normal 0.924091 -0.382172 0
    outer loop
      vertex 38.9595 -17.2339 7.6
      vertex 39.0095 -17.113 4
      vertex 39.0095 -17.113 7.6
    endloop
  endfacet
  facet normal 0.924091 -0.382172 0
    outer loop
      vertex 39.0095 -17.113 4
      vertex 38.9595 -17.2339 7.6
      vertex 38.9595 -17.2339 4
    endloop
  endfacet
  facet normal 0.843504 -0.537123 0
    outer loop
      vertex 38.8287 -17.4604 7.6
      vertex 38.899 -17.35 4
      vertex 38.899 -17.35 7.6
    endloop
  endfacet
  facet normal 0.843504 -0.537123 0
    outer loop
      vertex 38.899 -17.35 4
      vertex 38.8287 -17.4604 7.6
      vertex 38.8287 -17.4604 4
    endloop
  endfacet
  facet normal 0.991433 -0.130613 0
    outer loop
      vertex 39.0772 -16.8605 7.6
      vertex 39.0943 -16.7307 4
      vertex 39.0943 -16.7307 7.6
    endloop
  endfacet
  facet normal 0.991433 -0.130613 0
    outer loop
      vertex 39.0943 -16.7307 4
      vertex 39.0772 -16.8605 7.6
      vertex 39.0772 -16.8605 4
    endloop
  endfacet
  facet normal -0.255029 0.807808 0.531419
    outer loop
      vertex -37.9882 18.0489 7.6
      vertex -37.413 17.3095 9
      vertex -37.2882 17.3489 9
    endloop
  endfacet
  facet normal -0.255029 0.807808 0.531419
    outer loop
      vertex -37.413 17.3095 9
      vertex -37.9882 18.0489 7.6
      vertex -38.113 18.0095 7.6
    endloop
  endfacet
  facet normal 0.736646 -0.676278 0
    outer loop
      vertex 38.6606 -17.6606 7.6
      vertex 38.7491 -17.5642 4
      vertex 38.7491 -17.5642 7.6
    endloop
  endfacet
  facet normal 0.736646 -0.676278 0
    outer loop
      vertex 38.7491 -17.5642 4
      vertex 38.6606 -17.6606 7.6
      vertex 38.6606 -17.6606 4
    endloop
  endfacet
  facet normal -0.991433 0.130613 0
    outer loop
      vertex -39.0943 16.7307 4
      vertex -39.0772 16.8605 7.6
      vertex -39.0772 16.8605 4
    endloop
  endfacet
  facet normal -0.991433 0.130613 0
    outer loop
      vertex -39.0772 16.8605 7.6
      vertex -39.0943 16.7307 4
      vertex -39.0943 16.7307 7.6
    endloop
  endfacet
  facet normal -0.0386352 -0.885899 0.462267
    outer loop
      vertex -37.6 -18.1 7.6
      vertex -37.0307 -17.3943 9
      vertex -37.7307 -18.0943 7.6
    endloop
  endfacet
  facet normal -0.0386352 -0.885899 0.462267
    outer loop
      vertex -37.0307 -17.3943 9
      vertex -37.6 -18.1 7.6
      vertex -36.9 -17.4 9
    endloop
  endfacet
  facet normal 0.601652 0.552347 0.576999
    outer loop
      vertex 37.9606 16.9606 9
      vertex 38.7491 17.5642 7.6
      vertex 38.6606 17.6606 7.6
    endloop
  endfacet
  facet normal 0.601652 0.552347 0.576999
    outer loop
      vertex 38.7491 17.5642 7.6
      vertex 37.9606 16.9606 9
      vertex 38.0491 16.8642 9
    endloop
  endfacet
  facet normal 0.843504 0.537123 0
    outer loop
      vertex 38.899 17.35 7.6
      vertex 38.8287 17.4604 4
      vertex 38.8287 17.4604 7.6
    endloop
  endfacet
  facet normal 0.843504 0.537123 0
    outer loop
      vertex 38.8287 17.4604 4
      vertex 38.899 17.35 7.6
      vertex 38.899 17.35 4
    endloop
  endfacet
  facet normal -0.886816 -0.462122 0
    outer loop
      vertex -38.899 -17.35 4
      vertex -38.9595 -17.2339 7.6
      vertex -38.9595 -17.2339 4
    endloop
  endfacet
  facet normal -0.886816 -0.462122 0
    outer loop
      vertex -38.9595 -17.2339 7.6
      vertex -38.899 -17.35 4
      vertex -38.899 -17.35 7.6
    endloop
  endfacet
  facet normal 0.991433 0.130613 0
    outer loop
      vertex 39.0943 16.7307 7.6
      vertex 39.0772 16.8605 4
      vertex 39.0772 16.8605 7.6
    endloop
  endfacet
  facet normal 0.991433 0.130613 0
    outer loop
      vertex 39.0772 16.8605 4
      vertex 39.0943 16.7307 7.6
      vertex 39.0943 16.7307 4
    endloop
  endfacet
  facet normal -0.953606 0.301058 0
    outer loop
      vertex -39.0489 16.9882 4
      vertex -39.0095 17.113 7.6
      vertex -39.0095 17.113 4
    endloop
  endfacet
  facet normal -0.953606 0.301058 0
    outer loop
      vertex -39.0095 17.113 7.6
      vertex -39.0489 16.9882 4
      vertex -39.0489 16.9882 7.6
    endloop
  endfacet
  facet normal -0.991433 -0.130613 0
    outer loop
      vertex -39.0772 -16.8605 4
      vertex -39.0943 -16.7307 7.6
      vertex -39.0943 -16.7307 4
    endloop
  endfacet
  facet normal -0.991433 -0.130613 0
    outer loop
      vertex -39.0943 -16.7307 7.6
      vertex -39.0772 -16.8605 4
      vertex -39.0772 -16.8605 7.6
    endloop
  endfacet
  facet normal -0.382172 0.924091 0
    outer loop
      vertex -38.113 18.0095 4
      vertex -38.2339 17.9595 7.6
      vertex -38.113 18.0095 7.6
    endloop
  endfacet
  facet normal -0.382172 0.924091 0
    outer loop
      vertex -38.2339 17.9595 7.6
      vertex -38.113 18.0095 4
      vertex -38.2339 17.9595 4
    endloop
  endfacet
  facet normal -0.649773 0.498284 0.574028
    outer loop
      vertex -38.8287 17.4604 7.6
      vertex -38.0491 16.8642 9
      vertex -38.7491 17.5642 7.6
    endloop
  endfacet
  facet normal -0.649773 0.498284 0.574028
    outer loop
      vertex -38.0491 16.8642 9
      vertex -38.8287 17.4604 7.6
      vertex -38.1287 16.7604 9
    endloop
  endfacet
  facet normal -0.130613 0.991433 0
    outer loop
      vertex -37.7307 18.0943 4
      vertex -37.8605 18.0772 7.6
      vertex -37.7307 18.0943 7.6
    endloop
  endfacet
  facet normal -0.130613 0.991433 0
    outer loop
      vertex -37.8605 18.0772 7.6
      vertex -37.7307 18.0943 4
      vertex -37.8605 18.0772 4
    endloop
  endfacet
  facet normal 0.0435699 -0.99905 0
    outer loop
      vertex 37.6 -18.1 4
      vertex 37.7307 -18.0943 7.6
      vertex 37.6 -18.1 7.6
    endloop
  endfacet
  facet normal 0.0435699 -0.99905 0
    outer loop
      vertex 37.7307 -18.0943 7.6
      vertex 37.6 -18.1 4
      vertex 37.7307 -18.0943 4
    endloop
  endfacet
  facet normal 0.676278 0.736646 -0
    outer loop
      vertex 38.6606 17.6606 4
      vertex 38.5642 17.7491 7.6
      vertex 38.6606 17.6606 7.6
    endloop
  endfacet
  facet normal 0.676278 0.736646 0
    outer loop
      vertex 38.5642 17.7491 7.6
      vertex 38.6606 17.6606 4
      vertex 38.5642 17.7491 4
    endloop
  endfacet
  facet normal -0.537123 -0.843504 0
    outer loop
      vertex -38.4604 -17.8287 4
      vertex -38.35 -17.899 7.6
      vertex -38.4604 -17.8287 7.6
    endloop
  endfacet
  facet normal -0.537123 -0.843504 -0
    outer loop
      vertex -38.35 -17.899 7.6
      vertex -38.4604 -17.8287 4
      vertex -38.35 -17.899 4
    endloop
  endfacet
  facet normal -0.552347 0.601652 0.576999
    outer loop
      vertex -38.5642 17.7491 7.6
      vertex -37.9606 16.9606 9
      vertex -37.8642 17.0491 9
    endloop
  endfacet
  facet normal -0.552347 0.601652 0.576999
    outer loop
      vertex -37.9606 16.9606 9
      vertex -38.5642 17.7491 7.6
      vertex -38.6606 17.6606 7.6
    endloop
  endfacet
  facet normal 0.793533 0.608528 0
    outer loop
      vertex 38.8287 17.4604 7.6
      vertex 38.7491 17.5642 4
      vertex 38.7491 17.5642 7.6
    endloop
  endfacet
  facet normal 0.793533 0.608528 0
    outer loop
      vertex 38.7491 17.5642 4
      vertex 38.8287 17.4604 7.6
      vertex 38.8287 17.4604 4
    endloop
  endfacet
  facet normal 0.807808 -0.255029 0.531419
    outer loop
      vertex 38.3095 -16.413 9
      vertex 39.0489 -16.9882 7.6
      vertex 38.3489 -16.2882 9
    endloop
  endfacet
  facet normal 0.807808 -0.255029 0.531419
    outer loop
      vertex 39.0489 -16.9882 7.6
      vertex 38.3095 -16.413 9
      vertex 39.0095 -17.113 7.6
    endloop
  endfacet
  facet normal 0.301058 0.953606 -0
    outer loop
      vertex 38.113 18.0095 4
      vertex 37.9882 18.0489 7.6
      vertex 38.113 18.0095 7.6
    endloop
  endfacet
  facet normal 0.301058 0.953606 0
    outer loop
      vertex 37.9882 18.0489 7.6
      vertex 38.113 18.0095 4
      vertex 37.9882 18.0489 4
    endloop
  endfacet
  facet normal 0.498284 -0.649773 0.574028
    outer loop
      vertex 38.4604 -17.8287 7.6
      vertex 37.8642 -17.0491 9
      vertex 37.7604 -17.1287 9
    endloop
  endfacet
  facet normal 0.498284 -0.649773 0.574028
    outer loop
      vertex 37.8642 -17.0491 9
      vertex 38.4604 -17.8287 7.6
      vertex 38.5642 -17.7491 7.6
    endloop
  endfacet
  facet normal 0.255029 0.807808 0.531419
    outer loop
      vertex 37.9882 18.0489 7.6
      vertex 37.413 17.3095 9
      vertex 38.113 18.0095 7.6
    endloop
  endfacet
  facet normal 0.255029 0.807808 0.531419
    outer loop
      vertex 37.413 17.3095 9
      vertex 37.9882 18.0489 7.6
      vertex 37.2882 17.3489 9
    endloop
  endfacet
  facet normal -0.864654 0.113911 0.489282
    outer loop
      vertex -39.0943 16.7307 7.6
      vertex -38.3772 16.1605 9
      vertex -39.0772 16.8605 7.6
    endloop
  endfacet
  facet normal -0.864654 0.113911 0.489282
    outer loop
      vertex -38.3772 16.1605 9
      vertex -39.0943 16.7307 7.6
      vertex -38.3943 16.0307 9
    endloop
  endfacet
  facet normal 0.608528 -0.793533 0
    outer loop
      vertex 38.4604 -17.8287 4
      vertex 38.5642 -17.7491 7.6
      vertex 38.4604 -17.8287 7.6
    endloop
  endfacet
  facet normal 0.608528 -0.793533 0
    outer loop
      vertex 38.5642 -17.7491 7.6
      vertex 38.4604 -17.8287 4
      vertex 38.5642 -17.7491 4
    endloop
  endfacet
  facet normal 0.113911 0.864654 0.489282
    outer loop
      vertex 37.7307 18.0943 7.6
      vertex 37.1605 17.3772 9
      vertex 37.8605 18.0772 7.6
    endloop
  endfacet
  facet normal 0.113911 0.864654 0.489282
    outer loop
      vertex 37.1605 17.3772 9
      vertex 37.7307 18.0943 7.6
      vertex 37.0307 17.3943 9
    endloop
  endfacet
  facet normal -0.537123 0.843504 0
    outer loop
      vertex -38.35 17.899 4
      vertex -38.4604 17.8287 7.6
      vertex -38.35 17.899 7.6
    endloop
  endfacet
  facet normal -0.537123 0.843504 0
    outer loop
      vertex -38.4604 17.8287 7.6
      vertex -38.35 17.899 4
      vertex -38.4604 17.8287 4
    endloop
  endfacet
  facet normal -0.793533 0.608528 0
    outer loop
      vertex -38.8287 17.4604 4
      vertex -38.7491 17.5642 7.6
      vertex -38.7491 17.5642 4
    endloop
  endfacet
  facet normal -0.793533 0.608528 0
    outer loop
      vertex -38.7491 17.5642 7.6
      vertex -38.8287 17.4604 4
      vertex -38.8287 17.4604 7.6
    endloop
  endfacet
  facet normal 0.99905 0.0435699 0
    outer loop
      vertex 39.1 16.6 7.6
      vertex 39.0943 16.7307 4
      vertex 39.0943 16.7307 7.6
    endloop
  endfacet
  facet normal 0.99905 0.0435699 0
    outer loop
      vertex 39.0943 16.7307 4
      vertex 39.1 16.6 7.6
      vertex 39.1 16.6 4
    endloop
  endfacet
  facet normal 0.736646 0.676278 0
    outer loop
      vertex 38.7491 17.5642 7.6
      vertex 38.6606 17.6606 4
      vertex 38.6606 17.6606 7.6
    endloop
  endfacet
  facet normal 0.736646 0.676278 0
    outer loop
      vertex 38.6606 17.6606 4
      vertex 38.7491 17.5642 7.6
      vertex 38.7491 17.5642 4
    endloop
  endfacet
  facet normal -0.113911 0.864654 0.489282
    outer loop
      vertex -37.7307 18.0943 7.6
      vertex -37.1605 17.3772 9
      vertex -37.0307 17.3943 9
    endloop
  endfacet
  facet normal -0.113911 0.864654 0.489282
    outer loop
      vertex -37.1605 17.3772 9
      vertex -37.7307 18.0943 7.6
      vertex -37.8605 18.0772 7.6
    endloop
  endfacet
  facet normal 0.773689 -0.319971 0.54683
    outer loop
      vertex 38.2595 -16.5339 9
      vertex 39.0095 -17.113 7.6
      vertex 38.3095 -16.413 9
    endloop
  endfacet
  facet normal 0.773689 -0.319971 0.54683
    outer loop
      vertex 39.0095 -17.113 7.6
      vertex 38.2595 -16.5339 9
      vertex 38.9595 -17.2339 7.6
    endloop
  endfacet
  facet normal 0.793533 -0.608528 0
    outer loop
      vertex 38.7491 -17.5642 7.6
      vertex 38.8287 -17.4604 4
      vertex 38.8287 -17.4604 7.6
    endloop
  endfacet
  facet normal 0.793533 -0.608528 0
    outer loop
      vertex 38.8287 -17.4604 4
      vertex 38.7491 -17.5642 7.6
      vertex 38.7491 -17.5642 4
    endloop
  endfacet
  facet normal -0.736646 0.676278 0
    outer loop
      vertex -38.7491 17.5642 4
      vertex -38.6606 17.6606 7.6
      vertex -38.6606 17.6606 4
    endloop
  endfacet
  facet normal -0.736646 0.676278 0
    outer loop
      vertex -38.6606 17.6606 7.6
      vertex -38.7491 17.5642 4
      vertex -38.7491 17.5642 7.6
    endloop
  endfacet
  facet normal 0.976313 -0.216364 0
    outer loop
      vertex 39.0489 -16.9882 7.6
      vertex 39.0772 -16.8605 4
      vertex 39.0772 -16.8605 7.6
    endloop
  endfacet
  facet normal 0.976313 -0.216364 0
    outer loop
      vertex 39.0772 -16.8605 4
      vertex 39.0489 -16.9882 7.6
      vertex 39.0489 -16.9882 4
    endloop
  endfacet
  facet normal 0.864654 0.113911 0.489282
    outer loop
      vertex 38.3772 16.1605 9
      vertex 39.0943 16.7307 7.6
      vertex 39.0772 16.8605 7.6
    endloop
  endfacet
  facet normal 0.864654 0.113911 0.489282
    outer loop
      vertex 39.0943 16.7307 7.6
      vertex 38.3772 16.1605 9
      vertex 38.3943 16.0307 9
    endloop
  endfacet
  facet normal -0.44203 0.69417 0.5681
    outer loop
      vertex -38.35 17.899 7.6
      vertex -37.7604 17.1287 9
      vertex -37.65 17.199 9
    endloop
  endfacet
  facet normal -0.44203 0.69417 0.5681
    outer loop
      vertex -37.7604 17.1287 9
      vertex -38.35 17.899 7.6
      vertex -38.4604 17.8287 7.6
    endloop
  endfacet
  facet normal -0.735217 0.383124 0.559171
    outer loop
      vertex -38.9595 17.2339 7.6
      vertex -38.199 16.65 9
      vertex -38.899 17.35 7.6
    endloop
  endfacet
  facet normal -0.735217 0.383124 0.559171
    outer loop
      vertex -38.199 16.65 9
      vertex -38.9595 17.2339 7.6
      vertex -38.2595 16.5339 9
    endloop
  endfacet
  facet normal 0.886816 0.462122 0
    outer loop
      vertex 38.9595 17.2339 7.6
      vertex 38.899 17.35 4
      vertex 38.899 17.35 7.6
    endloop
  endfacet
  facet normal 0.886816 0.462122 0
    outer loop
      vertex 38.899 17.35 4
      vertex 38.9595 17.2339 7.6
      vertex 38.9595 17.2339 4
    endloop
  endfacet
  facet normal 0.735217 0.383124 0.559171
    outer loop
      vertex 38.199 16.65 9
      vertex 38.9595 17.2339 7.6
      vertex 38.899 17.35 7.6
    endloop
  endfacet
  facet normal 0.735217 0.383124 0.559171
    outer loop
      vertex 38.9595 17.2339 7.6
      vertex 38.199 16.65 9
      vertex 38.2595 16.5339 9
    endloop
  endfacet
  facet normal -0.807808 -0.255029 0.531419
    outer loop
      vertex -39.0489 -16.9882 7.6
      vertex -38.3095 -16.413 9
      vertex -38.3489 -16.2882 9
    endloop
  endfacet
  facet normal -0.807808 -0.255029 0.531419
    outer loop
      vertex -38.3095 -16.413 9
      vertex -39.0489 -16.9882 7.6
      vertex -39.0095 -17.113 7.6
    endloop
  endfacet
  facet normal 0 0 1
    outer loop
      vertex 38.4 15.9 9
      vertex 36.8969 15.1697 9
      vertex 36.9 15.1 9
    endloop
  endfacet
  facet normal 0 0 1
    outer loop
      vertex 37.0307 17.3943 9
      vertex 36.8878 15.2389 9
      vertex 36.8969 15.1697 9
    endloop
  endfacet
  facet normal 0 0 1
    outer loop
      vertex 37.0307 17.3943 9
      vertex 36.8727 15.3071 9
      vertex 36.8878 15.2389 9
    endloop
  endfacet
  facet normal 0 0 1
    outer loop
      vertex 37.0307 17.3943 9
      vertex 36.8517 15.3736 9
      vertex 36.8727 15.3071 9
    endloop
  endfacet
  facet normal 0 0 1
    outer loop
      vertex 37.0307 17.3943 9
      vertex 36.825 15.4381 9
      vertex 36.8517 15.3736 9
    endloop
  endfacet
  facet normal 0 0 1
    outer loop
      vertex 37.0307 17.3943 9
      vertex 36.7928 15.5 9
      vertex 36.825 15.4381 9
    endloop
  endfacet
  facet normal 0 0 1
    outer loop
      vertex 37.0307 17.3943 9
      vertex 36.7553 15.5589 9
      vertex 36.7928 15.5 9
    endloop
  endfacet
  facet normal 0 0 1
    outer loop
      vertex 37.0307 17.3943 9
      vertex 36.7128 15.6142 9
      vertex 36.7553 15.5589 9
    endloop
  endfacet
  facet normal 0 0 1
    outer loop
      vertex 37.0307 17.3943 9
      vertex 36.6657 15.6657 9
      vertex 36.7128 15.6142 9
    endloop
  endfacet
  facet normal 0 0 1
    outer loop
      vertex 37.0307 17.3943 9
      vertex 36.6142 15.7128 9
      vertex 36.6657 15.6657 9
    endloop
  endfacet
  facet normal 0 0 1
    outer loop
      vertex 37.0307 17.3943 9
      vertex 36.5589 15.7553 9
      vertex 36.6142 15.7128 9
    endloop
  endfacet
  facet normal 0 0 1
    outer loop
      vertex 37.0307 17.3943 9
      vertex 36.5 15.7928 9
      vertex 36.5589 15.7553 9
    endloop
  endfacet
  facet normal 0 0 1
    outer loop
      vertex 36.9 17.4 9
      vertex 36.4381 15.825 9
      vertex 36.5 15.7928 9
    endloop
  endfacet
  facet normal 0 0 1
    outer loop
      vertex 36.9 17.4 9
      vertex 36.3736 15.8517 9
      vertex 36.4381 15.825 9
    endloop
  endfacet
  facet normal 0 0 1
    outer loop
      vertex 36.9 17.4 9
      vertex 36.3071 15.8727 9
      vertex 36.3736 15.8517 9
    endloop
  endfacet
  facet normal 0 0 1
    outer loop
      vertex 36.9 17.4 9
      vertex 36.2389 15.8878 9
      vertex 36.3071 15.8727 9
    endloop
  endfacet
  facet normal 0 0 1
    outer loop
      vertex 36.9 17.4 9
      vertex 36.1697 15.8969 9
      vertex 36.2389 15.8878 9
    endloop
  endfacet
  facet normal 0 0 1
    outer loop
      vertex 36.9 17.4 9
      vertex 36.1 15.9 9
      vertex 36.1697 15.8969 9
    endloop
  endfacet
  facet normal 0 0 1
    outer loop
      vertex 36.9 17.4 9
      vertex -36.1 15.9 9
      vertex 36.1 15.9 9
    endloop
  endfacet
  facet normal -0 0 1
    outer loop
      vertex -36.9 17.4 9
      vertex -36.1 15.9 9
      vertex 36.9 17.4 9
    endloop
  endfacet
  facet normal 0 0 1
    outer loop
      vertex -36.9 17.4 9
      vertex -36.1697 15.8969 9
      vertex -36.1 15.9 9
    endloop
  endfacet
  facet normal 0 0 1
    outer loop
      vertex -36.9 17.4 9
      vertex -36.2389 15.8878 9
      vertex -36.1697 15.8969 9
    endloop
  endfacet
  facet normal 0 0 1
    outer loop
      vertex -36.9 17.4 9
      vertex -36.3071 15.8727 9
      vertex -36.2389 15.8878 9
    endloop
  endfacet
  facet normal 0 0 1
    outer loop
      vertex -36.9 17.4 9
      vertex -36.3736 15.8517 9
      vertex -36.3071 15.8727 9
    endloop
  endfacet
  facet normal 0 0 1
    outer loop
      vertex -36.9 17.4 9
      vertex -36.4381 15.825 9
      vertex -36.3736 15.8517 9
    endloop
  endfacet
  facet normal 0 0 1
    outer loop
      vertex -36.9 17.4 9
      vertex -36.5 15.7928 9
      vertex -36.4381 15.825 9
    endloop
  endfacet
  facet normal -0 0 1
    outer loop
      vertex -37.0307 17.3943 9
      vertex -36.5 15.7928 9
      vertex -36.9 17.4 9
    endloop
  endfacet
  facet normal -0 0 1
    outer loop
      vertex -37.1605 17.3772 9
      vertex -36.5 15.7928 9
      vertex -37.0307 17.3943 9
    endloop
  endfacet
  facet normal 0 0 1
    outer loop
      vertex -36.5 15.7928 9
      vertex -37.1605 17.3772 9
      vertex -36.5589 15.7553 9
    endloop
  endfacet
  facet normal -0 0 1
    outer loop
      vertex -37.2882 17.3489 9
      vertex -36.5589 15.7553 9
      vertex -37.1605 17.3772 9
    endloop
  endfacet
  facet normal -0 0 1
    outer loop
      vertex -37.413 17.3095 9
      vertex -36.5589 15.7553 9
      vertex -37.2882 17.3489 9
    endloop
  endfacet
  facet normal 0 0 1
    outer loop
      vertex -36.5589 15.7553 9
      vertex -37.413 17.3095 9
      vertex -36.6142 15.7128 9
    endloop
  endfacet
  facet normal -0 0 1
    outer loop
      vertex -37.5339 17.2595 9
      vertex -36.6142 15.7128 9
      vertex -37.413 17.3095 9
    endloop
  endfacet
  facet normal -0 0 1
    outer loop
      vertex -37.65 17.199 9
      vertex -36.6142 15.7128 9
      vertex -37.5339 17.2595 9
    endloop
  endfacet
  facet normal -0 0 1
    outer loop
      vertex -37.7604 17.1287 9
      vertex -36.6142 15.7128 9
      vertex -37.65 17.199 9
    endloop
  endfacet
  facet normal 0 0 1
    outer loop
      vertex -36.6142 15.7128 9
      vertex -37.7604 17.1287 9
      vertex -36.6657 15.6657 9
    endloop
  endfacet
  facet normal -0 0 1
    outer loop
      vertex -37.8642 17.0491 9
      vertex -36.6657 15.6657 9
      vertex -37.7604 17.1287 9
    endloop
  endfacet
  facet normal -0 0 1
    outer loop
      vertex -37.9606 16.9606 9
      vertex -36.6657 15.6657 9
      vertex -37.8642 17.0491 9
    endloop
  endfacet
  facet normal -0 0 1
    outer loop
      vertex -38.0491 16.8642 9
      vertex -36.6657 15.6657 9
      vertex -37.9606 16.9606 9
    endloop
  endfacet
  facet normal 0 0 1
    outer loop
      vertex -36.9 15.1 9
      vertex -38.4 15.9 9
      vertex -36.9 -15.1 9
    endloop
  endfacet
  facet normal 0 0 1
    outer loop
      vertex -36.6657 15.6657 9
      vertex -38.0491 16.8642 9
      vertex -36.7128 15.6142 9
    endloop
  endfacet
  facet normal 0 0 1
    outer loop
      vertex -38.4 -15.9 9
      vertex -36.9 -15.1 9
      vertex -38.4 15.9 9
    endloop
  endfacet
  facet normal -0 0 1
    outer loop
      vertex -38.1287 16.7604 9
      vertex -36.7128 15.6142 9
      vertex -38.0491 16.8642 9
    endloop
  endfacet
  facet normal 0 -0 1
    outer loop
      vertex -38.3943 -16.0307 9
      vertex -36.9 -15.1 9
      vertex -38.4 -15.9 9
    endloop
  endfacet
  facet normal -0 0 1
    outer loop
      vertex -38.199 16.65 9
      vertex -36.7128 15.6142 9
      vertex -38.1287 16.7604 9
    endloop
  endfacet
  facet normal 0 0 1
    outer loop
      vertex -36.9 -15.1 9
      vertex -37.0307 -17.3943 9
      vertex -36.9 -17.4 9
    endloop
  endfacet
  facet normal -0 0 1
    outer loop
      vertex -38.2595 16.5339 9
      vertex -36.7128 15.6142 9
      vertex -38.199 16.65 9
    endloop
  endfacet
  facet normal 0 0 1
    outer loop
      vertex -36.9 -15.1 9
      vertex -37.1605 -17.3772 9
      vertex -37.0307 -17.3943 9
    endloop
  endfacet
  facet normal 0 0 1
    outer loop
      vertex -36.7128 15.6142 9
      vertex -38.2595 16.5339 9
      vertex -36.7553 15.5589 9
    endloop
  endfacet
  facet normal 0 0 1
    outer loop
      vertex -36.9 -15.1 9
      vertex -37.2882 -17.3489 9
      vertex -37.1605 -17.3772 9
    endloop
  endfacet
  facet normal -0 0 1
    outer loop
      vertex -38.3095 16.413 9
      vertex -36.7553 15.5589 9
      vertex -38.2595 16.5339 9
    endloop
  endfacet
  facet normal 0 0 1
    outer loop
      vertex -36.9 -15.1 9
      vertex -37.413 -17.3095 9
      vertex -37.2882 -17.3489 9
    endloop
  endfacet
  facet normal -0 0 1
    outer loop
      vertex -38.3489 16.2882 9
      vertex -36.7553 15.5589 9
      vertex -38.3095 16.413 9
    endloop
  endfacet
  facet normal 0 0 1
    outer loop
      vertex -36.9 -15.1 9
      vertex -37.5339 -17.2595 9
      vertex -37.413 -17.3095 9
    endloop
  endfacet
  facet normal -0 0 1
    outer loop
      vertex -38.3772 16.1605 9
      vertex -36.7553 15.5589 9
      vertex -38.3489 16.2882 9
    endloop
  endfacet
  facet normal 0 0 1
    outer loop
      vertex -36.9 -15.1 9
      vertex -37.65 -17.199 9
      vertex -37.5339 -17.2595 9
    endloop
  endfacet
  facet normal 0 0 1
    outer loop
      vertex -36.7553 15.5589 9
      vertex -38.3772 16.1605 9
      vertex -36.7928 15.5 9
    endloop
  endfacet
  facet normal 0 0 1
    outer loop
      vertex -36.9 -15.1 9
      vertex -37.7604 -17.1287 9
      vertex -37.65 -17.199 9
    endloop
  endfacet
  facet normal -0 0 1
    outer loop
      vertex -38.3943 16.0307 9
      vertex -36.7928 15.5 9
      vertex -38.3772 16.1605 9
    endloop
  endfacet
  facet normal 0 0 1
    outer loop
      vertex -36.9 -15.1 9
      vertex -37.8642 -17.0491 9
      vertex -37.7604 -17.1287 9
    endloop
  endfacet
  facet normal -0 0 1
    outer loop
      vertex -38.4 15.9 9
      vertex -36.7928 15.5 9
      vertex -38.3943 16.0307 9
    endloop
  endfacet
  facet normal 0 0 1
    outer loop
      vertex -36.9 -15.1 9
      vertex -37.9606 -16.9606 9
      vertex -37.8642 -17.0491 9
    endloop
  endfacet
  facet normal 0 0 1
    outer loop
      vertex -36.7928 15.5 9
      vertex -38.4 15.9 9
      vertex -36.825 15.4381 9
    endloop
  endfacet
  facet normal 0 0 1
    outer loop
      vertex -36.9 -15.1 9
      vertex -38.0491 -16.8642 9
      vertex -37.9606 -16.9606 9
    endloop
  endfacet
  facet normal 0 0 1
    outer loop
      vertex -36.825 15.4381 9
      vertex -38.4 15.9 9
      vertex -36.8517 15.3736 9
    endloop
  endfacet
  facet normal 0 0 1
    outer loop
      vertex -36.9 -15.1 9
      vertex -38.1287 -16.7604 9
      vertex -38.0491 -16.8642 9
    endloop
  endfacet
  facet normal 0 0 1
    outer loop
      vertex -36.8517 15.3736 9
      vertex -38.4 15.9 9
      vertex -36.8727 15.3071 9
    endloop
  endfacet
  facet normal 0 0 1
    outer loop
      vertex -36.9 -15.1 9
      vertex -38.199 -16.65 9
      vertex -38.1287 -16.7604 9
    endloop
  endfacet
  facet normal 0 0 1
    outer loop
      vertex -36.8727 15.3071 9
      vertex -38.4 15.9 9
      vertex -36.8878 15.2389 9
    endloop
  endfacet
  facet normal 0 0 1
    outer loop
      vertex -36.9 -15.1 9
      vertex -38.2595 -16.5339 9
      vertex -38.199 -16.65 9
    endloop
  endfacet
  facet normal 0 0 1
    outer loop
      vertex -36.8878 15.2389 9
      vertex -38.4 15.9 9
      vertex -36.8969 15.1697 9
    endloop
  endfacet
  facet normal 0 0 1
    outer loop
      vertex -36.9 -15.1 9
      vertex -38.3095 -16.413 9
      vertex -38.2595 -16.5339 9
    endloop
  endfacet
  facet normal 0 0 1
    outer loop
      vertex -36.8969 15.1697 9
      vertex -38.4 15.9 9
      vertex -36.9 15.1 9
    endloop
  endfacet
  facet normal 0 0 1
    outer loop
      vertex -36.9 -15.1 9
      vertex -38.3489 -16.2882 9
      vertex -38.3095 -16.413 9
    endloop
  endfacet
  facet normal 0 0 1
    outer loop
      vertex -36.9 -15.1 9
      vertex -38.3772 -16.1605 9
      vertex -38.3489 -16.2882 9
    endloop
  endfacet
  facet normal 0 0 1
    outer loop
      vertex -36.9 -15.1 9
      vertex -38.3943 -16.0307 9
      vertex -38.3772 -16.1605 9
    endloop
  endfacet
  facet normal 0 0 1
    outer loop
      vertex 36.8969 15.1697 9
      vertex 38.4 15.9 9
      vertex 38.3943 16.0307 9
    endloop
  endfacet
  facet normal 0 0 1
    outer loop
      vertex 38.4 15.9 9
      vertex 36.9 15.1 9
      vertex 38.4 -15.9 9
    endloop
  endfacet
  facet normal 0 0 1
    outer loop
      vertex 36.8969 15.1697 9
      vertex 38.3943 16.0307 9
      vertex 38.3772 16.1605 9
    endloop
  endfacet
  facet normal -0 0 1
    outer loop
      vertex 36.9 -15.1 9
      vertex 38.4 -15.9 9
      vertex 36.9 15.1 9
    endloop
  endfacet
  facet normal 0 0 1
    outer loop
      vertex 36.8969 15.1697 9
      vertex 38.3772 16.1605 9
      vertex 38.3489 16.2882 9
    endloop
  endfacet
  facet normal -0 0 1
    outer loop
      vertex 36.8969 -15.1697 9
      vertex 38.4 -15.9 9
      vertex 36.9 -15.1 9
    endloop
  endfacet
  facet normal 0 0 1
    outer loop
      vertex 36.8969 15.1697 9
      vertex 38.3489 16.2882 9
      vertex 38.3095 16.413 9
    endloop
  endfacet
  facet normal -0 0 1
    outer loop
      vertex 36.8878 -15.2389 9
      vertex 38.4 -15.9 9
      vertex 36.8969 -15.1697 9
    endloop
  endfacet
  facet normal 0 0 1
    outer loop
      vertex 36.8969 15.1697 9
      vertex 38.3095 16.413 9
      vertex 38.2595 16.5339 9
    endloop
  endfacet
  facet normal -0 0 1
    outer loop
      vertex 36.8727 -15.3071 9
      vertex 38.4 -15.9 9
      vertex 36.8878 -15.2389 9
    endloop
  endfacet
  facet normal 0 0 1
    outer loop
      vertex 36.8969 15.1697 9
      vertex 38.2595 16.5339 9
      vertex 38.199 16.65 9
    endloop
  endfacet
  facet normal -0 0 1
    outer loop
      vertex 36.8517 -15.3736 9
      vertex 38.4 -15.9 9
      vertex 36.8727 -15.3071 9
    endloop
  endfacet
  facet normal 0 0 1
    outer loop
      vertex 36.8969 15.1697 9
      vertex 38.199 16.65 9
      vertex 38.1287 16.7604 9
    endloop
  endfacet
  facet normal -0 0 1
    outer loop
      vertex 36.825 -15.4381 9
      vertex 38.4 -15.9 9
      vertex 36.8517 -15.3736 9
    endloop
  endfacet
  facet normal 0 0 1
    outer loop
      vertex 36.8969 15.1697 9
      vertex 38.1287 16.7604 9
      vertex 38.0491 16.8642 9
    endloop
  endfacet
  facet normal -0 0 1
    outer loop
      vertex 36.7928 -15.5 9
      vertex 38.4 -15.9 9
      vertex 36.825 -15.4381 9
    endloop
  endfacet
  facet normal 0 0 1
    outer loop
      vertex 36.8969 15.1697 9
      vertex 38.0491 16.8642 9
      vertex 37.9606 16.9606 9
    endloop
  endfacet
  facet normal 0 0 1
    outer loop
      vertex 38.4 -15.9 9
      vertex 36.7928 -15.5 9
      vertex 38.3943 -16.0307 9
    endloop
  endfacet
  facet normal 0 0 1
    outer loop
      vertex 36.8969 15.1697 9
      vertex 37.9606 16.9606 9
      vertex 37.8642 17.0491 9
    endloop
  endfacet
  facet normal 0 0 1
    outer loop
      vertex 38.3943 -16.0307 9
      vertex 36.7928 -15.5 9
      vertex 38.3772 -16.1605 9
    endloop
  endfacet
  facet normal 0 0 1
    outer loop
      vertex 36.8969 15.1697 9
      vertex 37.8642 17.0491 9
      vertex 37.7604 17.1287 9
    endloop
  endfacet
  facet normal -0 0 1
    outer loop
      vertex 36.7553 -15.5589 9
      vertex 38.3772 -16.1605 9
      vertex 36.7928 -15.5 9
    endloop
  endfacet
  facet normal 0 0 1
    outer loop
      vertex 36.8969 15.1697 9
      vertex 37.7604 17.1287 9
      vertex 37.65 17.199 9
    endloop
  endfacet
  facet normal 0 0 1
    outer loop
      vertex 38.3772 -16.1605 9
      vertex 36.7553 -15.5589 9
      vertex 38.3489 -16.2882 9
    endloop
  endfacet
  facet normal 0 0 1
    outer loop
      vertex 36.8969 15.1697 9
      vertex 37.65 17.199 9
      vertex 37.5339 17.2595 9
    endloop
  endfacet
  facet normal 0 0 1
    outer loop
      vertex 38.3489 -16.2882 9
      vertex 36.7553 -15.5589 9
      vertex 38.3095 -16.413 9
    endloop
  endfacet
  facet normal 0 0 1
    outer loop
      vertex 36.8969 15.1697 9
      vertex 37.5339 17.2595 9
      vertex 37.413 17.3095 9
    endloop
  endfacet
  facet normal 0 0 1
    outer loop
      vertex 38.3095 -16.413 9
      vertex 36.7553 -15.5589 9
      vertex 38.2595 -16.5339 9
    endloop
  endfacet
  facet normal 0 0 1
    outer loop
      vertex 36.8969 15.1697 9
      vertex 37.413 17.3095 9
      vertex 37.2882 17.3489 9
    endloop
  endfacet
  facet normal -0 0 1
    outer loop
      vertex 36.7128 -15.6142 9
      vertex 38.2595 -16.5339 9
      vertex 36.7553 -15.5589 9
    endloop
  endfacet
  facet normal 0 0 1
    outer loop
      vertex 36.8969 15.1697 9
      vertex 37.2882 17.3489 9
      vertex 37.1605 17.3772 9
    endloop
  endfacet
  facet normal 0 0 1
    outer loop
      vertex 38.2595 -16.5339 9
      vertex 36.7128 -15.6142 9
      vertex 38.199 -16.65 9
    endloop
  endfacet
  facet normal 0 0 1
    outer loop
      vertex 36.8969 15.1697 9
      vertex 37.1605 17.3772 9
      vertex 37.0307 17.3943 9
    endloop
  endfacet
  facet normal 0 0 1
    outer loop
      vertex 38.199 -16.65 9
      vertex 36.7128 -15.6142 9
      vertex 38.1287 -16.7604 9
    endloop
  endfacet
  facet normal 0 0 1
    outer loop
      vertex 36.5 15.7928 9
      vertex 37.0307 17.3943 9
      vertex 36.9 17.4 9
    endloop
  endfacet
  facet normal 0 0 1
    outer loop
      vertex 38.1287 -16.7604 9
      vertex 36.7128 -15.6142 9
      vertex 38.0491 -16.8642 9
    endloop
  endfacet
  facet normal -0 0 1
    outer loop
      vertex 36.6657 -15.6657 9
      vertex 38.0491 -16.8642 9
      vertex 36.7128 -15.6142 9
    endloop
  endfacet
  facet normal 0 0 1
    outer loop
      vertex 38.0491 -16.8642 9
      vertex 36.6657 -15.6657 9
      vertex 37.9606 -16.9606 9
    endloop
  endfacet
  facet normal 0 0 1
    outer loop
      vertex 37.9606 -16.9606 9
      vertex 36.6657 -15.6657 9
      vertex 37.8642 -17.0491 9
    endloop
  endfacet
  facet normal 0 0 1
    outer loop
      vertex 37.8642 -17.0491 9
      vertex 36.6657 -15.6657 9
      vertex 37.7604 -17.1287 9
    endloop
  endfacet
  facet normal -0 0 1
    outer loop
      vertex 36.6142 -15.7128 9
      vertex 37.7604 -17.1287 9
      vertex 36.6657 -15.6657 9
    endloop
  endfacet
  facet normal 0 0 1
    outer loop
      vertex 37.7604 -17.1287 9
      vertex 36.6142 -15.7128 9
      vertex 37.65 -17.199 9
    endloop
  endfacet
  facet normal 0 0 1
    outer loop
      vertex 37.65 -17.199 9
      vertex 36.6142 -15.7128 9
      vertex 37.5339 -17.2595 9
    endloop
  endfacet
  facet normal 0 0 1
    outer loop
      vertex 37.5339 -17.2595 9
      vertex 36.6142 -15.7128 9
      vertex 37.413 -17.3095 9
    endloop
  endfacet
  facet normal -0 0 1
    outer loop
      vertex 36.5589 -15.7553 9
      vertex 37.413 -17.3095 9
      vertex 36.6142 -15.7128 9
    endloop
  endfacet
  facet normal 0 0 1
    outer loop
      vertex 37.413 -17.3095 9
      vertex 36.5589 -15.7553 9
      vertex 37.2882 -17.3489 9
    endloop
  endfacet
  facet normal 0 0 1
    outer loop
      vertex 37.2882 -17.3489 9
      vertex 36.5589 -15.7553 9
      vertex 37.1605 -17.3772 9
    endloop
  endfacet
  facet normal -0 0 1
    outer loop
      vertex 36.5 -15.7928 9
      vertex 37.1605 -17.3772 9
      vertex 36.5589 -15.7553 9
    endloop
  endfacet
  facet normal 0 0 1
    outer loop
      vertex 37.1605 -17.3772 9
      vertex 36.5 -15.7928 9
      vertex 37.0307 -17.3943 9
    endloop
  endfacet
  facet normal 0 0 1
    outer loop
      vertex 37.0307 -17.3943 9
      vertex 36.5 -15.7928 9
      vertex 36.9 -17.4 9
    endloop
  endfacet
  facet normal -0 0 1
    outer loop
      vertex 36.4381 -15.825 9
      vertex 36.9 -17.4 9
      vertex 36.5 -15.7928 9
    endloop
  endfacet
  facet normal -0 0 1
    outer loop
      vertex 36.3736 -15.8517 9
      vertex 36.9 -17.4 9
      vertex 36.4381 -15.825 9
    endloop
  endfacet
  facet normal -0 0 1
    outer loop
      vertex 36.3071 -15.8727 9
      vertex 36.9 -17.4 9
      vertex 36.3736 -15.8517 9
    endloop
  endfacet
  facet normal -0 0 1
    outer loop
      vertex 36.2389 -15.8878 9
      vertex 36.9 -17.4 9
      vertex 36.3071 -15.8727 9
    endloop
  endfacet
  facet normal -0 0 1
    outer loop
      vertex 36.1697 -15.8969 9
      vertex 36.9 -17.4 9
      vertex 36.2389 -15.8878 9
    endloop
  endfacet
  facet normal -0 0 1
    outer loop
      vertex 36.1 -15.9 9
      vertex 36.9 -17.4 9
      vertex 36.1697 -15.8969 9
    endloop
  endfacet
  facet normal -0 0 1
    outer loop
      vertex -36.1 -15.9 9
      vertex 36.9 -17.4 9
      vertex 36.1 -15.9 9
    endloop
  endfacet
  facet normal 0 0 1
    outer loop
      vertex -36.1 -15.9 9
      vertex -36.9 -17.4 9
      vertex 36.9 -17.4 9
    endloop
  endfacet
  facet normal 0 0 1
    outer loop
      vertex -36.1697 -15.8969 9
      vertex -36.9 -17.4 9
      vertex -36.1 -15.9 9
    endloop
  endfacet
  facet normal 0 0 1
    outer loop
      vertex -36.2389 -15.8878 9
      vertex -36.9 -17.4 9
      vertex -36.1697 -15.8969 9
    endloop
  endfacet
  facet normal 0 0 1
    outer loop
      vertex -36.3071 -15.8727 9
      vertex -36.9 -17.4 9
      vertex -36.2389 -15.8878 9
    endloop
  endfacet
  facet normal 0 0 1
    outer loop
      vertex -36.3736 -15.8517 9
      vertex -36.9 -17.4 9
      vertex -36.3071 -15.8727 9
    endloop
  endfacet
  facet normal 0 0 1
    outer loop
      vertex -36.4381 -15.825 9
      vertex -36.9 -17.4 9
      vertex -36.3736 -15.8517 9
    endloop
  endfacet
  facet normal 0 0 1
    outer loop
      vertex -36.5 -15.7928 9
      vertex -36.9 -17.4 9
      vertex -36.4381 -15.825 9
    endloop
  endfacet
  facet normal 0 0 1
    outer loop
      vertex -36.5589 -15.7553 9
      vertex -36.9 -17.4 9
      vertex -36.5 -15.7928 9
    endloop
  endfacet
  facet normal 0 0 1
    outer loop
      vertex -36.6142 -15.7128 9
      vertex -36.9 -17.4 9
      vertex -36.5589 -15.7553 9
    endloop
  endfacet
  facet normal 0 0 1
    outer loop
      vertex -36.6657 -15.6657 9
      vertex -36.9 -17.4 9
      vertex -36.6142 -15.7128 9
    endloop
  endfacet
  facet normal 0 0 1
    outer loop
      vertex -36.7128 -15.6142 9
      vertex -36.9 -17.4 9
      vertex -36.6657 -15.6657 9
    endloop
  endfacet
  facet normal 0 0 1
    outer loop
      vertex -36.7553 -15.5589 9
      vertex -36.9 -17.4 9
      vertex -36.7128 -15.6142 9
    endloop
  endfacet
  facet normal 0 0 1
    outer loop
      vertex -36.7928 -15.5 9
      vertex -36.9 -17.4 9
      vertex -36.7553 -15.5589 9
    endloop
  endfacet
  facet normal 0 0 1
    outer loop
      vertex -36.825 -15.4381 9
      vertex -36.9 -17.4 9
      vertex -36.7928 -15.5 9
    endloop
  endfacet
  facet normal 0 0 1
    outer loop
      vertex -36.8517 -15.3736 9
      vertex -36.9 -17.4 9
      vertex -36.825 -15.4381 9
    endloop
  endfacet
  facet normal 0 0 1
    outer loop
      vertex -36.8727 -15.3071 9
      vertex -36.9 -17.4 9
      vertex -36.8517 -15.3736 9
    endloop
  endfacet
  facet normal 0 0 1
    outer loop
      vertex -36.8878 -15.2389 9
      vertex -36.9 -17.4 9
      vertex -36.8727 -15.3071 9
    endloop
  endfacet
  facet normal 0 0 1
    outer loop
      vertex -36.8969 -15.1697 9
      vertex -36.9 -17.4 9
      vertex -36.8878 -15.2389 9
    endloop
  endfacet
  facet normal 0 0 1
    outer loop
      vertex -36.9 -17.4 9
      vertex -36.8969 -15.1697 9
      vertex -36.9 -15.1 9
    endloop
  endfacet
  facet normal 0.537123 0.843504 -0
    outer loop
      vertex 38.4604 17.8287 4
      vertex 38.35 17.899 7.6
      vertex 38.4604 17.8287 7.6
    endloop
  endfacet
  facet normal 0.537123 0.843504 0
    outer loop
      vertex 38.35 17.899 7.6
      vertex 38.4604 17.8287 4
      vertex 38.35 17.899 4
    endloop
  endfacet
  facet normal -0.301058 -0.953606 0
    outer loop
      vertex -38.113 -18.0095 4
      vertex -37.9882 -18.0489 7.6
      vertex -38.113 -18.0095 7.6
    endloop
  endfacet
  facet normal -0.301058 -0.953606 -0
    outer loop
      vertex -37.9882 -18.0489 7.6
      vertex -38.113 -18.0095 4
      vertex -37.9882 -18.0489 4
    endloop
  endfacet
  facet normal -0.773689 0.319971 0.54683
    outer loop
      vertex -39.0095 17.113 7.6
      vertex -38.2595 16.5339 9
      vertex -38.9595 17.2339 7.6
    endloop
  endfacet
  facet normal -0.773689 0.319971 0.54683
    outer loop
      vertex -38.2595 16.5339 9
      vertex -39.0095 17.113 7.6
      vertex -38.3095 16.413 9
    endloop
  endfacet
  facet normal -0.649773 -0.498284 0.574028
    outer loop
      vertex -38.8287 -17.4604 7.6
      vertex -38.0491 -16.8642 9
      vertex -38.1287 -16.7604 9
    endloop
  endfacet
  facet normal -0.649773 -0.498284 0.574028
    outer loop
      vertex -38.0491 -16.8642 9
      vertex -38.8287 -17.4604 7.6
      vertex -38.7491 -17.5642 7.6
    endloop
  endfacet
  facet normal -0.864654 -0.113911 0.489282
    outer loop
      vertex -39.0943 -16.7307 7.6
      vertex -38.3772 -16.1605 9
      vertex -38.3943 -16.0307 9
    endloop
  endfacet
  facet normal -0.864654 -0.113911 0.489282
    outer loop
      vertex -38.3772 -16.1605 9
      vertex -39.0943 -16.7307 7.6
      vertex -39.0772 -16.8605 7.6
    endloop
  endfacet
  facet normal -0.498284 -0.649773 0.574028
    outer loop
      vertex -38.4604 -17.8287 7.6
      vertex -37.8642 -17.0491 9
      vertex -38.5642 -17.7491 7.6
    endloop
  endfacet
  facet normal -0.498284 -0.649773 0.574028
    outer loop
      vertex -37.8642 -17.0491 9
      vertex -38.4604 -17.8287 7.6
      vertex -37.7604 -17.1287 9
    endloop
  endfacet
  facet normal -0.953606 -0.301058 0
    outer loop
      vertex -39.0095 -17.113 4
      vertex -39.0489 -16.9882 7.6
      vertex -39.0489 -16.9882 4
    endloop
  endfacet
  facet normal -0.953606 -0.301058 0
    outer loop
      vertex -39.0489 -16.9882 7.6
      vertex -39.0095 -17.113 4
      vertex -39.0095 -17.113 7.6
    endloop
  endfacet
  facet normal 0.382172 0.924091 -0
    outer loop
      vertex 38.2339 17.9595 4
      vertex 38.113 18.0095 7.6
      vertex 38.2339 17.9595 7.6
    endloop
  endfacet
  facet normal 0.382172 0.924091 0
    outer loop
      vertex 38.113 18.0095 7.6
      vertex 38.2339 17.9595 4
      vertex 38.113 18.0095 4
    endloop
  endfacet
  facet normal 0.113911 -0.864654 0.489282
    outer loop
      vertex 37.7307 -18.0943 7.6
      vertex 37.1605 -17.3772 9
      vertex 37.0307 -17.3943 9
    endloop
  endfacet
  facet normal 0.113911 -0.864654 0.489282
    outer loop
      vertex 37.1605 -17.3772 9
      vertex 37.7307 -18.0943 7.6
      vertex 37.8605 -18.0772 7.6
    endloop
  endfacet
  facet normal 0.0386352 -0.885899 0.462267
    outer loop
      vertex 37.6 -18.1 7.6
      vertex 37.0307 -17.3943 9
      vertex 36.9 -17.4 9
    endloop
  endfacet
  facet normal 0.0386352 -0.885899 0.462267
    outer loop
      vertex 37.0307 -17.3943 9
      vertex 37.6 -18.1 7.6
      vertex 37.7307 -18.0943 7.6
    endloop
  endfacet
  facet normal 0.382172 -0.924091 0
    outer loop
      vertex 38.113 -18.0095 4
      vertex 38.2339 -17.9595 7.6
      vertex 38.113 -18.0095 7.6
    endloop
  endfacet
  facet normal 0.382172 -0.924091 0
    outer loop
      vertex 38.2339 -17.9595 7.6
      vertex 38.113 -18.0095 4
      vertex 38.2339 -17.9595 4
    endloop
  endfacet
  facet normal -0.69417 0.44203 0.5681
    outer loop
      vertex -38.899 17.35 7.6
      vertex -38.1287 16.7604 9
      vertex -38.8287 17.4604 7.6
    endloop
  endfacet
  facet normal -0.69417 0.44203 0.5681
    outer loop
      vertex -38.1287 16.7604 9
      vertex -38.899 17.35 7.6
      vertex -38.199 16.65 9
    endloop
  endfacet
  facet normal 0.216364 0.976313 -0
    outer loop
      vertex 37.9882 18.0489 4
      vertex 37.8605 18.0772 7.6
      vertex 37.9882 18.0489 7.6
    endloop
  endfacet
  facet normal 0.216364 0.976313 0
    outer loop
      vertex 37.8605 18.0772 7.6
      vertex 37.9882 18.0489 4
      vertex 37.8605 18.0772 4
    endloop
  endfacet
  facet normal 0.0386352 0.885899 0.462267
    outer loop
      vertex 37.6 18.1 7.6
      vertex 37.0307 17.3943 9
      vertex 37.7307 18.0943 7.6
    endloop
  endfacet
  facet normal 0.0386352 0.885899 0.462267
    outer loop
      vertex 37.0307 17.3943 9
      vertex 37.6 18.1 7.6
      vertex 36.9 17.4 9
    endloop
  endfacet
  facet normal 0.462122 -0.886816 0
    outer loop
      vertex 38.2339 -17.9595 4
      vertex 38.35 -17.899 7.6
      vertex 38.2339 -17.9595 7.6
    endloop
  endfacet
  facet normal 0.462122 -0.886816 0
    outer loop
      vertex 38.35 -17.899 7.6
      vertex 38.2339 -17.9595 4
      vertex 38.35 -17.899 4
    endloop
  endfacet
  facet normal -0.0386352 0.885899 0.462267
    outer loop
      vertex -37.6 18.1 7.6
      vertex -37.0307 17.3943 9
      vertex -36.9 17.4 9
    endloop
  endfacet
  facet normal -0.0386352 0.885899 0.462267
    outer loop
      vertex -37.0307 17.3943 9
      vertex -37.6 18.1 7.6
      vertex -37.7307 18.0943 7.6
    endloop
  endfacet
  facet normal -0.608528 0.793533 0
    outer loop
      vertex -38.4604 17.8287 4
      vertex -38.5642 17.7491 7.6
      vertex -38.4604 17.8287 7.6
    endloop
  endfacet
  facet normal -0.608528 0.793533 0
    outer loop
      vertex -38.5642 17.7491 7.6
      vertex -38.4604 17.8287 4
      vertex -38.5642 17.7491 4
    endloop
  endfacet
  facet normal -0.462122 0.886816 0
    outer loop
      vertex -38.2339 17.9595 4
      vertex -38.35 17.899 7.6
      vertex -38.2339 17.9595 7.6
    endloop
  endfacet
  facet normal -0.462122 0.886816 0
    outer loop
      vertex -38.35 17.899 7.6
      vertex -38.2339 17.9595 4
      vertex -38.35 17.899 4
    endloop
  endfacet
  facet normal -0.383124 0.735217 0.559171
    outer loop
      vertex -38.2339 17.9595 7.6
      vertex -37.65 17.199 9
      vertex -37.5339 17.2595 9
    endloop
  endfacet
  facet normal -0.383124 0.735217 0.559171
    outer loop
      vertex -37.65 17.199 9
      vertex -38.2339 17.9595 7.6
      vertex -38.35 17.899 7.6
    endloop
  endfacet
  facet normal 0.886816 -0.462122 0
    outer loop
      vertex 38.899 -17.35 7.6
      vertex 38.9595 -17.2339 4
      vertex 38.9595 -17.2339 7.6
    endloop
  endfacet
  facet normal 0.886816 -0.462122 0
    outer loop
      vertex 38.9595 -17.2339 4
      vertex 38.899 -17.35 7.6
      vertex 38.899 -17.35 4
    endloop
  endfacet
  facet normal -0.736646 -0.676278 0
    outer loop
      vertex -38.6606 -17.6606 4
      vertex -38.7491 -17.5642 7.6
      vertex -38.7491 -17.5642 4
    endloop
  endfacet
  facet normal -0.736646 -0.676278 0
    outer loop
      vertex -38.7491 -17.5642 7.6
      vertex -38.6606 -17.6606 4
      vertex -38.6606 -17.6606 7.6
    endloop
  endfacet
  facet normal -0.0435699 0.99905 0
    outer loop
      vertex -37.6 18.1 4
      vertex -37.7307 18.0943 7.6
      vertex -37.6 18.1 7.6
    endloop
  endfacet
  facet normal -0.0435699 0.99905 0
    outer loop
      vertex -37.7307 18.0943 7.6
      vertex -37.6 18.1 4
      vertex -37.7307 18.0943 4
    endloop
  endfacet
  facet normal 0.953606 -0.301058 0
    outer loop
      vertex 39.0095 -17.113 7.6
      vertex 39.0489 -16.9882 4
      vertex 39.0489 -16.9882 7.6
    endloop
  endfacet
  facet normal 0.953606 -0.301058 0
    outer loop
      vertex 39.0489 -16.9882 4
      vertex 39.0095 -17.113 7.6
      vertex 39.0095 -17.113 4
    endloop
  endfacet
  facet normal -0.676278 -0.736646 0
    outer loop
      vertex -38.6606 -17.6606 4
      vertex -38.5642 -17.7491 7.6
      vertex -38.6606 -17.6606 7.6
    endloop
  endfacet
  facet normal -0.676278 -0.736646 -0
    outer loop
      vertex -38.5642 -17.7491 7.6
      vertex -38.6606 -17.6606 4
      vertex -38.5642 -17.7491 4
    endloop
  endfacet
  facet normal 0.885899 0.0386352 0.462267
    outer loop
      vertex 38.3943 16.0307 9
      vertex 39.1 16.6 7.6
      vertex 39.0943 16.7307 7.6
    endloop
  endfacet
  facet normal 0.885899 0.0386352 0.462267
    outer loop
      vertex 39.1 16.6 7.6
      vertex 38.3943 16.0307 9
      vertex 38.4 15.9 9
    endloop
  endfacet
  facet normal 0.608528 0.793533 -0
    outer loop
      vertex 38.5642 17.7491 4
      vertex 38.4604 17.8287 7.6
      vertex 38.5642 17.7491 7.6
    endloop
  endfacet
  facet normal 0.608528 0.793533 0
    outer loop
      vertex 38.4604 17.8287 7.6
      vertex 38.5642 17.7491 4
      vertex 38.4604 17.8287 4
    endloop
  endfacet
  facet normal -0.462122 -0.886816 0
    outer loop
      vertex -38.35 -17.899 4
      vertex -38.2339 -17.9595 7.6
      vertex -38.35 -17.899 7.6
    endloop
  endfacet
  facet normal -0.462122 -0.886816 -0
    outer loop
      vertex -38.2339 -17.9595 7.6
      vertex -38.35 -17.899 4
      vertex -38.2339 -17.9595 4
    endloop
  endfacet
  facet normal -0.735217 -0.383124 0.559171
    outer loop
      vertex -38.9595 -17.2339 7.6
      vertex -38.199 -16.65 9
      vertex -38.2595 -16.5339 9
    endloop
  endfacet
  facet normal -0.735217 -0.383124 0.559171
    outer loop
      vertex -38.199 -16.65 9
      vertex -38.9595 -17.2339 7.6
      vertex -38.899 -17.35 7.6
    endloop
  endfacet
  facet normal -0.608528 -0.793533 0
    outer loop
      vertex -38.5642 -17.7491 4
      vertex -38.4604 -17.8287 7.6
      vertex -38.5642 -17.7491 7.6
    endloop
  endfacet
  facet normal -0.608528 -0.793533 -0
    outer loop
      vertex -38.4604 -17.8287 7.6
      vertex -38.5642 -17.7491 4
      vertex -38.4604 -17.8287 4
    endloop
  endfacet
  facet normal 0.462122 0.886816 -0
    outer loop
      vertex 38.35 17.899 4
      vertex 38.2339 17.9595 7.6
      vertex 38.35 17.899 7.6
    endloop
  endfacet
  facet normal 0.462122 0.886816 0
    outer loop
      vertex 38.2339 17.9595 7.6
      vertex 38.35 17.899 4
      vertex 38.2339 17.9595 4
    endloop
  endfacet
  facet normal -0.601652 0.552347 0.576999
    outer loop
      vertex -38.7491 17.5642 7.6
      vertex -37.9606 16.9606 9
      vertex -38.6606 17.6606 7.6
    endloop
  endfacet
  facet normal -0.601652 0.552347 0.576999
    outer loop
      vertex -37.9606 16.9606 9
      vertex -38.7491 17.5642 7.6
      vertex -38.0491 16.8642 9
    endloop
  endfacet
  facet normal 0.69417 0.44203 0.5681
    outer loop
      vertex 38.1287 16.7604 9
      vertex 38.899 17.35 7.6
      vertex 38.8287 17.4604 7.6
    endloop
  endfacet
  facet normal 0.69417 0.44203 0.5681
    outer loop
      vertex 38.899 17.35 7.6
      vertex 38.1287 16.7604 9
      vertex 38.199 16.65 9
    endloop
  endfacet
  facet normal 0.130613 0.991433 -0
    outer loop
      vertex 37.8605 18.0772 4
      vertex 37.7307 18.0943 7.6
      vertex 37.8605 18.0772 7.6
    endloop
  endfacet
  facet normal 0.130613 0.991433 0
    outer loop
      vertex 37.7307 18.0943 7.6
      vertex 37.8605 18.0772 4
      vertex 37.7307 18.0943 4
    endloop
  endfacet
  facet normal 0.498284 0.649773 0.574028
    outer loop
      vertex 38.4604 17.8287 7.6
      vertex 37.8642 17.0491 9
      vertex 38.5642 17.7491 7.6
    endloop
  endfacet
  facet normal 0.498284 0.649773 0.574028
    outer loop
      vertex 37.8642 17.0491 9
      vertex 38.4604 17.8287 7.6
      vertex 37.7604 17.1287 9
    endloop
  endfacet
  facet normal 0.319971 0.773689 0.54683
    outer loop
      vertex 38.113 18.0095 7.6
      vertex 37.5339 17.2595 9
      vertex 38.2339 17.9595 7.6
    endloop
  endfacet
  facet normal 0.319971 0.773689 0.54683
    outer loop
      vertex 37.5339 17.2595 9
      vertex 38.113 18.0095 7.6
      vertex 37.413 17.3095 9
    endloop
  endfacet
  facet normal 0.383124 0.735217 0.559171
    outer loop
      vertex 38.2339 17.9595 7.6
      vertex 37.65 17.199 9
      vertex 38.35 17.899 7.6
    endloop
  endfacet
  facet normal 0.383124 0.735217 0.559171
    outer loop
      vertex 37.65 17.199 9
      vertex 38.2339 17.9595 7.6
      vertex 37.5339 17.2595 9
    endloop
  endfacet
  facet normal -0.843504 -0.537123 0
    outer loop
      vertex -38.8287 -17.4604 4
      vertex -38.899 -17.35 7.6
      vertex -38.899 -17.35 4
    endloop
  endfacet
  facet normal -0.843504 -0.537123 0
    outer loop
      vertex -38.899 -17.35 7.6
      vertex -38.8287 -17.4604 4
      vertex -38.8287 -17.4604 7.6
    endloop
  endfacet
  facet normal -0.301131 -0.953583 0
    outer loop
      vertex 36.3071 15.8727 4
      vertex 36.3736 15.8517 9
      vertex 36.3071 15.8727 9
    endloop
  endfacet
  facet normal -0.301131 -0.953583 -0
    outer loop
      vertex 36.3736 15.8517 9
      vertex 36.3071 15.8727 4
      vertex 36.3736 15.8517 4
    endloop
  endfacet
  facet normal -0.13038 -0.991464 0
    outer loop
      vertex 36.1697 15.8969 4
      vertex 36.2389 15.8878 9
      vertex 36.1697 15.8969 9
    endloop
  endfacet
  facet normal -0.13038 -0.991464 -0
    outer loop
      vertex 36.2389 15.8878 9
      vertex 36.1697 15.8969 4
      vertex 36.2389 15.8878 4
    endloop
  endfacet
  facet normal -0.382478 -0.923964 0
    outer loop
      vertex 36.3736 15.8517 4
      vertex 36.4381 15.825 9
      vertex 36.3736 15.8517 9
    endloop
  endfacet
  facet normal -0.382478 -0.923964 -0
    outer loop
      vertex 36.4381 15.825 9
      vertex 36.3736 15.8517 4
      vertex 36.4381 15.825 4
    endloop
  endfacet
  facet normal -0.887146 0.461488 0
    outer loop
      vertex 36.7928 -15.5 4
      vertex 36.825 -15.4381 9
      vertex 36.825 -15.4381 4
    endloop
  endfacet
  facet normal -0.887146 0.461488 0
    outer loop
      vertex 36.825 -15.4381 9
      vertex 36.7928 -15.5 4
      vertex 36.7928 -15.5 9
    endloop
  endfacet
  facet normal 0.216172 0.976355 -0
    outer loop
      vertex -36.2389 -15.8878 4
      vertex -36.3071 -15.8727 9
      vertex -36.2389 -15.8878 9
    endloop
  endfacet
  facet normal 0.216172 0.976355 0
    outer loop
      vertex -36.3071 -15.8727 9
      vertex -36.2389 -15.8878 4
      vertex -36.3071 -15.8727 4
    endloop
  endfacet
  facet normal 0.13038 -0.991464 0
    outer loop
      vertex -36.2389 15.8878 4
      vertex -36.1697 15.8969 9
      vertex -36.2389 15.8878 9
    endloop
  endfacet
  facet normal 0.13038 -0.991464 0
    outer loop
      vertex -36.1697 15.8969 9
      vertex -36.2389 15.8878 4
      vertex -36.1697 15.8969 4
    endloop
  endfacet
  facet normal 0.216172 -0.976355 0
    outer loop
      vertex -36.3071 15.8727 4
      vertex -36.2389 15.8878 9
      vertex -36.3071 15.8727 9
    endloop
  endfacet
  facet normal 0.216172 -0.976355 0
    outer loop
      vertex -36.2389 15.8878 9
      vertex -36.3071 15.8727 4
      vertex -36.2389 15.8878 4
    endloop
  endfacet
  facet normal 0.301131 0.953583 -0
    outer loop
      vertex -36.3071 -15.8727 4
      vertex -36.3736 -15.8517 9
      vertex -36.3071 -15.8727 9
    endloop
  endfacet
  facet normal 0.301131 0.953583 0
    outer loop
      vertex -36.3736 -15.8517 9
      vertex -36.3071 -15.8727 4
      vertex -36.3736 -15.8517 4
    endloop
  endfacet
  facet normal -0.0444324 0.999012 0
    outer loop
      vertex 36.1697 -15.8969 4
      vertex 36.1 -15.9 9
      vertex 36.1697 -15.8969 9
    endloop
  endfacet
  facet normal -0.0444324 0.999012 0
    outer loop
      vertex 36.1 -15.9 9
      vertex 36.1697 -15.8969 4
      vertex 36.1 -15.9 4
    endloop
  endfacet
  facet normal -0.0444324 -0.999012 0
    outer loop
      vertex 36.1 15.9 4
      vertex 36.1697 15.8969 9
      vertex 36.1 15.9 9
    endloop
  endfacet
  facet normal -0.0444324 -0.999012 -0
    outer loop
      vertex 36.1697 15.8969 9
      vertex 36.1 15.9 4
      vertex 36.1697 15.8969 4
    endloop
  endfacet
  facet normal 0.609364 0.79289 -0
    outer loop
      vertex -36.5589 -15.7553 4
      vertex -36.6142 -15.7128 9
      vertex -36.5589 -15.7553 9
    endloop
  endfacet
  facet normal 0.609364 0.79289 0
    outer loop
      vertex -36.6142 -15.7128 9
      vertex -36.5589 -15.7553 4
      vertex -36.6142 -15.7128 4
    endloop
  endfacet
  facet normal -1 0 0
    outer loop
      vertex 36.9 -15.1 4
      vertex 36.9 15.1 9
      vertex 36.9 15.1 4
    endloop
  endfacet
  facet normal -1 -0 0
    outer loop
      vertex 36.9 15.1 9
      vertex 36.9 -15.1 4
      vertex 36.9 -15.1 9
    endloop
  endfacet
  facet normal 0.461488 -0.887146 0
    outer loop
      vertex -36.5 15.7928 4
      vertex -36.4381 15.825 9
      vertex -36.5 15.7928 9
    endloop
  endfacet
  facet normal 0.461488 -0.887146 0
    outer loop
      vertex -36.4381 15.825 9
      vertex -36.5 15.7928 4
      vertex -36.4381 15.825 4
    endloop
  endfacet
  facet normal 1 -0 0
    outer loop
      vertex -36.9 -15.1 9
      vertex -36.9 15.1 4
      vertex -36.9 15.1 9
    endloop
  endfacet
  facet normal 1 0 0
    outer loop
      vertex -36.9 15.1 4
      vertex -36.9 -15.1 9
      vertex -36.9 -15.1 4
    endloop
  endfacet
  facet normal 0 -1 0
    outer loop
      vertex -36.1 15.9 4
      vertex 36.1 15.9 9
      vertex -36.1 15.9 9
    endloop
  endfacet
  facet normal 0 -1 -0
    outer loop
      vertex 36.1 15.9 9
      vertex -36.1 15.9 4
      vertex 36.1 15.9 4
    endloop
  endfacet
  facet normal 0.674881 -0.737927 0
    outer loop
      vertex -36.6657 15.6657 4
      vertex -36.6142 15.7128 9
      vertex -36.6657 15.6657 9
    endloop
  endfacet
  facet normal 0.674881 -0.737927 0
    outer loop
      vertex -36.6142 15.7128 9
      vertex -36.6657 15.6657 4
      vertex -36.6142 15.7128 4
    endloop
  endfacet
  facet normal -0.999012 0.0444324 0
    outer loop
      vertex 36.8969 -15.1697 4
      vertex 36.9 -15.1 9
      vertex 36.9 -15.1 4
    endloop
  endfacet
  facet normal -0.999012 0.0444324 0
    outer loop
      vertex 36.9 -15.1 9
      vertex 36.8969 -15.1697 4
      vertex 36.8969 -15.1697 9
    endloop
  endfacet
  facet normal -0.461488 0.887146 0
    outer loop
      vertex 36.5 -15.7928 4
      vertex 36.4381 -15.825 9
      vertex 36.5 -15.7928 9
    endloop
  endfacet
  facet normal -0.461488 0.887146 0
    outer loop
      vertex 36.4381 -15.825 9
      vertex 36.5 -15.7928 4
      vertex 36.4381 -15.825 4
    endloop
  endfacet
  facet normal 0.999012 0.0444324 0
    outer loop
      vertex -36.8969 -15.1697 9
      vertex -36.9 -15.1 4
      vertex -36.9 -15.1 9
    endloop
  endfacet
  facet normal 0.999012 0.0444324 0
    outer loop
      vertex -36.9 -15.1 4
      vertex -36.8969 -15.1697 9
      vertex -36.8969 -15.1697 4
    endloop
  endfacet
  facet normal 0.537061 -0.843544 0
    outer loop
      vertex -36.5589 15.7553 4
      vertex -36.5 15.7928 9
      vertex -36.5589 15.7553 9
    endloop
  endfacet
  facet normal 0.537061 -0.843544 0
    outer loop
      vertex -36.5 15.7928 9
      vertex -36.5589 15.7553 4
      vertex -36.5 15.7928 4
    endloop
  endfacet
  facet normal -0.674881 -0.737927 0
    outer loop
      vertex 36.6142 15.7128 4
      vertex 36.6657 15.6657 9
      vertex 36.6142 15.7128 9
    endloop
  endfacet
  facet normal -0.674881 -0.737927 -0
    outer loop
      vertex 36.6657 15.6657 9
      vertex 36.6142 15.7128 4
      vertex 36.6657 15.6657 4
    endloop
  endfacet
  facet normal 0.382478 -0.923964 0
    outer loop
      vertex -36.4381 15.825 4
      vertex -36.3736 15.8517 9
      vertex -36.4381 15.825 9
    endloop
  endfacet
  facet normal 0.382478 -0.923964 0
    outer loop
      vertex -36.3736 15.8517 9
      vertex -36.4381 15.825 4
      vertex -36.3736 15.8517 4
    endloop
  endfacet
  facet normal -0.216172 0.976355 0
    outer loop
      vertex 36.3071 -15.8727 4
      vertex 36.2389 -15.8878 9
      vertex 36.3071 -15.8727 9
    endloop
  endfacet
  facet normal -0.216172 0.976355 0
    outer loop
      vertex 36.2389 -15.8878 9
      vertex 36.3071 -15.8727 4
      vertex 36.2389 -15.8878 4
    endloop
  endfacet
  facet normal 0.301131 -0.953583 0
    outer loop
      vertex -36.3736 15.8517 4
      vertex -36.3071 15.8727 9
      vertex -36.3736 15.8517 9
    endloop
  endfacet
  facet normal 0.301131 -0.953583 0
    outer loop
      vertex -36.3071 15.8727 9
      vertex -36.3736 15.8517 4
      vertex -36.3071 15.8727 4
    endloop
  endfacet
  facet normal 0 1 -0
    outer loop
      vertex 36.1 -15.9 4
      vertex -36.1 -15.9 9
      vertex 36.1 -15.9 9
    endloop
  endfacet
  facet normal 0 1 0
    outer loop
      vertex -36.1 -15.9 9
      vertex 36.1 -15.9 4
      vertex -36.1 -15.9 4
    endloop
  endfacet
  facet normal -0.674881 0.737927 0
    outer loop
      vertex 36.6657 -15.6657 4
      vertex 36.6142 -15.7128 9
      vertex 36.6657 -15.6657 9
    endloop
  endfacet
  facet normal -0.674881 0.737927 0
    outer loop
      vertex 36.6142 -15.7128 9
      vertex 36.6657 -15.6657 4
      vertex 36.6142 -15.7128 4
    endloop
  endfacet
  facet normal -0.976355 0.216172 0
    outer loop
      vertex 36.8727 -15.3071 4
      vertex 36.8878 -15.2389 9
      vertex 36.8878 -15.2389 4
    endloop
  endfacet
  facet normal -0.976355 0.216172 0
    outer loop
      vertex 36.8878 -15.2389 9
      vertex 36.8727 -15.3071 4
      vertex 36.8727 -15.3071 9
    endloop
  endfacet
  facet normal 0.953583 -0.301131 0
    outer loop
      vertex -36.8727 15.3071 9
      vertex -36.8517 15.3736 4
      vertex -36.8517 15.3736 9
    endloop
  endfacet
  facet normal 0.953583 -0.301131 0
    outer loop
      vertex -36.8517 15.3736 4
      vertex -36.8727 15.3071 9
      vertex -36.8727 15.3071 4
    endloop
  endfacet
  facet normal -0.301131 0.953583 0
    outer loop
      vertex 36.3736 -15.8517 4
      vertex 36.3071 -15.8727 9
      vertex 36.3736 -15.8517 9
    endloop
  endfacet
  facet normal -0.301131 0.953583 0
    outer loop
      vertex 36.3071 -15.8727 9
      vertex 36.3736 -15.8517 4
      vertex 36.3071 -15.8727 4
    endloop
  endfacet
  facet normal 0.991464 -0.13038 0
    outer loop
      vertex -36.8969 15.1697 9
      vertex -36.8878 15.2389 4
      vertex -36.8878 15.2389 9
    endloop
  endfacet
  facet normal 0.991464 -0.13038 0
    outer loop
      vertex -36.8878 15.2389 4
      vertex -36.8969 15.1697 9
      vertex -36.8969 15.1697 4
    endloop
  endfacet
  facet normal 0.461488 0.887146 -0
    outer loop
      vertex -36.4381 -15.825 4
      vertex -36.5 -15.7928 9
      vertex -36.4381 -15.825 9
    endloop
  endfacet
  facet normal 0.461488 0.887146 0
    outer loop
      vertex -36.5 -15.7928 9
      vertex -36.4381 -15.825 4
      vertex -36.5 -15.7928 4
    endloop
  endfacet
  facet normal -0.216172 -0.976355 0
    outer loop
      vertex 36.2389 15.8878 4
      vertex 36.3071 15.8727 9
      vertex 36.2389 15.8878 9
    endloop
  endfacet
  facet normal -0.216172 -0.976355 -0
    outer loop
      vertex 36.3071 15.8727 9
      vertex 36.2389 15.8878 4
      vertex 36.3071 15.8727 4
    endloop
  endfacet
  facet normal -0.13038 0.991464 0
    outer loop
      vertex 36.2389 -15.8878 4
      vertex 36.1697 -15.8969 9
      vertex 36.2389 -15.8878 9
    endloop
  endfacet
  facet normal -0.13038 0.991464 0
    outer loop
      vertex 36.1697 -15.8969 9
      vertex 36.2389 -15.8878 4
      vertex 36.1697 -15.8969 4
    endloop
  endfacet
  facet normal -0.537061 0.843544 0
    outer loop
      vertex 36.5589 -15.7553 4
      vertex 36.5 -15.7928 9
      vertex 36.5589 -15.7553 9
    endloop
  endfacet
  facet normal -0.537061 0.843544 0
    outer loop
      vertex 36.5 -15.7928 9
      vertex 36.5589 -15.7553 4
      vertex 36.5 -15.7928 4
    endloop
  endfacet
  facet normal 0.976355 -0.216172 0
    outer loop
      vertex -36.8878 15.2389 9
      vertex -36.8727 15.3071 4
      vertex -36.8727 15.3071 9
    endloop
  endfacet
  facet normal 0.976355 -0.216172 0
    outer loop
      vertex -36.8727 15.3071 4
      vertex -36.8878 15.2389 9
      vertex -36.8878 15.2389 4
    endloop
  endfacet
  facet normal 0.79289 -0.609364 0
    outer loop
      vertex -36.7553 15.5589 9
      vertex -36.7128 15.6142 4
      vertex -36.7128 15.6142 9
    endloop
  endfacet
  facet normal 0.79289 -0.609364 0
    outer loop
      vertex -36.7128 15.6142 4
      vertex -36.7553 15.5589 9
      vertex -36.7553 15.5589 4
    endloop
  endfacet
  facet normal 0.887146 -0.461488 0
    outer loop
      vertex -36.825 15.4381 9
      vertex -36.7928 15.5 4
      vertex -36.7928 15.5 9
    endloop
  endfacet
  facet normal 0.887146 -0.461488 0
    outer loop
      vertex -36.7928 15.5 4
      vertex -36.825 15.4381 9
      vertex -36.825 15.4381 4
    endloop
  endfacet
  facet normal -0.461488 -0.887146 0
    outer loop
      vertex 36.4381 15.825 4
      vertex 36.5 15.7928 9
      vertex 36.4381 15.825 9
    endloop
  endfacet
  facet normal -0.461488 -0.887146 -0
    outer loop
      vertex 36.5 15.7928 9
      vertex 36.4381 15.825 4
      vertex 36.5 15.7928 4
    endloop
  endfacet
  facet normal 0.843544 0.537061 0
    outer loop
      vertex -36.7553 -15.5589 9
      vertex -36.7928 -15.5 4
      vertex -36.7928 -15.5 9
    endloop
  endfacet
  facet normal 0.843544 0.537061 0
    outer loop
      vertex -36.7928 -15.5 4
      vertex -36.7553 -15.5589 9
      vertex -36.7553 -15.5589 4
    endloop
  endfacet
  facet normal -0.843544 0.537061 0
    outer loop
      vertex 36.7553 -15.5589 4
      vertex 36.7928 -15.5 9
      vertex 36.7928 -15.5 4
    endloop
  endfacet
  facet normal -0.843544 0.537061 0
    outer loop
      vertex 36.7928 -15.5 9
      vertex 36.7553 -15.5589 4
      vertex 36.7553 -15.5589 9
    endloop
  endfacet
  facet normal 0.0444324 0.999012 -0
    outer loop
      vertex -36.1 -15.9 4
      vertex -36.1697 -15.8969 9
      vertex -36.1 -15.9 9
    endloop
  endfacet
  facet normal 0.0444324 0.999012 0
    outer loop
      vertex -36.1697 -15.8969 9
      vertex -36.1 -15.9 4
      vertex -36.1697 -15.8969 4
    endloop
  endfacet
  facet normal -0.953583 0.301131 0
    outer loop
      vertex 36.8517 -15.3736 4
      vertex 36.8727 -15.3071 9
      vertex 36.8727 -15.3071 4
    endloop
  endfacet
  facet normal -0.953583 0.301131 0
    outer loop
      vertex 36.8727 -15.3071 9
      vertex 36.8517 -15.3736 4
      vertex 36.8517 -15.3736 9
    endloop
  endfacet
  facet normal 0.737927 0.674881 0
    outer loop
      vertex -36.6657 -15.6657 9
      vertex -36.7128 -15.6142 4
      vertex -36.7128 -15.6142 9
    endloop
  endfacet
  facet normal 0.737927 0.674881 0
    outer loop
      vertex -36.7128 -15.6142 4
      vertex -36.6657 -15.6657 9
      vertex -36.6657 -15.6657 4
    endloop
  endfacet
  facet normal -0.887146 -0.461488 0
    outer loop
      vertex 36.825 15.4381 4
      vertex 36.7928 15.5 9
      vertex 36.7928 15.5 4
    endloop
  endfacet
  facet normal -0.887146 -0.461488 0
    outer loop
      vertex 36.7928 15.5 9
      vertex 36.825 15.4381 4
      vertex 36.825 15.4381 9
    endloop
  endfacet
  facet normal -0.923964 0.382478 0
    outer loop
      vertex 36.825 -15.4381 4
      vertex 36.8517 -15.3736 9
      vertex 36.8517 -15.3736 4
    endloop
  endfacet
  facet normal -0.923964 0.382478 0
    outer loop
      vertex 36.8517 -15.3736 9
      vertex 36.825 -15.4381 4
      vertex 36.825 -15.4381 9
    endloop
  endfacet
  facet normal 0.674881 0.737927 -0
    outer loop
      vertex -36.6142 -15.7128 4
      vertex -36.6657 -15.6657 9
      vertex -36.6142 -15.7128 9
    endloop
  endfacet
  facet normal 0.674881 0.737927 0
    outer loop
      vertex -36.6657 -15.6657 9
      vertex -36.6142 -15.7128 4
      vertex -36.6657 -15.6657 4
    endloop
  endfacet
  facet normal 0.79289 0.609364 0
    outer loop
      vertex -36.7128 -15.6142 9
      vertex -36.7553 -15.5589 4
      vertex -36.7553 -15.5589 9
    endloop
  endfacet
  facet normal 0.79289 0.609364 0
    outer loop
      vertex -36.7553 -15.5589 4
      vertex -36.7128 -15.6142 9
      vertex -36.7128 -15.6142 4
    endloop
  endfacet
  facet normal -0.737927 -0.674881 0
    outer loop
      vertex 36.7128 15.6142 4
      vertex 36.6657 15.6657 9
      vertex 36.6657 15.6657 4
    endloop
  endfacet
  facet normal -0.737927 -0.674881 0
    outer loop
      vertex 36.6657 15.6657 9
      vertex 36.7128 15.6142 4
      vertex 36.7128 15.6142 9
    endloop
  endfacet
  facet normal -0.923964 -0.382478 0
    outer loop
      vertex 36.8517 15.3736 4
      vertex 36.825 15.4381 9
      vertex 36.825 15.4381 4
    endloop
  endfacet
  facet normal -0.923964 -0.382478 0
    outer loop
      vertex 36.825 15.4381 9
      vertex 36.8517 15.3736 4
      vertex 36.8517 15.3736 9
    endloop
  endfacet
  facet normal 0.382478 0.923964 -0
    outer loop
      vertex -36.3736 -15.8517 4
      vertex -36.4381 -15.825 9
      vertex -36.3736 -15.8517 9
    endloop
  endfacet
  facet normal 0.382478 0.923964 0
    outer loop
      vertex -36.4381 -15.825 9
      vertex -36.3736 -15.8517 4
      vertex -36.4381 -15.825 4
    endloop
  endfacet
  facet normal -0.609364 -0.79289 0
    outer loop
      vertex 36.5589 15.7553 4
      vertex 36.6142 15.7128 9
      vertex 36.5589 15.7553 9
    endloop
  endfacet
  facet normal -0.609364 -0.79289 -0
    outer loop
      vertex 36.6142 15.7128 9
      vertex 36.5589 15.7553 4
      vertex 36.6142 15.7128 4
    endloop
  endfacet
  facet normal 0.13038 0.991464 -0
    outer loop
      vertex -36.1697 -15.8969 4
      vertex -36.2389 -15.8878 9
      vertex -36.1697 -15.8969 9
    endloop
  endfacet
  facet normal 0.13038 0.991464 0
    outer loop
      vertex -36.2389 -15.8878 9
      vertex -36.1697 -15.8969 4
      vertex -36.2389 -15.8878 4
    endloop
  endfacet
  facet normal -0.991464 0.13038 0
    outer loop
      vertex 36.8878 -15.2389 4
      vertex 36.8969 -15.1697 9
      vertex 36.8969 -15.1697 4
    endloop
  endfacet
  facet normal -0.991464 0.13038 0
    outer loop
      vertex 36.8969 -15.1697 9
      vertex 36.8878 -15.2389 4
      vertex 36.8878 -15.2389 9
    endloop
  endfacet
  facet normal 0.537061 0.843544 -0
    outer loop
      vertex -36.5 -15.7928 4
      vertex -36.5589 -15.7553 9
      vertex -36.5 -15.7928 9
    endloop
  endfacet
  facet normal 0.537061 0.843544 0
    outer loop
      vertex -36.5589 -15.7553 9
      vertex -36.5 -15.7928 4
      vertex -36.5589 -15.7553 4
    endloop
  endfacet
  facet normal 0.0444324 -0.999012 0
    outer loop
      vertex -36.1697 15.8969 4
      vertex -36.1 15.9 9
      vertex -36.1697 15.8969 9
    endloop
  endfacet
  facet normal 0.0444324 -0.999012 0
    outer loop
      vertex -36.1 15.9 9
      vertex -36.1697 15.8969 4
      vertex -36.1 15.9 4
    endloop
  endfacet
  facet normal -0.382478 0.923964 0
    outer loop
      vertex 36.4381 -15.825 4
      vertex 36.3736 -15.8517 9
      vertex 36.4381 -15.825 9
    endloop
  endfacet
  facet normal -0.382478 0.923964 0
    outer loop
      vertex 36.3736 -15.8517 9
      vertex 36.4381 -15.825 4
      vertex 36.3736 -15.8517 4
    endloop
  endfacet
  facet normal 0.923964 0.382478 0
    outer loop
      vertex -36.825 -15.4381 9
      vertex -36.8517 -15.3736 4
      vertex -36.8517 -15.3736 9
    endloop
  endfacet
  facet normal 0.923964 0.382478 0
    outer loop
      vertex -36.8517 -15.3736 4
      vertex -36.825 -15.4381 9
      vertex -36.825 -15.4381 4
    endloop
  endfacet
  facet normal -0.953583 -0.301131 0
    outer loop
      vertex 36.8727 15.3071 4
      vertex 36.8517 15.3736 9
      vertex 36.8517 15.3736 4
    endloop
  endfacet
  facet normal -0.953583 -0.301131 0
    outer loop
      vertex 36.8517 15.3736 9
      vertex 36.8727 15.3071 4
      vertex 36.8727 15.3071 9
    endloop
  endfacet
  facet normal -0.976355 -0.216172 0
    outer loop
      vertex 36.8878 15.2389 4
      vertex 36.8727 15.3071 9
      vertex 36.8727 15.3071 4
    endloop
  endfacet
  facet normal -0.976355 -0.216172 0
    outer loop
      vertex 36.8727 15.3071 9
      vertex 36.8878 15.2389 4
      vertex 36.8878 15.2389 9
    endloop
  endfacet
  facet normal 0.887146 0.461488 0
    outer loop
      vertex -36.7928 -15.5 9
      vertex -36.825 -15.4381 4
      vertex -36.825 -15.4381 9
    endloop
  endfacet
  facet normal 0.887146 0.461488 0
    outer loop
      vertex -36.825 -15.4381 4
      vertex -36.7928 -15.5 9
      vertex -36.7928 -15.5 4
    endloop
  endfacet
  facet normal 0.999012 -0.0444324 0
    outer loop
      vertex -36.9 15.1 9
      vertex -36.8969 15.1697 4
      vertex -36.8969 15.1697 9
    endloop
  endfacet
  facet normal 0.999012 -0.0444324 0
    outer loop
      vertex -36.8969 15.1697 4
      vertex -36.9 15.1 9
      vertex -36.9 15.1 4
    endloop
  endfacet
  facet normal -0.609364 0.79289 0
    outer loop
      vertex 36.6142 -15.7128 4
      vertex 36.5589 -15.7553 9
      vertex 36.6142 -15.7128 9
    endloop
  endfacet
  facet normal -0.609364 0.79289 0
    outer loop
      vertex 36.5589 -15.7553 9
      vertex 36.6142 -15.7128 4
      vertex 36.5589 -15.7553 4
    endloop
  endfacet
  facet normal -0.79289 0.609364 0
    outer loop
      vertex 36.7128 -15.6142 4
      vertex 36.7553 -15.5589 9
      vertex 36.7553 -15.5589 4
    endloop
  endfacet
  facet normal -0.79289 0.609364 0
    outer loop
      vertex 36.7553 -15.5589 9
      vertex 36.7128 -15.6142 4
      vertex 36.7128 -15.6142 9
    endloop
  endfacet
  facet normal -0.737927 0.674881 0
    outer loop
      vertex 36.6657 -15.6657 4
      vertex 36.7128 -15.6142 9
      vertex 36.7128 -15.6142 4
    endloop
  endfacet
  facet normal -0.737927 0.674881 0
    outer loop
      vertex 36.7128 -15.6142 9
      vertex 36.6657 -15.6657 4
      vertex 36.6657 -15.6657 9
    endloop
  endfacet
  facet normal 0.609364 -0.79289 0
    outer loop
      vertex -36.6142 15.7128 4
      vertex -36.5589 15.7553 9
      vertex -36.6142 15.7128 9
    endloop
  endfacet
  facet normal 0.609364 -0.79289 0
    outer loop
      vertex -36.5589 15.7553 9
      vertex -36.6142 15.7128 4
      vertex -36.5589 15.7553 4
    endloop
  endfacet
  facet normal 0.737927 -0.674881 0
    outer loop
      vertex -36.7128 15.6142 9
      vertex -36.6657 15.6657 4
      vertex -36.6657 15.6657 9
    endloop
  endfacet
  facet normal 0.737927 -0.674881 0
    outer loop
      vertex -36.6657 15.6657 4
      vertex -36.7128 15.6142 9
      vertex -36.7128 15.6142 4
    endloop
  endfacet
  facet normal 0.976355 0.216172 0
    outer loop
      vertex -36.8727 -15.3071 9
      vertex -36.8878 -15.2389 4
      vertex -36.8878 -15.2389 9
    endloop
  endfacet
  facet normal 0.976355 0.216172 0
    outer loop
      vertex -36.8878 -15.2389 4
      vertex -36.8727 -15.3071 9
      vertex -36.8727 -15.3071 4
    endloop
  endfacet
  facet normal -0.991464 -0.13038 0
    outer loop
      vertex 36.8969 15.1697 4
      vertex 36.8878 15.2389 9
      vertex 36.8878 15.2389 4
    endloop
  endfacet
  facet normal -0.991464 -0.13038 0
    outer loop
      vertex 36.8878 15.2389 9
      vertex 36.8969 15.1697 4
      vertex 36.8969 15.1697 9
    endloop
  endfacet
  facet normal -0.999012 -0.0444324 0
    outer loop
      vertex 36.9 15.1 4
      vertex 36.8969 15.1697 9
      vertex 36.8969 15.1697 4
    endloop
  endfacet
  facet normal -0.999012 -0.0444324 0
    outer loop
      vertex 36.8969 15.1697 9
      vertex 36.9 15.1 4
      vertex 36.9 15.1 9
    endloop
  endfacet
  facet normal -0.843544 -0.537061 0
    outer loop
      vertex 36.7928 15.5 4
      vertex 36.7553 15.5589 9
      vertex 36.7553 15.5589 4
    endloop
  endfacet
  facet normal -0.843544 -0.537061 0
    outer loop
      vertex 36.7553 15.5589 9
      vertex 36.7928 15.5 4
      vertex 36.7928 15.5 9
    endloop
  endfacet
  facet normal 0.923964 -0.382478 0
    outer loop
      vertex -36.8517 15.3736 9
      vertex -36.825 15.4381 4
      vertex -36.825 15.4381 9
    endloop
  endfacet
  facet normal 0.923964 -0.382478 0
    outer loop
      vertex -36.825 15.4381 4
      vertex -36.8517 15.3736 9
      vertex -36.8517 15.3736 4
    endloop
  endfacet
  facet normal 0.991464 0.13038 0
    outer loop
      vertex -36.8878 -15.2389 9
      vertex -36.8969 -15.1697 4
      vertex -36.8969 -15.1697 9
    endloop
  endfacet
  facet normal 0.991464 0.13038 0
    outer loop
      vertex -36.8969 -15.1697 4
      vertex -36.8878 -15.2389 9
      vertex -36.8878 -15.2389 4
    endloop
  endfacet
  facet normal 0.843544 -0.537061 0
    outer loop
      vertex -36.7928 15.5 9
      vertex -36.7553 15.5589 4
      vertex -36.7553 15.5589 9
    endloop
  endfacet
  facet normal 0.843544 -0.537061 0
    outer loop
      vertex -36.7553 15.5589 4
      vertex -36.7928 15.5 9
      vertex -36.7928 15.5 4
    endloop
  endfacet
  facet normal -0.79289 -0.609364 0
    outer loop
      vertex 36.7553 15.5589 4
      vertex 36.7128 15.6142 9
      vertex 36.7128 15.6142 4
    endloop
  endfacet
  facet normal -0.79289 -0.609364 0
    outer loop
      vertex 36.7128 15.6142 9
      vertex 36.7553 15.5589 4
      vertex 36.7553 15.5589 9
    endloop
  endfacet
  facet normal 0.953583 0.301131 0
    outer loop
      vertex -36.8517 -15.3736 9
      vertex -36.8727 -15.3071 4
      vertex -36.8727 -15.3071 9
    endloop
  endfacet
  facet normal 0.953583 0.301131 0
    outer loop
      vertex -36.8727 -15.3071 4
      vertex -36.8517 -15.3736 9
      vertex -36.8517 -15.3736 4
    endloop
  endfacet
  facet normal -0.537061 -0.843544 0
    outer loop
      vertex 36.5 15.7928 4
      vertex 36.5589 15.7553 9
      vertex 36.5 15.7928 9
    endloop
  endfacet
  facet normal -0.537061 -0.843544 -0
    outer loop
      vertex 36.5589 15.7553 9
      vertex 36.5 15.7928 4
      vertex 36.5589 15.7553 4
    endloop
  endfacet
  facet normal 0.331301 0.799388 -0.501217
    outer loop
      vertex -1.15797 25.4397 0
      vertex -1.65477 38.8126 21
      vertex -1.07738 25.4063 0
    endloop
  endfacet
  facet normal 0.331283 0.799393 -0.50122
    outer loop
      vertex -1.15797 25.4397 0
      vertex -1.81596 38.8794 21
      vertex -1.65477 38.8126 21
    endloop
  endfacet
  facet normal 0.404137 0.775983 -0.484276
    outer loop
      vertex -1.07738 25.4063 0
      vertex -1.5 38.7321 21
      vertex -1 25.366 0
    endloop
  endfacet
  facet normal -0.403693 0.776145 -0.484388
    outer loop
      vertex -4.34523 38.8126 21
      vertex -4.92262 25.4063 0
      vertex -4.5 38.7321 21
    endloop
  endfacet
  facet normal 0.0435566 0.999051 -0
    outer loop
      vertex -2.32568 38.9924 21
      vertex -2.5 39 34
      vertex -2.32568 38.9924 34
    endloop
  endfacet
  facet normal 0.0435566 0.999051 0
    outer loop
      vertex -2.5 39 34
      vertex -2.32568 38.9924 21
      vertex -2.5 39 21
    endloop
  endfacet
  facet normal 0.475331 0.747306 -0.464321
    outer loop
      vertex -1 25.366 0
      vertex -1.35284 38.6383 21
      vertex -0.926422 25.3192 0
    endloop
  endfacet
  facet normal 0.47611 0.746955 -0.464087
    outer loop
      vertex -1.35284 38.6383 21
      vertex -1 25.366 0
      vertex -1.5 38.7321 21
    endloop
  endfacet
  facet normal -0.793293 0.608841 0
    outer loop
      vertex -5.13831 38.1472 21
      vertex -5.03209 38.2856 34
      vertex -5.03209 38.2856 21
    endloop
  endfacet
  facet normal -0.793293 0.608841 0
    outer loop
      vertex -5.03209 38.2856 34
      vertex -5.13831 38.1472 21
      vertex -5.13831 38.1472 34
    endloop
  endfacet
  facet normal 0.461441 0.887171 -0
    outer loop
      vertex -1.5 38.7321 21
      vertex -1.65477 38.8126 34
      vertex -1.5 38.7321 34
    endloop
  endfacet
  facet normal 0.461441 0.887171 0
    outer loop
      vertex -1.65477 38.8126 34
      vertex -1.5 38.7321 21
      vertex -1.65477 38.8126 21
    endloop
  endfacet
  facet normal -0.923912 -0.382447 0.010979
    outer loop
      vertex -5.31262 24.1548 34
      vertex -5.39046 23.8505 16.8495
      vertex -5.36985 23.8021 16.8979
    endloop
  endfacet
  facet normal 0.615147 0.671235 -0.413567
    outer loop
      vertex -0.792892 25.2071 0
      vertex -1.21443 38.5321 21
      vertex -1.08578 38.4142 21
    endloop
  endfacet
  facet normal -0.257904 0.817432 -0.515064
    outer loop
      vertex -4.01764 38.9319 21
      vertex -4.84203 25.4397 0
      vertex -4.18404 38.8794 21
    endloop
  endfacet
  facet normal -0.88679 -0.462004 0.0124955
    outer loop
      vertex -5.33812 23.7428 16.9572
      vertex -5.31262 24.1548 34
      vertex -5.36985 23.8021 16.8979
    endloop
  endfacet
  facet normal -0.886997 -0.461605 0.0124862
    outer loop
      vertex -5.31262 24.1548 34
      vertex -5.33812 23.7428 16.9572
      vertex -5.23206 24 34
    endloop
  endfacet
  facet normal 0.987531 0.135108 -0.0807975
    outer loop
      vertex -0.503799 24.5872 0
      vertex -0.504081 24.7221 0.22213
      vertex -0.503839 24.7176 0.217563
    endloop
  endfacet
  facet normal 0.988448 0.130075 -0.0777859
    outer loop
      vertex -0.504076 25.5 1.52296
      vertex -0.53038 37.3473 21
      vertex -0.507614 37.1743 21
    endloop
  endfacet
  facet normal 0.988449 0.130071 -0.0777835
    outer loop
      vertex -0.53038 37.3473 21
      vertex -0.504076 25.5 1.52296
      vertex -0.505701 25.5 1.50231
    endloop
  endfacet
  facet normal -0.887067 0.461641 0
    outer loop
      vertex -5.31262 37.8452 21
      vertex -5.23206 38 34
      vertex -5.23206 38 21
    endloop
  endfacet
  facet normal -0.887067 0.461641 0
    outer loop
      vertex -5.23206 38 34
      vertex -5.31262 37.8452 21
      vertex -5.31262 37.8452 34
    endloop
  endfacet
  facet normal 0.216081 0.976375 -0
    outer loop
      vertex -1.98236 38.9319 21
      vertex -2.15271 38.9696 34
      vertex -1.98236 38.9319 34
    endloop
  endfacet
  facet normal 0.216081 0.976375 0
    outer loop
      vertex -2.15271 38.9696 34
      vertex -1.98236 38.9319 21
      vertex -2.15271 38.9696 21
    endloop
  endfacet
  facet normal 0.938449 0.295877 -0.17824
    outer loop
      vertex -0.535143 25.1595 0.659519
      vertex -0.560303 24.842 0
      vertex -0.560625 25.3628 0.862831
    endloop
  endfacet
  facet normal 0.938456 0.295862 -0.178232
    outer loop
      vertex -0.560303 24.842 0
      vertex -0.535143 25.1595 0.659519
      vertex -0.534073 24.7588 0
    endloop
  endfacet
  facet normal 0.938461 0.295849 -0.178224
    outer loop
      vertex -0.56071 25.5 1.09008
      vertex -0.568146 37.5176 21
      vertex -0.536052 25.5 1.21992
    endloop
  endfacet
  facet normal 0 0.841178 -0.540758
    outer loop
      vertex -1.5 25.5 0
      vertex -3.5 39 21
      vertex -2.5 39 21
    endloop
  endfacet
  facet normal 0 0.841178 -0.540758
    outer loop
      vertex -3.5 39 21
      vertex -1.5 25.5 0
      vertex -4.5 25.5 0
    endloop
  endfacet
  facet normal 0.743426 0.570633 -0.348848
    outer loop
      vertex -0.733963 25.1428 0
      vertex -0.967911 38.2856 21
      vertex -0.680847 25.0736 0
    endloop
  endfacet
  facet normal 0.0366836 0.841406 -0.539157
    outer loop
      vertex -1.5 25.5 0
      vertex -2.5 39 21
      vertex -1.41284 25.4962 0
    endloop
  endfacet
  facet normal 0.998718 0.0435106 -0.0258787
    outer loop
      vertex -0.5 24.5 0
      vertex -0.503799 24.5872 0
      vertex -0.503761 24.7131 0.213146
    endloop
  endfacet
  facet normal 0.998716 0.0435353 -0.0259139
    outer loop
      vertex -0.5 25.5 1.68
      vertex -0.50352 25.5 1.54434
      vertex -0.5 37 21
    endloop
  endfacet
  facet normal -0.462181 -0.886698 0.0124926
    outer loop
      vertex -4.5 23.2679 34
      vertex -4.81783 23.1828 16.2013
      vertex -4.76953 23.1568 16.1428
    endloop
  endfacet
  facet normal 0.887083 -0.461442 0.0124845
    outer loop
      vertex -0.767944 24 34
      vertex -0.684746 23.7 17
      vertex -0.66188 23.7428 16.9572
    endloop
  endfacet
  facet normal 0.888558 -0.458595 0.0124415
    outer loop
      vertex -0.684746 23.7 17
      vertex -0.767944 24 34
      vertex -0.686604 23.6964 17
    endloop
  endfacet
  facet normal 0.67556 -0.737157 0.0147793
    outer loop
      vertex -1.21443 23.4679 34
      vertex -0.904828 23.4048 16.7009
      vertex -1.08578 23.5858 34
    endloop
  endfacet
  facet normal 0.675559 -0.737158 0.0147793
    outer loop
      vertex -0.904828 23.4048 16.7009
      vertex -1.21443 23.4679 34
      vertex -0.952446 23.3591 16.5981
    endloop
  endfacet
  facet normal 0.0366836 0.841406 -0.539157
    outer loop
      vertex -1.41284 25.4962 0
      vertex -2.5 39 21
      vertex -2.32568 38.9924 21
    endloop
  endfacet
  facet normal 0.999052 -0.0434982 0.00155342
    outer loop
      vertex -0.5 25 34
      vertex -0.50239 24.316 16.384
      vertex -0.5 24.369 16.331
    endloop
  endfacet
  facet normal 0.257904 0.817432 -0.515064
    outer loop
      vertex -1.15797 25.4397 0
      vertex -1.98236 38.9319 21
      vertex -1.81596 38.8794 21
    endloop
  endfacet
  facet normal -0.998765 0.0426915 -0.0254042
    outer loop
      vertex -5.4962 24.5872 0
      vertex -5.49624 24.7131 0.213146
      vertex -5.49616 24.7176 0.217563
    endloop
  endfacet
  facet normal -0.998691 0.0439439 -0.0261584
    outer loop
      vertex -5.49648 25.5 1.54434
      vertex -5.49239 37.1743 21
      vertex -5.49592 25.5 1.52296
    endloop
  endfacet
  facet normal -0.998712 0.0436041 -0.0259545
    outer loop
      vertex -5.49239 37.1743 21
      vertex -5.49648 25.5 1.54434
      vertex -5.5 37 21
    endloop
  endfacet
  facet normal 0.923908 0.382614 0
    outer loop
      vertex -0.620621 37.684 34
      vertex -0.687378 37.8452 21
      vertex -0.687378 37.8452 34
    endloop
  endfacet
  facet normal 0.923908 0.382614 0
    outer loop
      vertex -0.687378 37.8452 21
      vertex -0.620621 37.684 34
      vertex -0.620621 37.684 21
    endloop
  endfacet
  facet normal -0.743464 0.570598 -0.348825
    outer loop
      vertex -5.26604 25.1428 0
      vertex -5.31915 25.0736 0
      vertex -5.03209 38.2856 21
    endloop
  endfacet
  facet normal 0.300885 0.953661 -0
    outer loop
      vertex -1.81596 38.8794 21
      vertex -1.98236 38.9319 34
      vertex -1.81596 38.8794 34
    endloop
  endfacet
  facet normal 0.300885 0.953661 0
    outer loop
      vertex -1.98236 38.9319 34
      vertex -1.81596 38.8794 21
      vertex -1.98236 38.9319 21
    endloop
  endfacet
  facet normal 0.546464 0.712205 -0.440614
    outer loop
      vertex -0.926422 25.3192 0
      vertex -1.35284 38.6383 21
      vertex -1.21443 38.5321 21
    endloop
  endfacet
  facet normal -0.257413 0.817533 -0.515148
    outer loop
      vertex -4.75882 25.4659 0
      vertex -4.84203 25.4397 0
      vertex -4.01764 38.9319 21
    endloop
  endfacet
  facet normal 0.999047 0.0436417 0
    outer loop
      vertex -0.5 37 34
      vertex -0.507614 37.1743 21
      vertex -0.507614 37.1743 34
    endloop
  endfacet
  facet normal 0.999047 0.0436417 0
    outer loop
      vertex -0.507614 37.1743 21
      vertex -0.5 37 34
      vertex -0.5 37 21
    endloop
  endfacet
  facet normal 0.998827 0.0416158 -0.0247595
    outer loop
      vertex -0.503799 24.5872 0
      vertex -0.503839 24.7176 0.217563
      vertex -0.503761 24.7131 0.213146
    endloop
  endfacet
  facet normal 0.99871 0.043627 -0.0259681
    outer loop
      vertex -0.50352 25.5 1.54434
      vertex -0.507614 37.1743 21
      vertex -0.5 37 21
    endloop
  endfacet
  facet normal 0.99871 0.0436337 -0.0259721
    outer loop
      vertex -0.507614 37.1743 21
      vertex -0.50352 25.5 1.54434
      vertex -0.504076 25.5 1.52296
    endloop
  endfacet
  facet normal 0.85417 0.444554 -0.269751
    outer loop
      vertex -0.593689 24.9226 0
      vertex -0.767944 38 21
      vertex -0.687378 37.8452 21
    endloop
  endfacet
  facet normal 0.999046 -0.0436416 0.00155895
    outer loop
      vertex -0.505223 24.2534 16.4466
      vertex -0.5 25 34
      vertex -0.507614 24.8257 34
    endloop
  endfacet
  facet normal 0.999046 -0.043653 0.00155943
    outer loop
      vertex -0.5 25 34
      vertex -0.505223 24.2534 16.4466
      vertex -0.50239 24.316 16.384
    endloop
  endfacet
  facet normal -0.461441 0.887171 0
    outer loop
      vertex -4.34523 38.8126 21
      vertex -4.5 38.7321 34
      vertex -4.34523 38.8126 34
    endloop
  endfacet
  facet normal -0.461441 0.887171 0
    outer loop
      vertex -4.5 38.7321 34
      vertex -4.34523 38.8126 21
      vertex -4.5 38.7321 21
    endloop
  endfacet
  facet normal 0.183774 0.830395 -0.525995
    outer loop
      vertex -1.24118 25.4659 0
      vertex -2.15271 38.9696 21
      vertex -1.98236 38.9319 21
    endloop
  endfacet
  facet normal 1 -0 0
    outer loop
      vertex -0.5 34.4848 26.3486
      vertex -0.5 37 21
      vertex -0.5 37 34
    endloop
  endfacet
  facet normal 1 0 0
    outer loop
      vertex -0.5 37 21
      vertex -0.5 34.4848 26.3486
      vertex -0.5 34.5 26
    endloop
  endfacet
  facet normal 1 0 0
    outer loop
      vertex -0.5 37 34
      vertex -0.5 34.4392 26.6946
      vertex -0.5 34.4848 26.3486
    endloop
  endfacet
  facet normal 1 0 0
    outer loop
      vertex -0.5 37 34
      vertex -0.5 34.3637 27.0353
      vertex -0.5 34.4392 26.6946
    endloop
  endfacet
  facet normal 1 0 0
    outer loop
      vertex -0.5 37 34
      vertex -0.5 34.2588 27.3681
      vertex -0.5 34.3637 27.0353
    endloop
  endfacet
  facet normal 1 0 0
    outer loop
      vertex -0.5 37 34
      vertex -0.5 34.1252 27.6905
      vertex -0.5 34.2588 27.3681
    endloop
  endfacet
  facet normal 1 0 0
    outer loop
      vertex -0.5 37 34
      vertex -0.5 33.9641 28
      vertex -0.5 34.1252 27.6905
    endloop
  endfacet
  facet normal 1 0 0
    outer loop
      vertex -0.5 37 34
      vertex -0.5 33.7766 28.2943
      vertex -0.5 33.9641 28
    endloop
  endfacet
  facet normal 1 0 0
    outer loop
      vertex -0.5 37 34
      vertex -0.5 33.5642 28.5712
      vertex -0.5 33.7766 28.2943
    endloop
  endfacet
  facet normal 1 0 0
    outer loop
      vertex -0.5 37 34
      vertex -0.5 30.7298 31.7928
      vertex -0.5 33.5642 28.5712
    endloop
  endfacet
  facet normal 1 0 0
    outer loop
      vertex -0.5 37 34
      vertex -0.5 30.7121 31.8121
      vertex -0.5 30.7298 31.7928
    endloop
  endfacet
  facet normal 1 0 0
    outer loop
      vertex -0.5 37 34
      vertex -0.5 30.6928 31.8298
      vertex -0.5 30.7121 31.8121
    endloop
  endfacet
  facet normal 1 0 0
    outer loop
      vertex -0.5 37 34
      vertex -0.5 30.6721 31.8457
      vertex -0.5 30.6928 31.8298
    endloop
  endfacet
  facet normal 1 0 0
    outer loop
      vertex -0.5 37 34
      vertex -0.5 30.65 31.8598
      vertex -0.5 30.6721 31.8457
    endloop
  endfacet
  facet normal 1 0 0
    outer loop
      vertex -0.5 37 34
      vertex -0.5 30.6268 31.8719
      vertex -0.5 30.65 31.8598
    endloop
  endfacet
  facet normal 1 0 0
    outer loop
      vertex -0.5 37 34
      vertex -0.5 30.6026 31.8819
      vertex -0.5 30.6268 31.8719
    endloop
  endfacet
  facet normal 1 0 0
    outer loop
      vertex -0.5 37 34
      vertex -0.5 30.5776 31.8898
      vertex -0.5 30.6026 31.8819
    endloop
  endfacet
  facet normal 1 0 0
    outer loop
      vertex -0.5 37 34
      vertex -0.5 30.5521 31.8954
      vertex -0.5 30.5776 31.8898
    endloop
  endfacet
  facet normal 1 0 0
    outer loop
      vertex -0.5 37 34
      vertex -0.5 30.5261 31.8989
      vertex -0.5 30.5521 31.8954
    endloop
  endfacet
  facet normal 1 0 0
    outer loop
      vertex -0.5 37 34
      vertex -0.5 30.5 31.9
      vertex -0.5 30.5261 31.8989
    endloop
  endfacet
  facet normal 1 -0 0
    outer loop
      vertex -0.5 25 34
      vertex -0.5 30.5 31.9
      vertex -0.5 37 34
    endloop
  endfacet
  facet normal 1 0 0
    outer loop
      vertex -0.5 30.5 31.9
      vertex -0.5 25 34
      vertex -0.5 30.4739 31.8989
    endloop
  endfacet
  facet normal 1 0 0
    outer loop
      vertex -0.5 30.4739 31.8989
      vertex -0.5 25 34
      vertex -0.5 30.4479 31.8954
    endloop
  endfacet
  facet normal 1 0 0
    outer loop
      vertex -0.5 30.4479 31.8954
      vertex -0.5 25 34
      vertex -0.5 30.4224 31.8898
    endloop
  endfacet
  facet normal 1 0 0
    outer loop
      vertex -0.5 25 34
      vertex -0.5 26.5 26
      vertex -0.5 26.5152 26.3486
    endloop
  endfacet
  facet normal 1 0 0
    outer loop
      vertex -0.5 30.4224 31.8898
      vertex -0.5 25 34
      vertex -0.5 30.3974 31.8819
    endloop
  endfacet
  facet normal 1 0 0
    outer loop
      vertex -0.5 25 34
      vertex -0.5 30.3732 31.8719
      vertex -0.5 30.3974 31.8819
    endloop
  endfacet
  facet normal 1 0 0
    outer loop
      vertex -0.5 25 34
      vertex -0.5 30.35 31.8598
      vertex -0.5 30.3732 31.8719
    endloop
  endfacet
  facet normal 1 0 0
    outer loop
      vertex -0.5 25 34
      vertex -0.5 30.3279 31.8457
      vertex -0.5 30.35 31.8598
    endloop
  endfacet
  facet normal 1 0 0
    outer loop
      vertex -0.5 25 34
      vertex -0.5 30.3072 31.8298
      vertex -0.5 30.3279 31.8457
    endloop
  endfacet
  facet normal 1 0 0
    outer loop
      vertex -0.5 25 34
      vertex -0.5 30.2879 31.8121
      vertex -0.5 30.3072 31.8298
    endloop
  endfacet
  facet normal 1 0 0
    outer loop
      vertex -0.5 25 34
      vertex -0.5 30.2702 31.7928
      vertex -0.5 30.2879 31.8121
    endloop
  endfacet
  facet normal 1 0 0
    outer loop
      vertex -0.5 25 34
      vertex -0.5 27.4358 28.5712
      vertex -0.5 30.2702 31.7928
    endloop
  endfacet
  facet normal 1 0 0
    outer loop
      vertex -0.5 25 34
      vertex -0.5 27.2234 28.2943
      vertex -0.5 27.4358 28.5712
    endloop
  endfacet
  facet normal 1 0 0
    outer loop
      vertex -0.5 25 34
      vertex -0.5 27.0359 28
      vertex -0.5 27.2234 28.2943
    endloop
  endfacet
  facet normal 1 0 0
    outer loop
      vertex -0.5 25 34
      vertex -0.5 26.8748 27.6905
      vertex -0.5 27.0359 28
    endloop
  endfacet
  facet normal 1 0 0
    outer loop
      vertex -0.5 25 34
      vertex -0.5 26.7412 27.3681
      vertex -0.5 26.8748 27.6905
    endloop
  endfacet
  facet normal 1 0 0
    outer loop
      vertex -0.5 25 34
      vertex -0.5 26.6363 27.0353
      vertex -0.5 26.7412 27.3681
    endloop
  endfacet
  facet normal 1 0 0
    outer loop
      vertex -0.5 25 34
      vertex -0.5 26.5608 26.6946
      vertex -0.5 26.6363 27.0353
    endloop
  endfacet
  facet normal 1 0 0
    outer loop
      vertex -0.5 25 34
      vertex -0.5 26.5152 26.3486
      vertex -0.5 26.5608 26.6946
    endloop
  endfacet
  facet normal 1 0 0
    outer loop
      vertex -0.5 26.5 26
      vertex -0.5 25 34
      vertex -0.5 24.369 16.331
    endloop
  endfacet
  facet normal 1 0 0
    outer loop
      vertex -0.5 26.5 26
      vertex -0.5 24.369 16.331
      vertex -0.5 25.5 15.2
    endloop
  endfacet
  facet normal 1 -0 0
    outer loop
      vertex -0.5 34.4848 25.6514
      vertex -0.5 37 21
      vertex -0.5 34.5 26
    endloop
  endfacet
  facet normal 1 -0 0
    outer loop
      vertex -0.5 34.4392 25.3054
      vertex -0.5 37 21
      vertex -0.5 34.4848 25.6514
    endloop
  endfacet
  facet normal 1 -0 0
    outer loop
      vertex -0.5 34.3637 24.9647
      vertex -0.5 37 21
      vertex -0.5 34.4392 25.3054
    endloop
  endfacet
  facet normal 1 -0 0
    outer loop
      vertex -0.5 34.2588 24.6319
      vertex -0.5 37 21
      vertex -0.5 34.3637 24.9647
    endloop
  endfacet
  facet normal 1 -0 0
    outer loop
      vertex -0.5 34.1252 24.3095
      vertex -0.5 37 21
      vertex -0.5 34.2588 24.6319
    endloop
  endfacet
  facet normal 1 -0 0
    outer loop
      vertex -0.5 33.9641 24
      vertex -0.5 37 21
      vertex -0.5 34.1252 24.3095
    endloop
  endfacet
  facet normal 1 -0 0
    outer loop
      vertex -0.5 33.7766 23.7057
      vertex -0.5 37 21
      vertex -0.5 33.9641 24
    endloop
  endfacet
  facet normal 1 -0 0
    outer loop
      vertex -0.5 33.5642 23.4289
      vertex -0.5 37 21
      vertex -0.5 33.7766 23.7057
    endloop
  endfacet
  facet normal 1 -0 0
    outer loop
      vertex -0.5 33.3284 23.1716
      vertex -0.5 37 21
      vertex -0.5 33.5642 23.4289
    endloop
  endfacet
  facet normal 1 -0 0
    outer loop
      vertex -0.5 33.0712 22.9358
      vertex -0.5 37 21
      vertex -0.5 33.3284 23.1716
    endloop
  endfacet
  facet normal 1 -0 0
    outer loop
      vertex -0.5 32.7943 22.7234
      vertex -0.5 37 21
      vertex -0.5 33.0712 22.9358
    endloop
  endfacet
  facet normal 1 -0 0
    outer loop
      vertex -0.5 32.5 22.5359
      vertex -0.5 37 21
      vertex -0.5 32.7943 22.7234
    endloop
  endfacet
  facet normal 1 -0 0
    outer loop
      vertex -0.5 32.1905 22.3748
      vertex -0.5 37 21
      vertex -0.5 32.5 22.5359
    endloop
  endfacet
  facet normal 1 -0 0
    outer loop
      vertex -0.5 31.8681 22.2412
      vertex -0.5 37 21
      vertex -0.5 32.1905 22.3748
    endloop
  endfacet
  facet normal 1 -0 0
    outer loop
      vertex -0.5 31.5353 22.1363
      vertex -0.5 37 21
      vertex -0.5 31.8681 22.2412
    endloop
  endfacet
  facet normal 1 -0 0
    outer loop
      vertex -0.5 31.1946 22.0608
      vertex -0.5 37 21
      vertex -0.5 31.5353 22.1363
    endloop
  endfacet
  facet normal 1 0 0
    outer loop
      vertex -0.5 25.5 15.2
      vertex -0.5 31.1946 22.0608
      vertex -0.5 30.8486 22.0152
    endloop
  endfacet
  facet normal 1 0 0
    outer loop
      vertex -0.5 25.5 15.2
      vertex -0.5 30.8486 22.0152
      vertex -0.5 30.5 22
    endloop
  endfacet
  facet normal 1 0 0
    outer loop
      vertex -0.5 25.5 15.2
      vertex -0.5 30.5 22
      vertex -0.5 30.1514 22.0152
    endloop
  endfacet
  facet normal 1 0 0
    outer loop
      vertex -0.5 25.5 15.2
      vertex -0.5 30.1514 22.0152
      vertex -0.5 29.8054 22.0608
    endloop
  endfacet
  facet normal 1 0 0
    outer loop
      vertex -0.5 25.5 15.2
      vertex -0.5 26.5152 25.6514
      vertex -0.5 26.5 26
    endloop
  endfacet
  facet normal 1 0 0
    outer loop
      vertex -0.5 25.5 15.2
      vertex -0.5 26.5608 25.3054
      vertex -0.5 26.5152 25.6514
    endloop
  endfacet
  facet normal 1 0 0
    outer loop
      vertex -0.5 25.5 15.2
      vertex -0.5 26.6363 24.9647
      vertex -0.5 26.5608 25.3054
    endloop
  endfacet
  facet normal 1 0 0
    outer loop
      vertex -0.5 25.5 15.2
      vertex -0.5 26.7412 24.6319
      vertex -0.5 26.6363 24.9647
    endloop
  endfacet
  facet normal 1 0 0
    outer loop
      vertex -0.5 25.5 15.2
      vertex -0.5 26.8748 24.3095
      vertex -0.5 26.7412 24.6319
    endloop
  endfacet
  facet normal 1 0 0
    outer loop
      vertex -0.5 25.5 15.2
      vertex -0.5 27.0359 24
      vertex -0.5 26.8748 24.3095
    endloop
  endfacet
  facet normal 1 0 0
    outer loop
      vertex -0.5 25.5 15.2
      vertex -0.5 27.2234 23.7057
      vertex -0.5 27.0359 24
    endloop
  endfacet
  facet normal 1 0 0
    outer loop
      vertex -0.5 25.5 15.2
      vertex -0.5 27.4358 23.4289
      vertex -0.5 27.2234 23.7057
    endloop
  endfacet
  facet normal 1 0 0
    outer loop
      vertex -0.5 25.5 15.2
      vertex -0.5 27.6716 23.1716
      vertex -0.5 27.4358 23.4289
    endloop
  endfacet
  facet normal 1 0 0
    outer loop
      vertex -0.5 25.5 15.2
      vertex -0.5 27.9288 22.9358
      vertex -0.5 27.6716 23.1716
    endloop
  endfacet
  facet normal 1 0 0
    outer loop
      vertex -0.5 25.5 15.2
      vertex -0.5 28.2057 22.7234
      vertex -0.5 27.9288 22.9358
    endloop
  endfacet
  facet normal 1 0 0
    outer loop
      vertex -0.5 25.5 15.2
      vertex -0.5 28.5 22.5359
      vertex -0.5 28.2057 22.7234
    endloop
  endfacet
  facet normal 1 0 0
    outer loop
      vertex -0.5 25.5 15.2
      vertex -0.5 28.8095 22.3748
      vertex -0.5 28.5 22.5359
    endloop
  endfacet
  facet normal 1 0 0
    outer loop
      vertex -0.5 25.5 15.2
      vertex -0.5 29.1319 22.2412
      vertex -0.5 28.8095 22.3748
    endloop
  endfacet
  facet normal 1 0 0
    outer loop
      vertex -0.5 25.5 15.2
      vertex -0.5 29.4647 22.1363
      vertex -0.5 29.1319 22.2412
    endloop
  endfacet
  facet normal 1 0 0
    outer loop
      vertex -0.5 25.5 15.2
      vertex -0.5 29.8054 22.0608
      vertex -0.5 29.4647 22.1363
    endloop
  endfacet
  facet normal 1 0 0
    outer loop
      vertex -0.5 31.1946 22.0608
      vertex -0.5 25.5 15.2
      vertex -0.5 37 21
    endloop
  endfacet
  facet normal 1 0 0
    outer loop
      vertex -0.5 37 21
      vertex -0.5 25.5 15.2
      vertex -0.5 25.5 1.68
    endloop
  endfacet
  facet normal 0.976282 0.216502 0
    outer loop
      vertex -0.53038 37.3473 34
      vertex -0.568146 37.5176 21
      vertex -0.568146 37.5176 34
    endloop
  endfacet
  facet normal 0.976282 0.216502 0
    outer loop
      vertex -0.568146 37.5176 21
      vertex -0.53038 37.3473 34
      vertex -0.53038 37.3473 21
    endloop
  endfacet
  facet normal 0.90145 0.370451 -0.223949
    outer loop
      vertex -0.560303 24.842 0
      vertex -0.565738 25.3982 0.898177
      vertex -0.562832 25.3804 0.88043
    endloop
  endfacet
  facet normal 0.900139 0.37277 -0.225372
    outer loop
      vertex -0.563393 25.5 1.07596
      vertex -0.687378 37.8452 21
      vertex -0.620621 37.684 21
    endloop
  endfacet
  facet normal 0.900139 0.37277 -0.225372
    outer loop
      vertex -0.687378 37.8452 21
      vertex -0.563393 25.5 1.07596
      vertex -0.566733 25.5 1.06262
    endloop
  endfacet
  facet normal -0.854187 0.44453 -0.269736
    outer loop
      vertex -5.36603 25 0
      vertex -5.40631 24.9226 0
      vertex -5.23206 38 21
    endloop
  endfacet
  facet normal 0.675634 0.737237 -0
    outer loop
      vertex -1.08578 38.4142 21
      vertex -1.21443 38.5321 34
      vertex -1.08578 38.4142 34
    endloop
  endfacet
  facet normal 0.675634 0.737237 0
    outer loop
      vertex -1.21443 38.5321 34
      vertex -1.08578 38.4142 21
      vertex -1.21443 38.5321 21
    endloop
  endfacet
  facet normal -0.0366836 0.841406 -0.539157
    outer loop
      vertex -4.5 25.5 0
      vertex -4.58716 25.4962 0
      vertex -3.5 39 21
    endloop
  endfacet
  facet normal -0.110491 0.838274 -0.533936
    outer loop
      vertex -4.58716 25.4962 0
      vertex -4.67365 25.4848 0
      vertex -3.84729 38.9696 21
    endloop
  endfacet
  facet normal -0.537498 0.843265 0
    outer loop
      vertex -4.5 38.7321 21
      vertex -4.64716 38.6383 34
      vertex -4.5 38.7321 34
    endloop
  endfacet
  facet normal -0.537498 0.843265 0
    outer loop
      vertex -4.64716 38.6383 34
      vertex -4.5 38.7321 21
      vertex -4.64716 38.6383 21
    endloop
  endfacet
  facet normal 0.382844 0.923813 -0
    outer loop
      vertex -1.65477 38.8126 21
      vertex -1.81596 38.8794 34
      vertex -1.65477 38.8126 34
    endloop
  endfacet
  facet normal 0.382844 0.923813 0
    outer loop
      vertex -1.81596 38.8794 34
      vertex -1.65477 38.8126 21
      vertex -1.81596 38.8794 21
    endloop
  endfacet
  facet normal 0.257413 0.817533 -0.515148
    outer loop
      vertex -1.24118 25.4659 0
      vertex -1.98236 38.9319 21
      vertex -1.15797 25.4397 0
    endloop
  endfacet
  facet normal -0.976277 0.216524 0
    outer loop
      vertex -5.46962 37.3473 21
      vertex -5.43185 37.5176 34
      vertex -5.43185 37.5176 21
    endloop
  endfacet
  facet normal -0.976277 0.216524 0
    outer loop
      vertex -5.43185 37.5176 34
      vertex -5.46962 37.3473 21
      vertex -5.46962 37.3473 34
    endloop
  endfacet
  facet normal 0.737195 0.67568 0
    outer loop
      vertex -0.967911 38.2856 34
      vertex -1.08578 38.4142 21
      vertex -1.08578 38.4142 34
    endloop
  endfacet
  facet normal 0.737195 0.67568 0
    outer loop
      vertex -1.08578 38.4142 21
      vertex -0.967911 38.2856 34
      vertex -0.967911 38.2856 21
    endloop
  endfacet
  facet normal -0.887049 -0.461506 0.012485
    outer loop
      vertex -5.31525 23.7 17
      vertex -5.23206 24 34
      vertex -5.33812 23.7428 16.9572
    endloop
  endfacet
  facet normal -0.889363 -0.457034 0.0124174
    outer loop
      vertex -5.23206 24 34
      vertex -5.31525 23.7 17
      vertex -5.3134 23.6964 17
    endloop
  endfacet
  facet normal 0.537498 0.843265 -0
    outer loop
      vertex -1.35284 38.6383 21
      vertex -1.5 38.7321 34
      vertex -1.35284 38.6383 34
    endloop
  endfacet
  facet normal 0.537498 0.843265 0
    outer loop
      vertex -1.5 38.7321 34
      vertex -1.35284 38.6383 21
      vertex -1.5 38.7321 21
    endloop
  endfacet
  facet normal 0.130684 0.991424 -0
    outer loop
      vertex -2.15271 38.9696 21
      vertex -2.32568 38.9924 34
      vertex -2.15271 38.9696 34
    endloop
  endfacet
  facet normal 0.130684 0.991424 0
    outer loop
      vertex -2.32568 38.9924 34
      vertex -2.15271 38.9696 21
      vertex -2.32568 38.9924 21
    endloop
  endfacet
  facet normal 0.953662 -0.300742 0.00912238
    outer loop
      vertex -0.583543 23.9115 16.7885
      vertex -0.568146 24.4824 34
      vertex -0.620621 24.316 34
    endloop
  endfacet
  facet normal 0.95369 -0.300654 0.00911944
    outer loop
      vertex -0.568146 24.4824 34
      vertex -0.583543 23.9115 16.7885
      vertex -0.563307 23.9738 16.7262
    endloop
  endfacet
  facet normal 0.608678 -0.793287 0.0143916
    outer loop
      vertex -1.35284 23.3617 34
      vertex -1.03378 23.2879 16.4377
      vertex -1.21443 23.4679 34
    endloop
  endfacet
  facet normal 0.608937 -0.793088 0.0143955
    outer loop
      vertex -1.03378 23.2879 16.4377
      vertex -1.35284 23.3617 34
      vertex -1.084 23.2477 16.3473
    endloop
  endfacet
  facet normal -0.0366836 0.841406 -0.539157
    outer loop
      vertex -3.5 39 21
      vertex -4.58716 25.4962 0
      vertex -3.67432 38.9924 21
    endloop
  endfacet
  facet normal -0.130494 -0.991439 0.00439159
    outer loop
      vertex -3.84729 23.0304 34
      vertex -4.38335 23.0205 15.8362
      vertex -4.32769 23.0131 15.8195
    endloop
  endfacet
  facet normal -0.675224 -0.737464 0.0147761
    outer loop
      vertex -4.78557 23.4679 34
      vertex -5.04755 23.3591 16.5981
      vertex -5.00865 23.3218 16.5141
    endloop
  endfacet
  facet normal -0.130683 -0.991414 0.00439656
    outer loop
      vertex -4.32769 23.0131 15.8195
      vertex -3.67432 23.0076 34
      vertex -3.84729 23.0304 34
    endloop
  endfacet
  facet normal -0.130702 -0.991412 0.00439724
    outer loop
      vertex -3.67432 23.0076 34
      vertex -4.32769 23.0131 15.8195
      vertex -4.26761 23.0051 15.8016
    endloop
  endfacet
  facet normal -0.217341 -0.976071 0.00694628
    outer loop
      vertex -3.84729 23.0304 34
      vertex -4.43771 23.0328 15.8637
      vertex -4.38335 23.0205 15.8362
    endloop
  endfacet
  facet normal 0.461405 -0.887102 0.0124835
    outer loop
      vertex -1.65477 23.1874 34
      vertex -1.23047 23.1568 16.1428
      vertex -1.5 23.2679 34
    endloop
  endfacet
  facet normal 0.46164 -0.88698 0.0124888
    outer loop
      vertex -1.23047 23.1568 16.1428
      vertex -1.65477 23.1874 34
      vertex -1.28517 23.1274 16.0767
    endloop
  endfacet
  facet normal -0.184258 0.830329 -0.525931
    outer loop
      vertex -4.67365 25.4848 0
      vertex -4.75882 25.4659 0
      vertex -3.84729 38.9696 21
    endloop
  endfacet
  facet normal 0.614874 0.671413 -0.413685
    outer loop
      vertex -0.857208 25.266 0
      vertex -1.21443 38.5321 21
      vertex -0.792892 25.2071 0
    endloop
  endfacet
  facet normal 0.110491 0.838274 -0.533936
    outer loop
      vertex -1.41284 25.4962 0
      vertex -2.15271 38.9696 21
      vertex -1.32635 25.4848 0
    endloop
  endfacet
  facet normal 0.96819 0.214535 -0.128774
    outer loop
      vertex -0.516188 25.5 1.36926
      vertex -0.533855 25.5 1.23643
      vertex -0.53038 37.3473 21
    endloop
  endfacet
  facet normal 0.96816 0.214626 -0.128847
    outer loop
      vertex -0.515514 24.938 0.437952
      vertex -0.534073 24.7588 0
      vertex -0.533959 25.1462 0.646162
    endloop
  endfacet
  facet normal 0.968197 0.214492 -0.128794
    outer loop
      vertex -0.534073 24.7588 0
      vertex -0.515514 24.938 0.437952
      vertex -0.515198 24.6736 0
    endloop
  endfacet
  facet normal 0.988421 0.130212 -0.0778984
    outer loop
      vertex -0.504081 24.7221 0.22213
      vertex -0.515198 24.6736 0
      vertex -0.515514 24.938 0.437952
    endloop
  endfacet
  facet normal 0.988393 0.130402 -0.0779383
    outer loop
      vertex -0.515198 24.6736 0
      vertex -0.504081 24.7221 0.22213
      vertex -0.503799 24.5872 0
    endloop
  endfacet
  facet normal 0.988413 0.130274 -0.0779067
    outer loop
      vertex -0.516188 25.5 1.36926
      vertex -0.53038 37.3473 21
      vertex -0.505701 25.5 1.50231
    endloop
  endfacet
  facet normal 0.953683 -0.300674 0.00912005
    outer loop
      vertex -0.547065 24.0238 16.6762
      vertex -0.568146 24.4824 34
      vertex -0.563307 23.9738 16.7262
    endloop
  endfacet
  facet normal 0 1 -0
    outer loop
      vertex -2.5 39 21
      vertex -3.5 39 34
      vertex -2.5 39 34
    endloop
  endfacet
  facet normal 0 1 0
    outer loop
      vertex -3.5 39 34
      vertex -2.5 39 21
      vertex -3.5 39 21
    endloop
  endfacet
  facet normal 0.991452 0.130471 0
    outer loop
      vertex -0.507614 37.1743 34
      vertex -0.53038 37.3473 21
      vertex -0.53038 37.3473 34
    endloop
  endfacet
  facet normal 0.991452 0.130471 0
    outer loop
      vertex -0.53038 37.3473 21
      vertex -0.507614 37.1743 34
      vertex -0.507614 37.1743 21
    endloop
  endfacet
  facet normal 0.743474 0.570589 -0.348819
    outer loop
      vertex -0.680847 25.0736 0
      vertex -0.967911 38.2856 21
      vertex -0.861694 38.1472 21
    endloop
  endfacet
  facet normal -0.382844 0.923813 0
    outer loop
      vertex -4.18404 38.8794 21
      vertex -4.34523 38.8126 34
      vertex -4.18404 38.8794 34
    endloop
  endfacet
  facet normal -0.382844 0.923813 0
    outer loop
      vertex -4.34523 38.8126 34
      vertex -4.18404 38.8794 21
      vertex -4.34523 38.8126 21
    endloop
  endfacet
  facet normal 0.608166 -0.793679 0.0143903
    outer loop
      vertex -0.991347 23.3218 16.5141
      vertex -1.21443 23.4679 34
      vertex -1.03378 23.2879 16.4377
    endloop
  endfacet
  facet normal 0.403693 0.776145 -0.484388
    outer loop
      vertex -1.07738 25.4063 0
      vertex -1.65477 38.8126 21
      vertex -1.5 38.7321 21
    endloop
  endfacet
  facet normal -0.67556 -0.737157 0.0147793
    outer loop
      vertex -5.09517 23.4048 16.7009
      vertex -4.78557 23.4679 34
      vertex -4.91422 23.5858 34
    endloop
  endfacet
  facet normal -0.675545 -0.737171 0.014779
    outer loop
      vertex -4.78557 23.4679 34
      vertex -5.09517 23.4048 16.7009
      vertex -5.04755 23.3591 16.5981
    endloop
  endfacet
  facet normal 0.680972 0.624148 -0.383035
    outer loop
      vertex -0.792892 25.2071 0
      vertex -1.08578 38.4142 21
      vertex -0.967911 38.2856 21
    endloop
  endfacet
  facet normal -0.681 0.624126 -0.383021
    outer loop
      vertex -5.20711 25.2071 0
      vertex -5.26604 25.1428 0
      vertex -5.03209 38.2856 21
    endloop
  endfacet
  facet normal -0.216076 -0.976352 0.00690595
    outer loop
      vertex -4.49692 23.0461 15.8938
      vertex -3.84729 23.0304 34
      vertex -4.01764 23.0681 34
    endloop
  endfacet
  facet normal -0.215819 -0.976409 0.0068967
    outer loop
      vertex -3.84729 23.0304 34
      vertex -4.49692 23.0461 15.8938
      vertex -4.43771 23.0328 15.8637
    endloop
  endfacet
  facet normal 0.3828 -0.923766 0.0109862
    outer loop
      vertex -1.28517 23.1274 16.0767
      vertex -1.65477 23.1874 34
      vertex -1.3359 23.1058 16.0281
    endloop
  endfacet
  facet normal -1 0 0
    outer loop
      vertex -5.5 34.4848 26.3486
      vertex -5.5 37 21
      vertex -5.5 34.5 26
    endloop
  endfacet
  facet normal -1 0 0
    outer loop
      vertex -5.5 37 21
      vertex -5.5 34.4848 25.6514
      vertex -5.5 34.5 26
    endloop
  endfacet
  facet normal -1 0 0
    outer loop
      vertex -5.5 37 21
      vertex -5.5 34.4392 25.3054
      vertex -5.5 34.4848 25.6514
    endloop
  endfacet
  facet normal -1 0 0
    outer loop
      vertex -5.5 37 21
      vertex -5.5 34.3637 24.9647
      vertex -5.5 34.4392 25.3054
    endloop
  endfacet
  facet normal -1 0 0
    outer loop
      vertex -5.5 37 21
      vertex -5.5 34.2588 24.6319
      vertex -5.5 34.3637 24.9647
    endloop
  endfacet
  facet normal -1 0 0
    outer loop
      vertex -5.5 37 21
      vertex -5.5 34.1252 24.3095
      vertex -5.5 34.2588 24.6319
    endloop
  endfacet
  facet normal -1 0 0
    outer loop
      vertex -5.5 37 21
      vertex -5.5 33.9641 24
      vertex -5.5 34.1252 24.3095
    endloop
  endfacet
  facet normal -1 0 0
    outer loop
      vertex -5.5 37 21
      vertex -5.5 33.7766 23.7057
      vertex -5.5 33.9641 24
    endloop
  endfacet
  facet normal -1 0 0
    outer loop
      vertex -5.5 37 21
      vertex -5.5 33.5642 23.4289
      vertex -5.5 33.7766 23.7057
    endloop
  endfacet
  facet normal -1 0 0
    outer loop
      vertex -5.5 37 21
      vertex -5.5 33.3284 23.1716
      vertex -5.5 33.5642 23.4289
    endloop
  endfacet
  facet normal -1 0 0
    outer loop
      vertex -5.5 37 21
      vertex -5.5 33.0712 22.9358
      vertex -5.5 33.3284 23.1716
    endloop
  endfacet
  facet normal -1 0 0
    outer loop
      vertex -5.5 37 21
      vertex -5.5 32.7943 22.7234
      vertex -5.5 33.0712 22.9358
    endloop
  endfacet
  facet normal -1 0 0
    outer loop
      vertex -5.5 37 21
      vertex -5.5 32.5 22.5359
      vertex -5.5 32.7943 22.7234
    endloop
  endfacet
  facet normal -1 0 0
    outer loop
      vertex -5.5 37 21
      vertex -5.5 32.1905 22.3748
      vertex -5.5 32.5 22.5359
    endloop
  endfacet
  facet normal -1 0 0
    outer loop
      vertex -5.5 37 21
      vertex -5.5 31.8681 22.2412
      vertex -5.5 32.1905 22.3748
    endloop
  endfacet
  facet normal -1 0 0
    outer loop
      vertex -5.5 37 21
      vertex -5.5 31.5353 22.1363
      vertex -5.5 31.8681 22.2412
    endloop
  endfacet
  facet normal -1 0 0
    outer loop
      vertex -5.5 37 21
      vertex -5.5 31.1946 22.0608
      vertex -5.5 31.5353 22.1363
    endloop
  endfacet
  facet normal -1 0 0
    outer loop
      vertex -5.5 25.5 15.2
      vertex -5.5 31.1946 22.0608
      vertex -5.5 37 21
    endloop
  endfacet
  facet normal -1 0 0
    outer loop
      vertex -5.5 31.1946 22.0608
      vertex -5.5 25.5 15.2
      vertex -5.5 30.8486 22.0152
    endloop
  endfacet
  facet normal -1 0 0
    outer loop
      vertex -5.5 30.8486 22.0152
      vertex -5.5 25.5 15.2
      vertex -5.5 30.5 22
    endloop
  endfacet
  facet normal -1 -0 0
    outer loop
      vertex -5.5 30.5 22
      vertex -5.5 25.5 15.2
      vertex -5.5 30.1514 22.0152
    endloop
  endfacet
  facet normal -1 -0 0
    outer loop
      vertex -5.5 26.6363 24.9647
      vertex -5.5 24.369 16.331
      vertex -5.5 26.5608 25.3054
    endloop
  endfacet
  facet normal -1 -0 0
    outer loop
      vertex -5.5 26.7412 24.6319
      vertex -5.5 24.369 16.331
      vertex -5.5 26.6363 24.9647
    endloop
  endfacet
  facet normal -1 -0 0
    outer loop
      vertex -5.5 26.8748 24.3095
      vertex -5.5 24.369 16.331
      vertex -5.5 26.7412 24.6319
    endloop
  endfacet
  facet normal -1 -0 0
    outer loop
      vertex -5.5 27.0359 24
      vertex -5.5 24.369 16.331
      vertex -5.5 26.8748 24.3095
    endloop
  endfacet
  facet normal -1 -0 0
    outer loop
      vertex -5.5 27.2234 23.7057
      vertex -5.5 24.369 16.331
      vertex -5.5 27.0359 24
    endloop
  endfacet
  facet normal -1 -0 0
    outer loop
      vertex -5.5 27.4358 23.4289
      vertex -5.5 24.369 16.331
      vertex -5.5 27.2234 23.7057
    endloop
  endfacet
  facet normal -1 -0 0
    outer loop
      vertex -5.5 27.6716 23.1716
      vertex -5.5 24.369 16.331
      vertex -5.5 27.4358 23.4289
    endloop
  endfacet
  facet normal -1 -0 0
    outer loop
      vertex -5.5 27.9288 22.9358
      vertex -5.5 24.369 16.331
      vertex -5.5 27.6716 23.1716
    endloop
  endfacet
  facet normal -1 -0 0
    outer loop
      vertex -5.5 28.2057 22.7234
      vertex -5.5 24.369 16.331
      vertex -5.5 27.9288 22.9358
    endloop
  endfacet
  facet normal -1 -0 0
    outer loop
      vertex -5.5 28.5 22.5359
      vertex -5.5 24.369 16.331
      vertex -5.5 28.2057 22.7234
    endloop
  endfacet
  facet normal -1 -0 0
    outer loop
      vertex -5.5 28.8095 22.3748
      vertex -5.5 24.369 16.331
      vertex -5.5 28.5 22.5359
    endloop
  endfacet
  facet normal -1 -0 0
    outer loop
      vertex -5.5 29.1319 22.2412
      vertex -5.5 24.369 16.331
      vertex -5.5 28.8095 22.3748
    endloop
  endfacet
  facet normal -1 0 0
    outer loop
      vertex -5.5 24.369 16.331
      vertex -5.5 29.1319 22.2412
      vertex -5.5 25.5 15.2
    endloop
  endfacet
  facet normal -1 -0 0
    outer loop
      vertex -5.5 29.4647 22.1363
      vertex -5.5 25.5 15.2
      vertex -5.5 29.1319 22.2412
    endloop
  endfacet
  facet normal -1 -0 0
    outer loop
      vertex -5.5 29.8054 22.0608
      vertex -5.5 25.5 15.2
      vertex -5.5 29.4647 22.1363
    endloop
  endfacet
  facet normal -1 -0 0
    outer loop
      vertex -5.5 30.1514 22.0152
      vertex -5.5 25.5 15.2
      vertex -5.5 29.8054 22.0608
    endloop
  endfacet
  facet normal -1 0 0
    outer loop
      vertex -5.5 25.5 15.2
      vertex -5.5 37 21
      vertex -5.5 25.5 1.68
    endloop
  endfacet
  facet normal -1 0 0
    outer loop
      vertex -5.5 37 21
      vertex -5.5 34.4848 26.3486
      vertex -5.5 37 34
    endloop
  endfacet
  facet normal -1 0 0
    outer loop
      vertex -5.5 34.4392 26.6946
      vertex -5.5 37 34
      vertex -5.5 34.4848 26.3486
    endloop
  endfacet
  facet normal -1 0 0
    outer loop
      vertex -5.5 34.3637 27.0353
      vertex -5.5 37 34
      vertex -5.5 34.4392 26.6946
    endloop
  endfacet
  facet normal -1 0 0
    outer loop
      vertex -5.5 34.2588 27.3681
      vertex -5.5 37 34
      vertex -5.5 34.3637 27.0353
    endloop
  endfacet
  facet normal -1 0 0
    outer loop
      vertex -5.5 34.1252 27.6905
      vertex -5.5 37 34
      vertex -5.5 34.2588 27.3681
    endloop
  endfacet
  facet normal -1 0 0
    outer loop
      vertex -5.5 33.9641 28
      vertex -5.5 37 34
      vertex -5.5 34.1252 27.6905
    endloop
  endfacet
  facet normal -1 0 0
    outer loop
      vertex -5.5 33.7766 28.2943
      vertex -5.5 37 34
      vertex -5.5 33.9641 28
    endloop
  endfacet
  facet normal -1 0 0
    outer loop
      vertex -5.5 33.5642 28.5712
      vertex -5.5 37 34
      vertex -5.5 33.7766 28.2943
    endloop
  endfacet
  facet normal -1 0 0
    outer loop
      vertex -5.5 30.7298 31.7928
      vertex -5.5 37 34
      vertex -5.5 33.5642 28.5712
    endloop
  endfacet
  facet normal -1 0 0
    outer loop
      vertex -5.5 30.7121 31.8121
      vertex -5.5 37 34
      vertex -5.5 30.7298 31.7928
    endloop
  endfacet
  facet normal -1 0 0
    outer loop
      vertex -5.5 30.6928 31.8298
      vertex -5.5 37 34
      vertex -5.5 30.7121 31.8121
    endloop
  endfacet
  facet normal -1 0 0
    outer loop
      vertex -5.5 30.6721 31.8457
      vertex -5.5 37 34
      vertex -5.5 30.6928 31.8298
    endloop
  endfacet
  facet normal -1 0 0
    outer loop
      vertex -5.5 30.65 31.8598
      vertex -5.5 37 34
      vertex -5.5 30.6721 31.8457
    endloop
  endfacet
  facet normal -1 0 0
    outer loop
      vertex -5.5 30.6268 31.8719
      vertex -5.5 37 34
      vertex -5.5 30.65 31.8598
    endloop
  endfacet
  facet normal -1 0 0
    outer loop
      vertex -5.5 30.6026 31.8819
      vertex -5.5 37 34
      vertex -5.5 30.6268 31.8719
    endloop
  endfacet
  facet normal -1 0 0
    outer loop
      vertex -5.5 30.5776 31.8898
      vertex -5.5 37 34
      vertex -5.5 30.6026 31.8819
    endloop
  endfacet
  facet normal -1 0 0
    outer loop
      vertex -5.5 30.5521 31.8954
      vertex -5.5 37 34
      vertex -5.5 30.5776 31.8898
    endloop
  endfacet
  facet normal -1 0 0
    outer loop
      vertex -5.5 30.5261 31.8989
      vertex -5.5 37 34
      vertex -5.5 30.5521 31.8954
    endloop
  endfacet
  facet normal -1 0 0
    outer loop
      vertex -5.5 30.5 31.9
      vertex -5.5 37 34
      vertex -5.5 30.5261 31.8989
    endloop
  endfacet
  facet normal -1 0 0
    outer loop
      vertex -5.5 25 34
      vertex -5.5 30.5 31.9
      vertex -5.5 30.4739 31.8989
    endloop
  endfacet
  facet normal -1 0 0
    outer loop
      vertex -5.5 25 34
      vertex -5.5 30.4739 31.8989
      vertex -5.5 30.4479 31.8954
    endloop
  endfacet
  facet normal -1 0 0
    outer loop
      vertex -5.5 25 34
      vertex -5.5 30.4479 31.8954
      vertex -5.5 30.4224 31.8898
    endloop
  endfacet
  facet normal -1 0 0
    outer loop
      vertex -5.5 25 34
      vertex -5.5 30.4224 31.8898
      vertex -5.5 30.3974 31.8819
    endloop
  endfacet
  facet normal -1 -0 0
    outer loop
      vertex -5.5 26.5608 25.3054
      vertex -5.5 24.369 16.331
      vertex -5.5 26.5152 25.6514
    endloop
  endfacet
  facet normal -1 -0 0
    outer loop
      vertex -5.5 26.5152 25.6514
      vertex -5.5 24.369 16.331
      vertex -5.5 26.5 26
    endloop
  endfacet
  facet normal -1 0 0
    outer loop
      vertex -5.5 30.5 31.9
      vertex -5.5 25 34
      vertex -5.5 37 34
    endloop
  endfacet
  facet normal -1 0 0
    outer loop
      vertex -5.5 30.3732 31.8719
      vertex -5.5 25 34
      vertex -5.5 30.3974 31.8819
    endloop
  endfacet
  facet normal -1 0 0
    outer loop
      vertex -5.5 30.35 31.8598
      vertex -5.5 25 34
      vertex -5.5 30.3732 31.8719
    endloop
  endfacet
  facet normal -1 0 0
    outer loop
      vertex -5.5 30.3279 31.8457
      vertex -5.5 25 34
      vertex -5.5 30.35 31.8598
    endloop
  endfacet
  facet normal -1 0 0
    outer loop
      vertex -5.5 30.3072 31.8298
      vertex -5.5 25 34
      vertex -5.5 30.3279 31.8457
    endloop
  endfacet
  facet normal -1 0 0
    outer loop
      vertex -5.5 30.2879 31.8121
      vertex -5.5 25 34
      vertex -5.5 30.3072 31.8298
    endloop
  endfacet
  facet normal -1 0 0
    outer loop
      vertex -5.5 30.2702 31.7928
      vertex -5.5 25 34
      vertex -5.5 30.2879 31.8121
    endloop
  endfacet
  facet normal -1 0 0
    outer loop
      vertex -5.5 27.4358 28.5712
      vertex -5.5 25 34
      vertex -5.5 30.2702 31.7928
    endloop
  endfacet
  facet normal -1 0 0
    outer loop
      vertex -5.5 27.2234 28.2943
      vertex -5.5 25 34
      vertex -5.5 27.4358 28.5712
    endloop
  endfacet
  facet normal -1 0 0
    outer loop
      vertex -5.5 27.0359 28
      vertex -5.5 25 34
      vertex -5.5 27.2234 28.2943
    endloop
  endfacet
  facet normal -1 0 0
    outer loop
      vertex -5.5 26.8748 27.6905
      vertex -5.5 25 34
      vertex -5.5 27.0359 28
    endloop
  endfacet
  facet normal -1 0 0
    outer loop
      vertex -5.5 26.7412 27.3681
      vertex -5.5 25 34
      vertex -5.5 26.8748 27.6905
    endloop
  endfacet
  facet normal -1 0 0
    outer loop
      vertex -5.5 26.6363 27.0353
      vertex -5.5 25 34
      vertex -5.5 26.7412 27.3681
    endloop
  endfacet
  facet normal -1 0 0
    outer loop
      vertex -5.5 26.5608 26.6946
      vertex -5.5 25 34
      vertex -5.5 26.6363 27.0353
    endloop
  endfacet
  facet normal -1 0 0
    outer loop
      vertex -5.5 26.5152 26.3486
      vertex -5.5 25 34
      vertex -5.5 26.5608 26.6946
    endloop
  endfacet
  facet normal -1 0 -0
    outer loop
      vertex -5.5 25 34
      vertex -5.5 26.5 26
      vertex -5.5 24.369 16.331
    endloop
  endfacet
  facet normal -1 0 0
    outer loop
      vertex -5.5 26.5 26
      vertex -5.5 25 34
      vertex -5.5 26.5152 26.3486
    endloop
  endfacet
  facet normal 0.991391 -0.130858 0.00439916
    outer loop
      vertex -0.513776 24.1905 16.5095
      vertex -0.53038 24.6527 34
      vertex -0.520925 24.1381 16.5619
    endloop
  endfacet
  facet normal -0.608193 -0.793659 0.0143904
    outer loop
      vertex -4.78557 23.4679 34
      vertex -5.00865 23.3218 16.5141
      vertex -4.96622 23.2879 16.4377
    endloop
  endfacet
  facet normal 0.968141 0.214697 -0.12887
    outer loop
      vertex -0.533855 25.5 1.23643
      vertex -0.568146 37.5176 21
      vertex -0.53038 37.3473 21
    endloop
  endfacet
  facet normal 0.96816 0.214637 -0.128834
    outer loop
      vertex -0.568146 37.5176 21
      vertex -0.533855 25.5 1.23643
      vertex -0.536052 25.5 1.21992
    endloop
  endfacet
  facet normal 0.967474 0.21689 -0.130205
    outer loop
      vertex -0.534073 24.7588 0
      vertex -0.535143 25.1595 0.659519
      vertex -0.533959 25.1462 0.646162
    endloop
  endfacet
  facet normal 0.976259 -0.216497 0.00691915
    outer loop
      vertex -0.547065 24.0238 16.6762
      vertex -0.53038 24.6527 34
      vertex -0.568146 24.4824 34
    endloop
  endfacet
  facet normal 0.976267 -0.21646 0.00691779
    outer loop
      vertex -0.53038 24.6527 34
      vertex -0.547065 24.0238 16.6762
      vertex -0.532673 24.0867 16.6133
    endloop
  endfacet
  facet normal 0.923899 -0.382479 0.0109793
    outer loop
      vertex -0.609542 23.8505 16.8495
      vertex -0.687378 24.1548 34
      vertex -0.630154 23.8021 16.8979
    endloop
  endfacet
  facet normal 0.130494 -0.991439 0.00439159
    outer loop
      vertex -1.61665 23.0205 15.8362
      vertex -2.15271 23.0304 34
      vertex -1.67231 23.0131 15.8195
    endloop
  endfacet
  facet normal 0.737744 -0.674919 0.0147717
    outer loop
      vertex -0.825092 23.4964 16.9068
      vertex -0.967911 23.7144 34
      vertex -0.860496 23.4557 16.8154
    endloop
  endfacet
  facet normal 0.90009 0.372855 -0.225425
    outer loop
      vertex -0.582416 25.5 1
      vertex -0.687378 37.8452 21
      vertex -0.566733 25.5 1.06262
    endloop
  endfacet
  facet normal 0.899992 0.373027 -0.225532
    outer loop
      vertex -0.582416 25.5 1
      vertex -0.593689 24.9226 0
      vertex -0.687378 37.8452 21
    endloop
  endfacet
  facet normal 0.89999 0.373031 -0.225534
    outer loop
      vertex -0.565738 25.3982 0.898177
      vertex -0.593689 24.9226 0
      vertex -0.582416 25.5 1
    endloop
  endfacet
  facet normal 0.900096 0.372836 -0.225434
    outer loop
      vertex -0.593689 24.9226 0
      vertex -0.565738 25.3982 0.898177
      vertex -0.560303 24.842 0
    endloop
  endfacet
  facet normal 0.923853 -0.382591 0.0109811
    outer loop
      vertex -0.609542 23.8505 16.8495
      vertex -0.620621 24.316 34
      vertex -0.687378 24.1548 34
    endloop
  endfacet
  facet normal 0.923789 -0.382746 0.0109853
    outer loop
      vertex -0.620621 24.316 34
      vertex -0.609542 23.8505 16.8495
      vertex -0.583543 23.9115 16.7885
    endloop
  endfacet
  facet normal -0.923783 -0.382758 0.0109857
    outer loop
      vertex -5.39046 23.8505 16.8495
      vertex -5.37938 24.316 34
      vertex -5.41646 23.9115 16.7885
    endloop
  endfacet
  facet normal -0.923847 -0.382605 0.0109815
    outer loop
      vertex -5.37938 24.316 34
      vertex -5.39046 23.8505 16.8495
      vertex -5.31262 24.1548 34
    endloop
  endfacet
  facet normal -0.999048 -0.043607 0.00155764
    outer loop
      vertex -5.49478 24.2534 16.4466
      vertex -5.5 25 34
      vertex -5.49761 24.316 16.384
    endloop
  endfacet
  facet normal -0.999047 -0.0436187 0.00155814
    outer loop
      vertex -5.5 25 34
      vertex -5.49478 24.2534 16.4466
      vertex -5.49239 24.8257 34
    endloop
  endfacet
  facet normal 0.953702 0.300754 0
    outer loop
      vertex -0.568146 37.5176 34
      vertex -0.620621 37.684 21
      vertex -0.620621 37.684 34
    endloop
  endfacet
  facet normal 0.953702 0.300754 0
    outer loop
      vertex -0.620621 37.684 21
      vertex -0.568146 37.5176 34
      vertex -0.568146 37.5176 21
    endloop
  endfacet
  facet normal -0.608678 -0.793287 0.0143916
    outer loop
      vertex -4.96622 23.2879 16.4377
      vertex -4.64716 23.3617 34
      vertex -4.78557 23.4679 34
    endloop
  endfacet
  facet normal -0.608937 -0.793088 0.0143955
    outer loop
      vertex -4.64716 23.3617 34
      vertex -4.96622 23.2879 16.4377
      vertex -4.916 23.2477 16.3473
    endloop
  endfacet
  facet normal -0.537448 -0.843187 0.0136303
    outer loop
      vertex -4.916 23.2477 16.3473
      vertex -4.5 23.2679 34
      vertex -4.64716 23.3617 34
    endloop
  endfacet
  facet normal -0.537249 -0.843314 0.0136257
    outer loop
      vertex -4.5 23.2679 34
      vertex -4.916 23.2477 16.3473
      vertex -4.81783 23.1828 16.2013
    endloop
  endfacet
  facet normal 0.991443 -0.130469 0.00438894
    outer loop
      vertex -0.513776 24.1905 16.5095
      vertex -0.507614 24.8257 34
      vertex -0.53038 24.6527 34
    endloop
  endfacet
  facet normal 0.991448 -0.130427 0.00438742
    outer loop
      vertex -0.507614 24.8257 34
      vertex -0.513776 24.1905 16.5095
      vertex -0.505223 24.2534 16.4466
    endloop
  endfacet
  facet normal -0.95371 0.300728 0
    outer loop
      vertex -5.43185 37.5176 21
      vertex -5.37938 37.684 34
      vertex -5.37938 37.684 21
    endloop
  endfacet
  facet normal -0.95371 0.300728 0
    outer loop
      vertex -5.37938 37.684 34
      vertex -5.43185 37.5176 21
      vertex -5.43185 37.5176 34
    endloop
  endfacet
  facet normal 0.537448 -0.843187 0.0136303
    outer loop
      vertex -1.5 23.2679 34
      vertex -1.084 23.2477 16.3473
      vertex -1.35284 23.3617 34
    endloop
  endfacet
  facet normal 0.537249 -0.843314 0.0136257
    outer loop
      vertex -1.084 23.2477 16.3473
      vertex -1.5 23.2679 34
      vertex -1.18217 23.1828 16.2013
    endloop
  endfacet
  facet normal 0.0435566 -0.99905 0.00155724
    outer loop
      vertex -2.5 23 34
      vertex -1.73239 23.0051 15.8016
      vertex -2.32568 23.0076 34
    endloop
  endfacet
  facet normal 0.0425887 -0.999092 0.0015164
    outer loop
      vertex -1.73239 23.0051 15.8016
      vertex -2.5 23 34
      vertex -1.79317 23.0025 15.7956
    endloop
  endfacet
  facet normal 0.681006 0.624121 -0.383018
    outer loop
      vertex -0.792892 25.2071 0
      vertex -0.967911 38.2856 21
      vertex -0.733963 25.1428 0
    endloop
  endfacet
  facet normal 0.216076 -0.976352 0.00690595
    outer loop
      vertex -2.15271 23.0304 34
      vertex -1.50308 23.0461 15.8938
      vertex -1.98236 23.0681 34
    endloop
  endfacet
  facet normal 0.215819 -0.976409 0.0068967
    outer loop
      vertex -1.50308 23.0461 15.8938
      vertex -2.15271 23.0304 34
      vertex -1.56229 23.0328 15.8637
    endloop
  endfacet
  facet normal 0.130683 -0.991414 0.00439656
    outer loop
      vertex -2.32568 23.0076 34
      vertex -1.67231 23.0131 15.8195
      vertex -2.15271 23.0304 34
    endloop
  endfacet
  facet normal 0.130702 -0.991412 0.00439724
    outer loop
      vertex -1.67231 23.0131 15.8195
      vertex -2.32568 23.0076 34
      vertex -1.73239 23.0051 15.8016
    endloop
  endfacet
  facet normal -0.968351 0.214004 -0.128449
    outer loop
      vertex -5.46614 25.5 1.23643
      vertex -5.43185 37.5176 21
      vertex -5.46395 25.5 1.21992
    endloop
  endfacet
  facet normal -0.968135 0.214718 -0.128883
    outer loop
      vertex -5.43185 37.5176 21
      vertex -5.46614 25.5 1.23643
      vertex -5.46962 37.3473 21
    endloop
  endfacet
  facet normal -0.967687 0.216191 -0.12978
    outer loop
      vertex -5.46593 24.7588 0
      vertex -5.46604 25.1462 0.646162
      vertex -5.46486 25.1595 0.659519
    endloop
  endfacet
  facet normal -0.998717 0.0435221 -0.0258948
    outer loop
      vertex -5.4962 24.5872 0
      vertex -5.5 24.5 0
      vertex -5.49624 24.7131 0.213146
    endloop
  endfacet
  facet normal -0.998716 0.0435353 -0.0259139
    outer loop
      vertex -5.5 25.5 1.68
      vertex -5.5 37 21
      vertex -5.49648 25.5 1.54434
    endloop
  endfacet
  facet normal -0.953715 -0.300572 0.00911711
    outer loop
      vertex -5.41646 23.9115 16.7885
      vertex -5.43185 24.4824 34
      vertex -5.43669 23.9738 16.7262
    endloop
  endfacet
  facet normal -0.95367 -0.300716 0.0091219
    outer loop
      vertex -5.43185 24.4824 34
      vertex -5.41646 23.9115 16.7885
      vertex -5.37938 24.316 34
    endloop
  endfacet
  facet normal 0.547139 0.711836 -0.440373
    outer loop
      vertex -0.926422 25.3192 0
      vertex -1.21443 38.5321 21
      vertex -0.857208 25.266 0
    endloop
  endfacet
  facet normal 0.608741 0.793369 -0
    outer loop
      vertex -1.21443 38.5321 21
      vertex -1.35284 38.6383 34
      vertex -1.21443 38.5321 34
    endloop
  endfacet
  facet normal 0.608741 0.793369 0
    outer loop
      vertex -1.35284 38.6383 34
      vertex -1.21443 38.5321 21
      vertex -1.35284 38.6383 21
    endloop
  endfacet
  facet normal -0.461405 -0.887102 0.0124835
    outer loop
      vertex -4.76953 23.1568 16.1428
      vertex -4.34523 23.1874 34
      vertex -4.5 23.2679 34
    endloop
  endfacet
  facet normal -0.46164 -0.88698 0.0124888
    outer loop
      vertex -4.34523 23.1874 34
      vertex -4.76953 23.1568 16.1428
      vertex -4.71483 23.1274 16.0767
    endloop
  endfacet
  facet normal 0.938419 0.295948 -0.178282
    outer loop
      vertex -0.560303 24.842 0
      vertex -0.562832 25.3804 0.88043
      vertex -0.560625 25.3628 0.862831
    endloop
  endfacet
  facet normal 0.938424 0.295936 -0.178276
    outer loop
      vertex -0.56071 25.5 1.09008
      vertex -0.620621 37.684 21
      vertex -0.568146 37.5176 21
    endloop
  endfacet
  facet normal 0.9384 0.29599 -0.178309
    outer loop
      vertex -0.620621 37.684 21
      vertex -0.56071 25.5 1.09008
      vertex -0.563393 25.5 1.07596
    endloop
  endfacet
  facet normal -0.300885 0.953661 0
    outer loop
      vertex -4.01764 38.9319 21
      vertex -4.18404 38.8794 34
      vertex -4.01764 38.9319 34
    endloop
  endfacet
  facet normal -0.300885 0.953661 0
    outer loop
      vertex -4.18404 38.8794 34
      vertex -4.01764 38.9319 21
      vertex -4.18404 38.8794 21
    endloop
  endfacet
  facet normal -0.216081 0.976375 0
    outer loop
      vertex -3.84729 38.9696 21
      vertex -4.01764 38.9319 34
      vertex -3.84729 38.9696 34
    endloop
  endfacet
  facet normal -0.216081 0.976375 0
    outer loop
      vertex -4.01764 38.9319 34
      vertex -3.84729 38.9696 21
      vertex -4.01764 38.9319 21
    endloop
  endfacet
  facet normal -0.938452 0.295871 -0.178237
    outer loop
      vertex -5.43929 25.5 1.09008
      vertex -5.46395 25.5 1.21992
      vertex -5.43185 37.5176 21
    endloop
  endfacet
  facet normal -0.938424 0.29594 -0.178269
    outer loop
      vertex -5.4397 24.842 0
      vertex -5.46486 25.1595 0.659519
      vertex -5.43937 25.3628 0.862831
    endloop
  endfacet
  facet normal -0.938456 0.295862 -0.178232
    outer loop
      vertex -5.46486 25.1595 0.659519
      vertex -5.4397 24.842 0
      vertex -5.46593 24.7588 0
    endloop
  endfacet
  facet normal 0.793301 0.60883 0
    outer loop
      vertex -0.861694 38.1472 34
      vertex -0.967911 38.2856 21
      vertex -0.967911 38.2856 34
    endloop
  endfacet
  facet normal 0.793301 0.60883 0
    outer loop
      vertex -0.967911 38.2856 21
      vertex -0.861694 38.1472 34
      vertex -0.861694 38.1472 21
    endloop
  endfacet
  facet normal 0.110497 0.838274 -0.533936
    outer loop
      vertex -1.41284 25.4962 0
      vertex -2.32568 38.9924 21
      vertex -2.15271 38.9696 21
    endloop
  endfacet
  facet normal 0.675215 -0.737473 0.0147761
    outer loop
      vertex -0.952446 23.3591 16.5981
      vertex -1.21443 23.4679 34
      vertex -0.991347 23.3218 16.5141
    endloop
  endfacet
  facet normal -0.991449 0.130493 0
    outer loop
      vertex -5.49239 37.1743 21
      vertex -5.46962 37.3473 34
      vertex -5.46962 37.3473 21
    endloop
  endfacet
  facet normal -0.991449 0.130493 0
    outer loop
      vertex -5.46962 37.3473 34
      vertex -5.49239 37.1743 21
      vertex -5.49239 37.1743 34
    endloop
  endfacet
  facet normal -0.98842 0.130212 -0.0779116
    outer loop
      vertex -5.4848 24.6736 0
      vertex -5.49592 24.7221 0.22213
      vertex -5.48449 24.938 0.437952
    endloop
  endfacet
  facet normal -0.98839 0.130413 -0.077954
    outer loop
      vertex -5.49592 24.7221 0.22213
      vertex -5.4848 24.6736 0
      vertex -5.4962 24.5872 0
    endloop
  endfacet
  facet normal -0.988406 0.13031 -0.0779284
    outer loop
      vertex -5.48381 25.5 1.36926
      vertex -5.4943 25.5 1.50231
      vertex -5.46962 37.3473 21
    endloop
  endfacet
  facet normal 0.737115 -0.675606 0.0147781
    outer loop
      vertex -1.08578 23.5858 34
      vertex -0.860496 23.4557 16.8154
      vertex -0.967911 23.7144 34
    endloop
  endfacet
  facet normal 0.737299 -0.675405 0.014779
    outer loop
      vertex -0.860496 23.4557 16.8154
      vertex -1.08578 23.5858 34
      vertex -0.904828 23.4048 16.7009
    endloop
  endfacet
  facet normal -0.331283 0.799393 -0.50122
    outer loop
      vertex -4.18404 38.8794 21
      vertex -4.84203 25.4397 0
      vertex -4.34523 38.8126 21
    endloop
  endfacet
  facet normal 0.85417 0.444554 -0.269751
    outer loop
      vertex -0.633972 25 0
      vertex -0.767944 38 21
      vertex -0.593689 24.9226 0
    endloop
  endfacet
  facet normal -0.79321 -0.608778 0.0143945
    outer loop
      vertex -5.24811 23.5939 17
      vertex -5.03209 23.7144 34
      vertex -5.13831 23.8528 34
    endloop
  endfacet
  facet normal -0.792819 -0.609288 0.0143932
    outer loop
      vertex -5.03209 23.7144 34
      vertex -5.24811 23.5939 17
      vertex -5.20638 23.5396 17
    endloop
  endfacet
  facet normal -0.737112 -0.675609 0.014778
    outer loop
      vertex -5.1395 23.4557 16.8154
      vertex -4.91422 23.5858 34
      vertex -5.03209 23.7144 34
    endloop
  endfacet
  facet normal -0.737314 -0.675389 0.0147789
    outer loop
      vertex -4.91422 23.5858 34
      vertex -5.1395 23.4557 16.8154
      vertex -5.09517 23.4048 16.7009
    endloop
  endfacet
  facet normal -0.130684 0.991424 0
    outer loop
      vertex -3.67432 38.9924 21
      vertex -3.84729 38.9696 34
      vertex -3.67432 38.9924 34
    endloop
  endfacet
  facet normal -0.130684 0.991424 0
    outer loop
      vertex -3.84729 38.9696 34
      vertex -3.67432 38.9924 21
      vertex -3.84729 38.9696 21
    endloop
  endfacet
  facet normal -0.110497 0.838274 -0.533936
    outer loop
      vertex -3.67432 38.9924 21
      vertex -4.58716 25.4962 0
      vertex -3.84729 38.9696 21
    endloop
  endfacet
  facet normal 0.976317 -0.216237 0.00691053
    outer loop
      vertex -0.53038 24.6527 34
      vertex -0.532673 24.0867 16.6133
      vertex -0.520925 24.1381 16.5619
    endloop
  endfacet
  facet normal 0.887053 0.461668 0
    outer loop
      vertex -0.687378 37.8452 34
      vertex -0.767944 38 21
      vertex -0.767944 38 34
    endloop
  endfacet
  facet normal 0.887053 0.461668 0
    outer loop
      vertex -0.767944 38 21
      vertex -0.687378 37.8452 34
      vertex -0.687378 37.8452 21
    endloop
  endfacet
  facet normal 0.184258 0.830329 -0.525931
    outer loop
      vertex -1.32635 25.4848 0
      vertex -2.15271 38.9696 21
      vertex -1.24118 25.4659 0
    endloop
  endfacet
  facet normal -0.404137 0.775983 -0.484276
    outer loop
      vertex -4.92262 25.4063 0
      vertex -5 25.366 0
      vertex -4.5 38.7321 21
    endloop
  endfacet
  facet normal -0.801648 0.510561 -0.310947
    outer loop
      vertex -5.31915 25.0736 0
      vertex -5.23206 38 21
      vertex -5.13831 38.1472 21
    endloop
  endfacet
  facet normal -0.801617 0.510595 -0.310969
    outer loop
      vertex -5.23206 38 21
      vertex -5.31915 25.0736 0
      vertex -5.36603 25 0
    endloop
  endfacet
  facet normal 0.843461 0.537191 0
    outer loop
      vertex -0.767944 38 34
      vertex -0.861694 38.1472 21
      vertex -0.861694 38.1472 34
    endloop
  endfacet
  facet normal 0.843461 0.537191 0
    outer loop
      vertex -0.861694 38.1472 21
      vertex -0.767944 38 34
      vertex -0.767944 38 21
    endloop
  endfacet
  facet normal 0.301059 -0.953562 0.0091278
    outer loop
      vertex -1.45039 23.0631 15.9319
      vertex -1.98236 23.0681 34
      vertex -1.50308 23.0461 15.8938
    endloop
  endfacet
  facet normal 0.0440721 -0.999027 0.00157401
    outer loop
      vertex -1.79317 23.0025 15.7956
      vertex -2.5 23 34
      vertex -1.84964 23 15.79
    endloop
  endfacet
  facet normal -0.96818 0.214569 -0.128794
    outer loop
      vertex -5.46614 25.5 1.23643
      vertex -5.48381 25.5 1.36926
      vertex -5.46962 37.3473 21
    endloop
  endfacet
  facet normal -0.968149 0.214666 -0.128866
    outer loop
      vertex -5.46593 24.7588 0
      vertex -5.48449 24.938 0.437952
      vertex -5.46604 25.1462 0.646162
    endloop
  endfacet
  facet normal -0.968211 0.214438 -0.128775
    outer loop
      vertex -5.48449 24.938 0.437952
      vertex -5.46593 24.7588 0
      vertex -5.4848 24.6736 0
    endloop
  endfacet
  facet normal -0.987733 0.134015 -0.0801423
    outer loop
      vertex -5.49592 24.7221 0.22213
      vertex -5.4962 24.5872 0
      vertex -5.49616 24.7176 0.217563
    endloop
  endfacet
  facet normal -0.988518 0.129686 -0.0775496
    outer loop
      vertex -5.49592 25.5 1.52296
      vertex -5.46962 37.3473 21
      vertex -5.4943 25.5 1.50231
    endloop
  endfacet
  facet normal -0.988444 0.130098 -0.0777997
    outer loop
      vertex -5.46962 37.3473 21
      vertex -5.49592 25.5 1.52296
      vertex -5.49239 37.1743 21
    endloop
  endfacet
  facet normal -0.300872 -0.953621 0.00912293
    outer loop
      vertex -4.60764 23.0818 15.974
      vertex -4.01764 23.0681 34
      vertex -4.18404 23.1206 34
    endloop
  endfacet
  facet normal -0.300704 -0.953674 0.00911739
    outer loop
      vertex -4.01764 23.0681 34
      vertex -4.60764 23.0818 15.974
      vertex -4.54961 23.0631 15.9319
    endloop
  endfacet
  facet normal -0.382821 -0.923757 0.0109865
    outer loop
      vertex -4.6641 23.1058 16.0281
      vertex -4.18404 23.1206 34
      vertex -4.34523 23.1874 34
    endloop
  endfacet
  facet normal -0.382257 -0.923991 0.0109716
    outer loop
      vertex -4.18404 23.1206 34
      vertex -4.6641 23.1058 16.0281
      vertex -4.60764 23.0818 15.974
    endloop
  endfacet
  facet normal -0.47611 0.746955 -0.464087
    outer loop
      vertex -5 25.366 0
      vertex -4.64716 38.6383 21
      vertex -4.5 38.7321 21
    endloop
  endfacet
  facet normal -0.475321 0.74731 -0.464324
    outer loop
      vertex -4.64716 38.6383 21
      vertex -5 25.366 0
      vertex -5.07358 25.3192 0
    endloop
  endfacet
  facet normal -0.843383 -0.537141 0.013628
    outer loop
      vertex -5.3134 23.6964 17
      vertex -5.13831 23.8528 34
      vertex -5.23206 24 34
    endloop
  endfacet
  facet normal -0.843349 -0.537193 0.0136282
    outer loop
      vertex -5.13831 23.8528 34
      vertex -5.3134 23.6964 17
      vertex -5.24811 23.5939 17
    endloop
  endfacet
  facet normal 0.886983 -0.461632 0.0124867
    outer loop
      vertex -0.66188 23.7428 16.9572
      vertex -0.687378 24.1548 34
      vertex -0.767944 24 34
    endloop
  endfacet
  facet normal 0.886814 -0.461958 0.0124944
    outer loop
      vertex -0.687378 24.1548 34
      vertex -0.66188 23.7428 16.9572
      vertex -0.630154 23.8021 16.8979
    endloop
  endfacet
  facet normal -0.991434 -0.130533 0.00439079
    outer loop
      vertex -5.48622 24.1905 16.5095
      vertex -5.49239 24.8257 34
      vertex -5.49478 24.2534 16.4466
    endloop
  endfacet
  facet normal -0.99144 -0.130492 0.00438931
    outer loop
      vertex -5.49239 24.8257 34
      vertex -5.48622 24.1905 16.5095
      vertex -5.46962 24.6527 34
    endloop
  endfacet
  facet normal -0.331301 0.799388 -0.501217
    outer loop
      vertex -4.84203 25.4397 0
      vertex -4.92262 25.4063 0
      vertex -4.34523 38.8126 21
    endloop
  endfacet
  facet normal -0.953641 -0.300809 0.00912406
    outer loop
      vertex -5.43185 24.4824 34
      vertex -5.45294 24.0238 16.6762
      vertex -5.43669 23.9738 16.7262
    endloop
  endfacet
  facet normal -0.999048 0.0436188 0
    outer loop
      vertex -5.5 37 21
      vertex -5.49239 37.1743 34
      vertex -5.49239 37.1743 21
    endloop
  endfacet
  facet normal -0.999048 0.0436188 0
    outer loop
      vertex -5.49239 37.1743 34
      vertex -5.5 37 21
      vertex -5.5 37 34
    endloop
  endfacet
  facet normal -0.615147 0.671235 -0.413567
    outer loop
      vertex -4.78557 38.5321 21
      vertex -5.20711 25.2071 0
      vertex -4.91422 38.4142 21
    endloop
  endfacet
  facet normal 0.300872 -0.953621 0.00912293
    outer loop
      vertex -1.98236 23.0681 34
      vertex -1.39236 23.0818 15.974
      vertex -1.81596 23.1206 34
    endloop
  endfacet
  facet normal 0.300704 -0.953674 0.00911739
    outer loop
      vertex -1.39236 23.0818 15.974
      vertex -1.98236 23.0681 34
      vertex -1.45039 23.0631 15.9319
    endloop
  endfacet
  facet normal 0.382821 -0.923757 0.0109865
    outer loop
      vertex -1.81596 23.1206 34
      vertex -1.3359 23.1058 16.0281
      vertex -1.65477 23.1874 34
    endloop
  endfacet
  facet normal 0.382257 -0.923991 0.0109716
    outer loop
      vertex -1.3359 23.1058 16.0281
      vertex -1.81596 23.1206 34
      vertex -1.39236 23.0818 15.974
    endloop
  endfacet
  facet normal 0.801648 0.510561 -0.310947
    outer loop
      vertex -0.767944 38 21
      vertex -0.680847 25.0736 0
      vertex -0.861694 38.1472 21
    endloop
  endfacet
  facet normal 0.801648 0.510561 -0.310947
    outer loop
      vertex -0.680847 25.0736 0
      vertex -0.767944 38 21
      vertex -0.633972 25 0
    endloop
  endfacet
  facet normal -0.0435566 0.999051 0
    outer loop
      vertex -3.5 39 21
      vertex -3.67432 38.9924 34
      vertex -3.5 39 34
    endloop
  endfacet
  facet normal -0.0435566 0.999051 0
    outer loop
      vertex -3.67432 38.9924 34
      vertex -3.5 39 21
      vertex -3.67432 38.9924 21
    endloop
  endfacet
  facet normal 0 0 1
    outer loop
      vertex -2.5 39 34
      vertex -0.5 37 34
      vertex -0.507614 37.1743 34
    endloop
  endfacet
  facet normal 0 0 1
    outer loop
      vertex -0.5 37 34
      vertex -5.5 37 34
      vertex -0.5 25 34
    endloop
  endfacet
  facet normal 0 0 1
    outer loop
      vertex -2.5 39 34
      vertex -0.507614 37.1743 34
      vertex -0.53038 37.3473 34
    endloop
  endfacet
  facet normal 0 0 1
    outer loop
      vertex -5.5 25 34
      vertex -0.5 25 34
      vertex -5.5 37 34
    endloop
  endfacet
  facet normal 0 0 1
    outer loop
      vertex -2.5 39 34
      vertex -0.53038 37.3473 34
      vertex -0.568146 37.5176 34
    endloop
  endfacet
  facet normal 0 -0 1
    outer loop
      vertex -2.5 23 34
      vertex -0.5 25 34
      vertex -5.5 25 34
    endloop
  endfacet
  facet normal 0 0 1
    outer loop
      vertex -2.5 39 34
      vertex -0.568146 37.5176 34
      vertex -0.620621 37.684 34
    endloop
  endfacet
  facet normal 0 0 1
    outer loop
      vertex -0.5 25 34
      vertex -2.5 23 34
      vertex -0.507614 24.8257 34
    endloop
  endfacet
  facet normal 0 0 1
    outer loop
      vertex -2.5 39 34
      vertex -0.620621 37.684 34
      vertex -0.687378 37.8452 34
    endloop
  endfacet
  facet normal 0 0 1
    outer loop
      vertex -0.507614 24.8257 34
      vertex -2.5 23 34
      vertex -0.53038 24.6527 34
    endloop
  endfacet
  facet normal 0 0 1
    outer loop
      vertex -2.5 39 34
      vertex -0.687378 37.8452 34
      vertex -0.767944 38 34
    endloop
  endfacet
  facet normal 0 0 1
    outer loop
      vertex -0.53038 24.6527 34
      vertex -2.5 23 34
      vertex -0.568146 24.4824 34
    endloop
  endfacet
  facet normal 0 0 1
    outer loop
      vertex -2.5 39 34
      vertex -0.767944 38 34
      vertex -0.861694 38.1472 34
    endloop
  endfacet
  facet normal 0 0 1
    outer loop
      vertex -0.568146 24.4824 34
      vertex -2.5 23 34
      vertex -0.620621 24.316 34
    endloop
  endfacet
  facet normal 0 0 1
    outer loop
      vertex -2.5 39 34
      vertex -0.861694 38.1472 34
      vertex -0.967911 38.2856 34
    endloop
  endfacet
  facet normal 0 0 1
    outer loop
      vertex -0.620621 24.316 34
      vertex -2.5 23 34
      vertex -0.687378 24.1548 34
    endloop
  endfacet
  facet normal 0 0 1
    outer loop
      vertex -2.5 39 34
      vertex -0.967911 38.2856 34
      vertex -1.08578 38.4142 34
    endloop
  endfacet
  facet normal 0 0 1
    outer loop
      vertex -0.687378 24.1548 34
      vertex -2.5 23 34
      vertex -0.767944 24 34
    endloop
  endfacet
  facet normal 0 0 1
    outer loop
      vertex -2.5 39 34
      vertex -1.08578 38.4142 34
      vertex -1.21443 38.5321 34
    endloop
  endfacet
  facet normal 0 0 1
    outer loop
      vertex -0.767944 24 34
      vertex -2.5 23 34
      vertex -0.861694 23.8528 34
    endloop
  endfacet
  facet normal 0 0 1
    outer loop
      vertex -2.5 39 34
      vertex -1.21443 38.5321 34
      vertex -1.35284 38.6383 34
    endloop
  endfacet
  facet normal 0 0 1
    outer loop
      vertex -0.861694 23.8528 34
      vertex -2.5 23 34
      vertex -0.967911 23.7144 34
    endloop
  endfacet
  facet normal 0 0 1
    outer loop
      vertex -2.5 39 34
      vertex -1.35284 38.6383 34
      vertex -1.5 38.7321 34
    endloop
  endfacet
  facet normal 0 0 1
    outer loop
      vertex -0.967911 23.7144 34
      vertex -2.5 23 34
      vertex -1.08578 23.5858 34
    endloop
  endfacet
  facet normal 0 0 1
    outer loop
      vertex -2.5 39 34
      vertex -1.5 38.7321 34
      vertex -1.65477 38.8126 34
    endloop
  endfacet
  facet normal 0 0 1
    outer loop
      vertex -1.08578 23.5858 34
      vertex -2.5 23 34
      vertex -1.21443 23.4679 34
    endloop
  endfacet
  facet normal 0 0 1
    outer loop
      vertex -2.5 39 34
      vertex -1.65477 38.8126 34
      vertex -1.81596 38.8794 34
    endloop
  endfacet
  facet normal 0 0 1
    outer loop
      vertex -1.21443 23.4679 34
      vertex -2.5 23 34
      vertex -1.35284 23.3617 34
    endloop
  endfacet
  facet normal 0 0 1
    outer loop
      vertex -2.5 39 34
      vertex -1.81596 38.8794 34
      vertex -1.98236 38.9319 34
    endloop
  endfacet
  facet normal 0 0 1
    outer loop
      vertex -1.35284 23.3617 34
      vertex -2.5 23 34
      vertex -1.5 23.2679 34
    endloop
  endfacet
  facet normal 0 0 1
    outer loop
      vertex -2.5 39 34
      vertex -1.98236 38.9319 34
      vertex -2.15271 38.9696 34
    endloop
  endfacet
  facet normal 0 0 1
    outer loop
      vertex -1.5 23.2679 34
      vertex -2.5 23 34
      vertex -1.65477 23.1874 34
    endloop
  endfacet
  facet normal 0 0 1
    outer loop
      vertex -2.5 39 34
      vertex -2.15271 38.9696 34
      vertex -2.32568 38.9924 34
    endloop
  endfacet
  facet normal 0 0 1
    outer loop
      vertex -1.65477 23.1874 34
      vertex -2.5 23 34
      vertex -1.81596 23.1206 34
    endloop
  endfacet
  facet normal 0 0 1
    outer loop
      vertex -0.5 37 34
      vertex -2.5 39 34
      vertex -5.5 37 34
    endloop
  endfacet
  facet normal 0 0 1
    outer loop
      vertex -1.81596 23.1206 34
      vertex -2.5 23 34
      vertex -1.98236 23.0681 34
    endloop
  endfacet
  facet normal 0 0 1
    outer loop
      vertex -5.5 37 34
      vertex -2.5 39 34
      vertex -3.5 39 34
    endloop
  endfacet
  facet normal 0 0 1
    outer loop
      vertex -1.98236 23.0681 34
      vertex -2.5 23 34
      vertex -2.15271 23.0304 34
    endloop
  endfacet
  facet normal 0 0 1
    outer loop
      vertex -5.5 37 34
      vertex -3.5 39 34
      vertex -3.67432 38.9924 34
    endloop
  endfacet
  facet normal 0 0 1
    outer loop
      vertex -2.15271 23.0304 34
      vertex -2.5 23 34
      vertex -2.32568 23.0076 34
    endloop
  endfacet
  facet normal 0 0 1
    outer loop
      vertex -5.5 37 34
      vertex -3.67432 38.9924 34
      vertex -3.84729 38.9696 34
    endloop
  endfacet
  facet normal 0 0 1
    outer loop
      vertex -2.5 23 34
      vertex -5.5 25 34
      vertex -3.5 23 34
    endloop
  endfacet
  facet normal 0 0 1
    outer loop
      vertex -5.5 37 34
      vertex -3.84729 38.9696 34
      vertex -4.01764 38.9319 34
    endloop
  endfacet
  facet normal 0 0 1
    outer loop
      vertex -3.5 23 34
      vertex -5.5 25 34
      vertex -3.67432 23.0076 34
    endloop
  endfacet
  facet normal 0 0 1
    outer loop
      vertex -5.5 37 34
      vertex -4.01764 38.9319 34
      vertex -4.18404 38.8794 34
    endloop
  endfacet
  facet normal 0 0 1
    outer loop
      vertex -3.67432 23.0076 34
      vertex -5.5 25 34
      vertex -3.84729 23.0304 34
    endloop
  endfacet
  facet normal 0 0 1
    outer loop
      vertex -5.5 37 34
      vertex -4.18404 38.8794 34
      vertex -4.34523 38.8126 34
    endloop
  endfacet
  facet normal 0 0 1
    outer loop
      vertex -3.84729 23.0304 34
      vertex -5.5 25 34
      vertex -4.01764 23.0681 34
    endloop
  endfacet
  facet normal 0 0 1
    outer loop
      vertex -5.5 37 34
      vertex -4.34523 38.8126 34
      vertex -4.5 38.7321 34
    endloop
  endfacet
  facet normal 0 0 1
    outer loop
      vertex -4.01764 23.0681 34
      vertex -5.5 25 34
      vertex -4.18404 23.1206 34
    endloop
  endfacet
  facet normal 0 0 1
    outer loop
      vertex -5.5 37 34
      vertex -4.5 38.7321 34
      vertex -4.64716 38.6383 34
    endloop
  endfacet
  facet normal 0 0 1
    outer loop
      vertex -4.18404 23.1206 34
      vertex -5.5 25 34
      vertex -4.34523 23.1874 34
    endloop
  endfacet
  facet normal 0 0 1
    outer loop
      vertex -5.5 37 34
      vertex -4.64716 38.6383 34
      vertex -4.78557 38.5321 34
    endloop
  endfacet
  facet normal 0 0 1
    outer loop
      vertex -4.34523 23.1874 34
      vertex -5.5 25 34
      vertex -4.5 23.2679 34
    endloop
  endfacet
  facet normal 0 0 1
    outer loop
      vertex -5.5 37 34
      vertex -4.78557 38.5321 34
      vertex -4.91422 38.4142 34
    endloop
  endfacet
  facet normal 0 0 1
    outer loop
      vertex -4.5 23.2679 34
      vertex -5.5 25 34
      vertex -4.64716 23.3617 34
    endloop
  endfacet
  facet normal 0 0 1
    outer loop
      vertex -5.5 37 34
      vertex -4.91422 38.4142 34
      vertex -5.03209 38.2856 34
    endloop
  endfacet
  facet normal 0 0 1
    outer loop
      vertex -4.64716 23.3617 34
      vertex -5.5 25 34
      vertex -4.78557 23.4679 34
    endloop
  endfacet
  facet normal 0 0 1
    outer loop
      vertex -5.5 37 34
      vertex -5.03209 38.2856 34
      vertex -5.13831 38.1472 34
    endloop
  endfacet
  facet normal 0 0 1
    outer loop
      vertex -4.78557 23.4679 34
      vertex -5.5 25 34
      vertex -4.91422 23.5858 34
    endloop
  endfacet
  facet normal 0 0 1
    outer loop
      vertex -5.5 37 34
      vertex -5.13831 38.1472 34
      vertex -5.23206 38 34
    endloop
  endfacet
  facet normal 0 0 1
    outer loop
      vertex -4.91422 23.5858 34
      vertex -5.5 25 34
      vertex -5.03209 23.7144 34
    endloop
  endfacet
  facet normal 0 0 1
    outer loop
      vertex -5.5 37 34
      vertex -5.23206 38 34
      vertex -5.31262 37.8452 34
    endloop
  endfacet
  facet normal 0 0 1
    outer loop
      vertex -5.03209 23.7144 34
      vertex -5.5 25 34
      vertex -5.13831 23.8528 34
    endloop
  endfacet
  facet normal 0 0 1
    outer loop
      vertex -5.5 37 34
      vertex -5.31262 37.8452 34
      vertex -5.37938 37.684 34
    endloop
  endfacet
  facet normal 0 0 1
    outer loop
      vertex -5.13831 23.8528 34
      vertex -5.5 25 34
      vertex -5.23206 24 34
    endloop
  endfacet
  facet normal 0 0 1
    outer loop
      vertex -5.5 37 34
      vertex -5.37938 37.684 34
      vertex -5.43185 37.5176 34
    endloop
  endfacet
  facet normal 0 0 1
    outer loop
      vertex -5.23206 24 34
      vertex -5.5 25 34
      vertex -5.31262 24.1548 34
    endloop
  endfacet
  facet normal 0 0 1
    outer loop
      vertex -5.5 37 34
      vertex -5.43185 37.5176 34
      vertex -5.46962 37.3473 34
    endloop
  endfacet
  facet normal 0 0 1
    outer loop
      vertex -5.31262 24.1548 34
      vertex -5.5 25 34
      vertex -5.37938 24.316 34
    endloop
  endfacet
  facet normal 0 0 1
    outer loop
      vertex -5.5 37 34
      vertex -5.46962 37.3473 34
      vertex -5.49239 37.1743 34
    endloop
  endfacet
  facet normal 0 0 1
    outer loop
      vertex -5.37938 24.316 34
      vertex -5.5 25 34
      vertex -5.43185 24.4824 34
    endloop
  endfacet
  facet normal 0 0 1
    outer loop
      vertex -5.43185 24.4824 34
      vertex -5.5 25 34
      vertex -5.46962 24.6527 34
    endloop
  endfacet
  facet normal 0 0 1
    outer loop
      vertex -5.46962 24.6527 34
      vertex -5.5 25 34
      vertex -5.49239 24.8257 34
    endloop
  endfacet
  facet normal -0.183774 0.830395 -0.525995
    outer loop
      vertex -3.84729 38.9696 21
      vertex -4.75882 25.4659 0
      vertex -4.01764 38.9319 21
    endloop
  endfacet
  facet normal -0.976273 -0.216431 0.00691702
    outer loop
      vertex -5.45294 24.0238 16.6762
      vertex -5.46962 24.6527 34
      vertex -5.46733 24.0867 16.6133
    endloop
  endfacet
  facet normal -0.976254 -0.216519 0.00692023
    outer loop
      vertex -5.46962 24.6527 34
      vertex -5.45294 24.0238 16.6762
      vertex -5.43185 24.4824 34
    endloop
  endfacet
  facet normal -0.61485 0.671428 -0.413695
    outer loop
      vertex -5.14279 25.266 0
      vertex -5.20711 25.2071 0
      vertex -4.78557 38.5321 21
    endloop
  endfacet
  facet normal 0.794376 -0.607256 0.0143882
    outer loop
      vertex -0.967911 23.7144 34
      vertex -0.794998 23.5378 17
      vertex -0.793622 23.5396 17
    endloop
  endfacet
  facet normal 0.793105 -0.608915 0.0143925
    outer loop
      vertex -0.794998 23.5378 17
      vertex -0.967911 23.7144 34
      vertex -0.825092 23.4964 16.9068
    endloop
  endfacet
  facet normal -0.301059 -0.953562 0.0091278
    outer loop
      vertex -4.01764 23.0681 34
      vertex -4.54961 23.0631 15.9319
      vertex -4.49692 23.0461 15.8938
    endloop
  endfacet
  facet normal 0.217341 -0.976071 0.00694628
    outer loop
      vertex -1.56229 23.0328 15.8637
      vertex -2.15271 23.0304 34
      vertex -1.61665 23.0205 15.8362
    endloop
  endfacet
  facet normal -0.0440721 -0.999027 0.00157401
    outer loop
      vertex -3.5 23 34
      vertex -4.20683 23.0025 15.7956
      vertex -4.15036 23 15.79
    endloop
  endfacet
  facet normal -0.0435566 -0.99905 0.00155724
    outer loop
      vertex -4.26761 23.0051 15.8016
      vertex -3.5 23 34
      vertex -3.67432 23.0076 34
    endloop
  endfacet
  facet normal -0.0425887 -0.999092 0.0015164
    outer loop
      vertex -3.5 23 34
      vertex -4.26761 23.0051 15.8016
      vertex -4.20683 23.0025 15.7956
    endloop
  endfacet
  facet normal -0.3828 -0.923766 0.0109862
    outer loop
      vertex -4.34523 23.1874 34
      vertex -4.71483 23.1274 16.0767
      vertex -4.6641 23.1058 16.0281
    endloop
  endfacet
  facet normal -0.900025 0.372971 -0.225496
    outer loop
      vertex -5.40631 24.9226 0
      vertex -5.41758 25.5 1
      vertex -5.31262 37.8452 21
    endloop
  endfacet
  facet normal -0.899975 0.37306 -0.225548
    outer loop
      vertex -5.40631 24.9226 0
      vertex -5.43426 25.3982 0.898177
      vertex -5.41758 25.5 1
    endloop
  endfacet
  facet normal -0.900076 0.372873 -0.225452
    outer loop
      vertex -5.43426 25.3982 0.898177
      vertex -5.40631 24.9226 0
      vertex -5.4397 24.842 0
    endloop
  endfacet
  facet normal -0.900015 0.372987 -0.225507
    outer loop
      vertex -5.31262 37.8452 21
      vertex -5.41758 25.5 1
      vertex -5.43327 25.5 1.06262
    endloop
  endfacet
  facet normal -0.675634 0.737237 0
    outer loop
      vertex -4.78557 38.5321 21
      vertex -4.91422 38.4142 34
      vertex -4.78557 38.5321 34
    endloop
  endfacet
  facet normal -0.675634 0.737237 0
    outer loop
      vertex -4.91422 38.4142 34
      vertex -4.78557 38.5321 21
      vertex -4.91422 38.4142 21
    endloop
  endfacet
  facet normal -0.547161 0.711824 -0.440365
    outer loop
      vertex -5.07358 25.3192 0
      vertex -5.14279 25.266 0
      vertex -4.78557 38.5321 21
    endloop
  endfacet
  facet normal -0.999052 -0.0434982 0.00155342
    outer loop
      vertex -5.49761 24.316 16.384
      vertex -5.5 25 34
      vertex -5.5 24.369 16.331
    endloop
  endfacet
  facet normal -0.546464 0.712205 -0.440614
    outer loop
      vertex -4.64716 38.6383 21
      vertex -5.07358 25.3192 0
      vertex -4.78557 38.5321 21
    endloop
  endfacet
  facet normal -0.854187 0.44453 -0.269736
    outer loop
      vertex -5.23206 38 21
      vertex -5.40631 24.9226 0
      vertex -5.31262 37.8452 21
    endloop
  endfacet
  facet normal -0.923902 0.382629 0
    outer loop
      vertex -5.37938 37.684 21
      vertex -5.31262 37.8452 34
      vertex -5.31262 37.8452 21
    endloop
  endfacet
  facet normal -0.923902 0.382629 0
    outer loop
      vertex -5.31262 37.8452 34
      vertex -5.37938 37.684 21
      vertex -5.37938 37.684 34
    endloop
  endfacet
  facet normal -0.680969 0.624151 -0.383037
    outer loop
      vertex -4.91422 38.4142 21
      vertex -5.20711 25.2071 0
      vertex -5.03209 38.2856 21
    endloop
  endfacet
  facet normal -0.737192 0.675683 0
    outer loop
      vertex -5.03209 38.2856 21
      vertex -4.91422 38.4142 34
      vertex -4.91422 38.4142 21
    endloop
  endfacet
  facet normal -0.737192 0.675683 0
    outer loop
      vertex -4.91422 38.4142 34
      vertex -5.03209 38.2856 21
      vertex -5.03209 38.2856 34
    endloop
  endfacet
  facet normal 0.793219 -0.608767 0.0143944
    outer loop
      vertex -0.967911 23.7144 34
      vertex -0.751894 23.5939 17
      vertex -0.861694 23.8528 34
    endloop
  endfacet
  facet normal 0.792833 -0.609269 0.0143931
    outer loop
      vertex -0.751894 23.5939 17
      vertex -0.967911 23.7144 34
      vertex -0.793622 23.5396 17
    endloop
  endfacet
  facet normal 0.462181 -0.886698 0.0124926
    outer loop
      vertex -1.18217 23.1828 16.2013
      vertex -1.5 23.2679 34
      vertex -1.23047 23.1568 16.1428
    endloop
  endfacet
  facet normal -0.737688 -0.67498 0.0147721
    outer loop
      vertex -5.03209 23.7144 34
      vertex -5.17491 23.4964 16.9068
      vertex -5.1395 23.4557 16.8154
    endloop
  endfacet
  facet normal -0.793524 -0.608369 0.0143909
    outer loop
      vertex -5.205 23.5378 17
      vertex -5.03209 23.7144 34
      vertex -5.20638 23.5396 17
    endloop
  endfacet
  facet normal -0.793143 -0.608865 0.0143922
    outer loop
      vertex -5.03209 23.7144 34
      vertex -5.205 23.5378 17
      vertex -5.17491 23.4964 16.9068
    endloop
  endfacet
  facet normal -0.900139 0.372771 -0.225372
    outer loop
      vertex -5.43661 25.5 1.07596
      vertex -5.31262 37.8452 21
      vertex -5.43327 25.5 1.06262
    endloop
  endfacet
  facet normal -0.900131 0.372784 -0.22538
    outer loop
      vertex -5.31262 37.8452 21
      vertex -5.43661 25.5 1.07596
      vertex -5.37938 37.684 21
    endloop
  endfacet
  facet normal -0.901214 0.370871 -0.224205
    outer loop
      vertex -5.43426 25.3982 0.898177
      vertex -5.4397 24.842 0
      vertex -5.43717 25.3804 0.88043
    endloop
  endfacet
  facet normal -0.938524 0.295703 -0.178134
    outer loop
      vertex -5.43929 25.5 1.09008
      vertex -5.37938 37.684 21
      vertex -5.43661 25.5 1.07596
    endloop
  endfacet
  facet normal -0.938435 0.295911 -0.178261
    outer loop
      vertex -5.37938 37.684 21
      vertex -5.43929 25.5 1.09008
      vertex -5.43185 37.5176 21
    endloop
  endfacet
  facet normal -0.938785 0.295099 -0.177761
    outer loop
      vertex -5.43717 25.3804 0.88043
      vertex -5.4397 24.842 0
      vertex -5.43937 25.3628 0.862831
    endloop
  endfacet
  facet normal -0.843461 0.537191 0
    outer loop
      vertex -5.23206 38 21
      vertex -5.13831 38.1472 34
      vertex -5.13831 38.1472 21
    endloop
  endfacet
  facet normal -0.843461 0.537191 0
    outer loop
      vertex -5.13831 38.1472 34
      vertex -5.23206 38 21
      vertex -5.23206 38 34
    endloop
  endfacet
  facet normal -0.743464 0.570598 -0.348825
    outer loop
      vertex -5.03209 38.2856 21
      vertex -5.31915 25.0736 0
      vertex -5.13831 38.1472 21
    endloop
  endfacet
  facet normal -0.608741 0.793369 0
    outer loop
      vertex -4.64716 38.6383 21
      vertex -4.78557 38.5321 34
      vertex -4.64716 38.6383 34
    endloop
  endfacet
  facet normal -0.608741 0.793369 0
    outer loop
      vertex -4.78557 38.5321 34
      vertex -4.64716 38.6383 21
      vertex -4.78557 38.5321 21
    endloop
  endfacet
  facet normal 0.843383 -0.537141 0.013628
    outer loop
      vertex -0.861694 23.8528 34
      vertex -0.686604 23.6964 17
      vertex -0.767944 24 34
    endloop
  endfacet
  facet normal 0.843349 -0.537193 0.0136282
    outer loop
      vertex -0.686604 23.6964 17
      vertex -0.861694 23.8528 34
      vertex -0.751894 23.5939 17
    endloop
  endfacet
  facet normal -0.976309 -0.216272 0.00691183
    outer loop
      vertex -5.46962 24.6527 34
      vertex -5.47908 24.1381 16.5619
      vertex -5.46733 24.0867 16.6133
    endloop
  endfacet
  facet normal -0.991413 -0.130695 0.00439465
    outer loop
      vertex -5.46962 24.6527 34
      vertex -5.48622 24.1905 16.5095
      vertex -5.47908 24.1381 16.5619
    endloop
  endfacet
  facet normal 0 -0.130662 0.991427
    outer loop
      vertex -5.5 31.1946 22.0608
      vertex -0.5 30.8486 22.0152
      vertex -0.5 31.1946 22.0608
    endloop
  endfacet
  facet normal 0 -0.130662 0.991427
    outer loop
      vertex -0.5 30.8486 22.0152
      vertex -5.5 31.1946 22.0608
      vertex -5.5 30.8486 22.0152
    endloop
  endfacet
  facet normal 0 0.976315 -0.216354
    outer loop
      vertex -0.5 26.5608 26.6946
      vertex -5.5 26.6363 27.0353
      vertex -0.5 26.6363 27.0353
    endloop
  endfacet
  facet normal 0 0.976315 -0.216354
    outer loop
      vertex -5.5 26.6363 27.0353
      vertex -0.5 26.5608 26.6946
      vertex -5.5 26.5608 26.6946
    endloop
  endfacet
  facet normal 0 -0.0435616 0.999051
    outer loop
      vertex -5.5 30.8486 22.0152
      vertex -0.5 30.5 22
      vertex -0.5 30.8486 22.0152
    endloop
  endfacet
  facet normal 0 -0.0435616 0.999051
    outer loop
      vertex -0.5 30.5 22
      vertex -5.5 30.8486 22.0152
      vertex -5.5 30.5 22
    endloop
  endfacet
  facet normal 0 0.887029 0.461714
    outer loop
      vertex -0.5 27.0359 24
      vertex -5.5 26.8748 24.3095
      vertex -0.5 26.8748 24.3095
    endloop
  endfacet
  facet normal 0 0.887029 0.461714
    outer loop
      vertex -5.5 26.8748 24.3095
      vertex -0.5 27.0359 24
      vertex -5.5 27.0359 24
    endloop
  endfacet
  facet normal 0 -0.537862 -0.843033
    outer loop
      vertex -5.5 30.65 31.8598
      vertex -0.5 30.6721 31.8457
      vertex -0.5 30.65 31.8598
    endloop
  endfacet
  facet normal -0 -0.537862 -0.843033
    outer loop
      vertex -0.5 30.6721 31.8457
      vertex -5.5 30.65 31.8598
      vertex -5.5 30.6721 31.8457
    endloop
  endfacet
  facet normal 0 0.675898 -0.736996
    outer loop
      vertex -5.5 30.2879 31.8121
      vertex -0.5 30.3072 31.8298
      vertex -0.5 30.2879 31.8121
    endloop
  endfacet
  facet normal 0 0.675898 -0.736996
    outer loop
      vertex -0.5 30.3072 31.8298
      vertex -5.5 30.2879 31.8121
      vertex -5.5 30.3072 31.8298
    endloop
  endfacet
  facet normal 0 0.0421082 -0.999113
    outer loop
      vertex -5.5 30.4739 31.8989
      vertex -0.5 30.5 31.9
      vertex -0.5 30.4739 31.8989
    endloop
  endfacet
  facet normal 0 0.0421082 -0.999113
    outer loop
      vertex -0.5 30.5 31.9
      vertex -5.5 30.4739 31.8989
      vertex -5.5 30.5 31.9
    endloop
  endfacet
  facet normal 0 -0.793348 0.608768
    outer loop
      vertex -5.5 33.5642 23.4289
      vertex -0.5 33.7766 23.7057
      vertex -5.5 33.7766 23.7057
    endloop
  endfacet
  facet normal 0 -0.793348 0.608768
    outer loop
      vertex -0.5 33.7766 23.7057
      vertex -5.5 33.5642 23.4289
      vertex -0.5 33.5642 23.4289
    endloop
  endfacet
  facet normal 0 0.133412 -0.991061
    outer loop
      vertex -5.5 30.4479 31.8954
      vertex -0.5 30.4739 31.8989
      vertex -0.5 30.4479 31.8954
    endloop
  endfacet
  facet normal 0 0.133412 -0.991061
    outer loop
      vertex -0.5 30.4739 31.8989
      vertex -5.5 30.4479 31.8954
      vertex -5.5 30.4739 31.8989
    endloop
  endfacet
  facet normal 0 0.953743 -0.300624
    outer loop
      vertex -0.5 26.6363 27.0353
      vertex -5.5 26.7412 27.3681
      vertex -0.5 26.7412 27.3681
    endloop
  endfacet
  facet normal 0 0.953743 -0.300624
    outer loop
      vertex -5.5 26.7412 27.3681
      vertex -0.5 26.6363 27.0353
      vertex -5.5 26.6363 27.0353
    endloop
  endfacet
  facet normal 0 0.301314 -0.953525
    outer loop
      vertex -5.5 30.3974 31.8819
      vertex -0.5 30.4224 31.8898
      vertex -0.5 30.3974 31.8819
    endloop
  endfacet
  facet normal 0 0.301314 -0.953525
    outer loop
      vertex -0.5 30.4224 31.8898
      vertex -5.5 30.3974 31.8819
      vertex -5.5 30.4224 31.8898
    endloop
  endfacet
  facet normal 0 -0.462435 -0.886653
    outer loop
      vertex -5.5 30.6268 31.8719
      vertex -0.5 30.65 31.8598
      vertex -0.5 30.6268 31.8719
    endloop
  endfacet
  facet normal -0 -0.462435 -0.886653
    outer loop
      vertex -0.5 30.65 31.8598
      vertex -5.5 30.6268 31.8719
      vertex -5.5 30.65 31.8598
    endloop
  endfacet
  facet normal 0 0.750784 -0.660548
    outer loop
      vertex -0.5 27.4358 28.5712
      vertex -5.5 30.2702 31.7928
      vertex -0.5 30.2702 31.7928
    endloop
  endfacet
  facet normal 0 0.750784 -0.660548
    outer loop
      vertex -5.5 30.2702 31.7928
      vertex -0.5 27.4358 28.5712
      vertex -5.5 27.4358 28.5712
    endloop
  endfacet
  facet normal 0 -0.976315 0.216354
    outer loop
      vertex -5.5 34.3637 24.9647
      vertex -0.5 34.4392 25.3054
      vertex -5.5 34.4392 25.3054
    endloop
  endfacet
  facet normal 0 -0.976315 0.216354
    outer loop
      vertex -0.5 34.4392 25.3054
      vertex -5.5 34.3637 24.9647
      vertex -0.5 34.3637 24.9647
    endloop
  endfacet
  facet normal 0 -0.750784 -0.660548
    outer loop
      vertex -5.5 33.5642 28.5712
      vertex -0.5 30.7298 31.7928
      vertex -5.5 30.7298 31.7928
    endloop
  endfacet
  facet normal 0 -0.750784 -0.660548
    outer loop
      vertex -0.5 30.7298 31.7928
      vertex -5.5 33.5642 28.5712
      vertex -0.5 33.5642 28.5712
    endloop
  endfacet
  facet normal 0 -0.60863 0.793454
    outer loop
      vertex -5.5 33.0712 22.9358
      vertex -0.5 32.7943 22.7234
      vertex -0.5 33.0712 22.9358
    endloop
  endfacet
  facet normal 0 -0.60863 0.793454
    outer loop
      vertex -0.5 32.7943 22.7234
      vertex -5.5 33.0712 22.9358
      vertex -5.5 32.7943 22.7234
    endloop
  endfacet
  facet normal 0 -0.609155 -0.793051
    outer loop
      vertex -5.5 30.6721 31.8457
      vertex -0.5 30.6928 31.8298
      vertex -0.5 30.6721 31.8457
    endloop
  endfacet
  facet normal -0 -0.609155 -0.793051
    outer loop
      vertex -0.5 30.6928 31.8298
      vertex -5.5 30.6721 31.8457
      vertex -5.5 30.6928 31.8298
    endloop
  endfacet
  facet normal 0 0.976315 0.216354
    outer loop
      vertex -0.5 26.6363 24.9647
      vertex -5.5 26.5608 25.3054
      vertex -0.5 26.5608 25.3054
    endloop
  endfacet
  facet normal 0 0.976315 0.216354
    outer loop
      vertex -5.5 26.5608 25.3054
      vertex -0.5 26.6363 24.9647
      vertex -5.5 26.6363 24.9647
    endloop
  endfacet
  facet normal 0 -0.53732 0.843378
    outer loop
      vertex -5.5 32.7943 22.7234
      vertex -0.5 32.5 22.5359
      vertex -0.5 32.7943 22.7234
    endloop
  endfacet
  facet normal 0 -0.53732 0.843378
    outer loop
      vertex -0.5 32.5 22.5359
      vertex -5.5 32.7943 22.7234
      vertex -5.5 32.5 22.5359
    endloop
  endfacet
  facet normal 0 -0.953743 -0.300624
    outer loop
      vertex -5.5 34.3637 27.0353
      vertex -0.5 34.2588 27.3681
      vertex -5.5 34.2588 27.3681
    endloop
  endfacet
  facet normal 0 -0.953743 -0.300624
    outer loop
      vertex -0.5 34.2588 27.3681
      vertex -5.5 34.3637 27.0353
      vertex -0.5 34.3637 27.0353
    endloop
  endfacet
  facet normal 0 -0.991427 0.130662
    outer loop
      vertex -5.5 34.4392 25.3054
      vertex -0.5 34.4848 25.6514
      vertex -5.5 34.4848 25.6514
    endloop
  endfacet
  facet normal 0 -0.991427 0.130662
    outer loop
      vertex -0.5 34.4848 25.6514
      vertex -5.5 34.4392 25.3054
      vertex -0.5 34.4392 25.3054
    endloop
  endfacet
  facet normal -0 0.60863 0.793454
    outer loop
      vertex -5.5 28.2057 22.7234
      vertex -0.5 27.9288 22.9358
      vertex -0.5 28.2057 22.7234
    endloop
  endfacet
  facet normal 0 0.60863 0.793454
    outer loop
      vertex -0.5 27.9288 22.9358
      vertex -5.5 28.2057 22.7234
      vertex -5.5 27.9288 22.9358
    endloop
  endfacet
  facet normal 0 0.793454 -0.60863
    outer loop
      vertex -0.5 27.2234 28.2943
      vertex -5.5 27.4358 28.5712
      vertex -0.5 27.4358 28.5712
    endloop
  endfacet
  facet normal 0 0.793454 -0.60863
    outer loop
      vertex -5.5 27.4358 28.5712
      vertex -0.5 27.2234 28.2943
      vertex -5.5 27.2234 28.2943
    endloop
  endfacet
  facet normal 0 0.843378 0.53732
    outer loop
      vertex -0.5 27.2234 23.7057
      vertex -5.5 27.0359 24
      vertex -0.5 27.0359 24
    endloop
  endfacet
  facet normal 0 0.843378 0.53732
    outer loop
      vertex -5.5 27.0359 24
      vertex -0.5 27.2234 23.7057
      vertex -5.5 27.2234 23.7057
    endloop
  endfacet
  facet normal 0 -0.999051 -0.0435616
    outer loop
      vertex -5.5 34.5 26
      vertex -0.5 34.4848 26.3486
      vertex -5.5 34.4848 26.3486
    endloop
  endfacet
  facet normal 0 -0.999051 -0.0435616
    outer loop
      vertex -0.5 34.4848 26.3486
      vertex -5.5 34.5 26
      vertex -0.5 34.5 26
    endloop
  endfacet
  facet normal -0 0.53732 0.843378
    outer loop
      vertex -5.5 28.5 22.5359
      vertex -0.5 28.2057 22.7234
      vertex -0.5 28.5 22.5359
    endloop
  endfacet
  facet normal 0 0.53732 0.843378
    outer loop
      vertex -0.5 28.2057 22.7234
      vertex -5.5 28.5 22.5359
      vertex -5.5 28.2057 22.7234
    endloop
  endfacet
  facet normal 0 0.462435 -0.886653
    outer loop
      vertex -5.5 30.35 31.8598
      vertex -0.5 30.3732 31.8719
      vertex -0.5 30.35 31.8598
    endloop
  endfacet
  facet normal 0 0.462435 -0.886653
    outer loop
      vertex -0.5 30.3732 31.8719
      vertex -5.5 30.35 31.8598
      vertex -5.5 30.3732 31.8719
    endloop
  endfacet
  facet normal 0 -0.843378 -0.53732
    outer loop
      vertex -5.5 33.9641 28
      vertex -0.5 33.7766 28.2943
      vertex -5.5 33.7766 28.2943
    endloop
  endfacet
  facet normal 0 -0.843378 -0.53732
    outer loop
      vertex -0.5 33.7766 28.2943
      vertex -5.5 33.9641 28
      vertex -0.5 33.9641 28
    endloop
  endfacet
  facet normal -0 0.675777 0.737107
    outer loop
      vertex -5.5 27.9288 22.9358
      vertex -0.5 27.6716 23.1716
      vertex -0.5 27.9288 22.9358
    endloop
  endfacet
  facet normal 0 0.675777 0.737107
    outer loop
      vertex -0.5 27.6716 23.1716
      vertex -5.5 27.9288 22.9358
      vertex -5.5 27.6716 23.1716
    endloop
  endfacet
  facet normal 0 -0.953743 0.300624
    outer loop
      vertex -5.5 34.2588 24.6319
      vertex -0.5 34.3637 24.9647
      vertex -5.5 34.3637 24.9647
    endloop
  endfacet
  facet normal 0 -0.953743 0.300624
    outer loop
      vertex -0.5 34.3637 24.9647
      vertex -5.5 34.2588 24.6319
      vertex -0.5 34.2588 24.6319
    endloop
  endfacet
  facet normal 0 0.843378 -0.53732
    outer loop
      vertex -0.5 27.0359 28
      vertex -5.5 27.2234 28.2943
      vertex -0.5 27.2234 28.2943
    endloop
  endfacet
  facet normal 0 0.843378 -0.53732
    outer loop
      vertex -5.5 27.2234 28.2943
      vertex -0.5 27.0359 28
      vertex -5.5 27.0359 28
    endloop
  endfacet
  facet normal 0 0.887029 -0.461714
    outer loop
      vertex -0.5 26.8748 27.6905
      vertex -5.5 27.0359 28
      vertex -0.5 27.0359 28
    endloop
  endfacet
  facet normal 0 0.887029 -0.461714
    outer loop
      vertex -5.5 27.0359 28
      vertex -0.5 26.8748 27.6905
      vertex -5.5 26.8748 27.6905
    endloop
  endfacet
  facet normal 0 0.991427 0.130662
    outer loop
      vertex -0.5 26.5608 25.3054
      vertex -5.5 26.5152 25.6514
      vertex -0.5 26.5152 25.6514
    endloop
  endfacet
  facet normal 0 0.991427 0.130662
    outer loop
      vertex -5.5 26.5152 25.6514
      vertex -0.5 26.5608 25.3054
      vertex -5.5 26.5608 25.3054
    endloop
  endfacet
  facet normal 0 0.923821 -0.382824
    outer loop
      vertex -0.5 26.7412 27.3681
      vertex -5.5 26.8748 27.6905
      vertex -0.5 26.8748 27.6905
    endloop
  endfacet
  facet normal 0 0.923821 -0.382824
    outer loop
      vertex -5.5 26.8748 27.6905
      vertex -0.5 26.7412 27.3681
      vertex -5.5 26.7412 27.3681
    endloop
  endfacet
  facet normal 0 -0.991427 -0.130662
    outer loop
      vertex -5.5 34.4848 26.3486
      vertex -0.5 34.4392 26.6946
      vertex -5.5 34.4392 26.6946
    endloop
  endfacet
  facet normal 0 -0.991427 -0.130662
    outer loop
      vertex -0.5 34.4392 26.6946
      vertex -5.5 34.4848 26.3486
      vertex -0.5 34.4848 26.3486
    endloop
  endfacet
  facet normal -0 0.382824 0.923821
    outer loop
      vertex -5.5 29.1319 22.2412
      vertex -0.5 28.8095 22.3748
      vertex -0.5 29.1319 22.2412
    endloop
  endfacet
  facet normal 0 0.382824 0.923821
    outer loop
      vertex -0.5 28.8095 22.3748
      vertex -5.5 29.1319 22.2412
      vertex -5.5 28.8095 22.3748
    endloop
  endfacet
  facet normal 0 0.999051 0.0435616
    outer loop
      vertex -0.5 26.5152 25.6514
      vertex -5.5 26.5 26
      vertex -0.5 26.5 26
    endloop
  endfacet
  facet normal 0 0.999051 0.0435616
    outer loop
      vertex -5.5 26.5 26
      vertex -0.5 26.5152 25.6514
      vertex -5.5 26.5152 25.6514
    endloop
  endfacet
  facet normal 0 -0.923821 -0.382824
    outer loop
      vertex -5.5 34.2588 27.3681
      vertex -0.5 34.1252 27.6905
      vertex -5.5 34.1252 27.6905
    endloop
  endfacet
  facet normal 0 -0.923821 -0.382824
    outer loop
      vertex -0.5 34.1252 27.6905
      vertex -5.5 34.2588 27.3681
      vertex -0.5 34.2588 27.3681
    endloop
  endfacet
  facet normal 0 -0.0421082 -0.999113
    outer loop
      vertex -5.5 30.5 31.9
      vertex -0.5 30.5261 31.8989
      vertex -0.5 30.5 31.9
    endloop
  endfacet
  facet normal -0 -0.0421082 -0.999113
    outer loop
      vertex -0.5 30.5261 31.8989
      vertex -5.5 30.5 31.9
      vertex -5.5 30.5261 31.8989
    endloop
  endfacet
  facet normal 0 0.381902 -0.924203
    outer loop
      vertex -5.5 30.3732 31.8719
      vertex -0.5 30.3974 31.8819
      vertex -0.5 30.3732 31.8719
    endloop
  endfacet
  facet normal 0 0.381902 -0.924203
    outer loop
      vertex -0.5 30.3974 31.8819
      vertex -5.5 30.3732 31.8719
      vertex -5.5 30.3974 31.8819
    endloop
  endfacet
  facet normal 0 0.214496 -0.976725
    outer loop
      vertex -5.5 30.4224 31.8898
      vertex -0.5 30.4479 31.8954
      vertex -0.5 30.4224 31.8898
    endloop
  endfacet
  facet normal 0 0.214496 -0.976725
    outer loop
      vertex -0.5 30.4479 31.8954
      vertex -5.5 30.4224 31.8898
      vertex -5.5 30.4479 31.8954
    endloop
  endfacet
  facet normal 0 -0.793454 -0.60863
    outer loop
      vertex -5.5 33.7766 28.2943
      vertex -0.5 33.5642 28.5712
      vertex -5.5 33.5642 28.5712
    endloop
  endfacet
  facet normal 0 -0.793454 -0.60863
    outer loop
      vertex -0.5 33.5642 28.5712
      vertex -5.5 33.7766 28.2943
      vertex -0.5 33.7766 28.2943
    endloop
  endfacet
  facet normal 0 0.736996 -0.675898
    outer loop
      vertex -0.5 30.2702 31.7928
      vertex -5.5 30.2879 31.8121
      vertex -0.5 30.2879 31.8121
    endloop
  endfacet
  facet normal 0 0.736996 -0.675898
    outer loop
      vertex -5.5 30.2879 31.8121
      vertex -0.5 30.2702 31.7928
      vertex -5.5 30.2702 31.7928
    endloop
  endfacet
  facet normal -0 0.130662 0.991427
    outer loop
      vertex -5.5 30.1514 22.0152
      vertex -0.5 29.8054 22.0608
      vertex -0.5 30.1514 22.0152
    endloop
  endfacet
  facet normal 0 0.130662 0.991427
    outer loop
      vertex -0.5 29.8054 22.0608
      vertex -5.5 30.1514 22.0152
      vertex -5.5 29.8054 22.0608
    endloop
  endfacet
  facet normal -0 0.0435616 0.999051
    outer loop
      vertex -5.5 30.5 22
      vertex -0.5 30.1514 22.0152
      vertex -0.5 30.5 22
    endloop
  endfacet
  facet normal 0 0.0435616 0.999051
    outer loop
      vertex -0.5 30.1514 22.0152
      vertex -5.5 30.5 22
      vertex -5.5 30.1514 22.0152
    endloop
  endfacet
  facet normal 0 -0.214496 -0.976725
    outer loop
      vertex -5.5 30.5521 31.8954
      vertex -0.5 30.5776 31.8898
      vertex -0.5 30.5521 31.8954
    endloop
  endfacet
  facet normal -0 -0.214496 -0.976725
    outer loop
      vertex -0.5 30.5776 31.8898
      vertex -5.5 30.5521 31.8954
      vertex -5.5 30.5776 31.8898
    endloop
  endfacet
  facet normal 0 0.537862 -0.843033
    outer loop
      vertex -5.5 30.3279 31.8457
      vertex -0.5 30.35 31.8598
      vertex -0.5 30.3279 31.8457
    endloop
  endfacet
  facet normal 0 0.537862 -0.843033
    outer loop
      vertex -0.5 30.35 31.8598
      vertex -5.5 30.3279 31.8457
      vertex -5.5 30.35 31.8598
    endloop
  endfacet
  facet normal -0 0.216354 0.976315
    outer loop
      vertex -5.5 29.8054 22.0608
      vertex -0.5 29.4647 22.1363
      vertex -0.5 29.8054 22.0608
    endloop
  endfacet
  facet normal 0 0.216354 0.976315
    outer loop
      vertex -0.5 29.4647 22.1363
      vertex -5.5 29.8054 22.0608
      vertex -5.5 29.4647 22.1363
    endloop
  endfacet
  facet normal 0 -0.133412 -0.991061
    outer loop
      vertex -5.5 30.5261 31.8989
      vertex -0.5 30.5521 31.8954
      vertex -0.5 30.5261 31.8989
    endloop
  endfacet
  facet normal -0 -0.133412 -0.991061
    outer loop
      vertex -0.5 30.5521 31.8954
      vertex -5.5 30.5261 31.8989
      vertex -5.5 30.5521 31.8954
    endloop
  endfacet
  facet normal 0 -0.675898 -0.736996
    outer loop
      vertex -5.5 30.6928 31.8298
      vertex -0.5 30.7121 31.8121
      vertex -0.5 30.6928 31.8298
    endloop
  endfacet
  facet normal -0 -0.675898 -0.736996
    outer loop
      vertex -0.5 30.7121 31.8121
      vertex -5.5 30.6928 31.8298
      vertex -5.5 30.7121 31.8121
    endloop
  endfacet
  facet normal 0 -0.382824 0.923821
    outer loop
      vertex -5.5 32.1905 22.3748
      vertex -0.5 31.8681 22.2412
      vertex -0.5 32.1905 22.3748
    endloop
  endfacet
  facet normal 0 -0.382824 0.923821
    outer loop
      vertex -0.5 31.8681 22.2412
      vertex -5.5 32.1905 22.3748
      vertex -5.5 31.8681 22.2412
    endloop
  endfacet
  facet normal 0 -0.843378 0.53732
    outer loop
      vertex -5.5 33.7766 23.7057
      vertex -0.5 33.9641 24
      vertex -5.5 33.9641 24
    endloop
  endfacet
  facet normal 0 -0.843378 0.53732
    outer loop
      vertex -0.5 33.9641 24
      vertex -5.5 33.7766 23.7057
      vertex -0.5 33.7766 23.7057
    endloop
  endfacet
  facet normal 0 0.923821 0.382824
    outer loop
      vertex -0.5 26.8748 24.3095
      vertex -5.5 26.7412 24.6319
      vertex -0.5 26.7412 24.6319
    endloop
  endfacet
  facet normal 0 0.923821 0.382824
    outer loop
      vertex -5.5 26.7412 24.6319
      vertex -0.5 26.8748 24.3095
      vertex -5.5 26.8748 24.3095
    endloop
  endfacet
  facet normal 0 0.999051 -0.0435616
    outer loop
      vertex -0.5 26.5 26
      vertex -5.5 26.5152 26.3486
      vertex -0.5 26.5152 26.3486
    endloop
  endfacet
  facet normal 0 0.999051 -0.0435616
    outer loop
      vertex -5.5 26.5152 26.3486
      vertex -0.5 26.5 26
      vertex -5.5 26.5 26
    endloop
  endfacet
  facet normal 0 0.793348 0.608768
    outer loop
      vertex -0.5 27.4358 23.4289
      vertex -5.5 27.2234 23.7057
      vertex -0.5 27.2234 23.7057
    endloop
  endfacet
  facet normal 0 0.793348 0.608768
    outer loop
      vertex -5.5 27.2234 23.7057
      vertex -0.5 27.4358 23.4289
      vertex -5.5 27.4358 23.4289
    endloop
  endfacet
  facet normal 0 0.737237 0.675634
    outer loop
      vertex -0.5 27.6716 23.1716
      vertex -5.5 27.4358 23.4289
      vertex -0.5 27.4358 23.4289
    endloop
  endfacet
  facet normal 0 0.737237 0.675634
    outer loop
      vertex -5.5 27.4358 23.4289
      vertex -0.5 27.6716 23.1716
      vertex -5.5 27.6716 23.1716
    endloop
  endfacet
  facet normal 0 -0.300624 0.953743
    outer loop
      vertex -5.5 31.8681 22.2412
      vertex -0.5 31.5353 22.1363
      vertex -0.5 31.8681 22.2412
    endloop
  endfacet
  facet normal 0 -0.300624 0.953743
    outer loop
      vertex -0.5 31.5353 22.1363
      vertex -5.5 31.8681 22.2412
      vertex -5.5 31.5353 22.1363
    endloop
  endfacet
  facet normal -0 0.461714 0.887029
    outer loop
      vertex -5.5 28.8095 22.3748
      vertex -0.5 28.5 22.5359
      vertex -0.5 28.8095 22.3748
    endloop
  endfacet
  facet normal 0 0.461714 0.887029
    outer loop
      vertex -0.5 28.5 22.5359
      vertex -5.5 28.8095 22.3748
      vertex -5.5 28.5 22.5359
    endloop
  endfacet
  facet normal 0 -0.976315 -0.216354
    outer loop
      vertex -5.5 34.4392 26.6946
      vertex -0.5 34.3637 27.0353
      vertex -5.5 34.3637 27.0353
    endloop
  endfacet
  facet normal 0 -0.976315 -0.216354
    outer loop
      vertex -0.5 34.3637 27.0353
      vertex -5.5 34.4392 26.6946
      vertex -0.5 34.4392 26.6946
    endloop
  endfacet
  facet normal 0 0.953743 0.300624
    outer loop
      vertex -0.5 26.7412 24.6319
      vertex -5.5 26.6363 24.9647
      vertex -0.5 26.6363 24.9647
    endloop
  endfacet
  facet normal 0 0.953743 0.300624
    outer loop
      vertex -5.5 26.6363 24.9647
      vertex -0.5 26.7412 24.6319
      vertex -5.5 26.7412 24.6319
    endloop
  endfacet
  facet normal 0 -0.887029 0.461714
    outer loop
      vertex -5.5 33.9641 24
      vertex -0.5 34.1252 24.3095
      vertex -5.5 34.1252 24.3095
    endloop
  endfacet
  facet normal 0 -0.887029 0.461714
    outer loop
      vertex -0.5 34.1252 24.3095
      vertex -5.5 33.9641 24
      vertex -0.5 33.9641 24
    endloop
  endfacet
  facet normal 0 -0.381902 -0.924203
    outer loop
      vertex -5.5 30.6026 31.8819
      vertex -0.5 30.6268 31.8719
      vertex -0.5 30.6026 31.8819
    endloop
  endfacet
  facet normal -0 -0.381902 -0.924203
    outer loop
      vertex -0.5 30.6268 31.8719
      vertex -5.5 30.6026 31.8819
      vertex -5.5 30.6268 31.8719
    endloop
  endfacet
  facet normal 0 -0.923821 0.382824
    outer loop
      vertex -5.5 34.1252 24.3095
      vertex -0.5 34.2588 24.6319
      vertex -5.5 34.2588 24.6319
    endloop
  endfacet
  facet normal 0 -0.923821 0.382824
    outer loop
      vertex -0.5 34.2588 24.6319
      vertex -5.5 34.1252 24.3095
      vertex -0.5 34.1252 24.3095
    endloop
  endfacet
  facet normal 0 0.609155 -0.793051
    outer loop
      vertex -5.5 30.3072 31.8298
      vertex -0.5 30.3279 31.8457
      vertex -0.5 30.3072 31.8298
    endloop
  endfacet
  facet normal 0 0.609155 -0.793051
    outer loop
      vertex -0.5 30.3279 31.8457
      vertex -5.5 30.3072 31.8298
      vertex -5.5 30.3279 31.8457
    endloop
  endfacet
  facet normal 0 -0.301314 -0.953525
    outer loop
      vertex -5.5 30.5776 31.8898
      vertex -0.5 30.6026 31.8819
      vertex -0.5 30.5776 31.8898
    endloop
  endfacet
  facet normal -0 -0.301314 -0.953525
    outer loop
      vertex -0.5 30.6026 31.8819
      vertex -5.5 30.5776 31.8898
      vertex -5.5 30.6026 31.8819
    endloop
  endfacet
  facet normal 0 -0.737237 0.675634
    outer loop
      vertex -5.5 33.3284 23.1716
      vertex -0.5 33.5642 23.4289
      vertex -5.5 33.5642 23.4289
    endloop
  endfacet
  facet normal 0 -0.737237 0.675634
    outer loop
      vertex -0.5 33.5642 23.4289
      vertex -5.5 33.3284 23.1716
      vertex -0.5 33.3284 23.1716
    endloop
  endfacet
  facet normal -0 0.300624 0.953743
    outer loop
      vertex -5.5 29.4647 22.1363
      vertex -0.5 29.1319 22.2412
      vertex -0.5 29.4647 22.1363
    endloop
  endfacet
  facet normal 0 0.300624 0.953743
    outer loop
      vertex -0.5 29.1319 22.2412
      vertex -5.5 29.4647 22.1363
      vertex -5.5 29.1319 22.2412
    endloop
  endfacet
  facet normal 0 -0.999051 0.0435616
    outer loop
      vertex -5.5 34.4848 25.6514
      vertex -0.5 34.5 26
      vertex -5.5 34.5 26
    endloop
  endfacet
  facet normal 0 -0.999051 0.0435616
    outer loop
      vertex -0.5 34.5 26
      vertex -5.5 34.4848 25.6514
      vertex -0.5 34.4848 25.6514
    endloop
  endfacet
  facet normal 0 0.991427 -0.130662
    outer loop
      vertex -0.5 26.5152 26.3486
      vertex -5.5 26.5608 26.6946
      vertex -0.5 26.5608 26.6946
    endloop
  endfacet
  facet normal 0 0.991427 -0.130662
    outer loop
      vertex -5.5 26.5608 26.6946
      vertex -0.5 26.5152 26.3486
      vertex -5.5 26.5152 26.3486
    endloop
  endfacet
  facet normal 0 -0.887029 -0.461714
    outer loop
      vertex -5.5 34.1252 27.6905
      vertex -0.5 33.9641 28
      vertex -5.5 33.9641 28
    endloop
  endfacet
  facet normal 0 -0.887029 -0.461714
    outer loop
      vertex -0.5 33.9641 28
      vertex -5.5 34.1252 27.6905
      vertex -0.5 34.1252 27.6905
    endloop
  endfacet
  facet normal 0 -0.675777 0.737107
    outer loop
      vertex -5.5 33.3284 23.1716
      vertex -0.5 33.0712 22.9358
      vertex -0.5 33.3284 23.1716
    endloop
  endfacet
  facet normal 0 -0.675777 0.737107
    outer loop
      vertex -0.5 33.0712 22.9358
      vertex -5.5 33.3284 23.1716
      vertex -5.5 33.0712 22.9358
    endloop
  endfacet
  facet normal 0 -0.736996 -0.675898
    outer loop
      vertex -5.5 30.7298 31.7928
      vertex -0.5 30.7121 31.8121
      vertex -5.5 30.7121 31.8121
    endloop
  endfacet
  facet normal 0 -0.736996 -0.675898
    outer loop
      vertex -0.5 30.7121 31.8121
      vertex -5.5 30.7298 31.7928
      vertex -0.5 30.7298 31.7928
    endloop
  endfacet
  facet normal 0 -0.461714 0.887029
    outer loop
      vertex -5.5 32.5 22.5359
      vertex -0.5 32.1905 22.3748
      vertex -0.5 32.5 22.5359
    endloop
  endfacet
  facet normal 0 -0.461714 0.887029
    outer loop
      vertex -0.5 32.1905 22.3748
      vertex -5.5 32.5 22.5359
      vertex -5.5 32.1905 22.3748
    endloop
  endfacet
  facet normal 0 -0.216354 0.976315
    outer loop
      vertex -5.5 31.5353 22.1363
      vertex -0.5 31.1946 22.0608
      vertex -0.5 31.5353 22.1363
    endloop
  endfacet
  facet normal 0 -0.216354 0.976315
    outer loop
      vertex -0.5 31.1946 22.0608
      vertex -5.5 31.5353 22.1363
      vertex -5.5 31.1946 22.0608
    endloop
  endfacet
endsolid OpenSCAD_Model
