solid OpenSCAD_Model
  facet normal 0.537322 -0.843377 0
    outer loop
      vertex 43.15 -29.4201 1.2
      vertex 43.9078 -28.9373 23.2
      vertex 43.15 -29.4201 23.2
    endloop
  endfacet
  facet normal 0.537322 -0.843377 0
    outer loop
      vertex 43.9078 -28.9373 23.2
      vertex 43.15 -29.4201 1.2
      vertex 43.9078 -28.9373 1.2
    endloop
  endfacet
  facet normal 0.212729 -0.674719 0.706753
    outer loop
      vertex 41.5228 -30.1788 23.2
      vertex 40.2 -28.7104 25
      vertex 40.6658 -30.449 23.2
    endloop
  endfacet
  facet normal -0.326658 0.627491 -0.706788
    outer loop
      vertex -42.55 28.3808 0
      vertex -43.15 29.4201 1.2
      vertex -42.353 29.835 1.2
    endloop
  endfacet
  facet normal 0.707107 0 -0.707107
    outer loop
      vertex 48.3 -20.5 1.2
      vertex 47.1 20.5 0
      vertex 48.3 20.5 1.2
    endloop
  endfacet
  facet normal 0.707107 0 -0.707107
    outer loop
      vertex 47.1 20.5 0
      vertex 48.3 -20.5 1.2
      vertex 47.1 -20.5 0
    endloop
  endfacet
  facet normal 0.477927 -0.521594 -0.706772
    outer loop
      vertex 44.6207 -28.3903 1.2
      vertex 43.8494 -27.471 0
      vertex 44.4347 -26.9347 0
    endloop
  endfacet
  facet normal 0.674719 0.212729 0.706753
    outer loop
      vertex 47.6788 24.0228 23.2
      vertex 46.2104 22.7 25
      vertex 47.949 23.1658 23.2
    endloop
  endfacet
  facet normal 0.212753 0.674705 0.70676
    outer loop
      vertex 41.5228 30.1788 23.2
      vertex 40.2 28.7104 25
      vertex 40.9072 28.4874 25
    endloop
  endfacet
  facet normal 0.382607 -0.923911 0
    outer loop
      vertex 41.5228 -30.1788 1.2
      vertex 42.353 -29.835 23.2
      vertex 41.5228 -30.1788 23.2
    endloop
  endfacet
  facet normal 0.382607 -0.923911 0
    outer loop
      vertex 42.353 -29.835 23.2
      vertex 41.5228 -30.1788 1.2
      vertex 42.353 -29.835 1.2
    endloop
  endfacet
  facet normal 0.270677 0.653624 -0.70676
    outer loop
      vertex 42.353 29.835 1.2
      vertex 41.1124 29.0512 0
      vertex 41.5228 30.1788 1.2
    endloop
  endfacet
  facet normal 0.326662 -0.627499 0.70678
    outer loop
      vertex 43.15 -29.4201 23.2
      vertex 42.25 -27.8612 25
      vertex 42.353 -29.835 23.2
    endloop
  endfacet
  facet normal -0.0436256 -0.999048 0
    outer loop
      vertex -38.8977 -30.7608 1.2
      vertex -38 -30.8 23.2
      vertex -38.8977 -30.7608 23.2
    endloop
  endfacet
  facet normal -0.0436256 -0.999048 -0
    outer loop
      vertex -38 -30.8 23.2
      vertex -38.8977 -30.7608 1.2
      vertex -38 -30.8 1.2
    endloop
  endfacet
  facet normal 0.212727 -0.674713 -0.70676
    outer loop
      vertex 40.6658 -30.449 1.2
      vertex 40.3553 -29.2899 0
      vertex 41.5228 -30.1788 1.2
    endloop
  endfacet
  facet normal 0.999048 -0.0436256 0
    outer loop
      vertex 48.2608 -21.3977 23.2
      vertex 48.3 -20.5 1.2
      vertex 48.3 -20.5 23.2
    endloop
  endfacet
  facet normal 0.999048 -0.0436256 0
    outer loop
      vertex 48.3 -20.5 1.2
      vertex 48.2608 -21.3977 23.2
      vertex 48.2608 -21.3977 1.2
    endloop
  endfacet
  facet normal 0.521594 -0.477927 -0.706772
    outer loop
      vertex 45.8903 -27.1207 1.2
      vertex 44.4347 -26.9347 0
      vertex 44.971 -26.3494 0
    endloop
  endfacet
  facet normal 0.212753 -0.674705 0.70676
    outer loop
      vertex 40.9072 -28.4874 25
      vertex 40.2 -28.7104 25
      vertex 41.5228 -30.1788 23.2
    endloop
  endfacet
  facet normal -0.0923495 0.701399 -0.706761
    outer loop
      vertex -38.7931 29.5654 0
      vertex -39.7886 30.6435 1.2
      vertex -38.8977 30.7608 1.2
    endloop
  endfacet
  facet normal -0.43065 0.561262 0.706771
    outer loop
      vertex -43.9078 28.9373 23.2
      vertex -44.6207 28.3903 23.2
      vertex -43.4637 27.0114 25
    endloop
  endfacet
  facet normal -0.212725 -0.674715 -0.706759
    outer loop
      vertex -40.3553 -29.2899 0
      vertex -41.5228 -30.1788 1.2
      vertex -41.1124 -29.0512 0
    endloop
  endfacet
  facet normal 0.843377 -0.537322 0
    outer loop
      vertex 46.4373 -26.4078 23.2
      vertex 46.9201 -25.65 1.2
      vertex 46.9201 -25.65 23.2
    endloop
  endfacet
  facet normal 0.843377 -0.537322 0
    outer loop
      vertex 46.9201 -25.65 1.2
      vertex 46.4373 -26.4078 23.2
      vertex 46.4373 -26.4078 1.2
    endloop
  endfacet
  facet normal 0.690684 0.153114 0.706761
    outer loop
      vertex 48.1435 22.2886 23.2
      vertex 46.2104 22.7 25
      vertex 46.3709 21.976 25
    endloop
  endfacet
  facet normal 0 -1 0
    outer loop
      vertex -38 -30.8 1.2
      vertex 38 -30.8 23.2
      vertex -38 -30.8 23.2
    endloop
  endfacet
  facet normal 0 -1 -0
    outer loop
      vertex 38 -30.8 23.2
      vertex -38 -30.8 1.2
      vertex 38 -30.8 1.2
    endloop
  endfacet
  facet normal 0 -0.707107 -0.707107
    outer loop
      vertex -38 -29.6 0
      vertex 38 -30.8 1.2
      vertex -38 -30.8 1.2
    endloop
  endfacet
  facet normal 0 -0.707107 -0.707107
    outer loop
      vertex 38 -30.8 1.2
      vertex -38 -29.6 0
      vertex 38 -29.6 0
    endloop
  endfacet
  facet normal -0.153086 0.69067 -0.706781
    outer loop
      vertex -39.5802 29.4617 0
      vertex -40.3553 29.2899 0
      vertex -39.7886 30.6435 1.2
    endloop
  endfacet
  facet normal -0.382607 0.923911 0
    outer loop
      vertex -41.5228 30.1788 1.2
      vertex -42.353 29.835 23.2
      vertex -41.5228 30.1788 23.2
    endloop
  endfacet
  facet normal -0.382607 0.923911 0
    outer loop
      vertex -42.353 29.835 23.2
      vertex -41.5228 30.1788 1.2
      vertex -42.353 29.835 1.2
    endloop
  endfacet
  facet normal -0.326662 0.627499 0.70678
    outer loop
      vertex -42.353 29.835 23.2
      vertex -43.15 29.4201 23.2
      vertex -42.25 27.8612 25
    endloop
  endfacet
  facet normal 0.380094 0.596655 -0.706775
    outer loop
      vertex 43.2195 27.9543 0
      vertex 42.55 28.3808 0
      vertex 43.9078 28.9373 1.2
    endloop
  endfacet
  facet normal 0.0924053 0.701371 -0.706781
    outer loop
      vertex 39.5802 29.4617 0
      vertex 38.7931 29.5654 0
      vertex 39.7886 30.6435 1.2
    endloop
  endfacet
  facet normal 0 -0.707107 0.707107
    outer loop
      vertex -38 -29 25
      vertex 38 -30.8 23.2
      vertex 38 -29 25
    endloop
  endfacet
  facet normal 0 -0.707107 0.707107
    outer loop
      vertex 38 -30.8 23.2
      vertex -38 -29 25
      vertex -38 -30.8 23.2
    endloop
  endfacet
  facet normal 0.380094 -0.596655 -0.706775
    outer loop
      vertex 43.9078 -28.9373 1.2
      vertex 42.55 -28.3808 0
      vertex 43.2195 -27.9543 0
    endloop
  endfacet
  facet normal -0.212729 0.674719 0.706753
    outer loop
      vertex -40.6658 30.449 23.2
      vertex -41.5228 30.1788 23.2
      vertex -40.2 28.7104 25
    endloop
  endfacet
  facet normal -0.477955 0.52157 0.70677
    outer loop
      vertex -44.6207 28.3903 23.2
      vertex -45.2832 27.7832 23.2
      vertex -43.4637 27.0114 25
    endloop
  endfacet
  facet normal 0.690684 -0.153144 0.706755
    outer loop
      vertex 48.1435 -22.2886 23.2
      vertex 46.2104 -22.7 25
      vertex 47.949 -23.1658 23.2
    endloop
  endfacet
  facet normal -0.707107 0 0.707107
    outer loop
      vertex -48.3 20.5 23.2
      vertex -46.5 -20.5 25
      vertex -46.5 20.5 25
    endloop
  endfacet
  facet normal -0.707107 0 0.707107
    outer loop
      vertex -46.5 -20.5 25
      vertex -48.3 20.5 23.2
      vertex -48.3 -20.5 23.2
    endloop
  endfacet
  facet normal 0.627495 -0.326675 0.706776
    outer loop
      vertex 45.7036 -24.0923 25
      vertex 45.3612 -24.75 25
      vertex 47.335 -24.853 23.2
    endloop
  endfacet
  facet normal 0.326675 -0.627495 0.706776
    outer loop
      vertex 42.25 -27.8612 25
      vertex 41.5923 -28.2036 25
      vertex 42.353 -29.835 23.2
    endloop
  endfacet
  facet normal 0.030863 0.706779 0.70676
    outer loop
      vertex 38.8977 30.7608 23.2
      vertex 38 30.8 23.2
      vertex 38.7408 28.9677 25
    endloop
  endfacet
  facet normal 0.73726 -0.675609 0
    outer loop
      vertex 45.2832 -27.7832 23.2
      vertex 45.8903 -27.1207 1.2
      vertex 45.8903 -27.1207 23.2
    endloop
  endfacet
  facet normal 0.73726 -0.675609 0
    outer loop
      vertex 45.8903 -27.1207 1.2
      vertex 45.2832 -27.7832 23.2
      vertex 45.2832 -27.7832 1.2
    endloop
  endfacet
  facet normal 0.653624 0.270677 -0.70676
    outer loop
      vertex 47.6788 24.0228 1.2
      vertex 46.5512 23.6124 0
      vertex 47.335 24.853 1.2
    endloop
  endfacet
  facet normal -0.675609 0.73726 0
    outer loop
      vertex -44.6207 28.3903 1.2
      vertex -45.2832 27.7832 23.2
      vertex -44.6207 28.3903 23.2
    endloop
  endfacet
  facet normal -0.675609 0.73726 0
    outer loop
      vertex -45.2832 27.7832 23.2
      vertex -44.6207 28.3903 1.2
      vertex -45.2832 27.7832 1.2
    endloop
  endfacet
  facet normal -0.627495 -0.326675 0.706776
    outer loop
      vertex -45.7036 -24.0923 25
      vertex -47.335 -24.853 23.2
      vertex -45.3612 -24.75 25
    endloop
  endfacet
  facet normal 0 0.70698 -0.707233
    outer loop
      vertex 38 30.8 1.2
      vertex -0.835555 30.6881 1.08814
      vertex -0.850576 30.8 1.2
    endloop
  endfacet
  facet normal -1.90495e-06 0.707311 -0.706903
    outer loop
      vertex 38 30.8 1.2
      vertex -0.833914 30.6708 1.07083
      vertex -0.835555 30.6881 1.08814
    endloop
  endfacet
  facet normal -5.46082e-07 0.707107 -0.707107
    outer loop
      vertex 38 30.8 1.2
      vertex -0.815731 30.479 0.87903
      vertex -0.833914 30.6708 1.07083
    endloop
  endfacet
  facet normal -1.46172e-06 0.707162 -0.707051
    outer loop
      vertex 38 30.8 1.2
      vertex -0.804523 30.2811 0.681099
      vertex -0.815731 30.479 0.87903
    endloop
  endfacet
  facet normal 2.5954e-06 0.70701 -0.707203
    outer loop
      vertex 38 30.8 1.2
      vertex -0.803901 30.2701 0.670102
      vertex -0.804523 30.2811 0.681099
    endloop
  endfacet
  facet normal -2.6165e-05 0.708063 -0.706149
    outer loop
      vertex 38 30.8 1.2
      vertex -0.803698 30.2594 0.659373
      vertex -0.803901 30.2701 0.670102
    endloop
  endfacet
  facet normal 3.75031e-06 0.70699 -0.707224
    outer loop
      vertex 38 30.8 1.2
      vertex -0.799999 30.0629 0.462938
      vertex -0.803698 30.2594 0.659373
    endloop
  endfacet
  facet normal -6.92527e-07 0.707107 -0.707107
    outer loop
      vertex 38 29.6 0
      vertex -0.799999 30.0629 0.462938
      vertex 38 30.8 1.2
    endloop
  endfacet
  facet normal 0 0.707136 -0.707078
    outer loop
      vertex -0.799999 30.0629 0.462938
      vertex 38 29.6 0
      vertex -0.799999 29.6 0
    endloop
  endfacet
  facet normal 0 0.70698 -0.707233
    outer loop
      vertex -7.76444 30.6881 1.08814
      vertex -38 30.8 1.2
      vertex -7.74942 30.8 1.2
    endloop
  endfacet
  facet normal 2.44659e-06 0.707311 -0.706903
    outer loop
      vertex -7.76608 30.6708 1.07083
      vertex -38 30.8 1.2
      vertex -7.76444 30.6881 1.08814
    endloop
  endfacet
  facet normal 7.01352e-07 0.707107 -0.707107
    outer loop
      vertex -7.78427 30.479 0.87903
      vertex -38 30.8 1.2
      vertex -7.76608 30.6708 1.07083
    endloop
  endfacet
  facet normal 1.8775e-06 0.707162 -0.707051
    outer loop
      vertex -7.79548 30.2811 0.681099
      vertex -38 30.8 1.2
      vertex -7.78427 30.479 0.87903
    endloop
  endfacet
  facet normal -3.33367e-06 0.70701 -0.707203
    outer loop
      vertex -7.7961 30.2701 0.670102
      vertex -38 30.8 1.2
      vertex -7.79548 30.2811 0.681099
    endloop
  endfacet
  facet normal 3.36127e-05 0.708063 -0.70615
    outer loop
      vertex -7.7963 30.2594 0.659373
      vertex -38 30.8 1.2
      vertex -7.7961 30.2701 0.670102
    endloop
  endfacet
  facet normal -4.81778e-06 0.70699 -0.707224
    outer loop
      vertex -7.8 30.0629 0.462938
      vertex -38 30.8 1.2
      vertex -7.7963 30.2594 0.659373
    endloop
  endfacet
  facet normal 0 0.707136 -0.707078
    outer loop
      vertex -38 29.6 0
      vertex -7.8 30.0629 0.462938
      vertex -7.8 29.6 0
    endloop
  endfacet
  facet normal 8.89737e-07 0.707107 -0.707107
    outer loop
      vertex -7.8 30.0629 0.462938
      vertex -38 29.6 0
      vertex -38 30.8 1.2
    endloop
  endfacet
  facet normal -0.212727 0.674713 -0.70676
    outer loop
      vertex -40.3553 29.2899 0
      vertex -41.5228 30.1788 1.2
      vertex -40.6658 30.449 1.2
    endloop
  endfacet
  facet normal -0.62749 0.326665 -0.706786
    outer loop
      vertex -46.2474 24.3458 0
      vertex -47.335 24.853 1.2
      vertex -45.8808 25.05 0
    endloop
  endfacet
  facet normal -0.561265 0.430638 -0.706776
    outer loop
      vertex -45.4543 25.7195 0
      vertex -46.4373 26.4078 1.2
      vertex -44.971 26.3494 0
    endloop
  endfacet
  facet normal -0.461756 0.887007 0
    outer loop
      vertex -42.353 29.835 1.2
      vertex -43.15 29.4201 23.2
      vertex -42.353 29.835 23.2
    endloop
  endfacet
  facet normal -0.461756 0.887007 0
    outer loop
      vertex -43.15 29.4201 23.2
      vertex -42.353 29.835 1.2
      vertex -43.15 29.4201 1.2
    endloop
  endfacet
  facet normal -0.153144 0.690684 0.706755
    outer loop
      vertex -39.7886 30.6435 23.2
      vertex -40.6658 30.449 23.2
      vertex -40.2 28.7104 25
    endloop
  endfacet
  facet normal 0.0923495 -0.701399 -0.706761
    outer loop
      vertex 38.8977 -30.7608 1.2
      vertex 38.7931 -29.5654 0
      vertex 39.7886 -30.6435 1.2
    endloop
  endfacet
  facet normal -0.0308342 0.706781 -0.70676
    outer loop
      vertex -38.7931 29.5654 0
      vertex -38.8977 30.7608 1.2
      vertex -38 29.6 0
    endloop
  endfacet
  facet normal -0.706771 -0.0308163 0.706771
    outer loop
      vertex -46.5 -20.5 25
      vertex -48.3 -20.5 23.2
      vertex -46.4677 -21.2408 25
    endloop
  endfacet
  facet normal 0.212729 0.674719 0.706753
    outer loop
      vertex 40.6658 30.449 23.2
      vertex 40.2 28.7104 25
      vertex 41.5228 30.1788 23.2
    endloop
  endfacet
  facet normal -0.537322 -0.843377 0
    outer loop
      vertex -43.9078 -28.9373 1.2
      vertex -43.15 -29.4201 23.2
      vertex -43.9078 -28.9373 23.2
    endloop
  endfacet
  facet normal -0.537322 -0.843377 -0
    outer loop
      vertex -43.15 -29.4201 23.2
      vertex -43.9078 -28.9373 1.2
      vertex -43.15 -29.4201 1.2
    endloop
  endfacet
  facet normal 0.0923496 -0.701399 0.706761
    outer loop
      vertex 39.476 -28.8709 25
      vertex 38.7408 -28.9677 25
      vertex 39.7886 -30.6435 23.2
    endloop
  endfacet
  facet normal 0.430638 -0.561265 -0.706776
    outer loop
      vertex 43.9078 -28.9373 1.2
      vertex 43.2195 -27.9543 0
      vertex 43.8494 -27.471 0
    endloop
  endfacet
  facet normal 0.627499 -0.326662 0.70678
    outer loop
      vertex 47.335 -24.853 23.2
      vertex 45.3612 -24.75 25
      vertex 46.9201 -25.65 23.2
    endloop
  endfacet
  facet normal -0.0923496 0.701399 0.706761
    outer loop
      vertex -38.7408 28.9677 25
      vertex -39.7886 30.6435 23.2
      vertex -39.476 28.8709 25
    endloop
  endfacet
  facet normal 0.991443 -0.130538 0
    outer loop
      vertex 48.1435 -22.2886 23.2
      vertex 48.2608 -21.3977 1.2
      vertex 48.2608 -21.3977 23.2
    endloop
  endfacet
  facet normal 0.991443 -0.130538 0
    outer loop
      vertex 48.2608 -21.3977 1.2
      vertex 48.1435 -22.2886 23.2
      vertex 48.1435 -22.2886 1.2
    endloop
  endfacet
  facet normal 0.701399 -0.0923495 0.706761
    outer loop
      vertex 48.2608 -21.3977 23.2
      vertex 46.4677 -21.2408 25
      vertex 48.1435 -22.2886 23.2
    endloop
  endfacet
  facet normal 0.674705 -0.212753 0.70676
    outer loop
      vertex 46.2104 -22.7 25
      vertex 45.9874 -23.4072 25
      vertex 47.6788 -24.0228 23.2
    endloop
  endfacet
  facet normal 0.0308342 0.706781 -0.70676
    outer loop
      vertex 38.7931 29.5654 0
      vertex 38 29.6 0
      vertex 38.8977 30.7608 1.2
    endloop
  endfacet
  facet normal -0.0308163 -0.706771 0.706771
    outer loop
      vertex -38 -29 25
      vertex -38.7408 -28.9677 25
      vertex -38 -30.8 23.2
    endloop
  endfacet
  facet normal -0.380093 -0.596662 0.70677
    outer loop
      vertex -42.8754 -27.4628 25
      vertex -43.9078 -28.9373 23.2
      vertex -42.25 -27.8612 25
    endloop
  endfacet
  facet normal 0.326662 0.627499 0.70678
    outer loop
      vertex 42.353 29.835 23.2
      vertex 42.25 27.8612 25
      vertex 43.15 29.4201 23.2
    endloop
  endfacet
  facet normal 0.0308163 -0.706771 0.706771
    outer loop
      vertex 38.7408 -28.9677 25
      vertex 38 -29 25
      vertex 38 -30.8 23.2
    endloop
  endfacet
  facet normal -0.130538 -0.991443 0
    outer loop
      vertex -39.7886 -30.6435 1.2
      vertex -38.8977 -30.7608 23.2
      vertex -39.7886 -30.6435 23.2
    endloop
  endfacet
  facet normal -0.130538 -0.991443 -0
    outer loop
      vertex -38.8977 -30.7608 23.2
      vertex -39.7886 -30.6435 1.2
      vertex -38.8977 -30.7608 1.2
    endloop
  endfacet
  facet normal 0.706781 -0.0308342 -0.70676
    outer loop
      vertex 48.2608 -21.3977 1.2
      vertex 47.0654 -21.2931 0
      vertex 47.1 -20.5 0
    endloop
  endfacet
  facet normal 0.690677 -0.153143 -0.706762
    outer loop
      vertex 47.949 -23.1658 1.2
      vertex 46.7899 -22.8553 0
      vertex 48.1435 -22.2886 1.2
    endloop
  endfacet
  facet normal -0.976289 -0.216471 0
    outer loop
      vertex -47.949 -23.1658 1.2
      vertex -48.1435 -22.2886 23.2
      vertex -48.1435 -22.2886 1.2
    endloop
  endfacet
  facet normal -0.976289 -0.216471 0
    outer loop
      vertex -48.1435 -22.2886 23.2
      vertex -47.949 -23.1658 1.2
      vertex -47.949 -23.1658 23.2
    endloop
  endfacet
  facet normal -0.596627 -0.380116 -0.706787
    outer loop
      vertex -46.4373 -26.4078 1.2
      vertex -46.9201 -25.65 1.2
      vertex -45.8808 -25.05 0
    endloop
  endfacet
  facet normal 0.70677 0.0308626 -0.70677
    outer loop
      vertex 48.3 20.5 1.2
      vertex 47.1 20.5 0
      vertex 48.2608 21.3977 1.2
    endloop
  endfacet
  facet normal 0.326665 -0.62749 -0.706786
    outer loop
      vertex 42.353 -29.835 1.2
      vertex 41.8458 -28.7474 0
      vertex 42.55 -28.3808 0
    endloop
  endfacet
  facet normal -1 0 0
    outer loop
      vertex -48.3 -20.5 1.2
      vertex -48.3 20.5 23.2
      vertex -48.3 20.5 1.2
    endloop
  endfacet
  facet normal -1 -0 0
    outer loop
      vertex -48.3 20.5 23.2
      vertex -48.3 -20.5 1.2
      vertex -48.3 -20.5 23.2
    endloop
  endfacet
  facet normal 0.270749 0.653596 0.706758
    outer loop
      vertex 41.5228 30.1788 23.2
      vertex 40.9072 28.4874 25
      vertex 41.5923 28.2036 25
    endloop
  endfacet
  facet normal -0.701399 0.0923496 0.706761
    outer loop
      vertex -46.3709 21.976 25
      vertex -48.1435 22.2886 23.2
      vertex -46.4677 21.2408 25
    endloop
  endfacet
  facet normal -0.521578 0.477963 -0.706759
    outer loop
      vertex -44.4347 26.9347 0
      vertex -45.8903 27.1207 1.2
      vertex -45.2832 27.7832 1.2
    endloop
  endfacet
  facet normal -0.521594 0.477927 -0.706772
    outer loop
      vertex -44.971 26.3494 0
      vertex -45.8903 27.1207 1.2
      vertex -44.4347 26.9347 0
    endloop
  endfacet
  facet normal -0.0436256 0.999048 0
    outer loop
      vertex -38 30.8 1.2
      vertex -38.8977 30.7608 23.2
      vertex -38 30.8 23.2
    endloop
  endfacet
  facet normal -0.0436256 0.999048 0
    outer loop
      vertex -38.8977 30.7608 23.2
      vertex -38 30.8 1.2
      vertex -38.8977 30.7608 1.2
    endloop
  endfacet
  facet normal -0.153143 0.690677 -0.706762
    outer loop
      vertex -40.3553 29.2899 0
      vertex -40.6658 30.449 1.2
      vertex -39.7886 30.6435 1.2
    endloop
  endfacet
  facet normal 0.0436256 -0.999048 0
    outer loop
      vertex 38 -30.8 1.2
      vertex 38.8977 -30.7608 23.2
      vertex 38 -30.8 23.2
    endloop
  endfacet
  facet normal 0.0436256 -0.999048 0
    outer loop
      vertex 38.8977 -30.7608 23.2
      vertex 38 -30.8 1.2
      vertex 38.8977 -30.7608 1.2
    endloop
  endfacet
  facet normal 0.690684 0.153144 0.706755
    outer loop
      vertex 47.949 23.1658 23.2
      vertex 46.2104 22.7 25
      vertex 48.1435 22.2886 23.2
    endloop
  endfacet
  facet normal 0.0308163 0.706771 0.706771
    outer loop
      vertex 38.7408 28.9677 25
      vertex 38 30.8 23.2
      vertex 38 29 25
    endloop
  endfacet
  facet normal 0.706771 0.0308163 0.706771
    outer loop
      vertex 48.3 20.5 23.2
      vertex 46.4677 21.2408 25
      vertex 46.5 20.5 25
    endloop
  endfacet
  facet normal -0.653596 0.270749 0.706758
    outer loop
      vertex -45.7036 24.0923 25
      vertex -47.6788 24.0228 23.2
      vertex -45.9874 23.4072 25
    endloop
  endfacet
  facet normal 0 1 0
    outer loop
      vertex 38 30.8 23.2
      vertex -0.799999 30.8 1.76058
      vertex -0.799999 30.8 23.2
    endloop
  endfacet
  facet normal 0 1 -0
    outer loop
      vertex 38 30.8 1.2
      vertex -0.799999 30.8 1.76058
      vertex 38 30.8 23.2
    endloop
  endfacet
  facet normal 0 1 0
    outer loop
      vertex -0.799999 30.8 1.76058
      vertex 38 30.8 1.2
      vertex -0.803553 30.8 1.61706
    endloop
  endfacet
  facet normal 0 1 0
    outer loop
      vertex -0.803553 30.8 1.61706
      vertex 38 30.8 1.2
      vertex -0.804042 30.8 1.59733
    endloop
  endfacet
  facet normal 0 1 0
    outer loop
      vertex -0.804042 30.8 1.59733
      vertex 38 30.8 1.2
      vertex -0.805477 30.8 1.57822
    endloop
  endfacet
  facet normal 0 1 0
    outer loop
      vertex -0.805477 30.8 1.57822
      vertex 38 30.8 1.2
      vertex -0.81607 30.8 1.43729
    endloop
  endfacet
  facet normal 0 1 0
    outer loop
      vertex -0.81607 30.8 1.43729
      vertex 38 30.8 1.2
      vertex -0.833881 30.8 1.29683
    endloop
  endfacet
  facet normal 0 1 0
    outer loop
      vertex -0.833881 30.8 1.29683
      vertex 38 30.8 1.2
      vertex -0.835819 30.8 1.28155
    endloop
  endfacet
  facet normal 0 1 0
    outer loop
      vertex -0.835819 30.8 1.28155
      vertex 38 30.8 1.2
      vertex -0.850576 30.8 1.2
    endloop
  endfacet
  facet normal 0 1 -0
    outer loop
      vertex -7.8 30.8 1.76058
      vertex -38 30.8 23.2
      vertex -7.8 30.8 23.2
    endloop
  endfacet
  facet normal 0 1 0
    outer loop
      vertex -38 30.8 1.2
      vertex -7.8 30.8 1.76058
      vertex -7.79645 30.8 1.61706
    endloop
  endfacet
  facet normal 0 1 0
    outer loop
      vertex -38 30.8 1.2
      vertex -7.79645 30.8 1.61706
      vertex -7.79596 30.8 1.59733
    endloop
  endfacet
  facet normal 0 1 0
    outer loop
      vertex -38 30.8 1.2
      vertex -7.79596 30.8 1.59733
      vertex -7.79452 30.8 1.57822
    endloop
  endfacet
  facet normal 0 1 0
    outer loop
      vertex -38 30.8 1.2
      vertex -7.79452 30.8 1.57822
      vertex -7.78393 30.8 1.43729
    endloop
  endfacet
  facet normal 0 1 0
    outer loop
      vertex -38 30.8 1.2
      vertex -7.78393 30.8 1.43729
      vertex -7.76612 30.8 1.29683
    endloop
  endfacet
  facet normal 0 1 0
    outer loop
      vertex -38 30.8 1.2
      vertex -7.76612 30.8 1.29683
      vertex -7.76418 30.8 1.28155
    endloop
  endfacet
  facet normal 0 1 0
    outer loop
      vertex -38 30.8 1.2
      vertex -7.76418 30.8 1.28155
      vertex -7.74942 30.8 1.2
    endloop
  endfacet
  facet normal 0 1 0
    outer loop
      vertex -7.8 30.8 1.76058
      vertex -38 30.8 1.2
      vertex -38 30.8 23.2
    endloop
  endfacet
  facet normal 0.270677 -0.653624 -0.70676
    outer loop
      vertex 41.5228 -30.1788 1.2
      vertex 41.1124 -29.0512 0
      vertex 42.353 -29.835 1.2
    endloop
  endfacet
  facet normal 1 -0 0
    outer loop
      vertex 48.3 -20.5 23.2
      vertex 48.3 20.5 1.2
      vertex 48.3 20.5 23.2
    endloop
  endfacet
  facet normal 1 0 0
    outer loop
      vertex 48.3 20.5 1.2
      vertex 48.3 -20.5 23.2
      vertex 48.3 -20.5 1.2
    endloop
  endfacet
  facet normal -0.0923495 -0.701399 -0.706761
    outer loop
      vertex -38.8977 -30.7608 1.2
      vertex -39.7886 -30.6435 1.2
      vertex -38.7931 -29.5654 0
    endloop
  endfacet
  facet normal -0.674713 0.212727 -0.70676
    outer loop
      vertex -46.7899 22.8553 0
      vertex -47.949 23.1658 1.2
      vertex -47.6788 24.0228 1.2
    endloop
  endfacet
  facet normal 0.923911 0.382607 0
    outer loop
      vertex 47.6788 24.0228 23.2
      vertex 47.335 24.853 1.2
      vertex 47.335 24.853 23.2
    endloop
  endfacet
  facet normal 0.923911 0.382607 0
    outer loop
      vertex 47.335 24.853 1.2
      vertex 47.6788 24.0228 23.2
      vertex 47.6788 24.0228 1.2
    endloop
  endfacet
  facet normal -0.674705 -0.212753 0.70676
    outer loop
      vertex -46.2104 -22.7 25
      vertex -47.6788 -24.0228 23.2
      vertex -45.9874 -23.4072 25
    endloop
  endfacet
  facet normal 0.0923495 -0.701399 0.706761
    outer loop
      vertex 39.7886 -30.6435 23.2
      vertex 38.7408 -28.9677 25
      vertex 38.8977 -30.7608 23.2
    endloop
  endfacet
  facet normal 0.706771 -0.0308163 0.706771
    outer loop
      vertex 46.5 -20.5 25
      vertex 46.4677 -21.2408 25
      vertex 48.3 -20.5 23.2
    endloop
  endfacet
  facet normal -0.43065 -0.561262 0.706771
    outer loop
      vertex -43.4637 -27.0114 25
      vertex -44.6207 -28.3903 23.2
      vertex -43.9078 -28.9373 23.2
    endloop
  endfacet
  facet normal 0.430649 -0.561261 -0.706772
    outer loop
      vertex 43.9078 -28.9373 1.2
      vertex 43.8494 -27.471 0
      vertex 44.6207 -28.3903 1.2
    endloop
  endfacet
  facet normal 0.674713 -0.212727 -0.70676
    outer loop
      vertex 47.6788 -24.0228 1.2
      vertex 46.7899 -22.8553 0
      vertex 47.949 -23.1658 1.2
    endloop
  endfacet
  facet normal -0.270671 -0.653609 0.706776
    outer loop
      vertex -41.5923 -28.2036 25
      vertex -42.353 -29.835 23.2
      vertex -41.5228 -30.1788 23.2
    endloop
  endfacet
  facet normal -0.706781 0.0308342 -0.70676
    outer loop
      vertex -47.1 20.5 0
      vertex -48.2608 21.3977 1.2
      vertex -47.0654 21.2931 0
    endloop
  endfacet
  facet normal -0.52157 0.477955 0.70677
    outer loop
      vertex -45.2832 27.7832 23.2
      vertex -45.8903 27.1207 23.2
      vertex -44.5114 25.9637 25
    endloop
  endfacet
  facet normal 0.843377 0.537322 0
    outer loop
      vertex 46.9201 25.65 23.2
      vertex 46.4373 26.4078 1.2
      vertex 46.4373 26.4078 23.2
    endloop
  endfacet
  facet normal 0.843377 0.537322 0
    outer loop
      vertex 46.4373 26.4078 1.2
      vertex 46.9201 25.65 23.2
      vertex 46.9201 25.65 1.2
    endloop
  endfacet
  facet normal 0.52156 -0.477962 0.706773
    outer loop
      vertex 44.5114 -25.9637 25
      vertex 44.0104 -26.5104 25
      vertex 45.2832 -27.7832 23.2
    endloop
  endfacet
  facet normal 0.216471 -0.976289 0
    outer loop
      vertex 39.7886 -30.6435 1.2
      vertex 40.6658 -30.449 23.2
      vertex 39.7886 -30.6435 23.2
    endloop
  endfacet
  facet normal 0.216471 -0.976289 0
    outer loop
      vertex 40.6658 -30.449 23.2
      vertex 39.7886 -30.6435 1.2
      vertex 40.6658 -30.449 1.2
    endloop
  endfacet
  facet normal -0.0923495 -0.701399 0.706761
    outer loop
      vertex -38.7408 -28.9677 25
      vertex -39.7886 -30.6435 23.2
      vertex -38.8977 -30.7608 23.2
    endloop
  endfacet
  facet normal -0.596655 -0.380094 -0.706775
    outer loop
      vertex -45.4543 -25.7195 0
      vertex -46.4373 -26.4078 1.2
      vertex -45.8808 -25.05 0
    endloop
  endfacet
  facet normal 0.477962 -0.52156 0.706773
    outer loop
      vertex 44.0104 -26.5104 25
      vertex 43.4637 -27.0114 25
      vertex 45.2832 -27.7832 23.2
    endloop
  endfacet
  facet normal -0.706771 0.0308163 0.706771
    outer loop
      vertex -46.4677 21.2408 25
      vertex -48.3 20.5 23.2
      vertex -46.5 20.5 25
    endloop
  endfacet
  facet normal -0.596634 0.38012 0.706779
    outer loop
      vertex -46.4373 26.4078 23.2
      vertex -46.9201 25.65 23.2
      vertex -45.3612 24.75 25
    endloop
  endfacet
  facet normal -0.380093 0.596662 0.70677
    outer loop
      vertex -42.25 27.8612 25
      vertex -43.9078 28.9373 23.2
      vertex -42.8754 27.4628 25
    endloop
  endfacet
  facet normal 0.701399 -0.0923495 -0.706761
    outer loop
      vertex 48.1435 -22.2886 1.2
      vertex 47.0654 -21.2931 0
      vertex 48.2608 -21.3977 1.2
    endloop
  endfacet
  facet normal -0.596627 0.380116 -0.706787
    outer loop
      vertex -45.8808 25.05 0
      vertex -46.9201 25.65 1.2
      vertex -46.4373 26.4078 1.2
    endloop
  endfacet
  facet normal -0.380116 0.596627 -0.706787
    outer loop
      vertex -42.55 28.3808 0
      vertex -43.9078 28.9373 1.2
      vertex -43.15 29.4201 1.2
    endloop
  endfacet
  facet normal -0.380094 0.596655 -0.706775
    outer loop
      vertex -43.2195 27.9543 0
      vertex -43.9078 28.9373 1.2
      vertex -42.55 28.3808 0
    endloop
  endfacet
  facet normal -0.0308626 -0.70677 -0.70677
    outer loop
      vertex -38 -30.8 1.2
      vertex -38.8977 -30.7608 1.2
      vertex -38 -29.6 0
    endloop
  endfacet
  facet normal -0.380116 -0.596627 -0.706787
    outer loop
      vertex -43.15 -29.4201 1.2
      vertex -43.9078 -28.9373 1.2
      vertex -42.55 -28.3808 0
    endloop
  endfacet
  facet normal 0.596627 -0.380116 -0.706787
    outer loop
      vertex 46.4373 -26.4078 1.2
      vertex 45.8808 -25.05 0
      vertex 46.9201 -25.65 1.2
    endloop
  endfacet
  facet normal 0.212725 0.674715 -0.706759
    outer loop
      vertex 41.1124 29.0512 0
      vertex 40.3553 29.2899 0
      vertex 41.5228 30.1788 1.2
    endloop
  endfacet
  facet normal 0.69067 -0.153086 -0.706781
    outer loop
      vertex 48.1435 -22.2886 1.2
      vertex 46.7899 -22.8553 0
      vertex 46.9617 -22.0802 0
    endloop
  endfacet
  facet normal -0.030863 -0.706779 0.70676
    outer loop
      vertex -38.7408 -28.9677 25
      vertex -38.8977 -30.7608 23.2
      vertex -38 -30.8 23.2
    endloop
  endfacet
  facet normal -0.674719 0.212729 0.706753
    outer loop
      vertex -47.6788 24.0228 23.2
      vertex -47.949 23.1658 23.2
      vertex -46.2104 22.7 25
    endloop
  endfacet
  facet normal -0.627499 0.326662 0.70678
    outer loop
      vertex -46.9201 25.65 23.2
      vertex -47.335 24.853 23.2
      vertex -45.3612 24.75 25
    endloop
  endfacet
  facet normal -0.38012 0.596634 0.706779
    outer loop
      vertex -43.15 29.4201 23.2
      vertex -43.9078 28.9373 23.2
      vertex -42.25 27.8612 25
    endloop
  endfacet
  facet normal -0.300695 0.95372 0
    outer loop
      vertex -40.6658 30.449 1.2
      vertex -41.5228 30.1788 23.2
      vertex -40.6658 30.449 23.2
    endloop
  endfacet
  facet normal -0.300695 0.95372 0
    outer loop
      vertex -41.5228 30.1788 23.2
      vertex -40.6658 30.449 1.2
      vertex -41.5228 30.1788 1.2
    endloop
  endfacet
  facet normal -0.0924053 0.701371 -0.706781
    outer loop
      vertex -39.5802 29.4617 0
      vertex -39.7886 30.6435 1.2
      vertex -38.7931 29.5654 0
    endloop
  endfacet
  facet normal -0.793368 -0.608742 0
    outer loop
      vertex -45.8903 -27.1207 1.2
      vertex -46.4373 -26.4078 23.2
      vertex -46.4373 -26.4078 1.2
    endloop
  endfacet
  facet normal -0.793368 -0.608742 0
    outer loop
      vertex -46.4373 -26.4078 23.2
      vertex -45.8903 -27.1207 1.2
      vertex -45.8903 -27.1207 23.2
    endloop
  endfacet
  facet normal 0.52157 -0.477955 0.70677
    outer loop
      vertex 45.8903 -27.1207 23.2
      vertex 44.5114 -25.9637 25
      vertex 45.2832 -27.7832 23.2
    endloop
  endfacet
  facet normal -0.561261 0.430649 -0.706772
    outer loop
      vertex -44.971 26.3494 0
      vertex -46.4373 26.4078 1.2
      vertex -45.8903 27.1207 1.2
    endloop
  endfacet
  facet normal 0.991443 0.130538 0
    outer loop
      vertex 48.2608 21.3977 23.2
      vertex 48.1435 22.2886 1.2
      vertex 48.1435 22.2886 23.2
    endloop
  endfacet
  facet normal 0.991443 0.130538 0
    outer loop
      vertex 48.1435 22.2886 1.2
      vertex 48.2608 21.3977 23.2
      vertex 48.2608 21.3977 1.2
    endloop
  endfacet
  facet normal 0.653573 -0.270733 -0.706785
    outer loop
      vertex 47.335 -24.853 1.2
      vertex 46.2474 -24.3458 0
      vertex 46.5512 -23.6124 0
    endloop
  endfacet
  facet normal 0.701399 0.0923495 0.706761
    outer loop
      vertex 48.1435 22.2886 23.2
      vertex 46.4677 21.2408 25
      vertex 48.2608 21.3977 23.2
    endloop
  endfacet
  facet normal 0.706779 0.030863 0.70676
    outer loop
      vertex 48.2608 21.3977 23.2
      vertex 46.4677 21.2408 25
      vertex 48.3 20.5 23.2
    endloop
  endfacet
  facet normal 0.999048 0.0436256 0
    outer loop
      vertex 48.3 20.5 23.2
      vertex 48.2608 21.3977 1.2
      vertex 48.2608 21.3977 23.2
    endloop
  endfacet
  facet normal 0.999048 0.0436256 0
    outer loop
      vertex 48.2608 21.3977 1.2
      vertex 48.3 20.5 23.2
      vertex 48.3 20.5 1.2
    endloop
  endfacet
  facet normal -0.326675 -0.627495 0.706776
    outer loop
      vertex -42.25 -27.8612 25
      vertex -42.353 -29.835 23.2
      vertex -41.5923 -28.2036 25
    endloop
  endfacet
  facet normal -0.270677 -0.653624 -0.70676
    outer loop
      vertex -41.5228 -30.1788 1.2
      vertex -42.353 -29.835 1.2
      vertex -41.1124 -29.0512 0
    endloop
  endfacet
  facet normal 0.706779 -0.030863 0.70676
    outer loop
      vertex 48.3 -20.5 23.2
      vertex 46.4677 -21.2408 25
      vertex 48.2608 -21.3977 23.2
    endloop
  endfacet
  facet normal 0.976289 -0.216471 0
    outer loop
      vertex 47.949 -23.1658 23.2
      vertex 48.1435 -22.2886 1.2
      vertex 48.1435 -22.2886 23.2
    endloop
  endfacet
  facet normal 0.976289 -0.216471 0
    outer loop
      vertex 48.1435 -22.2886 1.2
      vertex 47.949 -23.1658 23.2
      vertex 47.949 -23.1658 1.2
    endloop
  endfacet
  facet normal -0.674715 0.212725 -0.706759
    outer loop
      vertex -46.7899 22.8553 0
      vertex -47.6788 24.0228 1.2
      vertex -46.5512 23.6124 0
    endloop
  endfacet
  facet normal -0.887007 -0.461756 0
    outer loop
      vertex -46.9201 -25.65 1.2
      vertex -47.335 -24.853 23.2
      vertex -47.335 -24.853 1.2
    endloop
  endfacet
  facet normal -0.887007 -0.461756 0
    outer loop
      vertex -47.335 -24.853 23.2
      vertex -46.9201 -25.65 1.2
      vertex -46.9201 -25.65 23.2
    endloop
  endfacet
  facet normal -0.69067 -0.153086 -0.706781
    outer loop
      vertex -46.7899 -22.8553 0
      vertex -48.1435 -22.2886 1.2
      vertex -46.9617 -22.0802 0
    endloop
  endfacet
  facet normal 0.0308342 -0.706781 -0.70676
    outer loop
      vertex 38.8977 -30.7608 1.2
      vertex 38 -29.6 0
      vertex 38.7931 -29.5654 0
    endloop
  endfacet
  facet normal 0.326675 0.627495 0.706776
    outer loop
      vertex 42.353 29.835 23.2
      vertex 41.5923 28.2036 25
      vertex 42.25 27.8612 25
    endloop
  endfacet
  facet normal -0.477963 -0.521578 -0.706759
    outer loop
      vertex -44.6207 -28.3903 1.2
      vertex -45.2832 -27.7832 1.2
      vertex -44.4347 -26.9347 0
    endloop
  endfacet
  facet normal -0.0308342 -0.706781 -0.70676
    outer loop
      vertex -38 -29.6 0
      vertex -38.8977 -30.7608 1.2
      vertex -38.7931 -29.5654 0
    endloop
  endfacet
  facet normal 0.0308626 0.70677 -0.70677
    outer loop
      vertex 38 29.6 0
      vertex 38 30.8 1.2
      vertex 38.8977 30.7608 1.2
    endloop
  endfacet
  facet normal 0.561262 -0.43065 0.706771
    outer loop
      vertex 46.4373 -26.4078 23.2
      vertex 44.5114 -25.9637 25
      vertex 45.8903 -27.1207 23.2
    endloop
  endfacet
  facet normal 0.70677 -0.0308626 -0.70677
    outer loop
      vertex 48.2608 -21.3977 1.2
      vertex 47.1 -20.5 0
      vertex 48.3 -20.5 1.2
    endloop
  endfacet
  facet normal 0.270671 -0.653609 0.706776
    outer loop
      vertex 41.5923 -28.2036 25
      vertex 41.5228 -30.1788 23.2
      vertex 42.353 -29.835 23.2
    endloop
  endfacet
  facet normal 0.030863 -0.706779 0.70676
    outer loop
      vertex 38.7408 -28.9677 25
      vertex 38 -30.8 23.2
      vertex 38.8977 -30.7608 23.2
    endloop
  endfacet
  facet normal 0.0308626 -0.70677 -0.70677
    outer loop
      vertex 38 -30.8 1.2
      vertex 38 -29.6 0
      vertex 38.8977 -30.7608 1.2
    endloop
  endfacet
  facet normal 0.38012 -0.596634 0.706779
    outer loop
      vertex 43.9078 -28.9373 23.2
      vertex 42.25 -27.8612 25
      vertex 43.15 -29.4201 23.2
    endloop
  endfacet
  facet normal 0.477963 -0.521578 -0.706759
    outer loop
      vertex 44.6207 -28.3903 1.2
      vertex 44.4347 -26.9347 0
      vertex 45.2832 -27.7832 1.2
    endloop
  endfacet
  facet normal 0.793368 -0.608742 0
    outer loop
      vertex 45.8903 -27.1207 23.2
      vertex 46.4373 -26.4078 1.2
      vertex 46.4373 -26.4078 23.2
    endloop
  endfacet
  facet normal 0.793368 -0.608742 0
    outer loop
      vertex 46.4373 -26.4078 1.2
      vertex 45.8903 -27.1207 23.2
      vertex 45.8903 -27.1207 1.2
    endloop
  endfacet
  facet normal -0.326658 -0.627491 -0.706788
    outer loop
      vertex -42.353 -29.835 1.2
      vertex -43.15 -29.4201 1.2
      vertex -42.55 -28.3808 0
    endloop
  endfacet
  facet normal 0.596634 -0.38012 0.706779
    outer loop
      vertex 46.9201 -25.65 23.2
      vertex 45.3612 -24.75 25
      vertex 46.4373 -26.4078 23.2
    endloop
  endfacet
  facet normal 0.326665 0.62749 -0.706786
    outer loop
      vertex 42.55 28.3808 0
      vertex 41.8458 28.7474 0
      vertex 42.353 29.835 1.2
    endloop
  endfacet
  facet normal -0.030863 0.706779 0.70676
    outer loop
      vertex -38 30.8 23.2
      vertex -38.8977 30.7608 23.2
      vertex -38.7408 28.9677 25
    endloop
  endfacet
  facet normal -0.212729 -0.674719 0.706753
    outer loop
      vertex -40.2 -28.7104 25
      vertex -41.5228 -30.1788 23.2
      vertex -40.6658 -30.449 23.2
    endloop
  endfacet
  facet normal -0.477962 0.52156 0.706773
    outer loop
      vertex -43.4637 27.0114 25
      vertex -45.2832 27.7832 23.2
      vertex -44.0104 26.5104 25
    endloop
  endfacet
  facet normal 0.887007 -0.461756 0
    outer loop
      vertex 46.9201 -25.65 23.2
      vertex 47.335 -24.853 1.2
      vertex 47.335 -24.853 23.2
    endloop
  endfacet
  facet normal 0.887007 -0.461756 0
    outer loop
      vertex 47.335 -24.853 1.2
      vertex 46.9201 -25.65 23.2
      vertex 46.9201 -25.65 1.2
    endloop
  endfacet
  facet normal -0.430653 0.561261 0.70677
    outer loop
      vertex -42.8754 27.4628 25
      vertex -43.9078 28.9373 23.2
      vertex -43.4637 27.0114 25
    endloop
  endfacet
  facet normal -0.999048 -0.0436256 0
    outer loop
      vertex -48.2608 -21.3977 1.2
      vertex -48.3 -20.5 23.2
      vertex -48.3 -20.5 1.2
    endloop
  endfacet
  facet normal -0.999048 -0.0436256 0
    outer loop
      vertex -48.3 -20.5 23.2
      vertex -48.2608 -21.3977 1.2
      vertex -48.2608 -21.3977 23.2
    endloop
  endfacet
  facet normal 0.561261 0.430653 0.70677
    outer loop
      vertex 46.4373 26.4078 23.2
      vertex 44.5114 25.9637 25
      vertex 44.9628 25.3754 25
    endloop
  endfacet
  facet normal 0.153114 0.690684 0.706761
    outer loop
      vertex 39.7886 30.6435 23.2
      vertex 39.476 28.8709 25
      vertex 40.2 28.7104 25
    endloop
  endfacet
  facet normal 0.153144 -0.690684 0.706755
    outer loop
      vertex 40.2 -28.7104 25
      vertex 39.7886 -30.6435 23.2
      vertex 40.6658 -30.449 23.2
    endloop
  endfacet
  facet normal -0.62749 -0.326665 -0.706786
    outer loop
      vertex -45.8808 -25.05 0
      vertex -47.335 -24.853 1.2
      vertex -46.2474 -24.3458 0
    endloop
  endfacet
  facet normal -0.153086 -0.69067 -0.706781
    outer loop
      vertex -39.7886 -30.6435 1.2
      vertex -40.3553 -29.2899 0
      vertex -39.5802 -29.4617 0
    endloop
  endfacet
  facet normal -0.674713 -0.212727 -0.70676
    outer loop
      vertex -47.6788 -24.0228 1.2
      vertex -47.949 -23.1658 1.2
      vertex -46.7899 -22.8553 0
    endloop
  endfacet
  facet normal 0.0923495 0.701399 0.706761
    outer loop
      vertex 38.8977 30.7608 23.2
      vertex 38.7408 28.9677 25
      vertex 39.7886 30.6435 23.2
    endloop
  endfacet
  facet normal -0.653609 0.270671 0.706776
    outer loop
      vertex -47.335 24.853 23.2
      vertex -47.6788 24.0228 23.2
      vertex -45.7036 24.0923 25
    endloop
  endfacet
  facet normal -0.674715 -0.212725 -0.706759
    outer loop
      vertex -46.5512 -23.6124 0
      vertex -47.6788 -24.0228 1.2
      vertex -46.7899 -22.8553 0
    endloop
  endfacet
  facet normal -0.706781 -0.0308342 -0.70676
    outer loop
      vertex -47.0654 -21.2931 0
      vertex -48.2608 -21.3977 1.2
      vertex -47.1 -20.5 0
    endloop
  endfacet
  facet normal 0.52156 0.477962 0.706773
    outer loop
      vertex 45.2832 27.7832 23.2
      vertex 44.0104 26.5104 25
      vertex 44.5114 25.9637 25
    endloop
  endfacet
  facet normal -0.596655 0.380094 -0.706775
    outer loop
      vertex -45.8808 25.05 0
      vertex -46.4373 26.4078 1.2
      vertex -45.4543 25.7195 0
    endloop
  endfacet
  facet normal -0.701399 0.0923495 0.706761
    outer loop
      vertex -48.1435 22.2886 23.2
      vertex -48.2608 21.3977 23.2
      vertex -46.4677 21.2408 25
    endloop
  endfacet
  facet normal -0.70677 0.0308626 -0.70677
    outer loop
      vertex -47.1 20.5 0
      vertex -48.3 20.5 1.2
      vertex -48.2608 21.3977 1.2
    endloop
  endfacet
  facet normal -0.73726 -0.675609 0
    outer loop
      vertex -45.2832 -27.7832 1.2
      vertex -45.8903 -27.1207 23.2
      vertex -45.8903 -27.1207 1.2
    endloop
  endfacet
  facet normal -0.73726 -0.675609 0
    outer loop
      vertex -45.8903 -27.1207 23.2
      vertex -45.2832 -27.7832 1.2
      vertex -45.2832 -27.7832 23.2
    endloop
  endfacet
  facet normal -0.326662 -0.627499 0.70678
    outer loop
      vertex -42.25 -27.8612 25
      vertex -43.15 -29.4201 23.2
      vertex -42.353 -29.835 23.2
    endloop
  endfacet
  facet normal -0.38012 -0.596634 0.706779
    outer loop
      vertex -42.25 -27.8612 25
      vertex -43.9078 -28.9373 23.2
      vertex -43.15 -29.4201 23.2
    endloop
  endfacet
  facet normal 0.706781 0.0308342 -0.70676
    outer loop
      vertex 47.1 20.5 0
      vertex 47.0654 21.2931 0
      vertex 48.2608 21.3977 1.2
    endloop
  endfacet
  facet normal -0.707107 0 -0.707107
    outer loop
      vertex -47.1 -20.5 0
      vertex -48.3 20.5 1.2
      vertex -47.1 20.5 0
    endloop
  endfacet
  facet normal -0.707107 -0 -0.707107
    outer loop
      vertex -48.3 20.5 1.2
      vertex -47.1 -20.5 0
      vertex -48.3 -20.5 1.2
    endloop
  endfacet
  facet normal -0.216471 -0.976289 0
    outer loop
      vertex -40.6658 -30.449 1.2
      vertex -39.7886 -30.6435 23.2
      vertex -40.6658 -30.449 23.2
    endloop
  endfacet
  facet normal -0.216471 -0.976289 -0
    outer loop
      vertex -39.7886 -30.6435 23.2
      vertex -40.6658 -30.449 1.2
      vertex -39.7886 -30.6435 1.2
    endloop
  endfacet
  facet normal 0.653573 0.270733 -0.706785
    outer loop
      vertex 46.5512 23.6124 0
      vertex 46.2474 24.3458 0
      vertex 47.335 24.853 1.2
    endloop
  endfacet
  facet normal 0.561265 0.430638 -0.706776
    outer loop
      vertex 45.4543 25.7195 0
      vertex 44.971 26.3494 0
      vertex 46.4373 26.4078 1.2
    endloop
  endfacet
  facet normal 0.596627 0.380116 -0.706787
    outer loop
      vertex 46.9201 25.65 1.2
      vertex 45.8808 25.05 0
      vertex 46.4373 26.4078 1.2
    endloop
  endfacet
  facet normal 0.380093 0.596662 0.70677
    outer loop
      vertex 43.9078 28.9373 23.2
      vertex 42.25 27.8612 25
      vertex 42.8754 27.4628 25
    endloop
  endfacet
  facet normal 0.270749 -0.653596 0.706758
    outer loop
      vertex 41.5923 -28.2036 25
      vertex 40.9072 -28.4874 25
      vertex 41.5228 -30.1788 23.2
    endloop
  endfacet
  facet normal 0.675609 -0.73726 0
    outer loop
      vertex 44.6207 -28.3903 1.2
      vertex 45.2832 -27.7832 23.2
      vertex 44.6207 -28.3903 23.2
    endloop
  endfacet
  facet normal 0.675609 -0.73726 0
    outer loop
      vertex 45.2832 -27.7832 23.2
      vertex 44.6207 -28.3903 1.2
      vertex 45.2832 -27.7832 1.2
    endloop
  endfacet
  facet normal -0.608742 0.793368 0
    outer loop
      vertex -43.9078 28.9373 1.2
      vertex -44.6207 28.3903 23.2
      vertex -43.9078 28.9373 23.2
    endloop
  endfacet
  facet normal -0.608742 0.793368 0
    outer loop
      vertex -44.6207 28.3903 23.2
      vertex -43.9078 28.9373 1.2
      vertex -44.6207 28.3903 1.2
    endloop
  endfacet
  facet normal -0.270733 0.653573 -0.706785
    outer loop
      vertex -41.8458 28.7474 0
      vertex -42.353 29.835 1.2
      vertex -41.1124 29.0512 0
    endloop
  endfacet
  facet normal -0.216471 0.976289 0
    outer loop
      vertex -39.7886 30.6435 1.2
      vertex -40.6658 30.449 23.2
      vertex -39.7886 30.6435 23.2
    endloop
  endfacet
  facet normal -0.216471 0.976289 0
    outer loop
      vertex -40.6658 30.449 23.2
      vertex -39.7886 30.6435 1.2
      vertex -40.6658 30.449 1.2
    endloop
  endfacet
  facet normal 0.707107 0 0.707107
    outer loop
      vertex 46.5 20.5 25
      vertex 48.3 -20.5 23.2
      vertex 48.3 20.5 23.2
    endloop
  endfacet
  facet normal 0.707107 0 0.707107
    outer loop
      vertex 48.3 -20.5 23.2
      vertex 46.5 20.5 25
      vertex 46.5 -20.5 25
    endloop
  endfacet
  facet normal 0.73726 0.675609 0
    outer loop
      vertex 45.8903 27.1207 23.2
      vertex 45.2832 27.7832 1.2
      vertex 45.2832 27.7832 23.2
    endloop
  endfacet
  facet normal 0.73726 0.675609 0
    outer loop
      vertex 45.2832 27.7832 1.2
      vertex 45.8903 27.1207 23.2
      vertex 45.8903 27.1207 1.2
    endloop
  endfacet
  facet normal 0.382607 0.923911 -0
    outer loop
      vertex 42.353 29.835 1.2
      vertex 41.5228 30.1788 23.2
      vertex 42.353 29.835 23.2
    endloop
  endfacet
  facet normal 0.382607 0.923911 0
    outer loop
      vertex 41.5228 30.1788 23.2
      vertex 42.353 29.835 1.2
      vertex 41.5228 30.1788 1.2
    endloop
  endfacet
  facet normal 0.596662 -0.380093 0.70677
    outer loop
      vertex 45.3612 -24.75 25
      vertex 44.9628 -25.3754 25
      vertex 46.4373 -26.4078 23.2
    endloop
  endfacet
  facet normal -0.627495 0.326675 0.706776
    outer loop
      vertex -45.3612 24.75 25
      vertex -47.335 24.853 23.2
      vertex -45.7036 24.0923 25
    endloop
  endfacet
  facet normal 0.561261 -0.430649 -0.706772
    outer loop
      vertex 45.8903 -27.1207 1.2
      vertex 44.971 -26.3494 0
      vertex 46.4373 -26.4078 1.2
    endloop
  endfacet
  facet normal -0.701371 0.0924053 -0.706781
    outer loop
      vertex -47.0654 21.2931 0
      vertex -48.1435 22.2886 1.2
      vertex -46.9617 22.0802 0
    endloop
  endfacet
  facet normal -0.212753 -0.674705 0.70676
    outer loop
      vertex -40.9072 -28.4874 25
      vertex -41.5228 -30.1788 23.2
      vertex -40.2 -28.7104 25
    endloop
  endfacet
  facet normal 0.62749 0.326665 -0.706786
    outer loop
      vertex 46.2474 24.3458 0
      vertex 45.8808 25.05 0
      vertex 47.335 24.853 1.2
    endloop
  endfacet
  facet normal 0.561261 0.430649 -0.706772
    outer loop
      vertex 46.4373 26.4078 1.2
      vertex 44.971 26.3494 0
      vertex 45.8903 27.1207 1.2
    endloop
  endfacet
  facet normal -0.999048 0.0436256 0
    outer loop
      vertex -48.3 20.5 1.2
      vertex -48.2608 21.3977 23.2
      vertex -48.2608 21.3977 1.2
    endloop
  endfacet
  facet normal -0.999048 0.0436256 0
    outer loop
      vertex -48.2608 21.3977 23.2
      vertex -48.3 20.5 1.2
      vertex -48.3 20.5 23.2
    endloop
  endfacet
  facet normal 0.561261 -0.430653 0.70677
    outer loop
      vertex 44.9628 -25.3754 25
      vertex 44.5114 -25.9637 25
      vertex 46.4373 -26.4078 23.2
    endloop
  endfacet
  facet normal 0.270671 0.653609 0.706776
    outer loop
      vertex 42.353 29.835 23.2
      vertex 41.5228 30.1788 23.2
      vertex 41.5923 28.2036 25
    endloop
  endfacet
  facet normal 0.153143 0.690677 -0.706762
    outer loop
      vertex 40.3553 29.2899 0
      vertex 39.7886 30.6435 1.2
      vertex 40.6658 30.449 1.2
    endloop
  endfacet
  facet normal 0.300695 0.95372 -0
    outer loop
      vertex 41.5228 30.1788 1.2
      vertex 40.6658 30.449 23.2
      vertex 41.5228 30.1788 23.2
    endloop
  endfacet
  facet normal 0.300695 0.95372 0
    outer loop
      vertex 40.6658 30.449 23.2
      vertex 41.5228 30.1788 1.2
      vertex 40.6658 30.449 1.2
    endloop
  endfacet
  facet normal -0.0924053 -0.701371 -0.706781
    outer loop
      vertex -38.7931 -29.5654 0
      vertex -39.7886 -30.6435 1.2
      vertex -39.5802 -29.4617 0
    endloop
  endfacet
  facet normal 0.216471 0.976289 -0
    outer loop
      vertex 40.6658 30.449 1.2
      vertex 39.7886 30.6435 23.2
      vertex 40.6658 30.449 23.2
    endloop
  endfacet
  facet normal 0.216471 0.976289 0
    outer loop
      vertex 39.7886 30.6435 23.2
      vertex 40.6658 30.449 1.2
      vertex 39.7886 30.6435 1.2
    endloop
  endfacet
  facet normal 0.153144 0.690684 0.706755
    outer loop
      vertex 40.6658 30.449 23.2
      vertex 39.7886 30.6435 23.2
      vertex 40.2 28.7104 25
    endloop
  endfacet
  facet normal -0.561265 -0.430638 -0.706776
    outer loop
      vertex -44.971 -26.3494 0
      vertex -46.4373 -26.4078 1.2
      vertex -45.4543 -25.7195 0
    endloop
  endfacet
  facet normal -0 0.707107 0.707107
    outer loop
      vertex -0.799999 30.8 23.2
      vertex 38 29 25
      vertex 38 30.8 23.2
    endloop
  endfacet
  facet normal 0 0.707107 0.707107
    outer loop
      vertex 38 29 25
      vertex -0.799999 30.8 23.2
      vertex -0.799999 29 25
    endloop
  endfacet
  facet normal -0 0.707107 0.707107
    outer loop
      vertex -38 30.8 23.2
      vertex -7.8 29 25
      vertex -7.8 30.8 23.2
    endloop
  endfacet
  facet normal 0 0.707107 0.707107
    outer loop
      vertex -7.8 29 25
      vertex -38 30.8 23.2
      vertex -38 29 25
    endloop
  endfacet
  facet normal 0.130538 -0.991443 0
    outer loop
      vertex 38.8977 -30.7608 1.2
      vertex 39.7886 -30.6435 23.2
      vertex 38.8977 -30.7608 23.2
    endloop
  endfacet
  facet normal 0.130538 -0.991443 0
    outer loop
      vertex 39.7886 -30.6435 23.2
      vertex 38.8977 -30.7608 1.2
      vertex 39.7886 -30.6435 1.2
    endloop
  endfacet
  facet normal 0.521578 -0.477963 -0.706759
    outer loop
      vertex 45.2832 -27.7832 1.2
      vertex 44.4347 -26.9347 0
      vertex 45.8903 -27.1207 1.2
    endloop
  endfacet
  facet normal 0.653624 -0.270677 -0.70676
    outer loop
      vertex 47.335 -24.853 1.2
      vertex 46.5512 -23.6124 0
      vertex 47.6788 -24.0228 1.2
    endloop
  endfacet
  facet normal 0.430653 -0.561261 0.70677
    outer loop
      vertex 43.4637 -27.0114 25
      vertex 42.8754 -27.4628 25
      vertex 43.9078 -28.9373 23.2
    endloop
  endfacet
  facet normal 0.95372 -0.300695 0
    outer loop
      vertex 47.6788 -24.0228 23.2
      vertex 47.949 -23.1658 1.2
      vertex 47.949 -23.1658 23.2
    endloop
  endfacet
  facet normal 0.95372 -0.300695 0
    outer loop
      vertex 47.949 -23.1658 1.2
      vertex 47.6788 -24.0228 23.2
      vertex 47.6788 -24.0228 1.2
    endloop
  endfacet
  facet normal 0.701399 0.0923496 0.706761
    outer loop
      vertex 48.1435 22.2886 23.2
      vertex 46.3709 21.976 25
      vertex 46.4677 21.2408 25
    endloop
  endfacet
  facet normal -0.430653 -0.561261 0.70677
    outer loop
      vertex -43.4637 -27.0114 25
      vertex -43.9078 -28.9373 23.2
      vertex -42.8754 -27.4628 25
    endloop
  endfacet
  facet normal -0.270749 -0.653596 0.706758
    outer loop
      vertex -40.9072 -28.4874 25
      vertex -41.5923 -28.2036 25
      vertex -41.5228 -30.1788 23.2
    endloop
  endfacet
  facet normal -0.596634 -0.38012 0.706779
    outer loop
      vertex -45.3612 -24.75 25
      vertex -46.9201 -25.65 23.2
      vertex -46.4373 -26.4078 23.2
    endloop
  endfacet
  facet normal -0.561261 -0.430653 0.70677
    outer loop
      vertex -44.9628 -25.3754 25
      vertex -46.4373 -26.4078 23.2
      vertex -44.5114 -25.9637 25
    endloop
  endfacet
  facet normal 0.153114 -0.690684 0.706761
    outer loop
      vertex 40.2 -28.7104 25
      vertex 39.476 -28.8709 25
      vertex 39.7886 -30.6435 23.2
    endloop
  endfacet
  facet normal -0.0308163 0.706771 0.706771
    outer loop
      vertex -38 30.8 23.2
      vertex -38.7408 28.9677 25
      vertex -38 29 25
    endloop
  endfacet
  facet normal 0.793368 0.608742 0
    outer loop
      vertex 46.4373 26.4078 23.2
      vertex 45.8903 27.1207 1.2
      vertex 45.8903 27.1207 23.2
    endloop
  endfacet
  facet normal 0.793368 0.608742 0
    outer loop
      vertex 45.8903 27.1207 1.2
      vertex 46.4373 26.4078 23.2
      vertex 46.4373 26.4078 1.2
    endloop
  endfacet
  facet normal -0.0923496 -0.701399 0.706761
    outer loop
      vertex -39.476 -28.8709 25
      vertex -39.7886 -30.6435 23.2
      vertex -38.7408 -28.9677 25
    endloop
  endfacet
  facet normal -0.153114 -0.690684 0.706761
    outer loop
      vertex -39.476 -28.8709 25
      vertex -40.2 -28.7104 25
      vertex -39.7886 -30.6435 23.2
    endloop
  endfacet
  facet normal -0.923911 -0.382607 0
    outer loop
      vertex -47.335 -24.853 1.2
      vertex -47.6788 -24.0228 23.2
      vertex -47.6788 -24.0228 1.2
    endloop
  endfacet
  facet normal -0.923911 -0.382607 0
    outer loop
      vertex -47.6788 -24.0228 23.2
      vertex -47.335 -24.853 1.2
      vertex -47.335 -24.853 23.2
    endloop
  endfacet
  facet normal 0.153086 -0.69067 -0.706781
    outer loop
      vertex 39.7886 -30.6435 1.2
      vertex 39.5802 -29.4617 0
      vertex 40.3553 -29.2899 0
    endloop
  endfacet
  facet normal -0.843377 0.537322 0
    outer loop
      vertex -46.9201 25.65 1.2
      vertex -46.4373 26.4078 23.2
      vertex -46.4373 26.4078 1.2
    endloop
  endfacet
  facet normal -0.843377 0.537322 0
    outer loop
      vertex -46.4373 26.4078 23.2
      vertex -46.9201 25.65 1.2
      vertex -46.9201 25.65 23.2
    endloop
  endfacet
  facet normal 0.701371 -0.0924053 -0.706781
    outer loop
      vertex 48.1435 -22.2886 1.2
      vertex 46.9617 -22.0802 0
      vertex 47.0654 -21.2931 0
    endloop
  endfacet
  facet normal -0.70677 -0.0308626 -0.70677
    outer loop
      vertex -48.2608 -21.3977 1.2
      vertex -48.3 -20.5 1.2
      vertex -47.1 -20.5 0
    endloop
  endfacet
  facet normal -0.690677 -0.153143 -0.706762
    outer loop
      vertex -47.949 -23.1658 1.2
      vertex -48.1435 -22.2886 1.2
      vertex -46.7899 -22.8553 0
    endloop
  endfacet
  facet normal 0.153143 -0.690677 -0.706762
    outer loop
      vertex 40.6658 -30.449 1.2
      vertex 39.7886 -30.6435 1.2
      vertex 40.3553 -29.2899 0
    endloop
  endfacet
  facet normal -0.690684 0.153114 0.706761
    outer loop
      vertex -46.2104 22.7 25
      vertex -48.1435 22.2886 23.2
      vertex -46.3709 21.976 25
    endloop
  endfacet
  facet normal -0.690684 0.153144 0.706755
    outer loop
      vertex -47.949 23.1658 23.2
      vertex -48.1435 22.2886 23.2
      vertex -46.2104 22.7 25
    endloop
  endfacet
  facet normal -0.477963 0.521578 -0.706759
    outer loop
      vertex -44.4347 26.9347 0
      vertex -45.2832 27.7832 1.2
      vertex -44.6207 28.3903 1.2
    endloop
  endfacet
  facet normal -0.430638 0.561265 -0.706776
    outer loop
      vertex -43.8494 27.471 0
      vertex -43.9078 28.9373 1.2
      vertex -43.2195 27.9543 0
    endloop
  endfacet
  facet normal -0.326665 -0.62749 -0.706786
    outer loop
      vertex -42.353 -29.835 1.2
      vertex -42.55 -28.3808 0
      vertex -41.8458 -28.7474 0
    endloop
  endfacet
  facet normal 0.674715 -0.212725 -0.706759
    outer loop
      vertex 47.6788 -24.0228 1.2
      vertex 46.5512 -23.6124 0
      vertex 46.7899 -22.8553 0
    endloop
  endfacet
  facet normal -0.270733 -0.653573 -0.706785
    outer loop
      vertex -41.1124 -29.0512 0
      vertex -42.353 -29.835 1.2
      vertex -41.8458 -28.7474 0
    endloop
  endfacet
  facet normal 0.701399 0.0923495 -0.706761
    outer loop
      vertex 48.2608 21.3977 1.2
      vertex 47.0654 21.2931 0
      vertex 48.1435 22.2886 1.2
    endloop
  endfacet
  facet normal -0.991443 -0.130538 0
    outer loop
      vertex -48.1435 -22.2886 1.2
      vertex -48.2608 -21.3977 23.2
      vertex -48.2608 -21.3977 1.2
    endloop
  endfacet
  facet normal -0.991443 -0.130538 0
    outer loop
      vertex -48.2608 -21.3977 23.2
      vertex -48.1435 -22.2886 1.2
      vertex -48.1435 -22.2886 23.2
    endloop
  endfacet
  facet normal -0.461756 -0.887007 0
    outer loop
      vertex -43.15 -29.4201 1.2
      vertex -42.353 -29.835 23.2
      vertex -43.15 -29.4201 23.2
    endloop
  endfacet
  facet normal -0.461756 -0.887007 -0
    outer loop
      vertex -42.353 -29.835 23.2
      vertex -43.15 -29.4201 1.2
      vertex -42.353 -29.835 1.2
    endloop
  endfacet
  facet normal 0.0923495 0.701399 -0.706761
    outer loop
      vertex 39.7886 30.6435 1.2
      vertex 38.7931 29.5654 0
      vertex 38.8977 30.7608 1.2
    endloop
  endfacet
  facet normal -0.382607 -0.923911 0
    outer loop
      vertex -42.353 -29.835 1.2
      vertex -41.5228 -30.1788 23.2
      vertex -42.353 -29.835 23.2
    endloop
  endfacet
  facet normal -0.382607 -0.923911 -0
    outer loop
      vertex -41.5228 -30.1788 23.2
      vertex -42.353 -29.835 1.2
      vertex -41.5228 -30.1788 1.2
    endloop
  endfacet
  facet normal 0.461756 -0.887007 0
    outer loop
      vertex 42.353 -29.835 1.2
      vertex 43.15 -29.4201 23.2
      vertex 42.353 -29.835 23.2
    endloop
  endfacet
  facet normal 0.461756 -0.887007 0
    outer loop
      vertex 43.15 -29.4201 23.2
      vertex 42.353 -29.835 1.2
      vertex 43.15 -29.4201 1.2
    endloop
  endfacet
  facet normal 0.608742 -0.793368 0
    outer loop
      vertex 43.9078 -28.9373 1.2
      vertex 44.6207 -28.3903 23.2
      vertex 43.9078 -28.9373 23.2
    endloop
  endfacet
  facet normal 0.608742 -0.793368 0
    outer loop
      vertex 44.6207 -28.3903 23.2
      vertex 43.9078 -28.9373 1.2
      vertex 44.6207 -28.3903 1.2
    endloop
  endfacet
  facet normal 0.477955 0.52157 0.70677
    outer loop
      vertex 44.6207 28.3903 23.2
      vertex 43.4637 27.0114 25
      vertex 45.2832 27.7832 23.2
    endloop
  endfacet
  facet normal -0.653624 0.270677 -0.70676
    outer loop
      vertex -46.5512 23.6124 0
      vertex -47.6788 24.0228 1.2
      vertex -47.335 24.853 1.2
    endloop
  endfacet
  facet normal -0.430638 -0.561265 -0.706776
    outer loop
      vertex -43.2195 -27.9543 0
      vertex -43.9078 -28.9373 1.2
      vertex -43.8494 -27.471 0
    endloop
  endfacet
  facet normal -0.212725 0.674715 -0.706759
    outer loop
      vertex -41.1124 29.0512 0
      vertex -41.5228 30.1788 1.2
      vertex -40.3553 29.2899 0
    endloop
  endfacet
  facet normal -0.270677 0.653624 -0.70676
    outer loop
      vertex -41.1124 29.0512 0
      vertex -42.353 29.835 1.2
      vertex -41.5228 30.1788 1.2
    endloop
  endfacet
  facet normal -0.0308626 0.70677 -0.70677
    outer loop
      vertex -38 29.6 0
      vertex -38.8977 30.7608 1.2
      vertex -38 30.8 1.2
    endloop
  endfacet
  facet normal 0.675609 0.73726 -0
    outer loop
      vertex 45.2832 27.7832 1.2
      vertex 44.6207 28.3903 23.2
      vertex 45.2832 27.7832 23.2
    endloop
  endfacet
  facet normal 0.675609 0.73726 0
    outer loop
      vertex 44.6207 28.3903 23.2
      vertex 45.2832 27.7832 1.2
      vertex 44.6207 28.3903 1.2
    endloop
  endfacet
  facet normal 0.380093 -0.596662 0.70677
    outer loop
      vertex 42.8754 -27.4628 25
      vertex 42.25 -27.8612 25
      vertex 43.9078 -28.9373 23.2
    endloop
  endfacet
  facet normal 0.627495 0.326675 0.706776
    outer loop
      vertex 47.335 24.853 23.2
      vertex 45.3612 24.75 25
      vertex 45.7036 24.0923 25
    endloop
  endfacet
  facet normal 0.653609 0.270671 0.706776
    outer loop
      vertex 47.335 24.853 23.2
      vertex 45.7036 24.0923 25
      vertex 47.6788 24.0228 23.2
    endloop
  endfacet
  facet normal 0.701399 -0.0923496 0.706761
    outer loop
      vertex 46.4677 -21.2408 25
      vertex 46.3709 -21.976 25
      vertex 48.1435 -22.2886 23.2
    endloop
  endfacet
  facet normal 0.653596 0.270749 0.706758
    outer loop
      vertex 47.6788 24.0228 23.2
      vertex 45.7036 24.0923 25
      vertex 45.9874 23.4072 25
    endloop
  endfacet
  facet normal 0.653596 -0.270749 0.706758
    outer loop
      vertex 45.9874 -23.4072 25
      vertex 45.7036 -24.0923 25
      vertex 47.6788 -24.0228 23.2
    endloop
  endfacet
  facet normal 0.596655 -0.380094 -0.706775
    outer loop
      vertex 46.4373 -26.4078 1.2
      vertex 45.4543 -25.7195 0
      vertex 45.8808 -25.05 0
    endloop
  endfacet
  facet normal 0.0923496 0.701399 0.706761
    outer loop
      vertex 39.7886 30.6435 23.2
      vertex 38.7408 28.9677 25
      vertex 39.476 28.8709 25
    endloop
  endfacet
  facet normal -0.326665 0.62749 -0.706786
    outer loop
      vertex -41.8458 28.7474 0
      vertex -42.55 28.3808 0
      vertex -42.353 29.835 1.2
    endloop
  endfacet
  facet normal 0.477963 0.521578 -0.706759
    outer loop
      vertex 45.2832 27.7832 1.2
      vertex 44.4347 26.9347 0
      vertex 44.6207 28.3903 1.2
    endloop
  endfacet
  facet normal 0.923911 -0.382607 0
    outer loop
      vertex 47.335 -24.853 23.2
      vertex 47.6788 -24.0228 1.2
      vertex 47.6788 -24.0228 23.2
    endloop
  endfacet
  facet normal 0.923911 -0.382607 0
    outer loop
      vertex 47.6788 -24.0228 1.2
      vertex 47.335 -24.853 23.2
      vertex 47.335 -24.853 1.2
    endloop
  endfacet
  facet normal 0.212725 -0.674715 -0.706759
    outer loop
      vertex 41.5228 -30.1788 1.2
      vertex 40.3553 -29.2899 0
      vertex 41.1124 -29.0512 0
    endloop
  endfacet
  facet normal 0.561265 -0.430638 -0.706776
    outer loop
      vertex 46.4373 -26.4078 1.2
      vertex 44.971 -26.3494 0
      vertex 45.4543 -25.7195 0
    endloop
  endfacet
  facet normal 0.326658 0.627491 -0.706788
    outer loop
      vertex 42.55 28.3808 0
      vertex 42.353 29.835 1.2
      vertex 43.15 29.4201 1.2
    endloop
  endfacet
  facet normal 0.380116 0.596627 -0.706787
    outer loop
      vertex 43.9078 28.9373 1.2
      vertex 42.55 28.3808 0
      vertex 43.15 29.4201 1.2
    endloop
  endfacet
  facet normal 0.627491 0.326658 -0.706788
    outer loop
      vertex 47.335 24.853 1.2
      vertex 45.8808 25.05 0
      vertex 46.9201 25.65 1.2
    endloop
  endfacet
  facet normal 0.212727 0.674713 -0.70676
    outer loop
      vertex 41.5228 30.1788 1.2
      vertex 40.3553 29.2899 0
      vertex 40.6658 30.449 1.2
    endloop
  endfacet
  facet normal 0.674715 0.212725 -0.706759
    outer loop
      vertex 46.7899 22.8553 0
      vertex 46.5512 23.6124 0
      vertex 47.6788 24.0228 1.2
    endloop
  endfacet
  facet normal 0.653609 -0.270671 0.706776
    outer loop
      vertex 47.6788 -24.0228 23.2
      vertex 45.7036 -24.0923 25
      vertex 47.335 -24.853 23.2
    endloop
  endfacet
  facet normal 0.300695 -0.95372 0
    outer loop
      vertex 40.6658 -30.449 1.2
      vertex 41.5228 -30.1788 23.2
      vertex 40.6658 -30.449 23.2
    endloop
  endfacet
  facet normal 0.300695 -0.95372 0
    outer loop
      vertex 41.5228 -30.1788 23.2
      vertex 40.6658 -30.449 1.2
      vertex 41.5228 -30.1788 1.2
    endloop
  endfacet
  facet normal 0.608742 0.793368 -0
    outer loop
      vertex 44.6207 28.3903 1.2
      vertex 43.9078 28.9373 23.2
      vertex 44.6207 28.3903 23.2
    endloop
  endfacet
  facet normal 0.608742 0.793368 0
    outer loop
      vertex 43.9078 28.9373 23.2
      vertex 44.6207 28.3903 1.2
      vertex 43.9078 28.9373 1.2
    endloop
  endfacet
  facet normal -0.596662 -0.380093 0.70677
    outer loop
      vertex -45.3612 -24.75 25
      vertex -46.4373 -26.4078 23.2
      vertex -44.9628 -25.3754 25
    endloop
  endfacet
  facet normal -0.561261 -0.430649 -0.706772
    outer loop
      vertex -45.8903 -27.1207 1.2
      vertex -46.4373 -26.4078 1.2
      vertex -44.971 -26.3494 0
    endloop
  endfacet
  facet normal -0.380094 -0.596655 -0.706775
    outer loop
      vertex -42.55 -28.3808 0
      vertex -43.9078 -28.9373 1.2
      vertex -43.2195 -27.9543 0
    endloop
  endfacet
  facet normal 0.674719 -0.212729 0.706753
    outer loop
      vertex 47.949 -23.1658 23.2
      vertex 46.2104 -22.7 25
      vertex 47.6788 -24.0228 23.2
    endloop
  endfacet
  facet normal -0.52157 -0.477955 0.70677
    outer loop
      vertex -44.5114 -25.9637 25
      vertex -45.8903 -27.1207 23.2
      vertex -45.2832 -27.7832 23.2
    endloop
  endfacet
  facet normal -0.561262 0.43065 0.706771
    outer loop
      vertex -45.8903 27.1207 23.2
      vertex -46.4373 26.4078 23.2
      vertex -44.5114 25.9637 25
    endloop
  endfacet
  facet normal -0.300695 -0.95372 0
    outer loop
      vertex -41.5228 -30.1788 1.2
      vertex -40.6658 -30.449 23.2
      vertex -41.5228 -30.1788 23.2
    endloop
  endfacet
  facet normal -0.300695 -0.95372 -0
    outer loop
      vertex -40.6658 -30.449 23.2
      vertex -41.5228 -30.1788 1.2
      vertex -40.6658 -30.449 1.2
    endloop
  endfacet
  facet normal -0.153144 -0.690684 0.706755
    outer loop
      vertex -40.2 -28.7104 25
      vertex -40.6658 -30.449 23.2
      vertex -39.7886 -30.6435 23.2
    endloop
  endfacet
  facet normal -0.653573 -0.270733 -0.706785
    outer loop
      vertex -46.2474 -24.3458 0
      vertex -47.335 -24.853 1.2
      vertex -46.5512 -23.6124 0
    endloop
  endfacet
  facet normal -0.477927 0.521594 -0.706772
    outer loop
      vertex -44.4347 26.9347 0
      vertex -44.6207 28.3903 1.2
      vertex -43.8494 27.471 0
    endloop
  endfacet
  facet normal -0.701371 -0.0924053 -0.706781
    outer loop
      vertex -46.9617 -22.0802 0
      vertex -48.1435 -22.2886 1.2
      vertex -47.0654 -21.2931 0
    endloop
  endfacet
  facet normal -0.991443 0.130538 0
    outer loop
      vertex -48.2608 21.3977 1.2
      vertex -48.1435 22.2886 23.2
      vertex -48.1435 22.2886 1.2
    endloop
  endfacet
  facet normal -0.991443 0.130538 0
    outer loop
      vertex -48.1435 22.2886 23.2
      vertex -48.2608 21.3977 1.2
      vertex -48.2608 21.3977 23.2
    endloop
  endfacet
  facet normal -0.706779 0.030863 0.70676
    outer loop
      vertex -48.2608 21.3977 23.2
      vertex -48.3 20.5 23.2
      vertex -46.4677 21.2408 25
    endloop
  endfacet
  facet normal -0.537322 0.843377 0
    outer loop
      vertex -43.15 29.4201 1.2
      vertex -43.9078 28.9373 23.2
      vertex -43.15 29.4201 23.2
    endloop
  endfacet
  facet normal -0.537322 0.843377 0
    outer loop
      vertex -43.9078 28.9373 23.2
      vertex -43.15 29.4201 1.2
      vertex -43.9078 28.9373 1.2
    endloop
  endfacet
  facet normal 0.69067 0.153086 -0.706781
    outer loop
      vertex 46.9617 22.0802 0
      vertex 46.7899 22.8553 0
      vertex 48.1435 22.2886 1.2
    endloop
  endfacet
  facet normal -0.690677 0.153143 -0.706762
    outer loop
      vertex -46.7899 22.8553 0
      vertex -48.1435 22.2886 1.2
      vertex -47.949 23.1658 1.2
    endloop
  endfacet
  facet normal 0.270733 0.653573 -0.706785
    outer loop
      vertex 41.8458 28.7474 0
      vertex 41.1124 29.0512 0
      vertex 42.353 29.835 1.2
    endloop
  endfacet
  facet normal 0.153086 0.69067 -0.706781
    outer loop
      vertex 40.3553 29.2899 0
      vertex 39.5802 29.4617 0
      vertex 39.7886 30.6435 1.2
    endloop
  endfacet
  facet normal -0.69067 0.153086 -0.706781
    outer loop
      vertex -46.9617 22.0802 0
      vertex -48.1435 22.2886 1.2
      vertex -46.7899 22.8553 0
    endloop
  endfacet
  facet normal 0.0924053 -0.701371 -0.706781
    outer loop
      vertex 39.7886 -30.6435 1.2
      vertex 38.7931 -29.5654 0
      vertex 39.5802 -29.4617 0
    endloop
  endfacet
  facet normal -0.212727 -0.674713 -0.70676
    outer loop
      vertex -40.6658 -30.449 1.2
      vertex -41.5228 -30.1788 1.2
      vertex -40.3553 -29.2899 0
    endloop
  endfacet
  facet normal -0.153143 -0.690677 -0.706762
    outer loop
      vertex -39.7886 -30.6435 1.2
      vertex -40.6658 -30.449 1.2
      vertex -40.3553 -29.2899 0
    endloop
  endfacet
  facet normal 0.380116 -0.596627 -0.706787
    outer loop
      vertex 43.15 -29.4201 1.2
      vertex 42.55 -28.3808 0
      vertex 43.9078 -28.9373 1.2
    endloop
  endfacet
  facet normal 0.326658 -0.627491 -0.706788
    outer loop
      vertex 43.15 -29.4201 1.2
      vertex 42.353 -29.835 1.2
      vertex 42.55 -28.3808 0
    endloop
  endfacet
  facet normal 0.477955 -0.52157 0.70677
    outer loop
      vertex 45.2832 -27.7832 23.2
      vertex 43.4637 -27.0114 25
      vertex 44.6207 -28.3903 23.2
    endloop
  endfacet
  facet normal 0.43065 -0.561262 0.706771
    outer loop
      vertex 44.6207 -28.3903 23.2
      vertex 43.4637 -27.0114 25
      vertex 43.9078 -28.9373 23.2
    endloop
  endfacet
  facet normal 0.430653 0.561261 0.70677
    outer loop
      vertex 43.9078 28.9373 23.2
      vertex 42.8754 27.4628 25
      vertex 43.4637 27.0114 25
    endloop
  endfacet
  facet normal 0.690684 -0.153114 0.706761
    outer loop
      vertex 46.3709 -21.976 25
      vertex 46.2104 -22.7 25
      vertex 48.1435 -22.2886 23.2
    endloop
  endfacet
  facet normal -0.690684 -0.153114 0.706761
    outer loop
      vertex -46.3709 -21.976 25
      vertex -48.1435 -22.2886 23.2
      vertex -46.2104 -22.7 25
    endloop
  endfacet
  facet normal -0.653573 0.270733 -0.706785
    outer loop
      vertex -46.5512 23.6124 0
      vertex -47.335 24.853 1.2
      vertex -46.2474 24.3458 0
    endloop
  endfacet
  facet normal -0.627491 0.326658 -0.706788
    outer loop
      vertex -45.8808 25.05 0
      vertex -47.335 24.853 1.2
      vertex -46.9201 25.65 1.2
    endloop
  endfacet
  facet normal -0.130538 0.991443 0
    outer loop
      vertex -38.8977 30.7608 1.2
      vertex -39.7886 30.6435 23.2
      vertex -38.8977 30.7608 23.2
    endloop
  endfacet
  facet normal -0.130538 0.991443 0
    outer loop
      vertex -39.7886 30.6435 23.2
      vertex -38.8977 30.7608 1.2
      vertex -39.7886 30.6435 1.2
    endloop
  endfacet
  facet normal -0.674705 0.212753 0.70676
    outer loop
      vertex -45.9874 23.4072 25
      vertex -47.6788 24.0228 23.2
      vertex -46.2104 22.7 25
    endloop
  endfacet
  facet normal -0.701399 -0.0923496 0.706761
    outer loop
      vertex -46.4677 -21.2408 25
      vertex -48.1435 -22.2886 23.2
      vertex -46.3709 -21.976 25
    endloop
  endfacet
  facet normal -0.477962 -0.52156 0.706773
    outer loop
      vertex -44.0104 -26.5104 25
      vertex -45.2832 -27.7832 23.2
      vertex -43.4637 -27.0114 25
    endloop
  endfacet
  facet normal 0.976289 0.216471 0
    outer loop
      vertex 48.1435 22.2886 23.2
      vertex 47.949 23.1658 1.2
      vertex 47.949 23.1658 23.2
    endloop
  endfacet
  facet normal 0.976289 0.216471 0
    outer loop
      vertex 47.949 23.1658 1.2
      vertex 48.1435 22.2886 23.2
      vertex 48.1435 22.2886 1.2
    endloop
  endfacet
  facet normal 0.95372 0.300695 0
    outer loop
      vertex 47.949 23.1658 23.2
      vertex 47.6788 24.0228 1.2
      vertex 47.6788 24.0228 23.2
    endloop
  endfacet
  facet normal 0.95372 0.300695 0
    outer loop
      vertex 47.6788 24.0228 1.2
      vertex 47.949 23.1658 23.2
      vertex 47.949 23.1658 1.2
    endloop
  endfacet
  facet normal 0.596634 0.38012 0.706779
    outer loop
      vertex 46.4373 26.4078 23.2
      vertex 45.3612 24.75 25
      vertex 46.9201 25.65 23.2
    endloop
  endfacet
  facet normal 0.461756 0.887007 -0
    outer loop
      vertex 43.15 29.4201 1.2
      vertex 42.353 29.835 23.2
      vertex 43.15 29.4201 23.2
    endloop
  endfacet
  facet normal 0.461756 0.887007 0
    outer loop
      vertex 42.353 29.835 23.2
      vertex 43.15 29.4201 1.2
      vertex 42.353 29.835 1.2
    endloop
  endfacet
  facet normal 0.430649 0.561261 -0.706772
    outer loop
      vertex 44.6207 28.3903 1.2
      vertex 43.8494 27.471 0
      vertex 43.9078 28.9373 1.2
    endloop
  endfacet
  facet normal 0.477927 0.521594 -0.706772
    outer loop
      vertex 44.4347 26.9347 0
      vertex 43.8494 27.471 0
      vertex 44.6207 28.3903 1.2
    endloop
  endfacet
  facet normal -0.596662 0.380093 0.70677
    outer loop
      vertex -44.9628 25.3754 25
      vertex -46.4373 26.4078 23.2
      vertex -45.3612 24.75 25
    endloop
  endfacet
  facet normal 0.52157 0.477955 0.70677
    outer loop
      vertex 45.2832 27.7832 23.2
      vertex 44.5114 25.9637 25
      vertex 45.8903 27.1207 23.2
    endloop
  endfacet
  facet normal 0.43065 0.561262 0.706771
    outer loop
      vertex 43.9078 28.9373 23.2
      vertex 43.4637 27.0114 25
      vertex 44.6207 28.3903 23.2
    endloop
  endfacet
  facet normal 0.521594 0.477927 -0.706772
    outer loop
      vertex 44.971 26.3494 0
      vertex 44.4347 26.9347 0
      vertex 45.8903 27.1207 1.2
    endloop
  endfacet
  facet normal 0.521578 0.477963 -0.706759
    outer loop
      vertex 45.8903 27.1207 1.2
      vertex 44.4347 26.9347 0
      vertex 45.2832 27.7832 1.2
    endloop
  endfacet
  facet normal 0.62749 -0.326665 -0.706786
    outer loop
      vertex 47.335 -24.853 1.2
      vertex 45.8808 -25.05 0
      vertex 46.2474 -24.3458 0
    endloop
  endfacet
  facet normal 0.627491 -0.326658 -0.706788
    outer loop
      vertex 46.9201 -25.65 1.2
      vertex 45.8808 -25.05 0
      vertex 47.335 -24.853 1.2
    endloop
  endfacet
  facet normal -0.923911 0.382607 0
    outer loop
      vertex -47.6788 24.0228 1.2
      vertex -47.335 24.853 23.2
      vertex -47.335 24.853 1.2
    endloop
  endfacet
  facet normal -0.923911 0.382607 0
    outer loop
      vertex -47.335 24.853 23.2
      vertex -47.6788 24.0228 1.2
      vertex -47.6788 24.0228 23.2
    endloop
  endfacet
  facet normal -0.793368 0.608742 0
    outer loop
      vertex -46.4373 26.4078 1.2
      vertex -45.8903 27.1207 23.2
      vertex -45.8903 27.1207 1.2
    endloop
  endfacet
  facet normal -0.793368 0.608742 0
    outer loop
      vertex -45.8903 27.1207 23.2
      vertex -46.4373 26.4078 1.2
      vertex -46.4373 26.4078 23.2
    endloop
  endfacet
  facet normal 0.596655 0.380094 -0.706775
    outer loop
      vertex 45.8808 25.05 0
      vertex 45.4543 25.7195 0
      vertex 46.4373 26.4078 1.2
    endloop
  endfacet
  facet normal 0.0436256 0.999048 -0
    outer loop
      vertex 38.8977 30.7608 1.2
      vertex 38 30.8 23.2
      vertex 38.8977 30.7608 23.2
    endloop
  endfacet
  facet normal 0.0436256 0.999048 0
    outer loop
      vertex 38 30.8 23.2
      vertex 38.8977 30.7608 1.2
      vertex 38 30.8 1.2
    endloop
  endfacet
  facet normal 0.130538 0.991443 -0
    outer loop
      vertex 39.7886 30.6435 1.2
      vertex 38.8977 30.7608 23.2
      vertex 39.7886 30.6435 23.2
    endloop
  endfacet
  facet normal 0.130538 0.991443 0
    outer loop
      vertex 38.8977 30.7608 23.2
      vertex 39.7886 30.6435 1.2
      vertex 38.8977 30.7608 1.2
    endloop
  endfacet
  facet normal -0.0923495 0.701399 0.706761
    outer loop
      vertex -38.8977 30.7608 23.2
      vertex -39.7886 30.6435 23.2
      vertex -38.7408 28.9677 25
    endloop
  endfacet
  facet normal 0.674705 0.212753 0.70676
    outer loop
      vertex 47.6788 24.0228 23.2
      vertex 45.9874 23.4072 25
      vertex 46.2104 22.7 25
    endloop
  endfacet
  facet normal -0.675609 -0.73726 0
    outer loop
      vertex -45.2832 -27.7832 1.2
      vertex -44.6207 -28.3903 23.2
      vertex -45.2832 -27.7832 23.2
    endloop
  endfacet
  facet normal -0.675609 -0.73726 -0
    outer loop
      vertex -44.6207 -28.3903 23.2
      vertex -45.2832 -27.7832 1.2
      vertex -44.6207 -28.3903 1.2
    endloop
  endfacet
  facet normal -0.477955 -0.52157 0.70677
    outer loop
      vertex -43.4637 -27.0114 25
      vertex -45.2832 -27.7832 23.2
      vertex -44.6207 -28.3903 23.2
    endloop
  endfacet
  facet normal -0.521594 -0.477927 -0.706772
    outer loop
      vertex -44.4347 -26.9347 0
      vertex -45.8903 -27.1207 1.2
      vertex -44.971 -26.3494 0
    endloop
  endfacet
  facet normal -0.521578 -0.477963 -0.706759
    outer loop
      vertex -45.2832 -27.7832 1.2
      vertex -45.8903 -27.1207 1.2
      vertex -44.4347 -26.9347 0
    endloop
  endfacet
  facet normal -0.561262 -0.43065 0.706771
    outer loop
      vertex -44.5114 -25.9637 25
      vertex -46.4373 -26.4078 23.2
      vertex -45.8903 -27.1207 23.2
    endloop
  endfacet
  facet normal -0.701399 -0.0923495 0.706761
    outer loop
      vertex -46.4677 -21.2408 25
      vertex -48.2608 -21.3977 23.2
      vertex -48.1435 -22.2886 23.2
    endloop
  endfacet
  facet normal -0.706779 -0.030863 0.70676
    outer loop
      vertex -46.4677 -21.2408 25
      vertex -48.3 -20.5 23.2
      vertex -48.2608 -21.3977 23.2
    endloop
  endfacet
  facet normal -0.52156 0.477962 0.706773
    outer loop
      vertex -44.0104 26.5104 25
      vertex -45.2832 27.7832 23.2
      vertex -44.5114 25.9637 25
    endloop
  endfacet
  facet normal -0.627499 -0.326662 0.70678
    outer loop
      vertex -45.3612 -24.75 25
      vertex -47.335 -24.853 23.2
      vertex -46.9201 -25.65 23.2
    endloop
  endfacet
  facet normal -0.627491 -0.326658 -0.706788
    outer loop
      vertex -46.9201 -25.65 1.2
      vertex -47.335 -24.853 1.2
      vertex -45.8808 -25.05 0
    endloop
  endfacet
  facet normal -0.653609 -0.270671 0.706776
    outer loop
      vertex -45.7036 -24.0923 25
      vertex -47.6788 -24.0228 23.2
      vertex -47.335 -24.853 23.2
    endloop
  endfacet
  facet normal -0.653596 -0.270749 0.706758
    outer loop
      vertex -45.9874 -23.4072 25
      vertex -47.6788 -24.0228 23.2
      vertex -45.7036 -24.0923 25
    endloop
  endfacet
  facet normal -0.701399 -0.0923495 -0.706761
    outer loop
      vertex -48.1435 -22.2886 1.2
      vertex -48.2608 -21.3977 1.2
      vertex -47.0654 -21.2931 0
    endloop
  endfacet
  facet normal 0.701371 0.0924053 -0.706781
    outer loop
      vertex 47.0654 21.2931 0
      vertex 46.9617 22.0802 0
      vertex 48.1435 22.2886 1.2
    endloop
  endfacet
  facet normal 0.270733 -0.653573 -0.706785
    outer loop
      vertex 42.353 -29.835 1.2
      vertex 41.1124 -29.0512 0
      vertex 41.8458 -28.7474 0
    endloop
  endfacet
  facet normal -0.430649 0.561261 -0.706772
    outer loop
      vertex -43.8494 27.471 0
      vertex -44.6207 28.3903 1.2
      vertex -43.9078 28.9373 1.2
    endloop
  endfacet
  facet normal -0.477927 -0.521594 -0.706772
    outer loop
      vertex -43.8494 -27.471 0
      vertex -44.6207 -28.3903 1.2
      vertex -44.4347 -26.9347 0
    endloop
  endfacet
  facet normal -0.430649 -0.561261 -0.706772
    outer loop
      vertex -43.9078 -28.9373 1.2
      vertex -44.6207 -28.3903 1.2
      vertex -43.8494 -27.471 0
    endloop
  endfacet
  facet normal -0.701399 0.0923495 -0.706761
    outer loop
      vertex -47.0654 21.2931 0
      vertex -48.2608 21.3977 1.2
      vertex -48.1435 22.2886 1.2
    endloop
  endfacet
  facet normal -0.52156 -0.477962 0.706773
    outer loop
      vertex -44.5114 -25.9637 25
      vertex -45.2832 -27.7832 23.2
      vertex -44.0104 -26.5104 25
    endloop
  endfacet
  facet normal -0.73726 0.675609 0
    outer loop
      vertex -45.8903 27.1207 1.2
      vertex -45.2832 27.7832 23.2
      vertex -45.2832 27.7832 1.2
    endloop
  endfacet
  facet normal -0.73726 0.675609 0
    outer loop
      vertex -45.2832 27.7832 23.2
      vertex -45.8903 27.1207 1.2
      vertex -45.8903 27.1207 23.2
    endloop
  endfacet
  facet normal -0.561261 0.430653 0.70677
    outer loop
      vertex -44.5114 25.9637 25
      vertex -46.4373 26.4078 23.2
      vertex -44.9628 25.3754 25
    endloop
  endfacet
  facet normal -0.95372 0.300695 0
    outer loop
      vertex -47.949 23.1658 1.2
      vertex -47.6788 24.0228 23.2
      vertex -47.6788 24.0228 1.2
    endloop
  endfacet
  facet normal -0.95372 0.300695 0
    outer loop
      vertex -47.6788 24.0228 23.2
      vertex -47.949 23.1658 1.2
      vertex -47.949 23.1658 23.2
    endloop
  endfacet
  facet normal 0.477962 0.52156 0.706773
    outer loop
      vertex 45.2832 27.7832 23.2
      vertex 43.4637 27.0114 25
      vertex 44.0104 26.5104 25
    endloop
  endfacet
  facet normal 0.690677 0.153143 -0.706762
    outer loop
      vertex 48.1435 22.2886 1.2
      vertex 46.7899 22.8553 0
      vertex 47.949 23.1658 1.2
    endloop
  endfacet
  facet normal 0.674713 0.212727 -0.70676
    outer loop
      vertex 47.949 23.1658 1.2
      vertex 46.7899 22.8553 0
      vertex 47.6788 24.0228 1.2
    endloop
  endfacet
  facet normal 0.887007 0.461756 0
    outer loop
      vertex 47.335 24.853 23.2
      vertex 46.9201 25.65 1.2
      vertex 46.9201 25.65 23.2
    endloop
  endfacet
  facet normal 0.887007 0.461756 0
    outer loop
      vertex 46.9201 25.65 1.2
      vertex 47.335 24.853 23.2
      vertex 47.335 24.853 1.2
    endloop
  endfacet
  facet normal 0.627499 0.326662 0.70678
    outer loop
      vertex 46.9201 25.65 23.2
      vertex 45.3612 24.75 25
      vertex 47.335 24.853 23.2
    endloop
  endfacet
  facet normal 0.561262 0.43065 0.706771
    outer loop
      vertex 45.8903 27.1207 23.2
      vertex 44.5114 25.9637 25
      vertex 46.4373 26.4078 23.2
    endloop
  endfacet
  facet normal 0.38012 0.596634 0.706779
    outer loop
      vertex 43.15 29.4201 23.2
      vertex 42.25 27.8612 25
      vertex 43.9078 28.9373 23.2
    endloop
  endfacet
  facet normal 0.537322 0.843377 -0
    outer loop
      vertex 43.9078 28.9373 1.2
      vertex 43.15 29.4201 23.2
      vertex 43.9078 28.9373 23.2
    endloop
  endfacet
  facet normal 0.537322 0.843377 0
    outer loop
      vertex 43.15 29.4201 23.2
      vertex 43.9078 28.9373 1.2
      vertex 43.15 29.4201 1.2
    endloop
  endfacet
  facet normal 0.430638 0.561265 -0.706776
    outer loop
      vertex 43.8494 27.471 0
      vertex 43.2195 27.9543 0
      vertex 43.9078 28.9373 1.2
    endloop
  endfacet
  facet normal 0 0 -1
    outer loop
      vertex 38 -29.6 0
      vertex 47.1 -20.5 0
      vertex 47.0654 -21.2931 0
    endloop
  endfacet
  facet normal 0 0 -1
    outer loop
      vertex -0.799999 29.6 0
      vertex 47.1 -20.5 0
      vertex 38 -29.6 0
    endloop
  endfacet
  facet normal 0 0 -1
    outer loop
      vertex 38 -29.6 0
      vertex 47.0654 -21.2931 0
      vertex 46.9617 -22.0802 0
    endloop
  endfacet
  facet normal 0 0 -1
    outer loop
      vertex 47.1 -20.5 0
      vertex -0.799999 29.6 0
      vertex 47.1 20.5 0
    endloop
  endfacet
  facet normal 0 0 -1
    outer loop
      vertex 38 -29.6 0
      vertex 46.9617 -22.0802 0
      vertex 46.7899 -22.8553 0
    endloop
  endfacet
  facet normal 0 0 -1
    outer loop
      vertex 47.1 20.5 0
      vertex 38 29.6 0
      vertex 47.0654 21.2931 0
    endloop
  endfacet
  facet normal 0 0 -1
    outer loop
      vertex 38 -29.6 0
      vertex 46.7899 -22.8553 0
      vertex 46.5512 -23.6124 0
    endloop
  endfacet
  facet normal 0 0 -1
    outer loop
      vertex 47.0654 21.2931 0
      vertex 38 29.6 0
      vertex 46.9617 22.0802 0
    endloop
  endfacet
  facet normal 0 0 -1
    outer loop
      vertex 38 -29.6 0
      vertex 46.5512 -23.6124 0
      vertex 46.2474 -24.3458 0
    endloop
  endfacet
  facet normal 0 0 -1
    outer loop
      vertex 46.9617 22.0802 0
      vertex 38 29.6 0
      vertex 46.7899 22.8553 0
    endloop
  endfacet
  facet normal 0 0 -1
    outer loop
      vertex 38 -29.6 0
      vertex 46.2474 -24.3458 0
      vertex 45.8808 -25.05 0
    endloop
  endfacet
  facet normal 0 0 -1
    outer loop
      vertex 46.7899 22.8553 0
      vertex 38 29.6 0
      vertex 46.5512 23.6124 0
    endloop
  endfacet
  facet normal 0 0 -1
    outer loop
      vertex 38 -29.6 0
      vertex 45.8808 -25.05 0
      vertex 45.4543 -25.7195 0
    endloop
  endfacet
  facet normal 0 0 -1
    outer loop
      vertex 46.5512 23.6124 0
      vertex 38 29.6 0
      vertex 46.2474 24.3458 0
    endloop
  endfacet
  facet normal 0 0 -1
    outer loop
      vertex 38 -29.6 0
      vertex 45.4543 -25.7195 0
      vertex 44.971 -26.3494 0
    endloop
  endfacet
  facet normal 0 0 -1
    outer loop
      vertex 46.2474 24.3458 0
      vertex 38 29.6 0
      vertex 45.8808 25.05 0
    endloop
  endfacet
  facet normal 0 0 -1
    outer loop
      vertex 38 -29.6 0
      vertex 44.971 -26.3494 0
      vertex 44.4347 -26.9347 0
    endloop
  endfacet
  facet normal 0 0 -1
    outer loop
      vertex 45.8808 25.05 0
      vertex 38 29.6 0
      vertex 45.4543 25.7195 0
    endloop
  endfacet
  facet normal 0 0 -1
    outer loop
      vertex 38 -29.6 0
      vertex 44.4347 -26.9347 0
      vertex 43.8494 -27.471 0
    endloop
  endfacet
  facet normal 0 0 -1
    outer loop
      vertex 45.4543 25.7195 0
      vertex 38 29.6 0
      vertex 44.971 26.3494 0
    endloop
  endfacet
  facet normal 0 0 -1
    outer loop
      vertex 38 -29.6 0
      vertex 43.8494 -27.471 0
      vertex 43.2195 -27.9543 0
    endloop
  endfacet
  facet normal 0 0 -1
    outer loop
      vertex 44.971 26.3494 0
      vertex 38 29.6 0
      vertex 44.4347 26.9347 0
    endloop
  endfacet
  facet normal 0 0 -1
    outer loop
      vertex 38 -29.6 0
      vertex 43.2195 -27.9543 0
      vertex 42.55 -28.3808 0
    endloop
  endfacet
  facet normal 0 0 -1
    outer loop
      vertex 44.4347 26.9347 0
      vertex 38 29.6 0
      vertex 43.8494 27.471 0
    endloop
  endfacet
  facet normal 0 0 -1
    outer loop
      vertex 38 -29.6 0
      vertex 42.55 -28.3808 0
      vertex 41.8458 -28.7474 0
    endloop
  endfacet
  facet normal 0 0 -1
    outer loop
      vertex 43.8494 27.471 0
      vertex 38 29.6 0
      vertex 43.2195 27.9543 0
    endloop
  endfacet
  facet normal 0 0 -1
    outer loop
      vertex 38 -29.6 0
      vertex 41.8458 -28.7474 0
      vertex 41.1124 -29.0512 0
    endloop
  endfacet
  facet normal 0 0 -1
    outer loop
      vertex 43.2195 27.9543 0
      vertex 38 29.6 0
      vertex 42.55 28.3808 0
    endloop
  endfacet
  facet normal 0 0 -1
    outer loop
      vertex 38 -29.6 0
      vertex 41.1124 -29.0512 0
      vertex 40.3553 -29.2899 0
    endloop
  endfacet
  facet normal 0 0 -1
    outer loop
      vertex 42.55 28.3808 0
      vertex 38 29.6 0
      vertex 41.8458 28.7474 0
    endloop
  endfacet
  facet normal 0 0 -1
    outer loop
      vertex 38 -29.6 0
      vertex 40.3553 -29.2899 0
      vertex 39.5802 -29.4617 0
    endloop
  endfacet
  facet normal 0 0 -1
    outer loop
      vertex 41.8458 28.7474 0
      vertex 38 29.6 0
      vertex 41.1124 29.0512 0
    endloop
  endfacet
  facet normal 0 0 -1
    outer loop
      vertex 38 -29.6 0
      vertex 39.5802 -29.4617 0
      vertex 38.7931 -29.5654 0
    endloop
  endfacet
  facet normal 0 0 -1
    outer loop
      vertex 41.1124 29.0512 0
      vertex 38 29.6 0
      vertex 40.3553 29.2899 0
    endloop
  endfacet
  facet normal 0 0 -1
    outer loop
      vertex 40.3553 29.2899 0
      vertex 38 29.6 0
      vertex 39.5802 29.4617 0
    endloop
  endfacet
  facet normal 0 0 -1
    outer loop
      vertex 39.5802 29.4617 0
      vertex 38 29.6 0
      vertex 38.7931 29.5654 0
    endloop
  endfacet
  facet normal 0 0 -1
    outer loop
      vertex 47.1 20.5 0
      vertex -0.799999 29.6 0
      vertex 38 29.6 0
    endloop
  endfacet
  facet normal 0 0 -1
    outer loop
      vertex -1.8 30.8 0
      vertex -0.799999 29.8 0
      vertex -0.799999 29.6 0
    endloop
  endfacet
  facet normal 0 0 -1
    outer loop
      vertex -0.799999 29.8 0
      vertex -1.8 30.8 0
      vertex -0.803799 29.8872 0
    endloop
  endfacet
  facet normal 0 0 -1
    outer loop
      vertex -0.803799 29.8872 0
      vertex -1.8 30.8 0
      vertex -0.815197 29.9736 0
    endloop
  endfacet
  facet normal 0 0 -1
    outer loop
      vertex -0.815197 29.9736 0
      vertex -1.8 30.8 0
      vertex -0.834072 30.0588 0
    endloop
  endfacet
  facet normal 0 0 -1
    outer loop
      vertex -0.834072 30.0588 0
      vertex -0.893688 30.2226 0
      vertex -0.860302 30.142 0
    endloop
  endfacet
  facet normal 0 0 -1
    outer loop
      vertex -0.834072 30.0588 0
      vertex -0.933971 30.3 0
      vertex -0.893688 30.2226 0
    endloop
  endfacet
  facet normal 0 0 -1
    outer loop
      vertex -0.834072 30.0588 0
      vertex -0.980846 30.3736 0
      vertex -0.933971 30.3 0
    endloop
  endfacet
  facet normal 0 0 -1
    outer loop
      vertex -0.834072 30.0588 0
      vertex -1.03396 30.4428 0
      vertex -0.980846 30.3736 0
    endloop
  endfacet
  facet normal 0 0 -1
    outer loop
      vertex -0.834072 30.0588 0
      vertex -1.09289 30.5071 0
      vertex -1.03396 30.4428 0
    endloop
  endfacet
  facet normal 0 0 -1
    outer loop
      vertex -0.834072 30.0588 0
      vertex -1.15721 30.566 0
      vertex -1.09289 30.5071 0
    endloop
  endfacet
  facet normal 0 0 -1
    outer loop
      vertex -0.834072 30.0588 0
      vertex -1.22642 30.6191 0
      vertex -1.15721 30.566 0
    endloop
  endfacet
  facet normal 0 0 -1
    outer loop
      vertex -0.834072 30.0588 0
      vertex -1.3 30.666 0
      vertex -1.22642 30.6191 0
    endloop
  endfacet
  facet normal 0 0 -1
    outer loop
      vertex -0.834072 30.0588 0
      vertex -1.37738 30.7063 0
      vertex -1.3 30.666 0
    endloop
  endfacet
  facet normal 0 0 -1
    outer loop
      vertex -0.834072 30.0588 0
      vertex -1.45797 30.7397 0
      vertex -1.37738 30.7063 0
    endloop
  endfacet
  facet normal 0 0 -1
    outer loop
      vertex -0.834072 30.0588 0
      vertex -1.54118 30.7659 0
      vertex -1.45797 30.7397 0
    endloop
  endfacet
  facet normal 0 0 -1
    outer loop
      vertex -0.834072 30.0588 0
      vertex -1.62635 30.7848 0
      vertex -1.54118 30.7659 0
    endloop
  endfacet
  facet normal 0 0 -1
    outer loop
      vertex -38 -29.6 0
      vertex -0.799999 29.6 0
      vertex 38 -29.6 0
    endloop
  endfacet
  facet normal 0 -0 -1
    outer loop
      vertex -1.8 30.8 0
      vertex -0.799999 29.6 0
      vertex -7.8 29.6 0
    endloop
  endfacet
  facet normal 0 0 -1
    outer loop
      vertex -0.834072 30.0588 0
      vertex -1.8 30.8 0
      vertex -1.62635 30.7848 0
    endloop
  endfacet
  facet normal 0 0 -1
    outer loop
      vertex -1.62635 30.7848 0
      vertex -1.8 30.8 0
      vertex -1.71284 30.7962 0
    endloop
  endfacet
  facet normal -0 0 -1
    outer loop
      vertex -1.8 30.8 0
      vertex -7.8 29.6 0
      vertex -6.8 30.8 0
    endloop
  endfacet
  facet normal 0 0 -1
    outer loop
      vertex -7.8 29.8 0
      vertex -6.8 30.8 0
      vertex -7.8 29.6 0
    endloop
  endfacet
  facet normal 0 0 -1
    outer loop
      vertex -6.8 30.8 0
      vertex -7.8 29.8 0
      vertex -6.88716 30.7962 0
    endloop
  endfacet
  facet normal 0 0 -1
    outer loop
      vertex -6.88716 30.7962 0
      vertex -7.8 29.8 0
      vertex -6.97364 30.7848 0
    endloop
  endfacet
  facet normal 0 0 -1
    outer loop
      vertex -6.97364 30.7848 0
      vertex -7.8 29.8 0
      vertex -7.05882 30.7659 0
    endloop
  endfacet
  facet normal 0 0 -1
    outer loop
      vertex -7.05882 30.7659 0
      vertex -7.8 29.8 0
      vertex -7.14202 30.7397 0
    endloop
  endfacet
  facet normal 0 0 -1
    outer loop
      vertex -7.14202 30.7397 0
      vertex -7.8 29.8 0
      vertex -7.22262 30.7063 0
    endloop
  endfacet
  facet normal 0 0 -1
    outer loop
      vertex -7.22262 30.7063 0
      vertex -7.8 29.8 0
      vertex -7.3 30.666 0
    endloop
  endfacet
  facet normal 0 0 -1
    outer loop
      vertex -7.3 30.666 0
      vertex -7.8 29.8 0
      vertex -7.37358 30.6191 0
    endloop
  endfacet
  facet normal 0 0 -1
    outer loop
      vertex -7.37358 30.6191 0
      vertex -7.8 29.8 0
      vertex -7.44279 30.566 0
    endloop
  endfacet
  facet normal 0 0 -1
    outer loop
      vertex -7.44279 30.566 0
      vertex -7.8 29.8 0
      vertex -7.50711 30.5071 0
    endloop
  endfacet
  facet normal 0 0 -1
    outer loop
      vertex -7.50711 30.5071 0
      vertex -7.8 29.8 0
      vertex -7.56604 30.4428 0
    endloop
  endfacet
  facet normal 0 0 -1
    outer loop
      vertex -7.56604 30.4428 0
      vertex -7.8 29.8 0
      vertex -7.61915 30.3736 0
    endloop
  endfacet
  facet normal 0 0 -1
    outer loop
      vertex -7.61915 30.3736 0
      vertex -7.8 29.8 0
      vertex -7.66603 30.3 0
    endloop
  endfacet
  facet normal 0 0 -1
    outer loop
      vertex -7.66603 30.3 0
      vertex -7.8 29.8 0
      vertex -7.70631 30.2226 0
    endloop
  endfacet
  facet normal 0 0 -1
    outer loop
      vertex -7.70631 30.2226 0
      vertex -7.8 29.8 0
      vertex -7.7397 30.142 0
    endloop
  endfacet
  facet normal 0 0 -1
    outer loop
      vertex -7.7397 30.142 0
      vertex -7.8 29.8 0
      vertex -7.76593 30.0588 0
    endloop
  endfacet
  facet normal 0 0 -1
    outer loop
      vertex -7.76593 30.0588 0
      vertex -7.8 29.8 0
      vertex -7.7848 29.9736 0
    endloop
  endfacet
  facet normal -0 0 -1
    outer loop
      vertex -0.799999 29.6 0
      vertex -38 -29.6 0
      vertex -7.8 29.6 0
    endloop
  endfacet
  facet normal 0 0 -1
    outer loop
      vertex -47.1 -20.5 0
      vertex -7.8 29.6 0
      vertex -38 -29.6 0
    endloop
  endfacet
  facet normal 0 0 -1
    outer loop
      vertex -47.1 -20.5 0
      vertex -38 -29.6 0
      vertex -38.7931 -29.5654 0
    endloop
  endfacet
  facet normal 0 0 -1
    outer loop
      vertex -47.1 20.5 0
      vertex -7.8 29.6 0
      vertex -47.1 -20.5 0
    endloop
  endfacet
  facet normal 0 0 -1
    outer loop
      vertex -47.1 -20.5 0
      vertex -38.7931 -29.5654 0
      vertex -39.5802 -29.4617 0
    endloop
  endfacet
  facet normal -0 0 -1
    outer loop
      vertex -7.8 29.6 0
      vertex -47.1 20.5 0
      vertex -38 29.6 0
    endloop
  endfacet
  facet normal 0 0 -1
    outer loop
      vertex -47.1 -20.5 0
      vertex -39.5802 -29.4617 0
      vertex -40.3553 -29.2899 0
    endloop
  endfacet
  facet normal 0 0 -1
    outer loop
      vertex -38 29.6 0
      vertex -47.1 20.5 0
      vertex -38.7931 29.5654 0
    endloop
  endfacet
  facet normal 0 0 -1
    outer loop
      vertex -47.1 -20.5 0
      vertex -40.3553 -29.2899 0
      vertex -41.1124 -29.0512 0
    endloop
  endfacet
  facet normal 0 0 -1
    outer loop
      vertex -38.7931 29.5654 0
      vertex -47.1 20.5 0
      vertex -39.5802 29.4617 0
    endloop
  endfacet
  facet normal 0 0 -1
    outer loop
      vertex -47.1 -20.5 0
      vertex -41.1124 -29.0512 0
      vertex -41.8458 -28.7474 0
    endloop
  endfacet
  facet normal 0 0 -1
    outer loop
      vertex -39.5802 29.4617 0
      vertex -47.1 20.5 0
      vertex -40.3553 29.2899 0
    endloop
  endfacet
  facet normal 0 0 -1
    outer loop
      vertex -47.1 -20.5 0
      vertex -41.8458 -28.7474 0
      vertex -42.55 -28.3808 0
    endloop
  endfacet
  facet normal 0 0 -1
    outer loop
      vertex -40.3553 29.2899 0
      vertex -47.1 20.5 0
      vertex -41.1124 29.0512 0
    endloop
  endfacet
  facet normal 0 0 -1
    outer loop
      vertex -47.1 -20.5 0
      vertex -42.55 -28.3808 0
      vertex -43.2195 -27.9543 0
    endloop
  endfacet
  facet normal 0 0 -1
    outer loop
      vertex -41.1124 29.0512 0
      vertex -47.1 20.5 0
      vertex -41.8458 28.7474 0
    endloop
  endfacet
  facet normal 0 0 -1
    outer loop
      vertex -47.1 -20.5 0
      vertex -43.2195 -27.9543 0
      vertex -43.8494 -27.471 0
    endloop
  endfacet
  facet normal 0 0 -1
    outer loop
      vertex -41.8458 28.7474 0
      vertex -47.1 20.5 0
      vertex -42.55 28.3808 0
    endloop
  endfacet
  facet normal 0 0 -1
    outer loop
      vertex -47.1 -20.5 0
      vertex -43.8494 -27.471 0
      vertex -44.4347 -26.9347 0
    endloop
  endfacet
  facet normal 0 0 -1
    outer loop
      vertex -42.55 28.3808 0
      vertex -47.1 20.5 0
      vertex -43.2195 27.9543 0
    endloop
  endfacet
  facet normal 0 0 -1
    outer loop
      vertex -47.1 -20.5 0
      vertex -44.4347 -26.9347 0
      vertex -44.971 -26.3494 0
    endloop
  endfacet
  facet normal 0 0 -1
    outer loop
      vertex -43.2195 27.9543 0
      vertex -47.1 20.5 0
      vertex -43.8494 27.471 0
    endloop
  endfacet
  facet normal 0 0 -1
    outer loop
      vertex -47.1 -20.5 0
      vertex -44.971 -26.3494 0
      vertex -45.4543 -25.7195 0
    endloop
  endfacet
  facet normal 0 0 -1
    outer loop
      vertex -43.8494 27.471 0
      vertex -47.1 20.5 0
      vertex -44.4347 26.9347 0
    endloop
  endfacet
  facet normal 0 0 -1
    outer loop
      vertex -47.1 -20.5 0
      vertex -45.4543 -25.7195 0
      vertex -45.8808 -25.05 0
    endloop
  endfacet
  facet normal 0 0 -1
    outer loop
      vertex -44.4347 26.9347 0
      vertex -47.1 20.5 0
      vertex -44.971 26.3494 0
    endloop
  endfacet
  facet normal 0 0 -1
    outer loop
      vertex -47.1 -20.5 0
      vertex -45.8808 -25.05 0
      vertex -46.2474 -24.3458 0
    endloop
  endfacet
  facet normal 0 0 -1
    outer loop
      vertex -44.971 26.3494 0
      vertex -47.1 20.5 0
      vertex -45.4543 25.7195 0
    endloop
  endfacet
  facet normal 0 0 -1
    outer loop
      vertex -47.1 -20.5 0
      vertex -46.2474 -24.3458 0
      vertex -46.5512 -23.6124 0
    endloop
  endfacet
  facet normal 0 0 -1
    outer loop
      vertex -45.4543 25.7195 0
      vertex -47.1 20.5 0
      vertex -45.8808 25.05 0
    endloop
  endfacet
  facet normal 0 0 -1
    outer loop
      vertex -47.1 -20.5 0
      vertex -46.5512 -23.6124 0
      vertex -46.7899 -22.8553 0
    endloop
  endfacet
  facet normal 0 0 -1
    outer loop
      vertex -45.8808 25.05 0
      vertex -47.1 20.5 0
      vertex -46.2474 24.3458 0
    endloop
  endfacet
  facet normal 0 0 -1
    outer loop
      vertex -47.1 -20.5 0
      vertex -46.7899 -22.8553 0
      vertex -46.9617 -22.0802 0
    endloop
  endfacet
  facet normal 0 0 -1
    outer loop
      vertex -46.2474 24.3458 0
      vertex -47.1 20.5 0
      vertex -46.5512 23.6124 0
    endloop
  endfacet
  facet normal 0 0 -1
    outer loop
      vertex -47.1 -20.5 0
      vertex -46.9617 -22.0802 0
      vertex -47.0654 -21.2931 0
    endloop
  endfacet
  facet normal 0 0 -1
    outer loop
      vertex -46.5512 23.6124 0
      vertex -47.1 20.5 0
      vertex -46.7899 22.8553 0
    endloop
  endfacet
  facet normal 0 0 -1
    outer loop
      vertex -46.7899 22.8553 0
      vertex -47.1 20.5 0
      vertex -46.9617 22.0802 0
    endloop
  endfacet
  facet normal 0 0 -1
    outer loop
      vertex -46.9617 22.0802 0
      vertex -47.1 20.5 0
      vertex -47.0654 21.2931 0
    endloop
  endfacet
  facet normal 0 0 -1
    outer loop
      vertex -7.7848 29.9736 0
      vertex -7.8 29.8 0
      vertex -7.7962 29.8872 0
    endloop
  endfacet
  facet normal -0.608742 -0.793368 0
    outer loop
      vertex -44.6207 -28.3903 1.2
      vertex -43.9078 -28.9373 23.2
      vertex -44.6207 -28.3903 23.2
    endloop
  endfacet
  facet normal -0.608742 -0.793368 -0
    outer loop
      vertex -43.9078 -28.9373 23.2
      vertex -44.6207 -28.3903 1.2
      vertex -43.9078 -28.9373 1.2
    endloop
  endfacet
  facet normal 0.596662 0.380093 0.70677
    outer loop
      vertex 46.4373 26.4078 23.2
      vertex 44.9628 25.3754 25
      vertex 45.3612 24.75 25
    endloop
  endfacet
  facet normal -0.843377 -0.537322 0
    outer loop
      vertex -46.4373 -26.4078 1.2
      vertex -46.9201 -25.65 23.2
      vertex -46.9201 -25.65 1.2
    endloop
  endfacet
  facet normal -0.843377 -0.537322 0
    outer loop
      vertex -46.9201 -25.65 23.2
      vertex -46.4373 -26.4078 1.2
      vertex -46.4373 -26.4078 23.2
    endloop
  endfacet
  facet normal 0 0 1
    outer loop
      vertex -7.8 29 25
      vertex -38 29 25
      vertex -7.8 28.4524 25
    endloop
  endfacet
  facet normal -0 0 1
    outer loop
      vertex 45.0246 20.8008 25
      vertex 46.5 20.5 25
      vertex 46.4677 21.2408 25
    endloop
  endfacet
  facet normal 0 0 1
    outer loop
      vertex 46.5 20.5 25
      vertex 45.0378 20.5 25
      vertex 46.5 -20.5 25
    endloop
  endfacet
  facet normal -0 0 1
    outer loop
      vertex 44.9717 21.4118 25
      vertex 46.4677 21.2408 25
      vertex 46.3709 21.976 25
    endloop
  endfacet
  facet normal 0 0 1
    outer loop
      vertex 45.0378 -20.5 25
      vertex 46.5 -20.5 25
      vertex 45.0378 20.5 25
    endloop
  endfacet
  facet normal -0 0 1
    outer loop
      vertex 44.8631 22.0276 25
      vertex 46.3709 21.976 25
      vertex 46.2104 22.7 25
    endloop
  endfacet
  facet normal 0 0 1
    outer loop
      vertex 45.0246 -20.8008 25
      vertex 46.5 -20.5 25
      vertex 45.0378 -20.5 25
    endloop
  endfacet
  facet normal 0 0 1
    outer loop
      vertex 44.7074 22.6086 25
      vertex 46.2104 22.7 25
      vertex 45.9874 23.4072 25
    endloop
  endfacet
  facet normal 0 0 1
    outer loop
      vertex 46.5 -20.5 25
      vertex 45.0246 -20.8008 25
      vertex 46.4677 -21.2408 25
    endloop
  endfacet
  facet normal 0 0 1
    outer loop
      vertex 44.4981 23.1852 25
      vertex 45.9874 23.4072 25
      vertex 45.7036 24.0923 25
    endloop
  endfacet
  facet normal -0 0 1
    outer loop
      vertex 45.011 -21.1134 25
      vertex 46.4677 -21.2408 25
      vertex 45.0246 -20.8008 25
    endloop
  endfacet
  facet normal 0 0 1
    outer loop
      vertex 44.2394 23.7413 25
      vertex 45.7036 24.0923 25
      vertex 45.3612 24.75 25
    endloop
  endfacet
  facet normal 0 0 1
    outer loop
      vertex 44.9717 -21.4118 25
      vertex 46.4677 -21.2408 25
      vertex 45.011 -21.1134 25
    endloop
  endfacet
  facet normal 0 0 1
    outer loop
      vertex 46.4677 -21.2408 25
      vertex 44.9717 -21.4118 25
      vertex 46.3709 -21.976 25
    endloop
  endfacet
  facet normal 0 0 1
    outer loop
      vertex 46.5 20.5 25
      vertex 45.0246 20.8008 25
      vertex 45.0378 20.5 25
    endloop
  endfacet
  facet normal 0 0 1
    outer loop
      vertex 46.4677 21.2408 25
      vertex 45.011 21.1134 25
      vertex 45.0246 20.8008 25
    endloop
  endfacet
  facet normal 0 0 1
    outer loop
      vertex 46.4677 21.2408 25
      vertex 44.9717 21.4118 25
      vertex 45.011 21.1134 25
    endloop
  endfacet
  facet normal 0 0 1
    outer loop
      vertex 43.9268 24.2828 25
      vertex 45.3612 24.75 25
      vertex 44.9628 25.3754 25
    endloop
  endfacet
  facet normal 0 0 1
    outer loop
      vertex 46.3709 21.976 25
      vertex 44.9309 21.7221 25
      vertex 44.9717 21.4118 25
    endloop
  endfacet
  facet normal 0 0 1
    outer loop
      vertex 46.3709 21.976 25
      vertex 44.8631 22.0276 25
      vertex 44.9309 21.7221 25
    endloop
  endfacet
  facet normal 0 0 1
    outer loop
      vertex 46.2104 22.7 25
      vertex 44.798 22.3215 25
      vertex 44.8631 22.0276 25
    endloop
  endfacet
  facet normal 0 0 1
    outer loop
      vertex 46.2104 22.7 25
      vertex 44.7074 22.6086 25
      vertex 44.798 22.3215 25
    endloop
  endfacet
  facet normal 0 0 1
    outer loop
      vertex 45.9874 23.4072 25
      vertex 44.6133 22.9071 25
      vertex 44.7074 22.6086 25
    endloop
  endfacet
  facet normal 0 0 1
    outer loop
      vertex 43.5818 24.7755 25
      vertex 44.9628 25.3754 25
      vertex 44.5114 25.9637 25
    endloop
  endfacet
  facet normal 0 0 1
    outer loop
      vertex 45.9874 23.4072 25
      vertex 44.4981 23.1852 25
      vertex 44.6133 22.9071 25
    endloop
  endfacet
  facet normal 0 0 1
    outer loop
      vertex 45.7036 24.0923 25
      vertex 44.3784 23.4743 25
      vertex 44.4981 23.1852 25
    endloop
  endfacet
  facet normal 0 0 1
    outer loop
      vertex 45.7036 24.0923 25
      vertex 44.2394 23.7413 25
      vertex 44.3784 23.4743 25
    endloop
  endfacet
  facet normal 0 0 1
    outer loop
      vertex 45.3612 24.75 25
      vertex 44.0949 24.0189 25
      vertex 44.2394 23.7413 25
    endloop
  endfacet
  facet normal 0 0 1
    outer loop
      vertex 43.1798 25.2545 25
      vertex 44.5114 25.9637 25
      vertex 44.0104 26.5104 25
    endloop
  endfacet
  facet normal 0 0 1
    outer loop
      vertex 45.3612 24.75 25
      vertex 43.9268 24.2828 25
      vertex 44.0949 24.0189 25
    endloop
  endfacet
  facet normal 0 0 1
    outer loop
      vertex 44.9628 25.3754 25
      vertex 43.765 24.5367 25
      vertex 43.9268 24.2828 25
    endloop
  endfacet
  facet normal 0 0 1
    outer loop
      vertex 44.9628 25.3754 25
      vertex 43.5818 24.7755 25
      vertex 43.765 24.5367 25
    endloop
  endfacet
  facet normal 0 0 1
    outer loop
      vertex 42.7545 25.6798 25
      vertex 44.0104 26.5104 25
      vertex 43.4637 27.0114 25
    endloop
  endfacet
  facet normal 0 0 1
    outer loop
      vertex 44.5114 25.9637 25
      vertex 43.3913 25.0238 25
      vertex 43.5818 24.7755 25
    endloop
  endfacet
  facet normal 0 0 1
    outer loop
      vertex 44.5114 25.9637 25
      vertex 43.1798 25.2545 25
      vertex 43.3913 25.0238 25
    endloop
  endfacet
  facet normal 0 0 1
    outer loop
      vertex 44.0104 26.5104 25
      vertex 42.9765 25.4765 25
      vertex 43.1798 25.2545 25
    endloop
  endfacet
  facet normal 0 0 1
    outer loop
      vertex 42.2755 26.0818 25
      vertex 43.4637 27.0114 25
      vertex 42.8754 27.4628 25
    endloop
  endfacet
  facet normal 0 0 1
    outer loop
      vertex 44.0104 26.5104 25
      vertex 42.7545 25.6798 25
      vertex 42.9765 25.4765 25
    endloop
  endfacet
  facet normal 0 0 1
    outer loop
      vertex 43.4637 27.0114 25
      vertex 42.5238 25.8913 25
      vertex 42.7545 25.6798 25
    endloop
  endfacet
  facet normal 0 0 1
    outer loop
      vertex 43.4637 27.0114 25
      vertex 42.2755 26.0818 25
      vertex 42.5238 25.8913 25
    endloop
  endfacet
  facet normal 0 0 1
    outer loop
      vertex 41.7828 26.4268 25
      vertex 42.8754 27.4628 25
      vertex 42.25 27.8612 25
    endloop
  endfacet
  facet normal 0 0 1
    outer loop
      vertex 42.8754 27.4628 25
      vertex 42.0367 26.265 25
      vertex 42.2755 26.0818 25
    endloop
  endfacet
  facet normal 0 0 1
    outer loop
      vertex 42.8754 27.4628 25
      vertex 41.7828 26.4268 25
      vertex 42.0367 26.265 25
    endloop
  endfacet
  facet normal 0 0 1
    outer loop
      vertex 41.2413 26.7394 25
      vertex 42.25 27.8612 25
      vertex 41.5923 28.2036 25
    endloop
  endfacet
  facet normal 0 0 1
    outer loop
      vertex 42.25 27.8612 25
      vertex 41.5189 26.5949 25
      vertex 41.7828 26.4268 25
    endloop
  endfacet
  facet normal 0 0 1
    outer loop
      vertex 42.25 27.8612 25
      vertex 41.2413 26.7394 25
      vertex 41.5189 26.5949 25
    endloop
  endfacet
  facet normal 0 0 1
    outer loop
      vertex 41.5923 28.2036 25
      vertex 40.9743 26.8784 25
      vertex 41.2413 26.7394 25
    endloop
  endfacet
  facet normal 0 0 1
    outer loop
      vertex 40.6852 26.9981 25
      vertex 41.5923 28.2036 25
      vertex 40.9072 28.4874 25
    endloop
  endfacet
  facet normal 0 0 1
    outer loop
      vertex 41.5923 28.2036 25
      vertex 40.6852 26.9981 25
      vertex 40.9743 26.8784 25
    endloop
  endfacet
  facet normal 0 0 1
    outer loop
      vertex 40.9072 28.4874 25
      vertex 40.4071 27.1133 25
      vertex 40.6852 26.9981 25
    endloop
  endfacet
  facet normal 0 0 1
    outer loop
      vertex 40.1086 27.2074 25
      vertex 40.9072 28.4874 25
      vertex 40.2 28.7104 25
    endloop
  endfacet
  facet normal 0 0 1
    outer loop
      vertex 40.9072 28.4874 25
      vertex 40.1086 27.2074 25
      vertex 40.4071 27.1133 25
    endloop
  endfacet
  facet normal 0 0 1
    outer loop
      vertex 40.2 28.7104 25
      vertex 39.8215 27.298 25
      vertex 40.1086 27.2074 25
    endloop
  endfacet
  facet normal 0 0 1
    outer loop
      vertex 40.2 28.7104 25
      vertex 39.5276 27.3631 25
      vertex 39.8215 27.298 25
    endloop
  endfacet
  facet normal 0 0 1
    outer loop
      vertex 39.476 28.8709 25
      vertex 39.5276 27.3631 25
      vertex 40.2 28.7104 25
    endloop
  endfacet
  facet normal 0 0 1
    outer loop
      vertex 39.476 28.8709 25
      vertex 39.2221 27.4309 25
      vertex 39.5276 27.3631 25
    endloop
  endfacet
  facet normal 0 0 1
    outer loop
      vertex 39.476 28.8709 25
      vertex 38.9118 27.4717 25
      vertex 39.2221 27.4309 25
    endloop
  endfacet
  facet normal 0 0 1
    outer loop
      vertex 38.7408 28.9677 25
      vertex 38.9118 27.4717 25
      vertex 39.476 28.8709 25
    endloop
  endfacet
  facet normal 0 0 1
    outer loop
      vertex 38.7408 28.9677 25
      vertex 38.6134 27.511 25
      vertex 38.9118 27.4717 25
    endloop
  endfacet
  facet normal 0 0 1
    outer loop
      vertex 38.7408 28.9677 25
      vertex 38.3008 27.5246 25
      vertex 38.6134 27.511 25
    endloop
  endfacet
  facet normal 0 0 1
    outer loop
      vertex 38 29 25
      vertex 38.3008 27.5246 25
      vertex 38.7408 28.9677 25
    endloop
  endfacet
  facet normal 0 0 1
    outer loop
      vertex 38 29 25
      vertex 38 27.5378 25
      vertex 38.3008 27.5246 25
    endloop
  endfacet
  facet normal 0 0 1
    outer loop
      vertex -0.799999 28.4524 25
      vertex 38 29 25
      vertex -0.799999 29 25
    endloop
  endfacet
  facet normal 0 0 1
    outer loop
      vertex 38 29 25
      vertex -0.799999 28.4524 25
      vertex 38 27.5378 25
    endloop
  endfacet
  facet normal -0 0 1
    outer loop
      vertex -0.80208 28.4047 25
      vertex 38 27.5378 25
      vertex -0.799999 28.4524 25
    endloop
  endfacet
  facet normal -0 0 1
    outer loop
      vertex -0.805524 28.3258 25
      vertex 38 27.5378 25
      vertex -0.80208 28.4047 25
    endloop
  endfacet
  facet normal -0 0 1
    outer loop
      vertex -0.815823 28.2475 25
      vertex 38 27.5378 25
      vertex -0.805524 28.3258 25
    endloop
  endfacet
  facet normal -0 0 1
    outer loop
      vertex -0.822065 28.2002 25
      vertex 38 27.5378 25
      vertex -0.815823 28.2475 25
    endloop
  endfacet
  facet normal -0 0 1
    outer loop
      vertex -0.832402 28.1535 25
      vertex 38 27.5378 25
      vertex -0.822065 28.2002 25
    endloop
  endfacet
  facet normal -0 0 1
    outer loop
      vertex -0.849486 28.0765 25
      vertex 38 27.5378 25
      vertex -0.832402 28.1535 25
    endloop
  endfacet
  facet normal -0 0 1
    outer loop
      vertex -0.86385 28.0309 25
      vertex 38 27.5378 25
      vertex -0.849486 28.0765 25
    endloop
  endfacet
  facet normal -0 0 1
    outer loop
      vertex -0.887589 27.9556 25
      vertex 38 27.5378 25
      vertex -0.86385 28.0309 25
    endloop
  endfacet
  facet normal -0 0 1
    outer loop
      vertex -0.917788 27.8827 25
      vertex 38 27.5378 25
      vertex -0.887589 27.9556 25
    endloop
  endfacet
  facet normal -0 0 1
    outer loop
      vertex -0.936071 27.8386 25
      vertex 38 27.5378 25
      vertex -0.917788 27.8827 25
    endloop
  endfacet
  facet normal -0 0 1
    outer loop
      vertex -0.972518 27.7686 25
      vertex 38 27.5378 25
      vertex -0.936071 27.8386 25
    endloop
  endfacet
  facet normal -0 0 1
    outer loop
      vertex -0.994578 27.7262 25
      vertex 38 27.5378 25
      vertex -0.972518 27.7686 25
    endloop
  endfacet
  facet normal -0 0 1
    outer loop
      vertex -1.06266 27.6193 25
      vertex 38 27.5378 25
      vertex -0.994578 27.7262 25
    endloop
  endfacet
  facet normal -0 0 1
    outer loop
      vertex -1.11071 27.5567 25
      vertex 38 27.5378 25
      vertex -1.06266 27.6193 25
    endloop
  endfacet
  facet normal 0 0 1
    outer loop
      vertex 38 27.5378 25
      vertex -1.11071 27.5567 25
      vertex -1.12524 27.5378 25
    endloop
  endfacet
  facet normal -0 0 1
    outer loop
      vertex 44.9309 -21.7221 25
      vertex 46.3709 -21.976 25
      vertex 44.9717 -21.4118 25
    endloop
  endfacet
  facet normal 0 0 1
    outer loop
      vertex 44.8631 -22.0276 25
      vertex 46.3709 -21.976 25
      vertex 44.9309 -21.7221 25
    endloop
  endfacet
  facet normal 0 0 1
    outer loop
      vertex 46.3709 -21.976 25
      vertex 44.8631 -22.0276 25
      vertex 46.2104 -22.7 25
    endloop
  endfacet
  facet normal -0 0 1
    outer loop
      vertex 44.798 -22.3215 25
      vertex 46.2104 -22.7 25
      vertex 44.8631 -22.0276 25
    endloop
  endfacet
  facet normal -0 0 1
    outer loop
      vertex 44.7074 -22.6086 25
      vertex 46.2104 -22.7 25
      vertex 44.798 -22.3215 25
    endloop
  endfacet
  facet normal 0 0 1
    outer loop
      vertex 46.2104 -22.7 25
      vertex 44.7074 -22.6086 25
      vertex 45.9874 -23.4072 25
    endloop
  endfacet
  facet normal -0 0 1
    outer loop
      vertex 44.6133 -22.9071 25
      vertex 45.9874 -23.4072 25
      vertex 44.7074 -22.6086 25
    endloop
  endfacet
  facet normal -0 0 1
    outer loop
      vertex 44.4981 -23.1852 25
      vertex 45.9874 -23.4072 25
      vertex 44.6133 -22.9071 25
    endloop
  endfacet
  facet normal 0 0 1
    outer loop
      vertex 45.9874 -23.4072 25
      vertex 44.4981 -23.1852 25
      vertex 45.7036 -24.0923 25
    endloop
  endfacet
  facet normal -0 0 1
    outer loop
      vertex 44.3784 -23.4743 25
      vertex 45.7036 -24.0923 25
      vertex 44.4981 -23.1852 25
    endloop
  endfacet
  facet normal -0 0 1
    outer loop
      vertex 44.2394 -23.7413 25
      vertex 45.7036 -24.0923 25
      vertex 44.3784 -23.4743 25
    endloop
  endfacet
  facet normal 0 0 1
    outer loop
      vertex 45.7036 -24.0923 25
      vertex 44.2394 -23.7413 25
      vertex 45.3612 -24.75 25
    endloop
  endfacet
  facet normal -0 0 1
    outer loop
      vertex 44.0949 -24.0189 25
      vertex 45.3612 -24.75 25
      vertex 44.2394 -23.7413 25
    endloop
  endfacet
  facet normal -0 0 1
    outer loop
      vertex 43.9268 -24.2828 25
      vertex 45.3612 -24.75 25
      vertex 44.0949 -24.0189 25
    endloop
  endfacet
  facet normal 0 0 1
    outer loop
      vertex 45.3612 -24.75 25
      vertex 43.9268 -24.2828 25
      vertex 44.9628 -25.3754 25
    endloop
  endfacet
  facet normal -0 0 1
    outer loop
      vertex 43.765 -24.5367 25
      vertex 44.9628 -25.3754 25
      vertex 43.9268 -24.2828 25
    endloop
  endfacet
  facet normal -0 0 1
    outer loop
      vertex 43.5818 -24.7755 25
      vertex 44.9628 -25.3754 25
      vertex 43.765 -24.5367 25
    endloop
  endfacet
  facet normal 0 0 1
    outer loop
      vertex 44.9628 -25.3754 25
      vertex 43.5818 -24.7755 25
      vertex 44.5114 -25.9637 25
    endloop
  endfacet
  facet normal -0 0 1
    outer loop
      vertex 43.3913 -25.0238 25
      vertex 44.5114 -25.9637 25
      vertex 43.5818 -24.7755 25
    endloop
  endfacet
  facet normal -0 0 1
    outer loop
      vertex 43.1798 -25.2545 25
      vertex 44.5114 -25.9637 25
      vertex 43.3913 -25.0238 25
    endloop
  endfacet
  facet normal 0 0 1
    outer loop
      vertex 44.5114 -25.9637 25
      vertex 43.1798 -25.2545 25
      vertex 44.0104 -26.5104 25
    endloop
  endfacet
  facet normal -0 0 1
    outer loop
      vertex 42.9765 -25.4765 25
      vertex 44.0104 -26.5104 25
      vertex 43.1798 -25.2545 25
    endloop
  endfacet
  facet normal -0 0 1
    outer loop
      vertex 42.7545 -25.6798 25
      vertex 44.0104 -26.5104 25
      vertex 42.9765 -25.4765 25
    endloop
  endfacet
  facet normal 0 0 1
    outer loop
      vertex 44.0104 -26.5104 25
      vertex 42.7545 -25.6798 25
      vertex 43.4637 -27.0114 25
    endloop
  endfacet
  facet normal -0 0 1
    outer loop
      vertex 42.5238 -25.8913 25
      vertex 43.4637 -27.0114 25
      vertex 42.7545 -25.6798 25
    endloop
  endfacet
  facet normal -0 0 1
    outer loop
      vertex 42.2755 -26.0818 25
      vertex 43.4637 -27.0114 25
      vertex 42.5238 -25.8913 25
    endloop
  endfacet
  facet normal 0 0 1
    outer loop
      vertex 43.4637 -27.0114 25
      vertex 42.2755 -26.0818 25
      vertex 42.8754 -27.4628 25
    endloop
  endfacet
  facet normal -0 0 1
    outer loop
      vertex 42.0367 -26.265 25
      vertex 42.8754 -27.4628 25
      vertex 42.2755 -26.0818 25
    endloop
  endfacet
  facet normal -0 0 1
    outer loop
      vertex 41.7828 -26.4268 25
      vertex 42.8754 -27.4628 25
      vertex 42.0367 -26.265 25
    endloop
  endfacet
  facet normal 0 0 1
    outer loop
      vertex 42.8754 -27.4628 25
      vertex 41.7828 -26.4268 25
      vertex 42.25 -27.8612 25
    endloop
  endfacet
  facet normal -0 0 1
    outer loop
      vertex 41.5189 -26.5949 25
      vertex 42.25 -27.8612 25
      vertex 41.7828 -26.4268 25
    endloop
  endfacet
  facet normal -0 0 1
    outer loop
      vertex 41.2413 -26.7394 25
      vertex 42.25 -27.8612 25
      vertex 41.5189 -26.5949 25
    endloop
  endfacet
  facet normal 0 0 1
    outer loop
      vertex 42.25 -27.8612 25
      vertex 41.2413 -26.7394 25
      vertex 41.5923 -28.2036 25
    endloop
  endfacet
  facet normal -0 0 1
    outer loop
      vertex 40.9743 -26.8784 25
      vertex 41.5923 -28.2036 25
      vertex 41.2413 -26.7394 25
    endloop
  endfacet
  facet normal -0 0 1
    outer loop
      vertex 40.6852 -26.9981 25
      vertex 41.5923 -28.2036 25
      vertex 40.9743 -26.8784 25
    endloop
  endfacet
  facet normal 0 0 1
    outer loop
      vertex 41.5923 -28.2036 25
      vertex 40.6852 -26.9981 25
      vertex 40.9072 -28.4874 25
    endloop
  endfacet
  facet normal -0 0 1
    outer loop
      vertex 40.4071 -27.1133 25
      vertex 40.9072 -28.4874 25
      vertex 40.6852 -26.9981 25
    endloop
  endfacet
  facet normal -0 0 1
    outer loop
      vertex 40.1086 -27.2074 25
      vertex 40.9072 -28.4874 25
      vertex 40.4071 -27.1133 25
    endloop
  endfacet
  facet normal 0 0 1
    outer loop
      vertex 40.9072 -28.4874 25
      vertex 40.1086 -27.2074 25
      vertex 40.2 -28.7104 25
    endloop
  endfacet
  facet normal -0 0 1
    outer loop
      vertex 39.8215 -27.298 25
      vertex 40.2 -28.7104 25
      vertex 40.1086 -27.2074 25
    endloop
  endfacet
  facet normal -0 0 1
    outer loop
      vertex 39.5276 -27.3631 25
      vertex 40.2 -28.7104 25
      vertex 39.8215 -27.298 25
    endloop
  endfacet
  facet normal 0 0 1
    outer loop
      vertex 39.5276 -27.3631 25
      vertex 39.476 -28.8709 25
      vertex 40.2 -28.7104 25
    endloop
  endfacet
  facet normal -0 0 1
    outer loop
      vertex 39.2221 -27.4309 25
      vertex 39.476 -28.8709 25
      vertex 39.5276 -27.3631 25
    endloop
  endfacet
  facet normal -0 0 1
    outer loop
      vertex 38.9118 -27.4717 25
      vertex 39.476 -28.8709 25
      vertex 39.2221 -27.4309 25
    endloop
  endfacet
  facet normal 0 0 1
    outer loop
      vertex 38.9118 -27.4717 25
      vertex 38.7408 -28.9677 25
      vertex 39.476 -28.8709 25
    endloop
  endfacet
  facet normal -0 0 1
    outer loop
      vertex 38.6134 -27.511 25
      vertex 38.7408 -28.9677 25
      vertex 38.9118 -27.4717 25
    endloop
  endfacet
  facet normal -0 0 1
    outer loop
      vertex 38.3008 -27.5246 25
      vertex 38.7408 -28.9677 25
      vertex 38.6134 -27.511 25
    endloop
  endfacet
  facet normal 0 0 1
    outer loop
      vertex 38 -29 25
      vertex 38.3008 -27.5246 25
      vertex 38 -27.5378 25
    endloop
  endfacet
  facet normal 0 0 1
    outer loop
      vertex 38.3008 -27.5246 25
      vertex 38 -29 25
      vertex 38.7408 -28.9677 25
    endloop
  endfacet
  facet normal -0 0 1
    outer loop
      vertex -38 -27.5378 25
      vertex 38 -29 25
      vertex 38 -27.5378 25
    endloop
  endfacet
  facet normal 0 0 1
    outer loop
      vertex -38 -27.5378 25
      vertex -38 -29 25
      vertex 38 -29 25
    endloop
  endfacet
  facet normal 0 0 1
    outer loop
      vertex -38.3008 -27.5246 25
      vertex -38 -29 25
      vertex -38 -27.5378 25
    endloop
  endfacet
  facet normal 0 0 1
    outer loop
      vertex -38.7408 -28.9677 25
      vertex -38.3008 -27.5246 25
      vertex -38.6134 -27.511 25
    endloop
  endfacet
  facet normal 0 0 1
    outer loop
      vertex -38.3008 -27.5246 25
      vertex -38.7408 -28.9677 25
      vertex -38 -29 25
    endloop
  endfacet
  facet normal 0 0 1
    outer loop
      vertex -38.9118 -27.4717 25
      vertex -38.7408 -28.9677 25
      vertex -38.6134 -27.511 25
    endloop
  endfacet
  facet normal 0 0 1
    outer loop
      vertex -39.476 -28.8709 25
      vertex -38.9118 -27.4717 25
      vertex -39.2221 -27.4309 25
    endloop
  endfacet
  facet normal 0 0 1
    outer loop
      vertex -38.9118 -27.4717 25
      vertex -39.476 -28.8709 25
      vertex -38.7408 -28.9677 25
    endloop
  endfacet
  facet normal 0 0 1
    outer loop
      vertex -39.5276 -27.3631 25
      vertex -39.476 -28.8709 25
      vertex -39.2221 -27.4309 25
    endloop
  endfacet
  facet normal 0 0 1
    outer loop
      vertex -40.2 -28.7104 25
      vertex -39.5276 -27.3631 25
      vertex -39.8215 -27.298 25
    endloop
  endfacet
  facet normal 0 0 1
    outer loop
      vertex -40.2 -28.7104 25
      vertex -39.8215 -27.298 25
      vertex -40.1086 -27.2074 25
    endloop
  endfacet
  facet normal 0 0 1
    outer loop
      vertex -39.5276 -27.3631 25
      vertex -40.2 -28.7104 25
      vertex -39.476 -28.8709 25
    endloop
  endfacet
  facet normal 0 0 1
    outer loop
      vertex -40.9072 -28.4874 25
      vertex -40.1086 -27.2074 25
      vertex -40.4071 -27.1133 25
    endloop
  endfacet
  facet normal 0 0 1
    outer loop
      vertex -40.9072 -28.4874 25
      vertex -40.4071 -27.1133 25
      vertex -40.6852 -26.9981 25
    endloop
  endfacet
  facet normal 0 0 1
    outer loop
      vertex -40.1086 -27.2074 25
      vertex -40.9072 -28.4874 25
      vertex -40.2 -28.7104 25
    endloop
  endfacet
  facet normal 0 0 1
    outer loop
      vertex -41.5923 -28.2036 25
      vertex -40.6852 -26.9981 25
      vertex -40.9743 -26.8784 25
    endloop
  endfacet
  facet normal 0 0 1
    outer loop
      vertex -41.5923 -28.2036 25
      vertex -40.9743 -26.8784 25
      vertex -41.2413 -26.7394 25
    endloop
  endfacet
  facet normal 0 0 1
    outer loop
      vertex -42.25 -27.8612 25
      vertex -41.2413 -26.7394 25
      vertex -41.5189 -26.5949 25
    endloop
  endfacet
  facet normal 0 0 1
    outer loop
      vertex -40.6852 -26.9981 25
      vertex -41.5923 -28.2036 25
      vertex -40.9072 -28.4874 25
    endloop
  endfacet
  facet normal 0 0 1
    outer loop
      vertex -42.25 -27.8612 25
      vertex -41.5189 -26.5949 25
      vertex -41.7828 -26.4268 25
    endloop
  endfacet
  facet normal 0 0 1
    outer loop
      vertex -42.8754 -27.4628 25
      vertex -41.7828 -26.4268 25
      vertex -42.0367 -26.265 25
    endloop
  endfacet
  facet normal 0 0 1
    outer loop
      vertex -41.2413 -26.7394 25
      vertex -42.25 -27.8612 25
      vertex -41.5923 -28.2036 25
    endloop
  endfacet
  facet normal 0 0 1
    outer loop
      vertex -42.8754 -27.4628 25
      vertex -42.0367 -26.265 25
      vertex -42.2755 -26.0818 25
    endloop
  endfacet
  facet normal 0 0 1
    outer loop
      vertex -43.4637 -27.0114 25
      vertex -42.2755 -26.0818 25
      vertex -42.5238 -25.8913 25
    endloop
  endfacet
  facet normal 0 0 1
    outer loop
      vertex -43.4637 -27.0114 25
      vertex -42.5238 -25.8913 25
      vertex -42.7545 -25.6798 25
    endloop
  endfacet
  facet normal 0 0 1
    outer loop
      vertex -41.7828 -26.4268 25
      vertex -42.8754 -27.4628 25
      vertex -42.25 -27.8612 25
    endloop
  endfacet
  facet normal 0 0 1
    outer loop
      vertex -44.0104 -26.5104 25
      vertex -42.7545 -25.6798 25
      vertex -42.9765 -25.4765 25
    endloop
  endfacet
  facet normal 0 0 1
    outer loop
      vertex -44.0104 -26.5104 25
      vertex -42.9765 -25.4765 25
      vertex -43.1798 -25.2545 25
    endloop
  endfacet
  facet normal 0 0 1
    outer loop
      vertex -44.5114 -25.9637 25
      vertex -43.1798 -25.2545 25
      vertex -43.3913 -25.0238 25
    endloop
  endfacet
  facet normal 0 0 1
    outer loop
      vertex -42.2755 -26.0818 25
      vertex -43.4637 -27.0114 25
      vertex -42.8754 -27.4628 25
    endloop
  endfacet
  facet normal 0 0 1
    outer loop
      vertex -44.5114 -25.9637 25
      vertex -43.3913 -25.0238 25
      vertex -43.5818 -24.7755 25
    endloop
  endfacet
  facet normal 0 0 1
    outer loop
      vertex -44.9628 -25.3754 25
      vertex -43.5818 -24.7755 25
      vertex -43.765 -24.5367 25
    endloop
  endfacet
  facet normal 0 0 1
    outer loop
      vertex -44.9628 -25.3754 25
      vertex -43.765 -24.5367 25
      vertex -43.9268 -24.2828 25
    endloop
  endfacet
  facet normal 0 0 1
    outer loop
      vertex -42.7545 -25.6798 25
      vertex -44.0104 -26.5104 25
      vertex -43.4637 -27.0114 25
    endloop
  endfacet
  facet normal 0 0 1
    outer loop
      vertex -45.3612 -24.75 25
      vertex -43.9268 -24.2828 25
      vertex -44.0949 -24.0189 25
    endloop
  endfacet
  facet normal 0 0 1
    outer loop
      vertex -45.3612 -24.75 25
      vertex -44.0949 -24.0189 25
      vertex -44.2394 -23.7413 25
    endloop
  endfacet
  facet normal 0 0 1
    outer loop
      vertex -45.7036 -24.0923 25
      vertex -44.2394 -23.7413 25
      vertex -44.3784 -23.4743 25
    endloop
  endfacet
  facet normal 0 0 1
    outer loop
      vertex -45.7036 -24.0923 25
      vertex -44.3784 -23.4743 25
      vertex -44.4981 -23.1852 25
    endloop
  endfacet
  facet normal 0 0 1
    outer loop
      vertex -43.1798 -25.2545 25
      vertex -44.5114 -25.9637 25
      vertex -44.0104 -26.5104 25
    endloop
  endfacet
  facet normal 0 0 1
    outer loop
      vertex -45.9874 -23.4072 25
      vertex -44.4981 -23.1852 25
      vertex -44.6133 -22.9071 25
    endloop
  endfacet
  facet normal 0 0 1
    outer loop
      vertex -45.9874 -23.4072 25
      vertex -44.6133 -22.9071 25
      vertex -44.7074 -22.6086 25
    endloop
  endfacet
  facet normal 0 0 1
    outer loop
      vertex -46.2104 -22.7 25
      vertex -44.7074 -22.6086 25
      vertex -44.798 -22.3215 25
    endloop
  endfacet
  facet normal 0 0 1
    outer loop
      vertex -46.2104 -22.7 25
      vertex -44.798 -22.3215 25
      vertex -44.8631 -22.0276 25
    endloop
  endfacet
  facet normal -0 0 1
    outer loop
      vertex -46.3709 -21.976 25
      vertex -44.8631 -22.0276 25
      vertex -44.9309 -21.7221 25
    endloop
  endfacet
  facet normal 0 0 1
    outer loop
      vertex -43.5818 -24.7755 25
      vertex -44.9628 -25.3754 25
      vertex -44.5114 -25.9637 25
    endloop
  endfacet
  facet normal 0 0 1
    outer loop
      vertex -46.3709 -21.976 25
      vertex -44.9309 -21.7221 25
      vertex -44.9717 -21.4118 25
    endloop
  endfacet
  facet normal -0 0 1
    outer loop
      vertex -46.4677 -21.2408 25
      vertex -44.9717 -21.4118 25
      vertex -45.011 -21.1134 25
    endloop
  endfacet
  facet normal 0 0 1
    outer loop
      vertex -46.4677 -21.2408 25
      vertex -45.011 -21.1134 25
      vertex -45.0246 -20.8008 25
    endloop
  endfacet
  facet normal -0 0 1
    outer loop
      vertex -46.5 -20.5 25
      vertex -45.0246 -20.8008 25
      vertex -45.0378 -20.5 25
    endloop
  endfacet
  facet normal 0 0 1
    outer loop
      vertex -43.9268 -24.2828 25
      vertex -45.3612 -24.75 25
      vertex -44.9628 -25.3754 25
    endloop
  endfacet
  facet normal 0 0 1
    outer loop
      vertex -45.0378 20.5 25
      vertex -46.5 20.5 25
      vertex -45.0378 -20.5 25
    endloop
  endfacet
  facet normal 0 0 1
    outer loop
      vertex -46.5 20.5 25
      vertex -45.3612 24.75 25
      vertex -45.7036 24.0923 25
    endloop
  endfacet
  facet normal 0 0 1
    outer loop
      vertex -46.5 -20.5 25
      vertex -45.0378 -20.5 25
      vertex -46.5 20.5 25
    endloop
  endfacet
  facet normal 0 0 1
    outer loop
      vertex -46.5 20.5 25
      vertex -45.7036 24.0923 25
      vertex -45.9874 23.4072 25
    endloop
  endfacet
  facet normal 0 0 1
    outer loop
      vertex -45.0246 -20.8008 25
      vertex -46.5 -20.5 25
      vertex -46.4677 -21.2408 25
    endloop
  endfacet
  facet normal 0 0 1
    outer loop
      vertex -46.5 20.5 25
      vertex -45.9874 23.4072 25
      vertex -46.2104 22.7 25
    endloop
  endfacet
  facet normal 0 0 1
    outer loop
      vertex -44.2394 -23.7413 25
      vertex -45.7036 -24.0923 25
      vertex -45.3612 -24.75 25
    endloop
  endfacet
  facet normal 0 0 1
    outer loop
      vertex -46.5 20.5 25
      vertex -46.2104 22.7 25
      vertex -46.3709 21.976 25
    endloop
  endfacet
  facet normal 0 0 1
    outer loop
      vertex -44.4981 -23.1852 25
      vertex -45.9874 -23.4072 25
      vertex -45.7036 -24.0923 25
    endloop
  endfacet
  facet normal 0 0 1
    outer loop
      vertex -46.5 20.5 25
      vertex -46.3709 21.976 25
      vertex -46.4677 21.2408 25
    endloop
  endfacet
  facet normal 0 0 1
    outer loop
      vertex -44.7074 -22.6086 25
      vertex -46.2104 -22.7 25
      vertex -45.9874 -23.4072 25
    endloop
  endfacet
  facet normal 0 0 1
    outer loop
      vertex -44.8631 -22.0276 25
      vertex -46.3709 -21.976 25
      vertex -46.2104 -22.7 25
    endloop
  endfacet
  facet normal 0 0 1
    outer loop
      vertex -44.9717 -21.4118 25
      vertex -46.4677 -21.2408 25
      vertex -46.3709 -21.976 25
    endloop
  endfacet
  facet normal 0 0 1
    outer loop
      vertex -38 27.5378 25
      vertex -7.8 28.4524 25
      vertex -38 29 25
    endloop
  endfacet
  facet normal 0 0 1
    outer loop
      vertex -7.8 28.4524 25
      vertex -38 27.5378 25
      vertex -7.79792 28.4047 25
    endloop
  endfacet
  facet normal 0 0 1
    outer loop
      vertex -7.79792 28.4047 25
      vertex -38 27.5378 25
      vertex -7.79447 28.3258 25
    endloop
  endfacet
  facet normal 0 0 1
    outer loop
      vertex -7.79447 28.3258 25
      vertex -38 27.5378 25
      vertex -7.78417 28.2475 25
    endloop
  endfacet
  facet normal 0 0 1
    outer loop
      vertex -7.78417 28.2475 25
      vertex -38 27.5378 25
      vertex -7.77793 28.2002 25
    endloop
  endfacet
  facet normal 0 0 1
    outer loop
      vertex -7.77793 28.2002 25
      vertex -38 27.5378 25
      vertex -7.7676 28.1535 25
    endloop
  endfacet
  facet normal 0 0 1
    outer loop
      vertex -7.7676 28.1535 25
      vertex -38 27.5378 25
      vertex -7.75051 28.0765 25
    endloop
  endfacet
  facet normal 0 0 1
    outer loop
      vertex -7.75051 28.0765 25
      vertex -38 27.5378 25
      vertex -7.73615 28.0309 25
    endloop
  endfacet
  facet normal 0 0 1
    outer loop
      vertex -7.73615 28.0309 25
      vertex -38 27.5378 25
      vertex -7.71241 27.9556 25
    endloop
  endfacet
  facet normal 0 0 1
    outer loop
      vertex -7.71241 27.9556 25
      vertex -38 27.5378 25
      vertex -7.68221 27.8827 25
    endloop
  endfacet
  facet normal 0 0 1
    outer loop
      vertex -7.68221 27.8827 25
      vertex -38 27.5378 25
      vertex -7.66393 27.8386 25
    endloop
  endfacet
  facet normal 0 0 1
    outer loop
      vertex -7.66393 27.8386 25
      vertex -38 27.5378 25
      vertex -7.62748 27.7686 25
    endloop
  endfacet
  facet normal 0 0 1
    outer loop
      vertex -7.62748 27.7686 25
      vertex -38 27.5378 25
      vertex -7.60542 27.7262 25
    endloop
  endfacet
  facet normal 0 0 1
    outer loop
      vertex -7.60542 27.7262 25
      vertex -38 27.5378 25
      vertex -7.53734 27.6193 25
    endloop
  endfacet
  facet normal 0 0 1
    outer loop
      vertex -7.53734 27.6193 25
      vertex -38 27.5378 25
      vertex -7.48929 27.5567 25
    endloop
  endfacet
  facet normal 0 0 1
    outer loop
      vertex -7.48929 27.5567 25
      vertex -38 27.5378 25
      vertex -7.47476 27.5378 25
    endloop
  endfacet
  facet normal 0 0 1
    outer loop
      vertex -38 29 25
      vertex -38.3008 27.5246 25
      vertex -38 27.5378 25
    endloop
  endfacet
  facet normal -0 0 1
    outer loop
      vertex -38.7408 28.9677 25
      vertex -38.3008 27.5246 25
      vertex -38 29 25
    endloop
  endfacet
  facet normal 0 0 1
    outer loop
      vertex -38.3008 27.5246 25
      vertex -38.7408 28.9677 25
      vertex -38.6134 27.511 25
    endloop
  endfacet
  facet normal 0 0 1
    outer loop
      vertex -38.7408 28.9677 25
      vertex -38.9118 27.4717 25
      vertex -38.6134 27.511 25
    endloop
  endfacet
  facet normal -0 0 1
    outer loop
      vertex -39.476 28.8709 25
      vertex -38.9118 27.4717 25
      vertex -38.7408 28.9677 25
    endloop
  endfacet
  facet normal 0 0 1
    outer loop
      vertex -38.9118 27.4717 25
      vertex -39.476 28.8709 25
      vertex -39.2221 27.4309 25
    endloop
  endfacet
  facet normal 0 0 1
    outer loop
      vertex -39.476 28.8709 25
      vertex -39.5276 27.3631 25
      vertex -39.2221 27.4309 25
    endloop
  endfacet
  facet normal -0 0 1
    outer loop
      vertex -40.2 28.7104 25
      vertex -39.5276 27.3631 25
      vertex -39.476 28.8709 25
    endloop
  endfacet
  facet normal 0 0 1
    outer loop
      vertex -39.5276 27.3631 25
      vertex -40.2 28.7104 25
      vertex -39.8215 27.298 25
    endloop
  endfacet
  facet normal 0 0 1
    outer loop
      vertex -39.8215 27.298 25
      vertex -40.2 28.7104 25
      vertex -40.1086 27.2074 25
    endloop
  endfacet
  facet normal -0 0 1
    outer loop
      vertex -40.9072 28.4874 25
      vertex -40.1086 27.2074 25
      vertex -40.2 28.7104 25
    endloop
  endfacet
  facet normal 0 0 1
    outer loop
      vertex -40.1086 27.2074 25
      vertex -40.9072 28.4874 25
      vertex -40.4071 27.1133 25
    endloop
  endfacet
  facet normal 0 0 1
    outer loop
      vertex -40.4071 27.1133 25
      vertex -40.9072 28.4874 25
      vertex -40.6852 26.9981 25
    endloop
  endfacet
  facet normal -0 0 1
    outer loop
      vertex -41.5923 28.2036 25
      vertex -40.6852 26.9981 25
      vertex -40.9072 28.4874 25
    endloop
  endfacet
  facet normal 0 0 1
    outer loop
      vertex -40.6852 26.9981 25
      vertex -41.5923 28.2036 25
      vertex -40.9743 26.8784 25
    endloop
  endfacet
  facet normal 0 0 1
    outer loop
      vertex -40.9743 26.8784 25
      vertex -41.5923 28.2036 25
      vertex -41.2413 26.7394 25
    endloop
  endfacet
  facet normal -0 0 1
    outer loop
      vertex -42.25 27.8612 25
      vertex -41.2413 26.7394 25
      vertex -41.5923 28.2036 25
    endloop
  endfacet
  facet normal 0 0 1
    outer loop
      vertex -41.2413 26.7394 25
      vertex -42.25 27.8612 25
      vertex -41.5189 26.5949 25
    endloop
  endfacet
  facet normal 0 0 1
    outer loop
      vertex -41.5189 26.5949 25
      vertex -42.25 27.8612 25
      vertex -41.7828 26.4268 25
    endloop
  endfacet
  facet normal -0 0 1
    outer loop
      vertex -42.8754 27.4628 25
      vertex -41.7828 26.4268 25
      vertex -42.25 27.8612 25
    endloop
  endfacet
  facet normal 0 0 1
    outer loop
      vertex -41.7828 26.4268 25
      vertex -42.8754 27.4628 25
      vertex -42.0367 26.265 25
    endloop
  endfacet
  facet normal 0 0 1
    outer loop
      vertex -42.0367 26.265 25
      vertex -42.8754 27.4628 25
      vertex -42.2755 26.0818 25
    endloop
  endfacet
  facet normal -0 0 1
    outer loop
      vertex -43.4637 27.0114 25
      vertex -42.2755 26.0818 25
      vertex -42.8754 27.4628 25
    endloop
  endfacet
  facet normal 0 0 1
    outer loop
      vertex -42.2755 26.0818 25
      vertex -43.4637 27.0114 25
      vertex -42.5238 25.8913 25
    endloop
  endfacet
  facet normal 0 0 1
    outer loop
      vertex -42.5238 25.8913 25
      vertex -43.4637 27.0114 25
      vertex -42.7545 25.6798 25
    endloop
  endfacet
  facet normal -0 0 1
    outer loop
      vertex -44.0104 26.5104 25
      vertex -42.7545 25.6798 25
      vertex -43.4637 27.0114 25
    endloop
  endfacet
  facet normal 0 0 1
    outer loop
      vertex -42.7545 25.6798 25
      vertex -44.0104 26.5104 25
      vertex -42.9765 25.4765 25
    endloop
  endfacet
  facet normal 0 0 1
    outer loop
      vertex -42.9765 25.4765 25
      vertex -44.0104 26.5104 25
      vertex -43.1798 25.2545 25
    endloop
  endfacet
  facet normal -0 0 1
    outer loop
      vertex -44.5114 25.9637 25
      vertex -43.1798 25.2545 25
      vertex -44.0104 26.5104 25
    endloop
  endfacet
  facet normal 0 0 1
    outer loop
      vertex -43.1798 25.2545 25
      vertex -44.5114 25.9637 25
      vertex -43.3913 25.0238 25
    endloop
  endfacet
  facet normal 0 0 1
    outer loop
      vertex -43.3913 25.0238 25
      vertex -44.5114 25.9637 25
      vertex -43.5818 24.7755 25
    endloop
  endfacet
  facet normal -0 0 1
    outer loop
      vertex -44.9628 25.3754 25
      vertex -43.5818 24.7755 25
      vertex -44.5114 25.9637 25
    endloop
  endfacet
  facet normal 0 0 1
    outer loop
      vertex -43.5818 24.7755 25
      vertex -44.9628 25.3754 25
      vertex -43.765 24.5367 25
    endloop
  endfacet
  facet normal 0 0 1
    outer loop
      vertex -43.765 24.5367 25
      vertex -44.9628 25.3754 25
      vertex -43.9268 24.2828 25
    endloop
  endfacet
  facet normal -0 0 1
    outer loop
      vertex -45.3612 24.75 25
      vertex -43.9268 24.2828 25
      vertex -44.9628 25.3754 25
    endloop
  endfacet
  facet normal 0 0 1
    outer loop
      vertex -43.9268 24.2828 25
      vertex -45.3612 24.75 25
      vertex -44.0949 24.0189 25
    endloop
  endfacet
  facet normal 0 0 1
    outer loop
      vertex -44.0949 24.0189 25
      vertex -45.3612 24.75 25
      vertex -44.2394 23.7413 25
    endloop
  endfacet
  facet normal 0 0 1
    outer loop
      vertex -44.2394 23.7413 25
      vertex -45.3612 24.75 25
      vertex -44.3784 23.4743 25
    endloop
  endfacet
  facet normal 0 0 1
    outer loop
      vertex -44.3784 23.4743 25
      vertex -45.3612 24.75 25
      vertex -44.4981 23.1852 25
    endloop
  endfacet
  facet normal 0 0 1
    outer loop
      vertex -44.4981 23.1852 25
      vertex -45.3612 24.75 25
      vertex -44.6133 22.9071 25
    endloop
  endfacet
  facet normal 0 0 1
    outer loop
      vertex -44.6133 22.9071 25
      vertex -45.3612 24.75 25
      vertex -44.7074 22.6086 25
    endloop
  endfacet
  facet normal 0 0 1
    outer loop
      vertex -44.7074 22.6086 25
      vertex -45.3612 24.75 25
      vertex -44.798 22.3215 25
    endloop
  endfacet
  facet normal 0 0 1
    outer loop
      vertex -46.5 20.5 25
      vertex -44.798 22.3215 25
      vertex -45.3612 24.75 25
    endloop
  endfacet
  facet normal 0 0 1
    outer loop
      vertex -44.798 22.3215 25
      vertex -46.5 20.5 25
      vertex -44.8631 22.0276 25
    endloop
  endfacet
  facet normal 0 0 1
    outer loop
      vertex -44.8631 22.0276 25
      vertex -46.5 20.5 25
      vertex -44.9309 21.7221 25
    endloop
  endfacet
  facet normal 0 0 1
    outer loop
      vertex -44.9309 21.7221 25
      vertex -46.5 20.5 25
      vertex -44.9717 21.4118 25
    endloop
  endfacet
  facet normal 0 0 1
    outer loop
      vertex -44.9717 21.4118 25
      vertex -46.5 20.5 25
      vertex -45.011 21.1134 25
    endloop
  endfacet
  facet normal 0 0 1
    outer loop
      vertex -45.0246 20.8008 25
      vertex -46.5 20.5 25
      vertex -45.0378 20.5 25
    endloop
  endfacet
  facet normal 0 0 1
    outer loop
      vertex -45.011 21.1134 25
      vertex -46.5 20.5 25
      vertex -45.0246 20.8008 25
    endloop
  endfacet
  facet normal -0.674719 -0.212729 0.706753
    outer loop
      vertex -46.2104 -22.7 25
      vertex -47.949 -23.1658 23.2
      vertex -47.6788 -24.0228 23.2
    endloop
  endfacet
  facet normal -0.690684 -0.153144 0.706755
    outer loop
      vertex -46.2104 -22.7 25
      vertex -48.1435 -22.2886 23.2
      vertex -47.949 -23.1658 23.2
    endloop
  endfacet
  facet normal -0.653624 -0.270677 -0.70676
    outer loop
      vertex -47.335 -24.853 1.2
      vertex -47.6788 -24.0228 1.2
      vertex -46.5512 -23.6124 0
    endloop
  endfacet
  facet normal -0.887007 0.461756 0
    outer loop
      vertex -47.335 24.853 1.2
      vertex -46.9201 25.65 23.2
      vertex -46.9201 25.65 1.2
    endloop
  endfacet
  facet normal -0.887007 0.461756 0
    outer loop
      vertex -46.9201 25.65 23.2
      vertex -47.335 24.853 1.2
      vertex -47.335 24.853 23.2
    endloop
  endfacet
  facet normal -0.976289 0.216471 0
    outer loop
      vertex -48.1435 22.2886 1.2
      vertex -47.949 23.1658 23.2
      vertex -47.949 23.1658 1.2
    endloop
  endfacet
  facet normal -0.976289 0.216471 0
    outer loop
      vertex -47.949 23.1658 23.2
      vertex -48.1435 22.2886 1.2
      vertex -48.1435 22.2886 23.2
    endloop
  endfacet
  facet normal -0.212753 0.674705 0.70676
    outer loop
      vertex -40.2 28.7104 25
      vertex -41.5228 30.1788 23.2
      vertex -40.9072 28.4874 25
    endloop
  endfacet
  facet normal -0.95372 -0.300695 0
    outer loop
      vertex -47.6788 -24.0228 1.2
      vertex -47.949 -23.1658 23.2
      vertex -47.949 -23.1658 1.2
    endloop
  endfacet
  facet normal -0.95372 -0.300695 0
    outer loop
      vertex -47.949 -23.1658 23.2
      vertex -47.6788 -24.0228 1.2
      vertex -47.6788 -24.0228 23.2
    endloop
  endfacet
  facet normal -0.153114 0.690684 0.706761
    outer loop
      vertex -39.7886 30.6435 23.2
      vertex -40.2 28.7104 25
      vertex -39.476 28.8709 25
    endloop
  endfacet
  facet normal -0.270671 0.653609 0.706776
    outer loop
      vertex -41.5228 30.1788 23.2
      vertex -42.353 29.835 23.2
      vertex -41.5923 28.2036 25
    endloop
  endfacet
  facet normal -0.326675 0.627495 0.706776
    outer loop
      vertex -41.5923 28.2036 25
      vertex -42.353 29.835 23.2
      vertex -42.25 27.8612 25
    endloop
  endfacet
  facet normal -0.270749 0.653596 0.706758
    outer loop
      vertex -41.5228 30.1788 23.2
      vertex -41.5923 28.2036 25
      vertex -40.9072 28.4874 25
    endloop
  endfacet
  facet normal -0.461686 0.887043 0
    outer loop
      vertex -40.747 26.391 4
      vertex -41.25 26.1292 5
      vertex -40.747 26.391 5
    endloop
  endfacet
  facet normal -0.461686 0.887043 0
    outer loop
      vertex -41.25 26.1292 5
      vertex -40.747 26.391 4
      vertex -41.25 26.1292 4
    endloop
  endfacet
  facet normal 0.461686 -0.887043 0
    outer loop
      vertex -41.25 26.1292 22.3
      vertex -40.747 26.391 23.79
      vertex -41.25 26.1292 23.79
    endloop
  endfacet
  facet normal 0.461686 -0.887043 0
    outer loop
      vertex -40.747 26.391 23.79
      vertex -41.25 26.1292 22.3
      vertex -40.747 26.391 22.3
    endloop
  endfacet
  facet normal 0.0435597 0.999051 -0
    outer loop
      vertex 38.5665 26.9753 4
      vertex 38 27 5
      vertex 38.5665 26.9753 5
    endloop
  endfacet
  facet normal 0.0435597 0.999051 0
    outer loop
      vertex 38 27 5
      vertex 38.5665 26.9753 4
      vertex 38 27 4
    endloop
  endfacet
  facet normal -0.0435597 -0.999051 0
    outer loop
      vertex 38 27 22.3
      vertex 38.5665 26.9753 23.79
      vertex 38 27 23.79
    endloop
  endfacet
  facet normal -0.0435597 -0.999051 -0
    outer loop
      vertex 38.5665 26.9753 23.79
      vertex 38 27 22.3
      vertex 38.5665 26.9753 22.3
    endloop
  endfacet
  facet normal -0.130673 0.991425 0
    outer loop
      vertex 39.1287 -26.9012 22.3
      vertex 38.5665 -26.9753 23.79
      vertex 39.1287 -26.9012 23.79
    endloop
  endfacet
  facet normal -0.130673 0.991425 0
    outer loop
      vertex 38.5665 -26.9753 23.79
      vertex 39.1287 -26.9012 22.3
      vertex 38.5665 -26.9753 22.3
    endloop
  endfacet
  facet normal 0.130673 -0.991425 0
    outer loop
      vertex 38.5665 -26.9753 4
      vertex 39.1287 -26.9012 5
      vertex 38.5665 -26.9753 5
    endloop
  endfacet
  facet normal 0.130673 -0.991425 0
    outer loop
      vertex 39.1287 -26.9012 5
      vertex 38.5665 -26.9753 4
      vertex 39.1287 -26.9012 4
    endloop
  endfacet
  facet normal 0.887043 0.461686 0
    outer loop
      vertex -43.6292 -23.75 23.79
      vertex -43.891 -23.247 22.3
      vertex -43.891 -23.247 23.79
    endloop
  endfacet
  facet normal 0.887043 0.461686 0
    outer loop
      vertex -43.891 -23.247 22.3
      vertex -43.6292 -23.75 23.79
      vertex -43.6292 -23.75 22.3
    endloop
  endfacet
  facet normal -0.887043 -0.461686 0
    outer loop
      vertex -43.6292 -23.75 4
      vertex -43.891 -23.247 5
      vertex -43.891 -23.247 4
    endloop
  endfacet
  facet normal -0.887043 -0.461686 0
    outer loop
      vertex -43.891 -23.247 5
      vertex -43.6292 -23.75 4
      vertex -43.6292 -23.75 5
    endloop
  endfacet
  facet normal -0.216389 0.976307 0
    outer loop
      vertex -39.1287 26.9012 4
      vertex -39.6823 26.7785 5
      vertex -39.1287 26.9012 5
    endloop
  endfacet
  facet normal -0.216389 0.976307 0
    outer loop
      vertex -39.6823 26.7785 5
      vertex -39.1287 26.9012 4
      vertex -39.6823 26.7785 4
    endloop
  endfacet
  facet normal 0.216389 -0.976307 0
    outer loop
      vertex -39.6823 26.7785 22.3
      vertex -39.1287 26.9012 23.79
      vertex -39.6823 26.7785 23.79
    endloop
  endfacet
  facet normal 0.216389 -0.976307 0
    outer loop
      vertex -39.1287 26.9012 23.79
      vertex -39.6823 26.7785 22.3
      vertex -39.1287 26.9012 22.3
    endloop
  endfacet
  facet normal 0.0435597 0.999051 -0
    outer loop
      vertex -38 -27 22.3
      vertex -38.5665 -26.9753 23.79
      vertex -38 -27 23.79
    endloop
  endfacet
  facet normal 0.0435597 0.999051 0
    outer loop
      vertex -38.5665 -26.9753 23.79
      vertex -38 -27 22.3
      vertex -38.5665 -26.9753 22.3
    endloop
  endfacet
  facet normal -0.0435597 -0.999051 0
    outer loop
      vertex -38.5665 -26.9753 4
      vertex -38 -27 5
      vertex -38.5665 -26.9753 5
    endloop
  endfacet
  facet normal -0.0435597 -0.999051 -0
    outer loop
      vertex -38 -27 5
      vertex -38.5665 -26.9753 4
      vertex -38 -27 4
    endloop
  endfacet
  facet normal -0.887043 0.461686 0
    outer loop
      vertex -43.891 23.247 4
      vertex -43.6292 23.75 5
      vertex -43.6292 23.75 4
    endloop
  endfacet
  facet normal -0.887043 0.461686 0
    outer loop
      vertex -43.6292 23.75 5
      vertex -43.891 23.247 4
      vertex -43.891 23.247 5
    endloop
  endfacet
  facet normal 0.887043 -0.461686 0
    outer loop
      vertex -43.891 23.247 23.79
      vertex -43.6292 23.75 22.3
      vertex -43.6292 23.75 23.79
    endloop
  endfacet
  facet normal 0.887043 -0.461686 0
    outer loop
      vertex -43.6292 23.75 22.3
      vertex -43.891 23.247 23.79
      vertex -43.891 23.247 22.3
    endloop
  endfacet
  facet normal 0 -1 0
    outer loop
      vertex 35.5 -27 4
      vertex 38 -27 5
      vertex 35.5 -27 5
    endloop
  endfacet
  facet normal 0 -1 -0
    outer loop
      vertex 38 -27 5
      vertex 35.5 -27 4
      vertex 38 -27 4
    endloop
  endfacet
  facet normal 0 -1 0
    outer loop
      vertex -38 -27 4
      vertex -35.5 -27 5
      vertex -38 -27 5
    endloop
  endfacet
  facet normal 0 -1 -0
    outer loop
      vertex -35.5 -27 5
      vertex -38 -27 4
      vertex -35.5 -27 4
    endloop
  endfacet
  facet normal 0 1 -0
    outer loop
      vertex -29.5 -27 5
      vertex -35.5 -27 22.3
      vertex -29.5 -27 22.3
    endloop
  endfacet
  facet normal 0 1 0
    outer loop
      vertex -35.5 -27 22.3
      vertex -29.5 -27 5
      vertex -35.5 -27 5
    endloop
  endfacet
  facet normal 0 1 -0
    outer loop
      vertex 35.5 -27 5
      vertex 29.5 -27 22.3
      vertex 35.5 -27 22.3
    endloop
  endfacet
  facet normal 0 1 0
    outer loop
      vertex 29.5 -27 22.3
      vertex 35.5 -27 5
      vertex 29.5 -27 5
    endloop
  endfacet
  facet normal 0 1 0
    outer loop
      vertex 35.5 -27 22.3
      vertex 38 -27 23.79
      vertex 38 -27 22.3
    endloop
  endfacet
  facet normal 0 1 0
    outer loop
      vertex 29.5 -27 22.3
      vertex 38 -27 23.79
      vertex 35.5 -27 22.3
    endloop
  endfacet
  facet normal 0 1 0
    outer loop
      vertex 38 -27 23.79
      vertex 29.5 -27 22.3
      vertex -38 -27 23.79
    endloop
  endfacet
  facet normal 0 1 -0
    outer loop
      vertex -29.5 -27 22.3
      vertex -38 -27 23.79
      vertex 29.5 -27 22.3
    endloop
  endfacet
  facet normal 0 1 -0
    outer loop
      vertex -35.5 -27 22.3
      vertex -38 -27 23.79
      vertex -29.5 -27 22.3
    endloop
  endfacet
  facet normal 0 1 0
    outer loop
      vertex -38 -27 23.79
      vertex -35.5 -27 22.3
      vertex -38 -27 22.3
    endloop
  endfacet
  facet normal 0 -1 0
    outer loop
      vertex -29.5 -27 4
      vertex 29.5 -27 5
      vertex -29.5 -27 5
    endloop
  endfacet
  facet normal 0 -1 -0
    outer loop
      vertex 29.5 -27 5
      vertex -29.5 -27 4
      vertex 29.5 -27 4
    endloop
  endfacet
  facet normal -0.300684 0.953724 0
    outer loop
      vertex 40.2231 -26.608 22.3
      vertex 39.6823 -26.7785 23.79
      vertex 40.2231 -26.608 23.79
    endloop
  endfacet
  facet normal -0.300684 0.953724 0
    outer loop
      vertex 39.6823 -26.7785 23.79
      vertex 40.2231 -26.608 22.3
      vertex 39.6823 -26.7785 22.3
    endloop
  endfacet
  facet normal 0.300684 -0.953724 0
    outer loop
      vertex 39.6823 -26.7785 4
      vertex 40.2231 -26.608 5
      vertex 39.6823 -26.7785 5
    endloop
  endfacet
  facet normal 0.300684 -0.953724 0
    outer loop
      vertex 40.2231 -26.608 5
      vertex 39.6823 -26.7785 4
      vertex 40.2231 -26.608 4
    endloop
  endfacet
  facet normal -0.999051 0.0435597 0
    outer loop
      vertex -44.5 20.5 4
      vertex -44.4753 21.0665 5
      vertex -44.4753 21.0665 4
    endloop
  endfacet
  facet normal -0.999051 0.0435597 0
    outer loop
      vertex -44.4753 21.0665 5
      vertex -44.5 20.5 4
      vertex -44.5 20.5 5
    endloop
  endfacet
  facet normal 0.999051 -0.0435597 0
    outer loop
      vertex -44.5 20.5 23.79
      vertex -44.4753 21.0665 22.3
      vertex -44.4753 21.0665 23.79
    endloop
  endfacet
  facet normal 0.999051 -0.0435597 0
    outer loop
      vertex -44.4753 21.0665 22.3
      vertex -44.5 20.5 23.79
      vertex -44.5 20.5 22.3
    endloop
  endfacet
  facet normal -0.130673 0.991425 0
    outer loop
      vertex -38.5665 26.9753 4
      vertex -39.1287 26.9012 5
      vertex -38.5665 26.9753 5
    endloop
  endfacet
  facet normal -0.130673 0.991425 0
    outer loop
      vertex -39.1287 26.9012 5
      vertex -38.5665 26.9753 4
      vertex -39.1287 26.9012 4
    endloop
  endfacet
  facet normal 0.130673 -0.991425 0
    outer loop
      vertex -39.1287 26.9012 22.3
      vertex -38.5665 26.9753 23.79
      vertex -39.1287 26.9012 23.79
    endloop
  endfacet
  facet normal 0.130673 -0.991425 0
    outer loop
      vertex -38.5665 26.9753 23.79
      vertex -39.1287 26.9012 22.3
      vertex -38.5665 26.9753 22.3
    endloop
  endfacet
  facet normal 0 1 -0
    outer loop
      vertex 38 27 4
      vertex 35.5 27 5
      vertex 38 27 5
    endloop
  endfacet
  facet normal 0 1 0
    outer loop
      vertex 35.5 27 5
      vertex 38 27 4
      vertex 35.5 27 4
    endloop
  endfacet
  facet normal 0 1 -0
    outer loop
      vertex -35.5 27 4
      vertex -38 27 5
      vertex -35.5 27 5
    endloop
  endfacet
  facet normal 0 1 0
    outer loop
      vertex -38 27 5
      vertex -35.5 27 4
      vertex -38 27 4
    endloop
  endfacet
  facet normal 0 -1 0
    outer loop
      vertex 29.5 27 5
      vertex 35.5 27 22.3
      vertex 29.5 27 22.3
    endloop
  endfacet
  facet normal 0 -1 -0
    outer loop
      vertex 35.5 27 22.3
      vertex 29.5 27 5
      vertex 35.5 27 5
    endloop
  endfacet
  facet normal 0 -1 0
    outer loop
      vertex -35.5 27 5
      vertex -29.5 27 22.3
      vertex -35.5 27 22.3
    endloop
  endfacet
  facet normal 0 -1 -0
    outer loop
      vertex -29.5 27 22.3
      vertex -35.5 27 5
      vertex -29.5 27 5
    endloop
  endfacet
  facet normal 0 -1 0
    outer loop
      vertex -35.5 27 22.3
      vertex -38 27 23.79
      vertex -38 27 22.3
    endloop
  endfacet
  facet normal 0 -1 0
    outer loop
      vertex -29.5 27 22.3
      vertex -38 27 23.79
      vertex -35.5 27 22.3
    endloop
  endfacet
  facet normal 0 -1 0
    outer loop
      vertex -38 27 23.79
      vertex -29.5 27 22.3
      vertex 38 27 23.79
    endloop
  endfacet
  facet normal 0 -1 0
    outer loop
      vertex 29.5 27 22.3
      vertex 38 27 23.79
      vertex -29.5 27 22.3
    endloop
  endfacet
  facet normal 0 -1 0
    outer loop
      vertex 35.5 27 22.3
      vertex 38 27 23.79
      vertex 29.5 27 22.3
    endloop
  endfacet
  facet normal 0 -1 -0
    outer loop
      vertex 38 27 23.79
      vertex 35.5 27 22.3
      vertex 38 27 22.3
    endloop
  endfacet
  facet normal 0 1 -0
    outer loop
      vertex 29.5 27 4
      vertex -29.5 27 5
      vertex 29.5 27 5
    endloop
  endfacet
  facet normal 0 1 0
    outer loop
      vertex -29.5 27 5
      vertex 29.5 27 4
      vertex -29.5 27 4
    endloop
  endfacet
  facet normal 0.843349 0.537366 0
    outer loop
      vertex -43.3245 -24.2282 23.79
      vertex -43.6292 -23.75 22.3
      vertex -43.6292 -23.75 23.79
    endloop
  endfacet
  facet normal 0.843349 0.537366 0
    outer loop
      vertex -43.6292 -23.75 22.3
      vertex -43.3245 -24.2282 23.79
      vertex -43.3245 -24.2282 22.3
    endloop
  endfacet
  facet normal -0.843349 -0.537366 0
    outer loop
      vertex -43.3245 -24.2282 4
      vertex -43.6292 -23.75 5
      vertex -43.6292 -23.75 4
    endloop
  endfacet
  facet normal -0.843349 -0.537366 0
    outer loop
      vertex -43.6292 -23.75 5
      vertex -43.3245 -24.2282 4
      vertex -43.3245 -24.2282 5
    endloop
  endfacet
  facet normal -0.0435597 0.999051 0
    outer loop
      vertex -38 27 4
      vertex -38.5665 26.9753 5
      vertex -38 27 5
    endloop
  endfacet
  facet normal -0.0435597 0.999051 0
    outer loop
      vertex -38.5665 26.9753 5
      vertex -38 27 4
      vertex -38.5665 26.9753 4
    endloop
  endfacet
  facet normal 0.0435597 -0.999051 0
    outer loop
      vertex -38.5665 26.9753 22.3
      vertex -38 27 23.79
      vertex -38.5665 26.9753 23.79
    endloop
  endfacet
  facet normal 0.0435597 -0.999051 0
    outer loop
      vertex -38 27 23.79
      vertex -38.5665 26.9753 22.3
      vertex -38 27 22.3
    endloop
  endfacet
  facet normal 0.953724 0.300684 0
    outer loop
      vertex -44.108 -22.7231 23.79
      vertex -44.2785 -22.1823 22.3
      vertex -44.2785 -22.1823 23.79
    endloop
  endfacet
  facet normal 0.953724 0.300684 0
    outer loop
      vertex -44.2785 -22.1823 22.3
      vertex -44.108 -22.7231 23.79
      vertex -44.108 -22.7231 22.3
    endloop
  endfacet
  facet normal -0.953724 -0.300684 0
    outer loop
      vertex -44.108 -22.7231 4
      vertex -44.2785 -22.1823 5
      vertex -44.2785 -22.1823 4
    endloop
  endfacet
  facet normal -0.953724 -0.300684 0
    outer loop
      vertex -44.2785 -22.1823 5
      vertex -44.108 -22.7231 4
      vertex -44.108 -22.7231 5
    endloop
  endfacet
  facet normal 0.461686 0.887043 -0
    outer loop
      vertex 41.25 26.1292 4
      vertex 40.747 26.391 5
      vertex 41.25 26.1292 5
    endloop
  endfacet
  facet normal 0.461686 0.887043 0
    outer loop
      vertex 40.747 26.391 5
      vertex 41.25 26.1292 4
      vertex 40.747 26.391 4
    endloop
  endfacet
  facet normal -0.461686 -0.887043 0
    outer loop
      vertex 40.747 26.391 22.3
      vertex 41.25 26.1292 23.79
      vertex 40.747 26.391 23.79
    endloop
  endfacet
  facet normal -0.461686 -0.887043 -0
    outer loop
      vertex 41.25 26.1292 23.79
      vertex 40.747 26.391 22.3
      vertex 41.25 26.1292 22.3
    endloop
  endfacet
  facet normal 0.216389 0.976307 -0
    outer loop
      vertex 39.6823 26.7785 4
      vertex 39.1287 26.9012 5
      vertex 39.6823 26.7785 5
    endloop
  endfacet
  facet normal 0.216389 0.976307 0
    outer loop
      vertex 39.1287 26.9012 5
      vertex 39.6823 26.7785 4
      vertex 39.1287 26.9012 4
    endloop
  endfacet
  facet normal -0.216389 -0.976307 0
    outer loop
      vertex 39.1287 26.9012 22.3
      vertex 39.6823 26.7785 23.79
      vertex 39.1287 26.9012 23.79
    endloop
  endfacet
  facet normal -0.216389 -0.976307 -0
    outer loop
      vertex 39.6823 26.7785 23.79
      vertex 39.1287 26.9012 22.3
      vertex 39.6823 26.7785 22.3
    endloop
  endfacet
  facet normal 0.216389 0.976307 -0
    outer loop
      vertex -39.1287 -26.9012 22.3
      vertex -39.6823 -26.7785 23.79
      vertex -39.1287 -26.9012 23.79
    endloop
  endfacet
  facet normal 0.216389 0.976307 0
    outer loop
      vertex -39.6823 -26.7785 23.79
      vertex -39.1287 -26.9012 22.3
      vertex -39.6823 -26.7785 22.3
    endloop
  endfacet
  facet normal -0.216389 -0.976307 0
    outer loop
      vertex -39.6823 -26.7785 4
      vertex -39.1287 -26.9012 5
      vertex -39.6823 -26.7785 5
    endloop
  endfacet
  facet normal -0.216389 -0.976307 -0
    outer loop
      vertex -39.1287 -26.9012 5
      vertex -39.6823 -26.7785 4
      vertex -39.1287 -26.9012 4
    endloop
  endfacet
  facet normal 0.991425 0.130673 0
    outer loop
      vertex -44.4012 -21.6287 23.79
      vertex -44.4753 -21.0665 22.3
      vertex -44.4753 -21.0665 23.79
    endloop
  endfacet
  facet normal 0.991425 0.130673 0
    outer loop
      vertex -44.4753 -21.0665 22.3
      vertex -44.4012 -21.6287 23.79
      vertex -44.4012 -21.6287 22.3
    endloop
  endfacet
  facet normal -0.991425 -0.130673 0
    outer loop
      vertex -44.4012 -21.6287 4
      vertex -44.4753 -21.0665 5
      vertex -44.4753 -21.0665 4
    endloop
  endfacet
  facet normal -0.991425 -0.130673 0
    outer loop
      vertex -44.4753 -21.0665 5
      vertex -44.4012 -21.6287 4
      vertex -44.4012 -21.6287 5
    endloop
  endfacet
  facet normal 0.608739 0.793371 -0
    outer loop
      vertex 42.1781 25.4793 4
      vertex 41.7282 25.8245 5
      vertex 42.1781 25.4793 5
    endloop
  endfacet
  facet normal 0.608739 0.793371 0
    outer loop
      vertex 41.7282 25.8245 5
      vertex 42.1781 25.4793 4
      vertex 41.7282 25.8245 4
    endloop
  endfacet
  facet normal -0.608739 -0.793371 0
    outer loop
      vertex 41.7282 25.8245 22.3
      vertex 42.1781 25.4793 23.79
      vertex 41.7282 25.8245 23.79
    endloop
  endfacet
  facet normal -0.608739 -0.793371 -0
    outer loop
      vertex 42.1781 25.4793 23.79
      vertex 41.7282 25.8245 22.3
      vertex 42.1781 25.4793 22.3
    endloop
  endfacet
  facet normal -0.675573 0.737293 0
    outer loop
      vertex 42.5962 -25.0962 22.3
      vertex 42.1781 -25.4793 23.79
      vertex 42.5962 -25.0962 23.79
    endloop
  endfacet
  facet normal -0.675573 0.737293 0
    outer loop
      vertex 42.1781 -25.4793 23.79
      vertex 42.5962 -25.0962 22.3
      vertex 42.1781 -25.4793 22.3
    endloop
  endfacet
  facet normal 0.675573 -0.737293 0
    outer loop
      vertex 42.1781 -25.4793 4
      vertex 42.5962 -25.0962 5
      vertex 42.1781 -25.4793 5
    endloop
  endfacet
  facet normal 0.675573 -0.737293 0
    outer loop
      vertex 42.5962 -25.0962 5
      vertex 42.1781 -25.4793 4
      vertex 42.5962 -25.0962 4
    endloop
  endfacet
  facet normal -1 0 0
    outer loop
      vertex -44.5 -20.5 4
      vertex -44.5 -3 5
      vertex -44.5 -3 4
    endloop
  endfacet
  facet normal -1 -0 0
    outer loop
      vertex -44.5 -3 5
      vertex -44.5 -20.5 4
      vertex -44.5 -20.5 5
    endloop
  endfacet
  facet normal -1 0 0
    outer loop
      vertex -44.5 3 4
      vertex -44.5 20.5 5
      vertex -44.5 20.5 4
    endloop
  endfacet
  facet normal -1 -0 0
    outer loop
      vertex -44.5 20.5 5
      vertex -44.5 3 4
      vertex -44.5 3 5
    endloop
  endfacet
  facet normal 1 0 0
    outer loop
      vertex -44.5 20.5 23.79
      vertex -44.5 3 22.3
      vertex -44.5 20.5 22.3
    endloop
  endfacet
  facet normal 1 0 0
    outer loop
      vertex -44.5 3 22.3
      vertex -44.5 -3 22.3
      vertex -44.5 3 5
    endloop
  endfacet
  facet normal 1 0 0
    outer loop
      vertex -44.5 20.5 23.79
      vertex -44.5 -3 22.3
      vertex -44.5 3 22.3
    endloop
  endfacet
  facet normal 1 -0 0
    outer loop
      vertex -44.5 -20.5 23.79
      vertex -44.5 -3 22.3
      vertex -44.5 20.5 23.79
    endloop
  endfacet
  facet normal 1 0 0
    outer loop
      vertex -44.5 -3 22.3
      vertex -44.5 -20.5 23.79
      vertex -44.5 -20.5 22.3
    endloop
  endfacet
  facet normal 1 0 0
    outer loop
      vertex -44.5 3 5
      vertex -44.5 -3 22.3
      vertex -44.5 -3 5
    endloop
  endfacet
  facet normal -0.537366 0.843349 0
    outer loop
      vertex 41.7282 -25.8245 22.3
      vertex 41.25 -26.1292 23.79
      vertex 41.7282 -25.8245 23.79
    endloop
  endfacet
  facet normal -0.537366 0.843349 0
    outer loop
      vertex 41.25 -26.1292 23.79
      vertex 41.7282 -25.8245 22.3
      vertex 41.25 -26.1292 22.3
    endloop
  endfacet
  facet normal 0.537366 -0.843349 0
    outer loop
      vertex 41.25 -26.1292 4
      vertex 41.7282 -25.8245 5
      vertex 41.25 -26.1292 5
    endloop
  endfacet
  facet normal 0.537366 -0.843349 0
    outer loop
      vertex 41.7282 -25.8245 5
      vertex 41.25 -26.1292 4
      vertex 41.7282 -25.8245 4
    endloop
  endfacet
  facet normal -0.608739 0.793371 0
    outer loop
      vertex 42.1781 -25.4793 22.3
      vertex 41.7282 -25.8245 23.79
      vertex 42.1781 -25.4793 23.79
    endloop
  endfacet
  facet normal -0.608739 0.793371 0
    outer loop
      vertex 41.7282 -25.8245 23.79
      vertex 42.1781 -25.4793 22.3
      vertex 41.7282 -25.8245 22.3
    endloop
  endfacet
  facet normal 0.608739 -0.793371 0
    outer loop
      vertex 41.7282 -25.8245 4
      vertex 42.1781 -25.4793 5
      vertex 41.7282 -25.8245 5
    endloop
  endfacet
  facet normal 0.608739 -0.793371 0
    outer loop
      vertex 42.1781 -25.4793 5
      vertex 41.7282 -25.8245 4
      vertex 42.1781 -25.4793 4
    endloop
  endfacet
  facet normal 0.608739 0.793371 -0
    outer loop
      vertex -41.7282 -25.8245 22.3
      vertex -42.1781 -25.4793 23.79
      vertex -41.7282 -25.8245 23.79
    endloop
  endfacet
  facet normal 0.608739 0.793371 0
    outer loop
      vertex -42.1781 -25.4793 23.79
      vertex -41.7282 -25.8245 22.3
      vertex -42.1781 -25.4793 22.3
    endloop
  endfacet
  facet normal -0.608739 -0.793371 0
    outer loop
      vertex -42.1781 -25.4793 4
      vertex -41.7282 -25.8245 5
      vertex -42.1781 -25.4793 5
    endloop
  endfacet
  facet normal -0.608739 -0.793371 -0
    outer loop
      vertex -41.7282 -25.8245 5
      vertex -42.1781 -25.4793 4
      vertex -41.7282 -25.8245 4
    endloop
  endfacet
  facet normal 0.976307 0.216389 0
    outer loop
      vertex -44.2785 -22.1823 23.79
      vertex -44.4012 -21.6287 22.3
      vertex -44.4012 -21.6287 23.79
    endloop
  endfacet
  facet normal 0.976307 0.216389 0
    outer loop
      vertex -44.4012 -21.6287 22.3
      vertex -44.2785 -22.1823 23.79
      vertex -44.2785 -22.1823 22.3
    endloop
  endfacet
  facet normal -0.976307 -0.216389 0
    outer loop
      vertex -44.2785 -22.1823 4
      vertex -44.4012 -21.6287 5
      vertex -44.4012 -21.6287 4
    endloop
  endfacet
  facet normal -0.976307 -0.216389 0
    outer loop
      vertex -44.4012 -21.6287 5
      vertex -44.2785 -22.1823 4
      vertex -44.2785 -22.1823 5
    endloop
  endfacet
  facet normal -0.608739 0.793371 0
    outer loop
      vertex -41.7282 25.8245 4
      vertex -42.1781 25.4793 5
      vertex -41.7282 25.8245 5
    endloop
  endfacet
  facet normal -0.608739 0.793371 0
    outer loop
      vertex -42.1781 25.4793 5
      vertex -41.7282 25.8245 4
      vertex -42.1781 25.4793 4
    endloop
  endfacet
  facet normal 0.608739 -0.793371 0
    outer loop
      vertex -42.1781 25.4793 22.3
      vertex -41.7282 25.8245 23.79
      vertex -42.1781 25.4793 23.79
    endloop
  endfacet
  facet normal 0.608739 -0.793371 0
    outer loop
      vertex -41.7282 25.8245 23.79
      vertex -42.1781 25.4793 22.3
      vertex -41.7282 25.8245 22.3
    endloop
  endfacet
  facet normal -0.793371 0.608739 0
    outer loop
      vertex 42.9793 -24.6781 22.3
      vertex 43.3245 -24.2282 23.79
      vertex 43.3245 -24.2282 22.3
    endloop
  endfacet
  facet normal -0.793371 0.608739 0
    outer loop
      vertex 43.3245 -24.2282 23.79
      vertex 42.9793 -24.6781 22.3
      vertex 42.9793 -24.6781 23.79
    endloop
  endfacet
  facet normal 0.793371 -0.608739 0
    outer loop
      vertex 42.9793 -24.6781 5
      vertex 43.3245 -24.2282 4
      vertex 43.3245 -24.2282 5
    endloop
  endfacet
  facet normal 0.793371 -0.608739 0
    outer loop
      vertex 43.3245 -24.2282 4
      vertex 42.9793 -24.6781 5
      vertex 42.9793 -24.6781 4
    endloop
  endfacet
  facet normal -0.976307 0.216389 0
    outer loop
      vertex 44.2785 -22.1823 22.3
      vertex 44.4012 -21.6287 23.79
      vertex 44.4012 -21.6287 22.3
    endloop
  endfacet
  facet normal -0.976307 0.216389 0
    outer loop
      vertex 44.4012 -21.6287 23.79
      vertex 44.2785 -22.1823 22.3
      vertex 44.2785 -22.1823 23.79
    endloop
  endfacet
  facet normal 0.976307 -0.216389 0
    outer loop
      vertex 44.2785 -22.1823 5
      vertex 44.4012 -21.6287 4
      vertex 44.4012 -21.6287 5
    endloop
  endfacet
  facet normal 0.976307 -0.216389 0
    outer loop
      vertex 44.4012 -21.6287 4
      vertex 44.2785 -22.1823 5
      vertex 44.2785 -22.1823 4
    endloop
  endfacet
  facet normal -0.991425 0.130673 0
    outer loop
      vertex 44.4012 -21.6287 22.3
      vertex 44.4753 -21.0665 23.79
      vertex 44.4753 -21.0665 22.3
    endloop
  endfacet
  facet normal -0.991425 0.130673 0
    outer loop
      vertex 44.4753 -21.0665 23.79
      vertex 44.4012 -21.6287 22.3
      vertex 44.4012 -21.6287 23.79
    endloop
  endfacet
  facet normal 0.991425 -0.130673 0
    outer loop
      vertex 44.4012 -21.6287 5
      vertex 44.4753 -21.0665 4
      vertex 44.4753 -21.0665 5
    endloop
  endfacet
  facet normal 0.991425 -0.130673 0
    outer loop
      vertex 44.4753 -21.0665 4
      vertex 44.4012 -21.6287 5
      vertex 44.4012 -21.6287 4
    endloop
  endfacet
  facet normal -0.300684 0.953724 0
    outer loop
      vertex -39.6823 26.7785 4
      vertex -40.2231 26.608 5
      vertex -39.6823 26.7785 5
    endloop
  endfacet
  facet normal -0.300684 0.953724 0
    outer loop
      vertex -40.2231 26.608 5
      vertex -39.6823 26.7785 4
      vertex -40.2231 26.608 4
    endloop
  endfacet
  facet normal 0.300684 -0.953724 0
    outer loop
      vertex -40.2231 26.608 22.3
      vertex -39.6823 26.7785 23.79
      vertex -40.2231 26.608 23.79
    endloop
  endfacet
  facet normal 0.300684 -0.953724 0
    outer loop
      vertex -39.6823 26.7785 23.79
      vertex -40.2231 26.608 22.3
      vertex -39.6823 26.7785 22.3
    endloop
  endfacet
  facet normal -0.461686 0.887043 0
    outer loop
      vertex 41.25 -26.1292 22.3
      vertex 40.747 -26.391 23.79
      vertex 41.25 -26.1292 23.79
    endloop
  endfacet
  facet normal -0.461686 0.887043 0
    outer loop
      vertex 40.747 -26.391 23.79
      vertex 41.25 -26.1292 22.3
      vertex 40.747 -26.391 22.3
    endloop
  endfacet
  facet normal 0.461686 -0.887043 0
    outer loop
      vertex 40.747 -26.391 4
      vertex 41.25 -26.1292 5
      vertex 40.747 -26.391 5
    endloop
  endfacet
  facet normal 0.461686 -0.887043 0
    outer loop
      vertex 41.25 -26.1292 5
      vertex 40.747 -26.391 4
      vertex 41.25 -26.1292 4
    endloop
  endfacet
  facet normal 0.887043 0.461686 0
    outer loop
      vertex 43.891 23.247 5
      vertex 43.6292 23.75 4
      vertex 43.6292 23.75 5
    endloop
  endfacet
  facet normal 0.887043 0.461686 0
    outer loop
      vertex 43.6292 23.75 4
      vertex 43.891 23.247 5
      vertex 43.891 23.247 4
    endloop
  endfacet
  facet normal -0.887043 -0.461686 0
    outer loop
      vertex 43.891 23.247 22.3
      vertex 43.6292 23.75 23.79
      vertex 43.6292 23.75 22.3
    endloop
  endfacet
  facet normal -0.887043 -0.461686 0
    outer loop
      vertex 43.6292 23.75 23.79
      vertex 43.891 23.247 22.3
      vertex 43.891 23.247 23.79
    endloop
  endfacet
  facet normal -0.382674 0.923884 0
    outer loop
      vertex 40.747 -26.391 22.3
      vertex 40.2231 -26.608 23.79
      vertex 40.747 -26.391 23.79
    endloop
  endfacet
  facet normal -0.382674 0.923884 0
    outer loop
      vertex 40.2231 -26.608 23.79
      vertex 40.747 -26.391 22.3
      vertex 40.2231 -26.608 22.3
    endloop
  endfacet
  facet normal 0.382674 -0.923884 0
    outer loop
      vertex 40.2231 -26.608 4
      vertex 40.747 -26.391 5
      vertex 40.2231 -26.608 5
    endloop
  endfacet
  facet normal 0.382674 -0.923884 0
    outer loop
      vertex 40.747 -26.391 5
      vertex 40.2231 -26.608 4
      vertex 40.747 -26.391 4
    endloop
  endfacet
  facet normal 0.130673 0.991425 -0
    outer loop
      vertex -38.5665 -26.9753 22.3
      vertex -39.1287 -26.9012 23.79
      vertex -38.5665 -26.9753 23.79
    endloop
  endfacet
  facet normal 0.130673 0.991425 0
    outer loop
      vertex -39.1287 -26.9012 23.79
      vertex -38.5665 -26.9753 22.3
      vertex -39.1287 -26.9012 22.3
    endloop
  endfacet
  facet normal -0.130673 -0.991425 0
    outer loop
      vertex -39.1287 -26.9012 4
      vertex -38.5665 -26.9753 5
      vertex -39.1287 -26.9012 5
    endloop
  endfacet
  facet normal -0.130673 -0.991425 -0
    outer loop
      vertex -38.5665 -26.9753 5
      vertex -39.1287 -26.9012 4
      vertex -38.5665 -26.9753 4
    endloop
  endfacet
  facet normal -0.976307 0.216389 0
    outer loop
      vertex -44.4012 21.6287 4
      vertex -44.2785 22.1823 5
      vertex -44.2785 22.1823 4
    endloop
  endfacet
  facet normal -0.976307 0.216389 0
    outer loop
      vertex -44.2785 22.1823 5
      vertex -44.4012 21.6287 4
      vertex -44.4012 21.6287 5
    endloop
  endfacet
  facet normal 0.976307 -0.216389 0
    outer loop
      vertex -44.4012 21.6287 23.79
      vertex -44.2785 22.1823 22.3
      vertex -44.2785 22.1823 23.79
    endloop
  endfacet
  facet normal 0.976307 -0.216389 0
    outer loop
      vertex -44.2785 22.1823 22.3
      vertex -44.4012 21.6287 23.79
      vertex -44.4012 21.6287 22.3
    endloop
  endfacet
  facet normal 0.382674 0.923884 -0
    outer loop
      vertex -40.2231 -26.608 22.3
      vertex -40.747 -26.391 23.79
      vertex -40.2231 -26.608 23.79
    endloop
  endfacet
  facet normal 0.382674 0.923884 0
    outer loop
      vertex -40.747 -26.391 23.79
      vertex -40.2231 -26.608 22.3
      vertex -40.747 -26.391 22.3
    endloop
  endfacet
  facet normal -0.382674 -0.923884 0
    outer loop
      vertex -40.747 -26.391 4
      vertex -40.2231 -26.608 5
      vertex -40.747 -26.391 5
    endloop
  endfacet
  facet normal -0.382674 -0.923884 -0
    outer loop
      vertex -40.2231 -26.608 5
      vertex -40.747 -26.391 4
      vertex -40.2231 -26.608 4
    endloop
  endfacet
  facet normal -0.923884 0.382674 0
    outer loop
      vertex -44.108 22.7231 4
      vertex -43.891 23.247 5
      vertex -43.891 23.247 4
    endloop
  endfacet
  facet normal -0.923884 0.382674 0
    outer loop
      vertex -43.891 23.247 5
      vertex -44.108 22.7231 4
      vertex -44.108 22.7231 5
    endloop
  endfacet
  facet normal 0.923884 -0.382674 0
    outer loop
      vertex -44.108 22.7231 23.79
      vertex -43.891 23.247 22.3
      vertex -43.891 23.247 23.79
    endloop
  endfacet
  facet normal 0.923884 -0.382674 0
    outer loop
      vertex -43.891 23.247 22.3
      vertex -44.108 22.7231 23.79
      vertex -44.108 22.7231 22.3
    endloop
  endfacet
  facet normal 1 -0 0
    outer loop
      vertex 44.5 3 5
      vertex 44.5 20.5 4
      vertex 44.5 20.5 5
    endloop
  endfacet
  facet normal 1 0 0
    outer loop
      vertex 44.5 20.5 4
      vertex 44.5 3 5
      vertex 44.5 3 4
    endloop
  endfacet
  facet normal 1 -0 0
    outer loop
      vertex 44.5 -20.5 5
      vertex 44.5 -3 4
      vertex 44.5 -3 5
    endloop
  endfacet
  facet normal 1 0 0
    outer loop
      vertex 44.5 -3 4
      vertex 44.5 -20.5 5
      vertex 44.5 -20.5 4
    endloop
  endfacet
  facet normal -1 0 0
    outer loop
      vertex 44.5 3 5
      vertex 44.5 -3 5
      vertex 44.5 3 22.3
    endloop
  endfacet
  facet normal -1 0 0
    outer loop
      vertex 44.5 3 22.3
      vertex 44.5 20.5 23.79
      vertex 44.5 20.5 22.3
    endloop
  endfacet
  facet normal -1 0 0
    outer loop
      vertex 44.5 -3 22.3
      vertex 44.5 3 22.3
      vertex 44.5 -3 5
    endloop
  endfacet
  facet normal -1 0 0
    outer loop
      vertex 44.5 -3 22.3
      vertex 44.5 20.5 23.79
      vertex 44.5 3 22.3
    endloop
  endfacet
  facet normal -1 0 0
    outer loop
      vertex 44.5 -20.5 23.79
      vertex 44.5 -3 22.3
      vertex 44.5 -20.5 22.3
    endloop
  endfacet
  facet normal -1 0 0
    outer loop
      vertex 44.5 -3 22.3
      vertex 44.5 -20.5 23.79
      vertex 44.5 20.5 23.79
    endloop
  endfacet
  facet normal -0.887043 0.461686 0
    outer loop
      vertex 43.6292 -23.75 22.3
      vertex 43.891 -23.247 23.79
      vertex 43.891 -23.247 22.3
    endloop
  endfacet
  facet normal -0.887043 0.461686 0
    outer loop
      vertex 43.891 -23.247 23.79
      vertex 43.6292 -23.75 22.3
      vertex 43.6292 -23.75 23.79
    endloop
  endfacet
  facet normal 0.887043 -0.461686 0
    outer loop
      vertex 43.6292 -23.75 5
      vertex 43.891 -23.247 4
      vertex 43.891 -23.247 5
    endloop
  endfacet
  facet normal 0.887043 -0.461686 0
    outer loop
      vertex 43.891 -23.247 4
      vertex 43.6292 -23.75 5
      vertex 43.6292 -23.75 4
    endloop
  endfacet
  facet normal 0.537366 0.843349 -0
    outer loop
      vertex -41.25 -26.1292 22.3
      vertex -41.7282 -25.8245 23.79
      vertex -41.25 -26.1292 23.79
    endloop
  endfacet
  facet normal 0.537366 0.843349 0
    outer loop
      vertex -41.7282 -25.8245 23.79
      vertex -41.25 -26.1292 22.3
      vertex -41.7282 -25.8245 22.3
    endloop
  endfacet
  facet normal -0.537366 -0.843349 0
    outer loop
      vertex -41.7282 -25.8245 4
      vertex -41.25 -26.1292 5
      vertex -41.7282 -25.8245 5
    endloop
  endfacet
  facet normal -0.537366 -0.843349 -0
    outer loop
      vertex -41.25 -26.1292 5
      vertex -41.7282 -25.8245 4
      vertex -41.25 -26.1292 4
    endloop
  endfacet
  facet normal -0.0435597 0.999051 0
    outer loop
      vertex 38.5665 -26.9753 22.3
      vertex 38 -27 23.79
      vertex 38.5665 -26.9753 23.79
    endloop
  endfacet
  facet normal -0.0435597 0.999051 0
    outer loop
      vertex 38 -27 23.79
      vertex 38.5665 -26.9753 22.3
      vertex 38 -27 22.3
    endloop
  endfacet
  facet normal 0.0435597 -0.999051 0
    outer loop
      vertex 38 -27 4
      vertex 38.5665 -26.9753 5
      vertex 38 -27 5
    endloop
  endfacet
  facet normal 0.0435597 -0.999051 0
    outer loop
      vertex 38.5665 -26.9753 5
      vertex 38 -27 4
      vertex 38.5665 -26.9753 4
    endloop
  endfacet
  facet normal -0.382674 0.923884 0
    outer loop
      vertex -40.2231 26.608 4
      vertex -40.747 26.391 5
      vertex -40.2231 26.608 5
    endloop
  endfacet
  facet normal -0.382674 0.923884 0
    outer loop
      vertex -40.747 26.391 5
      vertex -40.2231 26.608 4
      vertex -40.747 26.391 4
    endloop
  endfacet
  facet normal 0.382674 -0.923884 0
    outer loop
      vertex -40.747 26.391 22.3
      vertex -40.2231 26.608 23.79
      vertex -40.747 26.391 23.79
    endloop
  endfacet
  facet normal 0.382674 -0.923884 0
    outer loop
      vertex -40.2231 26.608 23.79
      vertex -40.747 26.391 22.3
      vertex -40.2231 26.608 22.3
    endloop
  endfacet
  facet normal -0.991425 0.130673 0
    outer loop
      vertex -44.4753 21.0665 4
      vertex -44.4012 21.6287 5
      vertex -44.4012 21.6287 4
    endloop
  endfacet
  facet normal -0.991425 0.130673 0
    outer loop
      vertex -44.4012 21.6287 5
      vertex -44.4753 21.0665 4
      vertex -44.4753 21.0665 5
    endloop
  endfacet
  facet normal 0.991425 -0.130673 0
    outer loop
      vertex -44.4753 21.0665 23.79
      vertex -44.4012 21.6287 22.3
      vertex -44.4012 21.6287 23.79
    endloop
  endfacet
  facet normal 0.991425 -0.130673 0
    outer loop
      vertex -44.4012 21.6287 22.3
      vertex -44.4753 21.0665 23.79
      vertex -44.4753 21.0665 22.3
    endloop
  endfacet
  facet normal -0.216389 0.976307 0
    outer loop
      vertex 39.6823 -26.7785 22.3
      vertex 39.1287 -26.9012 23.79
      vertex 39.6823 -26.7785 23.79
    endloop
  endfacet
  facet normal -0.216389 0.976307 0
    outer loop
      vertex 39.1287 -26.9012 23.79
      vertex 39.6823 -26.7785 22.3
      vertex 39.1287 -26.9012 22.3
    endloop
  endfacet
  facet normal 0.216389 -0.976307 0
    outer loop
      vertex 39.1287 -26.9012 4
      vertex 39.6823 -26.7785 5
      vertex 39.1287 -26.9012 5
    endloop
  endfacet
  facet normal 0.216389 -0.976307 0
    outer loop
      vertex 39.6823 -26.7785 5
      vertex 39.1287 -26.9012 4
      vertex 39.6823 -26.7785 4
    endloop
  endfacet
  facet normal 0.999051 0.0435597 0
    outer loop
      vertex -44.4753 -21.0665 23.79
      vertex -44.5 -20.5 22.3
      vertex -44.5 -20.5 23.79
    endloop
  endfacet
  facet normal 0.999051 0.0435597 0
    outer loop
      vertex -44.5 -20.5 22.3
      vertex -44.4753 -21.0665 23.79
      vertex -44.4753 -21.0665 22.3
    endloop
  endfacet
  facet normal -0.999051 -0.0435597 0
    outer loop
      vertex -44.4753 -21.0665 4
      vertex -44.5 -20.5 5
      vertex -44.5 -20.5 4
    endloop
  endfacet
  facet normal -0.999051 -0.0435597 0
    outer loop
      vertex -44.5 -20.5 5
      vertex -44.4753 -21.0665 4
      vertex -44.4753 -21.0665 5
    endloop
  endfacet
  facet normal -0.537366 0.843349 0
    outer loop
      vertex -41.25 26.1292 4
      vertex -41.7282 25.8245 5
      vertex -41.25 26.1292 5
    endloop
  endfacet
  facet normal -0.537366 0.843349 0
    outer loop
      vertex -41.7282 25.8245 5
      vertex -41.25 26.1292 4
      vertex -41.7282 25.8245 4
    endloop
  endfacet
  facet normal 0.537366 -0.843349 0
    outer loop
      vertex -41.7282 25.8245 22.3
      vertex -41.25 26.1292 23.79
      vertex -41.7282 25.8245 23.79
    endloop
  endfacet
  facet normal 0.537366 -0.843349 0
    outer loop
      vertex -41.25 26.1292 23.79
      vertex -41.7282 25.8245 22.3
      vertex -41.25 26.1292 22.3
    endloop
  endfacet
  facet normal 0.923884 0.382674 0
    outer loop
      vertex -43.891 -23.247 23.79
      vertex -44.108 -22.7231 22.3
      vertex -44.108 -22.7231 23.79
    endloop
  endfacet
  facet normal 0.923884 0.382674 0
    outer loop
      vertex -44.108 -22.7231 22.3
      vertex -43.891 -23.247 23.79
      vertex -43.891 -23.247 22.3
    endloop
  endfacet
  facet normal -0.923884 -0.382674 0
    outer loop
      vertex -43.891 -23.247 4
      vertex -44.108 -22.7231 5
      vertex -44.108 -22.7231 4
    endloop
  endfacet
  facet normal -0.923884 -0.382674 0
    outer loop
      vertex -44.108 -22.7231 5
      vertex -43.891 -23.247 4
      vertex -43.891 -23.247 5
    endloop
  endfacet
  facet normal 0.382674 0.923884 -0
    outer loop
      vertex 40.747 26.391 4
      vertex 40.2231 26.608 5
      vertex 40.747 26.391 5
    endloop
  endfacet
  facet normal 0.382674 0.923884 0
    outer loop
      vertex 40.2231 26.608 5
      vertex 40.747 26.391 4
      vertex 40.2231 26.608 4
    endloop
  endfacet
  facet normal -0.382674 -0.923884 0
    outer loop
      vertex 40.2231 26.608 22.3
      vertex 40.747 26.391 23.79
      vertex 40.2231 26.608 23.79
    endloop
  endfacet
  facet normal -0.382674 -0.923884 -0
    outer loop
      vertex 40.747 26.391 23.79
      vertex 40.2231 26.608 22.3
      vertex 40.747 26.391 22.3
    endloop
  endfacet
  facet normal -0.843349 0.537366 0
    outer loop
      vertex 43.3245 -24.2282 22.3
      vertex 43.6292 -23.75 23.79
      vertex 43.6292 -23.75 22.3
    endloop
  endfacet
  facet normal -0.843349 0.537366 0
    outer loop
      vertex 43.6292 -23.75 23.79
      vertex 43.3245 -24.2282 22.3
      vertex 43.3245 -24.2282 23.79
    endloop
  endfacet
  facet normal 0.843349 -0.537366 0
    outer loop
      vertex 43.3245 -24.2282 5
      vertex 43.6292 -23.75 4
      vertex 43.6292 -23.75 5
    endloop
  endfacet
  facet normal 0.843349 -0.537366 0
    outer loop
      vertex 43.6292 -23.75 4
      vertex 43.3245 -24.2282 5
      vertex 43.3245 -24.2282 4
    endloop
  endfacet
  facet normal 0.537366 0.843349 -0
    outer loop
      vertex 41.7282 25.8245 4
      vertex 41.25 26.1292 5
      vertex 41.7282 25.8245 5
    endloop
  endfacet
  facet normal 0.537366 0.843349 0
    outer loop
      vertex 41.25 26.1292 5
      vertex 41.7282 25.8245 4
      vertex 41.25 26.1292 4
    endloop
  endfacet
  facet normal -0.537366 -0.843349 0
    outer loop
      vertex 41.25 26.1292 22.3
      vertex 41.7282 25.8245 23.79
      vertex 41.25 26.1292 23.79
    endloop
  endfacet
  facet normal -0.537366 -0.843349 -0
    outer loop
      vertex 41.7282 25.8245 23.79
      vertex 41.25 26.1292 22.3
      vertex 41.7282 25.8245 22.3
    endloop
  endfacet
  facet normal 0.675573 0.737293 -0
    outer loop
      vertex -42.1781 -25.4793 22.3
      vertex -42.5962 -25.0962 23.79
      vertex -42.1781 -25.4793 23.79
    endloop
  endfacet
  facet normal 0.675573 0.737293 0
    outer loop
      vertex -42.5962 -25.0962 23.79
      vertex -42.1781 -25.4793 22.3
      vertex -42.5962 -25.0962 22.3
    endloop
  endfacet
  facet normal -0.675573 -0.737293 0
    outer loop
      vertex -42.5962 -25.0962 4
      vertex -42.1781 -25.4793 5
      vertex -42.5962 -25.0962 5
    endloop
  endfacet
  facet normal -0.675573 -0.737293 -0
    outer loop
      vertex -42.1781 -25.4793 5
      vertex -42.5962 -25.0962 4
      vertex -42.1781 -25.4793 4
    endloop
  endfacet
  facet normal -0.953724 0.300684 0
    outer loop
      vertex -44.2785 22.1823 4
      vertex -44.108 22.7231 5
      vertex -44.108 22.7231 4
    endloop
  endfacet
  facet normal -0.953724 0.300684 0
    outer loop
      vertex -44.108 22.7231 5
      vertex -44.2785 22.1823 4
      vertex -44.2785 22.1823 5
    endloop
  endfacet
  facet normal 0.953724 -0.300684 0
    outer loop
      vertex -44.2785 22.1823 23.79
      vertex -44.108 22.7231 22.3
      vertex -44.108 22.7231 23.79
    endloop
  endfacet
  facet normal 0.953724 -0.300684 0
    outer loop
      vertex -44.108 22.7231 22.3
      vertex -44.2785 22.1823 23.79
      vertex -44.2785 22.1823 22.3
    endloop
  endfacet
  facet normal 0 0 1
    outer loop
      vertex 35.1 18.4 5
      vertex 35.9 17.6 5
      vertex 35.8969 17.6697 5
    endloop
  endfacet
  facet normal 0 0 1
    outer loop
      vertex 35.9 17.6 5
      vertex 35.1 18.4 5
      vertex 35.9 -17.6 5
    endloop
  endfacet
  facet normal 0 0 1
    outer loop
      vertex 35.1 18.4 5
      vertex 35.8969 17.6697 5
      vertex 35.8878 17.7389 5
    endloop
  endfacet
  facet normal 0 0 1
    outer loop
      vertex 35.1 -18.4 5
      vertex 35.9 -17.6 5
      vertex 35.1 18.4 5
    endloop
  endfacet
  facet normal 0 0 1
    outer loop
      vertex 35.1 18.4 5
      vertex 35.8878 17.7389 5
      vertex 35.8727 17.8071 5
    endloop
  endfacet
  facet normal 0 0 1
    outer loop
      vertex 35.9 -17.6 5
      vertex 35.1 -18.4 5
      vertex 35.8969 -17.6697 5
    endloop
  endfacet
  facet normal 0 0 1
    outer loop
      vertex 35.1 18.4 5
      vertex 35.8727 17.8071 5
      vertex 35.8517 17.8736 5
    endloop
  endfacet
  facet normal 0 0 1
    outer loop
      vertex 35.8969 -17.6697 5
      vertex 35.1 -18.4 5
      vertex 35.8878 -17.7389 5
    endloop
  endfacet
  facet normal 0 0 1
    outer loop
      vertex 35.1 18.4 5
      vertex 35.8517 17.8736 5
      vertex 35.825 17.9381 5
    endloop
  endfacet
  facet normal 0 0 1
    outer loop
      vertex 35.8878 -17.7389 5
      vertex 35.1 -18.4 5
      vertex 35.8727 -17.8071 5
    endloop
  endfacet
  facet normal 0 0 1
    outer loop
      vertex 35.1 18.4 5
      vertex 35.825 17.9381 5
      vertex 35.7928 18 5
    endloop
  endfacet
  facet normal 0 0 1
    outer loop
      vertex 35.8727 -17.8071 5
      vertex 35.1 -18.4 5
      vertex 35.8517 -17.8736 5
    endloop
  endfacet
  facet normal 0 0 1
    outer loop
      vertex 35.1 18.4 5
      vertex 35.7928 18 5
      vertex 35.7553 18.0589 5
    endloop
  endfacet
  facet normal 0 0 1
    outer loop
      vertex 35.8517 -17.8736 5
      vertex 35.1 -18.4 5
      vertex 35.825 -17.9381 5
    endloop
  endfacet
  facet normal 0 0 1
    outer loop
      vertex 35.1 18.4 5
      vertex 35.7553 18.0589 5
      vertex 35.7128 18.1142 5
    endloop
  endfacet
  facet normal 0 0 1
    outer loop
      vertex 35.825 -17.9381 5
      vertex 35.1 -18.4 5
      vertex 35.7928 -18 5
    endloop
  endfacet
  facet normal 0 0 1
    outer loop
      vertex 35.1 18.4 5
      vertex 35.7128 18.1142 5
      vertex 35.6657 18.1657 5
    endloop
  endfacet
  facet normal 0 0 1
    outer loop
      vertex 35.7928 -18 5
      vertex 35.1 -18.4 5
      vertex 35.7553 -18.0589 5
    endloop
  endfacet
  facet normal 0 0 1
    outer loop
      vertex 35.1 18.4 5
      vertex 35.6657 18.1657 5
      vertex 35.6142 18.2128 5
    endloop
  endfacet
  facet normal 0 0 1
    outer loop
      vertex 35.7553 -18.0589 5
      vertex 35.1 -18.4 5
      vertex 35.7128 -18.1142 5
    endloop
  endfacet
  facet normal 0 0 1
    outer loop
      vertex 35.1 18.4 5
      vertex 35.6142 18.2128 5
      vertex 35.5589 18.2553 5
    endloop
  endfacet
  facet normal 0 0 1
    outer loop
      vertex 35.7128 -18.1142 5
      vertex 35.1 -18.4 5
      vertex 35.6657 -18.1657 5
    endloop
  endfacet
  facet normal 0 0 1
    outer loop
      vertex 35.1 18.4 5
      vertex 35.5589 18.2553 5
      vertex 35.5 18.2928 5
    endloop
  endfacet
  facet normal 0 0 1
    outer loop
      vertex 35.6657 -18.1657 5
      vertex 35.1 -18.4 5
      vertex 35.6142 -18.2128 5
    endloop
  endfacet
  facet normal 0 0 1
    outer loop
      vertex 35.1 18.4 5
      vertex 35.5 18.2928 5
      vertex 35.4381 18.325 5
    endloop
  endfacet
  facet normal 0 0 1
    outer loop
      vertex 35.6142 -18.2128 5
      vertex 35.1 -18.4 5
      vertex 35.5589 -18.2553 5
    endloop
  endfacet
  facet normal 0 0 1
    outer loop
      vertex 35.1 18.4 5
      vertex 35.4381 18.325 5
      vertex 35.3736 18.3517 5
    endloop
  endfacet
  facet normal 0 0 1
    outer loop
      vertex 35.5589 -18.2553 5
      vertex 35.1 -18.4 5
      vertex 35.5 -18.2928 5
    endloop
  endfacet
  facet normal 0 0 1
    outer loop
      vertex 35.1 18.4 5
      vertex 35.3736 18.3517 5
      vertex 35.3071 18.3727 5
    endloop
  endfacet
  facet normal 0 0 1
    outer loop
      vertex 35.5 -18.2928 5
      vertex 35.1 -18.4 5
      vertex 35.4381 -18.325 5
    endloop
  endfacet
  facet normal 0 0 1
    outer loop
      vertex 35.1 18.4 5
      vertex 35.3071 18.3727 5
      vertex 35.2389 18.3878 5
    endloop
  endfacet
  facet normal 0 0 1
    outer loop
      vertex 35.4381 -18.325 5
      vertex 35.1 -18.4 5
      vertex 35.3736 -18.3517 5
    endloop
  endfacet
  facet normal 0 0 1
    outer loop
      vertex 35.1 18.4 5
      vertex 35.2389 18.3878 5
      vertex 35.1697 18.3969 5
    endloop
  endfacet
  facet normal 0 0 1
    outer loop
      vertex 35.3736 -18.3517 5
      vertex 35.1 -18.4 5
      vertex 35.3071 -18.3727 5
    endloop
  endfacet
  facet normal 0 0 1
    outer loop
      vertex 35.3071 -18.3727 5
      vertex 35.1 -18.4 5
      vertex 35.2389 -18.3878 5
    endloop
  endfacet
  facet normal 0 0 1
    outer loop
      vertex 35.2389 -18.3878 5
      vertex 35.1 -18.4 5
      vertex 35.1697 -18.3969 5
    endloop
  endfacet
  facet normal -0 0 1
    outer loop
      vertex -35.1 18.4 5
      vertex 35.1 -18.4 5
      vertex 35.1 18.4 5
    endloop
  endfacet
  facet normal 0 0 1
    outer loop
      vertex -35.1 18.4 5
      vertex -35.1 -18.4 5
      vertex 35.1 -18.4 5
    endloop
  endfacet
  facet normal 0 0 1
    outer loop
      vertex -35.9 17.6 5
      vertex -35.1 18.4 5
      vertex -35.1697 18.3969 5
    endloop
  endfacet
  facet normal 0 0 1
    outer loop
      vertex -35.1 18.4 5
      vertex -35.9 17.6 5
      vertex -35.1 -18.4 5
    endloop
  endfacet
  facet normal 0 0 1
    outer loop
      vertex -35.9 17.6 5
      vertex -35.1697 18.3969 5
      vertex -35.2389 18.3878 5
    endloop
  endfacet
  facet normal -0 0 1
    outer loop
      vertex -35.9 -17.6 5
      vertex -35.1 -18.4 5
      vertex -35.9 17.6 5
    endloop
  endfacet
  facet normal 0 0 1
    outer loop
      vertex -35.9 17.6 5
      vertex -35.2389 18.3878 5
      vertex -35.3071 18.3727 5
    endloop
  endfacet
  facet normal 0 0 1
    outer loop
      vertex -35.1 -18.4 5
      vertex -35.9 -17.6 5
      vertex -35.1697 -18.3969 5
    endloop
  endfacet
  facet normal 0 0 1
    outer loop
      vertex -35.9 17.6 5
      vertex -35.3071 18.3727 5
      vertex -35.3736 18.3517 5
    endloop
  endfacet
  facet normal 0 0 1
    outer loop
      vertex -35.1697 -18.3969 5
      vertex -35.9 -17.6 5
      vertex -35.2389 -18.3878 5
    endloop
  endfacet
  facet normal 0 0 1
    outer loop
      vertex -35.9 17.6 5
      vertex -35.3736 18.3517 5
      vertex -35.4381 18.325 5
    endloop
  endfacet
  facet normal 0 0 1
    outer loop
      vertex -35.2389 -18.3878 5
      vertex -35.9 -17.6 5
      vertex -35.3071 -18.3727 5
    endloop
  endfacet
  facet normal 0 0 1
    outer loop
      vertex -35.9 17.6 5
      vertex -35.4381 18.325 5
      vertex -35.5 18.2928 5
    endloop
  endfacet
  facet normal 0 0 1
    outer loop
      vertex -35.3071 -18.3727 5
      vertex -35.9 -17.6 5
      vertex -35.3736 -18.3517 5
    endloop
  endfacet
  facet normal 0 0 1
    outer loop
      vertex -35.9 17.6 5
      vertex -35.5 18.2928 5
      vertex -35.5589 18.2553 5
    endloop
  endfacet
  facet normal 0 0 1
    outer loop
      vertex -35.3736 -18.3517 5
      vertex -35.9 -17.6 5
      vertex -35.4381 -18.325 5
    endloop
  endfacet
  facet normal 0 0 1
    outer loop
      vertex -35.9 17.6 5
      vertex -35.5589 18.2553 5
      vertex -35.6142 18.2128 5
    endloop
  endfacet
  facet normal 0 0 1
    outer loop
      vertex -35.4381 -18.325 5
      vertex -35.9 -17.6 5
      vertex -35.5 -18.2928 5
    endloop
  endfacet
  facet normal 0 0 1
    outer loop
      vertex -35.9 17.6 5
      vertex -35.6142 18.2128 5
      vertex -35.6657 18.1657 5
    endloop
  endfacet
  facet normal 0 0 1
    outer loop
      vertex -35.5 -18.2928 5
      vertex -35.9 -17.6 5
      vertex -35.5589 -18.2553 5
    endloop
  endfacet
  facet normal 0 0 1
    outer loop
      vertex -35.9 17.6 5
      vertex -35.6657 18.1657 5
      vertex -35.7128 18.1142 5
    endloop
  endfacet
  facet normal 0 0 1
    outer loop
      vertex -35.5589 -18.2553 5
      vertex -35.9 -17.6 5
      vertex -35.6142 -18.2128 5
    endloop
  endfacet
  facet normal 0 0 1
    outer loop
      vertex -35.9 17.6 5
      vertex -35.7128 18.1142 5
      vertex -35.7553 18.0589 5
    endloop
  endfacet
  facet normal 0 0 1
    outer loop
      vertex -35.6142 -18.2128 5
      vertex -35.9 -17.6 5
      vertex -35.6657 -18.1657 5
    endloop
  endfacet
  facet normal 0 0 1
    outer loop
      vertex -35.9 17.6 5
      vertex -35.7553 18.0589 5
      vertex -35.7928 18 5
    endloop
  endfacet
  facet normal 0 0 1
    outer loop
      vertex -35.6657 -18.1657 5
      vertex -35.9 -17.6 5
      vertex -35.7128 -18.1142 5
    endloop
  endfacet
  facet normal 0 0 1
    outer loop
      vertex -35.9 17.6 5
      vertex -35.7928 18 5
      vertex -35.825 17.9381 5
    endloop
  endfacet
  facet normal 0 0 1
    outer loop
      vertex -35.7128 -18.1142 5
      vertex -35.9 -17.6 5
      vertex -35.7553 -18.0589 5
    endloop
  endfacet
  facet normal 0 0 1
    outer loop
      vertex -35.9 17.6 5
      vertex -35.825 17.9381 5
      vertex -35.8517 17.8736 5
    endloop
  endfacet
  facet normal 0 0 1
    outer loop
      vertex -35.7553 -18.0589 5
      vertex -35.9 -17.6 5
      vertex -35.7928 -18 5
    endloop
  endfacet
  facet normal 0 0 1
    outer loop
      vertex -35.9 17.6 5
      vertex -35.8517 17.8736 5
      vertex -35.8727 17.8071 5
    endloop
  endfacet
  facet normal 0 0 1
    outer loop
      vertex -35.7928 -18 5
      vertex -35.9 -17.6 5
      vertex -35.825 -17.9381 5
    endloop
  endfacet
  facet normal 0 0 1
    outer loop
      vertex -35.9 17.6 5
      vertex -35.8727 17.8071 5
      vertex -35.8878 17.7389 5
    endloop
  endfacet
  facet normal 0 0 1
    outer loop
      vertex -35.825 -17.9381 5
      vertex -35.9 -17.6 5
      vertex -35.8517 -17.8736 5
    endloop
  endfacet
  facet normal 0 0 1
    outer loop
      vertex -35.9 17.6 5
      vertex -35.8878 17.7389 5
      vertex -35.8969 17.6697 5
    endloop
  endfacet
  facet normal 0 0 1
    outer loop
      vertex -35.8517 -17.8736 5
      vertex -35.9 -17.6 5
      vertex -35.8727 -17.8071 5
    endloop
  endfacet
  facet normal 0 0 1
    outer loop
      vertex -35.8727 -17.8071 5
      vertex -35.9 -17.6 5
      vertex -35.8878 -17.7389 5
    endloop
  endfacet
  facet normal 0 0 1
    outer loop
      vertex -35.8878 -17.7389 5
      vertex -35.9 -17.6 5
      vertex -35.8969 -17.6697 5
    endloop
  endfacet
  facet normal -0 0 1
    outer loop
      vertex 38.4 18.9 5
      vertex 44.5 3 5
      vertex 44.5 20.5 5
    endloop
  endfacet
  facet normal 0 0 1
    outer loop
      vertex 44.5 3 5
      vertex 38.4 18.9 5
      vertex 44.5 -3 5
    endloop
  endfacet
  facet normal 0 0 1
    outer loop
      vertex 38.2794 19.584 5
      vertex 44.5 20.5 5
      vertex 44.4753 21.0665 5
    endloop
  endfacet
  facet normal 0 0 1
    outer loop
      vertex 38.4 -18.9 5
      vertex 44.5 -3 5
      vertex 38.4 18.9 5
    endloop
  endfacet
  facet normal 0 0 1
    outer loop
      vertex 38.2794 19.584 5
      vertex 44.4753 21.0665 5
      vertex 44.4012 21.6287 5
    endloop
  endfacet
  facet normal 0 0 1
    outer loop
      vertex 44.5 -3 5
      vertex 38.4 -18.9 5
      vertex 44.5 -20.5 5
    endloop
  endfacet
  facet normal 0 0 1
    outer loop
      vertex 38.2126 19.7452 5
      vertex 44.4012 21.6287 5
      vertex 44.2785 22.1823 5
    endloop
  endfacet
  facet normal -0 0 1
    outer loop
      vertex 38.3924 -19.0743 5
      vertex 44.5 -20.5 5
      vertex 38.4 -18.9 5
    endloop
  endfacet
  facet normal 0 0 1
    outer loop
      vertex 38.132 19.9 5
      vertex 44.2785 22.1823 5
      vertex 44.108 22.7231 5
    endloop
  endfacet
  facet normal -0 0 1
    outer loop
      vertex 38.3696 -19.2473 5
      vertex 44.5 -20.5 5
      vertex 38.3924 -19.0743 5
    endloop
  endfacet
  facet normal 0 0 1
    outer loop
      vertex 38.132 19.9 5
      vertex 44.108 22.7231 5
      vertex 43.891 23.247 5
    endloop
  endfacet
  facet normal -0 0 1
    outer loop
      vertex 38.3318 -19.4176 5
      vertex 44.5 -20.5 5
      vertex 38.3696 -19.2473 5
    endloop
  endfacet
  facet normal 0 0 1
    outer loop
      vertex 38.0383 20.0471 5
      vertex 43.891 23.247 5
      vertex 43.6292 23.75 5
    endloop
  endfacet
  facet normal -0 0 1
    outer loop
      vertex 38.2794 -19.584 5
      vertex 44.5 -20.5 5
      vertex 38.3318 -19.4176 5
    endloop
  endfacet
  facet normal 0 0 1
    outer loop
      vertex 38.0383 20.0471 5
      vertex 43.6292 23.75 5
      vertex 43.3245 24.2282 5
    endloop
  endfacet
  facet normal 0 0 1
    outer loop
      vertex 44.5 -20.5 5
      vertex 38.2794 -19.584 5
      vertex 44.4753 -21.0665 5
    endloop
  endfacet
  facet normal 0 0 1
    outer loop
      vertex 37.9321 20.1856 5
      vertex 43.3245 24.2282 5
      vertex 42.9793 24.6781 5
    endloop
  endfacet
  facet normal 0 0 1
    outer loop
      vertex 44.4753 -21.0665 5
      vertex 38.2794 -19.584 5
      vertex 44.4012 -21.6287 5
    endloop
  endfacet
  facet normal 0 0 1
    outer loop
      vertex 37.8142 20.3142 5
      vertex 42.9793 24.6781 5
      vertex 42.5962 25.0962 5
    endloop
  endfacet
  facet normal -0 0 1
    outer loop
      vertex 38.2126 -19.7452 5
      vertex 44.4012 -21.6287 5
      vertex 38.2794 -19.584 5
    endloop
  endfacet
  facet normal 0 0 1
    outer loop
      vertex 37.8142 20.3142 5
      vertex 42.5962 25.0962 5
      vertex 42.1781 25.4793 5
    endloop
  endfacet
  facet normal 0 0 1
    outer loop
      vertex 44.4012 -21.6287 5
      vertex 38.2126 -19.7452 5
      vertex 44.2785 -22.1823 5
    endloop
  endfacet
  facet normal 0 0 1
    outer loop
      vertex 37.6856 20.4321 5
      vertex 42.1781 25.4793 5
      vertex 41.7282 25.8245 5
    endloop
  endfacet
  facet normal -0 0 1
    outer loop
      vertex 38.132 -19.9 5
      vertex 44.2785 -22.1823 5
      vertex 38.2126 -19.7452 5
    endloop
  endfacet
  facet normal 0 0 1
    outer loop
      vertex 37.6856 20.4321 5
      vertex 41.7282 25.8245 5
      vertex 41.25 26.1292 5
    endloop
  endfacet
  facet normal 0 0 1
    outer loop
      vertex 44.2785 -22.1823 5
      vertex 38.132 -19.9 5
      vertex 44.108 -22.7231 5
    endloop
  endfacet
  facet normal 0 0 1
    outer loop
      vertex 37.5471 20.5383 5
      vertex 41.25 26.1292 5
      vertex 40.747 26.391 5
    endloop
  endfacet
  facet normal 0 0 1
    outer loop
      vertex 44.108 -22.7231 5
      vertex 38.132 -19.9 5
      vertex 43.891 -23.247 5
    endloop
  endfacet
  facet normal 0 0 1
    outer loop
      vertex 37.4 20.632 5
      vertex 40.747 26.391 5
      vertex 40.2231 26.608 5
    endloop
  endfacet
  facet normal -0 0 1
    outer loop
      vertex 38.0383 -20.0471 5
      vertex 43.891 -23.247 5
      vertex 38.132 -19.9 5
    endloop
  endfacet
  facet normal 0 0 1
    outer loop
      vertex 37.4 20.632 5
      vertex 40.2231 26.608 5
      vertex 39.6823 26.7785 5
    endloop
  endfacet
  facet normal 0 0 1
    outer loop
      vertex 43.891 -23.247 5
      vertex 38.0383 -20.0471 5
      vertex 43.6292 -23.75 5
    endloop
  endfacet
  facet normal 0 0 1
    outer loop
      vertex 37.2452 20.7126 5
      vertex 39.6823 26.7785 5
      vertex 39.1287 26.9012 5
    endloop
  endfacet
  facet normal 0 0 1
    outer loop
      vertex 43.6292 -23.75 5
      vertex 38.0383 -20.0471 5
      vertex 43.3245 -24.2282 5
    endloop
  endfacet
  facet normal 0 0 1
    outer loop
      vertex 37.2452 20.7126 5
      vertex 39.1287 26.9012 5
      vertex 38.5665 26.9753 5
    endloop
  endfacet
  facet normal -0 0 1
    outer loop
      vertex 37.9321 -20.1856 5
      vertex 43.3245 -24.2282 5
      vertex 38.0383 -20.0471 5
    endloop
  endfacet
  facet normal 0 0 1
    outer loop
      vertex 43.3245 -24.2282 5
      vertex 37.9321 -20.1856 5
      vertex 42.9793 -24.6781 5
    endloop
  endfacet
  facet normal 0 0 1
    outer loop
      vertex 44.5 20.5 5
      vertex 38.3924 19.0743 5
      vertex 38.4 18.9 5
    endloop
  endfacet
  facet normal 0 0 1
    outer loop
      vertex 44.5 20.5 5
      vertex 38.3696 19.2473 5
      vertex 38.3924 19.0743 5
    endloop
  endfacet
  facet normal 0 0 1
    outer loop
      vertex 44.5 20.5 5
      vertex 38.3318 19.4176 5
      vertex 38.3696 19.2473 5
    endloop
  endfacet
  facet normal 0 0 1
    outer loop
      vertex 44.5 20.5 5
      vertex 38.2794 19.584 5
      vertex 38.3318 19.4176 5
    endloop
  endfacet
  facet normal 0 0 1
    outer loop
      vertex 44.4012 21.6287 5
      vertex 38.2126 19.7452 5
      vertex 38.2794 19.584 5
    endloop
  endfacet
  facet normal 0 0 1
    outer loop
      vertex 44.2785 22.1823 5
      vertex 38.132 19.9 5
      vertex 38.2126 19.7452 5
    endloop
  endfacet
  facet normal 0 0 1
    outer loop
      vertex 43.891 23.247 5
      vertex 38.0383 20.0471 5
      vertex 38.132 19.9 5
    endloop
  endfacet
  facet normal 0 0 1
    outer loop
      vertex 37.084 20.7794 5
      vertex 38.5665 26.9753 5
      vertex 38 27 5
    endloop
  endfacet
  facet normal 0 0 1
    outer loop
      vertex 43.3245 24.2282 5
      vertex 37.9321 20.1856 5
      vertex 38.0383 20.0471 5
    endloop
  endfacet
  facet normal 0 0 1
    outer loop
      vertex 42.9793 24.6781 5
      vertex 37.8142 20.3142 5
      vertex 37.9321 20.1856 5
    endloop
  endfacet
  facet normal 0 0 1
    outer loop
      vertex 42.1781 25.4793 5
      vertex 37.6856 20.4321 5
      vertex 37.8142 20.3142 5
    endloop
  endfacet
  facet normal 0 0 1
    outer loop
      vertex 41.25 26.1292 5
      vertex 37.5471 20.5383 5
      vertex 37.6856 20.4321 5
    endloop
  endfacet
  facet normal 0 0 1
    outer loop
      vertex 40.747 26.391 5
      vertex 37.4 20.632 5
      vertex 37.5471 20.5383 5
    endloop
  endfacet
  facet normal 0 0 1
    outer loop
      vertex 39.6823 26.7785 5
      vertex 37.2452 20.7126 5
      vertex 37.4 20.632 5
    endloop
  endfacet
  facet normal 0 0 1
    outer loop
      vertex 38.5665 26.9753 5
      vertex 37.084 20.7794 5
      vertex 37.2452 20.7126 5
    endloop
  endfacet
  facet normal 0 0 1
    outer loop
      vertex 38 27 5
      vertex 36.9176 20.8318 5
      vertex 37.084 20.7794 5
    endloop
  endfacet
  facet normal 0 0 1
    outer loop
      vertex 38 27 5
      vertex 36.7473 20.8696 5
      vertex 36.9176 20.8318 5
    endloop
  endfacet
  facet normal 0 0 1
    outer loop
      vertex 38 27 5
      vertex 36.5743 20.8924 5
      vertex 36.7473 20.8696 5
    endloop
  endfacet
  facet normal -0 0 1
    outer loop
      vertex 35.5 27 5
      vertex 36.5743 20.8924 5
      vertex 38 27 5
    endloop
  endfacet
  facet normal 0 0 1
    outer loop
      vertex 36.5743 20.8924 5
      vertex 35.5 27 5
      vertex 36.4 20.9 5
    endloop
  endfacet
  facet normal -0 0 1
    outer loop
      vertex 29.5 27 5
      vertex 36.4 20.9 5
      vertex 35.5 27 5
    endloop
  endfacet
  facet normal -0 0 1
    outer loop
      vertex -29.5 27 5
      vertex 36.4 20.9 5
      vertex 29.5 27 5
    endloop
  endfacet
  facet normal 0 0 1
    outer loop
      vertex -36.4 20.9 5
      vertex -29.5 27 5
      vertex -35.5 27 5
    endloop
  endfacet
  facet normal 0 0 1
    outer loop
      vertex -29.5 27 5
      vertex -36.4 20.9 5
      vertex 36.4 20.9 5
    endloop
  endfacet
  facet normal 0 0 1
    outer loop
      vertex -35.5 27 5
      vertex -36.5743 20.8924 5
      vertex -36.4 20.9 5
    endloop
  endfacet
  facet normal -0 0 1
    outer loop
      vertex -38 27 5
      vertex -36.5743 20.8924 5
      vertex -35.5 27 5
    endloop
  endfacet
  facet normal 0 0 1
    outer loop
      vertex -36.5743 20.8924 5
      vertex -38 27 5
      vertex -36.7473 20.8696 5
    endloop
  endfacet
  facet normal 0 0 1
    outer loop
      vertex -36.7473 20.8696 5
      vertex -38 27 5
      vertex -36.9176 20.8318 5
    endloop
  endfacet
  facet normal 0 0 1
    outer loop
      vertex -36.9176 20.8318 5
      vertex -38 27 5
      vertex -37.084 20.7794 5
    endloop
  endfacet
  facet normal -0 0 1
    outer loop
      vertex -38.5665 26.9753 5
      vertex -37.084 20.7794 5
      vertex -38 27 5
    endloop
  endfacet
  facet normal 0 0 1
    outer loop
      vertex -37.084 20.7794 5
      vertex -38.5665 26.9753 5
      vertex -37.2452 20.7126 5
    endloop
  endfacet
  facet normal -0 0 1
    outer loop
      vertex -39.1287 26.9012 5
      vertex -37.2452 20.7126 5
      vertex -38.5665 26.9753 5
    endloop
  endfacet
  facet normal -0 0 1
    outer loop
      vertex -39.6823 26.7785 5
      vertex -37.2452 20.7126 5
      vertex -39.1287 26.9012 5
    endloop
  endfacet
  facet normal 0 0 1
    outer loop
      vertex -37.2452 20.7126 5
      vertex -39.6823 26.7785 5
      vertex -37.4 20.632 5
    endloop
  endfacet
  facet normal -0 0 1
    outer loop
      vertex -40.2231 26.608 5
      vertex -37.4 20.632 5
      vertex -39.6823 26.7785 5
    endloop
  endfacet
  facet normal -0 0 1
    outer loop
      vertex -40.747 26.391 5
      vertex -37.4 20.632 5
      vertex -40.2231 26.608 5
    endloop
  endfacet
  facet normal 0 0 1
    outer loop
      vertex -37.4 20.632 5
      vertex -40.747 26.391 5
      vertex -37.5471 20.5383 5
    endloop
  endfacet
  facet normal -0 0 1
    outer loop
      vertex -41.25 26.1292 5
      vertex -37.5471 20.5383 5
      vertex -40.747 26.391 5
    endloop
  endfacet
  facet normal 0 0 1
    outer loop
      vertex -37.5471 20.5383 5
      vertex -41.25 26.1292 5
      vertex -37.6856 20.4321 5
    endloop
  endfacet
  facet normal -0 0 1
    outer loop
      vertex -41.7282 25.8245 5
      vertex -37.6856 20.4321 5
      vertex -41.25 26.1292 5
    endloop
  endfacet
  facet normal -0 0 1
    outer loop
      vertex -42.1781 25.4793 5
      vertex -37.6856 20.4321 5
      vertex -41.7282 25.8245 5
    endloop
  endfacet
  facet normal 0 0 1
    outer loop
      vertex -37.6856 20.4321 5
      vertex -42.1781 25.4793 5
      vertex -37.8142 20.3142 5
    endloop
  endfacet
  facet normal 0 0 1
    outer loop
      vertex -37.8142 20.3142 5
      vertex -42.9793 24.6781 5
      vertex -37.9321 20.1856 5
    endloop
  endfacet
  facet normal -0 0 1
    outer loop
      vertex -42.9793 24.6781 5
      vertex -37.8142 20.3142 5
      vertex -42.5962 25.0962 5
    endloop
  endfacet
  facet normal -0 0 1
    outer loop
      vertex -42.5962 25.0962 5
      vertex -37.8142 20.3142 5
      vertex -42.1781 25.4793 5
    endloop
  endfacet
  facet normal -0 0 1
    outer loop
      vertex 37.8142 -20.3142 5
      vertex 42.9793 -24.6781 5
      vertex 37.9321 -20.1856 5
    endloop
  endfacet
  facet normal 0 0 1
    outer loop
      vertex 42.9793 -24.6781 5
      vertex 37.8142 -20.3142 5
      vertex 42.5962 -25.0962 5
    endloop
  endfacet
  facet normal 0 0 1
    outer loop
      vertex 42.5962 -25.0962 5
      vertex 37.8142 -20.3142 5
      vertex 42.1781 -25.4793 5
    endloop
  endfacet
  facet normal -0 0 1
    outer loop
      vertex 37.6856 -20.4321 5
      vertex 42.1781 -25.4793 5
      vertex 37.8142 -20.3142 5
    endloop
  endfacet
  facet normal 0 0 1
    outer loop
      vertex 42.1781 -25.4793 5
      vertex 37.6856 -20.4321 5
      vertex 41.7282 -25.8245 5
    endloop
  endfacet
  facet normal 0 0 1
    outer loop
      vertex 41.7282 -25.8245 5
      vertex 37.6856 -20.4321 5
      vertex 41.25 -26.1292 5
    endloop
  endfacet
  facet normal -0 0 1
    outer loop
      vertex 37.5471 -20.5383 5
      vertex 41.25 -26.1292 5
      vertex 37.6856 -20.4321 5
    endloop
  endfacet
  facet normal 0 0 1
    outer loop
      vertex 41.25 -26.1292 5
      vertex 37.5471 -20.5383 5
      vertex 40.747 -26.391 5
    endloop
  endfacet
  facet normal -0 0 1
    outer loop
      vertex 37.4 -20.632 5
      vertex 40.747 -26.391 5
      vertex 37.5471 -20.5383 5
    endloop
  endfacet
  facet normal 0 0 1
    outer loop
      vertex 40.747 -26.391 5
      vertex 37.4 -20.632 5
      vertex 40.2231 -26.608 5
    endloop
  endfacet
  facet normal 0 0 1
    outer loop
      vertex 40.2231 -26.608 5
      vertex 37.4 -20.632 5
      vertex 39.6823 -26.7785 5
    endloop
  endfacet
  facet normal -0 0 1
    outer loop
      vertex 37.2452 -20.7126 5
      vertex 39.6823 -26.7785 5
      vertex 37.4 -20.632 5
    endloop
  endfacet
  facet normal 0 0 1
    outer loop
      vertex 39.6823 -26.7785 5
      vertex 37.2452 -20.7126 5
      vertex 39.1287 -26.9012 5
    endloop
  endfacet
  facet normal 0 0 1
    outer loop
      vertex 39.1287 -26.9012 5
      vertex 37.2452 -20.7126 5
      vertex 38.5665 -26.9753 5
    endloop
  endfacet
  facet normal -0 0 1
    outer loop
      vertex 37.084 -20.7794 5
      vertex 38.5665 -26.9753 5
      vertex 37.2452 -20.7126 5
    endloop
  endfacet
  facet normal 0 0 1
    outer loop
      vertex 38.5665 -26.9753 5
      vertex 37.084 -20.7794 5
      vertex 38 -27 5
    endloop
  endfacet
  facet normal -0 0 1
    outer loop
      vertex 36.9176 -20.8318 5
      vertex 38 -27 5
      vertex 37.084 -20.7794 5
    endloop
  endfacet
  facet normal -0 0 1
    outer loop
      vertex 36.7473 -20.8696 5
      vertex 38 -27 5
      vertex 36.9176 -20.8318 5
    endloop
  endfacet
  facet normal -0 0 1
    outer loop
      vertex 36.5743 -20.8924 5
      vertex 38 -27 5
      vertex 36.7473 -20.8696 5
    endloop
  endfacet
  facet normal 0 0 1
    outer loop
      vertex 35.5 -27 5
      vertex 36.5743 -20.8924 5
      vertex 36.4 -20.9 5
    endloop
  endfacet
  facet normal 0 0 1
    outer loop
      vertex 36.5743 -20.8924 5
      vertex 35.5 -27 5
      vertex 38 -27 5
    endloop
  endfacet
  facet normal 0 0 1
    outer loop
      vertex 36.4 -20.9 5
      vertex 29.5 -27 5
      vertex 35.5 -27 5
    endloop
  endfacet
  facet normal 0 0 1
    outer loop
      vertex 36.4 -20.9 5
      vertex -29.5 -27 5
      vertex 29.5 -27 5
    endloop
  endfacet
  facet normal -0 0 1
    outer loop
      vertex -36.4 -20.9 5
      vertex -29.5 -27 5
      vertex 36.4 -20.9 5
    endloop
  endfacet
  facet normal 0 0 1
    outer loop
      vertex -29.5 -27 5
      vertex -36.4 -20.9 5
      vertex -35.5 -27 5
    endloop
  endfacet
  facet normal 0 0 1
    outer loop
      vertex -36.5743 -20.8924 5
      vertex -35.5 -27 5
      vertex -36.4 -20.9 5
    endloop
  endfacet
  facet normal 0 0 1
    outer loop
      vertex -38 -27 5
      vertex -36.5743 -20.8924 5
      vertex -36.7473 -20.8696 5
    endloop
  endfacet
  facet normal 0 0 1
    outer loop
      vertex -38 -27 5
      vertex -36.7473 -20.8696 5
      vertex -36.9176 -20.8318 5
    endloop
  endfacet
  facet normal 0 0 1
    outer loop
      vertex -38 -27 5
      vertex -36.9176 -20.8318 5
      vertex -37.084 -20.7794 5
    endloop
  endfacet
  facet normal 0 0 1
    outer loop
      vertex -38.5665 -26.9753 5
      vertex -37.084 -20.7794 5
      vertex -37.2452 -20.7126 5
    endloop
  endfacet
  facet normal 0 0 1
    outer loop
      vertex -39.6823 -26.7785 5
      vertex -37.2452 -20.7126 5
      vertex -37.4 -20.632 5
    endloop
  endfacet
  facet normal 0 0 1
    outer loop
      vertex -40.747 -26.391 5
      vertex -37.4 -20.632 5
      vertex -37.5471 -20.5383 5
    endloop
  endfacet
  facet normal 0 0 1
    outer loop
      vertex -41.25 -26.1292 5
      vertex -37.5471 -20.5383 5
      vertex -37.6856 -20.4321 5
    endloop
  endfacet
  facet normal 0 0 1
    outer loop
      vertex -42.1781 -25.4793 5
      vertex -37.6856 -20.4321 5
      vertex -37.8142 -20.3142 5
    endloop
  endfacet
  facet normal 0 0 1
    outer loop
      vertex -42.9793 -24.6781 5
      vertex -37.8142 -20.3142 5
      vertex -37.9321 -20.1856 5
    endloop
  endfacet
  facet normal 0 0 1
    outer loop
      vertex -36.5743 -20.8924 5
      vertex -38 -27 5
      vertex -35.5 -27 5
    endloop
  endfacet
  facet normal 0 0 1
    outer loop
      vertex -43.3245 -24.2282 5
      vertex -37.9321 -20.1856 5
      vertex -38.0383 -20.0471 5
    endloop
  endfacet
  facet normal 0 0 1
    outer loop
      vertex -43.891 -23.247 5
      vertex -38.0383 -20.0471 5
      vertex -38.132 -19.9 5
    endloop
  endfacet
  facet normal 0 0 1
    outer loop
      vertex -44.2785 -22.1823 5
      vertex -38.132 -19.9 5
      vertex -38.2126 -19.7452 5
    endloop
  endfacet
  facet normal 0 0 1
    outer loop
      vertex -44.4012 -21.6287 5
      vertex -38.2126 -19.7452 5
      vertex -38.2794 -19.584 5
    endloop
  endfacet
  facet normal 0 0 1
    outer loop
      vertex -44.5 -20.5 5
      vertex -38.2794 -19.584 5
      vertex -38.3318 -19.4176 5
    endloop
  endfacet
  facet normal 0 0 1
    outer loop
      vertex -44.5 -20.5 5
      vertex -38.3318 -19.4176 5
      vertex -38.3696 -19.2473 5
    endloop
  endfacet
  facet normal 0 0 1
    outer loop
      vertex -44.5 -20.5 5
      vertex -38.3696 -19.2473 5
      vertex -38.3924 -19.0743 5
    endloop
  endfacet
  facet normal 0 0 1
    outer loop
      vertex -37.084 -20.7794 5
      vertex -38.5665 -26.9753 5
      vertex -38 -27 5
    endloop
  endfacet
  facet normal 0 0 1
    outer loop
      vertex -44.5 -20.5 5
      vertex -38.3924 -19.0743 5
      vertex -38.4 -18.9 5
    endloop
  endfacet
  facet normal 0 0 1
    outer loop
      vertex -38.4 18.9 5
      vertex -44.5 3 5
      vertex -38.4 -18.9 5
    endloop
  endfacet
  facet normal -0 0 1
    outer loop
      vertex -43.3245 24.2282 5
      vertex -37.9321 20.1856 5
      vertex -42.9793 24.6781 5
    endloop
  endfacet
  facet normal -0 0 1
    outer loop
      vertex -44.5 -3 5
      vertex -38.4 -18.9 5
      vertex -44.5 3 5
    endloop
  endfacet
  facet normal 0 0 1
    outer loop
      vertex -37.9321 20.1856 5
      vertex -43.3245 24.2282 5
      vertex -38.0383 20.0471 5
    endloop
  endfacet
  facet normal 0 0 1
    outer loop
      vertex -44.5 -20.5 5
      vertex -38.4 -18.9 5
      vertex -44.5 -3 5
    endloop
  endfacet
  facet normal -0 0 1
    outer loop
      vertex -43.6292 23.75 5
      vertex -38.0383 20.0471 5
      vertex -43.3245 24.2282 5
    endloop
  endfacet
  facet normal 0 0 1
    outer loop
      vertex -38.2794 -19.584 5
      vertex -44.5 -20.5 5
      vertex -44.4753 -21.0665 5
    endloop
  endfacet
  facet normal -0 0 1
    outer loop
      vertex -43.891 23.247 5
      vertex -38.0383 20.0471 5
      vertex -43.6292 23.75 5
    endloop
  endfacet
  facet normal 0 0 1
    outer loop
      vertex -37.2452 -20.7126 5
      vertex -39.1287 -26.9012 5
      vertex -38.5665 -26.9753 5
    endloop
  endfacet
  facet normal 0 0 1
    outer loop
      vertex -38.0383 20.0471 5
      vertex -43.891 23.247 5
      vertex -38.132 19.9 5
    endloop
  endfacet
  facet normal 0 0 1
    outer loop
      vertex -37.2452 -20.7126 5
      vertex -39.6823 -26.7785 5
      vertex -39.1287 -26.9012 5
    endloop
  endfacet
  facet normal -0 0 1
    outer loop
      vertex -44.108 22.7231 5
      vertex -38.132 19.9 5
      vertex -43.891 23.247 5
    endloop
  endfacet
  facet normal 0 0 1
    outer loop
      vertex -37.4 -20.632 5
      vertex -40.2231 -26.608 5
      vertex -39.6823 -26.7785 5
    endloop
  endfacet
  facet normal -0 0 1
    outer loop
      vertex -44.2785 22.1823 5
      vertex -38.132 19.9 5
      vertex -44.108 22.7231 5
    endloop
  endfacet
  facet normal 0 0 1
    outer loop
      vertex -37.4 -20.632 5
      vertex -40.747 -26.391 5
      vertex -40.2231 -26.608 5
    endloop
  endfacet
  facet normal 0 0 1
    outer loop
      vertex -38.132 19.9 5
      vertex -44.2785 22.1823 5
      vertex -38.2126 19.7452 5
    endloop
  endfacet
  facet normal 0 0 1
    outer loop
      vertex -37.5471 -20.5383 5
      vertex -41.25 -26.1292 5
      vertex -40.747 -26.391 5
    endloop
  endfacet
  facet normal -0 0 1
    outer loop
      vertex -44.4012 21.6287 5
      vertex -38.2126 19.7452 5
      vertex -44.2785 22.1823 5
    endloop
  endfacet
  facet normal 0 0 1
    outer loop
      vertex -37.6856 -20.4321 5
      vertex -41.7282 -25.8245 5
      vertex -41.25 -26.1292 5
    endloop
  endfacet
  facet normal 0 0 1
    outer loop
      vertex -38.2126 19.7452 5
      vertex -44.4012 21.6287 5
      vertex -38.2794 19.584 5
    endloop
  endfacet
  facet normal 0 0 1
    outer loop
      vertex -37.6856 -20.4321 5
      vertex -42.1781 -25.4793 5
      vertex -41.7282 -25.8245 5
    endloop
  endfacet
  facet normal -0 0 1
    outer loop
      vertex -44.4753 21.0665 5
      vertex -38.2794 19.584 5
      vertex -44.4012 21.6287 5
    endloop
  endfacet
  facet normal 0 0 1
    outer loop
      vertex -37.8142 -20.3142 5
      vertex -42.5962 -25.0962 5
      vertex -42.1781 -25.4793 5
    endloop
  endfacet
  facet normal -0 0 1
    outer loop
      vertex -44.5 20.5 5
      vertex -38.2794 19.584 5
      vertex -44.4753 21.0665 5
    endloop
  endfacet
  facet normal 0 0 1
    outer loop
      vertex -37.8142 -20.3142 5
      vertex -42.9793 -24.6781 5
      vertex -42.5962 -25.0962 5
    endloop
  endfacet
  facet normal 0 0 1
    outer loop
      vertex -38.2794 19.584 5
      vertex -44.5 20.5 5
      vertex -38.3318 19.4176 5
    endloop
  endfacet
  facet normal 0 0 1
    outer loop
      vertex -37.9321 -20.1856 5
      vertex -43.3245 -24.2282 5
      vertex -42.9793 -24.6781 5
    endloop
  endfacet
  facet normal 0 0 1
    outer loop
      vertex -38.3318 19.4176 5
      vertex -44.5 20.5 5
      vertex -38.3696 19.2473 5
    endloop
  endfacet
  facet normal 0 0 1
    outer loop
      vertex -38.0383 -20.0471 5
      vertex -43.6292 -23.75 5
      vertex -43.3245 -24.2282 5
    endloop
  endfacet
  facet normal 0 0 1
    outer loop
      vertex -38.3696 19.2473 5
      vertex -44.5 20.5 5
      vertex -38.3924 19.0743 5
    endloop
  endfacet
  facet normal 0 0 1
    outer loop
      vertex -38.0383 -20.0471 5
      vertex -43.891 -23.247 5
      vertex -43.6292 -23.75 5
    endloop
  endfacet
  facet normal 0 0 1
    outer loop
      vertex -38.3924 19.0743 5
      vertex -44.5 20.5 5
      vertex -38.4 18.9 5
    endloop
  endfacet
  facet normal 0 0 1
    outer loop
      vertex -38.132 -19.9 5
      vertex -44.108 -22.7231 5
      vertex -43.891 -23.247 5
    endloop
  endfacet
  facet normal 0 0 1
    outer loop
      vertex -38.4 18.9 5
      vertex -44.5 20.5 5
      vertex -44.5 3 5
    endloop
  endfacet
  facet normal 0 0 1
    outer loop
      vertex -38.132 -19.9 5
      vertex -44.2785 -22.1823 5
      vertex -44.108 -22.7231 5
    endloop
  endfacet
  facet normal 0 0 1
    outer loop
      vertex -38.2126 -19.7452 5
      vertex -44.4012 -21.6287 5
      vertex -44.2785 -22.1823 5
    endloop
  endfacet
  facet normal 0 0 1
    outer loop
      vertex -38.2794 -19.584 5
      vertex -44.4753 -21.0665 5
      vertex -44.4012 -21.6287 5
    endloop
  endfacet
  facet normal 0.461686 0.887043 -0
    outer loop
      vertex -40.747 -26.391 22.3
      vertex -41.25 -26.1292 23.79
      vertex -40.747 -26.391 23.79
    endloop
  endfacet
  facet normal 0.461686 0.887043 0
    outer loop
      vertex -41.25 -26.1292 23.79
      vertex -40.747 -26.391 22.3
      vertex -41.25 -26.1292 22.3
    endloop
  endfacet
  facet normal -0.461686 -0.887043 0
    outer loop
      vertex -41.25 -26.1292 4
      vertex -40.747 -26.391 5
      vertex -41.25 -26.1292 5
    endloop
  endfacet
  facet normal -0.461686 -0.887043 -0
    outer loop
      vertex -40.747 -26.391 5
      vertex -41.25 -26.1292 4
      vertex -40.747 -26.391 4
    endloop
  endfacet
  facet normal 0.130673 0.991425 -0
    outer loop
      vertex 39.1287 26.9012 4
      vertex 38.5665 26.9753 5
      vertex 39.1287 26.9012 5
    endloop
  endfacet
  facet normal 0.130673 0.991425 0
    outer loop
      vertex 38.5665 26.9753 5
      vertex 39.1287 26.9012 4
      vertex 38.5665 26.9753 4
    endloop
  endfacet
  facet normal -0.130673 -0.991425 0
    outer loop
      vertex 38.5665 26.9753 22.3
      vertex 39.1287 26.9012 23.79
      vertex 38.5665 26.9753 23.79
    endloop
  endfacet
  facet normal -0.130673 -0.991425 -0
    outer loop
      vertex 39.1287 26.9012 23.79
      vertex 38.5665 26.9753 22.3
      vertex 39.1287 26.9012 22.3
    endloop
  endfacet
  facet normal 0.793371 0.608739 0
    outer loop
      vertex -42.9793 -24.6781 23.79
      vertex -43.3245 -24.2282 22.3
      vertex -43.3245 -24.2282 23.79
    endloop
  endfacet
  facet normal 0.793371 0.608739 0
    outer loop
      vertex -43.3245 -24.2282 22.3
      vertex -42.9793 -24.6781 23.79
      vertex -42.9793 -24.6781 22.3
    endloop
  endfacet
  facet normal -0.793371 -0.608739 0
    outer loop
      vertex -42.9793 -24.6781 4
      vertex -43.3245 -24.2282 5
      vertex -43.3245 -24.2282 4
    endloop
  endfacet
  facet normal -0.793371 -0.608739 0
    outer loop
      vertex -43.3245 -24.2282 5
      vertex -42.9793 -24.6781 4
      vertex -42.9793 -24.6781 5
    endloop
  endfacet
  facet normal 0.737293 0.675573 0
    outer loop
      vertex -42.5962 -25.0962 23.79
      vertex -42.9793 -24.6781 22.3
      vertex -42.9793 -24.6781 23.79
    endloop
  endfacet
  facet normal 0.737293 0.675573 0
    outer loop
      vertex -42.9793 -24.6781 22.3
      vertex -42.5962 -25.0962 23.79
      vertex -42.5962 -25.0962 22.3
    endloop
  endfacet
  facet normal -0.737293 -0.675573 0
    outer loop
      vertex -42.5962 -25.0962 4
      vertex -42.9793 -24.6781 5
      vertex -42.9793 -24.6781 4
    endloop
  endfacet
  facet normal -0.737293 -0.675573 0
    outer loop
      vertex -42.9793 -24.6781 5
      vertex -42.5962 -25.0962 4
      vertex -42.5962 -25.0962 5
    endloop
  endfacet
  facet normal 0.300684 0.953724 -0
    outer loop
      vertex -39.6823 -26.7785 22.3
      vertex -40.2231 -26.608 23.79
      vertex -39.6823 -26.7785 23.79
    endloop
  endfacet
  facet normal 0.300684 0.953724 0
    outer loop
      vertex -40.2231 -26.608 23.79
      vertex -39.6823 -26.7785 22.3
      vertex -40.2231 -26.608 22.3
    endloop
  endfacet
  facet normal -0.300684 -0.953724 0
    outer loop
      vertex -40.2231 -26.608 4
      vertex -39.6823 -26.7785 5
      vertex -40.2231 -26.608 5
    endloop
  endfacet
  facet normal -0.300684 -0.953724 -0
    outer loop
      vertex -39.6823 -26.7785 5
      vertex -40.2231 -26.608 4
      vertex -39.6823 -26.7785 4
    endloop
  endfacet
  facet normal 0.991425 0.130673 0
    outer loop
      vertex 44.4753 21.0665 5
      vertex 44.4012 21.6287 4
      vertex 44.4012 21.6287 5
    endloop
  endfacet
  facet normal 0.991425 0.130673 0
    outer loop
      vertex 44.4012 21.6287 4
      vertex 44.4753 21.0665 5
      vertex 44.4753 21.0665 4
    endloop
  endfacet
  facet normal -0.991425 -0.130673 0
    outer loop
      vertex 44.4753 21.0665 22.3
      vertex 44.4012 21.6287 23.79
      vertex 44.4012 21.6287 22.3
    endloop
  endfacet
  facet normal -0.991425 -0.130673 0
    outer loop
      vertex 44.4012 21.6287 23.79
      vertex 44.4753 21.0665 22.3
      vertex 44.4753 21.0665 23.79
    endloop
  endfacet
  facet normal -0.923884 0.382674 0
    outer loop
      vertex 43.891 -23.247 22.3
      vertex 44.108 -22.7231 23.79
      vertex 44.108 -22.7231 22.3
    endloop
  endfacet
  facet normal -0.923884 0.382674 0
    outer loop
      vertex 44.108 -22.7231 23.79
      vertex 43.891 -23.247 22.3
      vertex 43.891 -23.247 23.79
    endloop
  endfacet
  facet normal 0.923884 -0.382674 0
    outer loop
      vertex 43.891 -23.247 5
      vertex 44.108 -22.7231 4
      vertex 44.108 -22.7231 5
    endloop
  endfacet
  facet normal 0.923884 -0.382674 0
    outer loop
      vertex 44.108 -22.7231 4
      vertex 43.891 -23.247 5
      vertex 43.891 -23.247 4
    endloop
  endfacet
  facet normal -0.953724 0.300684 0
    outer loop
      vertex 44.108 -22.7231 22.3
      vertex 44.2785 -22.1823 23.79
      vertex 44.2785 -22.1823 22.3
    endloop
  endfacet
  facet normal -0.953724 0.300684 0
    outer loop
      vertex 44.2785 -22.1823 23.79
      vertex 44.108 -22.7231 22.3
      vertex 44.108 -22.7231 23.79
    endloop
  endfacet
  facet normal 0.953724 -0.300684 0
    outer loop
      vertex 44.108 -22.7231 5
      vertex 44.2785 -22.1823 4
      vertex 44.2785 -22.1823 5
    endloop
  endfacet
  facet normal 0.953724 -0.300684 0
    outer loop
      vertex 44.2785 -22.1823 4
      vertex 44.108 -22.7231 5
      vertex 44.108 -22.7231 4
    endloop
  endfacet
  facet normal -0.793371 0.608739 0
    outer loop
      vertex -43.3245 24.2282 4
      vertex -42.9793 24.6781 5
      vertex -42.9793 24.6781 4
    endloop
  endfacet
  facet normal -0.793371 0.608739 0
    outer loop
      vertex -42.9793 24.6781 5
      vertex -43.3245 24.2282 4
      vertex -43.3245 24.2282 5
    endloop
  endfacet
  facet normal 0.793371 -0.608739 0
    outer loop
      vertex -43.3245 24.2282 23.79
      vertex -42.9793 24.6781 22.3
      vertex -42.9793 24.6781 23.79
    endloop
  endfacet
  facet normal 0.793371 -0.608739 0
    outer loop
      vertex -42.9793 24.6781 22.3
      vertex -43.3245 24.2282 23.79
      vertex -43.3245 24.2282 22.3
    endloop
  endfacet
  facet normal 0.999051 0.0435597 0
    outer loop
      vertex 44.5 20.5 5
      vertex 44.4753 21.0665 4
      vertex 44.4753 21.0665 5
    endloop
  endfacet
  facet normal 0.999051 0.0435597 0
    outer loop
      vertex 44.4753 21.0665 4
      vertex 44.5 20.5 5
      vertex 44.5 20.5 4
    endloop
  endfacet
  facet normal -0.999051 -0.0435597 0
    outer loop
      vertex 44.5 20.5 22.3
      vertex 44.4753 21.0665 23.79
      vertex 44.4753 21.0665 22.3
    endloop
  endfacet
  facet normal -0.999051 -0.0435597 0
    outer loop
      vertex 44.4753 21.0665 23.79
      vertex 44.5 20.5 22.3
      vertex 44.5 20.5 23.79
    endloop
  endfacet
  facet normal 0.675573 0.737293 -0
    outer loop
      vertex 42.5962 25.0962 4
      vertex 42.1781 25.4793 5
      vertex 42.5962 25.0962 5
    endloop
  endfacet
  facet normal 0.675573 0.737293 0
    outer loop
      vertex 42.1781 25.4793 5
      vertex 42.5962 25.0962 4
      vertex 42.1781 25.4793 4
    endloop
  endfacet
  facet normal -0.675573 -0.737293 0
    outer loop
      vertex 42.1781 25.4793 22.3
      vertex 42.5962 25.0962 23.79
      vertex 42.1781 25.4793 23.79
    endloop
  endfacet
  facet normal -0.675573 -0.737293 -0
    outer loop
      vertex 42.5962 25.0962 23.79
      vertex 42.1781 25.4793 22.3
      vertex 42.5962 25.0962 22.3
    endloop
  endfacet
  facet normal -0.843349 0.537366 0
    outer loop
      vertex -43.6292 23.75 4
      vertex -43.3245 24.2282 5
      vertex -43.3245 24.2282 4
    endloop
  endfacet
  facet normal -0.843349 0.537366 0
    outer loop
      vertex -43.3245 24.2282 5
      vertex -43.6292 23.75 4
      vertex -43.6292 23.75 5
    endloop
  endfacet
  facet normal 0.843349 -0.537366 0
    outer loop
      vertex -43.6292 23.75 23.79
      vertex -43.3245 24.2282 22.3
      vertex -43.3245 24.2282 23.79
    endloop
  endfacet
  facet normal 0.843349 -0.537366 0
    outer loop
      vertex -43.3245 24.2282 22.3
      vertex -43.6292 23.75 23.79
      vertex -43.6292 23.75 22.3
    endloop
  endfacet
  facet normal -0.675573 0.737293 0
    outer loop
      vertex -42.1781 25.4793 4
      vertex -42.5962 25.0962 5
      vertex -42.1781 25.4793 5
    endloop
  endfacet
  facet normal -0.675573 0.737293 0
    outer loop
      vertex -42.5962 25.0962 5
      vertex -42.1781 25.4793 4
      vertex -42.5962 25.0962 4
    endloop
  endfacet
  facet normal 0.675573 -0.737293 0
    outer loop
      vertex -42.5962 25.0962 22.3
      vertex -42.1781 25.4793 23.79
      vertex -42.5962 25.0962 23.79
    endloop
  endfacet
  facet normal 0.675573 -0.737293 0
    outer loop
      vertex -42.1781 25.4793 23.79
      vertex -42.5962 25.0962 22.3
      vertex -42.1781 25.4793 22.3
    endloop
  endfacet
  facet normal -0.999051 0.0435597 0
    outer loop
      vertex 44.4753 -21.0665 22.3
      vertex 44.5 -20.5 23.79
      vertex 44.5 -20.5 22.3
    endloop
  endfacet
  facet normal -0.999051 0.0435597 0
    outer loop
      vertex 44.5 -20.5 23.79
      vertex 44.4753 -21.0665 22.3
      vertex 44.4753 -21.0665 23.79
    endloop
  endfacet
  facet normal 0.999051 -0.0435597 0
    outer loop
      vertex 44.4753 -21.0665 5
      vertex 44.5 -20.5 4
      vertex 44.5 -20.5 5
    endloop
  endfacet
  facet normal 0.999051 -0.0435597 0
    outer loop
      vertex 44.5 -20.5 4
      vertex 44.4753 -21.0665 5
      vertex 44.4753 -21.0665 4
    endloop
  endfacet
  facet normal 0.793371 0.608739 0
    outer loop
      vertex 43.3245 24.2282 5
      vertex 42.9793 24.6781 4
      vertex 42.9793 24.6781 5
    endloop
  endfacet
  facet normal 0.793371 0.608739 0
    outer loop
      vertex 42.9793 24.6781 4
      vertex 43.3245 24.2282 5
      vertex 43.3245 24.2282 4
    endloop
  endfacet
  facet normal -0.793371 -0.608739 0
    outer loop
      vertex 43.3245 24.2282 22.3
      vertex 42.9793 24.6781 23.79
      vertex 42.9793 24.6781 22.3
    endloop
  endfacet
  facet normal -0.793371 -0.608739 0
    outer loop
      vertex 42.9793 24.6781 23.79
      vertex 43.3245 24.2282 22.3
      vertex 43.3245 24.2282 23.79
    endloop
  endfacet
  facet normal 0.300684 0.953724 -0
    outer loop
      vertex 40.2231 26.608 4
      vertex 39.6823 26.7785 5
      vertex 40.2231 26.608 5
    endloop
  endfacet
  facet normal 0.300684 0.953724 0
    outer loop
      vertex 39.6823 26.7785 5
      vertex 40.2231 26.608 4
      vertex 39.6823 26.7785 4
    endloop
  endfacet
  facet normal -0.300684 -0.953724 0
    outer loop
      vertex 39.6823 26.7785 22.3
      vertex 40.2231 26.608 23.79
      vertex 39.6823 26.7785 23.79
    endloop
  endfacet
  facet normal -0.300684 -0.953724 -0
    outer loop
      vertex 40.2231 26.608 23.79
      vertex 39.6823 26.7785 22.3
      vertex 40.2231 26.608 22.3
    endloop
  endfacet
  facet normal 0.976307 0.216389 0
    outer loop
      vertex 44.4012 21.6287 5
      vertex 44.2785 22.1823 4
      vertex 44.2785 22.1823 5
    endloop
  endfacet
  facet normal 0.976307 0.216389 0
    outer loop
      vertex 44.2785 22.1823 4
      vertex 44.4012 21.6287 5
      vertex 44.4012 21.6287 4
    endloop
  endfacet
  facet normal -0.976307 -0.216389 0
    outer loop
      vertex 44.4012 21.6287 22.3
      vertex 44.2785 22.1823 23.79
      vertex 44.2785 22.1823 22.3
    endloop
  endfacet
  facet normal -0.976307 -0.216389 0
    outer loop
      vertex 44.2785 22.1823 23.79
      vertex 44.4012 21.6287 22.3
      vertex 44.4012 21.6287 23.79
    endloop
  endfacet
  facet normal 0.953724 0.300684 0
    outer loop
      vertex 44.2785 22.1823 5
      vertex 44.108 22.7231 4
      vertex 44.108 22.7231 5
    endloop
  endfacet
  facet normal 0.953724 0.300684 0
    outer loop
      vertex 44.108 22.7231 4
      vertex 44.2785 22.1823 5
      vertex 44.2785 22.1823 4
    endloop
  endfacet
  facet normal -0.953724 -0.300684 0
    outer loop
      vertex 44.2785 22.1823 22.3
      vertex 44.108 22.7231 23.79
      vertex 44.108 22.7231 22.3
    endloop
  endfacet
  facet normal -0.953724 -0.300684 0
    outer loop
      vertex 44.108 22.7231 23.79
      vertex 44.2785 22.1823 22.3
      vertex 44.2785 22.1823 23.79
    endloop
  endfacet
  facet normal 0.923884 0.382674 0
    outer loop
      vertex 44.108 22.7231 5
      vertex 43.891 23.247 4
      vertex 43.891 23.247 5
    endloop
  endfacet
  facet normal 0.923884 0.382674 0
    outer loop
      vertex 43.891 23.247 4
      vertex 44.108 22.7231 5
      vertex 44.108 22.7231 4
    endloop
  endfacet
  facet normal -0.923884 -0.382674 0
    outer loop
      vertex 44.108 22.7231 22.3
      vertex 43.891 23.247 23.79
      vertex 43.891 23.247 22.3
    endloop
  endfacet
  facet normal -0.923884 -0.382674 0
    outer loop
      vertex 43.891 23.247 23.79
      vertex 44.108 22.7231 22.3
      vertex 44.108 22.7231 23.79
    endloop
  endfacet
  facet normal 0.737293 0.675573 0
    outer loop
      vertex 42.9793 24.6781 5
      vertex 42.5962 25.0962 4
      vertex 42.5962 25.0962 5
    endloop
  endfacet
  facet normal 0.737293 0.675573 0
    outer loop
      vertex 42.5962 25.0962 4
      vertex 42.9793 24.6781 5
      vertex 42.9793 24.6781 4
    endloop
  endfacet
  facet normal -0.737293 -0.675573 0
    outer loop
      vertex 42.9793 24.6781 22.3
      vertex 42.5962 25.0962 23.79
      vertex 42.5962 25.0962 22.3
    endloop
  endfacet
  facet normal -0.737293 -0.675573 0
    outer loop
      vertex 42.5962 25.0962 23.79
      vertex 42.9793 24.6781 22.3
      vertex 42.9793 24.6781 23.79
    endloop
  endfacet
  facet normal -0.737293 0.675573 0
    outer loop
      vertex -42.9793 24.6781 4
      vertex -42.5962 25.0962 5
      vertex -42.5962 25.0962 4
    endloop
  endfacet
  facet normal -0.737293 0.675573 0
    outer loop
      vertex -42.5962 25.0962 5
      vertex -42.9793 24.6781 4
      vertex -42.9793 24.6781 5
    endloop
  endfacet
  facet normal 0.737293 -0.675573 0
    outer loop
      vertex -42.9793 24.6781 23.79
      vertex -42.5962 25.0962 22.3
      vertex -42.5962 25.0962 23.79
    endloop
  endfacet
  facet normal 0.737293 -0.675573 0
    outer loop
      vertex -42.5962 25.0962 22.3
      vertex -42.9793 24.6781 23.79
      vertex -42.9793 24.6781 22.3
    endloop
  endfacet
  facet normal 0.843349 0.537366 0
    outer loop
      vertex 43.6292 23.75 5
      vertex 43.3245 24.2282 4
      vertex 43.3245 24.2282 5
    endloop
  endfacet
  facet normal 0.843349 0.537366 0
    outer loop
      vertex 43.3245 24.2282 4
      vertex 43.6292 23.75 5
      vertex 43.6292 23.75 4
    endloop
  endfacet
  facet normal -0.843349 -0.537366 0
    outer loop
      vertex 43.6292 23.75 22.3
      vertex 43.3245 24.2282 23.79
      vertex 43.3245 24.2282 22.3
    endloop
  endfacet
  facet normal -0.843349 -0.537366 0
    outer loop
      vertex 43.3245 24.2282 23.79
      vertex 43.6292 23.75 22.3
      vertex 43.6292 23.75 23.79
    endloop
  endfacet
  facet normal -0.737293 0.675573 0
    outer loop
      vertex 42.5962 -25.0962 22.3
      vertex 42.9793 -24.6781 23.79
      vertex 42.9793 -24.6781 22.3
    endloop
  endfacet
  facet normal -0.737293 0.675573 0
    outer loop
      vertex 42.9793 -24.6781 23.79
      vertex 42.5962 -25.0962 22.3
      vertex 42.5962 -25.0962 23.79
    endloop
  endfacet
  facet normal 0.737293 -0.675573 0
    outer loop
      vertex 42.5962 -25.0962 5
      vertex 42.9793 -24.6781 4
      vertex 42.9793 -24.6781 5
    endloop
  endfacet
  facet normal 0.737293 -0.675573 0
    outer loop
      vertex 42.9793 -24.6781 4
      vertex 42.5962 -25.0962 5
      vertex 42.5962 -25.0962 4
    endloop
  endfacet
  facet normal 0.913101 -0.0397254 0.405794
    outer loop
      vertex -45.0246 20.8008 25
      vertex -44.4753 21.0665 23.79
      vertex -45.011 21.1134 25
    endloop
  endfacet
  facet normal 0.913105 -0.0398123 0.405777
    outer loop
      vertex -44.4753 21.0665 23.79
      vertex -45.0246 20.8008 25
      vertex -44.5 20.5 23.79
    endloop
  endfacet
  facet normal -0.844395 0.349749 0.4058
    outer loop
      vertex 43.891 -23.247 23.79
      vertex 44.4981 -23.1852 25
      vertex 44.108 -22.7231 23.79
    endloop
  endfacet
  facet normal -0.844432 0.349631 0.405824
    outer loop
      vertex 44.4981 -23.1852 25
      vertex 43.891 -23.247 23.79
      vertex 44.3784 -23.4743 25
    endloop
  endfacet
  facet normal -0.913071 -0.0400683 0.405826
    outer loop
      vertex 45.0378 20.5 25
      vertex 45.0246 20.8008 25
      vertex 44.5 20.5 23.79
    endloop
  endfacet
  facet normal -0.906138 -0.119341 0.405798
    outer loop
      vertex 45.011 21.1134 25
      vertex 44.9717 21.4118 25
      vertex 44.4753 21.0665 23.79
    endloop
  endfacet
  facet normal 0 0.913805 0.406152
    outer loop
      vertex 38 -27 23.79
      vertex -38 -27.5378 25
      vertex 38 -27.5378 25
    endloop
  endfacet
  facet normal 0 0.913805 0.406152
    outer loop
      vertex -38 -27.5378 25
      vertex 38 -27 23.79
      vertex -38 -27 23.79
    endloop
  endfacet
  facet normal -0.913101 -0.0397254 0.405794
    outer loop
      vertex 44.4753 21.0665 23.79
      vertex 45.0246 20.8008 25
      vertex 45.011 21.1134 25
    endloop
  endfacet
  facet normal -0.913105 -0.0398123 0.405777
    outer loop
      vertex 45.0246 20.8008 25
      vertex 44.4753 21.0665 23.79
      vertex 44.5 20.5 23.79
    endloop
  endfacet
  facet normal 0.197769 -0.892299 0.405821
    outer loop
      vertex -39.1287 26.9012 23.79
      vertex -39.5276 27.3631 25
      vertex -39.6823 26.7785 23.79
    endloop
  endfacet
  facet normal 0.198012 -0.892222 0.405871
    outer loop
      vertex -39.5276 27.3631 25
      vertex -39.1287 26.9012 23.79
      vertex -39.2221 27.4309 25
    endloop
  endfacet
  facet normal 0.892222 0.198012 0.405871
    outer loop
      vertex -44.8631 -22.0276 25
      vertex -44.4012 -21.6287 23.79
      vertex -44.9309 -21.7221 25
    endloop
  endfacet
  facet normal 0.892299 0.197769 0.405821
    outer loop
      vertex -44.4012 -21.6287 23.79
      vertex -44.8631 -22.0276 25
      vertex -44.2785 -22.1823 23.79
    endloop
  endfacet
  facet normal 0.0400683 0.913071 0.405826
    outer loop
      vertex -38 -27.5378 25
      vertex -38 -27 23.79
      vertex -38.3008 -27.5246 25
    endloop
  endfacet
  facet normal -0.725098 0.556355 0.405835
    outer loop
      vertex 42.9793 -24.6781 23.79
      vertex 43.5818 -24.7755 25
      vertex 43.3245 -24.2282 23.79
    endloop
  endfacet
  facet normal -0.725118 0.556323 0.405843
    outer loop
      vertex 43.5818 -24.7755 25
      vertex 42.9793 -24.6781 23.79
      vertex 43.3913 -25.0238 25
    endloop
  endfacet
  facet normal -0.673844 0.617435 0.405844
    outer loop
      vertex 42.5962 -25.0962 23.79
      vertex 43.3913 -25.0238 25
      vertex 42.9793 -24.6781 23.79
    endloop
  endfacet
  facet normal -0.673712 0.617643 0.405745
    outer loop
      vertex 43.3913 -25.0238 25
      vertex 42.5962 -25.0962 23.79
      vertex 43.1798 -25.2545 25
    endloop
  endfacet
  facet normal 0.422036 -0.810673 0.405827
    outer loop
      vertex -40.747 26.391 23.79
      vertex -40.9743 26.8784 25
      vertex -41.2413 26.7394 25
    endloop
  endfacet
  facet normal 0.349631 -0.844432 0.405824
    outer loop
      vertex -40.747 26.391 23.79
      vertex -40.6852 26.9981 25
      vertex -40.9743 26.8784 25
    endloop
  endfacet
  facet normal 0.349749 -0.844395 0.4058
    outer loop
      vertex -40.6852 26.9981 25
      vertex -40.747 26.391 23.79
      vertex -40.2231 26.608 23.79
    endloop
  endfacet
  facet normal -0.0397254 0.913101 0.405794
    outer loop
      vertex 38.5665 -26.9753 23.79
      vertex 38.3008 -27.5246 25
      vertex 38.6134 -27.511 25
    endloop
  endfacet
  facet normal -0.0398123 0.913105 0.405777
    outer loop
      vertex 38.3008 -27.5246 25
      vertex 38.5665 -26.9753 23.79
      vertex 38 -27 23.79
    endloop
  endfacet
  facet normal 0.421961 0.81072 0.40581
    outer loop
      vertex -41.25 -26.1292 23.79
      vertex -41.2413 -26.7394 25
      vertex -40.747 -26.391 23.79
    endloop
  endfacet
  facet normal 0.421999 0.810705 0.405802
    outer loop
      vertex -41.2413 -26.7394 25
      vertex -41.25 -26.1292 23.79
      vertex -41.5189 -26.5949 25
    endloop
  endfacet
  facet normal 0.770788 0.491132 0.405803
    outer loop
      vertex -44.0949 -24.0189 25
      vertex -43.3245 -24.2282 23.79
      vertex -43.6292 -23.75 23.79
    endloop
  endfacet
  facet normal 0.770837 0.491011 0.405855
    outer loop
      vertex -43.3245 -24.2282 23.79
      vertex -44.0949 -24.0189 25
      vertex -43.9268 -24.2828 25
    endloop
  endfacet
  facet normal 0.81072 0.421961 0.40581
    outer loop
      vertex -44.2394 -23.7413 25
      vertex -43.6292 -23.75 23.79
      vertex -43.891 -23.247 23.79
    endloop
  endfacet
  facet normal 0.810705 0.421999 0.405802
    outer loop
      vertex -43.6292 -23.75 23.79
      vertex -44.2394 -23.7413 25
      vertex -44.0949 -24.0189 25
    endloop
  endfacet
  facet normal 0.617435 0.673844 0.405844
    outer loop
      vertex -42.5962 -25.0962 23.79
      vertex -42.5238 -25.8913 25
      vertex -42.1781 -25.4793 23.79
    endloop
  endfacet
  facet normal 0.617643 0.673712 0.405745
    outer loop
      vertex -42.5238 -25.8913 25
      vertex -42.5962 -25.0962 23.79
      vertex -42.7545 -25.6798 25
    endloop
  endfacet
  facet normal 0.725142 0.556307 0.405823
    outer loop
      vertex -43.5818 -24.7755 25
      vertex -43.3245 -24.2282 23.79
      vertex -43.765 -24.5367 25
    endloop
  endfacet
  facet normal -0.119341 -0.906138 0.405798
    outer loop
      vertex 38.9118 27.4717 25
      vertex 38.6134 27.511 25
      vertex 38.5665 26.9753 23.79
    endloop
  endfacet
  facet normal -0.871575 0.275043 0.405842
    outer loop
      vertex 44.7074 -22.6086 25
      vertex 44.798 -22.3215 25
      vertex 44.2785 -22.1823 23.79
    endloop
  endfacet
  facet normal 0.906138 -0.119341 0.405798
    outer loop
      vertex -44.4753 21.0665 23.79
      vertex -44.9717 21.4118 25
      vertex -45.011 21.1134 25
    endloop
  endfacet
  facet normal 4.23378e-05 -0.913297 0.407295
    outer loop
      vertex 38 27 23.79
      vertex -1.12524 27.5378 25
      vertex -1.13955 27.5184 24.9565
    endloop
  endfacet
  facet normal 4.70884e-06 -0.913766 0.406241
    outer loop
      vertex 38 27 23.79
      vertex -1.13955 27.5184 24.9565
      vertex -1.17155 27.4823 24.8753
    endloop
  endfacet
  facet normal -9.24433e-06 -0.913953 0.405821
    outer loop
      vertex 38 27 23.79
      vertex -1.17155 27.4823 24.8753
      vertex -1.2236 27.4236 24.7431
    endloop
  endfacet
  facet normal -2.04134e-06 -0.913843 0.406068
    outer loop
      vertex 38 27 23.79
      vertex -1.2236 27.4236 24.7431
      vertex -1.27981 27.3705 24.6236
    endloop
  endfacet
  facet normal -2.55934e-07 -0.913812 0.406139
    outer loop
      vertex 38 27 23.79
      vertex -1.27981 27.3705 24.6236
      vertex -1.31497 27.3373 24.5489
    endloop
  endfacet
  facet normal -8.83608e-06 -0.913976 0.405767
    outer loop
      vertex 38 27 23.79
      vertex -1.31497 27.3373 24.5489
      vertex -1.35315 27.3072 24.4811
    endloop
  endfacet
  facet normal -1.02192e-06 -0.913811 0.406139
    outer loop
      vertex 38 27 23.79
      vertex -1.35315 27.3072 24.4811
      vertex -1.41298 27.26 24.3749
    endloop
  endfacet
  facet normal 1.9104e-06 -0.913738 0.406304
    outer loop
      vertex 38 27 23.79
      vertex -1.41298 27.26 24.3749
      vertex -1.51693 27.1921 24.2222
    endloop
  endfacet
  facet normal -4.5041e-06 -0.913956 0.405814
    outer loop
      vertex 38 27 23.79
      vertex -1.51693 27.1921 24.2222
      vertex -1.56022 27.1691 24.1704
    endloop
  endfacet
  facet normal 7.83712e-06 -0.913479 0.406886
    outer loop
      vertex 38 27 23.79
      vertex -1.56022 27.1691 24.1704
      vertex -1.62609 27.134 24.0916
    endloop
  endfacet
  facet normal -7.66191e-07 -0.913899 0.405942
    outer loop
      vertex 38 27 23.79
      vertex -1.62609 27.134 24.0916
      vertex -1.67146 27.1149 24.0486
    endloop
  endfacet
  facet normal 7.6258e-07 -0.913812 0.406138
    outer loop
      vertex 38 27 23.79
      vertex -1.67146 27.1149 24.0486
      vertex -1.73972 27.0861 23.9838
    endloop
  endfacet
  facet normal -7.01912e-06 -0.914403 0.404805
    outer loop
      vertex 38 27 23.79
      vertex -1.73972 27.0861 23.9838
      vertex -1.80997 27.0637 23.9332
    endloop
  endfacet
  facet normal 1.94644e-06 -0.913479 0.406886
    outer loop
      vertex 38 27 23.79
      vertex -1.80997 27.0637 23.9332
      vertex -1.85705 27.0486 23.8993
    endloop
  endfacet
  facet normal 2.58239e-07 -0.913708 0.406372
    outer loop
      vertex 38 27 23.79
      vertex -1.85705 27.0486 23.8993
      vertex -1.92886 27.0325 23.8631
    endloop
  endfacet
  facet normal -3.29183e-06 -0.914426 0.404753
    outer loop
      vertex 38 27 23.79
      vertex -1.92886 27.0325 23.8631
      vertex -1.97733 27.0217 23.8387
    endloop
  endfacet
  facet normal 3.99711e-07 -0.913302 0.407282
    outer loop
      vertex 38 27 23.79
      vertex -1.97733 27.0217 23.8387
      vertex -2.02683 27.0151 23.8239
    endloop
  endfacet
  facet normal 1.21578e-06 -0.912944 0.408086
    outer loop
      vertex 38 27 23.79
      vertex -2.02683 27.0151 23.8239
      vertex -2.09976 27.0054 23.8022
    endloop
  endfacet
  facet normal -1.18527e-06 -0.915865 0.401487
    outer loop
      vertex 38 27 23.79
      vertex -2.09976 27.0054 23.8022
      vertex -2.17346 27.0022 23.7949
    endloop
  endfacet
  facet normal 0 -0.91227 0.40959
    outer loop
      vertex 38 27 23.79
      vertex -2.17346 27.0022 23.7949
      vertex -2.22357 27 23.79
    endloop
  endfacet
  facet normal 0 -0.913805 0.406152
    outer loop
      vertex -1.12524 27.5378 25
      vertex 38 27 23.79
      vertex 38 27.5378 25
    endloop
  endfacet
  facet normal 0 0 0
    outer loop
      vertex 38 27 23.79
      vertex -2.22357 27 23.79
      vertex -2.7516 27 23.79
    endloop
  endfacet
  facet normal 0 -0.913805 0.406152
    outer loop
      vertex -38 27 23.79
      vertex -7.47476 27.5378 25
      vertex -38 27.5378 25
    endloop
  endfacet
  facet normal -5.41118e-05 -0.913298 0.407292
    outer loop
      vertex -7.47476 27.5378 25
      vertex -38 27 23.79
      vertex -7.46044 27.5184 24.9565
    endloop
  endfacet
  facet normal -6.01523e-06 -0.913766 0.406241
    outer loop
      vertex -7.46044 27.5184 24.9565
      vertex -38 27 23.79
      vertex -7.42845 27.4823 24.8753
    endloop
  endfacet
  facet normal 1.1809e-05 -0.913952 0.405822
    outer loop
      vertex -7.42845 27.4823 24.8753
      vertex -38 27 23.79
      vertex -7.3764 27.4236 24.7431
    endloop
  endfacet
  facet normal 2.60634e-06 -0.913843 0.406069
    outer loop
      vertex -7.3764 27.4236 24.7431
      vertex -38 27 23.79
      vertex -7.32019 27.3705 24.6236
    endloop
  endfacet
  facet normal 3.2677e-07 -0.913811 0.406139
    outer loop
      vertex -7.32019 27.3705 24.6236
      vertex -38 27 23.79
      vertex -7.28503 27.3373 24.5489
    endloop
  endfacet
  facet normal 1.12762e-05 -0.913976 0.405769
    outer loop
      vertex -7.28503 27.3373 24.5489
      vertex -38 27 23.79
      vertex -7.24685 27.3072 24.4811
    endloop
  endfacet
  facet normal 1.30413e-06 -0.913811 0.406139
    outer loop
      vertex -7.24685 27.3072 24.4811
      vertex -38 27 23.79
      vertex -7.18702 27.26 24.3749
    endloop
  endfacet
  facet normal -2.43679e-06 -0.913738 0.406304
    outer loop
      vertex -7.18702 27.26 24.3749
      vertex -38 27 23.79
      vertex -7.08307 27.1921 24.2222
    endloop
  endfacet
  facet normal 5.74252e-06 -0.913955 0.405815
    outer loop
      vertex -7.08307 27.1921 24.2222
      vertex -38 27 23.79
      vertex -7.03978 27.1691 24.1704
    endloop
  endfacet
  facet normal -9.99196e-06 -0.91348 0.406884
    outer loop
      vertex -7.03978 27.1691 24.1704
      vertex -38 27 23.79
      vertex -6.97391 27.134 24.0916
    endloop
  endfacet
  facet normal 9.76413e-07 -0.913899 0.405942
    outer loop
      vertex -6.97391 27.134 24.0916
      vertex -38 27 23.79
      vertex -6.92854 27.1149 24.0486
    endloop
  endfacet
  facet normal -9.71814e-07 -0.913812 0.406138
    outer loop
      vertex -6.92854 27.1149 24.0486
      vertex -38 27 23.79
      vertex -6.86028 27.0861 23.9838
    endloop
  endfacet
  facet normal 8.94101e-06 -0.914402 0.404807
    outer loop
      vertex -6.86028 27.0861 23.9838
      vertex -38 27 23.79
      vertex -6.79003 27.0637 23.9332
    endloop
  endfacet
  facet normal -2.47939e-06 -0.913479 0.406886
    outer loop
      vertex -6.79003 27.0637 23.9332
      vertex -38 27 23.79
      vertex -6.74295 27.0486 23.8993
    endloop
  endfacet
  facet normal -3.288e-07 -0.913708 0.406372
    outer loop
      vertex -6.74295 27.0486 23.8993
      vertex -38 27 23.79
      vertex -6.67113 27.0325 23.8631
    endloop
  endfacet
  facet normal 4.1913e-06 -0.914426 0.404754
    outer loop
      vertex -6.67113 27.0325 23.8631
      vertex -38 27 23.79
      vertex -6.62267 27.0217 23.8387
    endloop
  endfacet
  facet normal -5.087e-07 -0.913303 0.407282
    outer loop
      vertex -6.62267 27.0217 23.8387
      vertex -38 27 23.79
      vertex -6.57317 27.0151 23.8239
    endloop
  endfacet
  facet normal -1.54728e-06 -0.912944 0.408085
    outer loop
      vertex -6.57317 27.0151 23.8239
      vertex -38 27 23.79
      vertex -6.50024 27.0054 23.8022
    endloop
  endfacet
  facet normal 1.50761e-06 -0.915864 0.40149
    outer loop
      vertex -6.50024 27.0054 23.8022
      vertex -38 27 23.79
      vertex -6.42654 27.0022 23.7949
    endloop
  endfacet
  facet normal 0 -0.91227 0.40959
    outer loop
      vertex -6.42654 27.0022 23.7949
      vertex -38 27 23.79
      vertex -6.37643 27 23.79
    endloop
  endfacet
  facet normal 0 0 -0
    outer loop
      vertex -6.37643 27 23.79
      vertex -38 27 23.79
      vertex -5.8484 27 23.79
    endloop
  endfacet
  facet normal 0 0 -0
    outer loop
      vertex -5.8484 27 23.79
      vertex -38 27 23.79
      vertex 38 27 23.79
    endloop
  endfacet
  facet normal 0 0 0
    outer loop
      vertex 38 27 23.79
      vertex -2.7516 27 23.79
      vertex -5.8484 27 23.79
    endloop
  endfacet
  facet normal 0.67402 -0.617244 0.405841
    outer loop
      vertex -42.5962 25.0962 23.79
      vertex -42.9765 25.4765 25
      vertex -43.1798 25.2545 25
    endloop
  endfacet
  facet normal 0.274789 -0.871675 0.4058
    outer loop
      vertex -40.2231 26.608 23.79
      vertex -40.1086 27.2074 25
      vertex -40.4071 27.1133 25
    endloop
  endfacet
  facet normal 0.274814 -0.871669 0.405795
    outer loop
      vertex -40.1086 27.2074 25
      vertex -40.2231 26.608 23.79
      vertex -39.6823 26.7785 23.79
    endloop
  endfacet
  facet normal -0.119341 0.906138 0.405798
    outer loop
      vertex 38.6134 -27.511 25
      vertex 38.9118 -27.4717 25
      vertex 38.5665 -26.9753 23.79
    endloop
  endfacet
  facet normal 0.349776 0.844381 0.405805
    outer loop
      vertex -40.4071 -27.1133 25
      vertex -40.2231 -26.608 23.79
      vertex -40.6852 -26.9981 25
    endloop
  endfacet
  facet normal 0.770837 -0.491011 0.405855
    outer loop
      vertex -44.0949 24.0189 25
      vertex -43.3245 24.2282 23.79
      vertex -43.9268 24.2828 25
    endloop
  endfacet
  facet normal 0.770788 -0.491132 0.405803
    outer loop
      vertex -43.3245 24.2282 23.79
      vertex -44.0949 24.0189 25
      vertex -43.6292 23.75 23.79
    endloop
  endfacet
  facet normal 0.49117 -0.770754 0.405821
    outer loop
      vertex -41.7282 25.8245 23.79
      vertex -41.7828 26.4268 25
      vertex -42.0367 26.265 25
    endloop
  endfacet
  facet normal 0.810705 -0.421999 0.405802
    outer loop
      vertex -44.2394 23.7413 25
      vertex -43.6292 23.75 23.79
      vertex -44.0949 24.0189 25
    endloop
  endfacet
  facet normal 0.81072 -0.421961 0.40581
    outer loop
      vertex -43.6292 23.75 23.79
      vertex -44.2394 23.7413 25
      vertex -43.891 23.247 23.79
    endloop
  endfacet
  facet normal 0.810673 0.422036 0.405827
    outer loop
      vertex -44.2394 -23.7413 25
      vertex -43.891 -23.247 23.79
      vertex -44.3784 -23.4743 25
    endloop
  endfacet
  facet normal -0.0400683 -0.913071 0.405826
    outer loop
      vertex 38 27 23.79
      vertex 38.3008 27.5246 25
      vertex 38 27.5378 25
    endloop
  endfacet
  facet normal 0.349749 0.844395 0.4058
    outer loop
      vertex -40.747 -26.391 23.79
      vertex -40.6852 -26.9981 25
      vertex -40.2231 -26.608 23.79
    endloop
  endfacet
  facet normal 0.349631 0.844432 0.405824
    outer loop
      vertex -40.6852 -26.9981 25
      vertex -40.747 -26.391 23.79
      vertex -40.9743 -26.8784 25
    endloop
  endfacet
  facet normal 0.844395 0.349749 0.4058
    outer loop
      vertex -44.4981 -23.1852 25
      vertex -43.891 -23.247 23.79
      vertex -44.108 -22.7231 23.79
    endloop
  endfacet
  facet normal 0.844432 0.349631 0.405824
    outer loop
      vertex -43.891 -23.247 23.79
      vertex -44.4981 -23.1852 25
      vertex -44.3784 -23.4743 25
    endloop
  endfacet
  facet normal -0.556307 -0.725142 0.405823
    outer loop
      vertex 42.2755 26.0818 25
      vertex 42.0367 26.265 25
      vertex 41.7282 25.8245 23.79
    endloop
  endfacet
  facet normal 0.871669 0.274814 0.405795
    outer loop
      vertex -44.7074 -22.6086 25
      vertex -44.108 -22.7231 23.79
      vertex -44.2785 -22.1823 23.79
    endloop
  endfacet
  facet normal 0.871675 0.274789 0.4058
    outer loop
      vertex -44.108 -22.7231 23.79
      vertex -44.7074 -22.6086 25
      vertex -44.6133 -22.9071 25
    endloop
  endfacet
  facet normal -0.892299 -0.197769 0.405821
    outer loop
      vertex 44.4012 21.6287 23.79
      vertex 44.8631 22.0276 25
      vertex 44.2785 22.1823 23.79
    endloop
  endfacet
  facet normal -0.892222 -0.198012 0.405871
    outer loop
      vertex 44.8631 22.0276 25
      vertex 44.4012 21.6287 23.79
      vertex 44.9309 21.7221 25
    endloop
  endfacet
  facet normal -0.421999 0.810705 0.405802
    outer loop
      vertex 41.25 -26.1292 23.79
      vertex 41.2413 -26.7394 25
      vertex 41.5189 -26.5949 25
    endloop
  endfacet
  facet normal -0.421961 0.81072 0.40581
    outer loop
      vertex 41.2413 -26.7394 25
      vertex 41.25 -26.1292 23.79
      vertex 40.747 -26.391 23.79
    endloop
  endfacet
  facet normal -0.810673 0.422036 0.405827
    outer loop
      vertex 44.2394 -23.7413 25
      vertex 44.3784 -23.4743 25
      vertex 43.891 -23.247 23.79
    endloop
  endfacet
  facet normal -0.556355 -0.725098 0.405835
    outer loop
      vertex 42.1781 25.4793 23.79
      vertex 42.2755 26.0818 25
      vertex 41.7282 25.8245 23.79
    endloop
  endfacet
  facet normal -0.556323 -0.725118 0.405843
    outer loop
      vertex 42.2755 26.0818 25
      vertex 42.1781 25.4793 23.79
      vertex 42.5238 25.8913 25
    endloop
  endfacet
  facet normal 0.0398123 0.913105 0.405777
    outer loop
      vertex -38.5665 -26.9753 23.79
      vertex -38.3008 -27.5246 25
      vertex -38 -27 23.79
    endloop
  endfacet
  facet normal 0.0397254 0.913101 0.405794
    outer loop
      vertex -38.3008 -27.5246 25
      vertex -38.5665 -26.9753 23.79
      vertex -38.6134 -27.511 25
    endloop
  endfacet
  facet normal 0.491132 0.770788 0.405803
    outer loop
      vertex -41.7282 -25.8245 23.79
      vertex -41.5189 -26.5949 25
      vertex -41.25 -26.1292 23.79
    endloop
  endfacet
  facet normal 0.491011 0.770837 0.405855
    outer loop
      vertex -41.5189 -26.5949 25
      vertex -41.7282 -25.8245 23.79
      vertex -41.7828 -26.4268 25
    endloop
  endfacet
  facet normal 0.422036 0.810673 0.405827
    outer loop
      vertex -40.9743 -26.8784 25
      vertex -40.747 -26.391 23.79
      vertex -41.2413 -26.7394 25
    endloop
  endfacet
  facet normal -0.274814 -0.871669 0.405795
    outer loop
      vertex 40.2231 26.608 23.79
      vertex 40.1086 27.2074 25
      vertex 39.6823 26.7785 23.79
    endloop
  endfacet
  facet normal -0.274789 -0.871675 0.4058
    outer loop
      vertex 40.1086 27.2074 25
      vertex 40.2231 26.608 23.79
      vertex 40.4071 27.1133 25
    endloop
  endfacet
  facet normal 0.906118 0.11943 0.405815
    outer loop
      vertex -44.9717 -21.4118 25
      vertex -44.4012 -21.6287 23.79
      vertex -44.4753 -21.0665 23.79
    endloop
  endfacet
  facet normal 0.906131 0.119143 0.405872
    outer loop
      vertex -44.4012 -21.6287 23.79
      vertex -44.9717 -21.4118 25
      vertex -44.9309 -21.7221 25
    endloop
  endfacet
  facet normal 0.892222 -0.198012 0.405871
    outer loop
      vertex -44.4012 21.6287 23.79
      vertex -44.8631 22.0276 25
      vertex -44.9309 21.7221 25
    endloop
  endfacet
  facet normal 0.892299 -0.197769 0.405821
    outer loop
      vertex -44.8631 22.0276 25
      vertex -44.4012 21.6287 23.79
      vertex -44.2785 22.1823 23.79
    endloop
  endfacet
  facet normal -0.913071 0.0400683 0.405826
    outer loop
      vertex 45.0246 -20.8008 25
      vertex 45.0378 -20.5 25
      vertex 44.5 -20.5 23.79
    endloop
  endfacet
  facet normal 0.349776 -0.844381 0.405805
    outer loop
      vertex -40.2231 26.608 23.79
      vertex -40.4071 27.1133 25
      vertex -40.6852 26.9981 25
    endloop
  endfacet
  facet normal -0.119143 0.906131 0.405872
    outer loop
      vertex 39.1287 -26.9012 23.79
      vertex 38.9118 -27.4717 25
      vertex 39.2221 -27.4309 25
    endloop
  endfacet
  facet normal -0.11943 0.906118 0.405815
    outer loop
      vertex 38.9118 -27.4717 25
      vertex 39.1287 -26.9012 23.79
      vertex 38.5665 -26.9753 23.79
    endloop
  endfacet
  facet normal 0.725098 0.556355 0.405835
    outer loop
      vertex -43.5818 -24.7755 25
      vertex -42.9793 -24.6781 23.79
      vertex -43.3245 -24.2282 23.79
    endloop
  endfacet
  facet normal 0.725118 0.556323 0.405843
    outer loop
      vertex -42.9793 -24.6781 23.79
      vertex -43.5818 -24.7755 25
      vertex -43.3913 -25.0238 25
    endloop
  endfacet
  facet normal 0.556355 0.725098 0.405835
    outer loop
      vertex -42.1781 -25.4793 23.79
      vertex -42.2755 -26.0818 25
      vertex -41.7282 -25.8245 23.79
    endloop
  endfacet
  facet normal 0.556323 0.725118 0.405843
    outer loop
      vertex -42.2755 -26.0818 25
      vertex -42.1781 -25.4793 23.79
      vertex -42.5238 -25.8913 25
    endloop
  endfacet
  facet normal 0.275043 -0.871575 0.405842
    outer loop
      vertex -39.6823 26.7785 23.79
      vertex -39.8215 27.298 25
      vertex -40.1086 27.2074 25
    endloop
  endfacet
  facet normal 0.913805 -0 0.406152
    outer loop
      vertex -45.0378 -20.5 25
      vertex -44.5 20.5 23.79
      vertex -45.0378 20.5 25
    endloop
  endfacet
  facet normal 0.913805 0 0.406152
    outer loop
      vertex -44.5 20.5 23.79
      vertex -45.0378 -20.5 25
      vertex -44.5 -20.5 23.79
    endloop
  endfacet
  facet normal -0.844381 0.349776 0.405805
    outer loop
      vertex 44.4981 -23.1852 25
      vertex 44.6133 -22.9071 25
      vertex 44.108 -22.7231 23.79
    endloop
  endfacet
  facet normal -0.673712 -0.617643 0.405745
    outer loop
      vertex 42.5962 25.0962 23.79
      vertex 43.3913 25.0238 25
      vertex 43.1798 25.2545 25
    endloop
  endfacet
  facet normal -0.673844 -0.617435 0.405844
    outer loop
      vertex 43.3913 25.0238 25
      vertex 42.5962 25.0962 23.79
      vertex 42.9793 24.6781 23.79
    endloop
  endfacet
  facet normal -0.11943 -0.906118 0.405815
    outer loop
      vertex 39.1287 26.9012 23.79
      vertex 38.9118 27.4717 25
      vertex 38.5665 26.9753 23.79
    endloop
  endfacet
  facet normal -0.119143 -0.906131 0.405872
    outer loop
      vertex 38.9118 27.4717 25
      vertex 39.1287 26.9012 23.79
      vertex 39.2221 27.4309 25
    endloop
  endfacet
  facet normal 0.844432 -0.349631 0.405824
    outer loop
      vertex -44.4981 23.1852 25
      vertex -43.891 23.247 23.79
      vertex -44.3784 23.4743 25
    endloop
  endfacet
  facet normal 0.844395 -0.349749 0.4058
    outer loop
      vertex -43.891 23.247 23.79
      vertex -44.4981 23.1852 25
      vertex -44.108 22.7231 23.79
    endloop
  endfacet
  facet normal 0.0400683 -0.913071 0.405826
    outer loop
      vertex -38 27 23.79
      vertex -38 27.5378 25
      vertex -38.3008 27.5246 25
    endloop
  endfacet
  facet normal 0.617244 -0.67402 0.405841
    outer loop
      vertex -42.5962 25.0962 23.79
      vertex -42.7545 25.6798 25
      vertex -42.9765 25.4765 25
    endloop
  endfacet
  facet normal -0.197651 0.892315 0.405843
    outer loop
      vertex 39.8215 -27.298 25
      vertex 39.6823 -26.7785 23.79
      vertex 39.5276 -27.3631 25
    endloop
  endfacet
  facet normal -0.422036 -0.810673 0.405827
    outer loop
      vertex 41.2413 26.7394 25
      vertex 40.9743 26.8784 25
      vertex 40.747 26.391 23.79
    endloop
  endfacet
  facet normal -0.67402 0.617244 0.405841
    outer loop
      vertex 42.9765 -25.4765 25
      vertex 43.1798 -25.2545 25
      vertex 42.5962 -25.0962 23.79
    endloop
  endfacet
  facet normal 0.119341 0.906138 0.405798
    outer loop
      vertex -38.6134 -27.511 25
      vertex -38.5665 -26.9753 23.79
      vertex -38.9118 -27.4717 25
    endloop
  endfacet
  facet normal -0.197769 0.892299 0.405821
    outer loop
      vertex 39.1287 -26.9012 23.79
      vertex 39.5276 -27.3631 25
      vertex 39.6823 -26.7785 23.79
    endloop
  endfacet
  facet normal -0.198012 0.892222 0.405871
    outer loop
      vertex 39.5276 -27.3631 25
      vertex 39.1287 -26.9012 23.79
      vertex 39.2221 -27.4309 25
    endloop
  endfacet
  facet normal -0.0400683 0.913071 0.405826
    outer loop
      vertex 38 -27.5378 25
      vertex 38.3008 -27.5246 25
      vertex 38 -27 23.79
    endloop
  endfacet
  facet normal -0.421961 -0.81072 0.40581
    outer loop
      vertex 41.25 26.1292 23.79
      vertex 41.2413 26.7394 25
      vertex 40.747 26.391 23.79
    endloop
  endfacet
  facet normal -0.421999 -0.810705 0.405802
    outer loop
      vertex 41.2413 26.7394 25
      vertex 41.25 26.1292 23.79
      vertex 41.5189 26.5949 25
    endloop
  endfacet
  facet normal -0.422036 0.810673 0.405827
    outer loop
      vertex 40.9743 -26.8784 25
      vertex 41.2413 -26.7394 25
      vertex 40.747 -26.391 23.79
    endloop
  endfacet
  facet normal 0.725118 -0.556323 0.405843
    outer loop
      vertex -43.5818 24.7755 25
      vertex -42.9793 24.6781 23.79
      vertex -43.3913 25.0238 25
    endloop
  endfacet
  facet normal 0.725098 -0.556355 0.405835
    outer loop
      vertex -42.9793 24.6781 23.79
      vertex -43.5818 24.7755 25
      vertex -43.3245 24.2282 23.79
    endloop
  endfacet
  facet normal 0.673844 0.617435 0.405844
    outer loop
      vertex -43.3913 -25.0238 25
      vertex -42.5962 -25.0962 23.79
      vertex -42.9793 -24.6781 23.79
    endloop
  endfacet
  facet normal 0.673712 0.617643 0.405745
    outer loop
      vertex -42.5962 -25.0962 23.79
      vertex -43.3913 -25.0238 25
      vertex -43.1798 -25.2545 25
    endloop
  endfacet
  facet normal 0.810673 -0.422036 0.405827
    outer loop
      vertex -43.891 23.247 23.79
      vertex -44.2394 23.7413 25
      vertex -44.3784 23.4743 25
    endloop
  endfacet
  facet normal -0.197651 -0.892315 0.405843
    outer loop
      vertex 39.6823 26.7785 23.79
      vertex 39.8215 27.298 25
      vertex 39.5276 27.3631 25
    endloop
  endfacet
  facet normal -0.844381 -0.349776 0.405805
    outer loop
      vertex 44.6133 22.9071 25
      vertex 44.4981 23.1852 25
      vertex 44.108 22.7231 23.79
    endloop
  endfacet
  facet normal 0.906138 0.119341 0.405798
    outer loop
      vertex -44.9717 -21.4118 25
      vertex -44.4753 -21.0665 23.79
      vertex -45.011 -21.1134 25
    endloop
  endfacet
  facet normal 0.770754 0.49117 0.405821
    outer loop
      vertex -43.765 -24.5367 25
      vertex -43.3245 -24.2282 23.79
      vertex -43.9268 -24.2828 25
    endloop
  endfacet
  facet normal 0.491011 -0.770837 0.405855
    outer loop
      vertex -41.7282 25.8245 23.79
      vertex -41.5189 26.5949 25
      vertex -41.7828 26.4268 25
    endloop
  endfacet
  facet normal 0.491132 -0.770788 0.405803
    outer loop
      vertex -41.5189 26.5949 25
      vertex -41.7282 25.8245 23.79
      vertex -41.25 26.1292 23.79
    endloop
  endfacet
  facet normal 0.844381 0.349776 0.405805
    outer loop
      vertex -44.4981 -23.1852 25
      vertex -44.108 -22.7231 23.79
      vertex -44.6133 -22.9071 25
    endloop
  endfacet
  facet normal 0.67402 0.617244 0.405841
    outer loop
      vertex -42.9765 -25.4765 25
      vertex -42.5962 -25.0962 23.79
      vertex -43.1798 -25.2545 25
    endloop
  endfacet
  facet normal 0.617244 0.67402 0.405841
    outer loop
      vertex -42.7545 -25.6798 25
      vertex -42.5962 -25.0962 23.79
      vertex -42.9765 -25.4765 25
    endloop
  endfacet
  facet normal -0.49117 -0.770754 0.405821
    outer loop
      vertex 42.0367 26.265 25
      vertex 41.7828 26.4268 25
      vertex 41.7282 25.8245 23.79
    endloop
  endfacet
  facet normal -0.906131 -0.119143 0.405872
    outer loop
      vertex 44.4012 21.6287 23.79
      vertex 44.9717 21.4118 25
      vertex 44.9309 21.7221 25
    endloop
  endfacet
  facet normal -0.906118 -0.11943 0.405815
    outer loop
      vertex 44.9717 21.4118 25
      vertex 44.4012 21.6287 23.79
      vertex 44.4753 21.0665 23.79
    endloop
  endfacet
  facet normal 0.892315 0.197651 0.405843
    outer loop
      vertex -44.798 -22.3215 25
      vertex -44.2785 -22.1823 23.79
      vertex -44.8631 -22.0276 25
    endloop
  endfacet
  facet normal 0.871575 0.275043 0.405842
    outer loop
      vertex -44.7074 -22.6086 25
      vertex -44.2785 -22.1823 23.79
      vertex -44.798 -22.3215 25
    endloop
  endfacet
  facet normal -0.556323 0.725118 0.405843
    outer loop
      vertex 42.1781 -25.4793 23.79
      vertex 42.2755 -26.0818 25
      vertex 42.5238 -25.8913 25
    endloop
  endfacet
  facet normal -0.556355 0.725098 0.405835
    outer loop
      vertex 42.2755 -26.0818 25
      vertex 42.1781 -25.4793 23.79
      vertex 41.7282 -25.8245 23.79
    endloop
  endfacet
  facet normal -0.770754 0.49117 0.405821
    outer loop
      vertex 43.765 -24.5367 25
      vertex 43.9268 -24.2828 25
      vertex 43.3245 -24.2282 23.79
    endloop
  endfacet
  facet normal 0.49117 0.770754 0.405821
    outer loop
      vertex -41.7828 -26.4268 25
      vertex -41.7282 -25.8245 23.79
      vertex -42.0367 -26.265 25
    endloop
  endfacet
  facet normal -0.275043 0.871575 0.405842
    outer loop
      vertex 39.8215 -27.298 25
      vertex 40.1086 -27.2074 25
      vertex 39.6823 -26.7785 23.79
    endloop
  endfacet
  facet normal -0.198012 -0.892222 0.405871
    outer loop
      vertex 39.1287 26.9012 23.79
      vertex 39.5276 27.3631 25
      vertex 39.2221 27.4309 25
    endloop
  endfacet
  facet normal -0.197769 -0.892299 0.405821
    outer loop
      vertex 39.5276 27.3631 25
      vertex 39.1287 26.9012 23.79
      vertex 39.6823 26.7785 23.79
    endloop
  endfacet
  facet normal 0.906131 -0.119143 0.405872
    outer loop
      vertex -44.9717 21.4118 25
      vertex -44.4012 21.6287 23.79
      vertex -44.9309 21.7221 25
    endloop
  endfacet
  facet normal 0.906118 -0.11943 0.405815
    outer loop
      vertex -44.4012 21.6287 23.79
      vertex -44.9717 21.4118 25
      vertex -44.4753 21.0665 23.79
    endloop
  endfacet
  facet normal 0.892315 -0.197651 0.405843
    outer loop
      vertex -44.2785 22.1823 23.79
      vertex -44.798 22.3215 25
      vertex -44.8631 22.0276 25
    endloop
  endfacet
  facet normal -0.81072 0.421961 0.40581
    outer loop
      vertex 43.6292 -23.75 23.79
      vertex 44.2394 -23.7413 25
      vertex 43.891 -23.247 23.79
    endloop
  endfacet
  facet normal -0.810705 0.421999 0.405802
    outer loop
      vertex 44.2394 -23.7413 25
      vertex 43.6292 -23.75 23.79
      vertex 44.0949 -24.0189 25
    endloop
  endfacet
  facet normal 0.556307 0.725142 0.405823
    outer loop
      vertex -42.0367 -26.265 25
      vertex -41.7282 -25.8245 23.79
      vertex -42.2755 -26.0818 25
    endloop
  endfacet
  facet normal 0.197651 -0.892315 0.405843
    outer loop
      vertex -39.6823 26.7785 23.79
      vertex -39.5276 27.3631 25
      vertex -39.8215 27.298 25
    endloop
  endfacet
  facet normal -0.556307 0.725142 0.405823
    outer loop
      vertex 42.0367 -26.265 25
      vertex 42.2755 -26.0818 25
      vertex 41.7282 -25.8245 23.79
    endloop
  endfacet
  facet normal 0.119143 -0.906131 0.405872
    outer loop
      vertex -39.1287 26.9012 23.79
      vertex -38.9118 27.4717 25
      vertex -39.2221 27.4309 25
    endloop
  endfacet
  facet normal 0.11943 -0.906118 0.405815
    outer loop
      vertex -38.9118 27.4717 25
      vertex -39.1287 26.9012 23.79
      vertex -38.5665 26.9753 23.79
    endloop
  endfacet
  facet normal 0.421999 -0.810705 0.405802
    outer loop
      vertex -41.25 26.1292 23.79
      vertex -41.2413 26.7394 25
      vertex -41.5189 26.5949 25
    endloop
  endfacet
  facet normal 0.421961 -0.81072 0.40581
    outer loop
      vertex -41.2413 26.7394 25
      vertex -41.25 26.1292 23.79
      vertex -40.747 26.391 23.79
    endloop
  endfacet
  facet normal -0.617643 0.673712 0.405745
    outer loop
      vertex 42.5962 -25.0962 23.79
      vertex 42.5238 -25.8913 25
      vertex 42.7545 -25.6798 25
    endloop
  endfacet
  facet normal -0.617435 0.673844 0.405844
    outer loop
      vertex 42.5238 -25.8913 25
      vertex 42.5962 -25.0962 23.79
      vertex 42.1781 -25.4793 23.79
    endloop
  endfacet
  facet normal -0.349631 0.844432 0.405824
    outer loop
      vertex 40.747 -26.391 23.79
      vertex 40.6852 -26.9981 25
      vertex 40.9743 -26.8784 25
    endloop
  endfacet
  facet normal -0.349749 0.844395 0.4058
    outer loop
      vertex 40.6852 -26.9981 25
      vertex 40.747 -26.391 23.79
      vertex 40.2231 -26.608 23.79
    endloop
  endfacet
  facet normal 0.198012 0.892222 0.405871
    outer loop
      vertex -39.1287 -26.9012 23.79
      vertex -39.5276 -27.3631 25
      vertex -39.2221 -27.4309 25
    endloop
  endfacet
  facet normal 0.197769 0.892299 0.405821
    outer loop
      vertex -39.5276 -27.3631 25
      vertex -39.1287 -26.9012 23.79
      vertex -39.6823 -26.7785 23.79
    endloop
  endfacet
  facet normal -0.617435 -0.673844 0.405844
    outer loop
      vertex 42.5962 25.0962 23.79
      vertex 42.5238 25.8913 25
      vertex 42.1781 25.4793 23.79
    endloop
  endfacet
  facet normal -0.617643 -0.673712 0.405745
    outer loop
      vertex 42.5238 25.8913 25
      vertex 42.5962 25.0962 23.79
      vertex 42.7545 25.6798 25
    endloop
  endfacet
  facet normal -0.844432 -0.349631 0.405824
    outer loop
      vertex 43.891 23.247 23.79
      vertex 44.4981 23.1852 25
      vertex 44.3784 23.4743 25
    endloop
  endfacet
  facet normal -0.844395 -0.349749 0.4058
    outer loop
      vertex 44.4981 23.1852 25
      vertex 43.891 23.247 23.79
      vertex 44.108 22.7231 23.79
    endloop
  endfacet
  facet normal -0.725142 -0.556307 0.405823
    outer loop
      vertex 43.765 24.5367 25
      vertex 43.5818 24.7755 25
      vertex 43.3245 24.2282 23.79
    endloop
  endfacet
  facet normal 0.197651 0.892315 0.405843
    outer loop
      vertex -39.5276 -27.3631 25
      vertex -39.6823 -26.7785 23.79
      vertex -39.8215 -27.298 25
    endloop
  endfacet
  facet normal 0.11943 0.906118 0.405815
    outer loop
      vertex -39.1287 -26.9012 23.79
      vertex -38.9118 -27.4717 25
      vertex -38.5665 -26.9753 23.79
    endloop
  endfacet
  facet normal 0.119143 0.906131 0.405872
    outer loop
      vertex -38.9118 -27.4717 25
      vertex -39.1287 -26.9012 23.79
      vertex -39.2221 -27.4309 25
    endloop
  endfacet
  facet normal 0.913071 0.0400683 0.405826
    outer loop
      vertex -45.0246 -20.8008 25
      vertex -44.5 -20.5 23.79
      vertex -45.0378 -20.5 25
    endloop
  endfacet
  facet normal 0.913105 0.0398123 0.405777
    outer loop
      vertex -45.0246 -20.8008 25
      vertex -44.4753 -21.0665 23.79
      vertex -44.5 -20.5 23.79
    endloop
  endfacet
  facet normal 0.913101 0.0397254 0.405794
    outer loop
      vertex -44.4753 -21.0665 23.79
      vertex -45.0246 -20.8008 25
      vertex -45.011 -21.1134 25
    endloop
  endfacet
  facet normal -0.491132 -0.770788 0.405803
    outer loop
      vertex 41.7282 25.8245 23.79
      vertex 41.5189 26.5949 25
      vertex 41.25 26.1292 23.79
    endloop
  endfacet
  facet normal -0.491011 -0.770837 0.405855
    outer loop
      vertex 41.5189 26.5949 25
      vertex 41.7282 25.8245 23.79
      vertex 41.7828 26.4268 25
    endloop
  endfacet
  facet normal -0.349749 -0.844395 0.4058
    outer loop
      vertex 40.747 26.391 23.79
      vertex 40.6852 26.9981 25
      vertex 40.2231 26.608 23.79
    endloop
  endfacet
  facet normal -0.349631 -0.844432 0.405824
    outer loop
      vertex 40.6852 26.9981 25
      vertex 40.747 26.391 23.79
      vertex 40.9743 26.8784 25
    endloop
  endfacet
  facet normal -0.770754 -0.49117 0.405821
    outer loop
      vertex 43.9268 24.2828 25
      vertex 43.765 24.5367 25
      vertex 43.3245 24.2282 23.79
    endloop
  endfacet
  facet normal -0.725142 0.556307 0.405823
    outer loop
      vertex 43.5818 -24.7755 25
      vertex 43.765 -24.5367 25
      vertex 43.3245 -24.2282 23.79
    endloop
  endfacet
  facet normal -0.0398123 -0.913105 0.405777
    outer loop
      vertex 38.5665 26.9753 23.79
      vertex 38.3008 27.5246 25
      vertex 38 27 23.79
    endloop
  endfacet
  facet normal -0.0397254 -0.913101 0.405794
    outer loop
      vertex 38.3008 27.5246 25
      vertex 38.5665 26.9753 23.79
      vertex 38.6134 27.511 25
    endloop
  endfacet
  facet normal -0.274789 0.871675 0.4058
    outer loop
      vertex 40.2231 -26.608 23.79
      vertex 40.1086 -27.2074 25
      vertex 40.4071 -27.1133 25
    endloop
  endfacet
  facet normal -0.274814 0.871669 0.405795
    outer loop
      vertex 40.1086 -27.2074 25
      vertex 40.2231 -26.608 23.79
      vertex 39.6823 -26.7785 23.79
    endloop
  endfacet
  facet normal 0.913071 -0.0400683 0.405826
    outer loop
      vertex -44.5 20.5 23.79
      vertex -45.0246 20.8008 25
      vertex -45.0378 20.5 25
    endloop
  endfacet
  facet normal -0.67402 -0.617244 0.405841
    outer loop
      vertex 43.1798 25.2545 25
      vertex 42.9765 25.4765 25
      vertex 42.5962 25.0962 23.79
    endloop
  endfacet
  facet normal 0.617643 -0.673712 0.405745
    outer loop
      vertex -42.5962 25.0962 23.79
      vertex -42.5238 25.8913 25
      vertex -42.7545 25.6798 25
    endloop
  endfacet
  facet normal 0.617435 -0.673844 0.405844
    outer loop
      vertex -42.5238 25.8913 25
      vertex -42.5962 25.0962 23.79
      vertex -42.1781 25.4793 23.79
    endloop
  endfacet
  facet normal 0.673712 -0.617643 0.405745
    outer loop
      vertex -43.3913 25.0238 25
      vertex -42.5962 25.0962 23.79
      vertex -43.1798 25.2545 25
    endloop
  endfacet
  facet normal 0.673844 -0.617435 0.405844
    outer loop
      vertex -42.5962 25.0962 23.79
      vertex -43.3913 25.0238 25
      vertex -42.9793 24.6781 23.79
    endloop
  endfacet
  facet normal 0.0397254 -0.913101 0.405794
    outer loop
      vertex -38.5665 26.9753 23.79
      vertex -38.3008 27.5246 25
      vertex -38.6134 27.511 25
    endloop
  endfacet
  facet normal 0.0398123 -0.913105 0.405777
    outer loop
      vertex -38.3008 27.5246 25
      vertex -38.5665 26.9753 23.79
      vertex -38 27 23.79
    endloop
  endfacet
  facet normal -0.913105 0.0398123 0.405777
    outer loop
      vertex 44.4753 -21.0665 23.79
      vertex 45.0246 -20.8008 25
      vertex 44.5 -20.5 23.79
    endloop
  endfacet
  facet normal -0.913101 0.0397254 0.405794
    outer loop
      vertex 45.0246 -20.8008 25
      vertex 44.4753 -21.0665 23.79
      vertex 45.011 -21.1134 25
    endloop
  endfacet
  facet normal 0.871575 -0.275043 0.405842
    outer loop
      vertex -44.2785 22.1823 23.79
      vertex -44.7074 22.6086 25
      vertex -44.798 22.3215 25
    endloop
  endfacet
  facet normal -0.349776 0.844381 0.405805
    outer loop
      vertex 40.4071 -27.1133 25
      vertex 40.6852 -26.9981 25
      vertex 40.2231 -26.608 23.79
    endloop
  endfacet
  facet normal -0.491011 0.770837 0.405855
    outer loop
      vertex 41.7282 -25.8245 23.79
      vertex 41.5189 -26.5949 25
      vertex 41.7828 -26.4268 25
    endloop
  endfacet
  facet normal -0.491132 0.770788 0.405803
    outer loop
      vertex 41.5189 -26.5949 25
      vertex 41.7282 -25.8245 23.79
      vertex 41.25 -26.1292 23.79
    endloop
  endfacet
  facet normal -0.49117 0.770754 0.405821
    outer loop
      vertex 41.7828 -26.4268 25
      vertex 42.0367 -26.265 25
      vertex 41.7282 -25.8245 23.79
    endloop
  endfacet
  facet normal -0.892315 -0.197651 0.405843
    outer loop
      vertex 44.8631 22.0276 25
      vertex 44.798 22.3215 25
      vertex 44.2785 22.1823 23.79
    endloop
  endfacet
  facet normal -0.871675 -0.274789 0.4058
    outer loop
      vertex 44.108 22.7231 23.79
      vertex 44.7074 22.6086 25
      vertex 44.6133 22.9071 25
    endloop
  endfacet
  facet normal -0.871669 -0.274814 0.405795
    outer loop
      vertex 44.7074 22.6086 25
      vertex 44.108 22.7231 23.79
      vertex 44.2785 22.1823 23.79
    endloop
  endfacet
  facet normal -0.871575 -0.275043 0.405842
    outer loop
      vertex 44.798 22.3215 25
      vertex 44.7074 22.6086 25
      vertex 44.2785 22.1823 23.79
    endloop
  endfacet
  facet normal 0.119341 -0.906138 0.405798
    outer loop
      vertex -38.5665 26.9753 23.79
      vertex -38.6134 27.511 25
      vertex -38.9118 27.4717 25
    endloop
  endfacet
  facet normal -0.913805 0 0.406152
    outer loop
      vertex 44.5 -20.5 23.79
      vertex 45.0378 20.5 25
      vertex 44.5 20.5 23.79
    endloop
  endfacet
  facet normal -0.913805 0 0.406152
    outer loop
      vertex 45.0378 20.5 25
      vertex 44.5 -20.5 23.79
      vertex 45.0378 -20.5 25
    endloop
  endfacet
  facet normal -0.810673 -0.422036 0.405827
    outer loop
      vertex 44.3784 23.4743 25
      vertex 44.2394 23.7413 25
      vertex 43.891 23.247 23.79
    endloop
  endfacet
  facet normal -0.275043 -0.871575 0.405842
    outer loop
      vertex 40.1086 27.2074 25
      vertex 39.8215 27.298 25
      vertex 39.6823 26.7785 23.79
    endloop
  endfacet
  facet normal 0.725142 -0.556307 0.405823
    outer loop
      vertex -43.3245 24.2282 23.79
      vertex -43.5818 24.7755 25
      vertex -43.765 24.5367 25
    endloop
  endfacet
  facet normal 0.770754 -0.49117 0.405821
    outer loop
      vertex -43.3245 24.2282 23.79
      vertex -43.765 24.5367 25
      vertex -43.9268 24.2828 25
    endloop
  endfacet
  facet normal 0.556307 -0.725142 0.405823
    outer loop
      vertex -41.7282 25.8245 23.79
      vertex -42.0367 26.265 25
      vertex -42.2755 26.0818 25
    endloop
  endfacet
  facet normal 0.556323 -0.725118 0.405843
    outer loop
      vertex -42.1781 25.4793 23.79
      vertex -42.2755 26.0818 25
      vertex -42.5238 25.8913 25
    endloop
  endfacet
  facet normal 0.556355 -0.725098 0.405835
    outer loop
      vertex -42.2755 26.0818 25
      vertex -42.1781 25.4793 23.79
      vertex -41.7282 25.8245 23.79
    endloop
  endfacet
  facet normal -0.770788 0.491132 0.405803
    outer loop
      vertex 43.3245 -24.2282 23.79
      vertex 44.0949 -24.0189 25
      vertex 43.6292 -23.75 23.79
    endloop
  endfacet
  facet normal -0.770837 0.491011 0.405855
    outer loop
      vertex 44.0949 -24.0189 25
      vertex 43.3245 -24.2282 23.79
      vertex 43.9268 -24.2828 25
    endloop
  endfacet
  facet normal 0.844381 -0.349776 0.405805
    outer loop
      vertex -44.108 22.7231 23.79
      vertex -44.4981 23.1852 25
      vertex -44.6133 22.9071 25
    endloop
  endfacet
  facet normal 0.871675 -0.274789 0.4058
    outer loop
      vertex -44.7074 22.6086 25
      vertex -44.108 22.7231 23.79
      vertex -44.6133 22.9071 25
    endloop
  endfacet
  facet normal 0.871669 -0.274814 0.405795
    outer loop
      vertex -44.108 22.7231 23.79
      vertex -44.7074 22.6086 25
      vertex -44.2785 22.1823 23.79
    endloop
  endfacet
  facet normal -0.871669 0.274814 0.405795
    outer loop
      vertex 44.108 -22.7231 23.79
      vertex 44.7074 -22.6086 25
      vertex 44.2785 -22.1823 23.79
    endloop
  endfacet
  facet normal -0.871675 0.274789 0.4058
    outer loop
      vertex 44.7074 -22.6086 25
      vertex 44.108 -22.7231 23.79
      vertex 44.6133 -22.9071 25
    endloop
  endfacet
  facet normal -0.906138 0.119341 0.405798
    outer loop
      vertex 44.9717 -21.4118 25
      vertex 45.011 -21.1134 25
      vertex 44.4753 -21.0665 23.79
    endloop
  endfacet
  facet normal -0.349776 -0.844381 0.405805
    outer loop
      vertex 40.6852 26.9981 25
      vertex 40.4071 27.1133 25
      vertex 40.2231 26.608 23.79
    endloop
  endfacet
  facet normal -0.770837 -0.491011 0.405855
    outer loop
      vertex 43.3245 24.2282 23.79
      vertex 44.0949 24.0189 25
      vertex 43.9268 24.2828 25
    endloop
  endfacet
  facet normal -0.770788 -0.491132 0.405803
    outer loop
      vertex 44.0949 24.0189 25
      vertex 43.3245 24.2282 23.79
      vertex 43.6292 23.75 23.79
    endloop
  endfacet
  facet normal -0.617244 0.67402 0.405841
    outer loop
      vertex 42.7545 -25.6798 25
      vertex 42.9765 -25.4765 25
      vertex 42.5962 -25.0962 23.79
    endloop
  endfacet
  facet normal -0.617244 -0.67402 0.405841
    outer loop
      vertex 42.9765 25.4765 25
      vertex 42.7545 25.6798 25
      vertex 42.5962 25.0962 23.79
    endloop
  endfacet
  facet normal -0.906118 0.11943 0.405815
    outer loop
      vertex 44.4012 -21.6287 23.79
      vertex 44.9717 -21.4118 25
      vertex 44.4753 -21.0665 23.79
    endloop
  endfacet
  facet normal -0.906131 0.119143 0.405872
    outer loop
      vertex 44.9717 -21.4118 25
      vertex 44.4012 -21.6287 23.79
      vertex 44.9309 -21.7221 25
    endloop
  endfacet
  facet normal 0.274814 0.871669 0.405795
    outer loop
      vertex -40.2231 -26.608 23.79
      vertex -40.1086 -27.2074 25
      vertex -39.6823 -26.7785 23.79
    endloop
  endfacet
  facet normal 0.274789 0.871675 0.4058
    outer loop
      vertex -40.1086 -27.2074 25
      vertex -40.2231 -26.608 23.79
      vertex -40.4071 -27.1133 25
    endloop
  endfacet
  facet normal 0.275043 0.871575 0.405842
    outer loop
      vertex -39.8215 -27.298 25
      vertex -39.6823 -26.7785 23.79
      vertex -40.1086 -27.2074 25
    endloop
  endfacet
  facet normal -0.725118 -0.556323 0.405843
    outer loop
      vertex 42.9793 24.6781 23.79
      vertex 43.5818 24.7755 25
      vertex 43.3913 25.0238 25
    endloop
  endfacet
  facet normal -0.725098 -0.556355 0.405835
    outer loop
      vertex 43.5818 24.7755 25
      vertex 42.9793 24.6781 23.79
      vertex 43.3245 24.2282 23.79
    endloop
  endfacet
  facet normal -0.892315 0.197651 0.405843
    outer loop
      vertex 44.798 -22.3215 25
      vertex 44.8631 -22.0276 25
      vertex 44.2785 -22.1823 23.79
    endloop
  endfacet
  facet normal -0.892222 0.198012 0.405871
    outer loop
      vertex 44.4012 -21.6287 23.79
      vertex 44.8631 -22.0276 25
      vertex 44.9309 -21.7221 25
    endloop
  endfacet
  facet normal -0.892299 0.197769 0.405821
    outer loop
      vertex 44.8631 -22.0276 25
      vertex 44.4012 -21.6287 23.79
      vertex 44.2785 -22.1823 23.79
    endloop
  endfacet
  facet normal -0.810705 -0.421999 0.405802
    outer loop
      vertex 43.6292 23.75 23.79
      vertex 44.2394 23.7413 25
      vertex 44.0949 24.0189 25
    endloop
  endfacet
  facet normal -0.81072 -0.421961 0.40581
    outer loop
      vertex 44.2394 23.7413 25
      vertex 43.6292 23.75 23.79
      vertex 43.891 23.247 23.79
    endloop
  endfacet
  facet normal -0.999051 -0.0435616 0
    outer loop
      vertex -38.3924 -19.0743 5
      vertex -38.4 -18.9 9.6
      vertex -38.4 -18.9 5
    endloop
  endfacet
  facet normal -0.999051 -0.0435616 0
    outer loop
      vertex -38.4 -18.9 9.6
      vertex -38.3924 -19.0743 5
      vertex -38.3924 -19.0743 9.6
    endloop
  endfacet
  facet normal 0.991427 0.130662 0
    outer loop
      vertex 38.3924 19.0743 9.6
      vertex 38.3696 19.2473 5
      vertex 38.3696 19.2473 9.6
    endloop
  endfacet
  facet normal 0.991427 0.130662 0
    outer loop
      vertex 38.3696 19.2473 5
      vertex 38.3924 19.0743 9.6
      vertex 38.3924 19.0743 5
    endloop
  endfacet
  facet normal 0 1 -0
    outer loop
      vertex 36.4 20.9 5
      vertex -36.4 20.9 9.6
      vertex 36.4 20.9 9.6
    endloop
  endfacet
  facet normal 0 1 0
    outer loop
      vertex -36.4 20.9 9.6
      vertex 36.4 20.9 5
      vertex -36.4 20.9 5
    endloop
  endfacet
  facet normal 0 -1 0
    outer loop
      vertex -36.4 -20.9 5
      vertex 36.4 -20.9 9.6
      vertex -36.4 -20.9 9.6
    endloop
  endfacet
  facet normal 0 -1 -0
    outer loop
      vertex 36.4 -20.9 9.6
      vertex -36.4 -20.9 5
      vertex 36.4 -20.9 5
    endloop
  endfacet
  facet normal 0.694031 -0.442256 0.568094
    outer loop
      vertex 37.3383 -19.3472 11
      vertex 38.132 -19.9 9.6
      vertex 37.4321 -19.2 11
    endloop
  endfacet
  facet normal 0.69411 -0.442135 0.568091
    outer loop
      vertex 38.132 -19.9 9.6
      vertex 37.3383 -19.3472 11
      vertex 38.0383 -20.0471 9.6
    endloop
  endfacet
  facet normal 0.976241 -0.216688 0
    outer loop
      vertex 38.3318 -19.4176 9.6
      vertex 38.3696 -19.2473 5
      vertex 38.3696 -19.2473 9.6
    endloop
  endfacet
  facet normal 0.976241 -0.216688 0
    outer loop
      vertex 38.3696 -19.2473 5
      vertex 38.3318 -19.4176 9.6
      vertex 38.3318 -19.4176 5
    endloop
  endfacet
  facet normal -0.675777 0.737107 0
    outer loop
      vertex -37.6856 20.4321 5
      vertex -37.8142 20.3142 9.6
      vertex -37.6856 20.4321 9.6
    endloop
  endfacet
  facet normal -0.675777 0.737107 0
    outer loop
      vertex -37.8142 20.3142 9.6
      vertex -37.6856 20.4321 5
      vertex -37.8142 20.3142 5
    endloop
  endfacet
  facet normal -0.886973 0.461822 0
    outer loop
      vertex -38.2126 19.7452 5
      vertex -38.132 19.9 9.6
      vertex -38.132 19.9 5
    endloop
  endfacet
  facet normal -0.886973 0.461822 0
    outer loop
      vertex -38.132 19.9 9.6
      vertex -38.2126 19.7452 5
      vertex -38.2126 19.7452 9.6
    endloop
  endfacet
  facet normal -0.737107 -0.675777 0
    outer loop
      vertex -37.8142 -20.3142 5
      vertex -37.9321 -20.1856 9.6
      vertex -37.9321 -20.1856 5
    endloop
  endfacet
  facet normal -0.737107 -0.675777 0
    outer loop
      vertex -37.9321 -20.1856 9.6
      vertex -37.8142 -20.3142 5
      vertex -37.8142 -20.3142 9.6
    endloop
  endfacet
  facet normal -0.894427 0 0.447214
    outer loop
      vertex -38.4 18.9 9.6
      vertex -37.7 -18.2 11
      vertex -37.7 18.2 11
    endloop
  endfacet
  facet normal -0.894427 0 0.447214
    outer loop
      vertex -37.7 -18.2 11
      vertex -38.4 18.9 9.6
      vertex -38.4 -18.9 9.6
    endloop
  endfacet
  facet normal 0.894427 -0 0.447214
    outer loop
      vertex 37.7 -18.2 11
      vertex 38.4 18.9 9.6
      vertex 37.7 18.2 11
    endloop
  endfacet
  facet normal 0.894427 0 0.447214
    outer loop
      vertex 38.4 18.9 9.6
      vertex 37.7 -18.2 11
      vertex 38.4 -18.9 9.6
    endloop
  endfacet
  facet normal -0.976241 0.216688 0
    outer loop
      vertex -38.3696 19.2473 5
      vertex -38.3318 19.4176 9.6
      vertex -38.3318 19.4176 5
    endloop
  endfacet
  facet normal -0.976241 0.216688 0
    outer loop
      vertex -38.3318 19.4176 9.6
      vertex -38.3696 19.2473 5
      vertex -38.3696 19.2473 9.6
    endloop
  endfacet
  facet normal -0.130662 0.991427 0
    outer loop
      vertex -36.5743 20.8924 5
      vertex -36.7473 20.8696 9.6
      vertex -36.5743 20.8924 9.6
    endloop
  endfacet
  facet normal -0.130662 0.991427 0
    outer loop
      vertex -36.7473 20.8696 9.6
      vertex -36.5743 20.8924 5
      vertex -36.7473 20.8696 5
    endloop
  endfacet
  facet normal 0.608492 0.79356 -0
    outer loop
      vertex 37.6856 20.4321 5
      vertex 37.5471 20.5383 9.6
      vertex 37.6856 20.4321 9.6
    endloop
  endfacet
  facet normal 0.608492 0.79356 0
    outer loop
      vertex 37.5471 20.5383 9.6
      vertex 37.6856 20.4321 5
      vertex 37.5471 20.5383 5
    endloop
  endfacet
  facet normal 0.999051 -0.0435616 0
    outer loop
      vertex 38.3924 -19.0743 9.6
      vertex 38.4 -18.9 5
      vertex 38.4 -18.9 9.6
    endloop
  endfacet
  facet normal 0.999051 -0.0435616 0
    outer loop
      vertex 38.4 -18.9 5
      vertex 38.3924 -19.0743 9.6
      vertex 38.3924 -19.0743 5
    endloop
  endfacet
  facet normal 0.8859 0.0386279 0.462264
    outer loop
      vertex 37.6924 18.3743 11
      vertex 38.4 18.9 9.6
      vertex 38.3924 19.0743 9.6
    endloop
  endfacet
  facet normal 0.8859 0.0386279 0.462264
    outer loop
      vertex 38.4 18.9 9.6
      vertex 37.6924 18.3743 11
      vertex 37.7 18.2 11
    endloop
  endfacet
  facet normal -0.0386279 0.8859 0.462264
    outer loop
      vertex -36.4 20.9 9.6
      vertex -35.8743 20.1924 11
      vertex -35.7 20.2 11
    endloop
  endfacet
  facet normal -0.0386279 0.8859 0.462264
    outer loop
      vertex -35.8743 20.1924 11
      vertex -36.4 20.9 9.6
      vertex -36.5743 20.8924 9.6
    endloop
  endfacet
  facet normal -0.79356 0.608492 0
    outer loop
      vertex -38.0383 20.0471 5
      vertex -37.9321 20.1856 9.6
      vertex -37.9321 20.1856 5
    endloop
  endfacet
  facet normal -0.79356 0.608492 0
    outer loop
      vertex -37.9321 20.1856 9.6
      vertex -38.0383 20.0471 5
      vertex -38.0383 20.0471 9.6
    endloop
  endfacet
  facet normal -0.442256 0.694031 0.568094
    outer loop
      vertex -37.4 20.632 9.6
      vertex -36.8472 19.8383 11
      vertex -36.7 19.9321 11
    endloop
  endfacet
  facet normal -0.442135 0.69411 0.568091
    outer loop
      vertex -36.8472 19.8383 11
      vertex -37.4 20.632 9.6
      vertex -37.5471 20.5383 9.6
    endloop
  endfacet
  facet normal -0.254468 -0.80808 0.531274
    outer loop
      vertex -36.9176 -20.8318 9.6
      vertex -36.384 -20.0794 11
      vertex -37.084 -20.7794 9.6
    endloop
  endfacet
  facet normal -0.254897 -0.807901 0.531341
    outer loop
      vertex -36.384 -20.0794 11
      vertex -36.9176 -20.8318 9.6
      vertex -36.2176 -20.1319 11
    endloop
  endfacet
  facet normal 0.216688 -0.976241 0
    outer loop
      vertex 36.7473 -20.8696 5
      vertex 36.9176 -20.8318 9.6
      vertex 36.7473 -20.8696 9.6
    endloop
  endfacet
  facet normal 0.216688 -0.976241 0
    outer loop
      vertex 36.9176 -20.8318 9.6
      vertex 36.7473 -20.8696 5
      vertex 36.9176 -20.8318 5
    endloop
  endfacet
  facet normal -0.8859 -0.0386279 0.462264
    outer loop
      vertex -38.4 -18.9 9.6
      vertex -37.6924 -18.3743 11
      vertex -37.7 -18.2 11
    endloop
  endfacet
  facet normal -0.8859 -0.0386279 0.462264
    outer loop
      vertex -37.6924 -18.3743 11
      vertex -38.4 -18.9 9.6
      vertex -38.3924 -19.0743 9.6
    endloop
  endfacet
  facet normal 1 -0 0
    outer loop
      vertex 38.4 -18.9 9.6
      vertex 38.4 18.9 5
      vertex 38.4 18.9 9.6
    endloop
  endfacet
  facet normal 1 0 0
    outer loop
      vertex 38.4 18.9 5
      vertex 38.4 -18.9 9.6
      vertex 38.4 -18.9 5
    endloop
  endfacet
  facet normal 0.0386279 -0.8859 0.462264
    outer loop
      vertex 36.4 -20.9 9.6
      vertex 35.8743 -20.1924 11
      vertex 35.7 -20.2 11
    endloop
  endfacet
  facet normal 0.0386279 -0.8859 0.462264
    outer loop
      vertex 35.8743 -20.1924 11
      vertex 36.4 -20.9 9.6
      vertex 36.5743 -20.8924 9.6
    endloop
  endfacet
  facet normal -0.991427 -0.130662 0
    outer loop
      vertex -38.3696 -19.2473 5
      vertex -38.3924 -19.0743 9.6
      vertex -38.3924 -19.0743 5
    endloop
  endfacet
  facet normal -0.991427 -0.130662 0
    outer loop
      vertex -38.3924 -19.0743 9.6
      vertex -38.3696 -19.2473 5
      vertex -38.3696 -19.2473 9.6
    endloop
  endfacet
  facet normal -0.649797 0.498256 0.574026
    outer loop
      vertex -38.0383 20.0471 9.6
      vertex -37.2321 19.4856 11
      vertex -37.9321 20.1856 9.6
    endloop
  endfacet
  facet normal -0.649626 0.498485 0.57402
    outer loop
      vertex -37.2321 19.4856 11
      vertex -38.0383 20.0471 9.6
      vertex -37.3383 19.3472 11
    endloop
  endfacet
  facet normal 0.923821 -0.382824 0
    outer loop
      vertex 38.2126 -19.7452 9.6
      vertex 38.2794 -19.584 5
      vertex 38.2794 -19.584 9.6
    endloop
  endfacet
  facet normal 0.923821 -0.382824 0
    outer loop
      vertex 38.2794 -19.584 5
      vertex 38.2126 -19.7452 9.6
      vertex 38.2126 -19.7452 5
    endloop
  endfacet
  facet normal 0.537246 -0.843425 0
    outer loop
      vertex 37.4 -20.632 5
      vertex 37.5471 -20.5383 9.6
      vertex 37.4 -20.632 9.6
    endloop
  endfacet
  facet normal 0.537246 -0.843425 0
    outer loop
      vertex 37.5471 -20.5383 9.6
      vertex 37.4 -20.632 5
      vertex 37.5471 -20.5383 5
    endloop
  endfacet
  facet normal 0.442135 0.69411 0.568091
    outer loop
      vertex 37.4 20.632 9.6
      vertex 36.8472 19.8383 11
      vertex 37.5471 20.5383 9.6
    endloop
  endfacet
  facet normal 0.442256 0.694031 0.568094
    outer loop
      vertex 36.8472 19.8383 11
      vertex 37.4 20.632 9.6
      vertex 36.7 19.9321 11
    endloop
  endfacet
  facet normal -0.649626 -0.498485 0.57402
    outer loop
      vertex -38.0383 -20.0471 9.6
      vertex -37.2321 -19.4856 11
      vertex -37.3383 -19.3472 11
    endloop
  endfacet
  facet normal -0.649797 -0.498256 0.574026
    outer loop
      vertex -37.2321 -19.4856 11
      vertex -38.0383 -20.0471 9.6
      vertex -37.9321 -20.1856 9.6
    endloop
  endfacet
  facet normal 0.254897 -0.807901 0.531341
    outer loop
      vertex 36.9176 -20.8318 9.6
      vertex 36.384 -20.0794 11
      vertex 36.2176 -20.1319 11
    endloop
  endfacet
  facet normal 0.254468 -0.80808 0.531274
    outer loop
      vertex 36.384 -20.0794 11
      vertex 36.9176 -20.8318 9.6
      vertex 37.084 -20.7794 9.6
    endloop
  endfacet
  facet normal 0 0.894427 0.447214
    outer loop
      vertex 36.4 20.9 9.6
      vertex -35.7 20.2 11
      vertex 35.7 20.2 11
    endloop
  endfacet
  facet normal 0 0.894427 0.447214
    outer loop
      vertex -35.7 20.2 11
      vertex 36.4 20.9 9.6
      vertex -36.4 20.9 9.6
    endloop
  endfacet
  facet normal -1 0 0
    outer loop
      vertex -38.4 -18.9 5
      vertex -38.4 18.9 9.6
      vertex -38.4 18.9 5
    endloop
  endfacet
  facet normal -1 -0 0
    outer loop
      vertex -38.4 18.9 9.6
      vertex -38.4 -18.9 5
      vertex -38.4 -18.9 9.6
    endloop
  endfacet
  facet normal -0.838607 -0.185646 0.512127
    outer loop
      vertex -38.3696 -19.2473 9.6
      vertex -37.6319 -18.7176 11
      vertex -37.6696 -18.5473 11
    endloop
  endfacet
  facet normal -0.83845 -0.186104 0.512217
    outer loop
      vertex -37.6319 -18.7176 11
      vertex -38.3696 -19.2473 9.6
      vertex -38.3318 -19.4176 9.6
    endloop
  endfacet
  facet normal 0.953825 -0.300363 0
    outer loop
      vertex 38.2794 -19.584 9.6
      vertex 38.3318 -19.4176 5
      vertex 38.3318 -19.4176 9.6
    endloop
  endfacet
  facet normal 0.953825 -0.300363 0
    outer loop
      vertex 38.3318 -19.4176 5
      vertex 38.2794 -19.584 9.6
      vertex 38.2794 -19.584 5
    endloop
  endfacet
  facet normal 0.83845 0.186104 0.512217
    outer loop
      vertex 37.6319 18.7176 11
      vertex 38.3696 19.2473 9.6
      vertex 38.3318 19.4176 9.6
    endloop
  endfacet
  facet normal 0.838607 0.185646 0.512127
    outer loop
      vertex 38.3696 19.2473 9.6
      vertex 37.6319 18.7176 11
      vertex 37.6696 18.5473 11
    endloop
  endfacet
  facet normal -0.843425 0.537246 0
    outer loop
      vertex -38.132 19.9 5
      vertex -38.0383 20.0471 9.6
      vertex -38.0383 20.0471 5
    endloop
  endfacet
  facet normal -0.843425 0.537246 0
    outer loop
      vertex -38.0383 20.0471 9.6
      vertex -38.132 19.9 5
      vertex -38.132 19.9 9.6
    endloop
  endfacet
  facet normal -0.737107 0.675777 0
    outer loop
      vertex -37.9321 20.1856 5
      vertex -37.8142 20.3142 9.6
      vertex -37.8142 20.3142 5
    endloop
  endfacet
  facet normal -0.737107 0.675777 0
    outer loop
      vertex -37.8142 20.3142 9.6
      vertex -37.9321 20.1856 5
      vertex -37.9321 20.1856 9.6
    endloop
  endfacet
  facet normal -0.991427 0.130662 0
    outer loop
      vertex -38.3924 19.0743 5
      vertex -38.3696 19.2473 9.6
      vertex -38.3696 19.2473 5
    endloop
  endfacet
  facet normal -0.991427 0.130662 0
    outer loop
      vertex -38.3696 19.2473 9.6
      vertex -38.3924 19.0743 5
      vertex -38.3924 19.0743 9.6
    endloop
  endfacet
  facet normal 0.649626 -0.498485 0.57402
    outer loop
      vertex 37.2321 -19.4856 11
      vertex 38.0383 -20.0471 9.6
      vertex 37.3383 -19.3472 11
    endloop
  endfacet
  facet normal 0.649797 -0.498256 0.574026
    outer loop
      vertex 38.0383 -20.0471 9.6
      vertex 37.2321 -19.4856 11
      vertex 37.9321 -20.1856 9.6
    endloop
  endfacet
  facet normal 0.113953 -0.864641 0.489297
    outer loop
      vertex 36.5743 -20.8924 9.6
      vertex 36.0473 -20.1696 11
      vertex 35.8743 -20.1924 11
    endloop
  endfacet
  facet normal 0.113953 -0.864641 0.489297
    outer loop
      vertex 36.0473 -20.1696 11
      vertex 36.5743 -20.8924 9.6
      vertex 36.7473 -20.8696 9.6
    endloop
  endfacet
  facet normal 0.80808 0.254468 0.531274
    outer loop
      vertex 37.5794 18.884 11
      vertex 38.3318 19.4176 9.6
      vertex 38.2794 19.584 9.6
    endloop
  endfacet
  facet normal 0.807901 0.254897 0.531341
    outer loop
      vertex 38.3318 19.4176 9.6
      vertex 37.5794 18.884 11
      vertex 37.6319 18.7176 11
    endloop
  endfacet
  facet normal -0.382533 0.735603 0.559068
    outer loop
      vertex -37.2452 20.7126 9.6
      vertex -36.7 19.9321 11
      vertex -36.5452 20.0126 11
    endloop
  endfacet
  facet normal -0.382899 0.735393 0.559093
    outer loop
      vertex -36.7 19.9321 11
      vertex -37.2452 20.7126 9.6
      vertex -37.4 20.632 9.6
    endloop
  endfacet
  facet normal 0.0435616 0.999051 -0
    outer loop
      vertex 36.5743 20.8924 5
      vertex 36.4 20.9 9.6
      vertex 36.5743 20.8924 9.6
    endloop
  endfacet
  facet normal 0.0435616 0.999051 0
    outer loop
      vertex 36.4 20.9 9.6
      vertex 36.5743 20.8924 5
      vertex 36.4 20.9 5
    endloop
  endfacet
  facet normal -0.83845 0.186104 0.512217
    outer loop
      vertex -38.3696 19.2473 9.6
      vertex -37.6319 18.7176 11
      vertex -38.3318 19.4176 9.6
    endloop
  endfacet
  facet normal -0.838607 0.185646 0.512127
    outer loop
      vertex -37.6319 18.7176 11
      vertex -38.3696 19.2473 9.6
      vertex -37.6696 18.5473 11
    endloop
  endfacet
  facet normal -0.113953 0.864641 0.489297
    outer loop
      vertex -36.5743 20.8924 9.6
      vertex -36.0473 20.1696 11
      vertex -35.8743 20.1924 11
    endloop
  endfacet
  facet normal -0.113953 0.864641 0.489297
    outer loop
      vertex -36.0473 20.1696 11
      vertex -36.5743 20.8924 9.6
      vertex -36.7473 20.8696 9.6
    endloop
  endfacet
  facet normal -0.735603 -0.382533 0.559068
    outer loop
      vertex -38.2126 -19.7452 9.6
      vertex -37.4321 -19.2 11
      vertex -37.5126 -19.0452 11
    endloop
  endfacet
  facet normal -0.735393 -0.382899 0.559093
    outer loop
      vertex -37.4321 -19.2 11
      vertex -38.2126 -19.7452 9.6
      vertex -38.132 -19.9 9.6
    endloop
  endfacet
  facet normal -0.923821 -0.382824 0
    outer loop
      vertex -38.2126 -19.7452 5
      vertex -38.2794 -19.584 9.6
      vertex -38.2794 -19.584 5
    endloop
  endfacet
  facet normal -0.923821 -0.382824 0
    outer loop
      vertex -38.2794 -19.584 9.6
      vertex -38.2126 -19.7452 5
      vertex -38.2126 -19.7452 9.6
    endloop
  endfacet
  facet normal 0.864641 0.113953 0.489297
    outer loop
      vertex 37.6696 18.5473 11
      vertex 38.3924 19.0743 9.6
      vertex 38.3696 19.2473 9.6
    endloop
  endfacet
  facet normal 0.864641 0.113953 0.489297
    outer loop
      vertex 38.3924 19.0743 9.6
      vertex 37.6696 18.5473 11
      vertex 37.6924 18.3743 11
    endloop
  endfacet
  facet normal -0.537246 0.843425 0
    outer loop
      vertex -37.4 20.632 5
      vertex -37.5471 20.5383 9.6
      vertex -37.4 20.632 9.6
    endloop
  endfacet
  facet normal -0.537246 0.843425 0
    outer loop
      vertex -37.5471 20.5383 9.6
      vertex -37.4 20.632 5
      vertex -37.5471 20.5383 5
    endloop
  endfacet
  facet normal -0.113953 -0.864641 0.489297
    outer loop
      vertex -36.5743 -20.8924 9.6
      vertex -36.0473 -20.1696 11
      vertex -36.7473 -20.8696 9.6
    endloop
  endfacet
  facet normal -0.113953 -0.864641 0.489297
    outer loop
      vertex -36.0473 -20.1696 11
      vertex -36.5743 -20.8924 9.6
      vertex -35.8743 -20.1924 11
    endloop
  endfacet
  facet normal 0.300363 0.953825 -0
    outer loop
      vertex 37.084 20.7794 5
      vertex 36.9176 20.8318 9.6
      vertex 37.084 20.7794 9.6
    endloop
  endfacet
  facet normal 0.300363 0.953825 0
    outer loop
      vertex 36.9176 20.8318 9.6
      vertex 37.084 20.7794 5
      vertex 36.9176 20.8318 5
    endloop
  endfacet
  facet normal 0.186104 0.83845 0.512217
    outer loop
      vertex 36.7473 20.8696 9.6
      vertex 36.2176 20.1319 11
      vertex 36.9176 20.8318 9.6
    endloop
  endfacet
  facet normal 0.185646 0.838607 0.512127
    outer loop
      vertex 36.2176 20.1319 11
      vertex 36.7473 20.8696 9.6
      vertex 36.0473 20.1696 11
    endloop
  endfacet
  facet normal -0.675777 -0.737107 0
    outer loop
      vertex -37.8142 -20.3142 5
      vertex -37.6856 -20.4321 9.6
      vertex -37.8142 -20.3142 9.6
    endloop
  endfacet
  facet normal -0.675777 -0.737107 -0
    outer loop
      vertex -37.6856 -20.4321 9.6
      vertex -37.8142 -20.3142 5
      vertex -37.6856 -20.4321 5
    endloop
  endfacet
  facet normal -0.185646 0.838607 0.512127
    outer loop
      vertex -36.7473 20.8696 9.6
      vertex -36.2176 20.1319 11
      vertex -36.0473 20.1696 11
    endloop
  endfacet
  facet normal -0.186104 0.83845 0.512217
    outer loop
      vertex -36.2176 20.1319 11
      vertex -36.7473 20.8696 9.6
      vertex -36.9176 20.8318 9.6
    endloop
  endfacet
  facet normal 0.886973 0.461822 0
    outer loop
      vertex 38.2126 19.7452 9.6
      vertex 38.132 19.9 5
      vertex 38.132 19.9 9.6
    endloop
  endfacet
  facet normal 0.886973 0.461822 0
    outer loop
      vertex 38.132 19.9 5
      vertex 38.2126 19.7452 9.6
      vertex 38.2126 19.7452 5
    endloop
  endfacet
  facet normal 0.79356 0.608492 0
    outer loop
      vertex 38.0383 20.0471 9.6
      vertex 37.9321 20.1856 5
      vertex 37.9321 20.1856 9.6
    endloop
  endfacet
  facet normal 0.79356 0.608492 0
    outer loop
      vertex 37.9321 20.1856 5
      vertex 38.0383 20.0471 9.6
      vertex 38.0383 20.0471 5
    endloop
  endfacet
  facet normal -0.300363 -0.953825 0
    outer loop
      vertex -37.084 -20.7794 5
      vertex -36.9176 -20.8318 9.6
      vertex -37.084 -20.7794 9.6
    endloop
  endfacet
  facet normal -0.300363 -0.953825 -0
    outer loop
      vertex -36.9176 -20.8318 9.6
      vertex -37.084 -20.7794 5
      vertex -36.9176 -20.8318 5
    endloop
  endfacet
  facet normal -0.843425 -0.537246 0
    outer loop
      vertex -38.0383 -20.0471 5
      vertex -38.132 -19.9 9.6
      vertex -38.132 -19.9 5
    endloop
  endfacet
  facet normal -0.843425 -0.537246 0
    outer loop
      vertex -38.132 -19.9 9.6
      vertex -38.0383 -20.0471 5
      vertex -38.0383 -20.0471 9.6
    endloop
  endfacet
  facet normal 0.382824 -0.923821 0
    outer loop
      vertex 37.084 -20.7794 5
      vertex 37.2452 -20.7126 9.6
      vertex 37.084 -20.7794 9.6
    endloop
  endfacet
  facet normal 0.382824 -0.923821 0
    outer loop
      vertex 37.2452 -20.7126 9.6
      vertex 37.084 -20.7794 5
      vertex 37.2452 -20.7126 5
    endloop
  endfacet
  facet normal 0.675777 0.737107 -0
    outer loop
      vertex 37.8142 20.3142 5
      vertex 37.6856 20.4321 9.6
      vertex 37.8142 20.3142 9.6
    endloop
  endfacet
  facet normal 0.675777 0.737107 0
    outer loop
      vertex 37.6856 20.4321 9.6
      vertex 37.8142 20.3142 5
      vertex 37.6856 20.4321 5
    endloop
  endfacet
  facet normal -0.216688 0.976241 0
    outer loop
      vertex -36.7473 20.8696 5
      vertex -36.9176 20.8318 9.6
      vertex -36.7473 20.8696 9.6
    endloop
  endfacet
  facet normal -0.216688 0.976241 0
    outer loop
      vertex -36.9176 20.8318 9.6
      vertex -36.7473 20.8696 5
      vertex -36.9176 20.8318 5
    endloop
  endfacet
  facet normal -0.300363 0.953825 0
    outer loop
      vertex -36.9176 20.8318 5
      vertex -37.084 20.7794 9.6
      vertex -36.9176 20.8318 9.6
    endloop
  endfacet
  facet normal -0.300363 0.953825 0
    outer loop
      vertex -37.084 20.7794 9.6
      vertex -36.9176 20.8318 5
      vertex -37.084 20.7794 5
    endloop
  endfacet
  facet normal 0.382824 0.923821 -0
    outer loop
      vertex 37.2452 20.7126 5
      vertex 37.084 20.7794 9.6
      vertex 37.2452 20.7126 9.6
    endloop
  endfacet
  facet normal 0.382824 0.923821 0
    outer loop
      vertex 37.084 20.7794 9.6
      vertex 37.2452 20.7126 5
      vertex 37.084 20.7794 5
    endloop
  endfacet
  facet normal -0.382824 -0.923821 0
    outer loop
      vertex -37.2452 -20.7126 5
      vertex -37.084 -20.7794 9.6
      vertex -37.2452 -20.7126 9.6
    endloop
  endfacet
  facet normal -0.382824 -0.923821 -0
    outer loop
      vertex -37.084 -20.7794 9.6
      vertex -37.2452 -20.7126 5
      vertex -37.084 -20.7794 5
    endloop
  endfacet
  facet normal 0.737107 -0.675777 0
    outer loop
      vertex 37.8142 -20.3142 9.6
      vertex 37.9321 -20.1856 5
      vertex 37.9321 -20.1856 9.6
    endloop
  endfacet
  facet normal 0.737107 -0.675777 0
    outer loop
      vertex 37.9321 -20.1856 5
      vertex 37.8142 -20.3142 9.6
      vertex 37.8142 -20.3142 5
    endloop
  endfacet
  facet normal 0.69411 0.442135 0.568091
    outer loop
      vertex 37.3383 19.3472 11
      vertex 38.132 19.9 9.6
      vertex 38.0383 20.0471 9.6
    endloop
  endfacet
  facet normal 0.694031 0.442256 0.568094
    outer loop
      vertex 38.132 19.9 9.6
      vertex 37.3383 19.3472 11
      vertex 37.4321 19.2 11
    endloop
  endfacet
  facet normal 0.0386279 0.8859 0.462264
    outer loop
      vertex 36.4 20.9 9.6
      vertex 35.8743 20.1924 11
      vertex 36.5743 20.8924 9.6
    endloop
  endfacet
  facet normal 0.0386279 0.8859 0.462264
    outer loop
      vertex 35.8743 20.1924 11
      vertex 36.4 20.9 9.6
      vertex 35.7 20.2 11
    endloop
  endfacet
  facet normal -0.864641 0.113953 0.489297
    outer loop
      vertex -38.3924 19.0743 9.6
      vertex -37.6696 18.5473 11
      vertex -38.3696 19.2473 9.6
    endloop
  endfacet
  facet normal -0.864641 0.113953 0.489297
    outer loop
      vertex -37.6696 18.5473 11
      vertex -38.3924 19.0743 9.6
      vertex -37.6924 18.3743 11
    endloop
  endfacet
  facet normal -0.461822 -0.886973 0
    outer loop
      vertex -37.4 -20.632 5
      vertex -37.2452 -20.7126 9.6
      vertex -37.4 -20.632 9.6
    endloop
  endfacet
  facet normal -0.461822 -0.886973 -0
    outer loop
      vertex -37.2452 -20.7126 9.6
      vertex -37.4 -20.632 5
      vertex -37.2452 -20.7126 5
    endloop
  endfacet
  facet normal -0.382899 -0.735393 0.559093
    outer loop
      vertex -37.2452 -20.7126 9.6
      vertex -36.7 -19.9321 11
      vertex -37.4 -20.632 9.6
    endloop
  endfacet
  facet normal -0.382533 -0.735603 0.559068
    outer loop
      vertex -36.7 -19.9321 11
      vertex -37.2452 -20.7126 9.6
      vertex -36.5452 -20.0126 11
    endloop
  endfacet
  facet normal 0.773396 -0.320489 0.546942
    outer loop
      vertex 37.5126 -19.0452 11
      vertex 38.2794 -19.584 9.6
      vertex 37.5794 -18.884 11
    endloop
  endfacet
  facet normal 0.773396 -0.320489 0.546942
    outer loop
      vertex 38.2794 -19.584 9.6
      vertex 37.5126 -19.0452 11
      vertex 38.2126 -19.7452 9.6
    endloop
  endfacet
  facet normal 0.382899 0.735393 0.559093
    outer loop
      vertex 37.2452 20.7126 9.6
      vertex 36.7 19.9321 11
      vertex 37.4 20.632 9.6
    endloop
  endfacet
  facet normal 0.382533 0.735603 0.559068
    outer loop
      vertex 36.7 19.9321 11
      vertex 37.2452 20.7126 9.6
      vertex 36.5452 20.0126 11
    endloop
  endfacet
  facet normal 0.551942 -0.602034 0.576988
    outer loop
      vertex 37.6856 -20.4321 9.6
      vertex 37.1142 -19.6142 11
      vertex 36.9856 -19.7321 11
    endloop
  endfacet
  facet normal 0.551942 -0.602034 0.576988
    outer loop
      vertex 37.1142 -19.6142 11
      vertex 37.6856 -20.4321 9.6
      vertex 37.8142 -20.3142 9.6
    endloop
  endfacet
  facet normal -0.807901 -0.254897 0.531341
    outer loop
      vertex -38.3318 -19.4176 9.6
      vertex -37.5794 -18.884 11
      vertex -37.6319 -18.7176 11
    endloop
  endfacet
  facet normal -0.80808 -0.254468 0.531274
    outer loop
      vertex -37.5794 -18.884 11
      vertex -38.3318 -19.4176 9.6
      vertex -38.2794 -19.584 9.6
    endloop
  endfacet
  facet normal -0.382824 0.923821 0
    outer loop
      vertex -37.084 20.7794 5
      vertex -37.2452 20.7126 9.6
      vertex -37.084 20.7794 9.6
    endloop
  endfacet
  facet normal -0.382824 0.923821 0
    outer loop
      vertex -37.2452 20.7126 9.6
      vertex -37.084 20.7794 5
      vertex -37.2452 20.7126 5
    endloop
  endfacet
  facet normal 0.807901 -0.254897 0.531341
    outer loop
      vertex 37.5794 -18.884 11
      vertex 38.3318 -19.4176 9.6
      vertex 37.6319 -18.7176 11
    endloop
  endfacet
  facet normal 0.80808 -0.254468 0.531274
    outer loop
      vertex 38.3318 -19.4176 9.6
      vertex 37.5794 -18.884 11
      vertex 38.2794 -19.584 9.6
    endloop
  endfacet
  facet normal 0.254468 0.80808 0.531274
    outer loop
      vertex 36.9176 20.8318 9.6
      vertex 36.384 20.0794 11
      vertex 37.084 20.7794 9.6
    endloop
  endfacet
  facet normal 0.254897 0.807901 0.531341
    outer loop
      vertex 36.384 20.0794 11
      vertex 36.9176 20.8318 9.6
      vertex 36.2176 20.1319 11
    endloop
  endfacet
  facet normal 0.79356 -0.608492 0
    outer loop
      vertex 37.9321 -20.1856 9.6
      vertex 38.0383 -20.0471 5
      vertex 38.0383 -20.0471 9.6
    endloop
  endfacet
  facet normal 0.79356 -0.608492 0
    outer loop
      vertex 38.0383 -20.0471 5
      vertex 37.9321 -20.1856 9.6
      vertex 37.9321 -20.1856 5
    endloop
  endfacet
  facet normal 0.300363 -0.953825 0
    outer loop
      vertex 36.9176 -20.8318 5
      vertex 37.084 -20.7794 9.6
      vertex 36.9176 -20.8318 9.6
    endloop
  endfacet
  facet normal 0.300363 -0.953825 0
    outer loop
      vertex 37.084 -20.7794 9.6
      vertex 36.9176 -20.8318 5
      vertex 37.084 -20.7794 5
    endloop
  endfacet
  facet normal 0.130662 -0.991427 0
    outer loop
      vertex 36.5743 -20.8924 5
      vertex 36.7473 -20.8696 9.6
      vertex 36.5743 -20.8924 9.6
    endloop
  endfacet
  facet normal 0.130662 -0.991427 0
    outer loop
      vertex 36.7473 -20.8696 9.6
      vertex 36.5743 -20.8924 5
      vertex 36.7473 -20.8696 5
    endloop
  endfacet
  facet normal 0.675777 -0.737107 0
    outer loop
      vertex 37.6856 -20.4321 5
      vertex 37.8142 -20.3142 9.6
      vertex 37.6856 -20.4321 9.6
    endloop
  endfacet
  facet normal 0.675777 -0.737107 0
    outer loop
      vertex 37.8142 -20.3142 9.6
      vertex 37.6856 -20.4321 5
      vertex 37.8142 -20.3142 5
    endloop
  endfacet
  facet normal 0 -0.894427 0.447214
    outer loop
      vertex -36.4 -20.9 9.6
      vertex 35.7 -20.2 11
      vertex -35.7 -20.2 11
    endloop
  endfacet
  facet normal 0 -0.894427 0.447214
    outer loop
      vertex 35.7 -20.2 11
      vertex -36.4 -20.9 9.6
      vertex 36.4 -20.9 9.6
    endloop
  endfacet
  facet normal 0.0435616 -0.999051 0
    outer loop
      vertex 36.4 -20.9 5
      vertex 36.5743 -20.8924 9.6
      vertex 36.4 -20.9 9.6
    endloop
  endfacet
  facet normal 0.0435616 -0.999051 0
    outer loop
      vertex 36.5743 -20.8924 9.6
      vertex 36.4 -20.9 5
      vertex 36.5743 -20.8924 5
    endloop
  endfacet
  facet normal -0.923821 0.382824 0
    outer loop
      vertex -38.2794 19.584 5
      vertex -38.2126 19.7452 9.6
      vertex -38.2126 19.7452 5
    endloop
  endfacet
  facet normal -0.923821 0.382824 0
    outer loop
      vertex -38.2126 19.7452 9.6
      vertex -38.2794 19.584 5
      vertex -38.2794 19.584 9.6
    endloop
  endfacet
  facet normal 0.382533 -0.735603 0.559068
    outer loop
      vertex 37.2452 -20.7126 9.6
      vertex 36.7 -19.9321 11
      vertex 36.5452 -20.0126 11
    endloop
  endfacet
  facet normal 0.382899 -0.735393 0.559093
    outer loop
      vertex 36.7 -19.9321 11
      vertex 37.2452 -20.7126 9.6
      vertex 37.4 -20.632 9.6
    endloop
  endfacet
  facet normal -0.735393 0.382899 0.559093
    outer loop
      vertex -38.2126 19.7452 9.6
      vertex -37.4321 19.2 11
      vertex -38.132 19.9 9.6
    endloop
  endfacet
  facet normal -0.735603 0.382533 0.559068
    outer loop
      vertex -37.4321 19.2 11
      vertex -38.2126 19.7452 9.6
      vertex -37.5126 19.0452 11
    endloop
  endfacet
  facet normal 0.320489 -0.773396 0.546942
    outer loop
      vertex 37.084 -20.7794 9.6
      vertex 36.5452 -20.0126 11
      vertex 36.384 -20.0794 11
    endloop
  endfacet
  facet normal 0.320489 -0.773396 0.546942
    outer loop
      vertex 36.5452 -20.0126 11
      vertex 37.084 -20.7794 9.6
      vertex 37.2452 -20.7126 9.6
    endloop
  endfacet
  facet normal -0.602034 0.551942 0.576988
    outer loop
      vertex -37.9321 20.1856 9.6
      vertex -37.1142 19.6142 11
      vertex -37.8142 20.3142 9.6
    endloop
  endfacet
  facet normal -0.602034 0.551942 0.576988
    outer loop
      vertex -37.1142 19.6142 11
      vertex -37.9321 20.1856 9.6
      vertex -37.2321 19.4856 11
    endloop
  endfacet
  facet normal 0.991427 -0.130662 0
    outer loop
      vertex 38.3696 -19.2473 9.6
      vertex 38.3924 -19.0743 5
      vertex 38.3924 -19.0743 9.6
    endloop
  endfacet
  facet normal 0.991427 -0.130662 0
    outer loop
      vertex 38.3924 -19.0743 5
      vertex 38.3696 -19.2473 9.6
      vertex 38.3696 -19.2473 5
    endloop
  endfacet
  facet normal 0.843425 -0.537246 0
    outer loop
      vertex 38.0383 -20.0471 9.6
      vertex 38.132 -19.9 5
      vertex 38.132 -19.9 9.6
    endloop
  endfacet
  facet normal 0.843425 -0.537246 0
    outer loop
      vertex 38.132 -19.9 5
      vertex 38.0383 -20.0471 9.6
      vertex 38.0383 -20.0471 5
    endloop
  endfacet
  facet normal -0.186104 -0.83845 0.512217
    outer loop
      vertex -36.7473 -20.8696 9.6
      vertex -36.2176 -20.1319 11
      vertex -36.9176 -20.8318 9.6
    endloop
  endfacet
  facet normal -0.185646 -0.838607 0.512127
    outer loop
      vertex -36.2176 -20.1319 11
      vertex -36.7473 -20.8696 9.6
      vertex -36.0473 -20.1696 11
    endloop
  endfacet
  facet normal 0.216688 0.976241 -0
    outer loop
      vertex 36.9176 20.8318 5
      vertex 36.7473 20.8696 9.6
      vertex 36.9176 20.8318 9.6
    endloop
  endfacet
  facet normal 0.216688 0.976241 0
    outer loop
      vertex 36.7473 20.8696 9.6
      vertex 36.9176 20.8318 5
      vertex 36.7473 20.8696 5
    endloop
  endfacet
  facet normal 0.461822 0.886973 -0
    outer loop
      vertex 37.4 20.632 5
      vertex 37.2452 20.7126 9.6
      vertex 37.4 20.632 9.6
    endloop
  endfacet
  facet normal 0.461822 0.886973 0
    outer loop
      vertex 37.2452 20.7126 9.6
      vertex 37.4 20.632 5
      vertex 37.2452 20.7126 5
    endloop
  endfacet
  facet normal -0.461822 0.886973 0
    outer loop
      vertex -37.2452 20.7126 5
      vertex -37.4 20.632 9.6
      vertex -37.2452 20.7126 9.6
    endloop
  endfacet
  facet normal -0.461822 0.886973 0
    outer loop
      vertex -37.4 20.632 9.6
      vertex -37.2452 20.7126 5
      vertex -37.4 20.632 5
    endloop
  endfacet
  facet normal -0.442135 -0.69411 0.568091
    outer loop
      vertex -37.4 -20.632 9.6
      vertex -36.8472 -19.8383 11
      vertex -37.5471 -20.5383 9.6
    endloop
  endfacet
  facet normal -0.442256 -0.694031 0.568094
    outer loop
      vertex -36.8472 -19.8383 11
      vertex -37.4 -20.632 9.6
      vertex -36.7 -19.9321 11
    endloop
  endfacet
  facet normal -0.886973 -0.461822 0
    outer loop
      vertex -38.132 -19.9 5
      vertex -38.2126 -19.7452 9.6
      vertex -38.2126 -19.7452 5
    endloop
  endfacet
  facet normal -0.886973 -0.461822 0
    outer loop
      vertex -38.2126 -19.7452 9.6
      vertex -38.132 -19.9 5
      vertex -38.132 -19.9 9.6
    endloop
  endfacet
  facet normal -0.864641 -0.113953 0.489297
    outer loop
      vertex -38.3924 -19.0743 9.6
      vertex -37.6696 -18.5473 11
      vertex -37.6924 -18.3743 11
    endloop
  endfacet
  facet normal -0.864641 -0.113953 0.489297
    outer loop
      vertex -37.6696 -18.5473 11
      vertex -38.3924 -19.0743 9.6
      vertex -38.3696 -19.2473 9.6
    endloop
  endfacet
  facet normal 0.113953 0.864641 0.489297
    outer loop
      vertex 36.5743 20.8924 9.6
      vertex 36.0473 20.1696 11
      vertex 36.7473 20.8696 9.6
    endloop
  endfacet
  facet normal 0.113953 0.864641 0.489297
    outer loop
      vertex 36.0473 20.1696 11
      vertex 36.5743 20.8924 9.6
      vertex 35.8743 20.1924 11
    endloop
  endfacet
  facet normal 0.602034 0.551942 0.576988
    outer loop
      vertex 37.1142 19.6142 11
      vertex 37.9321 20.1856 9.6
      vertex 37.8142 20.3142 9.6
    endloop
  endfacet
  facet normal 0.602034 0.551942 0.576988
    outer loop
      vertex 37.9321 20.1856 9.6
      vertex 37.1142 19.6142 11
      vertex 37.2321 19.4856 11
    endloop
  endfacet
  facet normal -0.608492 0.79356 0
    outer loop
      vertex -37.5471 20.5383 5
      vertex -37.6856 20.4321 9.6
      vertex -37.5471 20.5383 9.6
    endloop
  endfacet
  facet normal -0.608492 0.79356 0
    outer loop
      vertex -37.6856 20.4321 9.6
      vertex -37.5471 20.5383 5
      vertex -37.6856 20.4321 5
    endloop
  endfacet
  facet normal -0.537246 -0.843425 0
    outer loop
      vertex -37.5471 -20.5383 5
      vertex -37.4 -20.632 9.6
      vertex -37.5471 -20.5383 9.6
    endloop
  endfacet
  facet normal -0.537246 -0.843425 -0
    outer loop
      vertex -37.4 -20.632 9.6
      vertex -37.5471 -20.5383 5
      vertex -37.4 -20.632 5
    endloop
  endfacet
  facet normal -0.216688 -0.976241 0
    outer loop
      vertex -36.9176 -20.8318 5
      vertex -36.7473 -20.8696 9.6
      vertex -36.9176 -20.8318 9.6
    endloop
  endfacet
  facet normal -0.216688 -0.976241 -0
    outer loop
      vertex -36.7473 -20.8696 9.6
      vertex -36.9176 -20.8318 5
      vertex -36.7473 -20.8696 5
    endloop
  endfacet
  facet normal 0.442256 -0.694031 0.568094
    outer loop
      vertex 37.4 -20.632 9.6
      vertex 36.8472 -19.8383 11
      vertex 36.7 -19.9321 11
    endloop
  endfacet
  facet normal 0.442135 -0.69411 0.568091
    outer loop
      vertex 36.8472 -19.8383 11
      vertex 37.4 -20.632 9.6
      vertex 37.5471 -20.5383 9.6
    endloop
  endfacet
  facet normal 0.735393 0.382899 0.559093
    outer loop
      vertex 37.4321 19.2 11
      vertex 38.2126 19.7452 9.6
      vertex 38.132 19.9 9.6
    endloop
  endfacet
  facet normal 0.735603 0.382533 0.559068
    outer loop
      vertex 38.2126 19.7452 9.6
      vertex 37.4321 19.2 11
      vertex 37.5126 19.0452 11
    endloop
  endfacet
  facet normal -0.608492 -0.79356 0
    outer loop
      vertex -37.6856 -20.4321 5
      vertex -37.5471 -20.5383 9.6
      vertex -37.6856 -20.4321 9.6
    endloop
  endfacet
  facet normal -0.608492 -0.79356 -0
    outer loop
      vertex -37.5471 -20.5383 9.6
      vertex -37.6856 -20.4321 5
      vertex -37.5471 -20.5383 5
    endloop
  endfacet
  facet normal 0.608492 -0.79356 0
    outer loop
      vertex 37.5471 -20.5383 5
      vertex 37.6856 -20.4321 9.6
      vertex 37.5471 -20.5383 9.6
    endloop
  endfacet
  facet normal 0.608492 -0.79356 0
    outer loop
      vertex 37.6856 -20.4321 9.6
      vertex 37.5471 -20.5383 5
      vertex 37.6856 -20.4321 5
    endloop
  endfacet
  facet normal 0.461822 -0.886973 0
    outer loop
      vertex 37.2452 -20.7126 5
      vertex 37.4 -20.632 9.6
      vertex 37.2452 -20.7126 9.6
    endloop
  endfacet
  facet normal 0.461822 -0.886973 0
    outer loop
      vertex 37.4 -20.632 9.6
      vertex 37.2452 -20.7126 5
      vertex 37.4 -20.632 5
    endloop
  endfacet
  facet normal 0.886973 -0.461822 0
    outer loop
      vertex 38.132 -19.9 9.6
      vertex 38.2126 -19.7452 5
      vertex 38.2126 -19.7452 9.6
    endloop
  endfacet
  facet normal 0.886973 -0.461822 0
    outer loop
      vertex 38.2126 -19.7452 5
      vertex 38.132 -19.9 9.6
      vertex 38.132 -19.9 5
    endloop
  endfacet
  facet normal -0.69411 0.442135 0.568091
    outer loop
      vertex -38.132 19.9 9.6
      vertex -37.3383 19.3472 11
      vertex -38.0383 20.0471 9.6
    endloop
  endfacet
  facet normal -0.694031 0.442256 0.568094
    outer loop
      vertex -37.3383 19.3472 11
      vertex -38.132 19.9 9.6
      vertex -37.4321 19.2 11
    endloop
  endfacet
  facet normal -0.602034 -0.551942 0.576988
    outer loop
      vertex -37.9321 -20.1856 9.6
      vertex -37.1142 -19.6142 11
      vertex -37.2321 -19.4856 11
    endloop
  endfacet
  facet normal -0.602034 -0.551942 0.576988
    outer loop
      vertex -37.1142 -19.6142 11
      vertex -37.9321 -20.1856 9.6
      vertex -37.8142 -20.3142 9.6
    endloop
  endfacet
  facet normal 0.130662 0.991427 -0
    outer loop
      vertex 36.7473 20.8696 5
      vertex 36.5743 20.8924 9.6
      vertex 36.7473 20.8696 9.6
    endloop
  endfacet
  facet normal 0.130662 0.991427 0
    outer loop
      vertex 36.5743 20.8924 9.6
      vertex 36.7473 20.8696 5
      vertex 36.5743 20.8924 5
    endloop
  endfacet
  facet normal 0.537246 0.843425 -0
    outer loop
      vertex 37.5471 20.5383 5
      vertex 37.4 20.632 9.6
      vertex 37.5471 20.5383 9.6
    endloop
  endfacet
  facet normal 0.537246 0.843425 0
    outer loop
      vertex 37.4 20.632 9.6
      vertex 37.5471 20.5383 5
      vertex 37.4 20.632 5
    endloop
  endfacet
  facet normal 0.923821 0.382824 0
    outer loop
      vertex 38.2794 19.584 9.6
      vertex 38.2126 19.7452 5
      vertex 38.2126 19.7452 9.6
    endloop
  endfacet
  facet normal 0.923821 0.382824 0
    outer loop
      vertex 38.2126 19.7452 5
      vertex 38.2794 19.584 9.6
      vertex 38.2794 19.584 5
    endloop
  endfacet
  facet normal -0.320489 0.773396 0.546942
    outer loop
      vertex -37.084 20.7794 9.6
      vertex -36.5452 20.0126 11
      vertex -36.384 20.0794 11
    endloop
  endfacet
  facet normal -0.320489 0.773396 0.546942
    outer loop
      vertex -36.5452 20.0126 11
      vertex -37.084 20.7794 9.6
      vertex -37.2452 20.7126 9.6
    endloop
  endfacet
  facet normal 0.999051 0.0435616 0
    outer loop
      vertex 38.4 18.9 9.6
      vertex 38.3924 19.0743 5
      vertex 38.3924 19.0743 9.6
    endloop
  endfacet
  facet normal 0.999051 0.0435616 0
    outer loop
      vertex 38.3924 19.0743 5
      vertex 38.4 18.9 9.6
      vertex 38.4 18.9 5
    endloop
  endfacet
  facet normal -0.773396 -0.320489 0.546942
    outer loop
      vertex -38.2794 -19.584 9.6
      vertex -37.5126 -19.0452 11
      vertex -37.5794 -18.884 11
    endloop
  endfacet
  facet normal -0.773396 -0.320489 0.546942
    outer loop
      vertex -37.5126 -19.0452 11
      vertex -38.2794 -19.584 9.6
      vertex -38.2126 -19.7452 9.6
    endloop
  endfacet
  facet normal -0.79356 -0.608492 0
    outer loop
      vertex -37.9321 -20.1856 5
      vertex -38.0383 -20.0471 9.6
      vertex -38.0383 -20.0471 5
    endloop
  endfacet
  facet normal -0.79356 -0.608492 0
    outer loop
      vertex -38.0383 -20.0471 9.6
      vertex -37.9321 -20.1856 5
      vertex -37.9321 -20.1856 9.6
    endloop
  endfacet
  facet normal 0.498256 0.649797 0.574026
    outer loop
      vertex 37.5471 20.5383 9.6
      vertex 36.9856 19.7321 11
      vertex 37.6856 20.4321 9.6
    endloop
  endfacet
  facet normal 0.498485 0.649626 0.57402
    outer loop
      vertex 36.9856 19.7321 11
      vertex 37.5471 20.5383 9.6
      vertex 36.8472 19.8383 11
    endloop
  endfacet
  facet normal -0.254897 0.807901 0.531341
    outer loop
      vertex -36.9176 20.8318 9.6
      vertex -36.384 20.0794 11
      vertex -36.2176 20.1319 11
    endloop
  endfacet
  facet normal -0.254468 0.80808 0.531274
    outer loop
      vertex -36.384 20.0794 11
      vertex -36.9176 20.8318 9.6
      vertex -37.084 20.7794 9.6
    endloop
  endfacet
  facet normal -0.953825 -0.300363 0
    outer loop
      vertex -38.2794 -19.584 5
      vertex -38.3318 -19.4176 9.6
      vertex -38.3318 -19.4176 5
    endloop
  endfacet
  facet normal -0.953825 -0.300363 0
    outer loop
      vertex -38.3318 -19.4176 9.6
      vertex -38.2794 -19.584 5
      vertex -38.2794 -19.584 9.6
    endloop
  endfacet
  facet normal -0.976241 -0.216688 0
    outer loop
      vertex -38.3318 -19.4176 5
      vertex -38.3696 -19.2473 9.6
      vertex -38.3696 -19.2473 5
    endloop
  endfacet
  facet normal -0.976241 -0.216688 0
    outer loop
      vertex -38.3696 -19.2473 9.6
      vertex -38.3318 -19.4176 5
      vertex -38.3318 -19.4176 9.6
    endloop
  endfacet
  facet normal 0.498485 -0.649626 0.57402
    outer loop
      vertex 37.5471 -20.5383 9.6
      vertex 36.9856 -19.7321 11
      vertex 36.8472 -19.8383 11
    endloop
  endfacet
  facet normal 0.498256 -0.649797 0.574026
    outer loop
      vertex 36.9856 -19.7321 11
      vertex 37.5471 -20.5383 9.6
      vertex 37.6856 -20.4321 9.6
    endloop
  endfacet
  facet normal 0.773396 0.320489 0.546942
    outer loop
      vertex 37.5126 19.0452 11
      vertex 38.2794 19.584 9.6
      vertex 38.2126 19.7452 9.6
    endloop
  endfacet
  facet normal 0.773396 0.320489 0.546942
    outer loop
      vertex 38.2794 19.584 9.6
      vertex 37.5126 19.0452 11
      vertex 37.5794 18.884 11
    endloop
  endfacet
  facet normal -0.130662 -0.991427 0
    outer loop
      vertex -36.7473 -20.8696 5
      vertex -36.5743 -20.8924 9.6
      vertex -36.7473 -20.8696 9.6
    endloop
  endfacet
  facet normal -0.130662 -0.991427 -0
    outer loop
      vertex -36.5743 -20.8924 9.6
      vertex -36.7473 -20.8696 5
      vertex -36.5743 -20.8924 5
    endloop
  endfacet
  facet normal -0.0435616 0.999051 0
    outer loop
      vertex -36.4 20.9 5
      vertex -36.5743 20.8924 9.6
      vertex -36.4 20.9 9.6
    endloop
  endfacet
  facet normal -0.0435616 0.999051 0
    outer loop
      vertex -36.5743 20.8924 9.6
      vertex -36.4 20.9 5
      vertex -36.5743 20.8924 5
    endloop
  endfacet
  facet normal -0.551942 0.602034 0.576988
    outer loop
      vertex -37.6856 20.4321 9.6
      vertex -37.1142 19.6142 11
      vertex -36.9856 19.7321 11
    endloop
  endfacet
  facet normal -0.551942 0.602034 0.576988
    outer loop
      vertex -37.1142 19.6142 11
      vertex -37.6856 20.4321 9.6
      vertex -37.8142 20.3142 9.6
    endloop
  endfacet
  facet normal -0.498485 0.649626 0.57402
    outer loop
      vertex -37.5471 20.5383 9.6
      vertex -36.9856 19.7321 11
      vertex -36.8472 19.8383 11
    endloop
  endfacet
  facet normal -0.498256 0.649797 0.574026
    outer loop
      vertex -36.9856 19.7321 11
      vertex -37.5471 20.5383 9.6
      vertex -37.6856 20.4321 9.6
    endloop
  endfacet
  facet normal 0 0 1
    outer loop
      vertex 35.8517 17.8736 11
      vertex 37.7 18.2 11
      vertex 37.6924 18.3743 11
    endloop
  endfacet
  facet normal 0 0 1
    outer loop
      vertex 37.7 18.2 11
      vertex 35.9 17.6 11
      vertex 37.7 -18.2 11
    endloop
  endfacet
  facet normal 0 0 1
    outer loop
      vertex 35.825 17.9381 11
      vertex 37.6924 18.3743 11
      vertex 37.6696 18.5473 11
    endloop
  endfacet
  facet normal -0 0 1
    outer loop
      vertex 35.9 -17.6 11
      vertex 37.7 -18.2 11
      vertex 35.9 17.6 11
    endloop
  endfacet
  facet normal 0 0 1
    outer loop
      vertex 35.825 17.9381 11
      vertex 37.6696 18.5473 11
      vertex 37.6319 18.7176 11
    endloop
  endfacet
  facet normal -0 0 1
    outer loop
      vertex 35.8969 -17.6697 11
      vertex 37.7 -18.2 11
      vertex 35.9 -17.6 11
    endloop
  endfacet
  facet normal 0 0 1
    outer loop
      vertex 35.7928 18 11
      vertex 37.6319 18.7176 11
      vertex 37.5794 18.884 11
    endloop
  endfacet
  facet normal -0 0 1
    outer loop
      vertex 35.8878 -17.7389 11
      vertex 37.7 -18.2 11
      vertex 35.8969 -17.6697 11
    endloop
  endfacet
  facet normal 0 0 1
    outer loop
      vertex 35.7553 18.0589 11
      vertex 37.5794 18.884 11
      vertex 37.5126 19.0452 11
    endloop
  endfacet
  facet normal -0 0 1
    outer loop
      vertex 35.8727 -17.8071 11
      vertex 37.7 -18.2 11
      vertex 35.8878 -17.7389 11
    endloop
  endfacet
  facet normal 0 0 1
    outer loop
      vertex 35.7553 18.0589 11
      vertex 37.5126 19.0452 11
      vertex 37.4321 19.2 11
    endloop
  endfacet
  facet normal -0 0 1
    outer loop
      vertex 35.8517 -17.8736 11
      vertex 37.7 -18.2 11
      vertex 35.8727 -17.8071 11
    endloop
  endfacet
  facet normal 0 0 1
    outer loop
      vertex 35.7128 18.1142 11
      vertex 37.4321 19.2 11
      vertex 37.3383 19.3472 11
    endloop
  endfacet
  facet normal 0 0 1
    outer loop
      vertex 37.7 -18.2 11
      vertex 35.8517 -17.8736 11
      vertex 37.6924 -18.3743 11
    endloop
  endfacet
  facet normal 0 0 1
    outer loop
      vertex 35.7128 18.1142 11
      vertex 37.3383 19.3472 11
      vertex 37.2321 19.4856 11
    endloop
  endfacet
  facet normal -0 0 1
    outer loop
      vertex 35.825 -17.9381 11
      vertex 37.6924 -18.3743 11
      vertex 35.8517 -17.8736 11
    endloop
  endfacet
  facet normal 0 0 1
    outer loop
      vertex 35.6657 18.1657 11
      vertex 37.2321 19.4856 11
      vertex 37.1142 19.6142 11
    endloop
  endfacet
  facet normal 0 0 1
    outer loop
      vertex 37.6924 -18.3743 11
      vertex 35.825 -17.9381 11
      vertex 37.6696 -18.5473 11
    endloop
  endfacet
  facet normal 0 0 1
    outer loop
      vertex 35.6657 18.1657 11
      vertex 37.1142 19.6142 11
      vertex 36.9856 19.7321 11
    endloop
  endfacet
  facet normal 0 0 1
    outer loop
      vertex 37.6696 -18.5473 11
      vertex 35.825 -17.9381 11
      vertex 37.6319 -18.7176 11
    endloop
  endfacet
  facet normal 0 0 1
    outer loop
      vertex 35.6142 18.2128 11
      vertex 36.9856 19.7321 11
      vertex 36.8472 19.8383 11
    endloop
  endfacet
  facet normal -0 0 1
    outer loop
      vertex 35.7928 -18 11
      vertex 37.6319 -18.7176 11
      vertex 35.825 -17.9381 11
    endloop
  endfacet
  facet normal 0 0 1
    outer loop
      vertex 35.6142 18.2128 11
      vertex 36.8472 19.8383 11
      vertex 36.7 19.9321 11
    endloop
  endfacet
  facet normal 0 0 1
    outer loop
      vertex 37.6319 -18.7176 11
      vertex 35.7928 -18 11
      vertex 37.5794 -18.884 11
    endloop
  endfacet
  facet normal 0 0 1
    outer loop
      vertex 35.5589 18.2553 11
      vertex 36.7 19.9321 11
      vertex 36.5452 20.0126 11
    endloop
  endfacet
  facet normal -0 0 1
    outer loop
      vertex 35.7553 -18.0589 11
      vertex 37.5794 -18.884 11
      vertex 35.7928 -18 11
    endloop
  endfacet
  facet normal 0 0 1
    outer loop
      vertex 35.5589 18.2553 11
      vertex 36.5452 20.0126 11
      vertex 36.384 20.0794 11
    endloop
  endfacet
  facet normal 0 0 1
    outer loop
      vertex 37.5794 -18.884 11
      vertex 35.7553 -18.0589 11
      vertex 37.5126 -19.0452 11
    endloop
  endfacet
  facet normal 0 0 1
    outer loop
      vertex 35.5 18.2928 11
      vertex 36.384 20.0794 11
      vertex 36.2176 20.1319 11
    endloop
  endfacet
  facet normal 0 0 1
    outer loop
      vertex 37.5126 -19.0452 11
      vertex 35.7553 -18.0589 11
      vertex 37.4321 -19.2 11
    endloop
  endfacet
  facet normal 0 0 1
    outer loop
      vertex 35.5 18.2928 11
      vertex 36.2176 20.1319 11
      vertex 36.0473 20.1696 11
    endloop
  endfacet
  facet normal -0 0 1
    outer loop
      vertex 35.7128 -18.1142 11
      vertex 37.4321 -19.2 11
      vertex 35.7553 -18.0589 11
    endloop
  endfacet
  facet normal 0 0 1
    outer loop
      vertex 37.4321 -19.2 11
      vertex 35.7128 -18.1142 11
      vertex 37.3383 -19.3472 11
    endloop
  endfacet
  facet normal 0 0 1
    outer loop
      vertex 37.7 18.2 11
      vertex 35.8969 17.6697 11
      vertex 35.9 17.6 11
    endloop
  endfacet
  facet normal 0 0 1
    outer loop
      vertex 37.7 18.2 11
      vertex 35.8878 17.7389 11
      vertex 35.8969 17.6697 11
    endloop
  endfacet
  facet normal 0 0 1
    outer loop
      vertex 35.4381 18.325 11
      vertex 36.0473 20.1696 11
      vertex 35.8743 20.1924 11
    endloop
  endfacet
  facet normal 0 0 1
    outer loop
      vertex 37.7 18.2 11
      vertex 35.8727 17.8071 11
      vertex 35.8878 17.7389 11
    endloop
  endfacet
  facet normal 0 0 1
    outer loop
      vertex 37.7 18.2 11
      vertex 35.8517 17.8736 11
      vertex 35.8727 17.8071 11
    endloop
  endfacet
  facet normal 0 0 1
    outer loop
      vertex 37.6924 18.3743 11
      vertex 35.825 17.9381 11
      vertex 35.8517 17.8736 11
    endloop
  endfacet
  facet normal 0 0 1
    outer loop
      vertex 37.6319 18.7176 11
      vertex 35.7928 18 11
      vertex 35.825 17.9381 11
    endloop
  endfacet
  facet normal 0 0 1
    outer loop
      vertex 37.5794 18.884 11
      vertex 35.7553 18.0589 11
      vertex 35.7928 18 11
    endloop
  endfacet
  facet normal 0 0 1
    outer loop
      vertex 37.4321 19.2 11
      vertex 35.7128 18.1142 11
      vertex 35.7553 18.0589 11
    endloop
  endfacet
  facet normal 0 0 1
    outer loop
      vertex 35.3736 18.3517 11
      vertex 35.8743 20.1924 11
      vertex 35.7 20.2 11
    endloop
  endfacet
  facet normal 0 0 1
    outer loop
      vertex 37.2321 19.4856 11
      vertex 35.6657 18.1657 11
      vertex 35.7128 18.1142 11
    endloop
  endfacet
  facet normal 0 0 1
    outer loop
      vertex 36.9856 19.7321 11
      vertex 35.6142 18.2128 11
      vertex 35.6657 18.1657 11
    endloop
  endfacet
  facet normal 0 0 1
    outer loop
      vertex 36.7 19.9321 11
      vertex 35.5589 18.2553 11
      vertex 35.6142 18.2128 11
    endloop
  endfacet
  facet normal 0 0 1
    outer loop
      vertex 36.384 20.0794 11
      vertex 35.5 18.2928 11
      vertex 35.5589 18.2553 11
    endloop
  endfacet
  facet normal 0 0 1
    outer loop
      vertex 36.0473 20.1696 11
      vertex 35.4381 18.325 11
      vertex 35.5 18.2928 11
    endloop
  endfacet
  facet normal 0 0 1
    outer loop
      vertex 35.8743 20.1924 11
      vertex 35.3736 18.3517 11
      vertex 35.4381 18.325 11
    endloop
  endfacet
  facet normal 0 0 1
    outer loop
      vertex 35.7 20.2 11
      vertex 35.3071 18.3727 11
      vertex 35.3736 18.3517 11
    endloop
  endfacet
  facet normal 0 0 1
    outer loop
      vertex 35.7 20.2 11
      vertex 35.2389 18.3878 11
      vertex 35.3071 18.3727 11
    endloop
  endfacet
  facet normal 0 0 1
    outer loop
      vertex 35.7 20.2 11
      vertex 35.1697 18.3969 11
      vertex 35.2389 18.3878 11
    endloop
  endfacet
  facet normal 0 0 1
    outer loop
      vertex 35.7 20.2 11
      vertex 35.1 18.4 11
      vertex 35.1697 18.3969 11
    endloop
  endfacet
  facet normal 0 0 1
    outer loop
      vertex 35.7 20.2 11
      vertex -35.1 18.4 11
      vertex 35.1 18.4 11
    endloop
  endfacet
  facet normal -0 0 1
    outer loop
      vertex -35.7 20.2 11
      vertex -35.1 18.4 11
      vertex 35.7 20.2 11
    endloop
  endfacet
  facet normal 0 0 1
    outer loop
      vertex -35.7 20.2 11
      vertex -35.1697 18.3969 11
      vertex -35.1 18.4 11
    endloop
  endfacet
  facet normal 0 0 1
    outer loop
      vertex -35.7 20.2 11
      vertex -35.2389 18.3878 11
      vertex -35.1697 18.3969 11
    endloop
  endfacet
  facet normal 0 0 1
    outer loop
      vertex -35.7 20.2 11
      vertex -35.3071 18.3727 11
      vertex -35.2389 18.3878 11
    endloop
  endfacet
  facet normal 0 0 1
    outer loop
      vertex -35.7 20.2 11
      vertex -35.3736 18.3517 11
      vertex -35.3071 18.3727 11
    endloop
  endfacet
  facet normal -0 0 1
    outer loop
      vertex -35.8743 20.1924 11
      vertex -35.3736 18.3517 11
      vertex -35.7 20.2 11
    endloop
  endfacet
  facet normal 0 0 1
    outer loop
      vertex -35.3736 18.3517 11
      vertex -35.8743 20.1924 11
      vertex -35.4381 18.325 11
    endloop
  endfacet
  facet normal -0 0 1
    outer loop
      vertex -36.0473 20.1696 11
      vertex -35.4381 18.325 11
      vertex -35.8743 20.1924 11
    endloop
  endfacet
  facet normal 0 0 1
    outer loop
      vertex -35.4381 18.325 11
      vertex -36.0473 20.1696 11
      vertex -35.5 18.2928 11
    endloop
  endfacet
  facet normal -0 0 1
    outer loop
      vertex -36.2176 20.1319 11
      vertex -35.5 18.2928 11
      vertex -36.0473 20.1696 11
    endloop
  endfacet
  facet normal -0 0 1
    outer loop
      vertex -36.384 20.0794 11
      vertex -35.5 18.2928 11
      vertex -36.2176 20.1319 11
    endloop
  endfacet
  facet normal 0 0 1
    outer loop
      vertex -35.5 18.2928 11
      vertex -36.384 20.0794 11
      vertex -35.5589 18.2553 11
    endloop
  endfacet
  facet normal -0 0 1
    outer loop
      vertex -36.5452 20.0126 11
      vertex -35.5589 18.2553 11
      vertex -36.384 20.0794 11
    endloop
  endfacet
  facet normal -0 0 1
    outer loop
      vertex -36.7 19.9321 11
      vertex -35.5589 18.2553 11
      vertex -36.5452 20.0126 11
    endloop
  endfacet
  facet normal 0 0 1
    outer loop
      vertex -35.5589 18.2553 11
      vertex -36.7 19.9321 11
      vertex -35.6142 18.2128 11
    endloop
  endfacet
  facet normal -0 0 1
    outer loop
      vertex -36.8472 19.8383 11
      vertex -35.6142 18.2128 11
      vertex -36.7 19.9321 11
    endloop
  endfacet
  facet normal -0 0 1
    outer loop
      vertex -36.9856 19.7321 11
      vertex -35.6142 18.2128 11
      vertex -36.8472 19.8383 11
    endloop
  endfacet
  facet normal 0 0 1
    outer loop
      vertex -35.6142 18.2128 11
      vertex -36.9856 19.7321 11
      vertex -35.6657 18.1657 11
    endloop
  endfacet
  facet normal -0 0 1
    outer loop
      vertex -37.1142 19.6142 11
      vertex -35.6657 18.1657 11
      vertex -36.9856 19.7321 11
    endloop
  endfacet
  facet normal -0 0 1
    outer loop
      vertex -37.2321 19.4856 11
      vertex -35.6657 18.1657 11
      vertex -37.1142 19.6142 11
    endloop
  endfacet
  facet normal -0 0 1
    outer loop
      vertex -37.3383 19.3472 11
      vertex -35.7128 18.1142 11
      vertex -37.2321 19.4856 11
    endloop
  endfacet
  facet normal 0 0 1
    outer loop
      vertex -35.6657 18.1657 11
      vertex -37.2321 19.4856 11
      vertex -35.7128 18.1142 11
    endloop
  endfacet
  facet normal 0 0 1
    outer loop
      vertex 37.3383 -19.3472 11
      vertex 35.7128 -18.1142 11
      vertex 37.2321 -19.4856 11
    endloop
  endfacet
  facet normal -0 0 1
    outer loop
      vertex 35.6657 -18.1657 11
      vertex 37.2321 -19.4856 11
      vertex 35.7128 -18.1142 11
    endloop
  endfacet
  facet normal 0 0 1
    outer loop
      vertex 37.2321 -19.4856 11
      vertex 35.6657 -18.1657 11
      vertex 37.1142 -19.6142 11
    endloop
  endfacet
  facet normal 0 0 1
    outer loop
      vertex 37.1142 -19.6142 11
      vertex 35.6657 -18.1657 11
      vertex 36.9856 -19.7321 11
    endloop
  endfacet
  facet normal -0 0 1
    outer loop
      vertex 35.6142 -18.2128 11
      vertex 36.9856 -19.7321 11
      vertex 35.6657 -18.1657 11
    endloop
  endfacet
  facet normal 0 0 1
    outer loop
      vertex 36.9856 -19.7321 11
      vertex 35.6142 -18.2128 11
      vertex 36.8472 -19.8383 11
    endloop
  endfacet
  facet normal 0 0 1
    outer loop
      vertex 36.8472 -19.8383 11
      vertex 35.6142 -18.2128 11
      vertex 36.7 -19.9321 11
    endloop
  endfacet
  facet normal -0 0 1
    outer loop
      vertex 35.5589 -18.2553 11
      vertex 36.7 -19.9321 11
      vertex 35.6142 -18.2128 11
    endloop
  endfacet
  facet normal 0 0 1
    outer loop
      vertex 36.7 -19.9321 11
      vertex 35.5589 -18.2553 11
      vertex 36.5452 -20.0126 11
    endloop
  endfacet
  facet normal 0 0 1
    outer loop
      vertex 36.5452 -20.0126 11
      vertex 35.5589 -18.2553 11
      vertex 36.384 -20.0794 11
    endloop
  endfacet
  facet normal -0 0 1
    outer loop
      vertex 35.5 -18.2928 11
      vertex 36.384 -20.0794 11
      vertex 35.5589 -18.2553 11
    endloop
  endfacet
  facet normal 0 0 1
    outer loop
      vertex 36.384 -20.0794 11
      vertex 35.5 -18.2928 11
      vertex 36.2176 -20.1319 11
    endloop
  endfacet
  facet normal 0 0 1
    outer loop
      vertex 36.2176 -20.1319 11
      vertex 35.5 -18.2928 11
      vertex 36.0473 -20.1696 11
    endloop
  endfacet
  facet normal -0 0 1
    outer loop
      vertex 35.4381 -18.325 11
      vertex 36.0473 -20.1696 11
      vertex 35.5 -18.2928 11
    endloop
  endfacet
  facet normal 0 0 1
    outer loop
      vertex 36.0473 -20.1696 11
      vertex 35.4381 -18.325 11
      vertex 35.8743 -20.1924 11
    endloop
  endfacet
  facet normal -0 0 1
    outer loop
      vertex 35.3736 -18.3517 11
      vertex 35.8743 -20.1924 11
      vertex 35.4381 -18.325 11
    endloop
  endfacet
  facet normal 0 0 1
    outer loop
      vertex 35.8743 -20.1924 11
      vertex 35.3736 -18.3517 11
      vertex 35.7 -20.2 11
    endloop
  endfacet
  facet normal -0 0 1
    outer loop
      vertex 35.3071 -18.3727 11
      vertex 35.7 -20.2 11
      vertex 35.3736 -18.3517 11
    endloop
  endfacet
  facet normal -0 0 1
    outer loop
      vertex 35.2389 -18.3878 11
      vertex 35.7 -20.2 11
      vertex 35.3071 -18.3727 11
    endloop
  endfacet
  facet normal -0 0 1
    outer loop
      vertex 35.1697 -18.3969 11
      vertex 35.7 -20.2 11
      vertex 35.2389 -18.3878 11
    endloop
  endfacet
  facet normal -0 0 1
    outer loop
      vertex 35.1 -18.4 11
      vertex 35.7 -20.2 11
      vertex 35.1697 -18.3969 11
    endloop
  endfacet
  facet normal -0 0 1
    outer loop
      vertex -35.1 -18.4 11
      vertex 35.7 -20.2 11
      vertex 35.1 -18.4 11
    endloop
  endfacet
  facet normal 0 0 1
    outer loop
      vertex -35.1 -18.4 11
      vertex -35.7 -20.2 11
      vertex 35.7 -20.2 11
    endloop
  endfacet
  facet normal 0 0 1
    outer loop
      vertex -35.1697 -18.3969 11
      vertex -35.7 -20.2 11
      vertex -35.1 -18.4 11
    endloop
  endfacet
  facet normal 0 0 1
    outer loop
      vertex -35.2389 -18.3878 11
      vertex -35.7 -20.2 11
      vertex -35.1697 -18.3969 11
    endloop
  endfacet
  facet normal 0 0 1
    outer loop
      vertex -35.3071 -18.3727 11
      vertex -35.7 -20.2 11
      vertex -35.2389 -18.3878 11
    endloop
  endfacet
  facet normal 0 0 1
    outer loop
      vertex -35.3736 -18.3517 11
      vertex -35.7 -20.2 11
      vertex -35.3071 -18.3727 11
    endloop
  endfacet
  facet normal 0 0 1
    outer loop
      vertex -35.8743 -20.1924 11
      vertex -35.3736 -18.3517 11
      vertex -35.4381 -18.325 11
    endloop
  endfacet
  facet normal 0 0 1
    outer loop
      vertex -36.0473 -20.1696 11
      vertex -35.4381 -18.325 11
      vertex -35.5 -18.2928 11
    endloop
  endfacet
  facet normal 0 0 1
    outer loop
      vertex -36.384 -20.0794 11
      vertex -35.5 -18.2928 11
      vertex -35.5589 -18.2553 11
    endloop
  endfacet
  facet normal 0 0 1
    outer loop
      vertex -36.7 -19.9321 11
      vertex -35.5589 -18.2553 11
      vertex -35.6142 -18.2128 11
    endloop
  endfacet
  facet normal 0 0 1
    outer loop
      vertex -36.9856 -19.7321 11
      vertex -35.6142 -18.2128 11
      vertex -35.6657 -18.1657 11
    endloop
  endfacet
  facet normal 0 0 1
    outer loop
      vertex -37.2321 -19.4856 11
      vertex -35.6657 -18.1657 11
      vertex -35.7128 -18.1142 11
    endloop
  endfacet
  facet normal 0 0 1
    outer loop
      vertex -37.4321 -19.2 11
      vertex -35.7128 -18.1142 11
      vertex -35.7553 -18.0589 11
    endloop
  endfacet
  facet normal 0 0 1
    outer loop
      vertex -37.5794 -18.884 11
      vertex -35.7553 -18.0589 11
      vertex -35.7928 -18 11
    endloop
  endfacet
  facet normal 0 0 1
    outer loop
      vertex -37.6319 -18.7176 11
      vertex -35.7928 -18 11
      vertex -35.825 -17.9381 11
    endloop
  endfacet
  facet normal 0 0 1
    outer loop
      vertex -37.6924 -18.3743 11
      vertex -35.825 -17.9381 11
      vertex -35.8517 -17.8736 11
    endloop
  endfacet
  facet normal 0 0 1
    outer loop
      vertex -37.7 -18.2 11
      vertex -35.8517 -17.8736 11
      vertex -35.8727 -17.8071 11
    endloop
  endfacet
  facet normal 0 0 1
    outer loop
      vertex -35.3736 -18.3517 11
      vertex -35.8743 -20.1924 11
      vertex -35.7 -20.2 11
    endloop
  endfacet
  facet normal 0 0 1
    outer loop
      vertex -37.7 -18.2 11
      vertex -35.8727 -17.8071 11
      vertex -35.8878 -17.7389 11
    endloop
  endfacet
  facet normal 0 0 1
    outer loop
      vertex -37.7 -18.2 11
      vertex -35.8878 -17.7389 11
      vertex -35.8969 -17.6697 11
    endloop
  endfacet
  facet normal 0 0 1
    outer loop
      vertex -37.7 -18.2 11
      vertex -35.8969 -17.6697 11
      vertex -35.9 -17.6 11
    endloop
  endfacet
  facet normal 0 0 1
    outer loop
      vertex -35.4381 -18.325 11
      vertex -36.0473 -20.1696 11
      vertex -35.8743 -20.1924 11
    endloop
  endfacet
  facet normal 0 0 1
    outer loop
      vertex -35.9 17.6 11
      vertex -37.7 18.2 11
      vertex -35.9 -17.6 11
    endloop
  endfacet
  facet normal -0 0 1
    outer loop
      vertex -37.4321 19.2 11
      vertex -35.7128 18.1142 11
      vertex -37.3383 19.3472 11
    endloop
  endfacet
  facet normal 0 0 1
    outer loop
      vertex -37.7 -18.2 11
      vertex -35.9 -17.6 11
      vertex -37.7 18.2 11
    endloop
  endfacet
  facet normal 0 0 1
    outer loop
      vertex -35.7128 18.1142 11
      vertex -37.4321 19.2 11
      vertex -35.7553 18.0589 11
    endloop
  endfacet
  facet normal 0 0 1
    outer loop
      vertex -35.8517 -17.8736 11
      vertex -37.7 -18.2 11
      vertex -37.6924 -18.3743 11
    endloop
  endfacet
  facet normal -0 0 1
    outer loop
      vertex -37.5126 19.0452 11
      vertex -35.7553 18.0589 11
      vertex -37.4321 19.2 11
    endloop
  endfacet
  facet normal 0 0 1
    outer loop
      vertex -35.5 -18.2928 11
      vertex -36.2176 -20.1319 11
      vertex -36.0473 -20.1696 11
    endloop
  endfacet
  facet normal -0 0 1
    outer loop
      vertex -37.5794 18.884 11
      vertex -35.7553 18.0589 11
      vertex -37.5126 19.0452 11
    endloop
  endfacet
  facet normal 0 0 1
    outer loop
      vertex -35.5 -18.2928 11
      vertex -36.384 -20.0794 11
      vertex -36.2176 -20.1319 11
    endloop
  endfacet
  facet normal 0 0 1
    outer loop
      vertex -35.7553 18.0589 11
      vertex -37.5794 18.884 11
      vertex -35.7928 18 11
    endloop
  endfacet
  facet normal 0 0 1
    outer loop
      vertex -35.5589 -18.2553 11
      vertex -36.5452 -20.0126 11
      vertex -36.384 -20.0794 11
    endloop
  endfacet
  facet normal -0 0 1
    outer loop
      vertex -37.6319 18.7176 11
      vertex -35.7928 18 11
      vertex -37.5794 18.884 11
    endloop
  endfacet
  facet normal 0 0 1
    outer loop
      vertex -35.5589 -18.2553 11
      vertex -36.7 -19.9321 11
      vertex -36.5452 -20.0126 11
    endloop
  endfacet
  facet normal 0 0 1
    outer loop
      vertex -35.7928 18 11
      vertex -37.6319 18.7176 11
      vertex -35.825 17.9381 11
    endloop
  endfacet
  facet normal 0 0 1
    outer loop
      vertex -35.6142 -18.2128 11
      vertex -36.8472 -19.8383 11
      vertex -36.7 -19.9321 11
    endloop
  endfacet
  facet normal -0 0 1
    outer loop
      vertex -37.6696 18.5473 11
      vertex -35.825 17.9381 11
      vertex -37.6319 18.7176 11
    endloop
  endfacet
  facet normal 0 0 1
    outer loop
      vertex -35.6142 -18.2128 11
      vertex -36.9856 -19.7321 11
      vertex -36.8472 -19.8383 11
    endloop
  endfacet
  facet normal -0 0 1
    outer loop
      vertex -37.6924 18.3743 11
      vertex -35.825 17.9381 11
      vertex -37.6696 18.5473 11
    endloop
  endfacet
  facet normal 0 0 1
    outer loop
      vertex -35.6657 -18.1657 11
      vertex -37.1142 -19.6142 11
      vertex -36.9856 -19.7321 11
    endloop
  endfacet
  facet normal 0 0 1
    outer loop
      vertex -35.825 17.9381 11
      vertex -37.6924 18.3743 11
      vertex -35.8517 17.8736 11
    endloop
  endfacet
  facet normal 0 0 1
    outer loop
      vertex -35.6657 -18.1657 11
      vertex -37.2321 -19.4856 11
      vertex -37.1142 -19.6142 11
    endloop
  endfacet
  facet normal -0 0 1
    outer loop
      vertex -37.7 18.2 11
      vertex -35.8517 17.8736 11
      vertex -37.6924 18.3743 11
    endloop
  endfacet
  facet normal 0 0 1
    outer loop
      vertex -35.7128 -18.1142 11
      vertex -37.3383 -19.3472 11
      vertex -37.2321 -19.4856 11
    endloop
  endfacet
  facet normal 0 0 1
    outer loop
      vertex -35.8517 17.8736 11
      vertex -37.7 18.2 11
      vertex -35.8727 17.8071 11
    endloop
  endfacet
  facet normal 0 0 1
    outer loop
      vertex -35.7128 -18.1142 11
      vertex -37.4321 -19.2 11
      vertex -37.3383 -19.3472 11
    endloop
  endfacet
  facet normal 0 0 1
    outer loop
      vertex -35.8727 17.8071 11
      vertex -37.7 18.2 11
      vertex -35.8878 17.7389 11
    endloop
  endfacet
  facet normal 0 0 1
    outer loop
      vertex -35.7553 -18.0589 11
      vertex -37.5126 -19.0452 11
      vertex -37.4321 -19.2 11
    endloop
  endfacet
  facet normal 0 0 1
    outer loop
      vertex -35.8878 17.7389 11
      vertex -37.7 18.2 11
      vertex -35.8969 17.6697 11
    endloop
  endfacet
  facet normal 0 0 1
    outer loop
      vertex -35.7553 -18.0589 11
      vertex -37.5794 -18.884 11
      vertex -37.5126 -19.0452 11
    endloop
  endfacet
  facet normal 0 0 1
    outer loop
      vertex -35.8969 17.6697 11
      vertex -37.7 18.2 11
      vertex -35.9 17.6 11
    endloop
  endfacet
  facet normal 0 0 1
    outer loop
      vertex -35.7928 -18 11
      vertex -37.6319 -18.7176 11
      vertex -37.5794 -18.884 11
    endloop
  endfacet
  facet normal 0 0 1
    outer loop
      vertex -35.825 -17.9381 11
      vertex -37.6696 -18.5473 11
      vertex -37.6319 -18.7176 11
    endloop
  endfacet
  facet normal 0 0 1
    outer loop
      vertex -35.825 -17.9381 11
      vertex -37.6924 -18.3743 11
      vertex -37.6696 -18.5473 11
    endloop
  endfacet
  facet normal 0.864641 -0.113953 0.489297
    outer loop
      vertex 37.6696 -18.5473 11
      vertex 38.3924 -19.0743 9.6
      vertex 37.6924 -18.3743 11
    endloop
  endfacet
  facet normal 0.864641 -0.113953 0.489297
    outer loop
      vertex 38.3924 -19.0743 9.6
      vertex 37.6696 -18.5473 11
      vertex 38.3696 -19.2473 9.6
    endloop
  endfacet
  facet normal 0.185646 -0.838607 0.512127
    outer loop
      vertex 36.7473 -20.8696 9.6
      vertex 36.2176 -20.1319 11
      vertex 36.0473 -20.1696 11
    endloop
  endfacet
  facet normal 0.186104 -0.83845 0.512217
    outer loop
      vertex 36.2176 -20.1319 11
      vertex 36.7473 -20.8696 9.6
      vertex 36.9176 -20.8318 9.6
    endloop
  endfacet
  facet normal -0.0435616 -0.999051 0
    outer loop
      vertex -36.5743 -20.8924 5
      vertex -36.4 -20.9 9.6
      vertex -36.5743 -20.8924 9.6
    endloop
  endfacet
  facet normal -0.0435616 -0.999051 -0
    outer loop
      vertex -36.4 -20.9 9.6
      vertex -36.5743 -20.8924 5
      vertex -36.4 -20.9 5
    endloop
  endfacet
  facet normal 0.8859 -0.0386279 0.462264
    outer loop
      vertex 37.6924 -18.3743 11
      vertex 38.4 -18.9 9.6
      vertex 37.7 -18.2 11
    endloop
  endfacet
  facet normal 0.8859 -0.0386279 0.462264
    outer loop
      vertex 38.4 -18.9 9.6
      vertex 37.6924 -18.3743 11
      vertex 38.3924 -19.0743 9.6
    endloop
  endfacet
  facet normal -0.773396 0.320489 0.546942
    outer loop
      vertex -38.2794 19.584 9.6
      vertex -37.5126 19.0452 11
      vertex -38.2126 19.7452 9.6
    endloop
  endfacet
  facet normal -0.773396 0.320489 0.546942
    outer loop
      vertex -37.5126 19.0452 11
      vertex -38.2794 19.584 9.6
      vertex -37.5794 18.884 11
    endloop
  endfacet
  facet normal -0.999051 0.0435616 0
    outer loop
      vertex -38.4 18.9 5
      vertex -38.3924 19.0743 9.6
      vertex -38.3924 19.0743 5
    endloop
  endfacet
  facet normal -0.999051 0.0435616 0
    outer loop
      vertex -38.3924 19.0743 9.6
      vertex -38.4 18.9 5
      vertex -38.4 18.9 9.6
    endloop
  endfacet
  facet normal -0.80808 0.254468 0.531274
    outer loop
      vertex -38.3318 19.4176 9.6
      vertex -37.5794 18.884 11
      vertex -38.2794 19.584 9.6
    endloop
  endfacet
  facet normal -0.807901 0.254897 0.531341
    outer loop
      vertex -37.5794 18.884 11
      vertex -38.3318 19.4176 9.6
      vertex -37.6319 18.7176 11
    endloop
  endfacet
  facet normal -0.953825 0.300363 0
    outer loop
      vertex -38.3318 19.4176 5
      vertex -38.2794 19.584 9.6
      vertex -38.2794 19.584 5
    endloop
  endfacet
  facet normal -0.953825 0.300363 0
    outer loop
      vertex -38.2794 19.584 9.6
      vertex -38.3318 19.4176 5
      vertex -38.3318 19.4176 9.6
    endloop
  endfacet
  facet normal 0.838607 -0.185646 0.512127
    outer loop
      vertex 37.6319 -18.7176 11
      vertex 38.3696 -19.2473 9.6
      vertex 37.6696 -18.5473 11
    endloop
  endfacet
  facet normal 0.83845 -0.186104 0.512217
    outer loop
      vertex 38.3696 -19.2473 9.6
      vertex 37.6319 -18.7176 11
      vertex 38.3318 -19.4176 9.6
    endloop
  endfacet
  facet normal -0.694031 -0.442256 0.568094
    outer loop
      vertex -38.132 -19.9 9.6
      vertex -37.3383 -19.3472 11
      vertex -37.4321 -19.2 11
    endloop
  endfacet
  facet normal -0.69411 -0.442135 0.568091
    outer loop
      vertex -37.3383 -19.3472 11
      vertex -38.132 -19.9 9.6
      vertex -38.0383 -20.0471 9.6
    endloop
  endfacet
  facet normal 0.320489 0.773396 0.546942
    outer loop
      vertex 37.084 20.7794 9.6
      vertex 36.5452 20.0126 11
      vertex 37.2452 20.7126 9.6
    endloop
  endfacet
  facet normal 0.320489 0.773396 0.546942
    outer loop
      vertex 36.5452 20.0126 11
      vertex 37.084 20.7794 9.6
      vertex 36.384 20.0794 11
    endloop
  endfacet
  facet normal 0.843425 0.537246 0
    outer loop
      vertex 38.132 19.9 9.6
      vertex 38.0383 20.0471 5
      vertex 38.0383 20.0471 9.6
    endloop
  endfacet
  facet normal 0.843425 0.537246 0
    outer loop
      vertex 38.0383 20.0471 5
      vertex 38.132 19.9 9.6
      vertex 38.132 19.9 5
    endloop
  endfacet
  facet normal 0.737107 0.675777 0
    outer loop
      vertex 37.9321 20.1856 9.6
      vertex 37.8142 20.3142 5
      vertex 37.8142 20.3142 9.6
    endloop
  endfacet
  facet normal 0.737107 0.675777 0
    outer loop
      vertex 37.8142 20.3142 5
      vertex 37.9321 20.1856 9.6
      vertex 37.9321 20.1856 5
    endloop
  endfacet
  facet normal -0.0386279 -0.8859 0.462264
    outer loop
      vertex -36.4 -20.9 9.6
      vertex -35.8743 -20.1924 11
      vertex -36.5743 -20.8924 9.6
    endloop
  endfacet
  facet normal -0.0386279 -0.8859 0.462264
    outer loop
      vertex -35.8743 -20.1924 11
      vertex -36.4 -20.9 9.6
      vertex -35.7 -20.2 11
    endloop
  endfacet
  facet normal -0.551942 -0.602034 0.576988
    outer loop
      vertex -37.6856 -20.4321 9.6
      vertex -37.1142 -19.6142 11
      vertex -37.8142 -20.3142 9.6
    endloop
  endfacet
  facet normal -0.551942 -0.602034 0.576988
    outer loop
      vertex -37.1142 -19.6142 11
      vertex -37.6856 -20.4321 9.6
      vertex -36.9856 -19.7321 11
    endloop
  endfacet
  facet normal 0.735603 -0.382533 0.559068
    outer loop
      vertex 37.4321 -19.2 11
      vertex 38.2126 -19.7452 9.6
      vertex 37.5126 -19.0452 11
    endloop
  endfacet
  facet normal 0.735393 -0.382899 0.559093
    outer loop
      vertex 38.2126 -19.7452 9.6
      vertex 37.4321 -19.2 11
      vertex 38.132 -19.9 9.6
    endloop
  endfacet
  facet normal 0.602034 -0.551942 0.576988
    outer loop
      vertex 37.1142 -19.6142 11
      vertex 37.9321 -20.1856 9.6
      vertex 37.2321 -19.4856 11
    endloop
  endfacet
  facet normal 0.602034 -0.551942 0.576988
    outer loop
      vertex 37.9321 -20.1856 9.6
      vertex 37.1142 -19.6142 11
      vertex 37.8142 -20.3142 9.6
    endloop
  endfacet
  facet normal -0.8859 0.0386279 0.462264
    outer loop
      vertex -38.4 18.9 9.6
      vertex -37.6924 18.3743 11
      vertex -38.3924 19.0743 9.6
    endloop
  endfacet
  facet normal -0.8859 0.0386279 0.462264
    outer loop
      vertex -37.6924 18.3743 11
      vertex -38.4 18.9 9.6
      vertex -37.7 18.2 11
    endloop
  endfacet
  facet normal -0.320489 -0.773396 0.546942
    outer loop
      vertex -37.084 -20.7794 9.6
      vertex -36.5452 -20.0126 11
      vertex -37.2452 -20.7126 9.6
    endloop
  endfacet
  facet normal -0.320489 -0.773396 0.546942
    outer loop
      vertex -36.5452 -20.0126 11
      vertex -37.084 -20.7794 9.6
      vertex -36.384 -20.0794 11
    endloop
  endfacet
  facet normal -0.498256 -0.649797 0.574026
    outer loop
      vertex -37.5471 -20.5383 9.6
      vertex -36.9856 -19.7321 11
      vertex -37.6856 -20.4321 9.6
    endloop
  endfacet
  facet normal -0.498485 -0.649626 0.57402
    outer loop
      vertex -36.9856 -19.7321 11
      vertex -37.5471 -20.5383 9.6
      vertex -36.8472 -19.8383 11
    endloop
  endfacet
  facet normal 0.953825 0.300363 0
    outer loop
      vertex 38.3318 19.4176 9.6
      vertex 38.2794 19.584 5
      vertex 38.2794 19.584 9.6
    endloop
  endfacet
  facet normal 0.953825 0.300363 0
    outer loop
      vertex 38.2794 19.584 5
      vertex 38.3318 19.4176 9.6
      vertex 38.3318 19.4176 5
    endloop
  endfacet
  facet normal 0.551942 0.602034 0.576988
    outer loop
      vertex 37.6856 20.4321 9.6
      vertex 37.1142 19.6142 11
      vertex 37.8142 20.3142 9.6
    endloop
  endfacet
  facet normal 0.551942 0.602034 0.576988
    outer loop
      vertex 37.1142 19.6142 11
      vertex 37.6856 20.4321 9.6
      vertex 36.9856 19.7321 11
    endloop
  endfacet
  facet normal 0.976241 0.216688 0
    outer loop
      vertex 38.3696 19.2473 9.6
      vertex 38.3318 19.4176 5
      vertex 38.3318 19.4176 9.6
    endloop
  endfacet
  facet normal 0.976241 0.216688 0
    outer loop
      vertex 38.3318 19.4176 5
      vertex 38.3696 19.2473 9.6
      vertex 38.3696 19.2473 5
    endloop
  endfacet
  facet normal 0.649797 0.498256 0.574026
    outer loop
      vertex 37.2321 19.4856 11
      vertex 38.0383 20.0471 9.6
      vertex 37.9321 20.1856 9.6
    endloop
  endfacet
  facet normal 0.649626 0.498485 0.57402
    outer loop
      vertex 38.0383 20.0471 9.6
      vertex 37.2321 19.4856 11
      vertex 37.3383 19.3472 11
    endloop
  endfacet
  facet normal -0.301131 -0.953583 0
    outer loop
      vertex 35.3071 18.3727 5
      vertex 35.3736 18.3517 11
      vertex 35.3071 18.3727 11
    endloop
  endfacet
  facet normal -0.301131 -0.953583 -0
    outer loop
      vertex 35.3736 18.3517 11
      vertex 35.3071 18.3727 5
      vertex 35.3736 18.3517 5
    endloop
  endfacet
  facet normal 0.0444324 -0.999012 0
    outer loop
      vertex -35.1697 18.3969 5
      vertex -35.1 18.4 11
      vertex -35.1697 18.3969 11
    endloop
  endfacet
  facet normal 0.0444324 -0.999012 0
    outer loop
      vertex -35.1 18.4 11
      vertex -35.1697 18.3969 5
      vertex -35.1 18.4 5
    endloop
  endfacet
  facet normal -0.382478 -0.923964 0
    outer loop
      vertex 35.3736 18.3517 5
      vertex 35.4381 18.325 11
      vertex 35.3736 18.3517 11
    endloop
  endfacet
  facet normal -0.382478 -0.923964 -0
    outer loop
      vertex 35.4381 18.325 11
      vertex 35.3736 18.3517 5
      vertex 35.4381 18.325 5
    endloop
  endfacet
  facet normal 0.976355 0.216172 0
    outer loop
      vertex -35.8727 -17.8071 11
      vertex -35.8878 -17.7389 5
      vertex -35.8878 -17.7389 11
    endloop
  endfacet
  facet normal 0.976355 0.216172 0
    outer loop
      vertex -35.8878 -17.7389 5
      vertex -35.8727 -17.8071 11
      vertex -35.8727 -17.8071 5
    endloop
  endfacet
  facet normal 0.953583 0.301131 0
    outer loop
      vertex -35.8517 -17.8736 11
      vertex -35.8727 -17.8071 5
      vertex -35.8727 -17.8071 11
    endloop
  endfacet
  facet normal 0.953583 0.301131 0
    outer loop
      vertex -35.8727 -17.8071 5
      vertex -35.8517 -17.8736 11
      vertex -35.8517 -17.8736 5
    endloop
  endfacet
  facet normal -0.461488 -0.887146 0
    outer loop
      vertex 35.4381 18.325 5
      vertex 35.5 18.2928 11
      vertex 35.4381 18.325 11
    endloop
  endfacet
  facet normal -0.461488 -0.887146 -0
    outer loop
      vertex 35.5 18.2928 11
      vertex 35.4381 18.325 5
      vertex 35.5 18.2928 5
    endloop
  endfacet
  facet normal -0.999012 -0.0444324 0
    outer loop
      vertex 35.9 17.6 5
      vertex 35.8969 17.6697 11
      vertex 35.8969 17.6697 5
    endloop
  endfacet
  facet normal -0.999012 -0.0444324 0
    outer loop
      vertex 35.8969 17.6697 11
      vertex 35.9 17.6 5
      vertex 35.9 17.6 11
    endloop
  endfacet
  facet normal -0.461488 0.887146 0
    outer loop
      vertex 35.5 -18.2928 5
      vertex 35.4381 -18.325 11
      vertex 35.5 -18.2928 11
    endloop
  endfacet
  facet normal -0.461488 0.887146 0
    outer loop
      vertex 35.4381 -18.325 11
      vertex 35.5 -18.2928 5
      vertex 35.4381 -18.325 5
    endloop
  endfacet
  facet normal 0.216172 -0.976355 0
    outer loop
      vertex -35.3071 18.3727 5
      vertex -35.2389 18.3878 11
      vertex -35.3071 18.3727 11
    endloop
  endfacet
  facet normal 0.216172 -0.976355 0
    outer loop
      vertex -35.2389 18.3878 11
      vertex -35.3071 18.3727 5
      vertex -35.2389 18.3878 5
    endloop
  endfacet
  facet normal -0.216172 0.976355 0
    outer loop
      vertex 35.3071 -18.3727 5
      vertex 35.2389 -18.3878 11
      vertex 35.3071 -18.3727 11
    endloop
  endfacet
  facet normal -0.216172 0.976355 0
    outer loop
      vertex 35.2389 -18.3878 11
      vertex 35.3071 -18.3727 5
      vertex 35.2389 -18.3878 5
    endloop
  endfacet
  facet normal 0.737927 0.674881 0
    outer loop
      vertex -35.6657 -18.1657 11
      vertex -35.7128 -18.1142 5
      vertex -35.7128 -18.1142 11
    endloop
  endfacet
  facet normal 0.737927 0.674881 0
    outer loop
      vertex -35.7128 -18.1142 5
      vertex -35.6657 -18.1657 11
      vertex -35.6657 -18.1657 5
    endloop
  endfacet
  facet normal -1 0 0
    outer loop
      vertex 35.9 -17.6 5
      vertex 35.9 17.6 11
      vertex 35.9 17.6 5
    endloop
  endfacet
  facet normal -1 -0 0
    outer loop
      vertex 35.9 17.6 11
      vertex 35.9 -17.6 5
      vertex 35.9 -17.6 11
    endloop
  endfacet
  facet normal -0.537061 -0.843544 0
    outer loop
      vertex 35.5 18.2928 5
      vertex 35.5589 18.2553 11
      vertex 35.5 18.2928 11
    endloop
  endfacet
  facet normal -0.537061 -0.843544 -0
    outer loop
      vertex 35.5589 18.2553 11
      vertex 35.5 18.2928 5
      vertex 35.5589 18.2553 5
    endloop
  endfacet
  facet normal 1 -0 0
    outer loop
      vertex -35.9 -17.6 11
      vertex -35.9 17.6 5
      vertex -35.9 17.6 11
    endloop
  endfacet
  facet normal 1 0 0
    outer loop
      vertex -35.9 17.6 5
      vertex -35.9 -17.6 11
      vertex -35.9 -17.6 5
    endloop
  endfacet
  facet normal 0 -1 0
    outer loop
      vertex -35.1 18.4 5
      vertex 35.1 18.4 11
      vertex -35.1 18.4 11
    endloop
  endfacet
  facet normal 0 -1 -0
    outer loop
      vertex 35.1 18.4 11
      vertex -35.1 18.4 5
      vertex 35.1 18.4 5
    endloop
  endfacet
  facet normal 0.216172 0.976355 -0
    outer loop
      vertex -35.2389 -18.3878 5
      vertex -35.3071 -18.3727 11
      vertex -35.2389 -18.3878 11
    endloop
  endfacet
  facet normal 0.216172 0.976355 0
    outer loop
      vertex -35.3071 -18.3727 11
      vertex -35.2389 -18.3878 5
      vertex -35.3071 -18.3727 5
    endloop
  endfacet
  facet normal 0.79289 0.609364 0
    outer loop
      vertex -35.7128 -18.1142 11
      vertex -35.7553 -18.0589 5
      vertex -35.7553 -18.0589 11
    endloop
  endfacet
  facet normal 0.79289 0.609364 0
    outer loop
      vertex -35.7553 -18.0589 5
      vertex -35.7128 -18.1142 11
      vertex -35.7128 -18.1142 5
    endloop
  endfacet
  facet normal -0.609364 0.79289 0
    outer loop
      vertex 35.6142 -18.2128 5
      vertex 35.5589 -18.2553 11
      vertex 35.6142 -18.2128 11
    endloop
  endfacet
  facet normal -0.609364 0.79289 0
    outer loop
      vertex 35.5589 -18.2553 11
      vertex 35.6142 -18.2128 5
      vertex 35.5589 -18.2553 5
    endloop
  endfacet
  facet normal -0.953583 -0.301131 0
    outer loop
      vertex 35.8727 17.8071 5
      vertex 35.8517 17.8736 11
      vertex 35.8517 17.8736 5
    endloop
  endfacet
  facet normal -0.953583 -0.301131 0
    outer loop
      vertex 35.8517 17.8736 11
      vertex 35.8727 17.8071 5
      vertex 35.8727 17.8071 11
    endloop
  endfacet
  facet normal 0.461488 0.887146 -0
    outer loop
      vertex -35.4381 -18.325 5
      vertex -35.5 -18.2928 11
      vertex -35.4381 -18.325 11
    endloop
  endfacet
  facet normal 0.461488 0.887146 0
    outer loop
      vertex -35.5 -18.2928 11
      vertex -35.4381 -18.325 5
      vertex -35.5 -18.2928 5
    endloop
  endfacet
  facet normal -0.382478 0.923964 0
    outer loop
      vertex 35.4381 -18.325 5
      vertex 35.3736 -18.3517 11
      vertex 35.4381 -18.325 11
    endloop
  endfacet
  facet normal -0.382478 0.923964 0
    outer loop
      vertex 35.3736 -18.3517 11
      vertex 35.4381 -18.325 5
      vertex 35.3736 -18.3517 5
    endloop
  endfacet
  facet normal 0.382478 -0.923964 0
    outer loop
      vertex -35.4381 18.325 5
      vertex -35.3736 18.3517 11
      vertex -35.4381 18.325 11
    endloop
  endfacet
  facet normal 0.382478 -0.923964 0
    outer loop
      vertex -35.3736 18.3517 11
      vertex -35.4381 18.325 5
      vertex -35.3736 18.3517 5
    endloop
  endfacet
  facet normal 0.999012 0.0444324 0
    outer loop
      vertex -35.8969 -17.6697 11
      vertex -35.9 -17.6 5
      vertex -35.9 -17.6 11
    endloop
  endfacet
  facet normal 0.999012 0.0444324 0
    outer loop
      vertex -35.9 -17.6 5
      vertex -35.8969 -17.6697 11
      vertex -35.8969 -17.6697 5
    endloop
  endfacet
  facet normal 0.301131 -0.953583 0
    outer loop
      vertex -35.3736 18.3517 5
      vertex -35.3071 18.3727 11
      vertex -35.3736 18.3517 11
    endloop
  endfacet
  facet normal 0.301131 -0.953583 0
    outer loop
      vertex -35.3071 18.3727 11
      vertex -35.3736 18.3517 5
      vertex -35.3071 18.3727 5
    endloop
  endfacet
  facet normal -0.999012 0.0444324 0
    outer loop
      vertex 35.8969 -17.6697 5
      vertex 35.9 -17.6 11
      vertex 35.9 -17.6 5
    endloop
  endfacet
  facet normal -0.999012 0.0444324 0
    outer loop
      vertex 35.9 -17.6 11
      vertex 35.8969 -17.6697 5
      vertex 35.8969 -17.6697 11
    endloop
  endfacet
  facet normal 0 1 -0
    outer loop
      vertex 35.1 -18.4 5
      vertex -35.1 -18.4 11
      vertex 35.1 -18.4 11
    endloop
  endfacet
  facet normal 0 1 0
    outer loop
      vertex -35.1 -18.4 11
      vertex 35.1 -18.4 5
      vertex -35.1 -18.4 5
    endloop
  endfacet
  facet normal -0.976355 0.216172 0
    outer loop
      vertex 35.8727 -17.8071 5
      vertex 35.8878 -17.7389 11
      vertex 35.8878 -17.7389 5
    endloop
  endfacet
  facet normal -0.976355 0.216172 0
    outer loop
      vertex 35.8878 -17.7389 11
      vertex 35.8727 -17.8071 5
      vertex 35.8727 -17.8071 11
    endloop
  endfacet
  facet normal -0.216172 -0.976355 0
    outer loop
      vertex 35.2389 18.3878 5
      vertex 35.3071 18.3727 11
      vertex 35.2389 18.3878 11
    endloop
  endfacet
  facet normal -0.216172 -0.976355 -0
    outer loop
      vertex 35.3071 18.3727 11
      vertex 35.2389 18.3878 5
      vertex 35.3071 18.3727 5
    endloop
  endfacet
  facet normal 0.991464 -0.13038 0
    outer loop
      vertex -35.8969 17.6697 11
      vertex -35.8878 17.7389 5
      vertex -35.8878 17.7389 11
    endloop
  endfacet
  facet normal 0.991464 -0.13038 0
    outer loop
      vertex -35.8878 17.7389 5
      vertex -35.8969 17.6697 11
      vertex -35.8969 17.6697 5
    endloop
  endfacet
  facet normal 0.843544 -0.537061 0
    outer loop
      vertex -35.7928 18 11
      vertex -35.7553 18.0589 5
      vertex -35.7553 18.0589 11
    endloop
  endfacet
  facet normal 0.843544 -0.537061 0
    outer loop
      vertex -35.7553 18.0589 5
      vertex -35.7928 18 11
      vertex -35.7928 18 5
    endloop
  endfacet
  facet normal 0.461488 -0.887146 0
    outer loop
      vertex -35.5 18.2928 5
      vertex -35.4381 18.325 11
      vertex -35.5 18.2928 11
    endloop
  endfacet
  facet normal 0.461488 -0.887146 0
    outer loop
      vertex -35.4381 18.325 11
      vertex -35.5 18.2928 5
      vertex -35.4381 18.325 5
    endloop
  endfacet
  facet normal -0.953583 0.301131 0
    outer loop
      vertex 35.8517 -17.8736 5
      vertex 35.8727 -17.8071 11
      vertex 35.8727 -17.8071 5
    endloop
  endfacet
  facet normal -0.953583 0.301131 0
    outer loop
      vertex 35.8727 -17.8071 11
      vertex 35.8517 -17.8736 5
      vertex 35.8517 -17.8736 11
    endloop
  endfacet
  facet normal -0.301131 0.953583 0
    outer loop
      vertex 35.3736 -18.3517 5
      vertex 35.3071 -18.3727 11
      vertex 35.3736 -18.3517 11
    endloop
  endfacet
  facet normal -0.301131 0.953583 0
    outer loop
      vertex 35.3071 -18.3727 11
      vertex 35.3736 -18.3517 5
      vertex 35.3071 -18.3727 5
    endloop
  endfacet
  facet normal -0.0444324 -0.999012 0
    outer loop
      vertex 35.1 18.4 5
      vertex 35.1697 18.3969 11
      vertex 35.1 18.4 11
    endloop
  endfacet
  facet normal -0.0444324 -0.999012 -0
    outer loop
      vertex 35.1697 18.3969 11
      vertex 35.1 18.4 5
      vertex 35.1697 18.3969 5
    endloop
  endfacet
  facet normal 0.0444324 0.999012 -0
    outer loop
      vertex -35.1 -18.4 5
      vertex -35.1697 -18.3969 11
      vertex -35.1 -18.4 11
    endloop
  endfacet
  facet normal 0.0444324 0.999012 0
    outer loop
      vertex -35.1697 -18.3969 11
      vertex -35.1 -18.4 5
      vertex -35.1697 -18.3969 5
    endloop
  endfacet
  facet normal 0.609364 -0.79289 0
    outer loop
      vertex -35.6142 18.2128 5
      vertex -35.5589 18.2553 11
      vertex -35.6142 18.2128 11
    endloop
  endfacet
  facet normal 0.609364 -0.79289 0
    outer loop
      vertex -35.5589 18.2553 11
      vertex -35.6142 18.2128 5
      vertex -35.5589 18.2553 5
    endloop
  endfacet
  facet normal -0.923964 0.382478 0
    outer loop
      vertex 35.825 -17.9381 5
      vertex 35.8517 -17.8736 11
      vertex 35.8517 -17.8736 5
    endloop
  endfacet
  facet normal -0.923964 0.382478 0
    outer loop
      vertex 35.8517 -17.8736 11
      vertex 35.825 -17.9381 5
      vertex 35.825 -17.9381 11
    endloop
  endfacet
  facet normal -0.674881 -0.737927 0
    outer loop
      vertex 35.6142 18.2128 5
      vertex 35.6657 18.1657 11
      vertex 35.6142 18.2128 11
    endloop
  endfacet
  facet normal -0.674881 -0.737927 -0
    outer loop
      vertex 35.6657 18.1657 11
      vertex 35.6142 18.2128 5
      vertex 35.6657 18.1657 5
    endloop
  endfacet
  facet normal -0.13038 -0.991464 0
    outer loop
      vertex 35.1697 18.3969 5
      vertex 35.2389 18.3878 11
      vertex 35.1697 18.3969 11
    endloop
  endfacet
  facet normal -0.13038 -0.991464 -0
    outer loop
      vertex 35.2389 18.3878 11
      vertex 35.1697 18.3969 5
      vertex 35.2389 18.3878 5
    endloop
  endfacet
  facet normal -0.537061 0.843544 0
    outer loop
      vertex 35.5589 -18.2553 5
      vertex 35.5 -18.2928 11
      vertex 35.5589 -18.2553 11
    endloop
  endfacet
  facet normal -0.537061 0.843544 0
    outer loop
      vertex 35.5 -18.2928 11
      vertex 35.5589 -18.2553 5
      vertex 35.5 -18.2928 5
    endloop
  endfacet
  facet normal 0.923964 0.382478 0
    outer loop
      vertex -35.825 -17.9381 11
      vertex -35.8517 -17.8736 5
      vertex -35.8517 -17.8736 11
    endloop
  endfacet
  facet normal 0.923964 0.382478 0
    outer loop
      vertex -35.8517 -17.8736 5
      vertex -35.825 -17.9381 11
      vertex -35.825 -17.9381 5
    endloop
  endfacet
  facet normal 0.887146 -0.461488 0
    outer loop
      vertex -35.825 17.9381 11
      vertex -35.7928 18 5
      vertex -35.7928 18 11
    endloop
  endfacet
  facet normal 0.887146 -0.461488 0
    outer loop
      vertex -35.7928 18 5
      vertex -35.825 17.9381 11
      vertex -35.825 17.9381 5
    endloop
  endfacet
  facet normal 0.609364 0.79289 -0
    outer loop
      vertex -35.5589 -18.2553 5
      vertex -35.6142 -18.2128 11
      vertex -35.5589 -18.2553 11
    endloop
  endfacet
  facet normal 0.609364 0.79289 0
    outer loop
      vertex -35.6142 -18.2128 11
      vertex -35.5589 -18.2553 5
      vertex -35.6142 -18.2128 5
    endloop
  endfacet
  facet normal 0.674881 0.737927 -0
    outer loop
      vertex -35.6142 -18.2128 5
      vertex -35.6657 -18.1657 11
      vertex -35.6142 -18.2128 11
    endloop
  endfacet
  facet normal 0.674881 0.737927 0
    outer loop
      vertex -35.6657 -18.1657 11
      vertex -35.6142 -18.2128 5
      vertex -35.6657 -18.1657 5
    endloop
  endfacet
  facet normal 0.537061 -0.843544 0
    outer loop
      vertex -35.5589 18.2553 5
      vertex -35.5 18.2928 11
      vertex -35.5589 18.2553 11
    endloop
  endfacet
  facet normal 0.537061 -0.843544 0
    outer loop
      vertex -35.5 18.2928 11
      vertex -35.5589 18.2553 5
      vertex -35.5 18.2928 5
    endloop
  endfacet
  facet normal 0.887146 0.461488 0
    outer loop
      vertex -35.7928 -18 11
      vertex -35.825 -17.9381 5
      vertex -35.825 -17.9381 11
    endloop
  endfacet
  facet normal 0.887146 0.461488 0
    outer loop
      vertex -35.825 -17.9381 5
      vertex -35.7928 -18 11
      vertex -35.7928 -18 5
    endloop
  endfacet
  facet normal 0.953583 -0.301131 0
    outer loop
      vertex -35.8727 17.8071 11
      vertex -35.8517 17.8736 5
      vertex -35.8517 17.8736 11
    endloop
  endfacet
  facet normal 0.953583 -0.301131 0
    outer loop
      vertex -35.8517 17.8736 5
      vertex -35.8727 17.8071 11
      vertex -35.8727 17.8071 5
    endloop
  endfacet
  facet normal 0.382478 0.923964 -0
    outer loop
      vertex -35.3736 -18.3517 5
      vertex -35.4381 -18.325 11
      vertex -35.3736 -18.3517 11
    endloop
  endfacet
  facet normal 0.382478 0.923964 0
    outer loop
      vertex -35.4381 -18.325 11
      vertex -35.3736 -18.3517 5
      vertex -35.4381 -18.325 5
    endloop
  endfacet
  facet normal 0.843544 0.537061 0
    outer loop
      vertex -35.7553 -18.0589 11
      vertex -35.7928 -18 5
      vertex -35.7928 -18 11
    endloop
  endfacet
  facet normal 0.843544 0.537061 0
    outer loop
      vertex -35.7928 -18 5
      vertex -35.7553 -18.0589 11
      vertex -35.7553 -18.0589 5
    endloop
  endfacet
  facet normal -0.79289 -0.609364 0
    outer loop
      vertex 35.7553 18.0589 5
      vertex 35.7128 18.1142 11
      vertex 35.7128 18.1142 5
    endloop
  endfacet
  facet normal -0.79289 -0.609364 0
    outer loop
      vertex 35.7128 18.1142 11
      vertex 35.7553 18.0589 5
      vertex 35.7553 18.0589 11
    endloop
  endfacet
  facet normal 0.79289 -0.609364 0
    outer loop
      vertex -35.7553 18.0589 11
      vertex -35.7128 18.1142 5
      vertex -35.7128 18.1142 11
    endloop
  endfacet
  facet normal 0.79289 -0.609364 0
    outer loop
      vertex -35.7128 18.1142 5
      vertex -35.7553 18.0589 11
      vertex -35.7553 18.0589 5
    endloop
  endfacet
  facet normal 0.13038 0.991464 -0
    outer loop
      vertex -35.1697 -18.3969 5
      vertex -35.2389 -18.3878 11
      vertex -35.1697 -18.3969 11
    endloop
  endfacet
  facet normal 0.13038 0.991464 0
    outer loop
      vertex -35.2389 -18.3878 11
      vertex -35.1697 -18.3969 5
      vertex -35.2389 -18.3878 5
    endloop
  endfacet
  facet normal -0.843544 -0.537061 0
    outer loop
      vertex 35.7928 18 5
      vertex 35.7553 18.0589 11
      vertex 35.7553 18.0589 5
    endloop
  endfacet
  facet normal -0.843544 -0.537061 0
    outer loop
      vertex 35.7553 18.0589 11
      vertex 35.7928 18 5
      vertex 35.7928 18 11
    endloop
  endfacet
  facet normal 0.13038 -0.991464 0
    outer loop
      vertex -35.2389 18.3878 5
      vertex -35.1697 18.3969 11
      vertex -35.2389 18.3878 11
    endloop
  endfacet
  facet normal 0.13038 -0.991464 0
    outer loop
      vertex -35.1697 18.3969 11
      vertex -35.2389 18.3878 5
      vertex -35.1697 18.3969 5
    endloop
  endfacet
  facet normal -0.976355 -0.216172 0
    outer loop
      vertex 35.8878 17.7389 5
      vertex 35.8727 17.8071 11
      vertex 35.8727 17.8071 5
    endloop
  endfacet
  facet normal -0.976355 -0.216172 0
    outer loop
      vertex 35.8727 17.8071 11
      vertex 35.8878 17.7389 5
      vertex 35.8878 17.7389 11
    endloop
  endfacet
  facet normal 0.674881 -0.737927 0
    outer loop
      vertex -35.6657 18.1657 5
      vertex -35.6142 18.2128 11
      vertex -35.6657 18.1657 11
    endloop
  endfacet
  facet normal 0.674881 -0.737927 0
    outer loop
      vertex -35.6142 18.2128 11
      vertex -35.6657 18.1657 5
      vertex -35.6142 18.2128 5
    endloop
  endfacet
  facet normal 0.999012 -0.0444324 0
    outer loop
      vertex -35.9 17.6 11
      vertex -35.8969 17.6697 5
      vertex -35.8969 17.6697 11
    endloop
  endfacet
  facet normal 0.999012 -0.0444324 0
    outer loop
      vertex -35.8969 17.6697 5
      vertex -35.9 17.6 11
      vertex -35.9 17.6 5
    endloop
  endfacet
  facet normal -0.737927 0.674881 0
    outer loop
      vertex 35.6657 -18.1657 5
      vertex 35.7128 -18.1142 11
      vertex 35.7128 -18.1142 5
    endloop
  endfacet
  facet normal -0.737927 0.674881 0
    outer loop
      vertex 35.7128 -18.1142 11
      vertex 35.6657 -18.1657 5
      vertex 35.6657 -18.1657 11
    endloop
  endfacet
  facet normal -0.79289 0.609364 0
    outer loop
      vertex 35.7128 -18.1142 5
      vertex 35.7553 -18.0589 11
      vertex 35.7553 -18.0589 5
    endloop
  endfacet
  facet normal -0.79289 0.609364 0
    outer loop
      vertex 35.7553 -18.0589 11
      vertex 35.7128 -18.1142 5
      vertex 35.7128 -18.1142 11
    endloop
  endfacet
  facet normal 0.991464 0.13038 0
    outer loop
      vertex -35.8878 -17.7389 11
      vertex -35.8969 -17.6697 5
      vertex -35.8969 -17.6697 11
    endloop
  endfacet
  facet normal 0.991464 0.13038 0
    outer loop
      vertex -35.8969 -17.6697 5
      vertex -35.8878 -17.7389 11
      vertex -35.8878 -17.7389 5
    endloop
  endfacet
  facet normal -0.13038 0.991464 0
    outer loop
      vertex 35.2389 -18.3878 5
      vertex 35.1697 -18.3969 11
      vertex 35.2389 -18.3878 11
    endloop
  endfacet
  facet normal -0.13038 0.991464 0
    outer loop
      vertex 35.1697 -18.3969 11
      vertex 35.2389 -18.3878 5
      vertex 35.1697 -18.3969 5
    endloop
  endfacet
  facet normal 0.301131 0.953583 -0
    outer loop
      vertex -35.3071 -18.3727 5
      vertex -35.3736 -18.3517 11
      vertex -35.3071 -18.3727 11
    endloop
  endfacet
  facet normal 0.301131 0.953583 0
    outer loop
      vertex -35.3736 -18.3517 11
      vertex -35.3071 -18.3727 5
      vertex -35.3736 -18.3517 5
    endloop
  endfacet
  facet normal -0.887146 -0.461488 0
    outer loop
      vertex 35.825 17.9381 5
      vertex 35.7928 18 11
      vertex 35.7928 18 5
    endloop
  endfacet
  facet normal -0.887146 -0.461488 0
    outer loop
      vertex 35.7928 18 11
      vertex 35.825 17.9381 5
      vertex 35.825 17.9381 11
    endloop
  endfacet
  facet normal -0.737927 -0.674881 0
    outer loop
      vertex 35.7128 18.1142 5
      vertex 35.6657 18.1657 11
      vertex 35.6657 18.1657 5
    endloop
  endfacet
  facet normal -0.737927 -0.674881 0
    outer loop
      vertex 35.6657 18.1657 11
      vertex 35.7128 18.1142 5
      vertex 35.7128 18.1142 11
    endloop
  endfacet
  facet normal 0.537061 0.843544 -0
    outer loop
      vertex -35.5 -18.2928 5
      vertex -35.5589 -18.2553 11
      vertex -35.5 -18.2928 11
    endloop
  endfacet
  facet normal 0.537061 0.843544 0
    outer loop
      vertex -35.5589 -18.2553 11
      vertex -35.5 -18.2928 5
      vertex -35.5589 -18.2553 5
    endloop
  endfacet
  facet normal -0.0444324 0.999012 0
    outer loop
      vertex 35.1697 -18.3969 5
      vertex 35.1 -18.4 11
      vertex 35.1697 -18.3969 11
    endloop
  endfacet
  facet normal -0.0444324 0.999012 0
    outer loop
      vertex 35.1 -18.4 11
      vertex 35.1697 -18.3969 5
      vertex 35.1 -18.4 5
    endloop
  endfacet
  facet normal -0.887146 0.461488 0
    outer loop
      vertex 35.7928 -18 5
      vertex 35.825 -17.9381 11
      vertex 35.825 -17.9381 5
    endloop
  endfacet
  facet normal -0.887146 0.461488 0
    outer loop
      vertex 35.825 -17.9381 11
      vertex 35.7928 -18 5
      vertex 35.7928 -18 11
    endloop
  endfacet
  facet normal -0.991464 -0.13038 0
    outer loop
      vertex 35.8969 17.6697 5
      vertex 35.8878 17.7389 11
      vertex 35.8878 17.7389 5
    endloop
  endfacet
  facet normal -0.991464 -0.13038 0
    outer loop
      vertex 35.8878 17.7389 11
      vertex 35.8969 17.6697 5
      vertex 35.8969 17.6697 11
    endloop
  endfacet
  facet normal 0.923964 -0.382478 0
    outer loop
      vertex -35.8517 17.8736 11
      vertex -35.825 17.9381 5
      vertex -35.825 17.9381 11
    endloop
  endfacet
  facet normal 0.923964 -0.382478 0
    outer loop
      vertex -35.825 17.9381 5
      vertex -35.8517 17.8736 11
      vertex -35.8517 17.8736 5
    endloop
  endfacet
  facet normal -0.991464 0.13038 0
    outer loop
      vertex 35.8878 -17.7389 5
      vertex 35.8969 -17.6697 11
      vertex 35.8969 -17.6697 5
    endloop
  endfacet
  facet normal -0.991464 0.13038 0
    outer loop
      vertex 35.8969 -17.6697 11
      vertex 35.8878 -17.7389 5
      vertex 35.8878 -17.7389 11
    endloop
  endfacet
  facet normal -0.843544 0.537061 0
    outer loop
      vertex 35.7553 -18.0589 5
      vertex 35.7928 -18 11
      vertex 35.7928 -18 5
    endloop
  endfacet
  facet normal -0.843544 0.537061 0
    outer loop
      vertex 35.7928 -18 11
      vertex 35.7553 -18.0589 5
      vertex 35.7553 -18.0589 11
    endloop
  endfacet
  facet normal -0.923964 -0.382478 0
    outer loop
      vertex 35.8517 17.8736 5
      vertex 35.825 17.9381 11
      vertex 35.825 17.9381 5
    endloop
  endfacet
  facet normal -0.923964 -0.382478 0
    outer loop
      vertex 35.825 17.9381 11
      vertex 35.8517 17.8736 5
      vertex 35.8517 17.8736 11
    endloop
  endfacet
  facet normal -0.609364 -0.79289 0
    outer loop
      vertex 35.5589 18.2553 5
      vertex 35.6142 18.2128 11
      vertex 35.5589 18.2553 11
    endloop
  endfacet
  facet normal -0.609364 -0.79289 -0
    outer loop
      vertex 35.6142 18.2128 11
      vertex 35.5589 18.2553 5
      vertex 35.6142 18.2128 5
    endloop
  endfacet
  facet normal 0.976355 -0.216172 0
    outer loop
      vertex -35.8878 17.7389 11
      vertex -35.8727 17.8071 5
      vertex -35.8727 17.8071 11
    endloop
  endfacet
  facet normal 0.976355 -0.216172 0
    outer loop
      vertex -35.8727 17.8071 5
      vertex -35.8878 17.7389 11
      vertex -35.8878 17.7389 5
    endloop
  endfacet
  facet normal -0.674881 0.737927 0
    outer loop
      vertex 35.6657 -18.1657 5
      vertex 35.6142 -18.2128 11
      vertex 35.6657 -18.1657 11
    endloop
  endfacet
  facet normal -0.674881 0.737927 0
    outer loop
      vertex 35.6142 -18.2128 11
      vertex 35.6657 -18.1657 5
      vertex 35.6142 -18.2128 5
    endloop
  endfacet
  facet normal 0.737927 -0.674881 0
    outer loop
      vertex -35.7128 18.1142 11
      vertex -35.6657 18.1657 5
      vertex -35.6657 18.1657 11
    endloop
  endfacet
  facet normal 0.737927 -0.674881 0
    outer loop
      vertex -35.6657 18.1657 5
      vertex -35.7128 18.1142 11
      vertex -35.7128 18.1142 5
    endloop
  endfacet
  facet normal 0.382834 -0.923788 0.00732464
    outer loop
      vertex -2.11596 27.1206 48
      vertex -1.67146 27.1149 24.0486
      vertex -1.95477 27.1874 48
    endloop
  endfacet
  facet normal 0.382812 -0.923797 0.00732423
    outer loop
      vertex -1.67146 27.1149 24.0486
      vertex -2.11596 27.1206 48
      vertex -1.73972 27.0861 23.9838
    endloop
  endfacet
  facet normal 0 0.854462 -0.519513
    outer loop
      vertex -1.8 30.8 0
      vertex -5.8 46 25
      vertex -2.8 46 25
    endloop
  endfacet
  facet normal 0 0.854462 -0.519513
    outer loop
      vertex -5.8 46 25
      vertex -1.8 30.8 0
      vertex -6.8 30.8 0
    endloop
  endfacet
  facet normal 0.130684 0.991424 -0
    outer loop
      vertex -2.45271 45.9696 25
      vertex -2.62568 45.9924 48
      vertex -2.45271 45.9696 48
    endloop
  endfacet
  facet normal 0.130684 0.991424 0
    outer loop
      vertex -2.62568 45.9924 48
      vertex -2.45271 45.9696 25
      vertex -2.62568 45.9924 25
    endloop
  endfacet
  facet normal -0.988801 0.129644 -0.0739317
    outer loop
      vertex -7.79548 30.2811 0.681099
      vertex -7.7962 29.8872 0
      vertex -7.7961 30.2701 0.670102
    endloop
  endfacet
  facet normal -0.988631 0.130613 -0.0744965
    outer loop
      vertex -7.79596 30.8 1.59733
      vertex -7.76962 44.3473 25
      vertex -7.79452 30.8 1.57822
    endloop
  endfacet
  facet normal -0.988715 0.130133 -0.0742185
    outer loop
      vertex -7.76962 44.3473 25
      vertex -7.79596 30.8 1.59733
      vertex -7.79239 44.1743 25
    endloop
  endfacet
  facet normal -0.301422 -0.953471 0.00609071
    outer loop
      vertex -6.31764 27.0681 48
      vertex -6.79003 27.0637 23.9332
      vertex -6.74295 27.0486 23.8993
    endloop
  endfacet
  facet normal -0.998738 0.0436691 -0.0248039
    outer loop
      vertex -7.79645 30.8 1.61706
      vertex -7.79239 44.1743 25
      vertex -7.79596 30.8 1.59733
    endloop
  endfacet
  facet normal -0.998742 0.0436054 -0.0247675
    outer loop
      vertex -7.79239 44.1743 25
      vertex -7.79645 30.8 1.61706
      vertex -7.8 44 25
    endloop
  endfacet
  facet normal -0.998756 0.0433651 -0.02463
    outer loop
      vertex -7.7962 29.8872 0
      vertex -7.7963 30.2594 0.659373
      vertex -7.7961 30.2701 0.670102
    endloop
  endfacet
  facet normal 0.461391 -0.887158 0.00832089
    outer loop
      vertex -1.51693 27.1921 24.2222
      vertex -1.8 27.2679 48
      vertex -1.56022 27.1691 24.1704
    endloop
  endfacet
  facet normal 0.843426 -0.537168 0.00908488
    outer loop
      vertex -1.16169 27.8528 48
      vertex -0.994578 27.7262 25
      vertex -1.06794 28 48
    endloop
  endfacet
  facet normal 0.843431 -0.537161 0.00908487
    outer loop
      vertex -0.994578 27.7262 25
      vertex -1.16169 27.8528 48
      vertex -1.06266 27.6193 25
    endloop
  endfacet
  facet normal 0.0435566 -0.99905 0.0010375
    outer loop
      vertex -2.8 27 48
      vertex -2.09976 27.0054 23.8022
      vertex -2.62568 27.0076 48
    endloop
  endfacet
  facet normal 0.0432766 -0.999063 0.00102939
    outer loop
      vertex -2.09976 27.0054 23.8022
      vertex -2.8 27 48
      vertex -2.17346 27.0022 23.7949
    endloop
  endfacet
  facet normal -0.99905 -0.0435644 0.00103721
    outer loop
      vertex -7.79792 28.4047 25
      vertex -7.8 29 48
      vertex -7.8 28.4524 25
    endloop
  endfacet
  facet normal -0.857081 0.446092 -0.257709
    outer loop
      vertex -7.53205 45 25
      vertex -7.70631 30.2226 0
      vertex -7.61262 44.8452 25
    endloop
  endfacet
  facet normal -0.382834 -0.923788 0.00732464
    outer loop
      vertex -6.92854 27.1149 24.0486
      vertex -6.48404 27.1206 48
      vertex -6.64523 27.1874 48
    endloop
  endfacet
  facet normal -0.382812 -0.923797 0.00732423
    outer loop
      vertex -6.48404 27.1206 48
      vertex -6.92854 27.1149 24.0486
      vertex -6.86028 27.0861 23.9838
    endloop
  endfacet
  facet normal -0.0372558 0.85453 -0.518064
    outer loop
      vertex -6.8 30.8 0
      vertex -6.88716 30.7962 0
      vertex -5.8 46 25
    endloop
  endfacet
  facet normal 0 -1 0
    outer loop
      vertex -5.8484 27 23.79
      vertex -2.8 27 25
      vertex -5.8 27 25
    endloop
  endfacet
  facet normal 0 -1 -0
    outer loop
      vertex -2.8 27 25
      vertex -5.8484 27 23.79
      vertex -2.7516 27 23.79
    endloop
  endfacet
  facet normal 0.461425 -0.88714 0.00832116
    outer loop
      vertex -1.95477 27.1874 48
      vertex -1.56022 27.1691 24.1704
      vertex -1.8 27.2679 48
    endloop
  endfacet
  facet normal 0.462465 -0.886598 0.00833796
    outer loop
      vertex -1.56022 27.1691 24.1704
      vertex -1.95477 27.1874 48
      vertex -1.62609 27.134 24.0916
    endloop
  endfacet
  facet normal 0 0 1
    outer loop
      vertex -2.8 46 48
      vertex -0.799999 44 48
      vertex -0.807613 44.1743 48
    endloop
  endfacet
  facet normal 0 0 1
    outer loop
      vertex -0.799999 44 48
      vertex -7.8 44 48
      vertex -0.799999 29 48
    endloop
  endfacet
  facet normal 0 0 1
    outer loop
      vertex -2.8 46 48
      vertex -0.807613 44.1743 48
      vertex -0.830379 44.3473 48
    endloop
  endfacet
  facet normal 0 0 1
    outer loop
      vertex -7.8 29 48
      vertex -0.799999 29 48
      vertex -7.8 44 48
    endloop
  endfacet
  facet normal 0 0 1
    outer loop
      vertex -2.8 46 48
      vertex -0.830379 44.3473 48
      vertex -0.868145 44.5176 48
    endloop
  endfacet
  facet normal 0 -0 1
    outer loop
      vertex -2.8 27 48
      vertex -0.799999 29 48
      vertex -7.8 29 48
    endloop
  endfacet
  facet normal 0 0 1
    outer loop
      vertex -2.8 46 48
      vertex -0.868145 44.5176 48
      vertex -0.92062 44.684 48
    endloop
  endfacet
  facet normal 0 0 1
    outer loop
      vertex -0.799999 29 48
      vertex -2.8 27 48
      vertex -0.807613 28.8257 48
    endloop
  endfacet
  facet normal 0 0 1
    outer loop
      vertex -2.8 46 48
      vertex -0.92062 44.684 48
      vertex -0.987377 44.8452 48
    endloop
  endfacet
  facet normal 0 0 1
    outer loop
      vertex -0.807613 28.8257 48
      vertex -2.8 27 48
      vertex -0.830379 28.6527 48
    endloop
  endfacet
  facet normal 0 0 1
    outer loop
      vertex -2.8 46 48
      vertex -0.987377 44.8452 48
      vertex -1.06794 45 48
    endloop
  endfacet
  facet normal 0 0 1
    outer loop
      vertex -0.830379 28.6527 48
      vertex -2.8 27 48
      vertex -0.868145 28.4824 48
    endloop
  endfacet
  facet normal 0 0 1
    outer loop
      vertex -2.8 46 48
      vertex -1.06794 45 48
      vertex -1.16169 45.1472 48
    endloop
  endfacet
  facet normal 0 0 1
    outer loop
      vertex -0.868145 28.4824 48
      vertex -2.8 27 48
      vertex -0.92062 28.316 48
    endloop
  endfacet
  facet normal 0 0 1
    outer loop
      vertex -2.8 46 48
      vertex -1.16169 45.1472 48
      vertex -1.26791 45.2856 48
    endloop
  endfacet
  facet normal 0 0 1
    outer loop
      vertex -0.92062 28.316 48
      vertex -2.8 27 48
      vertex -0.987377 28.1548 48
    endloop
  endfacet
  facet normal 0 0 1
    outer loop
      vertex -2.8 46 48
      vertex -1.26791 45.2856 48
      vertex -1.38578 45.4142 48
    endloop
  endfacet
  facet normal 0 0 1
    outer loop
      vertex -0.987377 28.1548 48
      vertex -2.8 27 48
      vertex -1.06794 28 48
    endloop
  endfacet
  facet normal 0 0 1
    outer loop
      vertex -2.8 46 48
      vertex -1.38578 45.4142 48
      vertex -1.51443 45.5321 48
    endloop
  endfacet
  facet normal 0 0 1
    outer loop
      vertex -1.06794 28 48
      vertex -2.8 27 48
      vertex -1.16169 27.8528 48
    endloop
  endfacet
  facet normal 0 0 1
    outer loop
      vertex -2.8 46 48
      vertex -1.51443 45.5321 48
      vertex -1.65284 45.6383 48
    endloop
  endfacet
  facet normal 0 0 1
    outer loop
      vertex -1.16169 27.8528 48
      vertex -2.8 27 48
      vertex -1.26791 27.7144 48
    endloop
  endfacet
  facet normal 0 0 1
    outer loop
      vertex -2.8 46 48
      vertex -1.65284 45.6383 48
      vertex -1.8 45.7321 48
    endloop
  endfacet
  facet normal 0 0 1
    outer loop
      vertex -1.26791 27.7144 48
      vertex -2.8 27 48
      vertex -1.38578 27.5858 48
    endloop
  endfacet
  facet normal 0 0 1
    outer loop
      vertex -2.8 46 48
      vertex -1.8 45.7321 48
      vertex -1.95477 45.8126 48
    endloop
  endfacet
  facet normal 0 0 1
    outer loop
      vertex -1.38578 27.5858 48
      vertex -2.8 27 48
      vertex -1.51443 27.4679 48
    endloop
  endfacet
  facet normal 0 0 1
    outer loop
      vertex -2.8 46 48
      vertex -1.95477 45.8126 48
      vertex -2.11596 45.8794 48
    endloop
  endfacet
  facet normal 0 0 1
    outer loop
      vertex -1.51443 27.4679 48
      vertex -2.8 27 48
      vertex -1.65284 27.3617 48
    endloop
  endfacet
  facet normal 0 0 1
    outer loop
      vertex -2.8 46 48
      vertex -2.11596 45.8794 48
      vertex -2.28236 45.9319 48
    endloop
  endfacet
  facet normal 0 0 1
    outer loop
      vertex -1.65284 27.3617 48
      vertex -2.8 27 48
      vertex -1.8 27.2679 48
    endloop
  endfacet
  facet normal 0 0 1
    outer loop
      vertex -2.8 46 48
      vertex -2.28236 45.9319 48
      vertex -2.45271 45.9696 48
    endloop
  endfacet
  facet normal 0 0 1
    outer loop
      vertex -1.8 27.2679 48
      vertex -2.8 27 48
      vertex -1.95477 27.1874 48
    endloop
  endfacet
  facet normal 0 0 1
    outer loop
      vertex -2.8 46 48
      vertex -2.45271 45.9696 48
      vertex -2.62568 45.9924 48
    endloop
  endfacet
  facet normal 0 0 1
    outer loop
      vertex -1.95477 27.1874 48
      vertex -2.8 27 48
      vertex -2.11596 27.1206 48
    endloop
  endfacet
  facet normal 0 0 1
    outer loop
      vertex -0.799999 44 48
      vertex -2.8 46 48
      vertex -7.8 44 48
    endloop
  endfacet
  facet normal 0 0 1
    outer loop
      vertex -2.11596 27.1206 48
      vertex -2.8 27 48
      vertex -2.28236 27.0681 48
    endloop
  endfacet
  facet normal 0 0 1
    outer loop
      vertex -7.8 44 48
      vertex -2.8 46 48
      vertex -5.8 46 48
    endloop
  endfacet
  facet normal 0 0 1
    outer loop
      vertex -2.28236 27.0681 48
      vertex -2.8 27 48
      vertex -2.45271 27.0304 48
    endloop
  endfacet
  facet normal 0 0 1
    outer loop
      vertex -7.8 44 48
      vertex -5.8 46 48
      vertex -5.97432 45.9924 48
    endloop
  endfacet
  facet normal 0 0 1
    outer loop
      vertex -2.45271 27.0304 48
      vertex -2.8 27 48
      vertex -2.62568 27.0076 48
    endloop
  endfacet
  facet normal 0 0 1
    outer loop
      vertex -7.8 44 48
      vertex -5.97432 45.9924 48
      vertex -6.14729 45.9696 48
    endloop
  endfacet
  facet normal 0 0 1
    outer loop
      vertex -2.8 27 48
      vertex -7.8 29 48
      vertex -5.8 27 48
    endloop
  endfacet
  facet normal 0 0 1
    outer loop
      vertex -7.8 44 48
      vertex -6.14729 45.9696 48
      vertex -6.31764 45.9319 48
    endloop
  endfacet
  facet normal 0 0 1
    outer loop
      vertex -5.8 27 48
      vertex -7.8 29 48
      vertex -5.97432 27.0076 48
    endloop
  endfacet
  facet normal 0 0 1
    outer loop
      vertex -7.8 44 48
      vertex -6.31764 45.9319 48
      vertex -6.48404 45.8794 48
    endloop
  endfacet
  facet normal 0 0 1
    outer loop
      vertex -5.97432 27.0076 48
      vertex -7.8 29 48
      vertex -6.14729 27.0304 48
    endloop
  endfacet
  facet normal 0 0 1
    outer loop
      vertex -7.8 44 48
      vertex -6.48404 45.8794 48
      vertex -6.64523 45.8126 48
    endloop
  endfacet
  facet normal 0 0 1
    outer loop
      vertex -6.14729 27.0304 48
      vertex -7.8 29 48
      vertex -6.31764 27.0681 48
    endloop
  endfacet
  facet normal 0 0 1
    outer loop
      vertex -7.8 44 48
      vertex -6.64523 45.8126 48
      vertex -6.8 45.7321 48
    endloop
  endfacet
  facet normal 0 0 1
    outer loop
      vertex -6.31764 27.0681 48
      vertex -7.8 29 48
      vertex -6.48404 27.1206 48
    endloop
  endfacet
  facet normal 0 0 1
    outer loop
      vertex -7.8 44 48
      vertex -6.8 45.7321 48
      vertex -6.94715 45.6383 48
    endloop
  endfacet
  facet normal 0 0 1
    outer loop
      vertex -6.48404 27.1206 48
      vertex -7.8 29 48
      vertex -6.64523 27.1874 48
    endloop
  endfacet
  facet normal 0 0 1
    outer loop
      vertex -7.8 44 48
      vertex -6.94715 45.6383 48
      vertex -7.08557 45.5321 48
    endloop
  endfacet
  facet normal 0 0 1
    outer loop
      vertex -6.64523 27.1874 48
      vertex -7.8 29 48
      vertex -6.8 27.2679 48
    endloop
  endfacet
  facet normal 0 0 1
    outer loop
      vertex -7.8 44 48
      vertex -7.08557 45.5321 48
      vertex -7.21421 45.4142 48
    endloop
  endfacet
  facet normal 0 0 1
    outer loop
      vertex -6.8 27.2679 48
      vertex -7.8 29 48
      vertex -6.94715 27.3617 48
    endloop
  endfacet
  facet normal 0 0 1
    outer loop
      vertex -7.8 44 48
      vertex -7.21421 45.4142 48
      vertex -7.33209 45.2856 48
    endloop
  endfacet
  facet normal 0 0 1
    outer loop
      vertex -6.94715 27.3617 48
      vertex -7.8 29 48
      vertex -7.08557 27.4679 48
    endloop
  endfacet
  facet normal 0 0 1
    outer loop
      vertex -7.8 44 48
      vertex -7.33209 45.2856 48
      vertex -7.4383 45.1472 48
    endloop
  endfacet
  facet normal 0 0 1
    outer loop
      vertex -7.08557 27.4679 48
      vertex -7.8 29 48
      vertex -7.21421 27.5858 48
    endloop
  endfacet
  facet normal 0 0 1
    outer loop
      vertex -7.8 44 48
      vertex -7.4383 45.1472 48
      vertex -7.53205 45 48
    endloop
  endfacet
  facet normal 0 0 1
    outer loop
      vertex -7.21421 27.5858 48
      vertex -7.8 29 48
      vertex -7.33209 27.7144 48
    endloop
  endfacet
  facet normal 0 0 1
    outer loop
      vertex -7.8 44 48
      vertex -7.53205 45 48
      vertex -7.61262 44.8452 48
    endloop
  endfacet
  facet normal 0 0 1
    outer loop
      vertex -7.33209 27.7144 48
      vertex -7.8 29 48
      vertex -7.4383 27.8528 48
    endloop
  endfacet
  facet normal 0 0 1
    outer loop
      vertex -7.8 44 48
      vertex -7.61262 44.8452 48
      vertex -7.67938 44.684 48
    endloop
  endfacet
  facet normal 0 0 1
    outer loop
      vertex -7.4383 27.8528 48
      vertex -7.8 29 48
      vertex -7.53205 28 48
    endloop
  endfacet
  facet normal 0 0 1
    outer loop
      vertex -7.8 44 48
      vertex -7.67938 44.684 48
      vertex -7.73185 44.5176 48
    endloop
  endfacet
  facet normal 0 0 1
    outer loop
      vertex -7.53205 28 48
      vertex -7.8 29 48
      vertex -7.61262 28.1548 48
    endloop
  endfacet
  facet normal 0 0 1
    outer loop
      vertex -7.8 44 48
      vertex -7.73185 44.5176 48
      vertex -7.76962 44.3473 48
    endloop
  endfacet
  facet normal 0 0 1
    outer loop
      vertex -7.61262 28.1548 48
      vertex -7.8 29 48
      vertex -7.67938 28.316 48
    endloop
  endfacet
  facet normal 0 0 1
    outer loop
      vertex -7.8 44 48
      vertex -7.76962 44.3473 48
      vertex -7.79239 44.1743 48
    endloop
  endfacet
  facet normal 0 0 1
    outer loop
      vertex -7.67938 28.316 48
      vertex -7.8 29 48
      vertex -7.73185 28.4824 48
    endloop
  endfacet
  facet normal 0 0 1
    outer loop
      vertex -7.73185 28.4824 48
      vertex -7.8 29 48
      vertex -7.76962 28.6527 48
    endloop
  endfacet
  facet normal 0 0 1
    outer loop
      vertex -7.76962 28.6527 48
      vertex -7.8 29 48
      vertex -7.79239 28.8257 48
    endloop
  endfacet
  facet normal 0.843461 0.537191 0
    outer loop
      vertex -1.06794 45 48
      vertex -1.16169 45.1472 25
      vertex -1.16169 45.1472 48
    endloop
  endfacet
  facet normal 0.843461 0.537191 0
    outer loop
      vertex -1.16169 45.1472 25
      vertex -1.06794 45 48
      vertex -1.06794 45 25
    endloop
  endfacet
  facet normal 0.80533 0.512906 -0.297273
    outer loop
      vertex -1.06794 45 25
      vertex -0.980846 30.3736 0
      vertex -1.16169 45.1472 25
    endloop
  endfacet
  facet normal 0.80533 0.512906 -0.297273
    outer loop
      vertex -0.980846 30.3736 0
      vertex -1.06794 45 25
      vertex -0.933971 30.3 0
    endloop
  endfacet
  facet normal -0.608713 0.79339 0
    outer loop
      vertex -6.94715 45.6383 25
      vertex -7.08557 45.5321 48
      vertex -6.94715 45.6383 48
    endloop
  endfacet
  facet normal -0.608713 0.79339 0
    outer loop
      vertex -7.08557 45.5321 48
      vertex -6.94715 45.6383 25
      vertex -7.08557 45.5321 25
    endloop
  endfacet
  facet normal 0.0435566 0.999051 -0
    outer loop
      vertex -2.62568 45.9924 25
      vertex -2.8 46 48
      vertex -2.62568 45.9924 48
    endloop
  endfacet
  facet normal 0.0435566 0.999051 0
    outer loop
      vertex -2.8 46 48
      vertex -2.62568 45.9924 25
      vertex -2.8 46 25
    endloop
  endfacet
  facet normal 0.737192 0.675683 0
    outer loop
      vertex -1.26791 45.2856 48
      vertex -1.38578 45.4142 25
      vertex -1.38578 45.4142 48
    endloop
  endfacet
  facet normal 0.737192 0.675683 0
    outer loop
      vertex -1.38578 45.4142 25
      vertex -1.26791 45.2856 48
      vertex -1.26791 45.2856 25
    endloop
  endfacet
  facet normal -0.186437 0.842429 -0.505524
    outer loop
      vertex -6.14729 45.9696 25
      vertex -7.05882 30.7659 0
      vertex -6.31764 45.9319 25
    endloop
  endfacet
  facet normal -0.968883 0.21484 -0.122921
    outer loop
      vertex -7.76593 30.0588 0
      vertex -7.76608 30.6708 1.07083
      vertex -7.76444 30.6881 1.08814
    endloop
  endfacet
  facet normal -0.968843 0.21497 -0.123008
    outer loop
      vertex -7.76612 30.8 1.29683
      vertex -7.73185 44.5176 25
      vertex -7.76418 30.8 1.28155
    endloop
  endfacet
  facet normal -0.968869 0.214881 -0.122956
    outer loop
      vertex -7.73185 44.5176 25
      vertex -7.76612 30.8 1.29683
      vertex -7.76962 44.3473 25
    endloop
  endfacet
  facet normal -0.0435566 0.999051 0
    outer loop
      vertex -5.8 46 25
      vertex -5.97432 45.9924 48
      vertex -5.8 46 48
    endloop
  endfacet
  facet normal -0.0435566 0.999051 0
    outer loop
      vertex -5.97432 45.9924 48
      vertex -5.8 46 25
      vertex -5.97432 45.9924 25
    endloop
  endfacet
  facet normal -0.887012 -0.46167 0.00832577
    outer loop
      vertex -7.66393 27.8386 25
      vertex -7.53205 28 48
      vertex -7.61262 28.1548 48
    endloop
  endfacet
  facet normal -0.886927 -0.461835 0.00832644
    outer loop
      vertex -7.53205 28 48
      vertex -7.66393 27.8386 25
      vertex -7.62748 27.7686 25
    endloop
  endfacet
  facet normal -0.953805 -0.300365 0.00607461
    outer loop
      vertex -7.73185 28.4824 48
      vertex -7.75051 28.0765 25
      vertex -7.73615 28.0309 25
    endloop
  endfacet
  facet normal -0.261446 0.828659 -0.494945
    outer loop
      vertex -6.31764 45.9319 25
      vertex -7.14202 30.7397 0
      vertex -6.48404 45.8794 25
    endloop
  endfacet
  facet normal 0.608713 -0.793333 0.00959491
    outer loop
      vertex -1.65284 27.3617 48
      vertex -1.35315 27.3072 24.4811
      vertex -1.51443 27.4679 48
    endloop
  endfacet
  facet normal 0.608785 -0.793277 0.0095957
    outer loop
      vertex -1.35315 27.3072 24.4811
      vertex -1.65284 27.3617 48
      vertex -1.41298 27.26 24.3749
    endloop
  endfacet
  facet normal 0.382094 -0.924095 0.00731681
    outer loop
      vertex -1.62609 27.134 24.0916
      vertex -1.95477 27.1874 48
      vertex -1.67146 27.1149 24.0486
    endloop
  endfacet
  facet normal 0 1 -0
    outer loop
      vertex -2.8 46 25
      vertex -5.8 46 48
      vertex -2.8 46 48
    endloop
  endfacet
  facet normal 0 1 0
    outer loop
      vertex -5.8 46 48
      vertex -2.8 46 25
      vertex -5.8 46 25
    endloop
  endfacet
  facet normal -0.0372558 0.85453 -0.518064
    outer loop
      vertex -5.8 46 25
      vertex -6.88716 30.7962 0
      vertex -5.97432 45.9924 25
    endloop
  endfacet
  facet normal -0.537524 0.843248 0
    outer loop
      vertex -6.8 45.7321 25
      vertex -6.94715 45.6383 48
      vertex -6.8 45.7321 48
    endloop
  endfacet
  facet normal -0.537524 0.843248 0
    outer loop
      vertex -6.94715 45.6383 48
      vertex -6.8 45.7321 25
      vertex -6.94715 45.6383 25
    endloop
  endfacet
  facet normal 0.300879 -0.953643 0.00608353
    outer loop
      vertex -2.28236 27.0681 48
      vertex -1.73972 27.0861 23.9838
      vertex -2.11596 27.1206 48
    endloop
  endfacet
  facet normal 0.299821 -0.953976 0.00605939
    outer loop
      vertex -1.73972 27.0861 23.9838
      vertex -2.28236 27.0681 48
      vertex -1.80997 27.0637 23.9332
    endloop
  endfacet
  facet normal 0.131299 -0.991338 0.00294031
    outer loop
      vertex -1.97733 27.0217 23.8387
      vertex -2.45271 27.0304 48
      vertex -2.02683 27.0151 23.8239
    endloop
  endfacet
  facet normal 0.620303 0.676862 -0.396335
    outer loop
      vertex -1.09289 30.5071 0
      vertex -1.51443 45.5321 25
      vertex -1.38578 45.4142 25
    endloop
  endfacet
  facet normal -0.843426 -0.537168 0.00908517
    outer loop
      vertex -7.60542 27.7262 25
      vertex -7.4383 27.8528 48
      vertex -7.53205 28 48
    endloop
  endfacet
  facet normal -0.843438 -0.537149 0.00908515
    outer loop
      vertex -7.4383 27.8528 48
      vertex -7.60542 27.7262 25
      vertex -7.53734 27.6193 25
    endloop
  endfacet
  facet normal -0.991445 -0.130492 0.00292589
    outer loop
      vertex -7.79447 28.3258 25
      vertex -7.76962 28.6527 48
      vertex -7.79239 28.8257 48
    endloop
  endfacet
  facet normal -0.991454 -0.130421 0.00292488
    outer loop
      vertex -7.76962 28.6527 48
      vertex -7.79447 28.3258 25
      vertex -7.78417 28.2475 25
    endloop
  endfacet
  facet normal 0.301422 -0.953471 0.00609071
    outer loop
      vertex -1.80997 27.0637 23.9332
      vertex -2.28236 27.0681 48
      vertex -1.85705 27.0486 23.8993
    endloop
  endfacet
  facet normal -0.461425 -0.88714 0.00832116
    outer loop
      vertex -7.03978 27.1691 24.1704
      vertex -6.64523 27.1874 48
      vertex -6.8 27.2679 48
    endloop
  endfacet
  facet normal -0.462465 -0.886598 0.00833796
    outer loop
      vertex -6.64523 27.1874 48
      vertex -7.03978 27.1691 24.1704
      vertex -6.97391 27.134 24.0916
    endloop
  endfacet
  facet normal -0.923757 -0.382909 0.00732495
    outer loop
      vertex -7.61262 28.1548 48
      vertex -7.68221 27.8827 25
      vertex -7.66393 27.8386 25
    endloop
  endfacet
  facet normal -0.999048 0.0436188 0
    outer loop
      vertex -7.8 44 25
      vertex -7.79239 44.1743 48
      vertex -7.79239 44.1743 25
    endloop
  endfacet
  facet normal -0.999048 0.0436188 0
    outer loop
      vertex -7.79239 44.1743 48
      vertex -7.8 44 25
      vertex -7.8 44 48
    endloop
  endfacet
  facet normal -0.216081 0.976375 0
    outer loop
      vertex -6.14729 45.9696 25
      vertex -6.31764 45.9319 48
      vertex -6.14729 45.9696 48
    endloop
  endfacet
  facet normal -0.216081 0.976375 0
    outer loop
      vertex -6.31764 45.9319 48
      vertex -6.14729 45.9696 25
      vertex -6.31764 45.9319 25
    endloop
  endfacet
  facet normal 0.0372558 0.85453 -0.518064
    outer loop
      vertex -1.71284 30.7962 0
      vertex -2.8 46 25
      vertex -2.62568 45.9924 25
    endloop
  endfacet
  facet normal 0.857101 0.446063 -0.257692
    outer loop
      vertex -0.893688 30.2226 0
      vertex -1.06794 45 25
      vertex -0.987377 44.8452 25
    endloop
  endfacet
  facet normal -0.608685 -0.793354 0.00959487
    outer loop
      vertex -7.24685 27.3072 24.4811
      vertex -6.94715 27.3617 48
      vertex -7.08557 27.4679 48
    endloop
  endfacet
  facet normal -0.608785 -0.793277 0.00959596
    outer loop
      vertex -6.94715 27.3617 48
      vertex -7.24685 27.3072 24.4811
      vertex -7.18702 27.26 24.3749
    endloop
  endfacet
  facet normal -0.923902 0.382629 0
    outer loop
      vertex -7.67938 44.684 25
      vertex -7.61262 44.8452 48
      vertex -7.61262 44.8452 25
    endloop
  endfacet
  facet normal -0.923902 0.382629 0
    outer loop
      vertex -7.61262 44.8452 48
      vertex -7.67938 44.684 25
      vertex -7.67938 44.684 48
    endloop
  endfacet
  facet normal 0.953702 0.300754 0
    outer loop
      vertex -0.868145 44.5176 48
      vertex -0.92062 44.684 25
      vertex -0.92062 44.684 48
    endloop
  endfacet
  facet normal 0.953702 0.300754 0
    outer loop
      vertex -0.92062 44.684 25
      vertex -0.868145 44.5176 48
      vertex -0.868145 44.5176 25
    endloop
  endfacet
  facet normal -0.216078 -0.976365 0.00460316
    outer loop
      vertex -6.74295 27.0486 23.8993
      vertex -6.14729 27.0304 48
      vertex -6.31764 27.0681 48
    endloop
  endfacet
  facet normal -0.216525 -0.976266 0.00461428
    outer loop
      vertex -6.14729 27.0304 48
      vertex -6.74295 27.0486 23.8993
      vertex -6.67113 27.0325 23.8631
    endloop
  endfacet
  facet normal 0 -1 0
    outer loop
      vertex -2.8 27 25
      vertex -2.22357 27 23.79
      vertex -2.8 27 48
    endloop
  endfacet
  facet normal 0 -1 0
    outer loop
      vertex -2.22357 27 23.79
      vertex -2.8 27 25
      vertex -2.7516 27 23.79
    endloop
  endfacet
  facet normal 0.939799 0.29637 -0.170125
    outer loop
      vertex -0.860302 30.142 0
      vertex -0.92062 44.684 25
      vertex -0.868145 44.5176 25
    endloop
  endfacet
  facet normal -0.335525 0.809679 -0.481501
    outer loop
      vertex -7.14202 30.7397 0
      vertex -7.22262 30.7063 0
      vertex -6.64523 45.8126 25
    endloop
  endfacet
  facet normal 0.216078 -0.976365 0.00460316
    outer loop
      vertex -2.45271 27.0304 48
      vertex -1.85705 27.0486 23.8993
      vertex -2.28236 27.0681 48
    endloop
  endfacet
  facet normal 0.216554 -0.97626 0.00461499
    outer loop
      vertex -1.85705 27.0486 23.8993
      vertex -2.45271 27.0304 48
      vertex -1.92886 27.0325 23.8631
    endloop
  endfacet
  facet normal -0.408935 0.785196 -0.465015
    outer loop
      vertex -7.22262 30.7063 0
      vertex -7.3 30.666 0
      vertex -6.8 45.7321 25
    endloop
  endfacet
  facet normal -0.186906 0.842361 -0.505465
    outer loop
      vertex -6.97364 30.7848 0
      vertex -7.05882 30.7659 0
      vertex -6.14729 45.9696 25
    endloop
  endfacet
  facet normal 0.0437595 -0.999042 0.00104189
    outer loop
      vertex -2.17346 27.0022 23.7949
      vertex -2.8 27 48
      vertex -2.22357 27 23.79
    endloop
  endfacet
  facet normal 0 -1 0
    outer loop
      vertex -5.8 27 25
      vertex -2.8 27 48
      vertex -5.8 27 48
    endloop
  endfacet
  facet normal 0 -1 -0
    outer loop
      vertex -2.8 27 48
      vertex -5.8 27 25
      vertex -2.8 27 25
    endloop
  endfacet
  facet normal -0.608519 -0.793481 0.0095946
    outer loop
      vertex -7.08557 27.4679 48
      vertex -7.28503 27.3373 24.5489
      vertex -7.24685 27.3072 24.4811
    endloop
  endfacet
  facet normal 0.382844 0.923813 -0
    outer loop
      vertex -1.95477 45.8126 25
      vertex -2.11596 45.8794 48
      vertex -1.95477 45.8126 48
    endloop
  endfacet
  facet normal 0.382844 0.923813 0
    outer loop
      vertex -2.11596 45.8794 48
      vertex -1.95477 45.8126 25
      vertex -2.11596 45.8794 25
    endloop
  endfacet
  facet normal -0.408489 0.785364 -0.465124
    outer loop
      vertex -6.64523 45.8126 25
      vertex -7.22262 30.7063 0
      vertex -6.8 45.7321 25
    endloop
  endfacet
  facet normal -0.685783 0.628617 -0.3668
    outer loop
      vertex -7.21421 45.4142 25
      vertex -7.50711 30.5071 0
      vertex -7.33209 45.2856 25
    endloop
  endfacet
  facet normal -0.737128 -0.675681 0.00985333
    outer loop
      vertex -7.42845 27.4823 24.8753
      vertex -7.21421 27.5858 48
      vertex -7.33209 27.7144 48
    endloop
  endfacet
  facet normal -0.737063 -0.675753 0.00985304
    outer loop
      vertex -7.21421 27.5858 48
      vertex -7.42845 27.4823 24.8753
      vertex -7.3764 27.4236 24.7431
    endloop
  endfacet
  facet normal 0.551719 0.719053 -0.422574
    outer loop
      vertex -1.22642 30.6191 0
      vertex -1.65284 45.6383 25
      vertex -1.51443 45.5321 25
    endloop
  endfacet
  facet normal -0.999048 -0.0436188 0.00103862
    outer loop
      vertex -7.79792 28.4047 25
      vertex -7.79239 28.8257 48
      vertex -7.8 29 48
    endloop
  endfacet
  facet normal -0.999045 -0.0436845 0.00103982
    outer loop
      vertex -7.79239 28.8257 48
      vertex -7.79792 28.4047 25
      vertex -7.79447 28.3258 25
    endloop
  endfacet
  facet normal -0.48127 0.754999 -0.44537
    outer loop
      vertex -7.3 30.666 0
      vertex -6.94715 45.6383 25
      vertex -6.8 45.7321 25
    endloop
  endfacet
  facet normal -0.481245 0.755011 -0.445378
    outer loop
      vertex -6.94715 45.6383 25
      vertex -7.3 30.666 0
      vertex -7.37358 30.6191 0
    endloop
  endfacet
  facet normal 0.976272 -0.2165 0.00461311
    outer loop
      vertex -0.868145 28.4824 48
      vertex -0.832402 28.1535 25
      vertex -0.830379 28.6527 48
    endloop
  endfacet
  facet normal 0.976249 -0.216601 0.00461452
    outer loop
      vertex -0.832402 28.1535 25
      vertex -0.868145 28.4824 48
      vertex -0.849486 28.0765 25
    endloop
  endfacet
  facet normal -0.675662 0.737211 0
    outer loop
      vertex -7.08557 45.5321 25
      vertex -7.21421 45.4142 48
      vertex -7.08557 45.5321 48
    endloop
  endfacet
  facet normal -0.675662 0.737211 0
    outer loop
      vertex -7.21421 45.4142 48
      vertex -7.08557 45.5321 25
      vertex -7.21421 45.4142 25
    endloop
  endfacet
  facet normal -0.953692 -0.300723 0.00608161
    outer loop
      vertex -7.73615 28.0309 25
      vertex -7.67938 28.316 48
      vertex -7.73185 28.4824 48
    endloop
  endfacet
  facet normal -0.953707 -0.300677 0.00608109
    outer loop
      vertex -7.67938 28.316 48
      vertex -7.73615 28.0309 25
      vertex -7.71241 27.9556 25
    endloop
  endfacet
  facet normal 0.887029 -0.461639 0.00832522
    outer loop
      vertex -1.06794 28 48
      vertex -0.936071 27.8386 25
      vertex -0.987377 28.1548 48
    endloop
  endfacet
  facet normal 0.886942 -0.461805 0.00832589
    outer loop
      vertex -0.936071 27.8386 25
      vertex -1.06794 28 48
      vertex -0.972518 27.7686 25
    endloop
  endfacet
  facet normal 0.608741 0.793369 -0
    outer loop
      vertex -1.51443 45.5321 25
      vertex -1.65284 45.6383 48
      vertex -1.51443 45.5321 48
    endloop
  endfacet
  facet normal 0.608741 0.793369 0
    outer loop
      vertex -1.65284 45.6383 48
      vertex -1.51443 45.5321 25
      vertex -1.65284 45.6383 25
    endloop
  endfacet
  facet normal -0.991406 -0.13079 0.00293135
    outer loop
      vertex -7.76962 28.6527 48
      vertex -7.78417 28.2475 25
      vertex -7.77793 28.2002 25
    endloop
  endfacet
  facet normal -0.793284 -0.608776 0.00959635
    outer loop
      vertex -7.53734 27.6193 25
      vertex -7.33209 27.7144 48
      vertex -7.4383 27.8528 48
    endloop
  endfacet
  facet normal -0.793223 -0.608856 0.00959614
    outer loop
      vertex -7.33209 27.7144 48
      vertex -7.53734 27.6193 25
      vertex -7.48929 27.5567 25
    endloop
  endfacet
  facet normal 0.991452 0.130471 0
    outer loop
      vertex -0.807613 44.1743 48
      vertex -0.830379 44.3473 25
      vertex -0.830379 44.3473 48
    endloop
  endfacet
  facet normal 0.991452 0.130471 0
    outer loop
      vertex -0.830379 44.3473 25
      vertex -0.807613 44.1743 48
      vertex -0.807613 44.1743 25
    endloop
  endfacet
  facet normal 0.9914 -0.130831 0.00293233
    outer loop
      vertex -0.815823 28.2475 25
      vertex -0.830379 28.6527 48
      vertex -0.822065 28.2002 25
    endloop
  endfacet
  facet normal 0.923735 -0.382962 0.00732547
    outer loop
      vertex -0.917788 27.8827 25
      vertex -0.987377 28.1548 48
      vertex -0.936071 27.8386 25
    endloop
  endfacet
  facet normal 0.537476 -0.84323 0.00908676
    outer loop
      vertex -1.8 27.2679 48
      vertex -1.41298 27.26 24.3749
      vertex -1.65284 27.3617 48
    endloop
  endfacet
  facet normal 0.537457 -0.843242 0.00908645
    outer loop
      vertex -1.41298 27.26 24.3749
      vertex -1.8 27.2679 48
      vertex -1.51693 27.1921 24.2222
    endloop
  endfacet
  facet normal -0.843461 0.537191 0
    outer loop
      vertex -7.53205 45 25
      vertex -7.4383 45.1472 48
      vertex -7.4383 45.1472 25
    endloop
  endfacet
  facet normal -0.843461 0.537191 0
    outer loop
      vertex -7.4383 45.1472 48
      vertex -7.53205 45 25
      vertex -7.53205 45 48
    endloop
  endfacet
  facet normal 0.988677 0.130349 -0.0743436
    outer loop
      vertex -0.804523 30.2811 0.681099
      vertex -0.815197 29.9736 0
      vertex -0.815731 30.479 0.87903
    endloop
  endfacet
  facet normal 0.988664 0.130426 -0.0743783
    outer loop
      vertex -0.815197 29.9736 0
      vertex -0.804523 30.2811 0.681099
      vertex -0.803799 29.8872 0
    endloop
  endfacet
  facet normal 0.988686 0.130299 -0.0743145
    outer loop
      vertex -0.81607 30.8 1.43729
      vertex -0.830379 44.3473 25
      vertex -0.805477 30.8 1.57822
    endloop
  endfacet
  facet normal -0.551691 0.719069 -0.422583
    outer loop
      vertex -7.37358 30.6191 0
      vertex -7.44279 30.566 0
      vertex -7.08557 45.5321 25
    endloop
  endfacet
  facet normal -1 0 0
    outer loop
      vertex -7.8 44 25
      vertex -7.8 40.5 37
      vertex -7.8 44 48
    endloop
  endfacet
  facet normal -1 0 0
    outer loop
      vertex -7.8 44 25
      vertex -7.8 40.4829 36.6078
      vertex -7.8 40.5 37
    endloop
  endfacet
  facet normal -1 0 0
    outer loop
      vertex -7.8 44 25
      vertex -7.8 40.4316 36.2186
      vertex -7.8 40.4829 36.6078
    endloop
  endfacet
  facet normal -1 0 0
    outer loop
      vertex -7.8 44 25
      vertex -7.8 40.3467 35.8353
      vertex -7.8 40.4316 36.2186
    endloop
  endfacet
  facet normal -1 0 0
    outer loop
      vertex -7.8 44 25
      vertex -7.8 40.2286 35.4609
      vertex -7.8 40.3467 35.8353
    endloop
  endfacet
  facet normal -1 0 0
    outer loop
      vertex -7.8 44 25
      vertex -7.8 40.0784 35.0982
      vertex -7.8 40.2286 35.4609
    endloop
  endfacet
  facet normal -1 0 0
    outer loop
      vertex -7.8 44 25
      vertex -7.8 39.8971 34.75
      vertex -7.8 40.0784 35.0982
    endloop
  endfacet
  facet normal -1 0 0
    outer loop
      vertex -7.8 44 25
      vertex -7.8 39.6862 34.4189
      vertex -7.8 39.8971 34.75
    endloop
  endfacet
  facet normal -1 0 0
    outer loop
      vertex -7.8 44 25
      vertex -7.8 39.4472 34.1075
      vertex -7.8 39.6862 34.4189
    endloop
  endfacet
  facet normal -1 0 0
    outer loop
      vertex -7.8 44 25
      vertex -7.8 39.182 33.818
      vertex -7.8 39.4472 34.1075
    endloop
  endfacet
  facet normal -1 0 0
    outer loop
      vertex -7.8 44 25
      vertex -7.8 38.8925 33.5528
      vertex -7.8 39.182 33.818
    endloop
  endfacet
  facet normal -1 0 0
    outer loop
      vertex -7.8 44 25
      vertex -7.8 38.5811 33.3138
      vertex -7.8 38.8925 33.5528
    endloop
  endfacet
  facet normal -1 0 0
    outer loop
      vertex -7.8 44 25
      vertex -7.8 38.25 33.1029
      vertex -7.8 38.5811 33.3138
    endloop
  endfacet
  facet normal -1 0 0
    outer loop
      vertex -7.8 44 25
      vertex -7.8 37.9018 32.9216
      vertex -7.8 38.25 33.1029
    endloop
  endfacet
  facet normal -1 0 0
    outer loop
      vertex -7.8 44 25
      vertex -7.8 37.5391 32.7714
      vertex -7.8 37.9018 32.9216
    endloop
  endfacet
  facet normal -1 0 0
    outer loop
      vertex -7.8 44 25
      vertex -7.8 37.1647 32.6533
      vertex -7.8 37.5391 32.7714
    endloop
  endfacet
  facet normal -1 0 0
    outer loop
      vertex -7.8 44 25
      vertex -7.8 36.7814 32.5684
      vertex -7.8 37.1647 32.6533
    endloop
  endfacet
  facet normal -1 0 0
    outer loop
      vertex -7.8 44 25
      vertex -7.8 36.3922 32.5171
      vertex -7.8 36.7814 32.5684
    endloop
  endfacet
  facet normal -1 0 0
    outer loop
      vertex -7.8 30.8 23.2
      vertex -7.8 36.3922 32.5171
      vertex -7.8 44 25
    endloop
  endfacet
  facet normal -1 0 0
    outer loop
      vertex -7.8 36.3922 32.5171
      vertex -7.8 30.8 23.2
      vertex -7.8 36 32.5
    endloop
  endfacet
  facet normal -1 -0 0
    outer loop
      vertex -7.8 36 32.5
      vertex -7.8 30.8 23.2
      vertex -7.8 35.6078 32.5171
    endloop
  endfacet
  facet normal -1 -0 0
    outer loop
      vertex -7.8 35.6078 32.5171
      vertex -7.8 30.8 23.2
      vertex -7.8 35.2186 32.5684
    endloop
  endfacet
  facet normal -1 -0 0
    outer loop
      vertex -7.8 35.2186 32.5684
      vertex -7.8 30.8 23.2
      vertex -7.8 34.8353 32.6533
    endloop
  endfacet
  facet normal -1 0 0
    outer loop
      vertex -7.8 29 25
      vertex -7.8 34.8353 32.6533
      vertex -7.8 30.8 23.2
    endloop
  endfacet
  facet normal -1 -0 0
    outer loop
      vertex -7.8 34.8353 32.6533
      vertex -7.8 29 25
      vertex -7.8 34.4609 32.7714
    endloop
  endfacet
  facet normal -1 -0 0
    outer loop
      vertex -7.8 34.4609 32.7714
      vertex -7.8 29 25
      vertex -7.8 34.0982 32.9216
    endloop
  endfacet
  facet normal -1 -0 0
    outer loop
      vertex -7.8 34.0982 32.9216
      vertex -7.8 29 25
      vertex -7.8 33.75 33.1029
    endloop
  endfacet
  facet normal -1 -0 0
    outer loop
      vertex -7.8 31.7714 35.4609
      vertex -7.8 28.4524 25
      vertex -7.8 31.6533 35.8353
    endloop
  endfacet
  facet normal -1 -0 0
    outer loop
      vertex -7.8 31.9216 35.0982
      vertex -7.8 28.4524 25
      vertex -7.8 31.7714 35.4609
    endloop
  endfacet
  facet normal -1 -0 0
    outer loop
      vertex -7.8 32.1029 34.75
      vertex -7.8 28.4524 25
      vertex -7.8 31.9216 35.0982
    endloop
  endfacet
  facet normal -1 -0 0
    outer loop
      vertex -7.8 32.3138 34.4189
      vertex -7.8 28.4524 25
      vertex -7.8 32.1029 34.75
    endloop
  endfacet
  facet normal -1 -0 0
    outer loop
      vertex -7.8 32.5528 34.1075
      vertex -7.8 28.4524 25
      vertex -7.8 32.3138 34.4189
    endloop
  endfacet
  facet normal -1 0 0
    outer loop
      vertex -7.8 28.4524 25
      vertex -7.8 32.5528 34.1075
      vertex -7.8 29 25
    endloop
  endfacet
  facet normal -1 -0 0
    outer loop
      vertex -7.8 32.818 33.818
      vertex -7.8 29 25
      vertex -7.8 32.5528 34.1075
    endloop
  endfacet
  facet normal -1 -0 0
    outer loop
      vertex -7.8 33.1075 33.5528
      vertex -7.8 29 25
      vertex -7.8 32.818 33.818
    endloop
  endfacet
  facet normal -1 -0 0
    outer loop
      vertex -7.8 33.4189 33.3138
      vertex -7.8 29 25
      vertex -7.8 33.1075 33.5528
    endloop
  endfacet
  facet normal -1 -0 0
    outer loop
      vertex -7.8 33.75 33.1029
      vertex -7.8 29 25
      vertex -7.8 33.4189 33.3138
    endloop
  endfacet
  facet normal -1 0 0
    outer loop
      vertex -7.8 30.8 23.2
      vertex -7.8 44 25
      vertex -7.8 30.8 1.76058
    endloop
  endfacet
  facet normal -1 0 0
    outer loop
      vertex -7.8 40.4829 37.3922
      vertex -7.8 44 48
      vertex -7.8 40.5 37
    endloop
  endfacet
  facet normal -1 0 0
    outer loop
      vertex -7.8 40.4316 37.7814
      vertex -7.8 44 48
      vertex -7.8 40.4829 37.3922
    endloop
  endfacet
  facet normal -1 0 0
    outer loop
      vertex -7.8 40.3467 38.1647
      vertex -7.8 44 48
      vertex -7.8 40.4316 37.7814
    endloop
  endfacet
  facet normal -1 0 0
    outer loop
      vertex -7.8 40.2286 38.5391
      vertex -7.8 44 48
      vertex -7.8 40.3467 38.1647
    endloop
  endfacet
  facet normal -1 0 0
    outer loop
      vertex -7.8 40.0784 38.9018
      vertex -7.8 44 48
      vertex -7.8 40.2286 38.5391
    endloop
  endfacet
  facet normal -1 0 0
    outer loop
      vertex -7.8 39.8971 39.25
      vertex -7.8 44 48
      vertex -7.8 40.0784 38.9018
    endloop
  endfacet
  facet normal -1 0 0
    outer loop
      vertex -7.8 39.6862 39.5811
      vertex -7.8 44 48
      vertex -7.8 39.8971 39.25
    endloop
  endfacet
  facet normal -1 0 0
    outer loop
      vertex -7.8 39.4472 39.8925
      vertex -7.8 44 48
      vertex -7.8 39.6862 39.5811
    endloop
  endfacet
  facet normal -1 0 0
    outer loop
      vertex -7.8 36.2298 43.4928
      vertex -7.8 44 48
      vertex -7.8 39.4472 39.8925
    endloop
  endfacet
  facet normal -1 0 0
    outer loop
      vertex -7.8 36.2121 43.5121
      vertex -7.8 44 48
      vertex -7.8 36.2298 43.4928
    endloop
  endfacet
  facet normal -1 0 0
    outer loop
      vertex -7.8 36.1928 43.5298
      vertex -7.8 44 48
      vertex -7.8 36.2121 43.5121
    endloop
  endfacet
  facet normal -1 0 0
    outer loop
      vertex -7.8 36.1721 43.5457
      vertex -7.8 44 48
      vertex -7.8 36.1928 43.5298
    endloop
  endfacet
  facet normal -1 0 0
    outer loop
      vertex -7.8 36.15 43.5598
      vertex -7.8 44 48
      vertex -7.8 36.1721 43.5457
    endloop
  endfacet
  facet normal -1 0 0
    outer loop
      vertex -7.8 36.1268 43.5719
      vertex -7.8 44 48
      vertex -7.8 36.15 43.5598
    endloop
  endfacet
  facet normal -1 0 0
    outer loop
      vertex -7.8 36.1026 43.5819
      vertex -7.8 44 48
      vertex -7.8 36.1268 43.5719
    endloop
  endfacet
  facet normal -1 0 0
    outer loop
      vertex -7.8 36.0776 43.5898
      vertex -7.8 44 48
      vertex -7.8 36.1026 43.5819
    endloop
  endfacet
  facet normal -1 0 0
    outer loop
      vertex -7.8 36.0521 43.5954
      vertex -7.8 44 48
      vertex -7.8 36.0776 43.5898
    endloop
  endfacet
  facet normal -1 0 0
    outer loop
      vertex -7.8 36.0261 43.5989
      vertex -7.8 44 48
      vertex -7.8 36.0521 43.5954
    endloop
  endfacet
  facet normal -1 0 0
    outer loop
      vertex -7.8 29 48
      vertex -7.8 36.0261 43.5989
      vertex -7.8 36 43.6
    endloop
  endfacet
  facet normal -1 0 0
    outer loop
      vertex -7.8 29 48
      vertex -7.8 36 43.6
      vertex -7.8 35.9739 43.5989
    endloop
  endfacet
  facet normal -1 0 0
    outer loop
      vertex -7.8 29 48
      vertex -7.8 35.9739 43.5989
      vertex -7.8 35.9479 43.5954
    endloop
  endfacet
  facet normal -1 0 0
    outer loop
      vertex -7.8 29 48
      vertex -7.8 35.9479 43.5954
      vertex -7.8 35.9224 43.5898
    endloop
  endfacet
  facet normal -1 0 0
    outer loop
      vertex -7.8 29 48
      vertex -7.8 35.9224 43.5898
      vertex -7.8 35.8974 43.5819
    endloop
  endfacet
  facet normal -1 0 0
    outer loop
      vertex -7.8 29 48
      vertex -7.8 35.8974 43.5819
      vertex -7.8 35.8732 43.5719
    endloop
  endfacet
  facet normal -1 0 0
    outer loop
      vertex -7.8 29 48
      vertex -7.8 35.8732 43.5719
      vertex -7.8 35.85 43.5598
    endloop
  endfacet
  facet normal -1 -0 0
    outer loop
      vertex -7.8 31.6533 35.8353
      vertex -7.8 28.4524 25
      vertex -7.8 31.5684 36.2186
    endloop
  endfacet
  facet normal -1 -0 0
    outer loop
      vertex -7.8 31.5684 36.2186
      vertex -7.8 28.4524 25
      vertex -7.8 31.5171 36.6078
    endloop
  endfacet
  facet normal -1 -0 0
    outer loop
      vertex -7.8 31.5171 36.6078
      vertex -7.8 28.4524 25
      vertex -7.8 31.5 37
    endloop
  endfacet
  facet normal -1 0 -0
    outer loop
      vertex -7.8 29 48
      vertex -7.8 31.5 37
      vertex -7.8 28.4524 25
    endloop
  endfacet
  facet normal -1 0 0
    outer loop
      vertex -7.8 36.0261 43.5989
      vertex -7.8 29 48
      vertex -7.8 44 48
    endloop
  endfacet
  facet normal -1 0 0
    outer loop
      vertex -7.8 35.8279 43.5457
      vertex -7.8 29 48
      vertex -7.8 35.85 43.5598
    endloop
  endfacet
  facet normal -1 0 0
    outer loop
      vertex -7.8 35.8072 43.5298
      vertex -7.8 29 48
      vertex -7.8 35.8279 43.5457
    endloop
  endfacet
  facet normal -1 0 0
    outer loop
      vertex -7.8 35.7879 43.5121
      vertex -7.8 29 48
      vertex -7.8 35.8072 43.5298
    endloop
  endfacet
  facet normal -1 0 0
    outer loop
      vertex -7.8 35.7702 43.4928
      vertex -7.8 29 48
      vertex -7.8 35.7879 43.5121
    endloop
  endfacet
  facet normal -1 0 0
    outer loop
      vertex -7.8 32.5528 39.8925
      vertex -7.8 29 48
      vertex -7.8 35.7702 43.4928
    endloop
  endfacet
  facet normal -1 0 0
    outer loop
      vertex -7.8 32.3138 39.5811
      vertex -7.8 29 48
      vertex -7.8 32.5528 39.8925
    endloop
  endfacet
  facet normal -1 0 0
    outer loop
      vertex -7.8 32.1029 39.25
      vertex -7.8 29 48
      vertex -7.8 32.3138 39.5811
    endloop
  endfacet
  facet normal -1 0 0
    outer loop
      vertex -7.8 31.9216 38.9018
      vertex -7.8 29 48
      vertex -7.8 32.1029 39.25
    endloop
  endfacet
  facet normal -1 0 0
    outer loop
      vertex -7.8 31.7714 38.5391
      vertex -7.8 29 48
      vertex -7.8 31.9216 38.9018
    endloop
  endfacet
  facet normal -1 0 0
    outer loop
      vertex -7.8 31.6533 38.1647
      vertex -7.8 29 48
      vertex -7.8 31.7714 38.5391
    endloop
  endfacet
  facet normal -1 0 0
    outer loop
      vertex -7.8 31.5684 37.7814
      vertex -7.8 29 48
      vertex -7.8 31.6533 38.1647
    endloop
  endfacet
  facet normal -1 0 0
    outer loop
      vertex -7.8 31.5 37
      vertex -7.8 29 48
      vertex -7.8 31.5171 37.3922
    endloop
  endfacet
  facet normal -1 0 0
    outer loop
      vertex -7.8 31.5171 37.3922
      vertex -7.8 29 48
      vertex -7.8 31.5684 37.7814
    endloop
  endfacet
  facet normal -1 0 0
    outer loop
      vertex -7.8 29.6 0
      vertex -7.8 30.0629 0.462938
      vertex -7.8 29.8 0
    endloop
  endfacet
  facet normal -0.923878 -0.382618 0.00732223
    outer loop
      vertex -7.71241 27.9556 25
      vertex -7.61262 28.1548 48
      vertex -7.67938 28.316 48
    endloop
  endfacet
  facet normal -0.923838 -0.382715 0.00732289
    outer loop
      vertex -7.61262 28.1548 48
      vertex -7.71241 27.9556 25
      vertex -7.68221 27.8827 25
    endloop
  endfacet
  facet normal 0.130684 -0.99142 0.00292952
    outer loop
      vertex -2.62568 27.0076 48
      vertex -2.02683 27.0151 23.8239
      vertex -2.45271 27.0304 48
    endloop
  endfacet
  facet normal 0.130984 -0.99138 0.00293696
    outer loop
      vertex -2.02683 27.0151 23.8239
      vertex -2.62568 27.0076 48
      vertex -2.09976 27.0054 23.8022
    endloop
  endfacet
  facet normal -0.80533 0.512906 -0.297273
    outer loop
      vertex -7.61915 30.3736 0
      vertex -7.53205 45 25
      vertex -7.4383 45.1472 25
    endloop
  endfacet
  facet normal -0.8053 0.512941 -0.297294
    outer loop
      vertex -7.53205 45 25
      vertex -7.61915 30.3736 0
      vertex -7.66603 30.3 0
    endloop
  endfacet
  facet normal 0.215282 -0.976541 0.00458736
    outer loop
      vertex -1.92886 27.0325 23.8631
      vertex -2.45271 27.0304 48
      vertex -1.97733 27.0217 23.8387
    endloop
  endfacet
  facet normal -0.461441 0.887171 0
    outer loop
      vertex -6.64523 45.8126 25
      vertex -6.8 45.7321 48
      vertex -6.64523 45.8126 48
    endloop
  endfacet
  facet normal -0.461441 0.887171 0
    outer loop
      vertex -6.8 45.7321 48
      vertex -6.64523 45.8126 25
      vertex -6.8 45.7321 25
    endloop
  endfacet
  facet normal -0.988671 0.130382 -0.0743672
    outer loop
      vertex -7.7848 29.9736 0
      vertex -7.79548 30.2811 0.681099
      vertex -7.78427 30.479 0.87903
    endloop
  endfacet
  facet normal -0.98866 0.130448 -0.074397
    outer loop
      vertex -7.79548 30.2811 0.681099
      vertex -7.7848 29.9736 0
      vertex -7.7962 29.8872 0
    endloop
  endfacet
  facet normal -0.988692 0.130263 -0.074294
    outer loop
      vertex -7.78393 30.8 1.43729
      vertex -7.79452 30.8 1.57822
      vertex -7.76962 44.3473 25
    endloop
  endfacet
  facet normal -0.976267 -0.216521 0.00461372
    outer loop
      vertex -7.7676 28.1535 25
      vertex -7.73185 28.4824 48
      vertex -7.76962 28.6527 48
    endloop
  endfacet
  facet normal -0.976233 -0.216673 0.00461583
    outer loop
      vertex -7.73185 28.4824 48
      vertex -7.7676 28.1535 25
      vertex -7.75051 28.0765 25
    endloop
  endfacet
  facet normal -0.976388 -0.215976 0.00460187
    outer loop
      vertex -7.76962 28.6527 48
      vertex -7.77793 28.2002 25
      vertex -7.7676 28.1535 25
    endloop
  endfacet
  facet normal -0.300879 -0.953643 0.00608353
    outer loop
      vertex -6.86028 27.0861 23.9838
      vertex -6.31764 27.0681 48
      vertex -6.48404 27.1206 48
    endloop
  endfacet
  facet normal -0.299821 -0.953976 0.00605939
    outer loop
      vertex -6.31764 27.0681 48
      vertex -6.86028 27.0861 23.9838
      vertex -6.79003 27.0637 23.9332
    endloop
  endfacet
  facet normal 0.923884 -0.382604 0.00732205
    outer loop
      vertex -0.987377 28.1548 48
      vertex -0.887589 27.9556 25
      vertex -0.92062 28.316 48
    endloop
  endfacet
  facet normal 0.923842 -0.382704 0.00732274
    outer loop
      vertex -0.887589 27.9556 25
      vertex -0.987377 28.1548 48
      vertex -0.917788 27.8827 25
    endloop
  endfacet
  facet normal 0.887083 -0.461534 0.00832375
    outer loop
      vertex -0.972518 27.7686 25
      vertex -1.06794 28 48
      vertex -0.994578 27.7262 25
    endloop
  endfacet
  facet normal 0.675601 -0.737202 0.00985269
    outer loop
      vertex -1.51443 27.4679 48
      vertex -1.2236 27.4236 24.7431
      vertex -1.38578 27.5858 48
    endloop
  endfacet
  facet normal 0.67553 -0.737267 0.00985193
    outer loop
      vertex -1.2236 27.4236 24.7431
      vertex -1.51443 27.4679 48
      vertex -1.27981 27.3705 24.6236
    endloop
  endfacet
  facet normal 0.793293 0.608841 0
    outer loop
      vertex -1.16169 45.1472 48
      vertex -1.26791 45.2856 25
      vertex -1.26791 45.2856 48
    endloop
  endfacet
  facet normal 0.793293 0.608841 0
    outer loop
      vertex -1.26791 45.2856 25
      vertex -1.16169 45.1472 48
      vertex -1.16169 45.1472 25
    endloop
  endfacet
  facet normal 0.737156 -0.67565 0.00985314
    outer loop
      vertex -1.38578 27.5858 48
      vertex -1.17155 27.4823 24.8753
      vertex -1.26791 27.7144 48
    endloop
  endfacet
  facet normal 0.737063 -0.675752 0.00985273
    outer loop
      vertex -1.17155 27.4823 24.8753
      vertex -1.38578 27.5858 48
      vertex -1.2236 27.4236 24.7431
    endloop
  endfacet
  facet normal 0.999047 0.0436417 0
    outer loop
      vertex -0.799999 44 48
      vertex -0.807613 44.1743 25
      vertex -0.807613 44.1743 48
    endloop
  endfacet
  facet normal 0.999047 0.0436417 0
    outer loop
      vertex -0.807613 44.1743 25
      vertex -0.799999 44 48
      vertex -0.799999 44 25
    endloop
  endfacet
  facet normal -0.26098 0.82876 -0.495022
    outer loop
      vertex -7.05882 30.7659 0
      vertex -7.14202 30.7397 0
      vertex -6.31764 45.9319 25
    endloop
  endfacet
  facet normal 0.112166 0.85094 -0.513147
    outer loop
      vertex -1.71284 30.7962 0
      vertex -2.62568 45.9924 25
      vertex -2.45271 45.9696 25
    endloop
  endfacet
  facet normal 0.991448 -0.13047 0.00292579
    outer loop
      vertex -0.830379 28.6527 48
      vertex -0.805524 28.3258 25
      vertex -0.807613 28.8257 48
    endloop
  endfacet
  facet normal 0.991456 -0.130409 0.00292492
    outer loop
      vertex -0.805524 28.3258 25
      vertex -0.830379 28.6527 48
      vertex -0.815823 28.2475 25
    endloop
  endfacet
  facet normal 0.999047 -0.0436417 0.00103917
    outer loop
      vertex -0.807613 28.8257 48
      vertex -0.80208 28.4047 25
      vertex -0.799999 29 48
    endloop
  endfacet
  facet normal 0.999048 -0.0436086 0.00103856
    outer loop
      vertex -0.80208 28.4047 25
      vertex -0.807613 28.8257 48
      vertex -0.805524 28.3258 25
    endloop
  endfacet
  facet normal -0.112173 0.85094 -0.513146
    outer loop
      vertex -6.88716 30.7962 0
      vertex -6.97364 30.7848 0
      vertex -6.14729 45.9696 25
    endloop
  endfacet
  facet normal 0.408489 0.785364 -0.465124
    outer loop
      vertex -1.37738 30.7063 0
      vertex -1.95477 45.8126 25
      vertex -1.8 45.7321 25
    endloop
  endfacet
  facet normal 0.976282 0.216502 0
    outer loop
      vertex -0.830379 44.3473 48
      vertex -0.868145 44.5176 25
      vertex -0.868145 44.5176 48
    endloop
  endfacet
  facet normal 0.976282 0.216502 0
    outer loop
      vertex -0.868145 44.5176 25
      vertex -0.830379 44.3473 48
      vertex -0.830379 44.3473 25
    endloop
  endfacet
  facet normal 0.999049 -0.0435854 0.00103771
    outer loop
      vertex -0.799999 29 48
      vertex -0.80208 28.4047 25
      vertex -0.799999 28.4524 25
    endloop
  endfacet
  facet normal 0.408935 0.785196 -0.465015
    outer loop
      vertex -1.37738 30.7063 0
      vertex -1.8 45.7321 25
      vertex -1.3 30.666 0
    endloop
  endfacet
  facet normal 0.300885 0.953661 -0
    outer loop
      vertex -2.11596 45.8794 25
      vertex -2.28236 45.9319 48
      vertex -2.11596 45.8794 48
    endloop
  endfacet
  facet normal 0.300885 0.953661 0
    outer loop
      vertex -2.28236 45.9319 48
      vertex -2.11596 45.8794 25
      vertex -2.28236 45.9319 25
    endloop
  endfacet
  facet normal 0.976357 -0.216116 0.00460477
    outer loop
      vertex -0.830379 28.6527 48
      vertex -0.832402 28.1535 25
      vertex -0.822065 28.2002 25
    endloop
  endfacet
  facet normal 0.0372558 0.85453 -0.518064
    outer loop
      vertex -1.8 30.8 0
      vertex -2.8 46 25
      vertex -1.71284 30.7962 0
    endloop
  endfacet
  facet normal -0.998748 0.0434934 -0.0247043
    outer loop
      vertex -7.8 30.8 1.76058
      vertex -7.8 44 25
      vertex -7.79645 30.8 1.61706
    endloop
  endfacet
  facet normal -0.998747 0.043509 -0.0247112
    outer loop
      vertex -7.7962 29.8872 0
      vertex -7.8 30.0629 0.462938
      vertex -7.7963 30.2594 0.659373
    endloop
  endfacet
  facet normal -0.998747 0.0435234 -0.0247167
    outer loop
      vertex -7.8 30.0629 0.462938
      vertex -7.7962 29.8872 0
      vertex -7.8 29.8 0
    endloop
  endfacet
  facet normal -0.131299 -0.991338 0.00294031
    outer loop
      vertex -6.14729 27.0304 48
      vertex -6.62267 27.0217 23.8387
      vertex -6.57317 27.0151 23.8239
    endloop
  endfacet
  facet normal 0.793256 -0.608813 0.00959626
    outer loop
      vertex -1.26791 27.7144 48
      vertex -1.06266 27.6193 25
      vertex -1.16169 27.8528 48
    endloop
  endfacet
  facet normal 0.793223 -0.608856 0.00959614
    outer loop
      vertex -1.06266 27.6193 25
      vertex -1.26791 27.7144 48
      vertex -1.11071 27.5567 25
    endloop
  endfacet
  facet normal -0.67563 -0.737175 0.009853
    outer loop
      vertex -7.3764 27.4236 24.7431
      vertex -7.08557 27.4679 48
      vertex -7.21421 27.5858 48
    endloop
  endfacet
  facet normal -0.67553 -0.737267 0.00985193
    outer loop
      vertex -7.08557 27.4679 48
      vertex -7.3764 27.4236 24.7431
      vertex -7.32019 27.3705 24.6236
    endloop
  endfacet
  facet normal 0.988719 0.130111 -0.0742056
    outer loop
      vertex -0.804042 30.8 1.59733
      vertex -0.830379 44.3473 25
      vertex -0.807613 44.1743 25
    endloop
  endfacet
  facet normal 0.988707 0.130176 -0.0742436
    outer loop
      vertex -0.830379 44.3473 25
      vertex -0.804042 30.8 1.59733
      vertex -0.805477 30.8 1.57822
    endloop
  endfacet
  facet normal 0.988731 0.130047 -0.0741592
    outer loop
      vertex -0.803799 29.8872 0
      vertex -0.804523 30.2811 0.681099
      vertex -0.803901 30.2701 0.670102
    endloop
  endfacet
  facet normal -0.95371 0.300728 0
    outer loop
      vertex -7.73185 44.5176 25
      vertex -7.67938 44.684 48
      vertex -7.67938 44.684 25
    endloop
  endfacet
  facet normal -0.95371 0.300728 0
    outer loop
      vertex -7.67938 44.684 48
      vertex -7.73185 44.5176 25
      vertex -7.73185 44.5176 48
    endloop
  endfacet
  facet normal 0.99874 0.0436283 -0.0247806
    outer loop
      vertex -0.803553 30.8 1.61706
      vertex -0.807613 44.1743 25
      vertex -0.799999 44 25
    endloop
  endfacet
  facet normal 0.998743 0.0435808 -0.0247534
    outer loop
      vertex -0.807613 44.1743 25
      vertex -0.803553 30.8 1.61706
      vertex -0.804042 30.8 1.59733
    endloop
  endfacet
  facet normal 0.998718 0.0440122 -0.0249968
    outer loop
      vertex -0.803799 29.8872 0
      vertex -0.803901 30.2701 0.670102
      vertex -0.803698 30.2594 0.659373
    endloop
  endfacet
  facet normal 0.857092 0.446076 -0.2577
    outer loop
      vertex -0.933971 30.3 0
      vertex -1.06794 45 25
      vertex -0.893688 30.2226 0
    endloop
  endfacet
  facet normal -0.112166 0.85094 -0.513147
    outer loop
      vertex -5.97432 45.9924 25
      vertex -6.88716 30.7962 0
      vertex -6.14729 45.9696 25
    endloop
  endfacet
  facet normal -0.902209 0.373756 -0.215231
    outer loop
      vertex -7.70631 30.2226 0
      vertex -7.7397 30.142 0
      vertex -7.61262 44.8452 25
    endloop
  endfacet
  facet normal -0.939839 0.296276 -0.170071
    outer loop
      vertex -7.7397 30.142 0
      vertex -7.74942 30.8 1.2
      vertex -7.73185 44.5176 25
    endloop
  endfacet
  facet normal -0.939931 0.296052 -0.169949
    outer loop
      vertex -7.7397 30.142 0
      vertex -7.76444 30.6881 1.08814
      vertex -7.74942 30.8 1.2
    endloop
  endfacet
  facet normal -0.939833 0.296296 -0.170069
    outer loop
      vertex -7.76444 30.6881 1.08814
      vertex -7.7397 30.142 0
      vertex -7.76593 30.0588 0
    endloop
  endfacet
  facet normal -0.939817 0.296328 -0.170101
    outer loop
      vertex -7.73185 44.5176 25
      vertex -7.74942 30.8 1.2
      vertex -7.76418 30.8 1.28155
    endloop
  endfacet
  facet normal -0.79332 0.608805 0
    outer loop
      vertex -7.4383 45.1472 25
      vertex -7.33209 45.2856 48
      vertex -7.33209 45.2856 25
    endloop
  endfacet
  facet normal -0.79332 0.608805 0
    outer loop
      vertex -7.33209 45.2856 48
      vertex -7.4383 45.1472 25
      vertex -7.4383 45.1472 48
    endloop
  endfacet
  facet normal -0.747837 0.5739 -0.333733
    outer loop
      vertex -7.33209 45.2856 25
      vertex -7.61915 30.3736 0
      vertex -7.4383 45.1472 25
    endloop
  endfacet
  facet normal -0.747806 0.57393 -0.333751
    outer loop
      vertex -7.56604 30.4428 0
      vertex -7.61915 30.3736 0
      vertex -7.33209 45.2856 25
    endloop
  endfacet
  facet normal -0.620007 0.677061 -0.396459
    outer loop
      vertex -7.44279 30.566 0
      vertex -7.50711 30.5071 0
      vertex -7.08557 45.5321 25
    endloop
  endfacet
  facet normal -0.620333 0.676842 -0.396322
    outer loop
      vertex -7.08557 45.5321 25
      vertex -7.50711 30.5071 0
      vertex -7.21421 45.4142 25
    endloop
  endfacet
  facet normal 0.953684 -0.300749 0.00608192
    outer loop
      vertex -0.92062 28.316 48
      vertex -0.86385 28.0309 25
      vertex -0.868145 28.4824 48
    endloop
  endfacet
  facet normal 0.95371 -0.300666 0.00608095
    outer loop
      vertex -0.86385 28.0309 25
      vertex -0.92062 28.316 48
      vertex -0.887589 27.9556 25
    endloop
  endfacet
  facet normal 0.335543 0.809674 -0.481497
    outer loop
      vertex -1.45797 30.7397 0
      vertex -2.11596 45.8794 25
      vertex -1.95477 45.8126 25
    endloop
  endfacet
  facet normal 0.675374 -0.73741 0.00985096
    outer loop
      vertex -1.27981 27.3705 24.6236
      vertex -1.51443 27.4679 48
      vertex -1.31497 27.3373 24.5489
    endloop
  endfacet
  facet normal 0.608519 -0.793481 0.0095946
    outer loop
      vertex -1.31497 27.3373 24.5489
      vertex -1.51443 27.4679 48
      vertex -1.35315 27.3072 24.4811
    endloop
  endfacet
  facet normal -0.737287 -0.675508 0.00985225
    outer loop
      vertex -7.33209 27.7144 48
      vertex -7.46044 27.5184 24.9565
      vertex -7.42845 27.4823 24.8753
    endloop
  endfacet
  facet normal -0.551691 0.719069 -0.422583
    outer loop
      vertex -6.94715 45.6383 25
      vertex -7.37358 30.6191 0
      vertex -7.08557 45.5321 25
    endloop
  endfacet
  facet normal -0.130684 0.991424 0
    outer loop
      vertex -5.97432 45.9924 25
      vertex -6.14729 45.9696 48
      vertex -5.97432 45.9924 48
    endloop
  endfacet
  facet normal -0.130684 0.991424 0
    outer loop
      vertex -6.14729 45.9696 48
      vertex -5.97432 45.9924 25
      vertex -6.14729 45.9696 25
    endloop
  endfacet
  facet normal 0.481245 0.755011 -0.445378
    outer loop
      vertex -1.3 30.666 0
      vertex -1.65284 45.6383 25
      vertex -1.22642 30.6191 0
    endloop
  endfacet
  facet normal 0.481245 0.755011 -0.445378
    outer loop
      vertex -1.65284 45.6383 25
      vertex -1.3 30.666 0
      vertex -1.8 45.7321 25
    endloop
  endfacet
  facet normal -0.335543 0.809673 -0.481497
    outer loop
      vertex -6.48404 45.8794 25
      vertex -7.14202 30.7397 0
      vertex -6.64523 45.8126 25
    endloop
  endfacet
  facet normal -0.382844 0.923813 0
    outer loop
      vertex -6.48404 45.8794 25
      vertex -6.64523 45.8126 48
      vertex -6.48404 45.8794 48
    endloop
  endfacet
  facet normal -0.382844 0.923813 0
    outer loop
      vertex -6.64523 45.8126 48
      vertex -6.48404 45.8794 25
      vertex -6.64523 45.8126 25
    endloop
  endfacet
  facet normal 0.216081 0.976375 -0
    outer loop
      vertex -2.28236 45.9319 25
      vertex -2.45271 45.9696 48
      vertex -2.28236 45.9319 48
    endloop
  endfacet
  facet normal 0.216081 0.976375 0
    outer loop
      vertex -2.45271 45.9696 48
      vertex -2.28236 45.9319 25
      vertex -2.45271 45.9696 25
    endloop
  endfacet
  facet normal 0.747806 0.57393 -0.333751
    outer loop
      vertex -0.980846 30.3736 0
      vertex -1.26791 45.2856 25
      vertex -1.16169 45.1472 25
    endloop
  endfacet
  facet normal 0.461441 0.887171 -0
    outer loop
      vertex -1.8 45.7321 25
      vertex -1.95477 45.8126 48
      vertex -1.8 45.7321 48
    endloop
  endfacet
  facet normal 0.461441 0.887171 0
    outer loop
      vertex -1.95477 45.8126 48
      vertex -1.8 45.7321 25
      vertex -1.95477 45.8126 25
    endloop
  endfacet
  facet normal 0.537498 0.843265 -0
    outer loop
      vertex -1.65284 45.6383 25
      vertex -1.8 45.7321 48
      vertex -1.65284 45.6383 48
    endloop
  endfacet
  facet normal 0.537498 0.843265 0
    outer loop
      vertex -1.8 45.7321 48
      vertex -1.65284 45.6383 25
      vertex -1.8 45.7321 25
    endloop
  endfacet
  facet normal -0.537502 -0.843213 0.00908718
    outer loop
      vertex -7.18702 27.26 24.3749
      vertex -6.8 27.2679 48
      vertex -6.94715 27.3617 48
    endloop
  endfacet
  facet normal -0.537457 -0.843242 0.00908645
    outer loop
      vertex -6.8 27.2679 48
      vertex -7.18702 27.26 24.3749
      vertex -7.08307 27.1921 24.2222
    endloop
  endfacet
  facet normal 0.998748 0.0435008 -0.0247081
    outer loop
      vertex -0.799999 30.0629 0.462938
      vertex -0.803799 29.8872 0
      vertex -0.803698 30.2594 0.659373
    endloop
  endfacet
  facet normal 0.998747 0.0435234 -0.0247167
    outer loop
      vertex -0.803799 29.8872 0
      vertex -0.799999 30.0629 0.462938
      vertex -0.799999 29.8 0
    endloop
  endfacet
  facet normal 0.998745 0.0435423 -0.024732
    outer loop
      vertex -0.799999 30.8 1.76058
      vertex -0.803553 30.8 1.61706
      vertex -0.799999 44 25
    endloop
  endfacet
  facet normal 1 0 0
    outer loop
      vertex -0.799999 44 48
      vertex -0.799999 40.5 37
      vertex -0.799999 44 25
    endloop
  endfacet
  facet normal 1 0 0
    outer loop
      vertex -0.799999 44 48
      vertex -0.799999 40.4829 37.3922
      vertex -0.799999 40.5 37
    endloop
  endfacet
  facet normal 1 0 0
    outer loop
      vertex -0.799999 44 48
      vertex -0.799999 40.4316 37.7814
      vertex -0.799999 40.4829 37.3922
    endloop
  endfacet
  facet normal 1 0 0
    outer loop
      vertex -0.799999 44 48
      vertex -0.799999 40.3467 38.1647
      vertex -0.799999 40.4316 37.7814
    endloop
  endfacet
  facet normal 1 0 0
    outer loop
      vertex -0.799999 44 48
      vertex -0.799999 40.2286 38.5391
      vertex -0.799999 40.3467 38.1647
    endloop
  endfacet
  facet normal 1 0 0
    outer loop
      vertex -0.799999 44 48
      vertex -0.799999 40.0784 38.9018
      vertex -0.799999 40.2286 38.5391
    endloop
  endfacet
  facet normal 1 0 0
    outer loop
      vertex -0.799999 44 48
      vertex -0.799999 39.8971 39.25
      vertex -0.799999 40.0784 38.9018
    endloop
  endfacet
  facet normal 1 0 0
    outer loop
      vertex -0.799999 44 48
      vertex -0.799999 39.6862 39.5811
      vertex -0.799999 39.8971 39.25
    endloop
  endfacet
  facet normal 1 0 0
    outer loop
      vertex -0.799999 44 48
      vertex -0.799999 39.4472 39.8925
      vertex -0.799999 39.6862 39.5811
    endloop
  endfacet
  facet normal 1 0 0
    outer loop
      vertex -0.799999 44 48
      vertex -0.799999 36.2298 43.4928
      vertex -0.799999 39.4472 39.8925
    endloop
  endfacet
  facet normal 1 0 0
    outer loop
      vertex -0.799999 44 48
      vertex -0.799999 36.2121 43.5121
      vertex -0.799999 36.2298 43.4928
    endloop
  endfacet
  facet normal 1 0 0
    outer loop
      vertex -0.799999 44 48
      vertex -0.799999 36.1928 43.5298
      vertex -0.799999 36.2121 43.5121
    endloop
  endfacet
  facet normal 1 0 0
    outer loop
      vertex -0.799999 44 48
      vertex -0.799999 36.1721 43.5457
      vertex -0.799999 36.1928 43.5298
    endloop
  endfacet
  facet normal 1 0 0
    outer loop
      vertex -0.799999 44 48
      vertex -0.799999 36.15 43.5598
      vertex -0.799999 36.1721 43.5457
    endloop
  endfacet
  facet normal 1 0 0
    outer loop
      vertex -0.799999 44 48
      vertex -0.799999 36.1268 43.5719
      vertex -0.799999 36.15 43.5598
    endloop
  endfacet
  facet normal 1 0 0
    outer loop
      vertex -0.799999 44 48
      vertex -0.799999 36.1026 43.5819
      vertex -0.799999 36.1268 43.5719
    endloop
  endfacet
  facet normal 1 0 0
    outer loop
      vertex -0.799999 44 48
      vertex -0.799999 36.0776 43.5898
      vertex -0.799999 36.1026 43.5819
    endloop
  endfacet
  facet normal 1 0 0
    outer loop
      vertex -0.799999 44 48
      vertex -0.799999 36.0521 43.5954
      vertex -0.799999 36.0776 43.5898
    endloop
  endfacet
  facet normal 1 0 0
    outer loop
      vertex -0.799999 44 48
      vertex -0.799999 36.0261 43.5989
      vertex -0.799999 36.0521 43.5954
    endloop
  endfacet
  facet normal 1 -0 0
    outer loop
      vertex -0.799999 29 48
      vertex -0.799999 36.0261 43.5989
      vertex -0.799999 44 48
    endloop
  endfacet
  facet normal 1 0 0
    outer loop
      vertex -0.799999 36.0261 43.5989
      vertex -0.799999 29 48
      vertex -0.799999 36 43.6
    endloop
  endfacet
  facet normal 1 0 0
    outer loop
      vertex -0.799999 36 43.6
      vertex -0.799999 29 48
      vertex -0.799999 35.9739 43.5989
    endloop
  endfacet
  facet normal 1 0 0
    outer loop
      vertex -0.799999 35.9739 43.5989
      vertex -0.799999 29 48
      vertex -0.799999 35.9479 43.5954
    endloop
  endfacet
  facet normal 1 0 0
    outer loop
      vertex -0.799999 35.9479 43.5954
      vertex -0.799999 29 48
      vertex -0.799999 35.9224 43.5898
    endloop
  endfacet
  facet normal 1 0 0
    outer loop
      vertex -0.799999 35.9224 43.5898
      vertex -0.799999 29 48
      vertex -0.799999 35.8974 43.5819
    endloop
  endfacet
  facet normal 1 0 0
    outer loop
      vertex -0.799999 35.8974 43.5819
      vertex -0.799999 29 48
      vertex -0.799999 35.8732 43.5719
    endloop
  endfacet
  facet normal 1 0 0
    outer loop
      vertex -0.799999 29 48
      vertex -0.799999 31.5 37
      vertex -0.799999 31.5171 37.3922
    endloop
  endfacet
  facet normal 1 0 0
    outer loop
      vertex -0.799999 35.8732 43.5719
      vertex -0.799999 29 48
      vertex -0.799999 35.85 43.5598
    endloop
  endfacet
  facet normal 1 0 0
    outer loop
      vertex -0.799999 29 48
      vertex -0.799999 35.8279 43.5457
      vertex -0.799999 35.85 43.5598
    endloop
  endfacet
  facet normal 1 0 0
    outer loop
      vertex -0.799999 29 48
      vertex -0.799999 35.8072 43.5298
      vertex -0.799999 35.8279 43.5457
    endloop
  endfacet
  facet normal 1 0 0
    outer loop
      vertex -0.799999 29 48
      vertex -0.799999 35.7879 43.5121
      vertex -0.799999 35.8072 43.5298
    endloop
  endfacet
  facet normal 1 0 0
    outer loop
      vertex -0.799999 29 48
      vertex -0.799999 35.7702 43.4928
      vertex -0.799999 35.7879 43.5121
    endloop
  endfacet
  facet normal 1 0 0
    outer loop
      vertex -0.799999 29 48
      vertex -0.799999 32.5528 39.8925
      vertex -0.799999 35.7702 43.4928
    endloop
  endfacet
  facet normal 1 0 0
    outer loop
      vertex -0.799999 29 48
      vertex -0.799999 32.3138 39.5811
      vertex -0.799999 32.5528 39.8925
    endloop
  endfacet
  facet normal 1 0 0
    outer loop
      vertex -0.799999 29 48
      vertex -0.799999 32.1029 39.25
      vertex -0.799999 32.3138 39.5811
    endloop
  endfacet
  facet normal 1 0 0
    outer loop
      vertex -0.799999 29 48
      vertex -0.799999 31.9216 38.9018
      vertex -0.799999 32.1029 39.25
    endloop
  endfacet
  facet normal 1 0 0
    outer loop
      vertex -0.799999 29 48
      vertex -0.799999 31.7714 38.5391
      vertex -0.799999 31.9216 38.9018
    endloop
  endfacet
  facet normal 1 0 0
    outer loop
      vertex -0.799999 29 48
      vertex -0.799999 31.6533 38.1647
      vertex -0.799999 31.7714 38.5391
    endloop
  endfacet
  facet normal 1 0 0
    outer loop
      vertex -0.799999 29 48
      vertex -0.799999 31.5684 37.7814
      vertex -0.799999 31.6533 38.1647
    endloop
  endfacet
  facet normal 1 0 0
    outer loop
      vertex -0.799999 29 48
      vertex -0.799999 31.5171 37.3922
      vertex -0.799999 31.5684 37.7814
    endloop
  endfacet
  facet normal 1 0 0
    outer loop
      vertex -0.799999 31.5 37
      vertex -0.799999 29 48
      vertex -0.799999 28.4524 25
    endloop
  endfacet
  facet normal 1 0 0
    outer loop
      vertex -0.799999 31.5 37
      vertex -0.799999 29 25
      vertex -0.799999 30.8 23.2
    endloop
  endfacet
  facet normal 1 0 0
    outer loop
      vertex -0.799999 31.5 37
      vertex -0.799999 28.4524 25
      vertex -0.799999 29 25
    endloop
  endfacet
  facet normal 1 -0 0
    outer loop
      vertex -0.799999 40.4829 36.6078
      vertex -0.799999 44 25
      vertex -0.799999 40.5 37
    endloop
  endfacet
  facet normal 1 -0 0
    outer loop
      vertex -0.799999 40.4316 36.2186
      vertex -0.799999 44 25
      vertex -0.799999 40.4829 36.6078
    endloop
  endfacet
  facet normal 1 -0 0
    outer loop
      vertex -0.799999 40.3467 35.8353
      vertex -0.799999 44 25
      vertex -0.799999 40.4316 36.2186
    endloop
  endfacet
  facet normal 1 -0 0
    outer loop
      vertex -0.799999 40.2286 35.4609
      vertex -0.799999 44 25
      vertex -0.799999 40.3467 35.8353
    endloop
  endfacet
  facet normal 1 -0 0
    outer loop
      vertex -0.799999 40.0784 35.0982
      vertex -0.799999 44 25
      vertex -0.799999 40.2286 35.4609
    endloop
  endfacet
  facet normal 1 -0 0
    outer loop
      vertex -0.799999 39.8971 34.75
      vertex -0.799999 44 25
      vertex -0.799999 40.0784 35.0982
    endloop
  endfacet
  facet normal 1 -0 0
    outer loop
      vertex -0.799999 39.6862 34.4189
      vertex -0.799999 44 25
      vertex -0.799999 39.8971 34.75
    endloop
  endfacet
  facet normal 1 -0 0
    outer loop
      vertex -0.799999 39.4472 34.1075
      vertex -0.799999 44 25
      vertex -0.799999 39.6862 34.4189
    endloop
  endfacet
  facet normal 1 -0 0
    outer loop
      vertex -0.799999 39.182 33.818
      vertex -0.799999 44 25
      vertex -0.799999 39.4472 34.1075
    endloop
  endfacet
  facet normal 1 -0 0
    outer loop
      vertex -0.799999 38.8925 33.5528
      vertex -0.799999 44 25
      vertex -0.799999 39.182 33.818
    endloop
  endfacet
  facet normal 1 -0 0
    outer loop
      vertex -0.799999 38.5811 33.3138
      vertex -0.799999 44 25
      vertex -0.799999 38.8925 33.5528
    endloop
  endfacet
  facet normal 1 -0 0
    outer loop
      vertex -0.799999 38.25 33.1029
      vertex -0.799999 44 25
      vertex -0.799999 38.5811 33.3138
    endloop
  endfacet
  facet normal 1 -0 0
    outer loop
      vertex -0.799999 37.9018 32.9216
      vertex -0.799999 44 25
      vertex -0.799999 38.25 33.1029
    endloop
  endfacet
  facet normal 1 -0 0
    outer loop
      vertex -0.799999 37.5391 32.7714
      vertex -0.799999 44 25
      vertex -0.799999 37.9018 32.9216
    endloop
  endfacet
  facet normal 1 -0 0
    outer loop
      vertex -0.799999 37.1647 32.6533
      vertex -0.799999 44 25
      vertex -0.799999 37.5391 32.7714
    endloop
  endfacet
  facet normal 1 -0 0
    outer loop
      vertex -0.799999 36.7814 32.5684
      vertex -0.799999 44 25
      vertex -0.799999 37.1647 32.6533
    endloop
  endfacet
  facet normal 1 -0 0
    outer loop
      vertex -0.799999 36.3922 32.5171
      vertex -0.799999 44 25
      vertex -0.799999 36.7814 32.5684
    endloop
  endfacet
  facet normal 1 0 0
    outer loop
      vertex -0.799999 30.8 23.2
      vertex -0.799999 36.3922 32.5171
      vertex -0.799999 36 32.5
    endloop
  endfacet
  facet normal 1 0 0
    outer loop
      vertex -0.799999 30.8 23.2
      vertex -0.799999 36 32.5
      vertex -0.799999 35.6078 32.5171
    endloop
  endfacet
  facet normal 1 0 0
    outer loop
      vertex -0.799999 30.8 23.2
      vertex -0.799999 35.6078 32.5171
      vertex -0.799999 35.2186 32.5684
    endloop
  endfacet
  facet normal 1 0 0
    outer loop
      vertex -0.799999 30.8 23.2
      vertex -0.799999 35.2186 32.5684
      vertex -0.799999 34.8353 32.6533
    endloop
  endfacet
  facet normal 1 0 0
    outer loop
      vertex -0.799999 30.8 23.2
      vertex -0.799999 34.8353 32.6533
      vertex -0.799999 34.4609 32.7714
    endloop
  endfacet
  facet normal 1 0 0
    outer loop
      vertex -0.799999 30.8 23.2
      vertex -0.799999 34.4609 32.7714
      vertex -0.799999 34.0982 32.9216
    endloop
  endfacet
  facet normal 1 0 0
    outer loop
      vertex -0.799999 30.8 23.2
      vertex -0.799999 34.0982 32.9216
      vertex -0.799999 33.75 33.1029
    endloop
  endfacet
  facet normal 1 0 0
    outer loop
      vertex -0.799999 30.8 23.2
      vertex -0.799999 33.75 33.1029
      vertex -0.799999 33.4189 33.3138
    endloop
  endfacet
  facet normal 1 0 0
    outer loop
      vertex -0.799999 30.8 23.2
      vertex -0.799999 33.4189 33.3138
      vertex -0.799999 33.1075 33.5528
    endloop
  endfacet
  facet normal 1 0 0
    outer loop
      vertex -0.799999 30.8 23.2
      vertex -0.799999 31.5171 36.6078
      vertex -0.799999 31.5 37
    endloop
  endfacet
  facet normal 1 0 0
    outer loop
      vertex -0.799999 30.8 23.2
      vertex -0.799999 31.5684 36.2186
      vertex -0.799999 31.5171 36.6078
    endloop
  endfacet
  facet normal 1 0 0
    outer loop
      vertex -0.799999 30.8 23.2
      vertex -0.799999 31.6533 35.8353
      vertex -0.799999 31.5684 36.2186
    endloop
  endfacet
  facet normal 1 0 0
    outer loop
      vertex -0.799999 30.8 23.2
      vertex -0.799999 31.7714 35.4609
      vertex -0.799999 31.6533 35.8353
    endloop
  endfacet
  facet normal 1 0 0
    outer loop
      vertex -0.799999 30.8 23.2
      vertex -0.799999 31.9216 35.0982
      vertex -0.799999 31.7714 35.4609
    endloop
  endfacet
  facet normal 1 0 0
    outer loop
      vertex -0.799999 30.8 23.2
      vertex -0.799999 32.1029 34.75
      vertex -0.799999 31.9216 35.0982
    endloop
  endfacet
  facet normal 1 0 0
    outer loop
      vertex -0.799999 30.8 23.2
      vertex -0.799999 32.3138 34.4189
      vertex -0.799999 32.1029 34.75
    endloop
  endfacet
  facet normal 1 0 0
    outer loop
      vertex -0.799999 30.8 23.2
      vertex -0.799999 32.5528 34.1075
      vertex -0.799999 32.3138 34.4189
    endloop
  endfacet
  facet normal 1 0 0
    outer loop
      vertex -0.799999 30.8 23.2
      vertex -0.799999 32.818 33.818
      vertex -0.799999 32.5528 34.1075
    endloop
  endfacet
  facet normal 1 0 0
    outer loop
      vertex -0.799999 30.8 23.2
      vertex -0.799999 33.1075 33.5528
      vertex -0.799999 32.818 33.818
    endloop
  endfacet
  facet normal 1 0 0
    outer loop
      vertex -0.799999 36.3922 32.5171
      vertex -0.799999 30.8 23.2
      vertex -0.799999 44 25
    endloop
  endfacet
  facet normal 1 0 0
    outer loop
      vertex -0.799999 44 25
      vertex -0.799999 30.8 23.2
      vertex -0.799999 30.8 1.76058
    endloop
  endfacet
  facet normal 1 0 -0
    outer loop
      vertex -0.799999 29.8 0
      vertex -0.799999 30.0629 0.462938
      vertex -0.799999 29.6 0
    endloop
  endfacet
  facet normal -0.215324 -0.976532 0.00458818
    outer loop
      vertex -6.14729 27.0304 48
      vertex -6.67113 27.0325 23.8631
      vertex -6.62267 27.0217 23.8387
    endloop
  endfacet
  facet normal -0.0435566 -0.99905 0.0010375
    outer loop
      vertex -6.50024 27.0054 23.8022
      vertex -5.8 27 48
      vertex -5.97432 27.0076 48
    endloop
  endfacet
  facet normal -0.0432766 -0.999063 0.00102939
    outer loop
      vertex -5.8 27 48
      vertex -6.50024 27.0054 23.8022
      vertex -6.42654 27.0022 23.7949
    endloop
  endfacet
  facet normal -0.130684 -0.99142 0.00292952
    outer loop
      vertex -6.57317 27.0151 23.8239
      vertex -5.97432 27.0076 48
      vertex -6.14729 27.0304 48
    endloop
  endfacet
  facet normal -0.130984 -0.99138 0.00293696
    outer loop
      vertex -5.97432 27.0076 48
      vertex -6.57317 27.0151 23.8239
      vertex -6.50024 27.0054 23.8022
    endloop
  endfacet
  facet normal -0.675374 -0.73741 0.00985096
    outer loop
      vertex -7.08557 27.4679 48
      vertex -7.32019 27.3705 24.6236
      vertex -7.28503 27.3373 24.5489
    endloop
  endfacet
  facet normal -0.887043 0.461686 0
    outer loop
      vertex -7.61262 44.8452 25
      vertex -7.53205 45 48
      vertex -7.53205 45 25
    endloop
  endfacet
  facet normal -0.887043 0.461686 0
    outer loop
      vertex -7.53205 45 48
      vertex -7.61262 44.8452 25
      vertex -7.61262 44.8452 48
    endloop
  endfacet
  facet normal -0.792759 -0.60946 0.00959711
    outer loop
      vertex -7.47476 27.5378 25
      vertex -7.33209 27.7144 48
      vertex -7.48929 27.5567 25
    endloop
  endfacet
  facet normal -0.794121 -0.607684 0.00959192
    outer loop
      vertex -7.33209 27.7144 48
      vertex -7.47476 27.5378 25
      vertex -7.46044 27.5184 24.9565
    endloop
  endfacet
  facet normal -0.685845 0.628567 -0.36677
    outer loop
      vertex -7.50711 30.5071 0
      vertex -7.56604 30.4428 0
      vertex -7.33209 45.2856 25
    endloop
  endfacet
  facet normal -0.887083 -0.461534 0.00832406
    outer loop
      vertex -7.53205 28 48
      vertex -7.62748 27.7686 25
      vertex -7.60542 27.7262 25
    endloop
  endfacet
  facet normal 0.968921 0.214709 -0.122853
    outer loop
      vertex -0.815731 30.479 0.87903
      vertex -0.834072 30.0588 0
      vertex -0.833914 30.6708 1.07083
    endloop
  endfacet
  facet normal 0.968936 0.214656 -0.122828
    outer loop
      vertex -0.834072 30.0588 0
      vertex -0.815731 30.479 0.87903
      vertex -0.815197 29.9736 0
    endloop
  endfacet
  facet normal 0.968917 0.214719 -0.122863
    outer loop
      vertex -0.81607 30.8 1.43729
      vertex -0.833881 30.8 1.29683
      vertex -0.830379 44.3473 25
    endloop
  endfacet
  facet normal -0.737164 0.675714 0
    outer loop
      vertex -7.33209 45.2856 25
      vertex -7.21421 45.4142 48
      vertex -7.21421 45.4142 25
    endloop
  endfacet
  facet normal -0.737164 0.675714 0
    outer loop
      vertex -7.21421 45.4142 48
      vertex -7.33209 45.2856 25
      vertex -7.33209 45.2856 48
    endloop
  endfacet
  facet normal -0.968903 0.21477 -0.122881
    outer loop
      vertex -7.76593 30.0588 0
      vertex -7.78427 30.479 0.87903
      vertex -7.76608 30.6708 1.07083
    endloop
  endfacet
  facet normal -0.968951 0.214602 -0.122802
    outer loop
      vertex -7.78427 30.479 0.87903
      vertex -7.76593 30.0588 0
      vertex -7.7848 29.9736 0
    endloop
  endfacet
  facet normal -0.96892 0.214707 -0.122857
    outer loop
      vertex -7.76612 30.8 1.29683
      vertex -7.78393 30.8 1.43729
      vertex -7.76962 44.3473 25
    endloop
  endfacet
  facet normal -0.991449 0.130493 0
    outer loop
      vertex -7.79239 44.1743 25
      vertex -7.76962 44.3473 48
      vertex -7.76962 44.3473 25
    endloop
  endfacet
  facet normal -0.991449 0.130493 0
    outer loop
      vertex -7.76962 44.3473 48
      vertex -7.79239 44.1743 25
      vertex -7.79239 44.1743 48
    endloop
  endfacet
  facet normal 0.953781 -0.300441 0.0060759
    outer loop
      vertex -0.849486 28.0765 25
      vertex -0.868145 28.4824 48
      vertex -0.86385 28.0309 25
    endloop
  endfacet
  facet normal 0.792759 -0.60946 0.00959711
    outer loop
      vertex -1.26791 27.7144 48
      vertex -1.12524 27.5378 25
      vertex -1.11071 27.5567 25
    endloop
  endfacet
  facet normal 0.794322 -0.607421 0.00959115
    outer loop
      vertex -1.12524 27.5378 25
      vertex -1.26791 27.7144 48
      vertex -1.13955 27.5184 24.9565
    endloop
  endfacet
  facet normal 0.737183 -0.675621 0.00985296
    outer loop
      vertex -1.13955 27.5184 24.9565
      vertex -1.26791 27.7144 48
      vertex -1.17155 27.4823 24.8753
    endloop
  endfacet
  facet normal 0.186437 0.842429 -0.505524
    outer loop
      vertex -1.54118 30.7659 0
      vertex -2.45271 45.9696 25
      vertex -2.28236 45.9319 25
    endloop
  endfacet
  facet normal 0.11216 0.850941 -0.513147
    outer loop
      vertex -1.71284 30.7962 0
      vertex -2.45271 45.9696 25
      vertex -1.62635 30.7848 0
    endloop
  endfacet
  facet normal -0.300885 0.953661 0
    outer loop
      vertex -6.31764 45.9319 25
      vertex -6.48404 45.8794 48
      vertex -6.31764 45.9319 48
    endloop
  endfacet
  facet normal -0.300885 0.953661 0
    outer loop
      vertex -6.48404 45.8794 48
      vertex -6.31764 45.9319 25
      vertex -6.48404 45.8794 25
    endloop
  endfacet
  facet normal 0.186927 0.842357 -0.505462
    outer loop
      vertex -1.62635 30.7848 0
      vertex -2.45271 45.9696 25
      vertex -1.54118 30.7659 0
    endloop
  endfacet
  facet normal 0.685845 0.628567 -0.36677
    outer loop
      vertex -1.09289 30.5071 0
      vertex -1.26791 45.2856 25
      vertex -1.03396 30.4428 0
    endloop
  endfacet
  facet normal 0.620007 0.677061 -0.396459
    outer loop
      vertex -1.15721 30.566 0
      vertex -1.51443 45.5321 25
      vertex -1.09289 30.5071 0
    endloop
  endfacet
  facet normal 0.685814 0.628592 -0.366785
    outer loop
      vertex -1.09289 30.5071 0
      vertex -1.38578 45.4142 25
      vertex -1.26791 45.2856 25
    endloop
  endfacet
  facet normal 0.968841 0.214978 -0.123007
    outer loop
      vertex -0.834072 30.0588 0
      vertex -0.835555 30.6881 1.08814
      vertex -0.833914 30.6708 1.07083
    endloop
  endfacet
  facet normal 0.968876 0.214859 -0.122944
    outer loop
      vertex -0.833881 30.8 1.29683
      vertex -0.868145 44.5176 25
      vertex -0.830379 44.3473 25
    endloop
  endfacet
  facet normal 0.968904 0.214764 -0.122888
    outer loop
      vertex -0.868145 44.5176 25
      vertex -0.833881 30.8 1.29683
      vertex -0.835819 30.8 1.28155
    endloop
  endfacet
  facet normal 0.335562 0.809668 -0.481494
    outer loop
      vertex -1.45797 30.7397 0
      vertex -1.95477 45.8126 25
      vertex -1.37738 30.7063 0
    endloop
  endfacet
  facet normal 0.675634 0.737237 -0
    outer loop
      vertex -1.38578 45.4142 25
      vertex -1.51443 45.5321 48
      vertex -1.38578 45.4142 48
    endloop
  endfacet
  facet normal 0.675634 0.737237 0
    outer loop
      vertex -1.51443 45.5321 48
      vertex -1.38578 45.4142 25
      vertex -1.51443 45.5321 25
    endloop
  endfacet
  facet normal 0.551691 0.719069 -0.422583
    outer loop
      vertex -1.22642 30.6191 0
      vertex -1.51443 45.5321 25
      vertex -1.15721 30.566 0
    endloop
  endfacet
  facet normal 0.88706 0.461655 0
    outer loop
      vertex -0.987377 44.8452 48
      vertex -1.06794 45 25
      vertex -1.06794 45 48
    endloop
  endfacet
  facet normal 0.88706 0.461655 0
    outer loop
      vertex -1.06794 45 25
      vertex -0.987377 44.8452 48
      vertex -0.987377 44.8452 25
    endloop
  endfacet
  facet normal 0.747781 0.573954 -0.333766
    outer loop
      vertex -1.03396 30.4428 0
      vertex -1.26791 45.2856 25
      vertex -0.980846 30.3736 0
    endloop
  endfacet
  facet normal 0.261446 0.828659 -0.494945
    outer loop
      vertex -1.45797 30.7397 0
      vertex -2.28236 45.9319 25
      vertex -2.11596 45.8794 25
    endloop
  endfacet
  facet normal 0 -1 0
    outer loop
      vertex -6.37643 27 23.79
      vertex -5.8 27 25
      vertex -5.8 27 48
    endloop
  endfacet
  facet normal 0 -1 0
    outer loop
      vertex -5.8 27 25
      vertex -6.37643 27 23.79
      vertex -5.8484 27 23.79
    endloop
  endfacet
  facet normal -0.0437595 -0.999042 0.00104189
    outer loop
      vertex -5.8 27 48
      vertex -6.42654 27.0022 23.7949
      vertex -6.37643 27 23.79
    endloop
  endfacet
  facet normal 0.26095 0.828766 -0.495026
    outer loop
      vertex -1.54118 30.7659 0
      vertex -2.28236 45.9319 25
      vertex -1.45797 30.7397 0
    endloop
  endfacet
  facet normal -0.461391 -0.887158 0.00832089
    outer loop
      vertex -6.8 27.2679 48
      vertex -7.08307 27.1921 24.2222
      vertex -7.03978 27.1691 24.1704
    endloop
  endfacet
  facet normal 0.902268 0.373652 -0.215169
    outer loop
      vertex -0.860302 30.142 0
      vertex -0.987377 44.8452 25
      vertex -0.92062 44.684 25
    endloop
  endfacet
  facet normal -0.90226 0.373665 -0.215177
    outer loop
      vertex -7.61262 44.8452 25
      vertex -7.7397 30.142 0
      vertex -7.67938 44.684 25
    endloop
  endfacet
  facet normal -0.93981 0.296345 -0.17011
    outer loop
      vertex -7.67938 44.684 25
      vertex -7.7397 30.142 0
      vertex -7.73185 44.5176 25
    endloop
  endfacet
  facet normal -0.976277 0.216524 0
    outer loop
      vertex -7.76962 44.3473 25
      vertex -7.73185 44.5176 48
      vertex -7.73185 44.5176 25
    endloop
  endfacet
  facet normal -0.976277 0.216524 0
    outer loop
      vertex -7.73185 44.5176 48
      vertex -7.76962 44.3473 25
      vertex -7.76962 44.3473 48
    endloop
  endfacet
  facet normal -0.85711 0.446051 -0.257685
    outer loop
      vertex -7.66603 30.3 0
      vertex -7.70631 30.2226 0
      vertex -7.53205 45 25
    endloop
  endfacet
  facet normal 0.90223 0.37372 -0.215209
    outer loop
      vertex -0.893688 30.2226 0
      vertex -0.987377 44.8452 25
      vertex -0.860302 30.142 0
    endloop
  endfacet
  facet normal 0.923908 0.382614 0
    outer loop
      vertex -0.92062 44.684 48
      vertex -0.987377 44.8452 25
      vertex -0.987377 44.8452 48
    endloop
  endfacet
  facet normal 0.923908 0.382614 0
    outer loop
      vertex -0.987377 44.8452 25
      vertex -0.92062 44.684 48
      vertex -0.92062 44.684 25
    endloop
  endfacet
  facet normal -0.382094 -0.924095 0.00731681
    outer loop
      vertex -6.64523 27.1874 48
      vertex -6.97391 27.134 24.0916
      vertex -6.92854 27.1149 24.0486
    endloop
  endfacet
  facet normal 0.939839 0.296275 -0.17007
    outer loop
      vertex -0.850576 30.8 1.2
      vertex -0.868145 44.5176 25
      vertex -0.835819 30.8 1.28155
    endloop
  endfacet
  facet normal 0.939777 0.296423 -0.170155
    outer loop
      vertex -0.850576 30.8 1.2
      vertex -0.860302 30.142 0
      vertex -0.868145 44.5176 25
    endloop
  endfacet
  facet normal 0.93992 0.296077 -0.169967
    outer loop
      vertex -0.835555 30.6881 1.08814
      vertex -0.860302 30.142 0
      vertex -0.850576 30.8 1.2
    endloop
  endfacet
  facet normal 0.939832 0.296295 -0.170075
    outer loop
      vertex -0.860302 30.142 0
      vertex -0.835555 30.6881 1.08814
      vertex -0.834072 30.0588 0
    endloop
  endfacet
  facet normal 0 -0.923911 0.382607
    outer loop
      vertex -7.8 40.0784 35.0982
      vertex -0.799999 40.2286 35.4609
      vertex -7.8 40.2286 35.4609
    endloop
  endfacet
  facet normal 0 -0.923911 0.382607
    outer loop
      vertex -0.799999 40.2286 35.4609
      vertex -7.8 40.0784 35.0982
      vertex -0.799999 40.0784 35.0982
    endloop
  endfacet
  facet normal 0 0.793286 0.608849
    outer loop
      vertex -0.799999 32.5528 34.1075
      vertex -7.8 32.3138 34.4189
      vertex -0.799999 32.3138 34.4189
    endloop
  endfacet
  facet normal 0 0.793286 0.608849
    outer loop
      vertex -7.8 32.3138 34.4189
      vertex -0.799999 32.5528 34.1075
      vertex -7.8 32.5528 34.1075
    endloop
  endfacet
  facet normal -0 0.0435588 0.999051
    outer loop
      vertex -7.8 36 32.5
      vertex -0.799999 35.6078 32.5171
      vertex -0.799999 36 32.5
    endloop
  endfacet
  facet normal 0 0.0435588 0.999051
    outer loop
      vertex -0.799999 35.6078 32.5171
      vertex -7.8 36 32.5
      vertex -7.8 35.6078 32.5171
    endloop
  endfacet
  facet normal 0 -0.793286 0.608849
    outer loop
      vertex -7.8 39.4472 34.1075
      vertex -0.799999 39.6862 34.4189
      vertex -7.8 39.6862 34.4189
    endloop
  endfacet
  facet normal 0 -0.793286 0.608849
    outer loop
      vertex -0.799999 39.6862 34.4189
      vertex -7.8 39.4472 34.1075
      vertex -0.799999 39.4472 34.1075
    endloop
  endfacet
  facet normal 0 -0.675898 -0.736996
    outer loop
      vertex -7.8 36.1928 43.5298
      vertex -0.799999 36.2121 43.5121
      vertex -0.799999 36.1928 43.5298
    endloop
  endfacet
  facet normal -0 -0.675898 -0.736996
    outer loop
      vertex -0.799999 36.2121 43.5121
      vertex -7.8 36.1928 43.5298
      vertex -7.8 36.2121 43.5121
    endloop
  endfacet
  facet normal 0 0.886971 0.461826
    outer loop
      vertex -0.799999 32.1029 34.75
      vertex -7.8 31.9216 35.0982
      vertex -0.799999 31.9216 35.0982
    endloop
  endfacet
  facet normal 0 0.886971 0.461826
    outer loop
      vertex -7.8 31.9216 35.0982
      vertex -0.799999 32.1029 34.75
      vertex -7.8 32.1029 34.75
    endloop
  endfacet
  facet normal 0 -0.382607 0.923911
    outer loop
      vertex -7.8 37.9018 32.9216
      vertex -0.799999 37.5391 32.7714
      vertex -0.799999 37.9018 32.9216
    endloop
  endfacet
  facet normal 0 -0.382607 0.923911
    outer loop
      vertex -0.799999 37.5391 32.7714
      vertex -7.8 37.9018 32.9216
      vertex -7.8 37.5391 32.7714
    endloop
  endfacet
  facet normal 0 0.737376 0.675482
    outer loop
      vertex -0.799999 32.818 33.818
      vertex -7.8 32.5528 34.1075
      vertex -0.799999 32.5528 34.1075
    endloop
  endfacet
  facet normal 0 0.737376 0.675482
    outer loop
      vertex -7.8 32.5528 34.1075
      vertex -0.799999 32.818 33.818
      vertex -7.8 32.818 33.818
    endloop
  endfacet
  facet normal -0 0.130679 0.991425
    outer loop
      vertex -7.8 35.6078 32.5171
      vertex -0.799999 35.2186 32.5684
      vertex -0.799999 35.6078 32.5171
    endloop
  endfacet
  facet normal 0 0.130679 0.991425
    outer loop
      vertex -0.799999 35.2186 32.5684
      vertex -7.8 35.6078 32.5171
      vertex -7.8 35.2186 32.5684
    endloop
  endfacet
  facet normal 0 0.999051 -0.0435588
    outer loop
      vertex -0.799999 31.5 37
      vertex -7.8 31.5171 37.3922
      vertex -0.799999 31.5171 37.3922
    endloop
  endfacet
  facet normal 0 0.999051 -0.0435588
    outer loop
      vertex -7.8 31.5171 37.3922
      vertex -0.799999 31.5 37
      vertex -7.8 31.5 37
    endloop
  endfacet
  facet normal 0 -0.976337 -0.216256
    outer loop
      vertex -7.8 40.4316 37.7814
      vertex -0.799999 40.3467 38.1647
      vertex -7.8 40.3467 38.1647
    endloop
  endfacet
  facet normal 0 -0.976337 -0.216256
    outer loop
      vertex -0.799999 40.3467 38.1647
      vertex -7.8 40.4316 37.7814
      vertex -0.799999 40.4316 37.7814
    endloop
  endfacet
  facet normal 0 -0.953679 -0.300827
    outer loop
      vertex -7.8 40.3467 38.1647
      vertex -0.799999 40.2286 38.5391
      vertex -7.8 40.2286 38.5391
    endloop
  endfacet
  facet normal 0 -0.953679 -0.300827
    outer loop
      vertex -0.799999 40.2286 38.5391
      vertex -7.8 40.3467 38.1647
      vertex -0.799999 40.3467 38.1647
    endloop
  endfacet
  facet normal 0 -0.999051 -0.0435588
    outer loop
      vertex -7.8 40.5 37
      vertex -0.799999 40.4829 37.3922
      vertex -7.8 40.4829 37.3922
    endloop
  endfacet
  facet normal 0 -0.999051 -0.0435588
    outer loop
      vertex -0.799999 40.4829 37.3922
      vertex -7.8 40.5 37
      vertex -0.799999 40.5 37
    endloop
  endfacet
  facet normal 0 -0.0421082 -0.999113
    outer loop
      vertex -7.8 36 43.6
      vertex -0.799999 36.0261 43.5989
      vertex -0.799999 36 43.6
    endloop
  endfacet
  facet normal -0 -0.0421082 -0.999113
    outer loop
      vertex -0.799999 36.0261 43.5989
      vertex -7.8 36 43.6
      vertex -7.8 36.0261 43.5989
    endloop
  endfacet
  facet normal 0 -0.609155 -0.793051
    outer loop
      vertex -7.8 36.1721 43.5457
      vertex -0.799999 36.1928 43.5298
      vertex -0.799999 36.1721 43.5457
    endloop
  endfacet
  facet normal -0 -0.609155 -0.793051
    outer loop
      vertex -0.799999 36.1928 43.5298
      vertex -7.8 36.1721 43.5457
      vertex -7.8 36.1928 43.5298
    endloop
  endfacet
  facet normal 0 0.991425 0.130679
    outer loop
      vertex -0.799999 31.5684 36.2186
      vertex -7.8 31.5171 36.6078
      vertex -0.799999 31.5171 36.6078
    endloop
  endfacet
  facet normal 0 0.991425 0.130679
    outer loop
      vertex -7.8 31.5171 36.6078
      vertex -0.799999 31.5684 36.2186
      vertex -7.8 31.5684 36.2186
    endloop
  endfacet
  facet normal -0 0.382607 0.923911
    outer loop
      vertex -7.8 34.4609 32.7714
      vertex -0.799999 34.0982 32.9216
      vertex -0.799999 34.4609 32.7714
    endloop
  endfacet
  facet normal 0 0.382607 0.923911
    outer loop
      vertex -0.799999 34.0982 32.9216
      vertex -7.8 34.4609 32.7714
      vertex -7.8 34.0982 32.9216
    endloop
  endfacet
  facet normal 0 0.843431 0.537238
    outer loop
      vertex -0.799999 32.3138 34.4189
      vertex -7.8 32.1029 34.75
      vertex -0.799999 32.1029 34.75
    endloop
  endfacet
  facet normal 0 0.843431 0.537238
    outer loop
      vertex -7.8 32.1029 34.75
      vertex -0.799999 32.3138 34.4189
      vertex -7.8 32.3138 34.4189
    endloop
  endfacet
  facet normal 0 -0.461826 0.886971
    outer loop
      vertex -7.8 38.25 33.1029
      vertex -0.799999 37.9018 32.9216
      vertex -0.799999 38.25 33.1029
    endloop
  endfacet
  facet normal 0 -0.461826 0.886971
    outer loop
      vertex -0.799999 37.9018 32.9216
      vertex -7.8 38.25 33.1029
      vertex -7.8 37.9018 32.9216
    endloop
  endfacet
  facet normal 0 0.793286 -0.608849
    outer loop
      vertex -0.799999 32.3138 39.5811
      vertex -7.8 32.5528 39.8925
      vertex -0.799999 32.5528 39.8925
    endloop
  endfacet
  facet normal 0 0.793286 -0.608849
    outer loop
      vertex -7.8 32.5528 39.8925
      vertex -0.799999 32.3138 39.5811
      vertex -7.8 32.3138 39.5811
    endloop
  endfacet
  facet normal 0 0.736996 -0.675898
    outer loop
      vertex -0.799999 35.7702 43.4928
      vertex -7.8 35.7879 43.5121
      vertex -0.799999 35.7879 43.5121
    endloop
  endfacet
  facet normal 0 0.736996 -0.675898
    outer loop
      vertex -7.8 35.7879 43.5121
      vertex -0.799999 35.7702 43.4928
      vertex -7.8 35.7702 43.4928
    endloop
  endfacet
  facet normal 0 -0.381902 -0.924203
    outer loop
      vertex -7.8 36.1026 43.5819
      vertex -0.799999 36.1268 43.5719
      vertex -0.799999 36.1026 43.5819
    endloop
  endfacet
  facet normal -0 -0.381902 -0.924203
    outer loop
      vertex -0.799999 36.1268 43.5719
      vertex -7.8 36.1026 43.5819
      vertex -7.8 36.1268 43.5719
    endloop
  endfacet
  facet normal 0 0.537862 -0.843033
    outer loop
      vertex -7.8 35.8279 43.5457
      vertex -0.799999 35.85 43.5598
      vertex -0.799999 35.8279 43.5457
    endloop
  endfacet
  facet normal 0 0.537862 -0.843033
    outer loop
      vertex -0.799999 35.85 43.5598
      vertex -7.8 35.8279 43.5457
      vertex -7.8 35.85 43.5598
    endloop
  endfacet
  facet normal 0 0.953679 0.300827
    outer loop
      vertex -0.799999 31.7714 35.4609
      vertex -7.8 31.6533 35.8353
      vertex -0.799999 31.6533 35.8353
    endloop
  endfacet
  facet normal 0 0.953679 0.300827
    outer loop
      vertex -7.8 31.6533 35.8353
      vertex -0.799999 31.7714 35.4609
      vertex -7.8 31.7714 35.4609
    endloop
  endfacet
  facet normal 0 0.953679 -0.300827
    outer loop
      vertex -0.799999 31.6533 38.1647
      vertex -7.8 31.7714 38.5391
      vertex -0.799999 31.7714 38.5391
    endloop
  endfacet
  facet normal 0 0.953679 -0.300827
    outer loop
      vertex -7.8 31.7714 38.5391
      vertex -0.799999 31.6533 38.1647
      vertex -7.8 31.6533 38.1647
    endloop
  endfacet
  facet normal -0 0.608849 0.793286
    outer loop
      vertex -7.8 33.4189 33.3138
      vertex -0.799999 33.1075 33.5528
      vertex -0.799999 33.4189 33.3138
    endloop
  endfacet
  facet normal 0 0.608849 0.793286
    outer loop
      vertex -0.799999 33.1075 33.5528
      vertex -7.8 33.4189 33.3138
      vertex -7.8 33.1075 33.5528
    endloop
  endfacet
  facet normal 0 -0.537238 0.843431
    outer loop
      vertex -7.8 38.5811 33.3138
      vertex -0.799999 38.25 33.1029
      vertex -0.799999 38.5811 33.3138
    endloop
  endfacet
  facet normal 0 -0.537238 0.843431
    outer loop
      vertex -0.799999 38.25 33.1029
      vertex -7.8 38.5811 33.3138
      vertex -7.8 38.25 33.1029
    endloop
  endfacet
  facet normal 0 0.976337 -0.216256
    outer loop
      vertex -0.799999 31.5684 37.7814
      vertex -7.8 31.6533 38.1647
      vertex -0.799999 31.6533 38.1647
    endloop
  endfacet
  facet normal 0 0.976337 -0.216256
    outer loop
      vertex -7.8 31.6533 38.1647
      vertex -0.799999 31.5684 37.7814
      vertex -7.8 31.5684 37.7814
    endloop
  endfacet
  facet normal 0 0.991425 -0.130679
    outer loop
      vertex -0.799999 31.5171 37.3922
      vertex -7.8 31.5684 37.7814
      vertex -0.799999 31.5684 37.7814
    endloop
  endfacet
  facet normal 0 0.991425 -0.130679
    outer loop
      vertex -7.8 31.5684 37.7814
      vertex -0.799999 31.5171 37.3922
      vertex -7.8 31.5171 37.3922
    endloop
  endfacet
  facet normal 0 -0.953679 0.300827
    outer loop
      vertex -7.8 40.2286 35.4609
      vertex -0.799999 40.3467 35.8353
      vertex -7.8 40.3467 35.8353
    endloop
  endfacet
  facet normal 0 -0.953679 0.300827
    outer loop
      vertex -0.799999 40.3467 35.8353
      vertex -7.8 40.2286 35.4609
      vertex -0.799999 40.2286 35.4609
    endloop
  endfacet
  facet normal -0 0.216256 0.976337
    outer loop
      vertex -7.8 35.2186 32.5684
      vertex -0.799999 34.8353 32.6533
      vertex -0.799999 35.2186 32.5684
    endloop
  endfacet
  facet normal 0 0.216256 0.976337
    outer loop
      vertex -0.799999 34.8353 32.6533
      vertex -7.8 35.2186 32.5684
      vertex -7.8 34.8353 32.6533
    endloop
  endfacet
  facet normal 0 -0.843431 -0.537238
    outer loop
      vertex -7.8 39.8971 39.25
      vertex -0.799999 39.6862 39.5811
      vertex -7.8 39.6862 39.5811
    endloop
  endfacet
  facet normal 0 -0.843431 -0.537238
    outer loop
      vertex -0.799999 39.6862 39.5811
      vertex -7.8 39.8971 39.25
      vertex -0.799999 39.8971 39.25
    endloop
  endfacet
  facet normal 0 0.609155 -0.793051
    outer loop
      vertex -7.8 35.8072 43.5298
      vertex -0.799999 35.8279 43.5457
      vertex -0.799999 35.8072 43.5298
    endloop
  endfacet
  facet normal 0 0.609155 -0.793051
    outer loop
      vertex -0.799999 35.8279 43.5457
      vertex -7.8 35.8072 43.5298
      vertex -7.8 35.8279 43.5457
    endloop
  endfacet
  facet normal 0 -0.301314 -0.953525
    outer loop
      vertex -7.8 36.0776 43.5898
      vertex -0.799999 36.1026 43.5819
      vertex -0.799999 36.0776 43.5898
    endloop
  endfacet
  facet normal -0 -0.301314 -0.953525
    outer loop
      vertex -0.799999 36.1026 43.5819
      vertex -7.8 36.0776 43.5898
      vertex -7.8 36.1026 43.5819
    endloop
  endfacet
  facet normal 0 -0.737376 0.675482
    outer loop
      vertex -7.8 39.182 33.818
      vertex -0.799999 39.4472 34.1075
      vertex -7.8 39.4472 34.1075
    endloop
  endfacet
  facet normal 0 -0.737376 0.675482
    outer loop
      vertex -0.799999 39.4472 34.1075
      vertex -7.8 39.182 33.818
      vertex -0.799999 39.182 33.818
    endloop
  endfacet
  facet normal 0 -0.745645 -0.666344
    outer loop
      vertex -7.8 39.4472 39.8925
      vertex -0.799999 36.2298 43.4928
      vertex -7.8 36.2298 43.4928
    endloop
  endfacet
  facet normal 0 -0.745645 -0.666344
    outer loop
      vertex -0.799999 36.2298 43.4928
      vertex -7.8 39.4472 39.8925
      vertex -0.799999 39.4472 39.8925
    endloop
  endfacet
  facet normal 0 -0.886971 -0.461826
    outer loop
      vertex -7.8 40.0784 38.9018
      vertex -0.799999 39.8971 39.25
      vertex -7.8 39.8971 39.25
    endloop
  endfacet
  facet normal 0 -0.886971 -0.461826
    outer loop
      vertex -0.799999 39.8971 39.25
      vertex -7.8 40.0784 38.9018
      vertex -0.799999 40.0784 38.9018
    endloop
  endfacet
  facet normal 0 0.923911 -0.382607
    outer loop
      vertex -0.799999 31.7714 38.5391
      vertex -7.8 31.9216 38.9018
      vertex -0.799999 31.9216 38.9018
    endloop
  endfacet
  facet normal 0 0.923911 -0.382607
    outer loop
      vertex -7.8 31.9216 38.9018
      vertex -0.799999 31.7714 38.5391
      vertex -7.8 31.7714 38.5391
    endloop
  endfacet
  facet normal 0 0.745645 -0.666344
    outer loop
      vertex -0.799999 32.5528 39.8925
      vertex -7.8 35.7702 43.4928
      vertex -0.799999 35.7702 43.4928
    endloop
  endfacet
  facet normal 0 0.745645 -0.666344
    outer loop
      vertex -7.8 35.7702 43.4928
      vertex -0.799999 32.5528 39.8925
      vertex -7.8 32.5528 39.8925
    endloop
  endfacet
  facet normal 0 0.886971 -0.461826
    outer loop
      vertex -0.799999 31.9216 38.9018
      vertex -7.8 32.1029 39.25
      vertex -0.799999 32.1029 39.25
    endloop
  endfacet
  facet normal 0 0.886971 -0.461826
    outer loop
      vertex -7.8 32.1029 39.25
      vertex -0.799999 31.9216 38.9018
      vertex -7.8 31.9216 38.9018
    endloop
  endfacet
  facet normal 0 -0.216256 0.976337
    outer loop
      vertex -7.8 37.1647 32.6533
      vertex -0.799999 36.7814 32.5684
      vertex -0.799999 37.1647 32.6533
    endloop
  endfacet
  facet normal 0 -0.216256 0.976337
    outer loop
      vertex -0.799999 36.7814 32.5684
      vertex -7.8 37.1647 32.6533
      vertex -7.8 36.7814 32.5684
    endloop
  endfacet
  facet normal -0 0.300827 0.953679
    outer loop
      vertex -7.8 34.8353 32.6533
      vertex -0.799999 34.4609 32.7714
      vertex -0.799999 34.8353 32.6533
    endloop
  endfacet
  facet normal 0 0.300827 0.953679
    outer loop
      vertex -0.799999 34.4609 32.7714
      vertex -7.8 34.8353 32.6533
      vertex -7.8 34.4609 32.7714
    endloop
  endfacet
  facet normal 0 -0.214496 -0.976725
    outer loop
      vertex -7.8 36.0521 43.5954
      vertex -0.799999 36.0776 43.5898
      vertex -0.799999 36.0521 43.5954
    endloop
  endfacet
  facet normal -0 -0.214496 -0.976725
    outer loop
      vertex -0.799999 36.0776 43.5898
      vertex -7.8 36.0521 43.5954
      vertex -7.8 36.0776 43.5898
    endloop
  endfacet
  facet normal 0 0.843431 -0.537238
    outer loop
      vertex -0.799999 32.1029 39.25
      vertex -7.8 32.3138 39.5811
      vertex -0.799999 32.3138 39.5811
    endloop
  endfacet
  facet normal 0 0.843431 -0.537238
    outer loop
      vertex -7.8 32.3138 39.5811
      vertex -0.799999 32.1029 39.25
      vertex -7.8 32.1029 39.25
    endloop
  endfacet
  facet normal 0 -0.736996 -0.675898
    outer loop
      vertex -7.8 36.2298 43.4928
      vertex -0.799999 36.2121 43.5121
      vertex -7.8 36.2121 43.5121
    endloop
  endfacet
  facet normal 0 -0.736996 -0.675898
    outer loop
      vertex -0.799999 36.2121 43.5121
      vertex -7.8 36.2298 43.4928
      vertex -0.799999 36.2298 43.4928
    endloop
  endfacet
  facet normal 0 -0.608849 0.793286
    outer loop
      vertex -7.8 38.8925 33.5528
      vertex -0.799999 38.5811 33.3138
      vertex -0.799999 38.8925 33.5528
    endloop
  endfacet
  facet normal 0 -0.608849 0.793286
    outer loop
      vertex -0.799999 38.5811 33.3138
      vertex -7.8 38.8925 33.5528
      vertex -7.8 38.5811 33.3138
    endloop
  endfacet
  facet normal 0 -0.133412 -0.991061
    outer loop
      vertex -7.8 36.0261 43.5989
      vertex -0.799999 36.0521 43.5954
      vertex -0.799999 36.0261 43.5989
    endloop
  endfacet
  facet normal -0 -0.133412 -0.991061
    outer loop
      vertex -0.799999 36.0521 43.5954
      vertex -7.8 36.0261 43.5989
      vertex -7.8 36.0521 43.5954
    endloop
  endfacet
  facet normal 0 -0.793286 -0.608849
    outer loop
      vertex -7.8 39.6862 39.5811
      vertex -0.799999 39.4472 39.8925
      vertex -7.8 39.4472 39.8925
    endloop
  endfacet
  facet normal 0 -0.793286 -0.608849
    outer loop
      vertex -0.799999 39.4472 39.8925
      vertex -7.8 39.6862 39.5811
      vertex -0.799999 39.6862 39.5811
    endloop
  endfacet
  facet normal -0 0.675482 0.737376
    outer loop
      vertex -7.8 33.1075 33.5528
      vertex -0.799999 32.818 33.818
      vertex -0.799999 33.1075 33.5528
    endloop
  endfacet
  facet normal 0 0.675482 0.737376
    outer loop
      vertex -0.799999 32.818 33.818
      vertex -7.8 33.1075 33.5528
      vertex -7.8 32.818 33.818
    endloop
  endfacet
  facet normal 0 -0.991425 0.130679
    outer loop
      vertex -7.8 40.4316 36.2186
      vertex -0.799999 40.4829 36.6078
      vertex -7.8 40.4829 36.6078
    endloop
  endfacet
  facet normal 0 -0.991425 0.130679
    outer loop
      vertex -0.799999 40.4829 36.6078
      vertex -7.8 40.4316 36.2186
      vertex -0.799999 40.4316 36.2186
    endloop
  endfacet
  facet normal 0 0.923911 0.382607
    outer loop
      vertex -0.799999 31.9216 35.0982
      vertex -7.8 31.7714 35.4609
      vertex -0.799999 31.7714 35.4609
    endloop
  endfacet
  facet normal 0 0.923911 0.382607
    outer loop
      vertex -7.8 31.7714 35.4609
      vertex -0.799999 31.9216 35.0982
      vertex -7.8 31.9216 35.0982
    endloop
  endfacet
  facet normal 0 -0.130679 0.991425
    outer loop
      vertex -7.8 36.7814 32.5684
      vertex -0.799999 36.3922 32.5171
      vertex -0.799999 36.7814 32.5684
    endloop
  endfacet
  facet normal 0 -0.130679 0.991425
    outer loop
      vertex -0.799999 36.3922 32.5171
      vertex -7.8 36.7814 32.5684
      vertex -7.8 36.3922 32.5171
    endloop
  endfacet
  facet normal 0 -0.976337 0.216256
    outer loop
      vertex -7.8 40.3467 35.8353
      vertex -0.799999 40.4316 36.2186
      vertex -7.8 40.4316 36.2186
    endloop
  endfacet
  facet normal 0 -0.976337 0.216256
    outer loop
      vertex -0.799999 40.4316 36.2186
      vertex -7.8 40.3467 35.8353
      vertex -0.799999 40.3467 35.8353
    endloop
  endfacet
  facet normal 0 -0.991425 -0.130679
    outer loop
      vertex -7.8 40.4829 37.3922
      vertex -0.799999 40.4316 37.7814
      vertex -7.8 40.4316 37.7814
    endloop
  endfacet
  facet normal 0 -0.991425 -0.130679
    outer loop
      vertex -0.799999 40.4316 37.7814
      vertex -7.8 40.4829 37.3922
      vertex -0.799999 40.4829 37.3922
    endloop
  endfacet
  facet normal 0 -0.0435588 0.999051
    outer loop
      vertex -7.8 36.3922 32.5171
      vertex -0.799999 36 32.5
      vertex -0.799999 36.3922 32.5171
    endloop
  endfacet
  facet normal 0 -0.0435588 0.999051
    outer loop
      vertex -0.799999 36 32.5
      vertex -7.8 36.3922 32.5171
      vertex -7.8 36 32.5
    endloop
  endfacet
  facet normal 0 0.999051 0.0435588
    outer loop
      vertex -0.799999 31.5171 36.6078
      vertex -7.8 31.5 37
      vertex -0.799999 31.5 37
    endloop
  endfacet
  facet normal 0 0.999051 0.0435588
    outer loop
      vertex -7.8 31.5 37
      vertex -0.799999 31.5171 36.6078
      vertex -7.8 31.5171 36.6078
    endloop
  endfacet
  facet normal 0 0.301314 -0.953525
    outer loop
      vertex -7.8 35.8974 43.5819
      vertex -0.799999 35.9224 43.5898
      vertex -0.799999 35.8974 43.5819
    endloop
  endfacet
  facet normal 0 0.301314 -0.953525
    outer loop
      vertex -0.799999 35.9224 43.5898
      vertex -7.8 35.8974 43.5819
      vertex -7.8 35.9224 43.5898
    endloop
  endfacet
  facet normal 0 0.0421082 -0.999113
    outer loop
      vertex -7.8 35.9739 43.5989
      vertex -0.799999 36 43.6
      vertex -0.799999 35.9739 43.5989
    endloop
  endfacet
  facet normal 0 0.0421082 -0.999113
    outer loop
      vertex -0.799999 36 43.6
      vertex -7.8 35.9739 43.5989
      vertex -7.8 36 43.6
    endloop
  endfacet
  facet normal 0 0.133412 -0.991061
    outer loop
      vertex -7.8 35.9479 43.5954
      vertex -0.799999 35.9739 43.5989
      vertex -0.799999 35.9479 43.5954
    endloop
  endfacet
  facet normal 0 0.133412 -0.991061
    outer loop
      vertex -0.799999 35.9739 43.5989
      vertex -7.8 35.9479 43.5954
      vertex -7.8 35.9739 43.5989
    endloop
  endfacet
  facet normal -0 0.537238 0.843431
    outer loop
      vertex -7.8 33.75 33.1029
      vertex -0.799999 33.4189 33.3138
      vertex -0.799999 33.75 33.1029
    endloop
  endfacet
  facet normal 0 0.537238 0.843431
    outer loop
      vertex -0.799999 33.4189 33.3138
      vertex -7.8 33.75 33.1029
      vertex -7.8 33.4189 33.3138
    endloop
  endfacet
  facet normal 0 -0.999051 0.0435588
    outer loop
      vertex -7.8 40.4829 36.6078
      vertex -0.799999 40.5 37
      vertex -7.8 40.5 37
    endloop
  endfacet
  facet normal 0 -0.999051 0.0435588
    outer loop
      vertex -0.799999 40.5 37
      vertex -7.8 40.4829 36.6078
      vertex -0.799999 40.4829 36.6078
    endloop
  endfacet
  facet normal -0 0.461826 0.886971
    outer loop
      vertex -7.8 34.0982 32.9216
      vertex -0.799999 33.75 33.1029
      vertex -0.799999 34.0982 32.9216
    endloop
  endfacet
  facet normal 0 0.461826 0.886971
    outer loop
      vertex -0.799999 33.75 33.1029
      vertex -7.8 34.0982 32.9216
      vertex -7.8 33.75 33.1029
    endloop
  endfacet
  facet normal 0 -0.462435 -0.886653
    outer loop
      vertex -7.8 36.1268 43.5719
      vertex -0.799999 36.15 43.5598
      vertex -0.799999 36.1268 43.5719
    endloop
  endfacet
  facet normal -0 -0.462435 -0.886653
    outer loop
      vertex -0.799999 36.15 43.5598
      vertex -7.8 36.1268 43.5719
      vertex -7.8 36.15 43.5598
    endloop
  endfacet
  facet normal 0 -0.923911 -0.382607
    outer loop
      vertex -7.8 40.2286 38.5391
      vertex -0.799999 40.0784 38.9018
      vertex -7.8 40.0784 38.9018
    endloop
  endfacet
  facet normal 0 -0.923911 -0.382607
    outer loop
      vertex -0.799999 40.0784 38.9018
      vertex -7.8 40.2286 38.5391
      vertex -0.799999 40.2286 38.5391
    endloop
  endfacet
  facet normal 0 -0.300827 0.953679
    outer loop
      vertex -7.8 37.5391 32.7714
      vertex -0.799999 37.1647 32.6533
      vertex -0.799999 37.5391 32.7714
    endloop
  endfacet
  facet normal 0 -0.300827 0.953679
    outer loop
      vertex -0.799999 37.1647 32.6533
      vertex -7.8 37.5391 32.7714
      vertex -7.8 37.1647 32.6533
    endloop
  endfacet
  facet normal 0 0.214496 -0.976725
    outer loop
      vertex -7.8 35.9224 43.5898
      vertex -0.799999 35.9479 43.5954
      vertex -0.799999 35.9224 43.5898
    endloop
  endfacet
  facet normal 0 0.214496 -0.976725
    outer loop
      vertex -0.799999 35.9479 43.5954
      vertex -7.8 35.9224 43.5898
      vertex -7.8 35.9479 43.5954
    endloop
  endfacet
  facet normal 0 0.675898 -0.736996
    outer loop
      vertex -7.8 35.7879 43.5121
      vertex -0.799999 35.8072 43.5298
      vertex -0.799999 35.7879 43.5121
    endloop
  endfacet
  facet normal 0 0.675898 -0.736996
    outer loop
      vertex -0.799999 35.8072 43.5298
      vertex -7.8 35.7879 43.5121
      vertex -7.8 35.8072 43.5298
    endloop
  endfacet
  facet normal 0 -0.886971 0.461826
    outer loop
      vertex -7.8 39.8971 34.75
      vertex -0.799999 40.0784 35.0982
      vertex -7.8 40.0784 35.0982
    endloop
  endfacet
  facet normal 0 -0.886971 0.461826
    outer loop
      vertex -0.799999 40.0784 35.0982
      vertex -7.8 39.8971 34.75
      vertex -0.799999 39.8971 34.75
    endloop
  endfacet
  facet normal 0 -0.675482 0.737376
    outer loop
      vertex -7.8 39.182 33.818
      vertex -0.799999 38.8925 33.5528
      vertex -0.799999 39.182 33.818
    endloop
  endfacet
  facet normal 0 -0.675482 0.737376
    outer loop
      vertex -0.799999 38.8925 33.5528
      vertex -7.8 39.182 33.818
      vertex -7.8 38.8925 33.5528
    endloop
  endfacet
  facet normal 0 0.381902 -0.924203
    outer loop
      vertex -7.8 35.8732 43.5719
      vertex -0.799999 35.8974 43.5819
      vertex -0.799999 35.8732 43.5719
    endloop
  endfacet
  facet normal 0 0.381902 -0.924203
    outer loop
      vertex -0.799999 35.8974 43.5819
      vertex -7.8 35.8732 43.5719
      vertex -7.8 35.8974 43.5819
    endloop
  endfacet
  facet normal 0 0.462435 -0.886653
    outer loop
      vertex -7.8 35.85 43.5598
      vertex -0.799999 35.8732 43.5719
      vertex -0.799999 35.85 43.5598
    endloop
  endfacet
  facet normal 0 0.462435 -0.886653
    outer loop
      vertex -0.799999 35.8732 43.5719
      vertex -7.8 35.85 43.5598
      vertex -7.8 35.8732 43.5719
    endloop
  endfacet
  facet normal 0 0.976337 0.216256
    outer loop
      vertex -0.799999 31.6533 35.8353
      vertex -7.8 31.5684 36.2186
      vertex -0.799999 31.5684 36.2186
    endloop
  endfacet
  facet normal 0 0.976337 0.216256
    outer loop
      vertex -7.8 31.5684 36.2186
      vertex -0.799999 31.6533 35.8353
      vertex -7.8 31.6533 35.8353
    endloop
  endfacet
  facet normal 0 -0.537862 -0.843033
    outer loop
      vertex -7.8 36.15 43.5598
      vertex -0.799999 36.1721 43.5457
      vertex -0.799999 36.15 43.5598
    endloop
  endfacet
  facet normal -0 -0.537862 -0.843033
    outer loop
      vertex -0.799999 36.1721 43.5457
      vertex -7.8 36.15 43.5598
      vertex -7.8 36.1721 43.5457
    endloop
  endfacet
  facet normal 0 -0.843431 0.537238
    outer loop
      vertex -7.8 39.6862 34.4189
      vertex -0.799999 39.8971 34.75
      vertex -7.8 39.8971 34.75
    endloop
  endfacet
  facet normal 0 -0.843431 0.537238
    outer loop
      vertex -0.799999 39.8971 34.75
      vertex -7.8 39.6862 34.4189
      vertex -0.799999 39.6862 34.4189
    endloop
  endfacet
  facet normal 0 0 -1
    outer loop
      vertex -38 -27.8 22.3
      vertex -35.5 -27 22.3
      vertex -35.5 -27.8 22.3
    endloop
  endfacet
  facet normal 0 0 -1
    outer loop
      vertex -38 -27.8 22.3
      vertex -38 -27 22.3
      vertex -35.5 -27 22.3
    endloop
  endfacet
  facet normal 0 0 -1
    outer loop
      vertex -38 -27.8 22.3
      vertex -38.5665 -26.9753 22.3
      vertex -38 -27 22.3
    endloop
  endfacet
  facet normal 0 0 -1
    outer loop
      vertex -38.6362 -27.7722 22.3
      vertex -38.5665 -26.9753 22.3
      vertex -38 -27.8 22.3
    endloop
  endfacet
  facet normal 0 0 -1
    outer loop
      vertex -38.6362 -27.7722 22.3
      vertex -39.1287 -26.9012 22.3
      vertex -38.5665 -26.9753 22.3
    endloop
  endfacet
  facet normal 0 0 -1
    outer loop
      vertex -39.2676 -27.6891 22.3
      vertex -39.1287 -26.9012 22.3
      vertex -38.6362 -27.7722 22.3
    endloop
  endfacet
  facet normal 0 0 -1
    outer loop
      vertex -39.2676 -27.6891 22.3
      vertex -39.6823 -26.7785 22.3
      vertex -39.1287 -26.9012 22.3
    endloop
  endfacet
  facet normal 0 0 -1
    outer loop
      vertex -39.8894 -27.5513 22.3
      vertex -39.6823 -26.7785 22.3
      vertex -39.2676 -27.6891 22.3
    endloop
  endfacet
  facet normal 0 0 -1
    outer loop
      vertex -39.8894 -27.5513 22.3
      vertex -40.2231 -26.608 22.3
      vertex -39.6823 -26.7785 22.3
    endloop
  endfacet
  facet normal 0 0 -1
    outer loop
      vertex -40.4967 -27.3598 22.3
      vertex -40.2231 -26.608 22.3
      vertex -39.8894 -27.5513 22.3
    endloop
  endfacet
  facet normal 0 0 -1
    outer loop
      vertex -40.4967 -27.3598 22.3
      vertex -40.747 -26.391 22.3
      vertex -40.2231 -26.608 22.3
    endloop
  endfacet
  facet normal 0 0 -1
    outer loop
      vertex -41.0851 -27.116 22.3
      vertex -40.747 -26.391 22.3
      vertex -40.4967 -27.3598 22.3
    endloop
  endfacet
  facet normal 0 0 -1
    outer loop
      vertex -41.0851 -27.116 22.3
      vertex -41.25 -26.1292 22.3
      vertex -40.747 -26.391 22.3
    endloop
  endfacet
  facet normal 0 0 -1
    outer loop
      vertex -41.65 -26.822 22.3
      vertex -41.25 -26.1292 22.3
      vertex -41.0851 -27.116 22.3
    endloop
  endfacet
  facet normal 0 0 -1
    outer loop
      vertex -41.65 -26.822 22.3
      vertex -41.7282 -25.8245 22.3
      vertex -41.25 -26.1292 22.3
    endloop
  endfacet
  facet normal 0 0 -1
    outer loop
      vertex -42.1871 -26.4798 22.3
      vertex -41.7282 -25.8245 22.3
      vertex -41.65 -26.822 22.3
    endloop
  endfacet
  facet normal -0 0 -1
    outer loop
      vertex -41.7282 -25.8245 22.3
      vertex -42.1871 -26.4798 22.3
      vertex -42.1781 -25.4793 22.3
    endloop
  endfacet
  facet normal 0 0 -1
    outer loop
      vertex -42.6924 -26.0921 22.3
      vertex -42.1781 -25.4793 22.3
      vertex -42.1871 -26.4798 22.3
    endloop
  endfacet
  facet normal -0 0 -1
    outer loop
      vertex -42.1781 -25.4793 22.3
      vertex -42.6924 -26.0921 22.3
      vertex -42.5962 -25.0962 22.3
    endloop
  endfacet
  facet normal 0 0 -1
    outer loop
      vertex -43.1619 -25.6619 22.3
      vertex -42.5962 -25.0962 22.3
      vertex -42.6924 -26.0921 22.3
    endloop
  endfacet
  facet normal -0 0 -1
    outer loop
      vertex -42.5962 -25.0962 22.3
      vertex -43.1619 -25.6619 22.3
      vertex -42.9793 -24.6781 22.3
    endloop
  endfacet
  facet normal 0 0 -1
    outer loop
      vertex -43.5921 -25.1924 22.3
      vertex -42.9793 -24.6781 22.3
      vertex -43.1619 -25.6619 22.3
    endloop
  endfacet
  facet normal -0 0 -1
    outer loop
      vertex -42.9793 -24.6781 22.3
      vertex -43.5921 -25.1924 22.3
      vertex -43.3245 -24.2282 22.3
    endloop
  endfacet
  facet normal 0 0 -1
    outer loop
      vertex -43.9798 -24.6871 22.3
      vertex -43.3245 -24.2282 22.3
      vertex -43.5921 -25.1924 22.3
    endloop
  endfacet
  facet normal -0 0 -1
    outer loop
      vertex -43.3245 -24.2282 22.3
      vertex -43.9798 -24.6871 22.3
      vertex -43.6292 -23.75 22.3
    endloop
  endfacet
  facet normal 0 0 -1
    outer loop
      vertex -44.322 -24.15 22.3
      vertex -43.6292 -23.75 22.3
      vertex -43.9798 -24.6871 22.3
    endloop
  endfacet
  facet normal -0 0 -1
    outer loop
      vertex -43.6292 -23.75 22.3
      vertex -44.322 -24.15 22.3
      vertex -43.891 -23.247 22.3
    endloop
  endfacet
  facet normal 0 0 -1
    outer loop
      vertex -44.616 -23.5851 22.3
      vertex -43.891 -23.247 22.3
      vertex -44.322 -24.15 22.3
    endloop
  endfacet
  facet normal -0 0 -1
    outer loop
      vertex -43.891 -23.247 22.3
      vertex -44.616 -23.5851 22.3
      vertex -44.108 -22.7231 22.3
    endloop
  endfacet
  facet normal 0 0 -1
    outer loop
      vertex -44.8598 -22.9967 22.3
      vertex -44.108 -22.7231 22.3
      vertex -44.616 -23.5851 22.3
    endloop
  endfacet
  facet normal -0 0 -1
    outer loop
      vertex -44.108 -22.7231 22.3
      vertex -44.8598 -22.9967 22.3
      vertex -44.2785 -22.1823 22.3
    endloop
  endfacet
  facet normal 0 0 -1
    outer loop
      vertex -45.0513 -22.3894 22.3
      vertex -44.2785 -22.1823 22.3
      vertex -44.8598 -22.9967 22.3
    endloop
  endfacet
  facet normal -0 0 -1
    outer loop
      vertex -44.2785 -22.1823 22.3
      vertex -45.0513 -22.3894 22.3
      vertex -44.4012 -21.6287 22.3
    endloop
  endfacet
  facet normal 0 0 -1
    outer loop
      vertex -45.1891 -21.7676 22.3
      vertex -44.4012 -21.6287 22.3
      vertex -45.0513 -22.3894 22.3
    endloop
  endfacet
  facet normal -0 0 -1
    outer loop
      vertex -44.4012 -21.6287 22.3
      vertex -45.1891 -21.7676 22.3
      vertex -44.4753 -21.0665 22.3
    endloop
  endfacet
  facet normal 0 0 -1
    outer loop
      vertex -45.2722 -21.1362 22.3
      vertex -44.4753 -21.0665 22.3
      vertex -45.1891 -21.7676 22.3
    endloop
  endfacet
  facet normal -0 0 -1
    outer loop
      vertex -44.4753 -21.0665 22.3
      vertex -45.2722 -21.1362 22.3
      vertex -44.5 -20.5 22.3
    endloop
  endfacet
  facet normal -0 0 -1
    outer loop
      vertex -44.5 -20.5 22.3
      vertex -45.2722 -21.1362 22.3
      vertex -45.3 -20.5 22.3
    endloop
  endfacet
  facet normal 0 0 -1
    outer loop
      vertex -44.5 -20.5 22.3
      vertex -45.3 -20.5 22.3
      vertex -44.5 -3 22.3
    endloop
  endfacet
  facet normal -0 0 -1
    outer loop
      vertex -44.5 -3 22.3
      vertex -45.3 -20.5 22.3
      vertex -45.3 -3 22.3
    endloop
  endfacet
  facet normal 0 0 -1
    outer loop
      vertex -29.5 -27.8 22.3
      vertex 29.5 -27 22.3
      vertex 29.5 -27.8 22.3
    endloop
  endfacet
  facet normal -0 0 -1
    outer loop
      vertex 29.5 -27 22.3
      vertex -29.5 -27.8 22.3
      vertex -29.5 -27 22.3
    endloop
  endfacet
  facet normal 0 0 -1
    outer loop
      vertex 45.2722 -21.1362 22.3
      vertex 44.4753 -21.0665 22.3
      vertex 44.5 -20.5 22.3
    endloop
  endfacet
  facet normal 0 0 -1
    outer loop
      vertex 44.8598 -22.9967 22.3
      vertex 44.4012 -21.6287 22.3
      vertex 44.4753 -21.0665 22.3
    endloop
  endfacet
  facet normal 0 0 -1
    outer loop
      vertex 43.891 -23.247 22.3
      vertex 44.616 -23.5851 22.3
      vertex 44.322 -24.15 22.3
    endloop
  endfacet
  facet normal 0 0 -1
    outer loop
      vertex 44.8598 -22.9967 22.3
      vertex 44.2785 -22.1823 22.3
      vertex 44.4012 -21.6287 22.3
    endloop
  endfacet
  facet normal 0 0 -1
    outer loop
      vertex 44.8598 -22.9967 22.3
      vertex 44.108 -22.7231 22.3
      vertex 44.2785 -22.1823 22.3
    endloop
  endfacet
  facet normal 0 0 -1
    outer loop
      vertex 43.6292 -23.75 22.3
      vertex 44.322 -24.15 22.3
      vertex 43.9798 -24.6871 22.3
    endloop
  endfacet
  facet normal 0 0 -1
    outer loop
      vertex 44.616 -23.5851 22.3
      vertex 43.891 -23.247 22.3
      vertex 44.108 -22.7231 22.3
    endloop
  endfacet
  facet normal 0 0 -1
    outer loop
      vertex 44.322 -24.15 22.3
      vertex 43.6292 -23.75 22.3
      vertex 43.891 -23.247 22.3
    endloop
  endfacet
  facet normal 0 0 -1
    outer loop
      vertex 43.3245 -24.2282 22.3
      vertex 43.9798 -24.6871 22.3
      vertex 43.5921 -25.1924 22.3
    endloop
  endfacet
  facet normal 0 0 -1
    outer loop
      vertex 43.9798 -24.6871 22.3
      vertex 43.3245 -24.2282 22.3
      vertex 43.6292 -23.75 22.3
    endloop
  endfacet
  facet normal 0 0 -1
    outer loop
      vertex 42.9793 -24.6781 22.3
      vertex 43.5921 -25.1924 22.3
      vertex 43.1619 -25.6619 22.3
    endloop
  endfacet
  facet normal 0 0 -1
    outer loop
      vertex 43.5921 -25.1924 22.3
      vertex 42.9793 -24.6781 22.3
      vertex 43.3245 -24.2282 22.3
    endloop
  endfacet
  facet normal 0 0 -1
    outer loop
      vertex 42.5962 -25.0962 22.3
      vertex 43.1619 -25.6619 22.3
      vertex 42.6924 -26.0921 22.3
    endloop
  endfacet
  facet normal 0 0 -1
    outer loop
      vertex 43.1619 -25.6619 22.3
      vertex 42.5962 -25.0962 22.3
      vertex 42.9793 -24.6781 22.3
    endloop
  endfacet
  facet normal 0 0 -1
    outer loop
      vertex 42.1781 -25.4793 22.3
      vertex 42.6924 -26.0921 22.3
      vertex 42.1871 -26.4798 22.3
    endloop
  endfacet
  facet normal 0 0 -1
    outer loop
      vertex 42.6924 -26.0921 22.3
      vertex 42.1781 -25.4793 22.3
      vertex 42.5962 -25.0962 22.3
    endloop
  endfacet
  facet normal 0 0 -1
    outer loop
      vertex 42.1871 -26.4798 22.3
      vertex 41.7282 -25.8245 22.3
      vertex 42.1781 -25.4793 22.3
    endloop
  endfacet
  facet normal 0 0 -1
    outer loop
      vertex 41.65 -26.822 22.3
      vertex 41.7282 -25.8245 22.3
      vertex 42.1871 -26.4798 22.3
    endloop
  endfacet
  facet normal 0 0 -1
    outer loop
      vertex 41.65 -26.822 22.3
      vertex 41.25 -26.1292 22.3
      vertex 41.7282 -25.8245 22.3
    endloop
  endfacet
  facet normal 0 0 -1
    outer loop
      vertex 41.0851 -27.116 22.3
      vertex 41.25 -26.1292 22.3
      vertex 41.65 -26.822 22.3
    endloop
  endfacet
  facet normal 0 0 -1
    outer loop
      vertex 41.0851 -27.116 22.3
      vertex 40.747 -26.391 22.3
      vertex 41.25 -26.1292 22.3
    endloop
  endfacet
  facet normal 0 0 -1
    outer loop
      vertex 40.4967 -27.3598 22.3
      vertex 40.747 -26.391 22.3
      vertex 41.0851 -27.116 22.3
    endloop
  endfacet
  facet normal 0 0 -1
    outer loop
      vertex 40.4967 -27.3598 22.3
      vertex 40.2231 -26.608 22.3
      vertex 40.747 -26.391 22.3
    endloop
  endfacet
  facet normal 0 0 -1
    outer loop
      vertex 39.8894 -27.5513 22.3
      vertex 40.2231 -26.608 22.3
      vertex 40.4967 -27.3598 22.3
    endloop
  endfacet
  facet normal 0 0 -1
    outer loop
      vertex 39.8894 -27.5513 22.3
      vertex 39.6823 -26.7785 22.3
      vertex 40.2231 -26.608 22.3
    endloop
  endfacet
  facet normal 0 0 -1
    outer loop
      vertex 39.2676 -27.6891 22.3
      vertex 39.6823 -26.7785 22.3
      vertex 39.8894 -27.5513 22.3
    endloop
  endfacet
  facet normal 0 0 -1
    outer loop
      vertex 39.2676 -27.6891 22.3
      vertex 39.1287 -26.9012 22.3
      vertex 39.6823 -26.7785 22.3
    endloop
  endfacet
  facet normal 0 0 -1
    outer loop
      vertex 38.6362 -27.7722 22.3
      vertex 39.1287 -26.9012 22.3
      vertex 39.2676 -27.6891 22.3
    endloop
  endfacet
  facet normal 0 0 -1
    outer loop
      vertex 38.6362 -27.7722 22.3
      vertex 38.5665 -26.9753 22.3
      vertex 39.1287 -26.9012 22.3
    endloop
  endfacet
  facet normal 0 0 -1
    outer loop
      vertex 38 -27.8 22.3
      vertex 38.5665 -26.9753 22.3
      vertex 38.6362 -27.7722 22.3
    endloop
  endfacet
  facet normal 0 0 -1
    outer loop
      vertex 38 -27.8 22.3
      vertex 38 -27 22.3
      vertex 38.5665 -26.9753 22.3
    endloop
  endfacet
  facet normal 0 0 -1
    outer loop
      vertex 35.5 -27.8 22.3
      vertex 38 -27 22.3
      vertex 38 -27.8 22.3
    endloop
  endfacet
  facet normal -0 0 -1
    outer loop
      vertex 38 -27 22.3
      vertex 35.5 -27.8 22.3
      vertex 35.5 -27 22.3
    endloop
  endfacet
  facet normal 0 0 -1
    outer loop
      vertex 44.5 -20.5 22.3
      vertex 45.3 -20.5 22.3
      vertex 45.2722 -21.1362 22.3
    endloop
  endfacet
  facet normal 0 0 -1
    outer loop
      vertex 44.4753 -21.0665 22.3
      vertex 45.2722 -21.1362 22.3
      vertex 45.1891 -21.7676 22.3
    endloop
  endfacet
  facet normal 0 0 -1
    outer loop
      vertex 44.4753 -21.0665 22.3
      vertex 45.1891 -21.7676 22.3
      vertex 45.0513 -22.3894 22.3
    endloop
  endfacet
  facet normal 0 0 -1
    outer loop
      vertex 44.4753 -21.0665 22.3
      vertex 45.0513 -22.3894 22.3
      vertex 44.8598 -22.9967 22.3
    endloop
  endfacet
  facet normal 0 0 -1
    outer loop
      vertex 44.108 -22.7231 22.3
      vertex 44.8598 -22.9967 22.3
      vertex 44.616 -23.5851 22.3
    endloop
  endfacet
  facet normal 0 0 -1
    outer loop
      vertex 45.3 -20.5 22.3
      vertex 44.5 -20.5 22.3
      vertex 45.3 -3 22.3
    endloop
  endfacet
  facet normal -0 0 -1
    outer loop
      vertex 45.3 -3 22.3
      vertex 44.5 -20.5 22.3
      vertex 44.5 -3 22.3
    endloop
  endfacet
  facet normal 0 0 -1
    outer loop
      vertex 44.5 20.5 22.3
      vertex 45.3 20.5 22.3
      vertex 45.3 3 22.3
    endloop
  endfacet
  facet normal 0 0 -1
    outer loop
      vertex 45.3 20.5 22.3
      vertex 44.5 20.5 22.3
      vertex 45.2722 21.1362 22.3
    endloop
  endfacet
  facet normal 0 0 -1
    outer loop
      vertex 44.4753 21.0665 22.3
      vertex 45.2722 21.1362 22.3
      vertex 44.5 20.5 22.3
    endloop
  endfacet
  facet normal -0 0 -1
    outer loop
      vertex 45.2722 21.1362 22.3
      vertex 44.4753 21.0665 22.3
      vertex 45.1891 21.7676 22.3
    endloop
  endfacet
  facet normal 0 0 -1
    outer loop
      vertex 44.4012 21.6287 22.3
      vertex 45.1891 21.7676 22.3
      vertex 44.4753 21.0665 22.3
    endloop
  endfacet
  facet normal 0 0 -1
    outer loop
      vertex 44.5 20.5 22.3
      vertex 45.3 3 22.3
      vertex 44.5 3 22.3
    endloop
  endfacet
  facet normal -0 0 -1
    outer loop
      vertex 45.1891 21.7676 22.3
      vertex 44.4012 21.6287 22.3
      vertex 45.0513 22.3894 22.3
    endloop
  endfacet
  facet normal 0 0 -1
    outer loop
      vertex 44.2785 22.1823 22.3
      vertex 45.0513 22.3894 22.3
      vertex 44.4012 21.6287 22.3
    endloop
  endfacet
  facet normal -0 0 -1
    outer loop
      vertex 45.0513 22.3894 22.3
      vertex 44.2785 22.1823 22.3
      vertex 44.8598 22.9967 22.3
    endloop
  endfacet
  facet normal 0 0 -1
    outer loop
      vertex 44.108 22.7231 22.3
      vertex 44.8598 22.9967 22.3
      vertex 44.2785 22.1823 22.3
    endloop
  endfacet
  facet normal -0 0 -1
    outer loop
      vertex 44.8598 22.9967 22.3
      vertex 44.108 22.7231 22.3
      vertex 44.616 23.5851 22.3
    endloop
  endfacet
  facet normal 0 0 -1
    outer loop
      vertex 43.891 23.247 22.3
      vertex 44.616 23.5851 22.3
      vertex 44.108 22.7231 22.3
    endloop
  endfacet
  facet normal -0 0 -1
    outer loop
      vertex 44.616 23.5851 22.3
      vertex 43.891 23.247 22.3
      vertex 44.322 24.15 22.3
    endloop
  endfacet
  facet normal 0 0 -1
    outer loop
      vertex 43.6292 23.75 22.3
      vertex 44.322 24.15 22.3
      vertex 43.891 23.247 22.3
    endloop
  endfacet
  facet normal -0 0 -1
    outer loop
      vertex 44.322 24.15 22.3
      vertex 43.6292 23.75 22.3
      vertex 43.9798 24.6871 22.3
    endloop
  endfacet
  facet normal 0 0 -1
    outer loop
      vertex 43.3245 24.2282 22.3
      vertex 43.9798 24.6871 22.3
      vertex 43.6292 23.75 22.3
    endloop
  endfacet
  facet normal -0 0 -1
    outer loop
      vertex 43.9798 24.6871 22.3
      vertex 43.3245 24.2282 22.3
      vertex 43.5921 25.1924 22.3
    endloop
  endfacet
  facet normal 0 0 -1
    outer loop
      vertex 42.9793 24.6781 22.3
      vertex 43.5921 25.1924 22.3
      vertex 43.3245 24.2282 22.3
    endloop
  endfacet
  facet normal -0 0 -1
    outer loop
      vertex 43.5921 25.1924 22.3
      vertex 42.9793 24.6781 22.3
      vertex 43.1619 25.6619 22.3
    endloop
  endfacet
  facet normal 0 0 -1
    outer loop
      vertex 42.5962 25.0962 22.3
      vertex 43.1619 25.6619 22.3
      vertex 42.9793 24.6781 22.3
    endloop
  endfacet
  facet normal -0 0 -1
    outer loop
      vertex 43.1619 25.6619 22.3
      vertex 42.5962 25.0962 22.3
      vertex 42.6924 26.0921 22.3
    endloop
  endfacet
  facet normal 0 0 -1
    outer loop
      vertex 42.1781 25.4793 22.3
      vertex 42.6924 26.0921 22.3
      vertex 42.5962 25.0962 22.3
    endloop
  endfacet
  facet normal -0 0 -1
    outer loop
      vertex 42.6924 26.0921 22.3
      vertex 42.1781 25.4793 22.3
      vertex 42.1871 26.4798 22.3
    endloop
  endfacet
  facet normal 0 0 -1
    outer loop
      vertex 41.7282 25.8245 22.3
      vertex 42.1871 26.4798 22.3
      vertex 42.1781 25.4793 22.3
    endloop
  endfacet
  facet normal 0 0 -1
    outer loop
      vertex 41.7282 25.8245 22.3
      vertex 41.65 26.822 22.3
      vertex 42.1871 26.4798 22.3
    endloop
  endfacet
  facet normal 0 0 -1
    outer loop
      vertex 41.25 26.1292 22.3
      vertex 41.65 26.822 22.3
      vertex 41.7282 25.8245 22.3
    endloop
  endfacet
  facet normal 0 0 -1
    outer loop
      vertex 41.25 26.1292 22.3
      vertex 41.0851 27.116 22.3
      vertex 41.65 26.822 22.3
    endloop
  endfacet
  facet normal 0 0 -1
    outer loop
      vertex 40.747 26.391 22.3
      vertex 41.0851 27.116 22.3
      vertex 41.25 26.1292 22.3
    endloop
  endfacet
  facet normal 0 0 -1
    outer loop
      vertex 40.747 26.391 22.3
      vertex 40.4967 27.3598 22.3
      vertex 41.0851 27.116 22.3
    endloop
  endfacet
  facet normal 0 0 -1
    outer loop
      vertex 40.2231 26.608 22.3
      vertex 40.4967 27.3598 22.3
      vertex 40.747 26.391 22.3
    endloop
  endfacet
  facet normal 0 0 -1
    outer loop
      vertex 40.2231 26.608 22.3
      vertex 39.8894 27.5513 22.3
      vertex 40.4967 27.3598 22.3
    endloop
  endfacet
  facet normal 0 0 -1
    outer loop
      vertex 39.6823 26.7785 22.3
      vertex 39.8894 27.5513 22.3
      vertex 40.2231 26.608 22.3
    endloop
  endfacet
  facet normal 0 0 -1
    outer loop
      vertex 39.6823 26.7785 22.3
      vertex 39.2676 27.6891 22.3
      vertex 39.8894 27.5513 22.3
    endloop
  endfacet
  facet normal 0 0 -1
    outer loop
      vertex 39.1287 26.9012 22.3
      vertex 39.2676 27.6891 22.3
      vertex 39.6823 26.7785 22.3
    endloop
  endfacet
  facet normal 0 0 -1
    outer loop
      vertex 39.1287 26.9012 22.3
      vertex 38.6362 27.7722 22.3
      vertex 39.2676 27.6891 22.3
    endloop
  endfacet
  facet normal 0 0 -1
    outer loop
      vertex 38.5665 26.9753 22.3
      vertex 38.6362 27.7722 22.3
      vertex 39.1287 26.9012 22.3
    endloop
  endfacet
  facet normal 0 0 -1
    outer loop
      vertex 38 27 22.3
      vertex 38.6362 27.7722 22.3
      vertex 38.5665 26.9753 22.3
    endloop
  endfacet
  facet normal 0 0 -1
    outer loop
      vertex 38 27 22.3
      vertex 38 27.8 22.3
      vertex 38.6362 27.7722 22.3
    endloop
  endfacet
  facet normal 0 0 -1
    outer loop
      vertex 35.5 27 22.3
      vertex 38 27.8 22.3
      vertex 38 27 22.3
    endloop
  endfacet
  facet normal -0 0 -1
    outer loop
      vertex 38 27.8 22.3
      vertex 35.5 27 22.3
      vertex 35.5 27.8 22.3
    endloop
  endfacet
  facet normal 0 0 -1
    outer loop
      vertex -45.3 20.5 22.3
      vertex -44.5 20.5 22.3
      vertex -44.5 3 22.3
    endloop
  endfacet
  facet normal 0 -0 -1
    outer loop
      vertex -45.2722 21.1362 22.3
      vertex -44.5 20.5 22.3
      vertex -45.3 20.5 22.3
    endloop
  endfacet
  facet normal 0 0 -1
    outer loop
      vertex -44.5 20.5 22.3
      vertex -44.8598 22.9967 22.3
      vertex -44.616 23.5851 22.3
    endloop
  endfacet
  facet normal 0 0 -1
    outer loop
      vertex -44.5 20.5 22.3
      vertex -45.0513 22.3894 22.3
      vertex -44.8598 22.9967 22.3
    endloop
  endfacet
  facet normal 0 0 -1
    outer loop
      vertex -44.5 20.5 22.3
      vertex -45.1891 21.7676 22.3
      vertex -45.0513 22.3894 22.3
    endloop
  endfacet
  facet normal 0 0 -1
    outer loop
      vertex -45.3 20.5 22.3
      vertex -44.5 3 22.3
      vertex -45.3 3 22.3
    endloop
  endfacet
  facet normal 0 0 -1
    outer loop
      vertex -44.5 20.5 22.3
      vertex -45.2722 21.1362 22.3
      vertex -45.1891 21.7676 22.3
    endloop
  endfacet
  facet normal 0 0 -1
    outer loop
      vertex -38 27 22.3
      vertex -35.5 27.8 22.3
      vertex -35.5 27 22.3
    endloop
  endfacet
  facet normal 0 0 -1
    outer loop
      vertex -38 27 22.3
      vertex -38 27.8 22.3
      vertex -35.5 27.8 22.3
    endloop
  endfacet
  facet normal 0 0 -1
    outer loop
      vertex -38.5665 26.9753 22.3
      vertex -38 27.8 22.3
      vertex -38 27 22.3
    endloop
  endfacet
  facet normal 0 0 -1
    outer loop
      vertex -38.5665 26.9753 22.3
      vertex -38.6362 27.7722 22.3
      vertex -38 27.8 22.3
    endloop
  endfacet
  facet normal 0 0 -1
    outer loop
      vertex -39.1287 26.9012 22.3
      vertex -38.6362 27.7722 22.3
      vertex -38.5665 26.9753 22.3
    endloop
  endfacet
  facet normal 0 0 -1
    outer loop
      vertex -39.1287 26.9012 22.3
      vertex -39.2676 27.6891 22.3
      vertex -38.6362 27.7722 22.3
    endloop
  endfacet
  facet normal 0 0 -1
    outer loop
      vertex -39.6823 26.7785 22.3
      vertex -39.2676 27.6891 22.3
      vertex -39.1287 26.9012 22.3
    endloop
  endfacet
  facet normal 0 0 -1
    outer loop
      vertex -39.6823 26.7785 22.3
      vertex -39.8894 27.5513 22.3
      vertex -39.2676 27.6891 22.3
    endloop
  endfacet
  facet normal 0 0 -1
    outer loop
      vertex -40.2231 26.608 22.3
      vertex -39.8894 27.5513 22.3
      vertex -39.6823 26.7785 22.3
    endloop
  endfacet
  facet normal 0 0 -1
    outer loop
      vertex -40.2231 26.608 22.3
      vertex -40.4967 27.3598 22.3
      vertex -39.8894 27.5513 22.3
    endloop
  endfacet
  facet normal 0 0 -1
    outer loop
      vertex -40.747 26.391 22.3
      vertex -40.4967 27.3598 22.3
      vertex -40.2231 26.608 22.3
    endloop
  endfacet
  facet normal 0 0 -1
    outer loop
      vertex -40.747 26.391 22.3
      vertex -41.0851 27.116 22.3
      vertex -40.4967 27.3598 22.3
    endloop
  endfacet
  facet normal 0 0 -1
    outer loop
      vertex -41.25 26.1292 22.3
      vertex -41.0851 27.116 22.3
      vertex -40.747 26.391 22.3
    endloop
  endfacet
  facet normal 0 0 -1
    outer loop
      vertex -41.25 26.1292 22.3
      vertex -41.65 26.822 22.3
      vertex -41.0851 27.116 22.3
    endloop
  endfacet
  facet normal 0 0 -1
    outer loop
      vertex -41.7282 25.8245 22.3
      vertex -41.65 26.822 22.3
      vertex -41.25 26.1292 22.3
    endloop
  endfacet
  facet normal 0 0 -1
    outer loop
      vertex -42.1871 26.4798 22.3
      vertex -41.7282 25.8245 22.3
      vertex -42.1781 25.4793 22.3
    endloop
  endfacet
  facet normal 0 0 -1
    outer loop
      vertex -41.7282 25.8245 22.3
      vertex -42.1871 26.4798 22.3
      vertex -41.65 26.822 22.3
    endloop
  endfacet
  facet normal 0 0 -1
    outer loop
      vertex -42.6924 26.0921 22.3
      vertex -42.1781 25.4793 22.3
      vertex -42.5962 25.0962 22.3
    endloop
  endfacet
  facet normal 0 0 -1
    outer loop
      vertex -42.1781 25.4793 22.3
      vertex -42.6924 26.0921 22.3
      vertex -42.1871 26.4798 22.3
    endloop
  endfacet
  facet normal 0 0 -1
    outer loop
      vertex -43.1619 25.6619 22.3
      vertex -42.5962 25.0962 22.3
      vertex -42.9793 24.6781 22.3
    endloop
  endfacet
  facet normal 0 0 -1
    outer loop
      vertex -42.5962 25.0962 22.3
      vertex -43.1619 25.6619 22.3
      vertex -42.6924 26.0921 22.3
    endloop
  endfacet
  facet normal 0 0 -1
    outer loop
      vertex -43.5921 25.1924 22.3
      vertex -42.9793 24.6781 22.3
      vertex -43.3245 24.2282 22.3
    endloop
  endfacet
  facet normal 0 0 -1
    outer loop
      vertex -42.9793 24.6781 22.3
      vertex -43.5921 25.1924 22.3
      vertex -43.1619 25.6619 22.3
    endloop
  endfacet
  facet normal 0 0 -1
    outer loop
      vertex -43.9798 24.6871 22.3
      vertex -43.3245 24.2282 22.3
      vertex -43.6292 23.75 22.3
    endloop
  endfacet
  facet normal 0 0 -1
    outer loop
      vertex -44.322 24.15 22.3
      vertex -43.6292 23.75 22.3
      vertex -43.891 23.247 22.3
    endloop
  endfacet
  facet normal 0 0 -1
    outer loop
      vertex -43.3245 24.2282 22.3
      vertex -43.9798 24.6871 22.3
      vertex -43.5921 25.1924 22.3
    endloop
  endfacet
  facet normal 0 0 -1
    outer loop
      vertex -44.616 23.5851 22.3
      vertex -43.891 23.247 22.3
      vertex -44.108 22.7231 22.3
    endloop
  endfacet
  facet normal 0 0 -1
    outer loop
      vertex -44.616 23.5851 22.3
      vertex -44.108 22.7231 22.3
      vertex -44.2785 22.1823 22.3
    endloop
  endfacet
  facet normal 0 0 -1
    outer loop
      vertex -43.6292 23.75 22.3
      vertex -44.322 24.15 22.3
      vertex -43.9798 24.6871 22.3
    endloop
  endfacet
  facet normal 0 0 -1
    outer loop
      vertex -44.616 23.5851 22.3
      vertex -44.2785 22.1823 22.3
      vertex -44.4012 21.6287 22.3
    endloop
  endfacet
  facet normal 0 0 -1
    outer loop
      vertex -44.616 23.5851 22.3
      vertex -44.4012 21.6287 22.3
      vertex -44.4753 21.0665 22.3
    endloop
  endfacet
  facet normal 0 0 -1
    outer loop
      vertex -43.891 23.247 22.3
      vertex -44.616 23.5851 22.3
      vertex -44.322 24.15 22.3
    endloop
  endfacet
  facet normal 0 0 -1
    outer loop
      vertex -44.616 23.5851 22.3
      vertex -44.4753 21.0665 22.3
      vertex -44.5 20.5 22.3
    endloop
  endfacet
  facet normal 0 0 -1
    outer loop
      vertex -29.5 27 22.3
      vertex 29.5 27.8 22.3
      vertex 29.5 27 22.3
    endloop
  endfacet
  facet normal -0 0 -1
    outer loop
      vertex 29.5 27.8 22.3
      vertex -29.5 27 22.3
      vertex -29.5 27.8 22.3
    endloop
  endfacet
  facet normal 0 0 1
    outer loop
      vertex -45.3 -20.5 4
      vertex -44.5 -20.5 4
      vertex -44.5 -3 4
    endloop
  endfacet
  facet normal 0 -0 1
    outer loop
      vertex -45.2722 -21.1362 4
      vertex -44.5 -20.5 4
      vertex -45.3 -20.5 4
    endloop
  endfacet
  facet normal 0 0 1
    outer loop
      vertex -44.5 -20.5 4
      vertex -44.8598 -22.9967 4
      vertex -44.616 -23.5851 4
    endloop
  endfacet
  facet normal 0 0 1
    outer loop
      vertex -44.5 -20.5 4
      vertex -45.0513 -22.3894 4
      vertex -44.8598 -22.9967 4
    endloop
  endfacet
  facet normal 0 0 1
    outer loop
      vertex -44.5 -20.5 4
      vertex -45.1891 -21.7676 4
      vertex -45.0513 -22.3894 4
    endloop
  endfacet
  facet normal 0 0 1
    outer loop
      vertex -45.3 -20.5 4
      vertex -44.5 -3 4
      vertex -45.3 -3 4
    endloop
  endfacet
  facet normal 0 0 1
    outer loop
      vertex -44.5 -20.5 4
      vertex -45.2722 -21.1362 4
      vertex -45.1891 -21.7676 4
    endloop
  endfacet
  facet normal -0 0 1
    outer loop
      vertex -38 -27 4
      vertex -35.5 -27.8 4
      vertex -35.5 -27 4
    endloop
  endfacet
  facet normal 0 0 1
    outer loop
      vertex -38 -27 4
      vertex -38 -27.8 4
      vertex -35.5 -27.8 4
    endloop
  endfacet
  facet normal 0 0 1
    outer loop
      vertex -38.5665 -26.9753 4
      vertex -38 -27.8 4
      vertex -38 -27 4
    endloop
  endfacet
  facet normal 0 0 1
    outer loop
      vertex -38.5665 -26.9753 4
      vertex -38.6362 -27.7722 4
      vertex -38 -27.8 4
    endloop
  endfacet
  facet normal 0 0 1
    outer loop
      vertex -39.1287 -26.9012 4
      vertex -38.6362 -27.7722 4
      vertex -38.5665 -26.9753 4
    endloop
  endfacet
  facet normal 0 0 1
    outer loop
      vertex -39.1287 -26.9012 4
      vertex -39.2676 -27.6891 4
      vertex -38.6362 -27.7722 4
    endloop
  endfacet
  facet normal 0 0 1
    outer loop
      vertex -39.6823 -26.7785 4
      vertex -39.2676 -27.6891 4
      vertex -39.1287 -26.9012 4
    endloop
  endfacet
  facet normal 0 0 1
    outer loop
      vertex -39.6823 -26.7785 4
      vertex -39.8894 -27.5513 4
      vertex -39.2676 -27.6891 4
    endloop
  endfacet
  facet normal 0 0 1
    outer loop
      vertex -40.2231 -26.608 4
      vertex -39.8894 -27.5513 4
      vertex -39.6823 -26.7785 4
    endloop
  endfacet
  facet normal 0 0 1
    outer loop
      vertex -40.2231 -26.608 4
      vertex -40.4967 -27.3598 4
      vertex -39.8894 -27.5513 4
    endloop
  endfacet
  facet normal 0 0 1
    outer loop
      vertex -40.747 -26.391 4
      vertex -40.4967 -27.3598 4
      vertex -40.2231 -26.608 4
    endloop
  endfacet
  facet normal 0 0 1
    outer loop
      vertex -40.747 -26.391 4
      vertex -41.0851 -27.116 4
      vertex -40.4967 -27.3598 4
    endloop
  endfacet
  facet normal 0 0 1
    outer loop
      vertex -41.25 -26.1292 4
      vertex -41.0851 -27.116 4
      vertex -40.747 -26.391 4
    endloop
  endfacet
  facet normal 0 0 1
    outer loop
      vertex -41.25 -26.1292 4
      vertex -41.65 -26.822 4
      vertex -41.0851 -27.116 4
    endloop
  endfacet
  facet normal 0 0 1
    outer loop
      vertex -41.7282 -25.8245 4
      vertex -41.65 -26.822 4
      vertex -41.25 -26.1292 4
    endloop
  endfacet
  facet normal 0 0 1
    outer loop
      vertex -42.1871 -26.4798 4
      vertex -41.7282 -25.8245 4
      vertex -42.1781 -25.4793 4
    endloop
  endfacet
  facet normal 0 0 1
    outer loop
      vertex -41.7282 -25.8245 4
      vertex -42.1871 -26.4798 4
      vertex -41.65 -26.822 4
    endloop
  endfacet
  facet normal 0 0 1
    outer loop
      vertex -42.6924 -26.0921 4
      vertex -42.1781 -25.4793 4
      vertex -42.5962 -25.0962 4
    endloop
  endfacet
  facet normal 0 0 1
    outer loop
      vertex -42.1781 -25.4793 4
      vertex -42.6924 -26.0921 4
      vertex -42.1871 -26.4798 4
    endloop
  endfacet
  facet normal 0 0 1
    outer loop
      vertex -43.1619 -25.6619 4
      vertex -42.5962 -25.0962 4
      vertex -42.9793 -24.6781 4
    endloop
  endfacet
  facet normal 0 0 1
    outer loop
      vertex -42.5962 -25.0962 4
      vertex -43.1619 -25.6619 4
      vertex -42.6924 -26.0921 4
    endloop
  endfacet
  facet normal 0 0 1
    outer loop
      vertex -43.5921 -25.1924 4
      vertex -42.9793 -24.6781 4
      vertex -43.3245 -24.2282 4
    endloop
  endfacet
  facet normal 0 0 1
    outer loop
      vertex -42.9793 -24.6781 4
      vertex -43.5921 -25.1924 4
      vertex -43.1619 -25.6619 4
    endloop
  endfacet
  facet normal 0 0 1
    outer loop
      vertex -43.9798 -24.6871 4
      vertex -43.3245 -24.2282 4
      vertex -43.6292 -23.75 4
    endloop
  endfacet
  facet normal 0 0 1
    outer loop
      vertex -44.322 -24.15 4
      vertex -43.6292 -23.75 4
      vertex -43.891 -23.247 4
    endloop
  endfacet
  facet normal 0 0 1
    outer loop
      vertex -43.3245 -24.2282 4
      vertex -43.9798 -24.6871 4
      vertex -43.5921 -25.1924 4
    endloop
  endfacet
  facet normal 0 0 1
    outer loop
      vertex -44.616 -23.5851 4
      vertex -43.891 -23.247 4
      vertex -44.108 -22.7231 4
    endloop
  endfacet
  facet normal 0 0 1
    outer loop
      vertex -44.616 -23.5851 4
      vertex -44.108 -22.7231 4
      vertex -44.2785 -22.1823 4
    endloop
  endfacet
  facet normal 0 0 1
    outer loop
      vertex -43.6292 -23.75 4
      vertex -44.322 -24.15 4
      vertex -43.9798 -24.6871 4
    endloop
  endfacet
  facet normal 0 0 1
    outer loop
      vertex -44.616 -23.5851 4
      vertex -44.2785 -22.1823 4
      vertex -44.4012 -21.6287 4
    endloop
  endfacet
  facet normal 0 0 1
    outer loop
      vertex -44.616 -23.5851 4
      vertex -44.4012 -21.6287 4
      vertex -44.4753 -21.0665 4
    endloop
  endfacet
  facet normal 0 0 1
    outer loop
      vertex -43.891 -23.247 4
      vertex -44.616 -23.5851 4
      vertex -44.322 -24.15 4
    endloop
  endfacet
  facet normal 0 0 1
    outer loop
      vertex -44.616 -23.5851 4
      vertex -44.4753 -21.0665 4
      vertex -44.5 -20.5 4
    endloop
  endfacet
  facet normal -0 0 1
    outer loop
      vertex -29.5 -27 4
      vertex 29.5 -27.8 4
      vertex 29.5 -27 4
    endloop
  endfacet
  facet normal 0 0 1
    outer loop
      vertex 29.5 -27.8 4
      vertex -29.5 -27 4
      vertex -29.5 -27.8 4
    endloop
  endfacet
  facet normal 0 0 1
    outer loop
      vertex 44.5 -20.5 4
      vertex 45.3 -20.5 4
      vertex 45.3 -3 4
    endloop
  endfacet
  facet normal 0 0 1
    outer loop
      vertex 45.3 -20.5 4
      vertex 44.5 -20.5 4
      vertex 45.2722 -21.1362 4
    endloop
  endfacet
  facet normal -0 0 1
    outer loop
      vertex 44.4753 -21.0665 4
      vertex 45.2722 -21.1362 4
      vertex 44.5 -20.5 4
    endloop
  endfacet
  facet normal 0 0 1
    outer loop
      vertex 45.2722 -21.1362 4
      vertex 44.4753 -21.0665 4
      vertex 45.1891 -21.7676 4
    endloop
  endfacet
  facet normal -0 0 1
    outer loop
      vertex 44.4012 -21.6287 4
      vertex 45.1891 -21.7676 4
      vertex 44.4753 -21.0665 4
    endloop
  endfacet
  facet normal 0 0 1
    outer loop
      vertex 44.5 -20.5 4
      vertex 45.3 -3 4
      vertex 44.5 -3 4
    endloop
  endfacet
  facet normal 0 0 1
    outer loop
      vertex 45.1891 -21.7676 4
      vertex 44.4012 -21.6287 4
      vertex 45.0513 -22.3894 4
    endloop
  endfacet
  facet normal -0 0 1
    outer loop
      vertex 44.2785 -22.1823 4
      vertex 45.0513 -22.3894 4
      vertex 44.4012 -21.6287 4
    endloop
  endfacet
  facet normal 0 0 1
    outer loop
      vertex 45.0513 -22.3894 4
      vertex 44.2785 -22.1823 4
      vertex 44.8598 -22.9967 4
    endloop
  endfacet
  facet normal -0 0 1
    outer loop
      vertex 44.108 -22.7231 4
      vertex 44.8598 -22.9967 4
      vertex 44.2785 -22.1823 4
    endloop
  endfacet
  facet normal 0 0 1
    outer loop
      vertex 44.8598 -22.9967 4
      vertex 44.108 -22.7231 4
      vertex 44.616 -23.5851 4
    endloop
  endfacet
  facet normal -0 0 1
    outer loop
      vertex 43.891 -23.247 4
      vertex 44.616 -23.5851 4
      vertex 44.108 -22.7231 4
    endloop
  endfacet
  facet normal 0 0 1
    outer loop
      vertex 44.616 -23.5851 4
      vertex 43.891 -23.247 4
      vertex 44.322 -24.15 4
    endloop
  endfacet
  facet normal -0 0 1
    outer loop
      vertex 43.6292 -23.75 4
      vertex 44.322 -24.15 4
      vertex 43.891 -23.247 4
    endloop
  endfacet
  facet normal 0 0 1
    outer loop
      vertex 44.322 -24.15 4
      vertex 43.6292 -23.75 4
      vertex 43.9798 -24.6871 4
    endloop
  endfacet
  facet normal -0 0 1
    outer loop
      vertex 43.3245 -24.2282 4
      vertex 43.9798 -24.6871 4
      vertex 43.6292 -23.75 4
    endloop
  endfacet
  facet normal 0 0 1
    outer loop
      vertex 43.9798 -24.6871 4
      vertex 43.3245 -24.2282 4
      vertex 43.5921 -25.1924 4
    endloop
  endfacet
  facet normal -0 0 1
    outer loop
      vertex 42.9793 -24.6781 4
      vertex 43.5921 -25.1924 4
      vertex 43.3245 -24.2282 4
    endloop
  endfacet
  facet normal 0 0 1
    outer loop
      vertex 43.5921 -25.1924 4
      vertex 42.9793 -24.6781 4
      vertex 43.1619 -25.6619 4
    endloop
  endfacet
  facet normal -0 0 1
    outer loop
      vertex 42.5962 -25.0962 4
      vertex 43.1619 -25.6619 4
      vertex 42.9793 -24.6781 4
    endloop
  endfacet
  facet normal 0 0 1
    outer loop
      vertex 43.1619 -25.6619 4
      vertex 42.5962 -25.0962 4
      vertex 42.6924 -26.0921 4
    endloop
  endfacet
  facet normal -0 0 1
    outer loop
      vertex 42.1781 -25.4793 4
      vertex 42.6924 -26.0921 4
      vertex 42.5962 -25.0962 4
    endloop
  endfacet
  facet normal 0 0 1
    outer loop
      vertex 42.6924 -26.0921 4
      vertex 42.1781 -25.4793 4
      vertex 42.1871 -26.4798 4
    endloop
  endfacet
  facet normal -0 0 1
    outer loop
      vertex 41.7282 -25.8245 4
      vertex 42.1871 -26.4798 4
      vertex 42.1781 -25.4793 4
    endloop
  endfacet
  facet normal 0 0 1
    outer loop
      vertex 41.7282 -25.8245 4
      vertex 41.65 -26.822 4
      vertex 42.1871 -26.4798 4
    endloop
  endfacet
  facet normal -0 0 1
    outer loop
      vertex 41.25 -26.1292 4
      vertex 41.65 -26.822 4
      vertex 41.7282 -25.8245 4
    endloop
  endfacet
  facet normal 0 0 1
    outer loop
      vertex 41.25 -26.1292 4
      vertex 41.0851 -27.116 4
      vertex 41.65 -26.822 4
    endloop
  endfacet
  facet normal -0 0 1
    outer loop
      vertex 40.747 -26.391 4
      vertex 41.0851 -27.116 4
      vertex 41.25 -26.1292 4
    endloop
  endfacet
  facet normal 0 0 1
    outer loop
      vertex 40.747 -26.391 4
      vertex 40.4967 -27.3598 4
      vertex 41.0851 -27.116 4
    endloop
  endfacet
  facet normal -0 0 1
    outer loop
      vertex 40.2231 -26.608 4
      vertex 40.4967 -27.3598 4
      vertex 40.747 -26.391 4
    endloop
  endfacet
  facet normal 0 0 1
    outer loop
      vertex 40.2231 -26.608 4
      vertex 39.8894 -27.5513 4
      vertex 40.4967 -27.3598 4
    endloop
  endfacet
  facet normal -0 0 1
    outer loop
      vertex 39.6823 -26.7785 4
      vertex 39.8894 -27.5513 4
      vertex 40.2231 -26.608 4
    endloop
  endfacet
  facet normal 0 0 1
    outer loop
      vertex 39.6823 -26.7785 4
      vertex 39.2676 -27.6891 4
      vertex 39.8894 -27.5513 4
    endloop
  endfacet
  facet normal -0 0 1
    outer loop
      vertex 39.1287 -26.9012 4
      vertex 39.2676 -27.6891 4
      vertex 39.6823 -26.7785 4
    endloop
  endfacet
  facet normal 0 0 1
    outer loop
      vertex 39.1287 -26.9012 4
      vertex 38.6362 -27.7722 4
      vertex 39.2676 -27.6891 4
    endloop
  endfacet
  facet normal -0 0 1
    outer loop
      vertex 38.5665 -26.9753 4
      vertex 38.6362 -27.7722 4
      vertex 39.1287 -26.9012 4
    endloop
  endfacet
  facet normal -0 0 1
    outer loop
      vertex 38 -27 4
      vertex 38.6362 -27.7722 4
      vertex 38.5665 -26.9753 4
    endloop
  endfacet
  facet normal 0 0 1
    outer loop
      vertex 38 -27 4
      vertex 38 -27.8 4
      vertex 38.6362 -27.7722 4
    endloop
  endfacet
  facet normal -0 0 1
    outer loop
      vertex 35.5 -27 4
      vertex 38 -27.8 4
      vertex 38 -27 4
    endloop
  endfacet
  facet normal 0 0 1
    outer loop
      vertex 38 -27.8 4
      vertex 35.5 -27 4
      vertex 35.5 -27.8 4
    endloop
  endfacet
  facet normal 0 0 1
    outer loop
      vertex 45.2722 21.1362 4
      vertex 44.4753 21.0665 4
      vertex 44.5 20.5 4
    endloop
  endfacet
  facet normal 0 0 1
    outer loop
      vertex 44.8598 22.9967 4
      vertex 44.4012 21.6287 4
      vertex 44.4753 21.0665 4
    endloop
  endfacet
  facet normal 0 0 1
    outer loop
      vertex 43.891 23.247 4
      vertex 44.616 23.5851 4
      vertex 44.322 24.15 4
    endloop
  endfacet
  facet normal 0 0 1
    outer loop
      vertex 44.8598 22.9967 4
      vertex 44.2785 22.1823 4
      vertex 44.4012 21.6287 4
    endloop
  endfacet
  facet normal 0 0 1
    outer loop
      vertex 44.8598 22.9967 4
      vertex 44.108 22.7231 4
      vertex 44.2785 22.1823 4
    endloop
  endfacet
  facet normal 0 0 1
    outer loop
      vertex 43.6292 23.75 4
      vertex 44.322 24.15 4
      vertex 43.9798 24.6871 4
    endloop
  endfacet
  facet normal 0 0 1
    outer loop
      vertex 44.616 23.5851 4
      vertex 43.891 23.247 4
      vertex 44.108 22.7231 4
    endloop
  endfacet
  facet normal 0 0 1
    outer loop
      vertex 44.322 24.15 4
      vertex 43.6292 23.75 4
      vertex 43.891 23.247 4
    endloop
  endfacet
  facet normal 0 0 1
    outer loop
      vertex 43.3245 24.2282 4
      vertex 43.9798 24.6871 4
      vertex 43.5921 25.1924 4
    endloop
  endfacet
  facet normal 0 0 1
    outer loop
      vertex 43.9798 24.6871 4
      vertex 43.3245 24.2282 4
      vertex 43.6292 23.75 4
    endloop
  endfacet
  facet normal 0 0 1
    outer loop
      vertex 42.9793 24.6781 4
      vertex 43.5921 25.1924 4
      vertex 43.1619 25.6619 4
    endloop
  endfacet
  facet normal 0 0 1
    outer loop
      vertex 43.5921 25.1924 4
      vertex 42.9793 24.6781 4
      vertex 43.3245 24.2282 4
    endloop
  endfacet
  facet normal 0 0 1
    outer loop
      vertex 42.5962 25.0962 4
      vertex 43.1619 25.6619 4
      vertex 42.6924 26.0921 4
    endloop
  endfacet
  facet normal 0 0 1
    outer loop
      vertex 43.1619 25.6619 4
      vertex 42.5962 25.0962 4
      vertex 42.9793 24.6781 4
    endloop
  endfacet
  facet normal 0 0 1
    outer loop
      vertex 42.1781 25.4793 4
      vertex 42.6924 26.0921 4
      vertex 42.1871 26.4798 4
    endloop
  endfacet
  facet normal 0 0 1
    outer loop
      vertex 42.6924 26.0921 4
      vertex 42.1781 25.4793 4
      vertex 42.5962 25.0962 4
    endloop
  endfacet
  facet normal 0 0 1
    outer loop
      vertex 42.1871 26.4798 4
      vertex 41.7282 25.8245 4
      vertex 42.1781 25.4793 4
    endloop
  endfacet
  facet normal 0 0 1
    outer loop
      vertex 41.65 26.822 4
      vertex 41.7282 25.8245 4
      vertex 42.1871 26.4798 4
    endloop
  endfacet
  facet normal 0 0 1
    outer loop
      vertex 41.65 26.822 4
      vertex 41.25 26.1292 4
      vertex 41.7282 25.8245 4
    endloop
  endfacet
  facet normal 0 0 1
    outer loop
      vertex 41.0851 27.116 4
      vertex 41.25 26.1292 4
      vertex 41.65 26.822 4
    endloop
  endfacet
  facet normal 0 0 1
    outer loop
      vertex 41.0851 27.116 4
      vertex 40.747 26.391 4
      vertex 41.25 26.1292 4
    endloop
  endfacet
  facet normal 0 0 1
    outer loop
      vertex 40.4967 27.3598 4
      vertex 40.747 26.391 4
      vertex 41.0851 27.116 4
    endloop
  endfacet
  facet normal 0 0 1
    outer loop
      vertex 40.4967 27.3598 4
      vertex 40.2231 26.608 4
      vertex 40.747 26.391 4
    endloop
  endfacet
  facet normal 0 0 1
    outer loop
      vertex 39.8894 27.5513 4
      vertex 40.2231 26.608 4
      vertex 40.4967 27.3598 4
    endloop
  endfacet
  facet normal 0 0 1
    outer loop
      vertex 39.8894 27.5513 4
      vertex 39.6823 26.7785 4
      vertex 40.2231 26.608 4
    endloop
  endfacet
  facet normal 0 0 1
    outer loop
      vertex 39.2676 27.6891 4
      vertex 39.6823 26.7785 4
      vertex 39.8894 27.5513 4
    endloop
  endfacet
  facet normal 0 0 1
    outer loop
      vertex 39.2676 27.6891 4
      vertex 39.1287 26.9012 4
      vertex 39.6823 26.7785 4
    endloop
  endfacet
  facet normal 0 0 1
    outer loop
      vertex 38.6362 27.7722 4
      vertex 39.1287 26.9012 4
      vertex 39.2676 27.6891 4
    endloop
  endfacet
  facet normal 0 0 1
    outer loop
      vertex 38.6362 27.7722 4
      vertex 38.5665 26.9753 4
      vertex 39.1287 26.9012 4
    endloop
  endfacet
  facet normal 0 0 1
    outer loop
      vertex 38 27.8 4
      vertex 38.5665 26.9753 4
      vertex 38.6362 27.7722 4
    endloop
  endfacet
  facet normal 0 0 1
    outer loop
      vertex 38 27.8 4
      vertex 38 27 4
      vertex 38.5665 26.9753 4
    endloop
  endfacet
  facet normal -0 0 1
    outer loop
      vertex 35.5 27.8 4
      vertex 38 27 4
      vertex 38 27.8 4
    endloop
  endfacet
  facet normal 0 0 1
    outer loop
      vertex 38 27 4
      vertex 35.5 27.8 4
      vertex 35.5 27 4
    endloop
  endfacet
  facet normal 0 0 1
    outer loop
      vertex 44.5 20.5 4
      vertex 45.3 20.5 4
      vertex 45.2722 21.1362 4
    endloop
  endfacet
  facet normal 0 0 1
    outer loop
      vertex 44.4753 21.0665 4
      vertex 45.2722 21.1362 4
      vertex 45.1891 21.7676 4
    endloop
  endfacet
  facet normal 0 0 1
    outer loop
      vertex 44.4753 21.0665 4
      vertex 45.1891 21.7676 4
      vertex 45.0513 22.3894 4
    endloop
  endfacet
  facet normal 0 0 1
    outer loop
      vertex 44.4753 21.0665 4
      vertex 45.0513 22.3894 4
      vertex 44.8598 22.9967 4
    endloop
  endfacet
  facet normal 0 0 1
    outer loop
      vertex 44.108 22.7231 4
      vertex 44.8598 22.9967 4
      vertex 44.616 23.5851 4
    endloop
  endfacet
  facet normal 0 0 1
    outer loop
      vertex 45.3 20.5 4
      vertex 44.5 20.5 4
      vertex 45.3 3 4
    endloop
  endfacet
  facet normal 0 0 1
    outer loop
      vertex 45.3 3 4
      vertex 44.5 20.5 4
      vertex 44.5 3 4
    endloop
  endfacet
  facet normal -0 0 1
    outer loop
      vertex -38 27.8 4
      vertex -35.5 27 4
      vertex -35.5 27.8 4
    endloop
  endfacet
  facet normal 0 0 1
    outer loop
      vertex -38 27.8 4
      vertex -38 27 4
      vertex -35.5 27 4
    endloop
  endfacet
  facet normal 0 0 1
    outer loop
      vertex -38 27.8 4
      vertex -38.5665 26.9753 4
      vertex -38 27 4
    endloop
  endfacet
  facet normal -0 0 1
    outer loop
      vertex -38.6362 27.7722 4
      vertex -38.5665 26.9753 4
      vertex -38 27.8 4
    endloop
  endfacet
  facet normal 0 0 1
    outer loop
      vertex -38.6362 27.7722 4
      vertex -39.1287 26.9012 4
      vertex -38.5665 26.9753 4
    endloop
  endfacet
  facet normal -0 0 1
    outer loop
      vertex -39.2676 27.6891 4
      vertex -39.1287 26.9012 4
      vertex -38.6362 27.7722 4
    endloop
  endfacet
  facet normal 0 0 1
    outer loop
      vertex -39.2676 27.6891 4
      vertex -39.6823 26.7785 4
      vertex -39.1287 26.9012 4
    endloop
  endfacet
  facet normal -0 0 1
    outer loop
      vertex -39.8894 27.5513 4
      vertex -39.6823 26.7785 4
      vertex -39.2676 27.6891 4
    endloop
  endfacet
  facet normal 0 0 1
    outer loop
      vertex -39.8894 27.5513 4
      vertex -40.2231 26.608 4
      vertex -39.6823 26.7785 4
    endloop
  endfacet
  facet normal -0 0 1
    outer loop
      vertex -40.4967 27.3598 4
      vertex -40.2231 26.608 4
      vertex -39.8894 27.5513 4
    endloop
  endfacet
  facet normal 0 0 1
    outer loop
      vertex -40.4967 27.3598 4
      vertex -40.747 26.391 4
      vertex -40.2231 26.608 4
    endloop
  endfacet
  facet normal -0 0 1
    outer loop
      vertex -41.0851 27.116 4
      vertex -40.747 26.391 4
      vertex -40.4967 27.3598 4
    endloop
  endfacet
  facet normal 0 0 1
    outer loop
      vertex -41.0851 27.116 4
      vertex -41.25 26.1292 4
      vertex -40.747 26.391 4
    endloop
  endfacet
  facet normal -0 0 1
    outer loop
      vertex -41.65 26.822 4
      vertex -41.25 26.1292 4
      vertex -41.0851 27.116 4
    endloop
  endfacet
  facet normal 0 0 1
    outer loop
      vertex -41.65 26.822 4
      vertex -41.7282 25.8245 4
      vertex -41.25 26.1292 4
    endloop
  endfacet
  facet normal -0 0 1
    outer loop
      vertex -42.1871 26.4798 4
      vertex -41.7282 25.8245 4
      vertex -41.65 26.822 4
    endloop
  endfacet
  facet normal 0 0 1
    outer loop
      vertex -41.7282 25.8245 4
      vertex -42.1871 26.4798 4
      vertex -42.1781 25.4793 4
    endloop
  endfacet
  facet normal -0 0 1
    outer loop
      vertex -42.6924 26.0921 4
      vertex -42.1781 25.4793 4
      vertex -42.1871 26.4798 4
    endloop
  endfacet
  facet normal 0 0 1
    outer loop
      vertex -42.1781 25.4793 4
      vertex -42.6924 26.0921 4
      vertex -42.5962 25.0962 4
    endloop
  endfacet
  facet normal -0 0 1
    outer loop
      vertex -43.1619 25.6619 4
      vertex -42.5962 25.0962 4
      vertex -42.6924 26.0921 4
    endloop
  endfacet
  facet normal 0 0 1
    outer loop
      vertex -42.5962 25.0962 4
      vertex -43.1619 25.6619 4
      vertex -42.9793 24.6781 4
    endloop
  endfacet
  facet normal -0 0 1
    outer loop
      vertex -43.5921 25.1924 4
      vertex -42.9793 24.6781 4
      vertex -43.1619 25.6619 4
    endloop
  endfacet
  facet normal 0 0 1
    outer loop
      vertex -42.9793 24.6781 4
      vertex -43.5921 25.1924 4
      vertex -43.3245 24.2282 4
    endloop
  endfacet
  facet normal -0 0 1
    outer loop
      vertex -43.9798 24.6871 4
      vertex -43.3245 24.2282 4
      vertex -43.5921 25.1924 4
    endloop
  endfacet
  facet normal 0 0 1
    outer loop
      vertex -43.3245 24.2282 4
      vertex -43.9798 24.6871 4
      vertex -43.6292 23.75 4
    endloop
  endfacet
  facet normal -0 0 1
    outer loop
      vertex -44.322 24.15 4
      vertex -43.6292 23.75 4
      vertex -43.9798 24.6871 4
    endloop
  endfacet
  facet normal 0 0 1
    outer loop
      vertex -43.6292 23.75 4
      vertex -44.322 24.15 4
      vertex -43.891 23.247 4
    endloop
  endfacet
  facet normal -0 0 1
    outer loop
      vertex -44.616 23.5851 4
      vertex -43.891 23.247 4
      vertex -44.322 24.15 4
    endloop
  endfacet
  facet normal 0 0 1
    outer loop
      vertex -43.891 23.247 4
      vertex -44.616 23.5851 4
      vertex -44.108 22.7231 4
    endloop
  endfacet
  facet normal -0 0 1
    outer loop
      vertex -44.8598 22.9967 4
      vertex -44.108 22.7231 4
      vertex -44.616 23.5851 4
    endloop
  endfacet
  facet normal 0 0 1
    outer loop
      vertex -44.108 22.7231 4
      vertex -44.8598 22.9967 4
      vertex -44.2785 22.1823 4
    endloop
  endfacet
  facet normal -0 0 1
    outer loop
      vertex -45.0513 22.3894 4
      vertex -44.2785 22.1823 4
      vertex -44.8598 22.9967 4
    endloop
  endfacet
  facet normal 0 0 1
    outer loop
      vertex -44.2785 22.1823 4
      vertex -45.0513 22.3894 4
      vertex -44.4012 21.6287 4
    endloop
  endfacet
  facet normal -0 0 1
    outer loop
      vertex -45.1891 21.7676 4
      vertex -44.4012 21.6287 4
      vertex -45.0513 22.3894 4
    endloop
  endfacet
  facet normal 0 0 1
    outer loop
      vertex -44.4012 21.6287 4
      vertex -45.1891 21.7676 4
      vertex -44.4753 21.0665 4
    endloop
  endfacet
  facet normal -0 0 1
    outer loop
      vertex -45.2722 21.1362 4
      vertex -44.4753 21.0665 4
      vertex -45.1891 21.7676 4
    endloop
  endfacet
  facet normal 0 0 1
    outer loop
      vertex -44.4753 21.0665 4
      vertex -45.2722 21.1362 4
      vertex -44.5 20.5 4
    endloop
  endfacet
  facet normal 0 0 1
    outer loop
      vertex -44.5 20.5 4
      vertex -45.2722 21.1362 4
      vertex -45.3 20.5 4
    endloop
  endfacet
  facet normal 0 0 1
    outer loop
      vertex -44.5 20.5 4
      vertex -45.3 20.5 4
      vertex -44.5 3 4
    endloop
  endfacet
  facet normal 0 0 1
    outer loop
      vertex -44.5 3 4
      vertex -45.3 20.5 4
      vertex -45.3 3 4
    endloop
  endfacet
  facet normal -0 0 1
    outer loop
      vertex -29.5 27.8 4
      vertex 29.5 27 4
      vertex 29.5 27.8 4
    endloop
  endfacet
  facet normal 0 0 1
    outer loop
      vertex 29.5 27 4
      vertex -29.5 27.8 4
      vertex -29.5 27 4
    endloop
  endfacet
  facet normal -1 0 0
    outer loop
      vertex -35.5 -27.8 4
      vertex -35.5 -27 5
      vertex -35.5 -27 4
    endloop
  endfacet
  facet normal -1 0 0
    outer loop
      vertex -35.5 -27.8 22.3
      vertex -35.5 -27 5
      vertex -35.5 -27.8 4
    endloop
  endfacet
  facet normal -1 0 0
    outer loop
      vertex -35.5 -27 5
      vertex -35.5 -27.8 22.3
      vertex -35.5 -27 22.3
    endloop
  endfacet
  facet normal 0 1 -0
    outer loop
      vertex -35.5 -27.8 4
      vertex -38 -27.8 22.3
      vertex -35.5 -27.8 22.3
    endloop
  endfacet
  facet normal 0 1 0
    outer loop
      vertex -38 -27.8 22.3
      vertex -35.5 -27.8 4
      vertex -38 -27.8 4
    endloop
  endfacet
  facet normal 0.0436553 0.999047 -0
    outer loop
      vertex -38 -27.8 4
      vertex -38.6362 -27.7722 22.3
      vertex -38 -27.8 22.3
    endloop
  endfacet
  facet normal 0.0436553 0.999047 0
    outer loop
      vertex -38.6362 -27.7722 22.3
      vertex -38 -27.8 4
      vertex -38.6362 -27.7722 4
    endloop
  endfacet
  facet normal 0.130487 0.99145 -0
    outer loop
      vertex -38.6362 -27.7722 4
      vertex -39.2676 -27.6891 22.3
      vertex -38.6362 -27.7722 22.3
    endloop
  endfacet
  facet normal 0.130487 0.99145 0
    outer loop
      vertex -39.2676 -27.6891 22.3
      vertex -38.6362 -27.7722 4
      vertex -39.2676 -27.6891 4
    endloop
  endfacet
  facet normal 0.216365 0.976313 -0
    outer loop
      vertex -39.2676 -27.6891 4
      vertex -39.8894 -27.5513 22.3
      vertex -39.2676 -27.6891 22.3
    endloop
  endfacet
  facet normal 0.216365 0.976313 0
    outer loop
      vertex -39.8894 -27.5513 22.3
      vertex -39.2676 -27.6891 4
      vertex -39.8894 -27.5513 4
    endloop
  endfacet
  facet normal 0.300733 0.953708 -0
    outer loop
      vertex -39.8894 -27.5513 4
      vertex -40.4967 -27.3598 22.3
      vertex -39.8894 -27.5513 22.3
    endloop
  endfacet
  facet normal 0.300733 0.953708 0
    outer loop
      vertex -40.4967 -27.3598 22.3
      vertex -39.8894 -27.5513 4
      vertex -40.4967 -27.3598 4
    endloop
  endfacet
  facet normal 0.382786 0.923837 -0
    outer loop
      vertex -40.4967 -27.3598 4
      vertex -41.0851 -27.116 22.3
      vertex -40.4967 -27.3598 22.3
    endloop
  endfacet
  facet normal 0.382786 0.923837 0
    outer loop
      vertex -41.0851 -27.116 22.3
      vertex -40.4967 -27.3598 4
      vertex -41.0851 -27.116 4
    endloop
  endfacet
  facet normal 0.461664 0.887055 -0
    outer loop
      vertex -41.0851 -27.116 4
      vertex -41.65 -26.822 22.3
      vertex -41.0851 -27.116 22.3
    endloop
  endfacet
  facet normal 0.461664 0.887055 0
    outer loop
      vertex -41.65 -26.822 22.3
      vertex -41.0851 -27.116 4
      vertex -41.65 -26.822 4
    endloop
  endfacet
  facet normal 0.537333 0.84337 -0
    outer loop
      vertex -41.65 -26.822 4
      vertex -42.1871 -26.4798 22.3
      vertex -41.65 -26.822 22.3
    endloop
  endfacet
  facet normal 0.537333 0.84337 0
    outer loop
      vertex -42.1871 -26.4798 22.3
      vertex -41.65 -26.822 4
      vertex -42.1871 -26.4798 4
    endloop
  endfacet
  facet normal 0.608731 0.793376 -0
    outer loop
      vertex -42.1871 -26.4798 4
      vertex -42.6924 -26.0921 22.3
      vertex -42.1871 -26.4798 22.3
    endloop
  endfacet
  facet normal 0.608731 0.793376 0
    outer loop
      vertex -42.6924 -26.0921 22.3
      vertex -42.1871 -26.4798 4
      vertex -42.6924 -26.0921 4
    endloop
  endfacet
  facet normal 0.675575 0.737291 -0
    outer loop
      vertex -42.6924 -26.0921 4
      vertex -43.1619 -25.6619 22.3
      vertex -42.6924 -26.0921 22.3
    endloop
  endfacet
  facet normal 0.675575 0.737291 0
    outer loop
      vertex -43.1619 -25.6619 22.3
      vertex -42.6924 -26.0921 4
      vertex -43.1619 -25.6619 4
    endloop
  endfacet
  facet normal 0.737291 0.675575 0
    outer loop
      vertex -43.1619 -25.6619 22.3
      vertex -43.5921 -25.1924 4
      vertex -43.5921 -25.1924 22.3
    endloop
  endfacet
  facet normal 0.737291 0.675575 0
    outer loop
      vertex -43.5921 -25.1924 4
      vertex -43.1619 -25.6619 22.3
      vertex -43.1619 -25.6619 4
    endloop
  endfacet
  facet normal 0.793376 0.608731 0
    outer loop
      vertex -43.5921 -25.1924 22.3
      vertex -43.9798 -24.6871 4
      vertex -43.9798 -24.6871 22.3
    endloop
  endfacet
  facet normal 0.793376 0.608731 0
    outer loop
      vertex -43.9798 -24.6871 4
      vertex -43.5921 -25.1924 22.3
      vertex -43.5921 -25.1924 4
    endloop
  endfacet
  facet normal 0.84337 0.537333 0
    outer loop
      vertex -43.9798 -24.6871 22.3
      vertex -44.322 -24.15 4
      vertex -44.322 -24.15 22.3
    endloop
  endfacet
  facet normal 0.84337 0.537333 0
    outer loop
      vertex -44.322 -24.15 4
      vertex -43.9798 -24.6871 22.3
      vertex -43.9798 -24.6871 4
    endloop
  endfacet
  facet normal 0.887055 0.461664 0
    outer loop
      vertex -44.322 -24.15 22.3
      vertex -44.616 -23.5851 4
      vertex -44.616 -23.5851 22.3
    endloop
  endfacet
  facet normal 0.887055 0.461664 0
    outer loop
      vertex -44.616 -23.5851 4
      vertex -44.322 -24.15 22.3
      vertex -44.322 -24.15 4
    endloop
  endfacet
  facet normal 0.923837 0.382786 0
    outer loop
      vertex -44.616 -23.5851 22.3
      vertex -44.8598 -22.9967 4
      vertex -44.8598 -22.9967 22.3
    endloop
  endfacet
  facet normal 0.923837 0.382786 0
    outer loop
      vertex -44.8598 -22.9967 4
      vertex -44.616 -23.5851 22.3
      vertex -44.616 -23.5851 4
    endloop
  endfacet
  facet normal 0.953708 0.300733 0
    outer loop
      vertex -44.8598 -22.9967 22.3
      vertex -45.0513 -22.3894 4
      vertex -45.0513 -22.3894 22.3
    endloop
  endfacet
  facet normal 0.953708 0.300733 0
    outer loop
      vertex -45.0513 -22.3894 4
      vertex -44.8598 -22.9967 22.3
      vertex -44.8598 -22.9967 4
    endloop
  endfacet
  facet normal 0.976313 0.216365 0
    outer loop
      vertex -45.0513 -22.3894 22.3
      vertex -45.1891 -21.7676 4
      vertex -45.1891 -21.7676 22.3
    endloop
  endfacet
  facet normal 0.976313 0.216365 0
    outer loop
      vertex -45.1891 -21.7676 4
      vertex -45.0513 -22.3894 22.3
      vertex -45.0513 -22.3894 4
    endloop
  endfacet
  facet normal 0.99145 0.130487 0
    outer loop
      vertex -45.1891 -21.7676 22.3
      vertex -45.2722 -21.1362 4
      vertex -45.2722 -21.1362 22.3
    endloop
  endfacet
  facet normal 0.99145 0.130487 0
    outer loop
      vertex -45.2722 -21.1362 4
      vertex -45.1891 -21.7676 22.3
      vertex -45.1891 -21.7676 4
    endloop
  endfacet
  facet normal 0.999047 0.0436553 0
    outer loop
      vertex -45.2722 -21.1362 22.3
      vertex -45.3 -20.5 4
      vertex -45.3 -20.5 22.3
    endloop
  endfacet
  facet normal 0.999047 0.0436553 0
    outer loop
      vertex -45.3 -20.5 4
      vertex -45.2722 -21.1362 22.3
      vertex -45.2722 -21.1362 4
    endloop
  endfacet
  facet normal 1 -0 0
    outer loop
      vertex -45.3 -20.5 22.3
      vertex -45.3 -3 4
      vertex -45.3 -3 22.3
    endloop
  endfacet
  facet normal 1 0 0
    outer loop
      vertex -45.3 -3 4
      vertex -45.3 -20.5 22.3
      vertex -45.3 -20.5 4
    endloop
  endfacet
  facet normal 0 -1 0
    outer loop
      vertex -45.3 -3 22.3
      vertex -44.5 -3 5
      vertex -44.5 -3 22.3
    endloop
  endfacet
  facet normal 0 -1 0
    outer loop
      vertex -45.3 -3 4
      vertex -44.5 -3 5
      vertex -45.3 -3 22.3
    endloop
  endfacet
  facet normal 0 -1 -0
    outer loop
      vertex -44.5 -3 5
      vertex -45.3 -3 4
      vertex -44.5 -3 4
    endloop
  endfacet
  facet normal 0 1 -0
    outer loop
      vertex 29.5 -27.8 4
      vertex -29.5 -27.8 22.3
      vertex 29.5 -27.8 22.3
    endloop
  endfacet
  facet normal 0 1 0
    outer loop
      vertex -29.5 -27.8 22.3
      vertex 29.5 -27.8 4
      vertex -29.5 -27.8 4
    endloop
  endfacet
  facet normal 1 -0 0
    outer loop
      vertex -29.5 -27.8 22.3
      vertex -29.5 -27 5
      vertex -29.5 -27 22.3
    endloop
  endfacet
  facet normal 1 0 0
    outer loop
      vertex -29.5 -27.8 4
      vertex -29.5 -27 5
      vertex -29.5 -27.8 22.3
    endloop
  endfacet
  facet normal 1 0 0
    outer loop
      vertex -29.5 -27 5
      vertex -29.5 -27.8 4
      vertex -29.5 -27 4
    endloop
  endfacet
  facet normal -1 0 0
    outer loop
      vertex 29.5 -27.8 4
      vertex 29.5 -27 5
      vertex 29.5 -27 4
    endloop
  endfacet
  facet normal -1 0 0
    outer loop
      vertex 29.5 -27.8 22.3
      vertex 29.5 -27 5
      vertex 29.5 -27.8 4
    endloop
  endfacet
  facet normal -1 0 0
    outer loop
      vertex 29.5 -27 5
      vertex 29.5 -27.8 22.3
      vertex 29.5 -27 22.3
    endloop
  endfacet
  facet normal -0.999047 0.0436553 0
    outer loop
      vertex 45.2722 -21.1362 4
      vertex 45.3 -20.5 22.3
      vertex 45.3 -20.5 4
    endloop
  endfacet
  facet normal -0.999047 0.0436553 0
    outer loop
      vertex 45.3 -20.5 22.3
      vertex 45.2722 -21.1362 4
      vertex 45.2722 -21.1362 22.3
    endloop
  endfacet
  facet normal -0.99145 0.130487 0
    outer loop
      vertex 45.1891 -21.7676 4
      vertex 45.2722 -21.1362 22.3
      vertex 45.2722 -21.1362 4
    endloop
  endfacet
  facet normal -0.99145 0.130487 0
    outer loop
      vertex 45.2722 -21.1362 22.3
      vertex 45.1891 -21.7676 4
      vertex 45.1891 -21.7676 22.3
    endloop
  endfacet
  facet normal -0.976313 0.216365 0
    outer loop
      vertex 45.0513 -22.3894 4
      vertex 45.1891 -21.7676 22.3
      vertex 45.1891 -21.7676 4
    endloop
  endfacet
  facet normal -0.976313 0.216365 0
    outer loop
      vertex 45.1891 -21.7676 22.3
      vertex 45.0513 -22.3894 4
      vertex 45.0513 -22.3894 22.3
    endloop
  endfacet
  facet normal -0.953708 0.300733 0
    outer loop
      vertex 44.8598 -22.9967 4
      vertex 45.0513 -22.3894 22.3
      vertex 45.0513 -22.3894 4
    endloop
  endfacet
  facet normal -0.953708 0.300733 0
    outer loop
      vertex 45.0513 -22.3894 22.3
      vertex 44.8598 -22.9967 4
      vertex 44.8598 -22.9967 22.3
    endloop
  endfacet
  facet normal -0.923837 0.382786 0
    outer loop
      vertex 44.616 -23.5851 4
      vertex 44.8598 -22.9967 22.3
      vertex 44.8598 -22.9967 4
    endloop
  endfacet
  facet normal -0.923837 0.382786 0
    outer loop
      vertex 44.8598 -22.9967 22.3
      vertex 44.616 -23.5851 4
      vertex 44.616 -23.5851 22.3
    endloop
  endfacet
  facet normal -0.887055 0.461664 0
    outer loop
      vertex 44.322 -24.15 4
      vertex 44.616 -23.5851 22.3
      vertex 44.616 -23.5851 4
    endloop
  endfacet
  facet normal -0.887055 0.461664 0
    outer loop
      vertex 44.616 -23.5851 22.3
      vertex 44.322 -24.15 4
      vertex 44.322 -24.15 22.3
    endloop
  endfacet
  facet normal -0.84337 0.537333 0
    outer loop
      vertex 43.9798 -24.6871 4
      vertex 44.322 -24.15 22.3
      vertex 44.322 -24.15 4
    endloop
  endfacet
  facet normal -0.84337 0.537333 0
    outer loop
      vertex 44.322 -24.15 22.3
      vertex 43.9798 -24.6871 4
      vertex 43.9798 -24.6871 22.3
    endloop
  endfacet
  facet normal -0.793376 0.608731 0
    outer loop
      vertex 43.5921 -25.1924 4
      vertex 43.9798 -24.6871 22.3
      vertex 43.9798 -24.6871 4
    endloop
  endfacet
  facet normal -0.793376 0.608731 0
    outer loop
      vertex 43.9798 -24.6871 22.3
      vertex 43.5921 -25.1924 4
      vertex 43.5921 -25.1924 22.3
    endloop
  endfacet
  facet normal -0.737291 0.675575 0
    outer loop
      vertex 43.1619 -25.6619 4
      vertex 43.5921 -25.1924 22.3
      vertex 43.5921 -25.1924 4
    endloop
  endfacet
  facet normal -0.737291 0.675575 0
    outer loop
      vertex 43.5921 -25.1924 22.3
      vertex 43.1619 -25.6619 4
      vertex 43.1619 -25.6619 22.3
    endloop
  endfacet
  facet normal -0.675575 0.737291 0
    outer loop
      vertex 43.1619 -25.6619 4
      vertex 42.6924 -26.0921 22.3
      vertex 43.1619 -25.6619 22.3
    endloop
  endfacet
  facet normal -0.675575 0.737291 0
    outer loop
      vertex 42.6924 -26.0921 22.3
      vertex 43.1619 -25.6619 4
      vertex 42.6924 -26.0921 4
    endloop
  endfacet
  facet normal -0.608731 0.793376 0
    outer loop
      vertex 42.6924 -26.0921 4
      vertex 42.1871 -26.4798 22.3
      vertex 42.6924 -26.0921 22.3
    endloop
  endfacet
  facet normal -0.608731 0.793376 0
    outer loop
      vertex 42.1871 -26.4798 22.3
      vertex 42.6924 -26.0921 4
      vertex 42.1871 -26.4798 4
    endloop
  endfacet
  facet normal -0.537333 0.84337 0
    outer loop
      vertex 42.1871 -26.4798 4
      vertex 41.65 -26.822 22.3
      vertex 42.1871 -26.4798 22.3
    endloop
  endfacet
  facet normal -0.537333 0.84337 0
    outer loop
      vertex 41.65 -26.822 22.3
      vertex 42.1871 -26.4798 4
      vertex 41.65 -26.822 4
    endloop
  endfacet
  facet normal -0.461664 0.887055 0
    outer loop
      vertex 41.65 -26.822 4
      vertex 41.0851 -27.116 22.3
      vertex 41.65 -26.822 22.3
    endloop
  endfacet
  facet normal -0.461664 0.887055 0
    outer loop
      vertex 41.0851 -27.116 22.3
      vertex 41.65 -26.822 4
      vertex 41.0851 -27.116 4
    endloop
  endfacet
  facet normal -0.382786 0.923837 0
    outer loop
      vertex 41.0851 -27.116 4
      vertex 40.4967 -27.3598 22.3
      vertex 41.0851 -27.116 22.3
    endloop
  endfacet
  facet normal -0.382786 0.923837 0
    outer loop
      vertex 40.4967 -27.3598 22.3
      vertex 41.0851 -27.116 4
      vertex 40.4967 -27.3598 4
    endloop
  endfacet
  facet normal -0.300733 0.953708 0
    outer loop
      vertex 40.4967 -27.3598 4
      vertex 39.8894 -27.5513 22.3
      vertex 40.4967 -27.3598 22.3
    endloop
  endfacet
  facet normal -0.300733 0.953708 0
    outer loop
      vertex 39.8894 -27.5513 22.3
      vertex 40.4967 -27.3598 4
      vertex 39.8894 -27.5513 4
    endloop
  endfacet
  facet normal -0.216365 0.976313 0
    outer loop
      vertex 39.8894 -27.5513 4
      vertex 39.2676 -27.6891 22.3
      vertex 39.8894 -27.5513 22.3
    endloop
  endfacet
  facet normal -0.216365 0.976313 0
    outer loop
      vertex 39.2676 -27.6891 22.3
      vertex 39.8894 -27.5513 4
      vertex 39.2676 -27.6891 4
    endloop
  endfacet
  facet normal -0.130487 0.99145 0
    outer loop
      vertex 39.2676 -27.6891 4
      vertex 38.6362 -27.7722 22.3
      vertex 39.2676 -27.6891 22.3
    endloop
  endfacet
  facet normal -0.130487 0.99145 0
    outer loop
      vertex 38.6362 -27.7722 22.3
      vertex 39.2676 -27.6891 4
      vertex 38.6362 -27.7722 4
    endloop
  endfacet
  facet normal -0.0436553 0.999047 0
    outer loop
      vertex 38.6362 -27.7722 4
      vertex 38 -27.8 22.3
      vertex 38.6362 -27.7722 22.3
    endloop
  endfacet
  facet normal -0.0436553 0.999047 0
    outer loop
      vertex 38 -27.8 22.3
      vertex 38.6362 -27.7722 4
      vertex 38 -27.8 4
    endloop
  endfacet
  facet normal 0 1 -0
    outer loop
      vertex 38 -27.8 4
      vertex 35.5 -27.8 22.3
      vertex 38 -27.8 22.3
    endloop
  endfacet
  facet normal 0 1 0
    outer loop
      vertex 35.5 -27.8 22.3
      vertex 38 -27.8 4
      vertex 35.5 -27.8 4
    endloop
  endfacet
  facet normal 1 -0 0
    outer loop
      vertex 35.5 -27.8 22.3
      vertex 35.5 -27 5
      vertex 35.5 -27 22.3
    endloop
  endfacet
  facet normal 1 0 0
    outer loop
      vertex 35.5 -27.8 4
      vertex 35.5 -27 5
      vertex 35.5 -27.8 22.3
    endloop
  endfacet
  facet normal 1 0 0
    outer loop
      vertex 35.5 -27 5
      vertex 35.5 -27.8 4
      vertex 35.5 -27 4
    endloop
  endfacet
  facet normal 0 -1 0
    outer loop
      vertex 44.5 -3 5
      vertex 45.3 -3 22.3
      vertex 44.5 -3 22.3
    endloop
  endfacet
  facet normal 0 -1 0
    outer loop
      vertex 45.3 -3 4
      vertex 44.5 -3 5
      vertex 44.5 -3 4
    endloop
  endfacet
  facet normal 0 -1 0
    outer loop
      vertex 44.5 -3 5
      vertex 45.3 -3 4
      vertex 45.3 -3 22.3
    endloop
  endfacet
  facet normal -1 0 0
    outer loop
      vertex 45.3 -20.5 4
      vertex 45.3 -3 22.3
      vertex 45.3 -3 4
    endloop
  endfacet
  facet normal -1 -0 0
    outer loop
      vertex 45.3 -3 22.3
      vertex 45.3 -20.5 4
      vertex 45.3 -20.5 22.3
    endloop
  endfacet
  facet normal -0.130487 -0.99145 0
    outer loop
      vertex 38.6362 27.7722 4
      vertex 39.2676 27.6891 22.3
      vertex 38.6362 27.7722 22.3
    endloop
  endfacet
  facet normal -0.130487 -0.99145 -0
    outer loop
      vertex 39.2676 27.6891 22.3
      vertex 38.6362 27.7722 4
      vertex 39.2676 27.6891 4
    endloop
  endfacet
  facet normal -0.216365 -0.976313 0
    outer loop
      vertex 39.2676 27.6891 4
      vertex 39.8894 27.5513 22.3
      vertex 39.2676 27.6891 22.3
    endloop
  endfacet
  facet normal -0.216365 -0.976313 -0
    outer loop
      vertex 39.8894 27.5513 22.3
      vertex 39.2676 27.6891 4
      vertex 39.8894 27.5513 4
    endloop
  endfacet
  facet normal -0.300733 -0.953708 0
    outer loop
      vertex 39.8894 27.5513 4
      vertex 40.4967 27.3598 22.3
      vertex 39.8894 27.5513 22.3
    endloop
  endfacet
  facet normal -0.300733 -0.953708 -0
    outer loop
      vertex 40.4967 27.3598 22.3
      vertex 39.8894 27.5513 4
      vertex 40.4967 27.3598 4
    endloop
  endfacet
  facet normal -0.382786 -0.923837 0
    outer loop
      vertex 40.4967 27.3598 4
      vertex 41.0851 27.116 22.3
      vertex 40.4967 27.3598 22.3
    endloop
  endfacet
  facet normal -0.382786 -0.923837 -0
    outer loop
      vertex 41.0851 27.116 22.3
      vertex 40.4967 27.3598 4
      vertex 41.0851 27.116 4
    endloop
  endfacet
  facet normal -0.461664 -0.887055 0
    outer loop
      vertex 41.0851 27.116 4
      vertex 41.65 26.822 22.3
      vertex 41.0851 27.116 22.3
    endloop
  endfacet
  facet normal -0.461664 -0.887055 -0
    outer loop
      vertex 41.65 26.822 22.3
      vertex 41.0851 27.116 4
      vertex 41.65 26.822 4
    endloop
  endfacet
  facet normal -0.537333 -0.84337 0
    outer loop
      vertex 41.65 26.822 4
      vertex 42.1871 26.4798 22.3
      vertex 41.65 26.822 22.3
    endloop
  endfacet
  facet normal -0.537333 -0.84337 -0
    outer loop
      vertex 42.1871 26.4798 22.3
      vertex 41.65 26.822 4
      vertex 42.1871 26.4798 4
    endloop
  endfacet
  facet normal -0.608731 -0.793376 0
    outer loop
      vertex 42.1871 26.4798 4
      vertex 42.6924 26.0921 22.3
      vertex 42.1871 26.4798 22.3
    endloop
  endfacet
  facet normal -0.608731 -0.793376 -0
    outer loop
      vertex 42.6924 26.0921 22.3
      vertex 42.1871 26.4798 4
      vertex 42.6924 26.0921 4
    endloop
  endfacet
  facet normal -0.675575 -0.737291 0
    outer loop
      vertex 42.6924 26.0921 4
      vertex 43.1619 25.6619 22.3
      vertex 42.6924 26.0921 22.3
    endloop
  endfacet
  facet normal -0.675575 -0.737291 -0
    outer loop
      vertex 43.1619 25.6619 22.3
      vertex 42.6924 26.0921 4
      vertex 43.1619 25.6619 4
    endloop
  endfacet
  facet normal -0.737291 -0.675575 0
    outer loop
      vertex 43.5921 25.1924 4
      vertex 43.1619 25.6619 22.3
      vertex 43.1619 25.6619 4
    endloop
  endfacet
  facet normal -0.737291 -0.675575 0
    outer loop
      vertex 43.1619 25.6619 22.3
      vertex 43.5921 25.1924 4
      vertex 43.5921 25.1924 22.3
    endloop
  endfacet
  facet normal -0.793376 -0.608731 0
    outer loop
      vertex 43.9798 24.6871 4
      vertex 43.5921 25.1924 22.3
      vertex 43.5921 25.1924 4
    endloop
  endfacet
  facet normal -0.793376 -0.608731 0
    outer loop
      vertex 43.5921 25.1924 22.3
      vertex 43.9798 24.6871 4
      vertex 43.9798 24.6871 22.3
    endloop
  endfacet
  facet normal -0.84337 -0.537333 0
    outer loop
      vertex 44.322 24.15 4
      vertex 43.9798 24.6871 22.3
      vertex 43.9798 24.6871 4
    endloop
  endfacet
  facet normal -0.84337 -0.537333 0
    outer loop
      vertex 43.9798 24.6871 22.3
      vertex 44.322 24.15 4
      vertex 44.322 24.15 22.3
    endloop
  endfacet
  facet normal -0.887055 -0.461664 0
    outer loop
      vertex 44.616 23.5851 4
      vertex 44.322 24.15 22.3
      vertex 44.322 24.15 4
    endloop
  endfacet
  facet normal -0.887055 -0.461664 0
    outer loop
      vertex 44.322 24.15 22.3
      vertex 44.616 23.5851 4
      vertex 44.616 23.5851 22.3
    endloop
  endfacet
  facet normal -0.923837 -0.382786 0
    outer loop
      vertex 44.8598 22.9967 4
      vertex 44.616 23.5851 22.3
      vertex 44.616 23.5851 4
    endloop
  endfacet
  facet normal -0.923837 -0.382786 0
    outer loop
      vertex 44.616 23.5851 22.3
      vertex 44.8598 22.9967 4
      vertex 44.8598 22.9967 22.3
    endloop
  endfacet
  facet normal -0.953708 -0.300733 0
    outer loop
      vertex 45.0513 22.3894 4
      vertex 44.8598 22.9967 22.3
      vertex 44.8598 22.9967 4
    endloop
  endfacet
  facet normal -0.953708 -0.300733 0
    outer loop
      vertex 44.8598 22.9967 22.3
      vertex 45.0513 22.3894 4
      vertex 45.0513 22.3894 22.3
    endloop
  endfacet
  facet normal -0.976313 -0.216365 0
    outer loop
      vertex 45.1891 21.7676 4
      vertex 45.0513 22.3894 22.3
      vertex 45.0513 22.3894 4
    endloop
  endfacet
  facet normal -0.976313 -0.216365 0
    outer loop
      vertex 45.0513 22.3894 22.3
      vertex 45.1891 21.7676 4
      vertex 45.1891 21.7676 22.3
    endloop
  endfacet
  facet normal -0.99145 -0.130487 0
    outer loop
      vertex 45.2722 21.1362 4
      vertex 45.1891 21.7676 22.3
      vertex 45.1891 21.7676 4
    endloop
  endfacet
  facet normal -0.99145 -0.130487 0
    outer loop
      vertex 45.1891 21.7676 22.3
      vertex 45.2722 21.1362 4
      vertex 45.2722 21.1362 22.3
    endloop
  endfacet
  facet normal -0.999047 -0.0436553 0
    outer loop
      vertex 45.3 20.5 4
      vertex 45.2722 21.1362 22.3
      vertex 45.2722 21.1362 4
    endloop
  endfacet
  facet normal -0.999047 -0.0436553 0
    outer loop
      vertex 45.2722 21.1362 22.3
      vertex 45.3 20.5 4
      vertex 45.3 20.5 22.3
    endloop
  endfacet
  facet normal -1 0 0
    outer loop
      vertex 45.3 3 4
      vertex 45.3 20.5 22.3
      vertex 45.3 20.5 4
    endloop
  endfacet
  facet normal -1 -0 0
    outer loop
      vertex 45.3 20.5 22.3
      vertex 45.3 3 4
      vertex 45.3 3 22.3
    endloop
  endfacet
  facet normal 0 1 0
    outer loop
      vertex 45.3 3 22.3
      vertex 44.5 3 5
      vertex 44.5 3 22.3
    endloop
  endfacet
  facet normal 0 1 -0
    outer loop
      vertex 45.3 3 4
      vertex 44.5 3 5
      vertex 45.3 3 22.3
    endloop
  endfacet
  facet normal 0 1 0
    outer loop
      vertex 44.5 3 5
      vertex 45.3 3 4
      vertex 44.5 3 4
    endloop
  endfacet
  facet normal 1 0 0
    outer loop
      vertex 35.5 27 5
      vertex 35.5 27.8 22.3
      vertex 35.5 27 22.3
    endloop
  endfacet
  facet normal 1 0 0
    outer loop
      vertex 35.5 27.8 22.3
      vertex 35.5 27 5
      vertex 35.5 27.8 4
    endloop
  endfacet
  facet normal 1 0 0
    outer loop
      vertex 35.5 27.8 4
      vertex 35.5 27 5
      vertex 35.5 27 4
    endloop
  endfacet
  facet normal 0 -1 0
    outer loop
      vertex 35.5 27.8 4
      vertex 38 27.8 22.3
      vertex 35.5 27.8 22.3
    endloop
  endfacet
  facet normal 0 -1 -0
    outer loop
      vertex 38 27.8 22.3
      vertex 35.5 27.8 4
      vertex 38 27.8 4
    endloop
  endfacet
  facet normal -0.0436553 -0.999047 0
    outer loop
      vertex 38 27.8 4
      vertex 38.6362 27.7722 22.3
      vertex 38 27.8 22.3
    endloop
  endfacet
  facet normal -0.0436553 -0.999047 -0
    outer loop
      vertex 38.6362 27.7722 22.3
      vertex 38 27.8 4
      vertex 38.6362 27.7722 4
    endloop
  endfacet
  facet normal 0 1 -0
    outer loop
      vertex -44.5 3 5
      vertex -45.3 3 22.3
      vertex -44.5 3 22.3
    endloop
  endfacet
  facet normal 0 1 0
    outer loop
      vertex -45.3 3 4
      vertex -44.5 3 5
      vertex -44.5 3 4
    endloop
  endfacet
  facet normal 0 1 0
    outer loop
      vertex -44.5 3 5
      vertex -45.3 3 4
      vertex -45.3 3 22.3
    endloop
  endfacet
  facet normal 1 -0 0
    outer loop
      vertex -45.3 3 22.3
      vertex -45.3 20.5 4
      vertex -45.3 20.5 22.3
    endloop
  endfacet
  facet normal 1 0 0
    outer loop
      vertex -45.3 20.5 4
      vertex -45.3 3 22.3
      vertex -45.3 3 4
    endloop
  endfacet
  facet normal 0.999047 -0.0436553 0
    outer loop
      vertex -45.3 20.5 22.3
      vertex -45.2722 21.1362 4
      vertex -45.2722 21.1362 22.3
    endloop
  endfacet
  facet normal 0.999047 -0.0436553 0
    outer loop
      vertex -45.2722 21.1362 4
      vertex -45.3 20.5 22.3
      vertex -45.3 20.5 4
    endloop
  endfacet
  facet normal 0.99145 -0.130487 0
    outer loop
      vertex -45.2722 21.1362 22.3
      vertex -45.1891 21.7676 4
      vertex -45.1891 21.7676 22.3
    endloop
  endfacet
  facet normal 0.99145 -0.130487 0
    outer loop
      vertex -45.1891 21.7676 4
      vertex -45.2722 21.1362 22.3
      vertex -45.2722 21.1362 4
    endloop
  endfacet
  facet normal 0.976313 -0.216365 0
    outer loop
      vertex -45.1891 21.7676 22.3
      vertex -45.0513 22.3894 4
      vertex -45.0513 22.3894 22.3
    endloop
  endfacet
  facet normal 0.976313 -0.216365 0
    outer loop
      vertex -45.0513 22.3894 4
      vertex -45.1891 21.7676 22.3
      vertex -45.1891 21.7676 4
    endloop
  endfacet
  facet normal 0.953708 -0.300733 0
    outer loop
      vertex -45.0513 22.3894 22.3
      vertex -44.8598 22.9967 4
      vertex -44.8598 22.9967 22.3
    endloop
  endfacet
  facet normal 0.953708 -0.300733 0
    outer loop
      vertex -44.8598 22.9967 4
      vertex -45.0513 22.3894 22.3
      vertex -45.0513 22.3894 4
    endloop
  endfacet
  facet normal 0.923837 -0.382786 0
    outer loop
      vertex -44.8598 22.9967 22.3
      vertex -44.616 23.5851 4
      vertex -44.616 23.5851 22.3
    endloop
  endfacet
  facet normal 0.923837 -0.382786 0
    outer loop
      vertex -44.616 23.5851 4
      vertex -44.8598 22.9967 22.3
      vertex -44.8598 22.9967 4
    endloop
  endfacet
  facet normal 0.887055 -0.461664 0
    outer loop
      vertex -44.616 23.5851 22.3
      vertex -44.322 24.15 4
      vertex -44.322 24.15 22.3
    endloop
  endfacet
  facet normal 0.887055 -0.461664 0
    outer loop
      vertex -44.322 24.15 4
      vertex -44.616 23.5851 22.3
      vertex -44.616 23.5851 4
    endloop
  endfacet
  facet normal 0.84337 -0.537333 0
    outer loop
      vertex -44.322 24.15 22.3
      vertex -43.9798 24.6871 4
      vertex -43.9798 24.6871 22.3
    endloop
  endfacet
  facet normal 0.84337 -0.537333 0
    outer loop
      vertex -43.9798 24.6871 4
      vertex -44.322 24.15 22.3
      vertex -44.322 24.15 4
    endloop
  endfacet
  facet normal 0.793376 -0.608731 0
    outer loop
      vertex -43.9798 24.6871 22.3
      vertex -43.5921 25.1924 4
      vertex -43.5921 25.1924 22.3
    endloop
  endfacet
  facet normal 0.793376 -0.608731 0
    outer loop
      vertex -43.5921 25.1924 4
      vertex -43.9798 24.6871 22.3
      vertex -43.9798 24.6871 4
    endloop
  endfacet
  facet normal 0.737291 -0.675575 0
    outer loop
      vertex -43.5921 25.1924 22.3
      vertex -43.1619 25.6619 4
      vertex -43.1619 25.6619 22.3
    endloop
  endfacet
  facet normal 0.737291 -0.675575 0
    outer loop
      vertex -43.1619 25.6619 4
      vertex -43.5921 25.1924 22.3
      vertex -43.5921 25.1924 4
    endloop
  endfacet
  facet normal 0.675575 -0.737291 0
    outer loop
      vertex -43.1619 25.6619 4
      vertex -42.6924 26.0921 22.3
      vertex -43.1619 25.6619 22.3
    endloop
  endfacet
  facet normal 0.675575 -0.737291 0
    outer loop
      vertex -42.6924 26.0921 22.3
      vertex -43.1619 25.6619 4
      vertex -42.6924 26.0921 4
    endloop
  endfacet
  facet normal 0.608731 -0.793376 0
    outer loop
      vertex -42.6924 26.0921 4
      vertex -42.1871 26.4798 22.3
      vertex -42.6924 26.0921 22.3
    endloop
  endfacet
  facet normal 0.608731 -0.793376 0
    outer loop
      vertex -42.1871 26.4798 22.3
      vertex -42.6924 26.0921 4
      vertex -42.1871 26.4798 4
    endloop
  endfacet
  facet normal 0.537333 -0.84337 0
    outer loop
      vertex -42.1871 26.4798 4
      vertex -41.65 26.822 22.3
      vertex -42.1871 26.4798 22.3
    endloop
  endfacet
  facet normal 0.537333 -0.84337 0
    outer loop
      vertex -41.65 26.822 22.3
      vertex -42.1871 26.4798 4
      vertex -41.65 26.822 4
    endloop
  endfacet
  facet normal 0.461664 -0.887055 0
    outer loop
      vertex -41.65 26.822 4
      vertex -41.0851 27.116 22.3
      vertex -41.65 26.822 22.3
    endloop
  endfacet
  facet normal 0.461664 -0.887055 0
    outer loop
      vertex -41.0851 27.116 22.3
      vertex -41.65 26.822 4
      vertex -41.0851 27.116 4
    endloop
  endfacet
  facet normal 0.382786 -0.923837 0
    outer loop
      vertex -41.0851 27.116 4
      vertex -40.4967 27.3598 22.3
      vertex -41.0851 27.116 22.3
    endloop
  endfacet
  facet normal 0.382786 -0.923837 0
    outer loop
      vertex -40.4967 27.3598 22.3
      vertex -41.0851 27.116 4
      vertex -40.4967 27.3598 4
    endloop
  endfacet
  facet normal 0.300733 -0.953708 0
    outer loop
      vertex -40.4967 27.3598 4
      vertex -39.8894 27.5513 22.3
      vertex -40.4967 27.3598 22.3
    endloop
  endfacet
  facet normal 0.300733 -0.953708 0
    outer loop
      vertex -39.8894 27.5513 22.3
      vertex -40.4967 27.3598 4
      vertex -39.8894 27.5513 4
    endloop
  endfacet
  facet normal 0.216365 -0.976313 0
    outer loop
      vertex -39.8894 27.5513 4
      vertex -39.2676 27.6891 22.3
      vertex -39.8894 27.5513 22.3
    endloop
  endfacet
  facet normal 0.216365 -0.976313 0
    outer loop
      vertex -39.2676 27.6891 22.3
      vertex -39.8894 27.5513 4
      vertex -39.2676 27.6891 4
    endloop
  endfacet
  facet normal 0.130487 -0.99145 0
    outer loop
      vertex -39.2676 27.6891 4
      vertex -38.6362 27.7722 22.3
      vertex -39.2676 27.6891 22.3
    endloop
  endfacet
  facet normal 0.130487 -0.99145 0
    outer loop
      vertex -38.6362 27.7722 22.3
      vertex -39.2676 27.6891 4
      vertex -38.6362 27.7722 4
    endloop
  endfacet
  facet normal 0.0436553 -0.999047 0
    outer loop
      vertex -38.6362 27.7722 4
      vertex -38 27.8 22.3
      vertex -38.6362 27.7722 22.3
    endloop
  endfacet
  facet normal 0.0436553 -0.999047 0
    outer loop
      vertex -38 27.8 22.3
      vertex -38.6362 27.7722 4
      vertex -38 27.8 4
    endloop
  endfacet
  facet normal 0 -1 0
    outer loop
      vertex -38 27.8 4
      vertex -35.5 27.8 22.3
      vertex -38 27.8 22.3
    endloop
  endfacet
  facet normal 0 -1 -0
    outer loop
      vertex -35.5 27.8 22.3
      vertex -38 27.8 4
      vertex -35.5 27.8 4
    endloop
  endfacet
  facet normal -1 0 0
    outer loop
      vertex -35.5 27 5
      vertex -35.5 27.8 4
      vertex -35.5 27 4
    endloop
  endfacet
  facet normal -1 0 0
    outer loop
      vertex -35.5 27.8 4
      vertex -35.5 27 5
      vertex -35.5 27.8 22.3
    endloop
  endfacet
  facet normal -1 -0 0
    outer loop
      vertex -35.5 27.8 22.3
      vertex -35.5 27 5
      vertex -35.5 27 22.3
    endloop
  endfacet
  facet normal 1 0 0
    outer loop
      vertex -29.5 27 5
      vertex -29.5 27.8 22.3
      vertex -29.5 27 22.3
    endloop
  endfacet
  facet normal 1 0 0
    outer loop
      vertex -29.5 27.8 22.3
      vertex -29.5 27 5
      vertex -29.5 27.8 4
    endloop
  endfacet
  facet normal 1 0 0
    outer loop
      vertex -29.5 27.8 4
      vertex -29.5 27 5
      vertex -29.5 27 4
    endloop
  endfacet
  facet normal 0 -1 0
    outer loop
      vertex -29.5 27.8 4
      vertex 29.5 27.8 22.3
      vertex -29.5 27.8 22.3
    endloop
  endfacet
  facet normal 0 -1 -0
    outer loop
      vertex 29.5 27.8 22.3
      vertex -29.5 27.8 4
      vertex 29.5 27.8 4
    endloop
  endfacet
  facet normal -1 0 0
    outer loop
      vertex 29.5 27 5
      vertex 29.5 27.8 4
      vertex 29.5 27 4
    endloop
  endfacet
  facet normal -1 0 0
    outer loop
      vertex 29.5 27.8 4
      vertex 29.5 27 5
      vertex 29.5 27.8 22.3
    endloop
  endfacet
  facet normal -1 -0 0
    outer loop
      vertex 29.5 27.8 22.3
      vertex 29.5 27 5
      vertex 29.5 27 22.3
    endloop
  endfacet
endsolid OpenSCAD_Model
