solid OpenSCAD_Model
  facet normal 0.596706 0.380017 0.706773
    outer loop
      vertex 42.5958 20.3679 34.3
      vertex 41.6128 19.6796 35.5
      vertex 42.8301 20 34.3
    endloop
  endfacet
  facet normal 0.627522 0.326655 0.706762
    outer loop
      vertex 42.8301 20 34.3
      vertex 41.7909 19.4 35.5
      vertex 43.0315 19.6131 34.3
    endloop
  endfacet
  facet normal 0.561255 0.430651 0.706776
    outer loop
      vertex 42.5958 20.3679 34.3
      vertex 41.411 19.9426 35.5
      vertex 41.6128 19.6796 35.5
    endloop
  endfacet
  facet normal 0.887018 -0.461735 0
    outer loop
      vertex 42.8301 -20 34.3
      vertex 43.0315 -19.6131 1
      vertex 43.0315 -19.6131 34.3
    endloop
  endfacet
  facet normal 0.887018 -0.461735 0
    outer loop
      vertex 43.0315 -19.6131 1
      vertex 42.8301 -20 34.3
      vertex 42.8301 -20 1
    endloop
  endfacet
  facet normal 0.326668 0.627518 0.70676
    outer loop
      vertex 40.6131 22.0315 34.3
      vertex 40.1059 20.944 35.5
      vertex 40.4 20.7909 35.5
    endloop
  endfacet
  facet normal 0.326638 0.627527 -0.706765
    outer loop
      vertex 40.5 20.9641 0
      vertex 40.1905 21.1252 0
      vertex 40.6131 22.0315 1
    endloop
  endfacet
  facet normal 0.999051 -0.0435566 0
    outer loop
      vertex 43.481 -17.9358 34.3
      vertex 43.5 -17.5 1
      vertex 43.5 -17.5 34.3
    endloop
  endfacet
  facet normal 0.999051 -0.0435566 0
    outer loop
      vertex 43.5 -17.5 1
      vertex 43.481 -17.9358 34.3
      vertex 43.481 -17.9358 1
    endloop
  endfacet
  facet normal 0.0308138 0.706771 0.706771
    outer loop
      vertex 38.5 22.5 34.3
      vertex 38.5 21.3 35.5
      vertex 38.9358 22.481 34.3
    endloop
  endfacet
  facet normal 0.521547 0.478013 0.706748
    outer loop
      vertex 42.3302 20.7139 34.3
      vertex 41.187 20.187 35.5
      vertex 41.411 19.9426 35.5
    endloop
  endfacet
  facet normal 0.153059 0.690692 -0.706765
    outer loop
      vertex 39.5353 21.3637 0
      vertex 39.1946 21.4392 0
      vertex 39.3682 22.424 1
    endloop
  endfacet
  facet normal -0.627522 -0.326655 0.706762
    outer loop
      vertex -41.7909 -19.4 35.5
      vertex -43.0315 -19.6131 34.3
      vertex -42.8301 -20 34.3
    endloop
  endfacet
  facet normal 0.521461 -0.478073 -0.706771
    outer loop
      vertex 42.0355 -21.0355 1
      vertex 41.3284 -20.3284 0
      vertex 41.5642 -20.0712 0
    endloop
  endfacet
  facet normal 0.706771 0.0308138 0.706771
    outer loop
      vertex 43.481 17.9358 34.3
      vertex 42.3 17.5 35.5
      vertex 43.5 17.5 34.3
    endloop
  endfacet
  facet normal -0.0308138 -0.706771 -0.706771
    outer loop
      vertex -38.5 -22.5 1
      vertex -38.9358 -22.481 1
      vertex -38.5 -21.5 0
    endloop
  endfacet
  facet normal -0.0435566 -0.999051 0
    outer loop
      vertex -38.9358 -22.481 1
      vertex -38.5 -22.5 34.3
      vertex -38.9358 -22.481 34.3
    endloop
  endfacet
  facet normal -0.0435566 -0.999051 -0
    outer loop
      vertex -38.5 -22.5 34.3
      vertex -38.9358 -22.481 1
      vertex -38.5 -22.5 1
    endloop
  endfacet
  facet normal 0 -0.707107 0.707107
    outer loop
      vertex -38.5 -22.5 34.3
      vertex 38.5 -21.3 35.5
      vertex -38.5 -21.3 35.5
    endloop
  endfacet
  facet normal 0 -0.707107 0.707107
    outer loop
      vertex 38.5 -21.3 35.5
      vertex -38.5 -22.5 34.3
      vertex 38.5 -22.5 34.3
    endloop
  endfacet
  facet normal 0.991423 0.130692 0
    outer loop
      vertex 43.481 17.9358 34.3
      vertex 43.424 18.3682 1
      vertex 43.424 18.3682 34.3
    endloop
  endfacet
  facet normal 0.991423 0.130692 0
    outer loop
      vertex 43.424 18.3682 1
      vertex 43.481 17.9358 34.3
      vertex 43.481 17.9358 1
    endloop
  endfacet
  facet normal -0.653554 -0.270827 -0.706767
    outer loop
      vertex -42.1252 -19.1905 0
      vertex -43.0315 -19.6131 1
      vertex -42.2588 -18.8681 0
    endloop
  endfacet
  facet normal -0.0924548 -0.701358 0.706787
    outer loop
      vertex -38.8312 -21.2855 35.5
      vertex -39.3682 -22.424 34.3
      vertex -38.9358 -22.481 34.3
    endloop
  endfacet
  facet normal 0.0308138 -0.706771 -0.706771
    outer loop
      vertex 38.9358 -22.481 1
      vertex 38.5 -22.5 1
      vertex 38.5 -21.5 0
    endloop
  endfacet
  facet normal 0.690705 0.153093 0.706746
    outer loop
      vertex 43.3296 18.7941 34.3
      vertex 42.2423 18.1599 35.5
      vertex 43.424 18.3682 34.3
    endloop
  endfacet
  facet normal 0.0309414 -0.706745 0.706792
    outer loop
      vertex 38.8312 -21.2855 35.5
      vertex 38.5 -21.3 35.5
      vertex 38.9358 -22.481 34.3
    endloop
  endfacet
  facet normal -1 0 0
    outer loop
      vertex -43.5 -17.5 1
      vertex -43.5 17.5 34.3
      vertex -43.5 17.5 1
    endloop
  endfacet
  facet normal -1 -0 0
    outer loop
      vertex -43.5 17.5 34.3
      vertex -43.5 -17.5 1
      vertex -43.5 -17.5 34.3
    endloop
  endfacet
  facet normal 0.521584 0.477957 0.706759
    outer loop
      vertex 42.0355 21.0355 34.3
      vertex 41.187 20.187 35.5
      vertex 42.3302 20.7139 34.3
    endloop
  endfacet
  facet normal -0.561184 0.430782 0.706752
    outer loop
      vertex -42.3302 20.7139 34.3
      vertex -42.5958 20.3679 34.3
      vertex -41.411 19.9426 35.5
    endloop
  endfacet
  facet normal -0.0435566 0.999051 0
    outer loop
      vertex -38.5 22.5 1
      vertex -38.9358 22.481 34.3
      vertex -38.5 22.5 34.3
    endloop
  endfacet
  facet normal -0.0435566 0.999051 0
    outer loop
      vertex -38.9358 22.481 34.3
      vertex -38.5 22.5 1
      vertex -38.9358 22.481 1
    endloop
  endfacet
  facet normal 0.478073 0.521461 -0.706771
    outer loop
      vertex 41.3284 20.3284 0
      vertex 41.0712 20.5642 0
      vertex 42.0355 21.0355 1
    endloop
  endfacet
  facet normal 0.380075 0.596681 0.706763
    outer loop
      vertex 41 21.8301 34.3
      vertex 40.4 20.7909 35.5
      vertex 40.6796 20.6128 35.5
    endloop
  endfacet
  facet normal 0.653629 0.270673 0.706756
    outer loop
      vertex 43.0315 19.6131 34.3
      vertex 41.944 19.1059 35.5
      vertex 42.0708 18.7997 35.5
    endloop
  endfacet
  facet normal 0.674701 0.212738 0.706768
    outer loop
      vertex 43.3296 18.7941 34.3
      vertex 42.0708 18.7997 35.5
      vertex 42.1705 18.4835 35.5
    endloop
  endfacet
  facet normal 0.690647 0.15324 0.706771
    outer loop
      vertex 43.3296 18.7941 34.3
      vertex 42.1705 18.4835 35.5
      vertex 42.2423 18.1599 35.5
    endloop
  endfacet
  facet normal 0.991423 -0.130692 0
    outer loop
      vertex 43.424 -18.3682 34.3
      vertex 43.481 -17.9358 1
      vertex 43.481 -17.9358 34.3
    endloop
  endfacet
  facet normal 0.991423 -0.130692 0
    outer loop
      vertex 43.481 -17.9358 1
      vertex 43.424 -18.3682 34.3
      vertex 43.424 -18.3682 1
    endloop
  endfacet
  facet normal 0.300572 -0.953759 0
    outer loop
      vertex 39.7941 -22.3296 1
      vertex 40.2101 -22.1985 34.3
      vertex 39.7941 -22.3296 34.3
    endloop
  endfacet
  facet normal 0.300572 -0.953759 0
    outer loop
      vertex 40.2101 -22.1985 34.3
      vertex 39.7941 -22.3296 1
      vertex 40.2101 -22.1985 1
    endloop
  endfacet
  facet normal 0.706771 -0.0308138 0.706771
    outer loop
      vertex 43.5 -17.5 34.3
      vertex 42.3 -17.5 35.5
      vertex 43.481 -17.9358 34.3
    endloop
  endfacet
  facet normal 0 -1 0
    outer loop
      vertex -38.5 -22.5 34.3
      vertex 2 -22.5 21.5
      vertex 38.5 -22.5 34.3
    endloop
  endfacet
  facet normal 0 -1 0
    outer loop
      vertex 1.00727 -22.5 19.4586
      vertex 2 -22.5 21.5
      vertex -38.5 -22.5 34.3
    endloop
  endfacet
  facet normal 0 -1 -0
    outer loop
      vertex 2 -22.5 21.5
      vertex 1.91436 -22.5 20.9
      vertex 2 -22.5 21.0152
    endloop
  endfacet
  facet normal 0 -1 0
    outer loop
      vertex 2 -22.5 21.5
      vertex 1.77271 -22.5 20.6961
      vertex 1.91436 -22.5 20.9
    endloop
  endfacet
  facet normal 0 -1 0
    outer loop
      vertex 2 -22.5 21.5
      vertex 1.70137 -22.5 20.5934
      vertex 1.77271 -22.5 20.6961
    endloop
  endfacet
  facet normal 0 -1 0
    outer loop
      vertex 2 -22.5 21.5
      vertex 1.57758 -22.5 20.4034
      vertex 1.70137 -22.5 20.5934
    endloop
  endfacet
  facet normal 0 -1 0
    outer loop
      vertex 2 -22.5 21.5
      vertex 1.47922 -22.5 20.2524
      vertex 1.57758 -22.5 20.4034
    endloop
  endfacet
  facet normal 0 -1 0
    outer loop
      vertex 2 -22.5 21.5
      vertex 1.35254 -22.5 20.0458
      vertex 1.47922 -22.5 20.2524
    endloop
  endfacet
  facet normal 0 -1 0
    outer loop
      vertex 2 -22.5 21.5
      vertex 1.24783 -22.5 19.875
      vertex 1.35254 -22.5 20.0458
    endloop
  endfacet
  facet normal 0 -1 0
    outer loop
      vertex 2 -22.5 21.5
      vertex 1.16709 -22.5 19.7352
      vertex 1.24783 -22.5 19.875
    endloop
  endfacet
  facet normal 0 -1 0
    outer loop
      vertex 2 -22.5 21.5
      vertex 1.00727 -22.5 19.4586
      vertex 1.16709 -22.5 19.7352
    endloop
  endfacet
  facet normal 0 -1 0
    outer loop
      vertex -38.5 -22.5 34.3
      vertex 0.757851 -22.5 19.0011
      vertex 1.00727 -22.5 19.4586
    endloop
  endfacet
  facet normal 0 -1 0
    outer loop
      vertex -38.5 -22.5 34.3
      vertex 0.5 -22.5 18.5
      vertex 0.757851 -22.5 19.0011
    endloop
  endfacet
  facet normal 0 -1 0
    outer loop
      vertex -38.5 -22.5 1
      vertex 0.5 -22.5 18.5
      vertex -38.5 -22.5 34.3
    endloop
  endfacet
  facet normal 0 -1 -0
    outer loop
      vertex 0.5 -22.5 18.5
      vertex -38.5 -22.5 1
      vertex 0.5 -22.5 14
    endloop
  endfacet
  facet normal 0 -1 -0
    outer loop
      vertex 0.5 -22.5 14
      vertex -38.5 -22.5 1
      vertex 0.507614 -22.5 11.5596
    endloop
  endfacet
  facet normal 0 -1 -0
    outer loop
      vertex 0.507614 -22.5 11.5596
      vertex -38.5 -22.5 1
      vertex 0.53038 -22.5 9.13794
    endloop
  endfacet
  facet normal 0 -1 -0
    outer loop
      vertex 0.53038 -22.5 9.13794
      vertex -38.5 -22.5 1
      vertex 0.568146 -22.5 6.75305
    endloop
  endfacet
  facet normal 0 -1 -0
    outer loop
      vertex 0.568146 -22.5 6.75305
      vertex -38.5 -22.5 1
      vertex 0.620621 -22.5 4.42349
    endloop
  endfacet
  facet normal 0 -1 -0
    outer loop
      vertex 0.620621 -22.5 4.42349
      vertex -38.5 -22.5 1
      vertex 0.687378 -22.5 2.16678
    endloop
  endfacet
  facet normal 0 -1 -0
    outer loop
      vertex 0.687378 -22.5 2.16678
      vertex -38.5 -22.5 1
      vertex 0.730762 -22.5 1
    endloop
  endfacet
  facet normal 0 -1 0
    outer loop
      vertex 12 -22.5 21.5
      vertex 38.5 -22.5 34.3
      vertex 2 -22.5 21.5
    endloop
  endfacet
  facet normal 0 -1 0
    outer loop
      vertex 38.5 -22.5 1
      vertex 12 -22.5 21.5
      vertex 12 -22.5 1
    endloop
  endfacet
  facet normal 0 -1 0
    outer loop
      vertex 12 -22.5 21.5
      vertex 38.5 -22.5 1
      vertex 38.5 -22.5 34.3
    endloop
  endfacet
  facet normal 0.793237 0.608913 0
    outer loop
      vertex 42.5958 20.3679 34.3
      vertex 42.3302 20.7139 1
      vertex 42.3302 20.7139 34.3
    endloop
  endfacet
  facet normal 0.793237 0.608913 0
    outer loop
      vertex 42.3302 20.7139 1
      vertex 42.5958 20.3679 34.3
      vertex 42.5958 20.3679 1
    endloop
  endfacet
  facet normal 0.477957 0.521584 0.706759
    outer loop
      vertex 41.7139 21.3302 34.3
      vertex 41.187 20.187 35.5
      vertex 42.0355 21.0355 34.3
    endloop
  endfacet
  facet normal 0.707107 -0 0.707107
    outer loop
      vertex 42.3 -17.5 35.5
      vertex 43.5 17.5 34.3
      vertex 42.3 17.5 35.5
    endloop
  endfacet
  facet normal 0.707107 0 0.707107
    outer loop
      vertex 43.5 17.5 34.3
      vertex 42.3 -17.5 35.5
      vertex 43.5 -17.5 34.3
    endloop
  endfacet
  facet normal 0.701358 -0.0924548 0.706787
    outer loop
      vertex 43.481 -17.9358 34.3
      vertex 42.2855 -17.8312 35.5
      vertex 43.424 -18.3682 34.3
    endloop
  endfacet
  facet normal 0.561184 -0.430782 0.706752
    outer loop
      vertex 42.5958 -20.3679 34.3
      vertex 41.411 -19.9426 35.5
      vertex 42.3302 -20.7139 34.3
    endloop
  endfacet
  facet normal -0.380075 -0.596681 0.706763
    outer loop
      vertex -40.6796 -20.6128 35.5
      vertex -41 -21.8301 34.3
      vertex -40.4 -20.7909 35.5
    endloop
  endfacet
  facet normal -0.596681 0.380075 0.706763
    outer loop
      vertex -41.6128 19.6796 35.5
      vertex -42.8301 20 34.3
      vertex -41.7909 19.4 35.5
    endloop
  endfacet
  facet normal -0.478073 0.521461 -0.706771
    outer loop
      vertex -41.3284 20.3284 0
      vertex -42.0355 21.0355 1
      vertex -41.0712 20.5642 0
    endloop
  endfacet
  facet normal 0.537172 0.843473 -0
    outer loop
      vertex 41.3679 21.5958 1
      vertex 41 21.8301 34.3
      vertex 41.3679 21.5958 34.3
    endloop
  endfacet
  facet normal 0.537172 0.843473 0
    outer loop
      vertex 41 21.8301 34.3
      vertex 41.3679 21.5958 1
      vertex 41 21.8301 1
    endloop
  endfacet
  facet normal 0.674728 0.212677 -0.706761
    outer loop
      vertex 42.3637 18.5353 0
      vertex 42.2588 18.8681 0
      vertex 43.3296 18.7941 1
    endloop
  endfacet
  facet normal 0.70677 0.0308173 -0.706772
    outer loop
      vertex 42.5 17.5 0
      vertex 42.4848 17.8486 0
      vertex 43.481 17.9358 1
    endloop
  endfacet
  facet normal 0.5216 -0.477971 -0.706737
    outer loop
      vertex 42.0355 -21.0355 1
      vertex 41.5642 -20.0712 0
      vertex 42.3302 -20.7139 1
    endloop
  endfacet
  facet normal 0.999051 0.0435566 0
    outer loop
      vertex 43.5 17.5 34.3
      vertex 43.481 17.9358 1
      vertex 43.481 17.9358 34.3
    endloop
  endfacet
  facet normal 0.999051 0.0435566 0
    outer loop
      vertex 43.481 17.9358 1
      vertex 43.5 17.5 34.3
      vertex 43.5 17.5 1
    endloop
  endfacet
  facet normal -0.38001 0.596695 -0.706787
    outer loop
      vertex -40.7943 20.7766 0
      vertex -41.3679 21.5958 1
      vertex -41 21.8301 1
    endloop
  endfacet
  facet normal 0 0.707107 0.707107
    outer loop
      vertex 38.5 22.5 34.3
      vertex -38.5 21.3 35.5
      vertex 38.5 21.3 35.5
    endloop
  endfacet
  facet normal 0 0.707107 0.707107
    outer loop
      vertex -38.5 21.3 35.5
      vertex 38.5 22.5 34.3
      vertex -38.5 22.5 34.3
    endloop
  endfacet
  facet normal 1 -0 0
    outer loop
      vertex 43.5 -17.5 34.3
      vertex 43.5 17.5 1
      vertex 43.5 17.5 34.3
    endloop
  endfacet
  facet normal 1 0 0
    outer loop
      vertex 43.5 17.5 1
      vertex 43.5 -17.5 34.3
      vertex 43.5 -17.5 1
    endloop
  endfacet
  facet normal 0.596681 0.380075 0.706763
    outer loop
      vertex 42.8301 20 34.3
      vertex 41.6128 19.6796 35.5
      vertex 41.7909 19.4 35.5
    endloop
  endfacet
  facet normal 0.674716 0.212633 0.706785
    outer loop
      vertex 43.1985 19.2101 34.3
      vertex 42.0708 18.7997 35.5
      vertex 43.3296 18.7941 34.3
    endloop
  endfacet
  facet normal 0.627518 0.326668 0.70676
    outer loop
      vertex 43.0315 19.6131 34.3
      vertex 41.7909 19.4 35.5
      vertex 41.944 19.1059 35.5
    endloop
  endfacet
  facet normal 0.0921878 -0.701438 0.706743
    outer loop
      vertex 39.1599 -21.2423 35.5
      vertex 38.8312 -21.2855 35.5
      vertex 39.3682 -22.424 34.3
    endloop
  endfacet
  facet normal 0.153093 0.690705 0.706746
    outer loop
      vertex 39.3682 22.424 34.3
      vertex 39.1599 21.2423 35.5
      vertex 39.7941 22.3296 34.3
    endloop
  endfacet
  facet normal 0.627527 -0.326638 -0.706765
    outer loop
      vertex 43.0315 -19.6131 1
      vertex 41.9641 -19.5 0
      vertex 42.1252 -19.1905 0
    endloop
  endfacet
  facet normal -0.521461 0.478073 -0.706771
    outer loop
      vertex -41.5642 20.0712 0
      vertex -42.0355 21.0355 1
      vertex -41.3284 20.3284 0
    endloop
  endfacet
  facet normal 0.38001 0.596695 -0.706787
    outer loop
      vertex 41.3679 21.5958 1
      vertex 40.7943 20.7766 0
      vertex 41 21.8301 1
    endloop
  endfacet
  facet normal 0.608913 -0.793237 0
    outer loop
      vertex 41.3679 -21.5958 1
      vertex 41.7139 -21.3302 34.3
      vertex 41.3679 -21.5958 34.3
    endloop
  endfacet
  facet normal 0.608913 -0.793237 0
    outer loop
      vertex 41.7139 -21.3302 34.3
      vertex 41.3679 -21.5958 1
      vertex 41.7139 -21.3302 1
    endloop
  endfacet
  facet normal -0.0308138 0.706771 0.706771
    outer loop
      vertex -38.5 22.5 34.3
      vertex -38.9358 22.481 34.3
      vertex -38.5 21.3 35.5
    endloop
  endfacet
  facet normal -0.596681 -0.380075 0.706763
    outer loop
      vertex -41.7909 -19.4 35.5
      vertex -42.8301 -20 34.3
      vertex -41.6128 -19.6796 35.5
    endloop
  endfacet
  facet normal 0 0.707107 -0.707107
    outer loop
      vertex 38.5 21.5 0
      vertex -38.5 22.5 1
      vertex 38.5 22.5 1
    endloop
  endfacet
  facet normal 0 0.707107 -0.707107
    outer loop
      vertex -38.5 22.5 1
      vertex 38.5 21.5 0
      vertex -38.5 21.5 0
    endloop
  endfacet
  facet normal 0.461735 0.887018 -0
    outer loop
      vertex 41 21.8301 1
      vertex 40.6131 22.0315 34.3
      vertex 41 21.8301 34.3
    endloop
  endfacet
  facet normal 0.461735 0.887018 0
    outer loop
      vertex 40.6131 22.0315 34.3
      vertex 41 21.8301 1
      vertex 40.6131 22.0315 1
    endloop
  endfacet
  facet normal 0.6756 0.737268 -0
    outer loop
      vertex 42.0355 21.0355 1
      vertex 41.7139 21.3302 34.3
      vertex 42.0355 21.0355 34.3
    endloop
  endfacet
  facet normal 0.6756 0.737268 0
    outer loop
      vertex 41.7139 21.3302 34.3
      vertex 42.0355 21.0355 1
      vertex 41.7139 21.3302 1
    endloop
  endfacet
  facet normal -0.596706 0.380017 0.706773
    outer loop
      vertex -42.5958 20.3679 34.3
      vertex -42.8301 20 34.3
      vertex -41.6128 19.6796 35.5
    endloop
  endfacet
  facet normal 0.430782 0.561184 0.706752
    outer loop
      vertex 41.3679 21.5958 34.3
      vertex 40.9426 20.411 35.5
      vertex 41.7139 21.3302 34.3
    endloop
  endfacet
  facet normal -0.561255 0.430651 0.706776
    outer loop
      vertex -41.411 19.9426 35.5
      vertex -42.5958 20.3679 34.3
      vertex -41.6128 19.6796 35.5
    endloop
  endfacet
  facet normal 0.430782 -0.561184 0.706752
    outer loop
      vertex 41.7139 -21.3302 34.3
      vertex 40.9426 -20.411 35.5
      vertex 41.3679 -21.5958 34.3
    endloop
  endfacet
  facet normal -0.706771 0.0308138 0.706771
    outer loop
      vertex -43.481 17.9358 34.3
      vertex -43.5 17.5 34.3
      vertex -42.3 17.5 35.5
    endloop
  endfacet
  facet normal -0.300572 0.953759 0
    outer loop
      vertex -39.7941 22.3296 1
      vertex -40.2101 22.1985 34.3
      vertex -39.7941 22.3296 34.3
    endloop
  endfacet
  facet normal -0.300572 0.953759 0
    outer loop
      vertex -40.2101 22.1985 34.3
      vertex -39.7941 22.3296 1
      vertex -40.2101 22.1985 1
    endloop
  endfacet
  facet normal 0.270827 0.653554 -0.706767
    outer loop
      vertex 40.1905 21.1252 0
      vertex 39.8681 21.2588 0
      vertex 40.6131 22.0315 1
    endloop
  endfacet
  facet normal -0.270827 0.653554 -0.706767
    outer loop
      vertex -40.1905 21.1252 0
      vertex -40.6131 22.0315 1
      vertex -39.8681 21.2588 0
    endloop
  endfacet
  facet normal 0.430558 0.561307 -0.706791
    outer loop
      vertex 41.0712 20.5642 0
      vertex 40.7943 20.7766 0
      vertex 41.3679 21.5958 1
    endloop
  endfacet
  facet normal -0.0308173 0.70677 -0.706772
    outer loop
      vertex -38.8486 21.4848 0
      vertex -38.9358 22.481 1
      vertex -38.5 21.5 0
    endloop
  endfacet
  facet normal 0.270827 -0.653554 -0.706767
    outer loop
      vertex 40.6131 -22.0315 1
      vertex 39.8681 -21.2588 0
      vertex 40.1905 -21.1252 0
    endloop
  endfacet
  facet normal 0 1 -0
    outer loop
      vertex 38.5 22.5 1
      vertex -38.5 22.5 34.3
      vertex 38.5 22.5 34.3
    endloop
  endfacet
  facet normal 0 1 0
    outer loop
      vertex -38.5 22.5 34.3
      vertex 38.5 22.5 1
      vertex -38.5 22.5 1
    endloop
  endfacet
  facet normal 0.596695 -0.38001 -0.706787
    outer loop
      vertex 42.5958 -20.3679 1
      vertex 41.7766 -19.7943 0
      vertex 42.8301 -20 1
    endloop
  endfacet
  facet normal 0.690692 0.153059 -0.706765
    outer loop
      vertex 42.4392 18.1946 0
      vertex 42.3637 18.5353 0
      vertex 43.424 18.3682 1
    endloop
  endfacet
  facet normal -0.270821 0.653539 0.706784
    outer loop
      vertex -40.2101 22.1985 34.3
      vertex -40.6131 22.0315 34.3
      vertex -39.7997 21.0708 35.5
    endloop
  endfacet
  facet normal 0.627522 -0.326655 0.706762
    outer loop
      vertex 43.0315 -19.6131 34.3
      vertex 41.7909 -19.4 35.5
      vertex 42.8301 -20 34.3
    endloop
  endfacet
  facet normal -0.153093 0.690705 0.706746
    outer loop
      vertex -39.3682 22.424 34.3
      vertex -39.7941 22.3296 34.3
      vertex -39.1599 21.2423 35.5
    endloop
  endfacet
  facet normal -0.270821 -0.653539 0.706784
    outer loop
      vertex -39.7997 -21.0708 35.5
      vertex -40.6131 -22.0315 34.3
      vertex -40.2101 -22.1985 34.3
    endloop
  endfacet
  facet normal 0.706745 -0.0309414 0.706792
    outer loop
      vertex 42.3 -17.5 35.5
      vertex 42.2855 -17.8312 35.5
      vertex 43.481 -17.9358 34.3
    endloop
  endfacet
  facet normal -0.212633 -0.674716 0.706785
    outer loop
      vertex -39.7997 -21.0708 35.5
      vertex -40.2101 -22.1985 34.3
      vertex -39.7941 -22.3296 34.3
    endloop
  endfacet
  facet normal 0.690692 0.153091 -0.706759
    outer loop
      vertex 43.424 18.3682 1
      vertex 42.3637 18.5353 0
      vertex 43.3296 18.7941 1
    endloop
  endfacet
  facet normal -0.212633 0.674716 0.706785
    outer loop
      vertex -39.7941 22.3296 34.3
      vertex -40.2101 22.1985 34.3
      vertex -39.7997 21.0708 35.5
    endloop
  endfacet
  facet normal 0.701438 0.0921878 0.706743
    outer loop
      vertex 43.424 18.3682 34.3
      vertex 42.2423 18.1599 35.5
      vertex 42.2855 17.8312 35.5
    endloop
  endfacet
  facet normal 0.706745 0.0309414 0.706792
    outer loop
      vertex 43.481 17.9358 34.3
      vertex 42.2855 17.8312 35.5
      vertex 42.3 17.5 35.5
    endloop
  endfacet
  facet normal -0.674732 0.212638 -0.706768
    outer loop
      vertex -42.2588 18.8681 0
      vertex -43.3296 18.7941 1
      vertex -43.1985 19.2101 1
    endloop
  endfacet
  facet normal -0.701381 -0.0924364 -0.706767
    outer loop
      vertex -42.4392 -18.1946 0
      vertex -43.424 -18.3682 1
      vertex -42.4848 -17.8486 0
    endloop
  endfacet
  facet normal 0 -0.707107 -0.707107
    outer loop
      vertex -38.5 -21.5 0
      vertex 0.730762 -22.5 1
      vertex -38.5 -22.5 1
    endloop
  endfacet
  facet normal 8.79477e-06 -0.706934 -0.707279
    outer loop
      vertex 0.730762 -22.5 1
      vertex -38.5 -21.5 0
      vertex 0.767944 -22.4333 0.933333
    endloop
  endfacet
  facet normal -4.83471e-06 -0.707221 -0.706993
    outer loop
      vertex 0.767944 -22.4333 0.933333
      vertex -38.5 -21.5 0
      vertex 0.861694 -22.296 0.795988
    endloop
  endfacet
  facet normal 1.42106e-06 -0.707066 -0.707147
    outer loop
      vertex 0.861694 -22.296 0.795988
      vertex -38.5 -21.5 0
      vertex 0.967911 -22.1668 0.666803
    endloop
  endfacet
  facet normal 2.98868e-06 -0.70702 -0.707194
    outer loop
      vertex 0.967911 -22.1668 0.666803
      vertex -38.5 -21.5 0
      vertex 1.08578 -22.0467 0.546733
    endloop
  endfacet
  facet normal -8.17703e-07 -0.707158 -0.707056
    outer loop
      vertex 1.08578 -22.0467 0.546733
      vertex -38.5 -21.5 0
      vertex 1.21443 -21.9367 0.436717
    endloop
  endfacet
  facet normal -2.48328e-06 -0.707233 -0.70698
    outer loop
      vertex 1.21443 -21.9367 0.436717
      vertex -38.5 -21.5 0
      vertex 1.35284 -21.8376 0.337581
    endloop
  endfacet
  facet normal -3.32381e-07 -0.707107 -0.707107
    outer loop
      vertex 1.35284 -21.8376 0.337581
      vertex -38.5 -21.5 0
      vertex 1.5 -21.7501 0.250081
    endloop
  endfacet
  facet normal -0 -0.70708 -0.707134
    outer loop
      vertex 2 -21.5 0
      vertex 1.5 -21.7501 0.250081
      vertex -38.5 -21.5 0
    endloop
  endfacet
  facet normal -0.000113813 -0.706966 -0.707247
    outer loop
      vertex 1.5 -21.7501 0.250081
      vertex 2 -21.5 0
      vertex 1.65477 -21.6749 0.174886
    endloop
  endfacet
  facet normal -0.000221858 -0.706859 -0.707354
    outer loop
      vertex 1.65477 -21.6749 0.174886
      vertex 2 -21.5 0
      vertex 1.81596 -21.6126 0.112579
    endloop
  endfacet
  facet normal 0.000119289 -0.707138 -0.707075
    outer loop
      vertex 1.81596 -21.6126 0.112579
      vertex 2 -21.5 0
      vertex 1.98236 -21.5636 0.0636027
    endloop
  endfacet
  facet normal -0.00211036 -0.706828 -0.707383
    outer loop
      vertex 1.98236 -21.5636 0.0636027
      vertex 2 -21.5 0
      vertex 2 -21.56 0.0599529
    endloop
  endfacet
  facet normal 0 -0.707107 -0.707107
    outer loop
      vertex 12 -21.5 0
      vertex 38.5 -22.5 1
      vertex 12 -22.5 1
    endloop
  endfacet
  facet normal 0 -0.707107 -0.707107
    outer loop
      vertex 38.5 -22.5 1
      vertex 12 -21.5 0
      vertex 38.5 -21.5 0
    endloop
  endfacet
  facet normal 0.707107 0 -0.707107
    outer loop
      vertex 43.5 -17.5 1
      vertex 42.5 17.5 0
      vertex 43.5 17.5 1
    endloop
  endfacet
  facet normal 0.707107 0 -0.707107
    outer loop
      vertex 42.5 17.5 0
      vertex 43.5 -17.5 1
      vertex 42.5 -17.5 0
    endloop
  endfacet
  facet normal 0.596649 0.380128 -0.706762
    outer loop
      vertex 41.9641 19.5 0
      vertex 41.7766 19.7943 0
      vertex 42.8301 20 1
    endloop
  endfacet
  facet normal -0.15324 0.690647 0.706771
    outer loop
      vertex -39.1599 21.2423 35.5
      vertex -39.7941 22.3296 34.3
      vertex -39.4835 21.1705 35.5
    endloop
  endfacet
  facet normal -0.0309414 0.706745 0.706792
    outer loop
      vertex -38.5 21.3 35.5
      vertex -38.9358 22.481 34.3
      vertex -38.8312 21.2855 35.5
    endloop
  endfacet
  facet normal 0.270673 0.653629 0.706756
    outer loop
      vertex 40.6131 22.0315 34.3
      vertex 39.7997 21.0708 35.5
      vertex 40.1059 20.944 35.5
    endloop
  endfacet
  facet normal 0.561184 0.430782 0.706752
    outer loop
      vertex 42.3302 20.7139 34.3
      vertex 41.411 19.9426 35.5
      vertex 42.5958 20.3679 34.3
    endloop
  endfacet
  facet normal 0.15324 0.690647 0.706771
    outer loop
      vertex 39.7941 22.3296 34.3
      vertex 39.1599 21.2423 35.5
      vertex 39.4835 21.1705 35.5
    endloop
  endfacet
  facet normal 0.212738 0.674701 0.706768
    outer loop
      vertex 39.7941 22.3296 34.3
      vertex 39.4835 21.1705 35.5
      vertex 39.7997 21.0708 35.5
    endloop
  endfacet
  facet normal 0.130692 0.991423 -0
    outer loop
      vertex 39.3682 22.424 1
      vertex 38.9358 22.481 34.3
      vertex 39.3682 22.424 34.3
    endloop
  endfacet
  facet normal 0.130692 0.991423 0
    outer loop
      vertex 38.9358 22.481 34.3
      vertex 39.3682 22.424 1
      vertex 38.9358 22.481 1
    endloop
  endfacet
  facet normal 0.0924364 0.701381 -0.706767
    outer loop
      vertex 39.1946 21.4392 0
      vertex 38.8486 21.4848 0
      vertex 39.3682 22.424 1
    endloop
  endfacet
  facet normal -0.653629 0.270673 0.706756
    outer loop
      vertex -41.944 19.1059 35.5
      vertex -43.0315 19.6131 34.3
      vertex -42.0708 18.7997 35.5
    endloop
  endfacet
  facet normal 0.0308138 -0.706771 0.706771
    outer loop
      vertex 38.5 -21.3 35.5
      vertex 38.5 -22.5 34.3
      vertex 38.9358 -22.481 34.3
    endloop
  endfacet
  facet normal -0.380075 0.596681 0.706763
    outer loop
      vertex -40.4 20.7909 35.5
      vertex -41 21.8301 34.3
      vertex -40.6796 20.6128 35.5
    endloop
  endfacet
  facet normal -0.737268 0.6756 0
    outer loop
      vertex -42.3302 20.7139 1
      vertex -42.0355 21.0355 34.3
      vertex -42.0355 21.0355 1
    endloop
  endfacet
  facet normal -0.737268 0.6756 0
    outer loop
      vertex -42.0355 21.0355 34.3
      vertex -42.3302 20.7139 1
      vertex -42.3302 20.7139 34.3
    endloop
  endfacet
  facet normal 0.701381 -0.0924364 -0.706767
    outer loop
      vertex 43.424 -18.3682 1
      vertex 42.4392 -18.1946 0
      vertex 42.4848 -17.8486 0
    endloop
  endfacet
  facet normal 0.701381 0.0924364 -0.706767
    outer loop
      vertex 42.4848 17.8486 0
      vertex 42.4392 18.1946 0
      vertex 43.424 18.3682 1
    endloop
  endfacet
  facet normal -0.627522 0.326655 -0.706762
    outer loop
      vertex -41.9641 19.5 0
      vertex -43.0315 19.6131 1
      vertex -42.8301 20 1
    endloop
  endfacet
  facet normal 0.0924568 0.701374 -0.706771
    outer loop
      vertex 39.3682 22.424 1
      vertex 38.8486 21.4848 0
      vertex 38.9358 22.481 1
    endloop
  endfacet
  facet normal -0.690692 0.153091 -0.706759
    outer loop
      vertex -42.3637 18.5353 0
      vertex -43.424 18.3682 1
      vertex -43.3296 18.7941 1
    endloop
  endfacet
  facet normal 0.737268 0.6756 0
    outer loop
      vertex 42.3302 20.7139 34.3
      vertex 42.0355 21.0355 1
      vertex 42.0355 21.0355 34.3
    endloop
  endfacet
  facet normal 0.737268 0.6756 0
    outer loop
      vertex 42.0355 21.0355 1
      vertex 42.3302 20.7139 34.3
      vertex 42.3302 20.7139 1
    endloop
  endfacet
  facet normal 0.380128 0.596649 -0.706762
    outer loop
      vertex 40.7943 20.7766 0
      vertex 40.5 20.9641 0
      vertex 41 21.8301 1
    endloop
  endfacet
  facet normal 0.706771 -0.0308138 -0.706771
    outer loop
      vertex 43.481 -17.9358 1
      vertex 42.5 -17.5 0
      vertex 43.5 -17.5 1
    endloop
  endfacet
  facet normal 0.270821 0.653539 0.706784
    outer loop
      vertex 40.2101 22.1985 34.3
      vertex 39.7997 21.0708 35.5
      vertex 40.6131 22.0315 34.3
    endloop
  endfacet
  facet normal 0.478013 0.521547 0.706748
    outer loop
      vertex 41.7139 21.3302 34.3
      vertex 40.9426 20.411 35.5
      vertex 41.187 20.187 35.5
    endloop
  endfacet
  facet normal -0.153091 0.690692 -0.706759
    outer loop
      vertex -39.5353 21.3637 0
      vertex -39.7941 22.3296 1
      vertex -39.3682 22.424 1
    endloop
  endfacet
  facet normal 0.521461 0.478073 -0.706771
    outer loop
      vertex 41.5642 20.0712 0
      vertex 41.3284 20.3284 0
      vertex 42.0355 21.0355 1
    endloop
  endfacet
  facet normal 0.953759 -0.300572 0
    outer loop
      vertex 43.1985 -19.2101 34.3
      vertex 43.3296 -18.7941 1
      vertex 43.3296 -18.7941 34.3
    endloop
  endfacet
  facet normal 0.953759 -0.300572 0
    outer loop
      vertex 43.3296 -18.7941 1
      vertex 43.1985 -19.2101 34.3
      vertex 43.1985 -19.2101 1
    endloop
  endfacet
  facet normal -0.953759 0.300572 0
    outer loop
      vertex -43.3296 18.7941 1
      vertex -43.1985 19.2101 34.3
      vertex -43.1985 19.2101 1
    endloop
  endfacet
  facet normal -0.953759 0.300572 0
    outer loop
      vertex -43.1985 19.2101 34.3
      vertex -43.3296 18.7941 1
      vertex -43.3296 18.7941 34.3
    endloop
  endfacet
  facet normal 0.674732 -0.212638 -0.706768
    outer loop
      vertex 43.1985 -19.2101 1
      vertex 42.2588 -18.8681 0
      vertex 43.3296 -18.7941 1
    endloop
  endfacet
  facet normal -0.430651 0.561255 0.706776
    outer loop
      vertex -40.6796 20.6128 35.5
      vertex -41.3679 21.5958 34.3
      vertex -40.9426 20.411 35.5
    endloop
  endfacet
  facet normal 0.596706 -0.380017 0.706773
    outer loop
      vertex 42.8301 -20 34.3
      vertex 41.6128 -19.6796 35.5
      vertex 42.5958 -20.3679 34.3
    endloop
  endfacet
  facet normal -0.300572 -0.953759 0
    outer loop
      vertex -40.2101 -22.1985 1
      vertex -39.7941 -22.3296 34.3
      vertex -40.2101 -22.1985 34.3
    endloop
  endfacet
  facet normal -0.300572 -0.953759 -0
    outer loop
      vertex -39.7941 -22.3296 34.3
      vertex -40.2101 -22.1985 1
      vertex -39.7941 -22.3296 1
    endloop
  endfacet
  facet normal 0.212633 0.674716 0.706785
    outer loop
      vertex 40.2101 22.1985 34.3
      vertex 39.7941 22.3296 34.3
      vertex 39.7997 21.0708 35.5
    endloop
  endfacet
  facet normal 0.976306 0.216396 0
    outer loop
      vertex 43.424 18.3682 34.3
      vertex 43.3296 18.7941 1
      vertex 43.3296 18.7941 34.3
    endloop
  endfacet
  facet normal 0.976306 0.216396 0
    outer loop
      vertex 43.3296 18.7941 1
      vertex 43.424 18.3682 34.3
      vertex 43.424 18.3682 1
    endloop
  endfacet
  facet normal 0.653539 0.270821 0.706784
    outer loop
      vertex 43.0315 19.6131 34.3
      vertex 42.0708 18.7997 35.5
      vertex 43.1985 19.2101 34.3
    endloop
  endfacet
  facet normal 0.887018 0.461735 0
    outer loop
      vertex 43.0315 19.6131 34.3
      vertex 42.8301 20 1
      vertex 42.8301 20 34.3
    endloop
  endfacet
  facet normal 0.887018 0.461735 0
    outer loop
      vertex 42.8301 20 1
      vertex 43.0315 19.6131 34.3
      vertex 43.0315 19.6131 1
    endloop
  endfacet
  facet normal 0.701358 0.0924548 0.706787
    outer loop
      vertex 43.424 18.3682 34.3
      vertex 42.2855 17.8312 35.5
      vertex 43.481 17.9358 34.3
    endloop
  endfacet
  facet normal 0.706771 0.0308138 -0.706771
    outer loop
      vertex 43.5 17.5 1
      vertex 42.5 17.5 0
      vertex 43.481 17.9358 1
    endloop
  endfacet
  facet normal -0.887018 0.461735 0
    outer loop
      vertex -43.0315 19.6131 1
      vertex -42.8301 20 34.3
      vertex -42.8301 20 1
    endloop
  endfacet
  facet normal -0.887018 0.461735 0
    outer loop
      vertex -42.8301 20 34.3
      vertex -43.0315 19.6131 1
      vertex -43.0315 19.6131 34.3
    endloop
  endfacet
  facet normal 0.212633 -0.674716 0.706785
    outer loop
      vertex 39.7997 -21.0708 35.5
      vertex 39.7941 -22.3296 34.3
      vertex 40.2101 -22.1985 34.3
    endloop
  endfacet
  facet normal 0.0435566 -0.999051 0
    outer loop
      vertex 38.5 -22.5 1
      vertex 38.9358 -22.481 34.3
      vertex 38.5 -22.5 34.3
    endloop
  endfacet
  facet normal 0.0435566 -0.999051 0
    outer loop
      vertex 38.9358 -22.481 34.3
      vertex 38.5 -22.5 1
      vertex 38.9358 -22.481 1
    endloop
  endfacet
  facet normal 0.153093 -0.690705 0.706746
    outer loop
      vertex 39.7941 -22.3296 34.3
      vertex 39.1599 -21.2423 35.5
      vertex 39.3682 -22.424 34.3
    endloop
  endfacet
  facet normal 0.701438 -0.0921878 0.706743
    outer loop
      vertex 42.2855 -17.8312 35.5
      vertex 42.2423 -18.1599 35.5
      vertex 43.424 -18.3682 34.3
    endloop
  endfacet
  facet normal 0.690647 -0.15324 0.706771
    outer loop
      vertex 42.2423 -18.1599 35.5
      vertex 42.1705 -18.4835 35.5
      vertex 43.3296 -18.7941 34.3
    endloop
  endfacet
  facet normal 0.326655 0.627522 0.706762
    outer loop
      vertex 40.6131 22.0315 34.3
      vertex 40.4 20.7909 35.5
      vertex 41 21.8301 34.3
    endloop
  endfacet
  facet normal 0.300572 0.953759 -0
    outer loop
      vertex 40.2101 22.1985 1
      vertex 39.7941 22.3296 34.3
      vertex 40.2101 22.1985 34.3
    endloop
  endfacet
  facet normal 0.300572 0.953759 0
    outer loop
      vertex 39.7941 22.3296 34.3
      vertex 40.2101 22.1985 1
      vertex 39.7941 22.3296 1
    endloop
  endfacet
  facet normal -0.674701 -0.212738 0.706768
    outer loop
      vertex -42.1705 -18.4835 35.5
      vertex -43.3296 -18.7941 34.3
      vertex -42.0708 -18.7997 35.5
    endloop
  endfacet
  facet normal 0.0921878 0.701438 0.706743
    outer loop
      vertex 39.3682 22.424 34.3
      vertex 38.8312 21.2855 35.5
      vertex 39.1599 21.2423 35.5
    endloop
  endfacet
  facet normal -0.707107 0 0.707107
    outer loop
      vertex -43.5 -17.5 34.3
      vertex -42.3 17.5 35.5
      vertex -43.5 17.5 34.3
    endloop
  endfacet
  facet normal -0.707107 0 0.707107
    outer loop
      vertex -42.3 17.5 35.5
      vertex -43.5 -17.5 34.3
      vertex -42.3 -17.5 35.5
    endloop
  endfacet
  facet normal 0.561255 -0.430651 0.706776
    outer loop
      vertex 41.6128 -19.6796 35.5
      vertex 41.411 -19.9426 35.5
      vertex 42.5958 -20.3679 34.3
    endloop
  endfacet
  facet normal 0.0308173 0.70677 -0.706772
    outer loop
      vertex 38.8486 21.4848 0
      vertex 38.5 21.5 0
      vertex 38.9358 22.481 1
    endloop
  endfacet
  facet normal 0.326668 -0.627518 0.70676
    outer loop
      vertex 40.4 -20.7909 35.5
      vertex 40.1059 -20.944 35.5
      vertex 40.6131 -22.0315 34.3
    endloop
  endfacet
  facet normal -0.0924548 0.701358 0.706787
    outer loop
      vertex -38.9358 22.481 34.3
      vertex -39.3682 22.424 34.3
      vertex -38.8312 21.2855 35.5
    endloop
  endfacet
  facet normal 0.212638 0.674732 -0.706768
    outer loop
      vertex 39.8681 21.2588 0
      vertex 39.7941 22.3296 1
      vertex 40.2101 22.1985 1
    endloop
  endfacet
  facet normal 0.216396 0.976306 -0
    outer loop
      vertex 39.7941 22.3296 1
      vertex 39.3682 22.424 34.3
      vertex 39.7941 22.3296 34.3
    endloop
  endfacet
  facet normal 0.216396 0.976306 0
    outer loop
      vertex 39.3682 22.424 34.3
      vertex 39.7941 22.3296 1
      vertex 39.3682 22.424 1
    endloop
  endfacet
  facet normal 0.521547 -0.478013 0.706748
    outer loop
      vertex 41.411 -19.9426 35.5
      vertex 41.187 -20.187 35.5
      vertex 42.3302 -20.7139 34.3
    endloop
  endfacet
  facet normal -0.674701 0.212738 0.706768
    outer loop
      vertex -42.0708 18.7997 35.5
      vertex -43.3296 18.7941 34.3
      vertex -42.1705 18.4835 35.5
    endloop
  endfacet
  facet normal -0.674716 0.212633 0.706785
    outer loop
      vertex -43.1985 19.2101 34.3
      vertex -43.3296 18.7941 34.3
      vertex -42.0708 18.7997 35.5
    endloop
  endfacet
  facet normal -0.707107 0 -0.707107
    outer loop
      vertex -42.5 -17.5 0
      vertex -43.5 17.5 1
      vertex -42.5 17.5 0
    endloop
  endfacet
  facet normal -0.707107 -0 -0.707107
    outer loop
      vertex -43.5 17.5 1
      vertex -42.5 -17.5 0
      vertex -43.5 -17.5 1
    endloop
  endfacet
  facet normal -0.674716 -0.212633 0.706785
    outer loop
      vertex -42.0708 -18.7997 35.5
      vertex -43.3296 -18.7941 34.3
      vertex -43.1985 -19.2101 34.3
    endloop
  endfacet
  facet normal 0.674716 -0.212633 0.706785
    outer loop
      vertex 43.3296 -18.7941 34.3
      vertex 42.0708 -18.7997 35.5
      vertex 43.1985 -19.2101 34.3
    endloop
  endfacet
  facet normal -0.380017 0.596706 0.706773
    outer loop
      vertex -41 21.8301 34.3
      vertex -41.3679 21.5958 34.3
      vertex -40.6796 20.6128 35.5
    endloop
  endfacet
  facet normal 0.653554 -0.270827 -0.706767
    outer loop
      vertex 43.0315 -19.6131 1
      vertex 42.2588 -18.8681 0
      vertex 43.1985 -19.2101 1
    endloop
  endfacet
  facet normal -0.976306 0.216396 0
    outer loop
      vertex -43.424 18.3682 1
      vertex -43.3296 18.7941 34.3
      vertex -43.3296 18.7941 1
    endloop
  endfacet
  facet normal -0.976306 0.216396 0
    outer loop
      vertex -43.3296 18.7941 34.3
      vertex -43.424 18.3682 1
      vertex -43.424 18.3682 34.3
    endloop
  endfacet
  facet normal 0.478073 -0.521461 -0.706771
    outer loop
      vertex 42.0355 -21.0355 1
      vertex 41.0712 -20.5642 0
      vertex 41.3284 -20.3284 0
    endloop
  endfacet
  facet normal -0.270827 0.653554 -0.706767
    outer loop
      vertex -39.8681 21.2588 0
      vertex -40.6131 22.0315 1
      vertex -40.2101 22.1985 1
    endloop
  endfacet
  facet normal -0.212677 0.674728 -0.706761
    outer loop
      vertex -39.5353 21.3637 0
      vertex -39.8681 21.2588 0
      vertex -39.7941 22.3296 1
    endloop
  endfacet
  facet normal 0.561193 0.430789 -0.706742
    outer loop
      vertex 42.5958 20.3679 1
      vertex 41.5642 20.0712 0
      vertex 42.3302 20.7139 1
    endloop
  endfacet
  facet normal -0.537172 0.843473 0
    outer loop
      vertex -41 21.8301 1
      vertex -41.3679 21.5958 34.3
      vertex -41 21.8301 34.3
    endloop
  endfacet
  facet normal -0.537172 0.843473 0
    outer loop
      vertex -41.3679 21.5958 34.3
      vertex -41 21.8301 1
      vertex -41.3679 21.5958 1
    endloop
  endfacet
  facet normal 0.701374 0.0924568 -0.706771
    outer loop
      vertex 43.481 17.9358 1
      vertex 42.4848 17.8486 0
      vertex 43.424 18.3682 1
    endloop
  endfacet
  facet normal -0.477971 0.5216 -0.706737
    outer loop
      vertex -41.0712 20.5642 0
      vertex -42.0355 21.0355 1
      vertex -41.7139 21.3302 1
    endloop
  endfacet
  facet normal -0.521584 0.477957 0.706759
    outer loop
      vertex -42.0355 21.0355 34.3
      vertex -42.3302 20.7139 34.3
      vertex -41.187 20.187 35.5
    endloop
  endfacet
  facet normal -0.0921878 0.701438 0.706743
    outer loop
      vertex -38.8312 21.2855 35.5
      vertex -39.3682 22.424 34.3
      vertex -39.1599 21.2423 35.5
    endloop
  endfacet
  facet normal 0.0308173 -0.70677 -0.706772
    outer loop
      vertex 38.9358 -22.481 1
      vertex 38.5 -21.5 0
      vertex 38.8486 -21.4848 0
    endloop
  endfacet
  facet normal -0.627527 -0.326638 -0.706765
    outer loop
      vertex -41.9641 -19.5 0
      vertex -43.0315 -19.6131 1
      vertex -42.1252 -19.1905 0
    endloop
  endfacet
  facet normal 0.596695 0.38001 -0.706787
    outer loop
      vertex 42.8301 20 1
      vertex 41.7766 19.7943 0
      vertex 42.5958 20.3679 1
    endloop
  endfacet
  facet normal -0.461735 0.887018 0
    outer loop
      vertex -40.6131 22.0315 1
      vertex -41 21.8301 34.3
      vertex -40.6131 22.0315 34.3
    endloop
  endfacet
  facet normal -0.461735 0.887018 0
    outer loop
      vertex -41 21.8301 34.3
      vertex -40.6131 22.0315 1
      vertex -41 21.8301 1
    endloop
  endfacet
  facet normal -0.216396 0.976306 0
    outer loop
      vertex -39.3682 22.424 1
      vertex -39.7941 22.3296 34.3
      vertex -39.3682 22.424 34.3
    endloop
  endfacet
  facet normal -0.216396 0.976306 0
    outer loop
      vertex -39.7941 22.3296 34.3
      vertex -39.3682 22.424 1
      vertex -39.7941 22.3296 1
    endloop
  endfacet
  facet normal -0.212738 -0.674701 0.706768
    outer loop
      vertex -39.4835 -21.1705 35.5
      vertex -39.7997 -21.0708 35.5
      vertex -39.7941 -22.3296 34.3
    endloop
  endfacet
  facet normal 0.0924548 0.701358 0.706787
    outer loop
      vertex 38.9358 22.481 34.3
      vertex 38.8312 21.2855 35.5
      vertex 39.3682 22.424 34.3
    endloop
  endfacet
  facet normal 0.6756 -0.737268 0
    outer loop
      vertex 41.7139 -21.3302 1
      vertex 42.0355 -21.0355 34.3
      vertex 41.7139 -21.3302 34.3
    endloop
  endfacet
  facet normal 0.6756 -0.737268 0
    outer loop
      vertex 42.0355 -21.0355 34.3
      vertex 41.7139 -21.3302 1
      vertex 42.0355 -21.0355 1
    endloop
  endfacet
  facet normal -0.0308138 0.706771 -0.706771
    outer loop
      vertex -38.5 21.5 0
      vertex -38.9358 22.481 1
      vertex -38.5 22.5 1
    endloop
  endfacet
  facet normal -0.430558 0.561307 -0.706791
    outer loop
      vertex -41.0712 20.5642 0
      vertex -41.3679 21.5958 1
      vertex -40.7943 20.7766 0
    endloop
  endfacet
  facet normal -0.326655 0.627522 -0.706762
    outer loop
      vertex -40.5 20.9641 0
      vertex -41 21.8301 1
      vertex -40.6131 22.0315 1
    endloop
  endfacet
  facet normal 0.690692 -0.153059 -0.706765
    outer loop
      vertex 43.424 -18.3682 1
      vertex 42.3637 -18.5353 0
      vertex 42.4392 -18.1946 0
    endloop
  endfacet
  facet normal 0.382824 -0.923821 0
    outer loop
      vertex 40.2101 -22.1985 1
      vertex 40.6131 -22.0315 34.3
      vertex 40.2101 -22.1985 34.3
    endloop
  endfacet
  facet normal 0.382824 -0.923821 0
    outer loop
      vertex 40.6131 -22.0315 34.3
      vertex 40.2101 -22.1985 1
      vertex 40.6131 -22.0315 1
    endloop
  endfacet
  facet normal 0.653629 -0.270673 0.706756
    outer loop
      vertex 42.0708 -18.7997 35.5
      vertex 41.944 -19.1059 35.5
      vertex 43.0315 -19.6131 34.3
    endloop
  endfacet
  facet normal -0.690692 0.153059 -0.706765
    outer loop
      vertex -42.4392 18.1946 0
      vertex -43.424 18.3682 1
      vertex -42.3637 18.5353 0
    endloop
  endfacet
  facet normal 0 0 1
    outer loop
      vertex 40 17.5 35.5
      vertex 42.3 17.5 35.5
      vertex 42.2855 17.8312 35.5
    endloop
  endfacet
  facet normal 0 0 1
    outer loop
      vertex 42.3 17.5 35.5
      vertex 40 17.5 35.5
      vertex 42.3 -17.5 35.5
    endloop
  endfacet
  facet normal 0 0 1
    outer loop
      vertex 39.9943 17.6307 35.5
      vertex 42.2855 17.8312 35.5
      vertex 42.2423 18.1599 35.5
    endloop
  endfacet
  facet normal 0 0 1
    outer loop
      vertex 40 -17.5 35.5
      vertex 42.3 -17.5 35.5
      vertex 40 17.5 35.5
    endloop
  endfacet
  facet normal 0 0 1
    outer loop
      vertex 39.9772 17.7605 35.5
      vertex 42.2423 18.1599 35.5
      vertex 42.1705 18.4835 35.5
    endloop
  endfacet
  facet normal 0 0 1
    outer loop
      vertex 42.3 -17.5 35.5
      vertex 40 -17.5 35.5
      vertex 42.2855 -17.8312 35.5
    endloop
  endfacet
  facet normal 0 0 1
    outer loop
      vertex 39.9489 17.8882 35.5
      vertex 42.1705 18.4835 35.5
      vertex 42.0708 18.7997 35.5
    endloop
  endfacet
  facet normal -0 0 1
    outer loop
      vertex 39.9943 -17.6307 35.5
      vertex 42.2855 -17.8312 35.5
      vertex 40 -17.5 35.5
    endloop
  endfacet
  facet normal 0 0 1
    outer loop
      vertex 39.9095 18.013 35.5
      vertex 42.0708 18.7997 35.5
      vertex 41.944 19.1059 35.5
    endloop
  endfacet
  facet normal 0 0 1
    outer loop
      vertex 42.2855 -17.8312 35.5
      vertex 39.9943 -17.6307 35.5
      vertex 42.2423 -18.1599 35.5
    endloop
  endfacet
  facet normal 0 0 1
    outer loop
      vertex 39.8595 18.1339 35.5
      vertex 41.944 19.1059 35.5
      vertex 41.7909 19.4 35.5
    endloop
  endfacet
  facet normal -0 0 1
    outer loop
      vertex 39.9772 -17.7605 35.5
      vertex 42.2423 -18.1599 35.5
      vertex 39.9943 -17.6307 35.5
    endloop
  endfacet
  facet normal 0 0 1
    outer loop
      vertex 39.799 18.25 35.5
      vertex 41.7909 19.4 35.5
      vertex 41.6128 19.6796 35.5
    endloop
  endfacet
  facet normal 0 0 1
    outer loop
      vertex 42.2423 -18.1599 35.5
      vertex 39.9772 -17.7605 35.5
      vertex 42.1705 -18.4835 35.5
    endloop
  endfacet
  facet normal 0 0 1
    outer loop
      vertex 39.7287 18.3604 35.5
      vertex 41.6128 19.6796 35.5
      vertex 41.411 19.9426 35.5
    endloop
  endfacet
  facet normal -0 0 1
    outer loop
      vertex 39.9489 -17.8882 35.5
      vertex 42.1705 -18.4835 35.5
      vertex 39.9772 -17.7605 35.5
    endloop
  endfacet
  facet normal 0 0 1
    outer loop
      vertex 39.6491 18.4642 35.5
      vertex 41.411 19.9426 35.5
      vertex 41.187 20.187 35.5
    endloop
  endfacet
  facet normal 0 0 1
    outer loop
      vertex 42.1705 -18.4835 35.5
      vertex 39.9489 -17.8882 35.5
      vertex 42.0708 -18.7997 35.5
    endloop
  endfacet
  facet normal 0 0 1
    outer loop
      vertex 39.5607 18.5607 35.5
      vertex 41.187 20.187 35.5
      vertex 40.9426 20.411 35.5
    endloop
  endfacet
  facet normal -0 0 1
    outer loop
      vertex 39.9095 -18.013 35.5
      vertex 42.0708 -18.7997 35.5
      vertex 39.9489 -17.8882 35.5
    endloop
  endfacet
  facet normal 0 0 1
    outer loop
      vertex 39.4642 18.6491 35.5
      vertex 40.9426 20.411 35.5
      vertex 40.6796 20.6128 35.5
    endloop
  endfacet
  facet normal 0 0 1
    outer loop
      vertex 42.0708 -18.7997 35.5
      vertex 39.9095 -18.013 35.5
      vertex 41.944 -19.1059 35.5
    endloop
  endfacet
  facet normal 0 0 1
    outer loop
      vertex 39.3604 18.7287 35.5
      vertex 40.6796 20.6128 35.5
      vertex 40.4 20.7909 35.5
    endloop
  endfacet
  facet normal -0 0 1
    outer loop
      vertex 39.8595 -18.1339 35.5
      vertex 41.944 -19.1059 35.5
      vertex 39.9095 -18.013 35.5
    endloop
  endfacet
  facet normal 0 0 1
    outer loop
      vertex 39.25 18.799 35.5
      vertex 40.4 20.7909 35.5
      vertex 40.1059 20.944 35.5
    endloop
  endfacet
  facet normal 0 0 1
    outer loop
      vertex 41.944 -19.1059 35.5
      vertex 39.8595 -18.1339 35.5
      vertex 41.7909 -19.4 35.5
    endloop
  endfacet
  facet normal -0 0 1
    outer loop
      vertex 39.799 -18.25 35.5
      vertex 41.7909 -19.4 35.5
      vertex 39.8595 -18.1339 35.5
    endloop
  endfacet
  facet normal 0 0 1
    outer loop
      vertex 42.2855 17.8312 35.5
      vertex 39.9943 17.6307 35.5
      vertex 40 17.5 35.5
    endloop
  endfacet
  facet normal 0 0 1
    outer loop
      vertex 42.2423 18.1599 35.5
      vertex 39.9772 17.7605 35.5
      vertex 39.9943 17.6307 35.5
    endloop
  endfacet
  facet normal 0 0 1
    outer loop
      vertex 42.1705 18.4835 35.5
      vertex 39.9489 17.8882 35.5
      vertex 39.9772 17.7605 35.5
    endloop
  endfacet
  facet normal 0 0 1
    outer loop
      vertex 42.0708 18.7997 35.5
      vertex 39.9095 18.013 35.5
      vertex 39.9489 17.8882 35.5
    endloop
  endfacet
  facet normal 0 0 1
    outer loop
      vertex 41.944 19.1059 35.5
      vertex 39.8595 18.1339 35.5
      vertex 39.9095 18.013 35.5
    endloop
  endfacet
  facet normal 0 0 1
    outer loop
      vertex 39.1339 18.8595 35.5
      vertex 40.1059 20.944 35.5
      vertex 39.7997 21.0708 35.5
    endloop
  endfacet
  facet normal 0 0 1
    outer loop
      vertex 41.7909 19.4 35.5
      vertex 39.799 18.25 35.5
      vertex 39.8595 18.1339 35.5
    endloop
  endfacet
  facet normal 0 0 1
    outer loop
      vertex 41.6128 19.6796 35.5
      vertex 39.7287 18.3604 35.5
      vertex 39.799 18.25 35.5
    endloop
  endfacet
  facet normal 0 0 1
    outer loop
      vertex 41.411 19.9426 35.5
      vertex 39.6491 18.4642 35.5
      vertex 39.7287 18.3604 35.5
    endloop
  endfacet
  facet normal 0 0 1
    outer loop
      vertex 41.187 20.187 35.5
      vertex 39.5607 18.5607 35.5
      vertex 39.6491 18.4642 35.5
    endloop
  endfacet
  facet normal 0 0 1
    outer loop
      vertex 39.013 18.9095 35.5
      vertex 39.7997 21.0708 35.5
      vertex 39.4835 21.1705 35.5
    endloop
  endfacet
  facet normal 0 0 1
    outer loop
      vertex 40.9426 20.411 35.5
      vertex 39.4642 18.6491 35.5
      vertex 39.5607 18.5607 35.5
    endloop
  endfacet
  facet normal 0 0 1
    outer loop
      vertex 40.6796 20.6128 35.5
      vertex 39.3604 18.7287 35.5
      vertex 39.4642 18.6491 35.5
    endloop
  endfacet
  facet normal 0 0 1
    outer loop
      vertex 40.4 20.7909 35.5
      vertex 39.25 18.799 35.5
      vertex 39.3604 18.7287 35.5
    endloop
  endfacet
  facet normal 0 0 1
    outer loop
      vertex 38.8882 18.9489 35.5
      vertex 39.4835 21.1705 35.5
      vertex 39.1599 21.2423 35.5
    endloop
  endfacet
  facet normal 0 0 1
    outer loop
      vertex 40.1059 20.944 35.5
      vertex 39.1339 18.8595 35.5
      vertex 39.25 18.799 35.5
    endloop
  endfacet
  facet normal 0 0 1
    outer loop
      vertex 39.7997 21.0708 35.5
      vertex 39.013 18.9095 35.5
      vertex 39.1339 18.8595 35.5
    endloop
  endfacet
  facet normal 0 0 1
    outer loop
      vertex 39.4835 21.1705 35.5
      vertex 38.8882 18.9489 35.5
      vertex 39.013 18.9095 35.5
    endloop
  endfacet
  facet normal 0 0 1
    outer loop
      vertex 38.7605 18.9772 35.5
      vertex 39.1599 21.2423 35.5
      vertex 38.8312 21.2855 35.5
    endloop
  endfacet
  facet normal 0 0 1
    outer loop
      vertex 39.1599 21.2423 35.5
      vertex 38.7605 18.9772 35.5
      vertex 38.8882 18.9489 35.5
    endloop
  endfacet
  facet normal 0 0 1
    outer loop
      vertex 38.8312 21.2855 35.5
      vertex 38.6307 18.9943 35.5
      vertex 38.7605 18.9772 35.5
    endloop
  endfacet
  facet normal 0 0 1
    outer loop
      vertex 38.5 21.3 35.5
      vertex 38.6307 18.9943 35.5
      vertex 38.8312 21.2855 35.5
    endloop
  endfacet
  facet normal 0 0 1
    outer loop
      vertex 38.5 21.3 35.5
      vertex 38.5 19 35.5
      vertex 38.6307 18.9943 35.5
    endloop
  endfacet
  facet normal -0 0 1
    outer loop
      vertex -38.5 21.3 35.5
      vertex 38.5 19 35.5
      vertex 38.5 21.3 35.5
    endloop
  endfacet
  facet normal 0 0 1
    outer loop
      vertex -38.5 21.3 35.5
      vertex -38.5 19 35.5
      vertex 38.5 19 35.5
    endloop
  endfacet
  facet normal 0 0 1
    outer loop
      vertex -38.5 21.3 35.5
      vertex -38.6307 18.9943 35.5
      vertex -38.5 19 35.5
    endloop
  endfacet
  facet normal -0 0 1
    outer loop
      vertex -38.8312 21.2855 35.5
      vertex -38.6307 18.9943 35.5
      vertex -38.5 21.3 35.5
    endloop
  endfacet
  facet normal 0 0 1
    outer loop
      vertex -38.6307 18.9943 35.5
      vertex -38.8312 21.2855 35.5
      vertex -38.7605 18.9772 35.5
    endloop
  endfacet
  facet normal -0 0 1
    outer loop
      vertex -39.1599 21.2423 35.5
      vertex -38.7605 18.9772 35.5
      vertex -38.8312 21.2855 35.5
    endloop
  endfacet
  facet normal 0 0 1
    outer loop
      vertex -38.7605 18.9772 35.5
      vertex -39.1599 21.2423 35.5
      vertex -38.8882 18.9489 35.5
    endloop
  endfacet
  facet normal -0 0 1
    outer loop
      vertex -39.4835 21.1705 35.5
      vertex -38.8882 18.9489 35.5
      vertex -39.1599 21.2423 35.5
    endloop
  endfacet
  facet normal 0 0 1
    outer loop
      vertex -38.8882 18.9489 35.5
      vertex -39.4835 21.1705 35.5
      vertex -39.013 18.9095 35.5
    endloop
  endfacet
  facet normal -0 0 1
    outer loop
      vertex -39.7997 21.0708 35.5
      vertex -39.013 18.9095 35.5
      vertex -39.4835 21.1705 35.5
    endloop
  endfacet
  facet normal 0 0 1
    outer loop
      vertex -39.013 18.9095 35.5
      vertex -39.7997 21.0708 35.5
      vertex -39.1339 18.8595 35.5
    endloop
  endfacet
  facet normal -0 0 1
    outer loop
      vertex -40.1059 20.944 35.5
      vertex -39.1339 18.8595 35.5
      vertex -39.7997 21.0708 35.5
    endloop
  endfacet
  facet normal 0 0 1
    outer loop
      vertex -39.1339 18.8595 35.5
      vertex -40.1059 20.944 35.5
      vertex -39.25 18.799 35.5
    endloop
  endfacet
  facet normal -0 0 1
    outer loop
      vertex -40.4 20.7909 35.5
      vertex -39.25 18.799 35.5
      vertex -40.1059 20.944 35.5
    endloop
  endfacet
  facet normal 0 0 1
    outer loop
      vertex -39.25 18.799 35.5
      vertex -40.4 20.7909 35.5
      vertex -39.3604 18.7287 35.5
    endloop
  endfacet
  facet normal -0 0 1
    outer loop
      vertex -40.6796 20.6128 35.5
      vertex -39.3604 18.7287 35.5
      vertex -40.4 20.7909 35.5
    endloop
  endfacet
  facet normal 0 0 1
    outer loop
      vertex -39.3604 18.7287 35.5
      vertex -40.6796 20.6128 35.5
      vertex -39.4642 18.6491 35.5
    endloop
  endfacet
  facet normal -0 0 1
    outer loop
      vertex -40.9426 20.411 35.5
      vertex -39.4642 18.6491 35.5
      vertex -40.6796 20.6128 35.5
    endloop
  endfacet
  facet normal 0 0 1
    outer loop
      vertex -39.4642 18.6491 35.5
      vertex -40.9426 20.411 35.5
      vertex -39.5607 18.5607 35.5
    endloop
  endfacet
  facet normal -0 0 1
    outer loop
      vertex -41.187 20.187 35.5
      vertex -39.5607 18.5607 35.5
      vertex -40.9426 20.411 35.5
    endloop
  endfacet
  facet normal 0 0 1
    outer loop
      vertex -39.5607 18.5607 35.5
      vertex -41.187 20.187 35.5
      vertex -39.6491 18.4642 35.5
    endloop
  endfacet
  facet normal -0 0 1
    outer loop
      vertex -41.411 19.9426 35.5
      vertex -39.6491 18.4642 35.5
      vertex -41.187 20.187 35.5
    endloop
  endfacet
  facet normal 0 0 1
    outer loop
      vertex -39.6491 18.4642 35.5
      vertex -41.411 19.9426 35.5
      vertex -39.7287 18.3604 35.5
    endloop
  endfacet
  facet normal -0 0 1
    outer loop
      vertex -41.7909 19.4 35.5
      vertex -39.799 18.25 35.5
      vertex -41.6128 19.6796 35.5
    endloop
  endfacet
  facet normal 0 0 1
    outer loop
      vertex -39.7287 18.3604 35.5
      vertex -41.6128 19.6796 35.5
      vertex -39.799 18.25 35.5
    endloop
  endfacet
  facet normal -0 0 1
    outer loop
      vertex -41.6128 19.6796 35.5
      vertex -39.7287 18.3604 35.5
      vertex -41.411 19.9426 35.5
    endloop
  endfacet
  facet normal 0 0 1
    outer loop
      vertex 41.7909 -19.4 35.5
      vertex 39.799 -18.25 35.5
      vertex 41.6128 -19.6796 35.5
    endloop
  endfacet
  facet normal -0 0 1
    outer loop
      vertex 39.7287 -18.3604 35.5
      vertex 41.6128 -19.6796 35.5
      vertex 39.799 -18.25 35.5
    endloop
  endfacet
  facet normal 0 0 1
    outer loop
      vertex 41.6128 -19.6796 35.5
      vertex 39.7287 -18.3604 35.5
      vertex 41.411 -19.9426 35.5
    endloop
  endfacet
  facet normal -0 0 1
    outer loop
      vertex 39.6491 -18.4642 35.5
      vertex 41.411 -19.9426 35.5
      vertex 39.7287 -18.3604 35.5
    endloop
  endfacet
  facet normal 0 0 1
    outer loop
      vertex 41.411 -19.9426 35.5
      vertex 39.6491 -18.4642 35.5
      vertex 41.187 -20.187 35.5
    endloop
  endfacet
  facet normal -0 0 1
    outer loop
      vertex 39.5607 -18.5607 35.5
      vertex 41.187 -20.187 35.5
      vertex 39.6491 -18.4642 35.5
    endloop
  endfacet
  facet normal 0 0 1
    outer loop
      vertex 41.187 -20.187 35.5
      vertex 39.5607 -18.5607 35.5
      vertex 40.9426 -20.411 35.5
    endloop
  endfacet
  facet normal -0 0 1
    outer loop
      vertex 39.4642 -18.6491 35.5
      vertex 40.9426 -20.411 35.5
      vertex 39.5607 -18.5607 35.5
    endloop
  endfacet
  facet normal 0 0 1
    outer loop
      vertex 40.9426 -20.411 35.5
      vertex 39.4642 -18.6491 35.5
      vertex 40.6796 -20.6128 35.5
    endloop
  endfacet
  facet normal -0 0 1
    outer loop
      vertex 39.3604 -18.7287 35.5
      vertex 40.6796 -20.6128 35.5
      vertex 39.4642 -18.6491 35.5
    endloop
  endfacet
  facet normal 0 0 1
    outer loop
      vertex 40.6796 -20.6128 35.5
      vertex 39.3604 -18.7287 35.5
      vertex 40.4 -20.7909 35.5
    endloop
  endfacet
  facet normal -0 0 1
    outer loop
      vertex 39.25 -18.799 35.5
      vertex 40.4 -20.7909 35.5
      vertex 39.3604 -18.7287 35.5
    endloop
  endfacet
  facet normal 0 0 1
    outer loop
      vertex 40.4 -20.7909 35.5
      vertex 39.25 -18.799 35.5
      vertex 40.1059 -20.944 35.5
    endloop
  endfacet
  facet normal -0 0 1
    outer loop
      vertex 39.1339 -18.8595 35.5
      vertex 40.1059 -20.944 35.5
      vertex 39.25 -18.799 35.5
    endloop
  endfacet
  facet normal 0 0 1
    outer loop
      vertex 40.1059 -20.944 35.5
      vertex 39.1339 -18.8595 35.5
      vertex 39.7997 -21.0708 35.5
    endloop
  endfacet
  facet normal -0 0 1
    outer loop
      vertex 39.013 -18.9095 35.5
      vertex 39.7997 -21.0708 35.5
      vertex 39.1339 -18.8595 35.5
    endloop
  endfacet
  facet normal 0 0 1
    outer loop
      vertex 39.7997 -21.0708 35.5
      vertex 39.013 -18.9095 35.5
      vertex 39.4835 -21.1705 35.5
    endloop
  endfacet
  facet normal -0 0 1
    outer loop
      vertex 38.8882 -18.9489 35.5
      vertex 39.4835 -21.1705 35.5
      vertex 39.013 -18.9095 35.5
    endloop
  endfacet
  facet normal 0 0 1
    outer loop
      vertex 39.4835 -21.1705 35.5
      vertex 38.8882 -18.9489 35.5
      vertex 39.1599 -21.2423 35.5
    endloop
  endfacet
  facet normal -0 0 1
    outer loop
      vertex 38.7605 -18.9772 35.5
      vertex 39.1599 -21.2423 35.5
      vertex 38.8882 -18.9489 35.5
    endloop
  endfacet
  facet normal 0 0 1
    outer loop
      vertex 39.1599 -21.2423 35.5
      vertex 38.7605 -18.9772 35.5
      vertex 38.8312 -21.2855 35.5
    endloop
  endfacet
  facet normal -0 0 1
    outer loop
      vertex 38.6307 -18.9943 35.5
      vertex 38.8312 -21.2855 35.5
      vertex 38.7605 -18.9772 35.5
    endloop
  endfacet
  facet normal -0 0 1
    outer loop
      vertex 38.5 -19 35.5
      vertex 38.8312 -21.2855 35.5
      vertex 38.6307 -18.9943 35.5
    endloop
  endfacet
  facet normal 0 0 1
    outer loop
      vertex 38.5 -19 35.5
      vertex 38.5 -21.3 35.5
      vertex 38.8312 -21.2855 35.5
    endloop
  endfacet
  facet normal -0 0 1
    outer loop
      vertex -38.5 -19 35.5
      vertex 38.5 -21.3 35.5
      vertex 38.5 -19 35.5
    endloop
  endfacet
  facet normal 0 0 1
    outer loop
      vertex -38.5 -19 35.5
      vertex -38.5 -21.3 35.5
      vertex 38.5 -21.3 35.5
    endloop
  endfacet
  facet normal 0 0 1
    outer loop
      vertex -38.6307 -18.9943 35.5
      vertex -38.5 -21.3 35.5
      vertex -38.5 -19 35.5
    endloop
  endfacet
  facet normal 0 0 1
    outer loop
      vertex -38.8312 -21.2855 35.5
      vertex -38.6307 -18.9943 35.5
      vertex -38.7605 -18.9772 35.5
    endloop
  endfacet
  facet normal 0 0 1
    outer loop
      vertex -38.6307 -18.9943 35.5
      vertex -38.8312 -21.2855 35.5
      vertex -38.5 -21.3 35.5
    endloop
  endfacet
  facet normal 0 0 1
    outer loop
      vertex -39.1599 -21.2423 35.5
      vertex -38.7605 -18.9772 35.5
      vertex -38.8882 -18.9489 35.5
    endloop
  endfacet
  facet normal 0 0 1
    outer loop
      vertex -39.4835 -21.1705 35.5
      vertex -38.8882 -18.9489 35.5
      vertex -39.013 -18.9095 35.5
    endloop
  endfacet
  facet normal 0 0 1
    outer loop
      vertex -39.7997 -21.0708 35.5
      vertex -39.013 -18.9095 35.5
      vertex -39.1339 -18.8595 35.5
    endloop
  endfacet
  facet normal 0 0 1
    outer loop
      vertex -38.7605 -18.9772 35.5
      vertex -39.1599 -21.2423 35.5
      vertex -38.8312 -21.2855 35.5
    endloop
  endfacet
  facet normal 0 0 1
    outer loop
      vertex -40.1059 -20.944 35.5
      vertex -39.1339 -18.8595 35.5
      vertex -39.25 -18.799 35.5
    endloop
  endfacet
  facet normal 0 0 1
    outer loop
      vertex -40.4 -20.7909 35.5
      vertex -39.25 -18.799 35.5
      vertex -39.3604 -18.7287 35.5
    endloop
  endfacet
  facet normal 0 0 1
    outer loop
      vertex -40.6796 -20.6128 35.5
      vertex -39.3604 -18.7287 35.5
      vertex -39.4642 -18.6491 35.5
    endloop
  endfacet
  facet normal 0 0 1
    outer loop
      vertex -38.8882 -18.9489 35.5
      vertex -39.4835 -21.1705 35.5
      vertex -39.1599 -21.2423 35.5
    endloop
  endfacet
  facet normal 0 0 1
    outer loop
      vertex -40.9426 -20.411 35.5
      vertex -39.4642 -18.6491 35.5
      vertex -39.5607 -18.5607 35.5
    endloop
  endfacet
  facet normal 0 0 1
    outer loop
      vertex -41.187 -20.187 35.5
      vertex -39.5607 -18.5607 35.5
      vertex -39.6491 -18.4642 35.5
    endloop
  endfacet
  facet normal 0 0 1
    outer loop
      vertex -41.411 -19.9426 35.5
      vertex -39.6491 -18.4642 35.5
      vertex -39.7287 -18.3604 35.5
    endloop
  endfacet
  facet normal 0 0 1
    outer loop
      vertex -41.6128 -19.6796 35.5
      vertex -39.7287 -18.3604 35.5
      vertex -39.799 -18.25 35.5
    endloop
  endfacet
  facet normal 0 0 1
    outer loop
      vertex -39.013 -18.9095 35.5
      vertex -39.7997 -21.0708 35.5
      vertex -39.4835 -21.1705 35.5
    endloop
  endfacet
  facet normal 0 0 1
    outer loop
      vertex -41.7909 -19.4 35.5
      vertex -39.799 -18.25 35.5
      vertex -39.8595 -18.1339 35.5
    endloop
  endfacet
  facet normal 0 0 1
    outer loop
      vertex -41.944 -19.1059 35.5
      vertex -39.8595 -18.1339 35.5
      vertex -39.9095 -18.013 35.5
    endloop
  endfacet
  facet normal 0 0 1
    outer loop
      vertex -42.0708 -18.7997 35.5
      vertex -39.9095 -18.013 35.5
      vertex -39.9489 -17.8882 35.5
    endloop
  endfacet
  facet normal 0 0 1
    outer loop
      vertex -42.1705 -18.4835 35.5
      vertex -39.9489 -17.8882 35.5
      vertex -39.9772 -17.7605 35.5
    endloop
  endfacet
  facet normal 0 0 1
    outer loop
      vertex -42.2423 -18.1599 35.5
      vertex -39.9772 -17.7605 35.5
      vertex -39.9943 -17.6307 35.5
    endloop
  endfacet
  facet normal 0 0 1
    outer loop
      vertex -39.1339 -18.8595 35.5
      vertex -40.1059 -20.944 35.5
      vertex -39.7997 -21.0708 35.5
    endloop
  endfacet
  facet normal 0 0 1
    outer loop
      vertex -42.2855 -17.8312 35.5
      vertex -39.9943 -17.6307 35.5
      vertex -40 -17.5 35.5
    endloop
  endfacet
  facet normal 0 0 1
    outer loop
      vertex -40 17.5 35.5
      vertex -42.3 17.5 35.5
      vertex -40 -17.5 35.5
    endloop
  endfacet
  facet normal 0 0 1
    outer loop
      vertex -39.799 18.25 35.5
      vertex -41.7909 19.4 35.5
      vertex -39.8595 18.1339 35.5
    endloop
  endfacet
  facet normal 0 0 1
    outer loop
      vertex -42.3 -17.5 35.5
      vertex -40 -17.5 35.5
      vertex -42.3 17.5 35.5
    endloop
  endfacet
  facet normal -0 0 1
    outer loop
      vertex -41.944 19.1059 35.5
      vertex -39.8595 18.1339 35.5
      vertex -41.7909 19.4 35.5
    endloop
  endfacet
  facet normal 0 -0 1
    outer loop
      vertex -42.2855 -17.8312 35.5
      vertex -40 -17.5 35.5
      vertex -42.3 -17.5 35.5
    endloop
  endfacet
  facet normal 0 0 1
    outer loop
      vertex -39.8595 18.1339 35.5
      vertex -41.944 19.1059 35.5
      vertex -39.9095 18.013 35.5
    endloop
  endfacet
  facet normal 0 0 1
    outer loop
      vertex -39.25 -18.799 35.5
      vertex -40.4 -20.7909 35.5
      vertex -40.1059 -20.944 35.5
    endloop
  endfacet
  facet normal -0 0 1
    outer loop
      vertex -42.0708 18.7997 35.5
      vertex -39.9095 18.013 35.5
      vertex -41.944 19.1059 35.5
    endloop
  endfacet
  facet normal 0 0 1
    outer loop
      vertex -39.3604 -18.7287 35.5
      vertex -40.6796 -20.6128 35.5
      vertex -40.4 -20.7909 35.5
    endloop
  endfacet
  facet normal 0 0 1
    outer loop
      vertex -39.9095 18.013 35.5
      vertex -42.0708 18.7997 35.5
      vertex -39.9489 17.8882 35.5
    endloop
  endfacet
  facet normal 0 0 1
    outer loop
      vertex -39.4642 -18.6491 35.5
      vertex -40.9426 -20.411 35.5
      vertex -40.6796 -20.6128 35.5
    endloop
  endfacet
  facet normal -0 0 1
    outer loop
      vertex -42.1705 18.4835 35.5
      vertex -39.9489 17.8882 35.5
      vertex -42.0708 18.7997 35.5
    endloop
  endfacet
  facet normal 0 0 1
    outer loop
      vertex -39.5607 -18.5607 35.5
      vertex -41.187 -20.187 35.5
      vertex -40.9426 -20.411 35.5
    endloop
  endfacet
  facet normal 0 0 1
    outer loop
      vertex -39.9489 17.8882 35.5
      vertex -42.1705 18.4835 35.5
      vertex -39.9772 17.7605 35.5
    endloop
  endfacet
  facet normal 0 0 1
    outer loop
      vertex -39.6491 -18.4642 35.5
      vertex -41.411 -19.9426 35.5
      vertex -41.187 -20.187 35.5
    endloop
  endfacet
  facet normal -0 0 1
    outer loop
      vertex -42.2423 18.1599 35.5
      vertex -39.9772 17.7605 35.5
      vertex -42.1705 18.4835 35.5
    endloop
  endfacet
  facet normal 0 0 1
    outer loop
      vertex -39.7287 -18.3604 35.5
      vertex -41.6128 -19.6796 35.5
      vertex -41.411 -19.9426 35.5
    endloop
  endfacet
  facet normal 0 0 1
    outer loop
      vertex -39.9772 17.7605 35.5
      vertex -42.2423 18.1599 35.5
      vertex -39.9943 17.6307 35.5
    endloop
  endfacet
  facet normal 0 0 1
    outer loop
      vertex -39.799 -18.25 35.5
      vertex -41.7909 -19.4 35.5
      vertex -41.6128 -19.6796 35.5
    endloop
  endfacet
  facet normal -0 0 1
    outer loop
      vertex -42.2855 17.8312 35.5
      vertex -39.9943 17.6307 35.5
      vertex -42.2423 18.1599 35.5
    endloop
  endfacet
  facet normal 0 0 1
    outer loop
      vertex -39.8595 -18.1339 35.5
      vertex -41.944 -19.1059 35.5
      vertex -41.7909 -19.4 35.5
    endloop
  endfacet
  facet normal 0 0 1
    outer loop
      vertex -39.9943 17.6307 35.5
      vertex -42.2855 17.8312 35.5
      vertex -40 17.5 35.5
    endloop
  endfacet
  facet normal 0 0 1
    outer loop
      vertex -39.9095 -18.013 35.5
      vertex -42.0708 -18.7997 35.5
      vertex -41.944 -19.1059 35.5
    endloop
  endfacet
  facet normal 0 0 1
    outer loop
      vertex -40 17.5 35.5
      vertex -42.2855 17.8312 35.5
      vertex -42.3 17.5 35.5
    endloop
  endfacet
  facet normal 0 0 1
    outer loop
      vertex -39.9489 -17.8882 35.5
      vertex -42.1705 -18.4835 35.5
      vertex -42.0708 -18.7997 35.5
    endloop
  endfacet
  facet normal 0 0 1
    outer loop
      vertex -39.9772 -17.7605 35.5
      vertex -42.2423 -18.1599 35.5
      vertex -42.1705 -18.4835 35.5
    endloop
  endfacet
  facet normal 0 0 1
    outer loop
      vertex -39.9943 -17.6307 35.5
      vertex -42.2855 -17.8312 35.5
      vertex -42.2423 -18.1599 35.5
    endloop
  endfacet
  facet normal 0.0309414 0.706745 0.706792
    outer loop
      vertex 38.9358 22.481 34.3
      vertex 38.5 21.3 35.5
      vertex 38.8312 21.2855 35.5
    endloop
  endfacet
  facet normal 0.627518 -0.326668 0.70676
    outer loop
      vertex 41.944 -19.1059 35.5
      vertex 41.7909 -19.4 35.5
      vertex 43.0315 -19.6131 34.3
    endloop
  endfacet
  facet normal 0.843473 -0.537172 0
    outer loop
      vertex 42.5958 -20.3679 34.3
      vertex 42.8301 -20 1
      vertex 42.8301 -20 34.3
    endloop
  endfacet
  facet normal 0.843473 -0.537172 0
    outer loop
      vertex 42.8301 -20 1
      vertex 42.5958 -20.3679 34.3
      vertex 42.5958 -20.3679 1
    endloop
  endfacet
  facet normal -0.0309414 -0.706745 0.706792
    outer loop
      vertex -38.8312 -21.2855 35.5
      vertex -38.9358 -22.481 34.3
      vertex -38.5 -21.3 35.5
    endloop
  endfacet
  facet normal -0.627518 -0.326668 0.70676
    outer loop
      vertex -41.944 -19.1059 35.5
      vertex -43.0315 -19.6131 34.3
      vertex -41.7909 -19.4 35.5
    endloop
  endfacet
  facet normal 0.923821 0.382824 0
    outer loop
      vertex 43.1985 19.2101 34.3
      vertex 43.0315 19.6131 1
      vertex 43.0315 19.6131 34.3
    endloop
  endfacet
  facet normal 0.923821 0.382824 0
    outer loop
      vertex 43.0315 19.6131 1
      vertex 43.1985 19.2101 34.3
      vertex 43.1985 19.2101 1
    endloop
  endfacet
  facet normal -0.596649 0.380128 -0.706762
    outer loop
      vertex -41.9641 19.5 0
      vertex -42.8301 20 1
      vertex -41.7766 19.7943 0
    endloop
  endfacet
  facet normal 0.653554 0.270827 -0.706767
    outer loop
      vertex 43.1985 19.2101 1
      vertex 42.2588 18.8681 0
      vertex 43.0315 19.6131 1
    endloop
  endfacet
  facet normal -0.326638 0.627527 -0.706765
    outer loop
      vertex -40.5 20.9641 0
      vertex -40.6131 22.0315 1
      vertex -40.1905 21.1252 0
    endloop
  endfacet
  facet normal -0.0924364 0.701381 -0.706767
    outer loop
      vertex -39.1946 21.4392 0
      vertex -39.3682 22.424 1
      vertex -38.8486 21.4848 0
    endloop
  endfacet
  facet normal 0.701374 -0.0924568 -0.706771
    outer loop
      vertex 43.424 -18.3682 1
      vertex 42.4848 -17.8486 0
      vertex 43.481 -17.9358 1
    endloop
  endfacet
  facet normal -0.153093 -0.690705 0.706746
    outer loop
      vertex -39.1599 -21.2423 35.5
      vertex -39.7941 -22.3296 34.3
      vertex -39.3682 -22.424 34.3
    endloop
  endfacet
  facet normal -0.212677 -0.674728 -0.706761
    outer loop
      vertex -39.7941 -22.3296 1
      vertex -39.8681 -21.2588 0
      vertex -39.5353 -21.3637 0
    endloop
  endfacet
  facet normal -0.596695 -0.38001 -0.706787
    outer loop
      vertex -42.5958 -20.3679 1
      vertex -42.8301 -20 1
      vertex -41.7766 -19.7943 0
    endloop
  endfacet
  facet normal 0.430651 0.561255 0.706776
    outer loop
      vertex 41.3679 21.5958 34.3
      vertex 40.6796 20.6128 35.5
      vertex 40.9426 20.411 35.5
    endloop
  endfacet
  facet normal -0.0308138 -0.706771 0.706771
    outer loop
      vertex -38.5 -21.3 35.5
      vertex -38.9358 -22.481 34.3
      vertex -38.5 -22.5 34.3
    endloop
  endfacet
  facet normal -0.212738 0.674701 0.706768
    outer loop
      vertex -39.7941 22.3296 34.3
      vertex -39.7997 21.0708 35.5
      vertex -39.4835 21.1705 35.5
    endloop
  endfacet
  facet normal 0.380017 0.596706 0.706773
    outer loop
      vertex 41 21.8301 34.3
      vertex 40.6796 20.6128 35.5
      vertex 41.3679 21.5958 34.3
    endloop
  endfacet
  facet normal -0.701358 0.0924548 0.706787
    outer loop
      vertex -43.424 18.3682 34.3
      vertex -43.481 17.9358 34.3
      vertex -42.2855 17.8312 35.5
    endloop
  endfacet
  facet normal 0.326655 -0.627522 0.706762
    outer loop
      vertex 41 -21.8301 34.3
      vertex 40.4 -20.7909 35.5
      vertex 40.6131 -22.0315 34.3
    endloop
  endfacet
  facet normal 0.216396 -0.976306 0
    outer loop
      vertex 39.3682 -22.424 1
      vertex 39.7941 -22.3296 34.3
      vertex 39.3682 -22.424 34.3
    endloop
  endfacet
  facet normal 0.216396 -0.976306 0
    outer loop
      vertex 39.7941 -22.3296 34.3
      vertex 39.3682 -22.424 1
      vertex 39.7941 -22.3296 1
    endloop
  endfacet
  facet normal 0.653554 -0.270827 -0.706767
    outer loop
      vertex 43.0315 -19.6131 1
      vertex 42.1252 -19.1905 0
      vertex 42.2588 -18.8681 0
    endloop
  endfacet
  facet normal 0.382824 0.923821 -0
    outer loop
      vertex 40.6131 22.0315 1
      vertex 40.2101 22.1985 34.3
      vertex 40.6131 22.0315 34.3
    endloop
  endfacet
  facet normal 0.382824 0.923821 0
    outer loop
      vertex 40.2101 22.1985 34.3
      vertex 40.6131 22.0315 1
      vertex 40.2101 22.1985 1
    endloop
  endfacet
  facet normal -0.701438 0.0921878 0.706743
    outer loop
      vertex -42.2423 18.1599 35.5
      vertex -43.424 18.3682 34.3
      vertex -42.2855 17.8312 35.5
    endloop
  endfacet
  facet normal -0.478013 -0.521547 0.706748
    outer loop
      vertex -41.187 -20.187 35.5
      vertex -41.7139 -21.3302 34.3
      vertex -40.9426 -20.411 35.5
    endloop
  endfacet
  facet normal -0.674728 0.212677 -0.706761
    outer loop
      vertex -42.3637 18.5353 0
      vertex -43.3296 18.7941 1
      vertex -42.2588 18.8681 0
    endloop
  endfacet
  facet normal -0.0921878 -0.701438 0.706743
    outer loop
      vertex -39.1599 -21.2423 35.5
      vertex -39.3682 -22.424 34.3
      vertex -38.8312 -21.2855 35.5
    endloop
  endfacet
  facet normal 0.690705 -0.153093 0.706746
    outer loop
      vertex 43.424 -18.3682 34.3
      vertex 42.2423 -18.1599 35.5
      vertex 43.3296 -18.7941 34.3
    endloop
  endfacet
  facet normal -0.706771 0.0308138 -0.706771
    outer loop
      vertex -42.5 17.5 0
      vertex -43.5 17.5 1
      vertex -43.481 17.9358 1
    endloop
  endfacet
  facet normal -0.991423 0.130692 0
    outer loop
      vertex -43.481 17.9358 1
      vertex -43.424 18.3682 34.3
      vertex -43.424 18.3682 1
    endloop
  endfacet
  facet normal -0.991423 0.130692 0
    outer loop
      vertex -43.424 18.3682 34.3
      vertex -43.481 17.9358 1
      vertex -43.481 17.9358 34.3
    endloop
  endfacet
  facet normal -0.706771 -0.0308138 -0.706771
    outer loop
      vertex -43.481 -17.9358 1
      vertex -43.5 -17.5 1
      vertex -42.5 -17.5 0
    endloop
  endfacet
  facet normal -0.701374 -0.0924568 -0.706771
    outer loop
      vertex -43.424 -18.3682 1
      vertex -43.481 -17.9358 1
      vertex -42.4848 -17.8486 0
    endloop
  endfacet
  facet normal -0.706771 -0.0308138 0.706771
    outer loop
      vertex -42.3 -17.5 35.5
      vertex -43.5 -17.5 34.3
      vertex -43.481 -17.9358 34.3
    endloop
  endfacet
  facet normal -0.701381 0.0924364 -0.706767
    outer loop
      vertex -42.4848 17.8486 0
      vertex -43.424 18.3682 1
      vertex -42.4392 18.1946 0
    endloop
  endfacet
  facet normal 0.326655 -0.627522 -0.706762
    outer loop
      vertex 40.6131 -22.0315 1
      vertex 40.5 -20.9641 0
      vertex 41 -21.8301 1
    endloop
  endfacet
  facet normal 0.653539 -0.270821 0.706784
    outer loop
      vertex 43.1985 -19.2101 34.3
      vertex 42.0708 -18.7997 35.5
      vertex 43.0315 -19.6131 34.3
    endloop
  endfacet
  facet normal -0.706745 0.0309414 0.706792
    outer loop
      vertex -42.2855 17.8312 35.5
      vertex -43.481 17.9358 34.3
      vertex -42.3 17.5 35.5
    endloop
  endfacet
  facet normal 0.70677 -0.0308173 -0.706772
    outer loop
      vertex 43.481 -17.9358 1
      vertex 42.4848 -17.8486 0
      vertex 42.5 -17.5 0
    endloop
  endfacet
  facet normal -0.653554 0.270827 -0.706767
    outer loop
      vertex -42.2588 18.8681 0
      vertex -43.1985 19.2101 1
      vertex -43.0315 19.6131 1
    endloop
  endfacet
  facet normal 0.627522 -0.326655 -0.706762
    outer loop
      vertex 42.8301 -20 1
      vertex 41.9641 -19.5 0
      vertex 43.0315 -19.6131 1
    endloop
  endfacet
  facet normal 0.153091 -0.690692 -0.706759
    outer loop
      vertex 39.7941 -22.3296 1
      vertex 39.3682 -22.424 1
      vertex 39.5353 -21.3637 0
    endloop
  endfacet
  facet normal -0.153059 0.690692 -0.706765
    outer loop
      vertex -39.1946 21.4392 0
      vertex -39.5353 21.3637 0
      vertex -39.3682 22.424 1
    endloop
  endfacet
  facet normal 0.212677 -0.674728 -0.706761
    outer loop
      vertex 39.7941 -22.3296 1
      vertex 39.5353 -21.3637 0
      vertex 39.8681 -21.2588 0
    endloop
  endfacet
  facet normal 0.627522 0.326655 -0.706762
    outer loop
      vertex 43.0315 19.6131 1
      vertex 41.9641 19.5 0
      vertex 42.8301 20 1
    endloop
  endfacet
  facet normal 0.674732 0.212638 -0.706768
    outer loop
      vertex 43.3296 18.7941 1
      vertex 42.2588 18.8681 0
      vertex 43.1985 19.2101 1
    endloop
  endfacet
  facet normal -0.430789 0.561193 -0.706742
    outer loop
      vertex -41.0712 20.5642 0
      vertex -41.7139 21.3302 1
      vertex -41.3679 21.5958 1
    endloop
  endfacet
  facet normal -0.477957 0.521584 0.706759
    outer loop
      vertex -41.7139 21.3302 34.3
      vertex -42.0355 21.0355 34.3
      vertex -41.187 20.187 35.5
    endloop
  endfacet
  facet normal -0.326655 0.627522 0.706762
    outer loop
      vertex -40.6131 22.0315 34.3
      vertex -41 21.8301 34.3
      vertex -40.4 20.7909 35.5
    endloop
  endfacet
  facet normal 0.537172 -0.843473 0
    outer loop
      vertex 41 -21.8301 1
      vertex 41.3679 -21.5958 34.3
      vertex 41 -21.8301 34.3
    endloop
  endfacet
  facet normal 0.537172 -0.843473 0
    outer loop
      vertex 41.3679 -21.5958 34.3
      vertex 41 -21.8301 1
      vertex 41.3679 -21.5958 1
    endloop
  endfacet
  facet normal -0.212638 0.674732 -0.706768
    outer loop
      vertex -39.8681 21.2588 0
      vertex -40.2101 22.1985 1
      vertex -39.7941 22.3296 1
    endloop
  endfacet
  facet normal 0.270827 0.653554 -0.706767
    outer loop
      vertex 40.6131 22.0315 1
      vertex 39.8681 21.2588 0
      vertex 40.2101 22.1985 1
    endloop
  endfacet
  facet normal -0.382824 0.923821 0
    outer loop
      vertex -40.2101 22.1985 1
      vertex -40.6131 22.0315 34.3
      vertex -40.2101 22.1985 34.3
    endloop
  endfacet
  facet normal -0.382824 0.923821 0
    outer loop
      vertex -40.6131 22.0315 34.3
      vertex -40.2101 22.1985 1
      vertex -40.6131 22.0315 1
    endloop
  endfacet
  facet normal -0.380017 -0.596706 0.706773
    outer loop
      vertex -40.6796 -20.6128 35.5
      vertex -41.3679 -21.5958 34.3
      vertex -41 -21.8301 34.3
    endloop
  endfacet
  facet normal 0.0924548 -0.701358 0.706787
    outer loop
      vertex 39.3682 -22.424 34.3
      vertex 38.8312 -21.2855 35.5
      vertex 38.9358 -22.481 34.3
    endloop
  endfacet
  facet normal 0.596681 -0.380075 0.706763
    outer loop
      vertex 41.7909 -19.4 35.5
      vertex 41.6128 -19.6796 35.5
      vertex 42.8301 -20 34.3
    endloop
  endfacet
  facet normal -0.130692 0.991423 0
    outer loop
      vertex -38.9358 22.481 1
      vertex -39.3682 22.424 34.3
      vertex -38.9358 22.481 34.3
    endloop
  endfacet
  facet normal -0.130692 0.991423 0
    outer loop
      vertex -39.3682 22.424 34.3
      vertex -38.9358 22.481 1
      vertex -39.3682 22.424 1
    endloop
  endfacet
  facet normal 0.653554 0.270827 -0.706767
    outer loop
      vertex 42.2588 18.8681 0
      vertex 42.1252 19.1905 0
      vertex 43.0315 19.6131 1
    endloop
  endfacet
  facet normal -0.430789 -0.561193 -0.706742
    outer loop
      vertex -41.3679 -21.5958 1
      vertex -41.7139 -21.3302 1
      vertex -41.0712 -20.5642 0
    endloop
  endfacet
  facet normal -0.561193 0.430789 -0.706742
    outer loop
      vertex -41.5642 20.0712 0
      vertex -42.5958 20.3679 1
      vertex -42.3302 20.7139 1
    endloop
  endfacet
  facet normal 0.380017 -0.596706 0.706773
    outer loop
      vertex 41.3679 -21.5958 34.3
      vertex 40.6796 -20.6128 35.5
      vertex 41 -21.8301 34.3
    endloop
  endfacet
  facet normal 0.270673 -0.653629 0.706756
    outer loop
      vertex 40.1059 -20.944 35.5
      vertex 39.7997 -21.0708 35.5
      vertex 40.6131 -22.0315 34.3
    endloop
  endfacet
  facet normal 0.270821 -0.653539 0.706784
    outer loop
      vertex 40.6131 -22.0315 34.3
      vertex 39.7997 -21.0708 35.5
      vertex 40.2101 -22.1985 34.3
    endloop
  endfacet
  facet normal 0.477957 -0.521584 0.706759
    outer loop
      vertex 42.0355 -21.0355 34.3
      vertex 41.187 -20.187 35.5
      vertex 41.7139 -21.3302 34.3
    endloop
  endfacet
  facet normal -0.430782 0.561184 0.706752
    outer loop
      vertex -41.3679 21.5958 34.3
      vertex -41.7139 21.3302 34.3
      vertex -40.9426 20.411 35.5
    endloop
  endfacet
  facet normal 0.674701 -0.212738 0.706768
    outer loop
      vertex 42.1705 -18.4835 35.5
      vertex 42.0708 -18.7997 35.5
      vertex 43.3296 -18.7941 34.3
    endloop
  endfacet
  facet normal -0.653539 0.270821 0.706784
    outer loop
      vertex -43.0315 19.6131 34.3
      vertex -43.1985 19.2101 34.3
      vertex -42.0708 18.7997 35.5
    endloop
  endfacet
  facet normal -0.561255 -0.430651 0.706776
    outer loop
      vertex -41.6128 -19.6796 35.5
      vertex -42.5958 -20.3679 34.3
      vertex -41.411 -19.9426 35.5
    endloop
  endfacet
  facet normal -0.380128 0.596649 -0.706762
    outer loop
      vertex -40.7943 20.7766 0
      vertex -41 21.8301 1
      vertex -40.5 20.9641 0
    endloop
  endfacet
  facet normal 0.38001 -0.596695 -0.706787
    outer loop
      vertex 41 -21.8301 1
      vertex 40.7943 -20.7766 0
      vertex 41.3679 -21.5958 1
    endloop
  endfacet
  facet normal 0.923821 -0.382824 0
    outer loop
      vertex 43.0315 -19.6131 34.3
      vertex 43.1985 -19.2101 1
      vertex 43.1985 -19.2101 34.3
    endloop
  endfacet
  facet normal 0.923821 -0.382824 0
    outer loop
      vertex 43.1985 -19.2101 1
      vertex 43.0315 -19.6131 34.3
      vertex 43.0315 -19.6131 1
    endloop
  endfacet
  facet normal -0.430651 -0.561255 0.706776
    outer loop
      vertex -40.9426 -20.411 35.5
      vertex -41.3679 -21.5958 34.3
      vertex -40.6796 -20.6128 35.5
    endloop
  endfacet
  facet normal 0.212738 -0.674701 0.706768
    outer loop
      vertex 39.7997 -21.0708 35.5
      vertex 39.4835 -21.1705 35.5
      vertex 39.7941 -22.3296 34.3
    endloop
  endfacet
  facet normal 0.15324 -0.690647 0.706771
    outer loop
      vertex 39.4835 -21.1705 35.5
      vertex 39.1599 -21.2423 35.5
      vertex 39.7941 -22.3296 34.3
    endloop
  endfacet
  facet normal 0.953759 0.300572 0
    outer loop
      vertex 43.3296 18.7941 34.3
      vertex 43.1985 19.2101 1
      vertex 43.1985 19.2101 34.3
    endloop
  endfacet
  facet normal 0.953759 0.300572 0
    outer loop
      vertex 43.1985 19.2101 1
      vertex 43.3296 18.7941 34.3
      vertex 43.3296 18.7941 1
    endloop
  endfacet
  facet normal 0.843473 0.537172 0
    outer loop
      vertex 42.8301 20 34.3
      vertex 42.5958 20.3679 1
      vertex 42.5958 20.3679 34.3
    endloop
  endfacet
  facet normal 0.843473 0.537172 0
    outer loop
      vertex 42.5958 20.3679 1
      vertex 42.8301 20 34.3
      vertex 42.8301 20 1
    endloop
  endfacet
  facet normal -0.0924568 0.701374 -0.706771
    outer loop
      vertex -38.8486 21.4848 0
      vertex -39.3682 22.424 1
      vertex -38.9358 22.481 1
    endloop
  endfacet
  facet normal -0.70677 0.0308173 -0.706772
    outer loop
      vertex -42.5 17.5 0
      vertex -43.481 17.9358 1
      vertex -42.4848 17.8486 0
    endloop
  endfacet
  facet normal -0.701374 0.0924568 -0.706771
    outer loop
      vertex -42.4848 17.8486 0
      vertex -43.481 17.9358 1
      vertex -43.424 18.3682 1
    endloop
  endfacet
  facet normal 0.0924364 -0.701381 -0.706767
    outer loop
      vertex 39.3682 -22.424 1
      vertex 38.8486 -21.4848 0
      vertex 39.1946 -21.4392 0
    endloop
  endfacet
  facet normal 0.561193 -0.430789 -0.706742
    outer loop
      vertex 42.3302 -20.7139 1
      vertex 41.5642 -20.0712 0
      vertex 42.5958 -20.3679 1
    endloop
  endfacet
  facet normal 0.5216 0.477971 -0.706737
    outer loop
      vertex 42.3302 20.7139 1
      vertex 41.5642 20.0712 0
      vertex 42.0355 21.0355 1
    endloop
  endfacet
  facet normal -0.216396 -0.976306 0
    outer loop
      vertex -39.7941 -22.3296 1
      vertex -39.3682 -22.424 34.3
      vertex -39.7941 -22.3296 34.3
    endloop
  endfacet
  facet normal -0.216396 -0.976306 -0
    outer loop
      vertex -39.3682 -22.424 34.3
      vertex -39.7941 -22.3296 1
      vertex -39.3682 -22.424 1
    endloop
  endfacet
  facet normal -0.270827 -0.653554 -0.706767
    outer loop
      vertex -39.8681 -21.2588 0
      vertex -40.6131 -22.0315 1
      vertex -40.1905 -21.1252 0
    endloop
  endfacet
  facet normal -0.15324 -0.690647 0.706771
    outer loop
      vertex -39.4835 -21.1705 35.5
      vertex -39.7941 -22.3296 34.3
      vertex -39.1599 -21.2423 35.5
    endloop
  endfacet
  facet normal -0.382824 -0.923821 0
    outer loop
      vertex -40.6131 -22.0315 1
      vertex -40.2101 -22.1985 34.3
      vertex -40.6131 -22.0315 34.3
    endloop
  endfacet
  facet normal -0.382824 -0.923821 -0
    outer loop
      vertex -40.2101 -22.1985 34.3
      vertex -40.6131 -22.0315 1
      vertex -40.2101 -22.1985 1
    endloop
  endfacet
  facet normal 0.561307 0.430558 -0.706791
    outer loop
      vertex 41.7766 19.7943 0
      vertex 41.5642 20.0712 0
      vertex 42.5958 20.3679 1
    endloop
  endfacet
  facet normal -0.153059 -0.690692 -0.706765
    outer loop
      vertex -39.3682 -22.424 1
      vertex -39.5353 -21.3637 0
      vertex -39.1946 -21.4392 0
    endloop
  endfacet
  facet normal -0.690705 -0.153093 0.706746
    outer loop
      vertex -42.2423 -18.1599 35.5
      vertex -43.424 -18.3682 34.3
      vertex -43.3296 -18.7941 34.3
    endloop
  endfacet
  facet normal 0.478013 -0.521547 0.706748
    outer loop
      vertex 41.187 -20.187 35.5
      vertex 40.9426 -20.411 35.5
      vertex 41.7139 -21.3302 34.3
    endloop
  endfacet
  facet normal -0.326668 0.627518 0.70676
    outer loop
      vertex -40.1059 20.944 35.5
      vertex -40.6131 22.0315 34.3
      vertex -40.4 20.7909 35.5
    endloop
  endfacet
  facet normal -0.653539 -0.270821 0.706784
    outer loop
      vertex -42.0708 -18.7997 35.5
      vertex -43.1985 -19.2101 34.3
      vertex -43.0315 -19.6131 34.3
    endloop
  endfacet
  facet normal -0.521547 0.478013 0.706748
    outer loop
      vertex -41.187 20.187 35.5
      vertex -42.3302 20.7139 34.3
      vertex -41.411 19.9426 35.5
    endloop
  endfacet
  facet normal 0.0924568 -0.701374 -0.706771
    outer loop
      vertex 38.9358 -22.481 1
      vertex 38.8486 -21.4848 0
      vertex 39.3682 -22.424 1
    endloop
  endfacet
  facet normal 0.130692 -0.991423 0
    outer loop
      vertex 38.9358 -22.481 1
      vertex 39.3682 -22.424 34.3
      vertex 38.9358 -22.481 34.3
    endloop
  endfacet
  facet normal 0.130692 -0.991423 0
    outer loop
      vertex 39.3682 -22.424 34.3
      vertex 38.9358 -22.481 1
      vertex 39.3682 -22.424 1
    endloop
  endfacet
  facet normal 0.430789 0.561193 -0.706742
    outer loop
      vertex 41.7139 21.3302 1
      vertex 41.0712 20.5642 0
      vertex 41.3679 21.5958 1
    endloop
  endfacet
  facet normal 0.608913 0.793237 -0
    outer loop
      vertex 41.7139 21.3302 1
      vertex 41.3679 21.5958 34.3
      vertex 41.7139 21.3302 34.3
    endloop
  endfacet
  facet normal 0.608913 0.793237 0
    outer loop
      vertex 41.3679 21.5958 34.3
      vertex 41.7139 21.3302 1
      vertex 41.3679 21.5958 1
    endloop
  endfacet
  facet normal -0.561307 0.430558 -0.706791
    outer loop
      vertex -41.7766 19.7943 0
      vertex -42.5958 20.3679 1
      vertex -41.5642 20.0712 0
    endloop
  endfacet
  facet normal -0.5216 0.477971 -0.706737
    outer loop
      vertex -41.5642 20.0712 0
      vertex -42.3302 20.7139 1
      vertex -42.0355 21.0355 1
    endloop
  endfacet
  facet normal 0.212677 0.674728 -0.706761
    outer loop
      vertex 39.8681 21.2588 0
      vertex 39.5353 21.3637 0
      vertex 39.7941 22.3296 1
    endloop
  endfacet
  facet normal 0.153091 0.690692 -0.706759
    outer loop
      vertex 39.5353 21.3637 0
      vertex 39.3682 22.424 1
      vertex 39.7941 22.3296 1
    endloop
  endfacet
  facet normal 0.0308138 0.706771 -0.706771
    outer loop
      vertex 38.9358 22.481 1
      vertex 38.5 21.5 0
      vertex 38.5 22.5 1
    endloop
  endfacet
  facet normal 0.0435566 0.999051 -0
    outer loop
      vertex 38.9358 22.481 1
      vertex 38.5 22.5 34.3
      vertex 38.9358 22.481 34.3
    endloop
  endfacet
  facet normal 0.0435566 0.999051 0
    outer loop
      vertex 38.5 22.5 34.3
      vertex 38.9358 22.481 1
      vertex 38.5 22.5 1
    endloop
  endfacet
  facet normal 0.430558 -0.561307 -0.706791
    outer loop
      vertex 41.3679 -21.5958 1
      vertex 40.7943 -20.7766 0
      vertex 41.0712 -20.5642 0
    endloop
  endfacet
  facet normal 0.326655 0.627522 -0.706762
    outer loop
      vertex 41 21.8301 1
      vertex 40.5 20.9641 0
      vertex 40.6131 22.0315 1
    endloop
  endfacet
  facet normal -0.653554 0.270827 -0.706767
    outer loop
      vertex -42.2588 18.8681 0
      vertex -43.0315 19.6131 1
      vertex -42.1252 19.1905 0
    endloop
  endfacet
  facet normal 0.596649 -0.380128 -0.706762
    outer loop
      vertex 42.8301 -20 1
      vertex 41.7766 -19.7943 0
      vertex 41.9641 -19.5 0
    endloop
  endfacet
  facet normal -0.843473 -0.537172 0
    outer loop
      vertex -42.5958 -20.3679 1
      vertex -42.8301 -20 34.3
      vertex -42.8301 -20 1
    endloop
  endfacet
  facet normal -0.843473 -0.537172 0
    outer loop
      vertex -42.8301 -20 34.3
      vertex -42.5958 -20.3679 1
      vertex -42.5958 -20.3679 34.3
    endloop
  endfacet
  facet normal -0.0924568 -0.701374 -0.706771
    outer loop
      vertex -38.9358 -22.481 1
      vertex -39.3682 -22.424 1
      vertex -38.8486 -21.4848 0
    endloop
  endfacet
  facet normal -0.999051 -0.0435566 0
    outer loop
      vertex -43.481 -17.9358 1
      vertex -43.5 -17.5 34.3
      vertex -43.5 -17.5 1
    endloop
  endfacet
  facet normal -0.999051 -0.0435566 0
    outer loop
      vertex -43.5 -17.5 34.3
      vertex -43.481 -17.9358 1
      vertex -43.481 -17.9358 34.3
    endloop
  endfacet
  facet normal 0.153059 -0.690692 -0.706765
    outer loop
      vertex 39.3682 -22.424 1
      vertex 39.1946 -21.4392 0
      vertex 39.5353 -21.3637 0
    endloop
  endfacet
  facet normal 0.627527 0.326638 -0.706765
    outer loop
      vertex 42.1252 19.1905 0
      vertex 41.9641 19.5 0
      vertex 43.0315 19.6131 1
    endloop
  endfacet
  facet normal -0.999051 0.0435566 0
    outer loop
      vertex -43.5 17.5 1
      vertex -43.481 17.9358 34.3
      vertex -43.481 17.9358 1
    endloop
  endfacet
  facet normal -0.999051 0.0435566 0
    outer loop
      vertex -43.481 17.9358 34.3
      vertex -43.5 17.5 1
      vertex -43.5 17.5 34.3
    endloop
  endfacet
  facet normal -0.270673 0.653629 0.706756
    outer loop
      vertex -39.7997 21.0708 35.5
      vertex -40.6131 22.0315 34.3
      vertex -40.1059 20.944 35.5
    endloop
  endfacet
  facet normal -0.690705 0.153093 0.706746
    outer loop
      vertex -43.3296 18.7941 34.3
      vertex -43.424 18.3682 34.3
      vertex -42.2423 18.1599 35.5
    endloop
  endfacet
  facet normal -0.690647 0.15324 0.706771
    outer loop
      vertex -42.1705 18.4835 35.5
      vertex -43.3296 18.7941 34.3
      vertex -42.2423 18.1599 35.5
    endloop
  endfacet
  facet normal -0.596695 0.38001 -0.706787
    outer loop
      vertex -41.7766 19.7943 0
      vertex -42.8301 20 1
      vertex -42.5958 20.3679 1
    endloop
  endfacet
  facet normal -0.793237 0.608913 0
    outer loop
      vertex -42.5958 20.3679 1
      vertex -42.3302 20.7139 34.3
      vertex -42.3302 20.7139 1
    endloop
  endfacet
  facet normal -0.793237 0.608913 0
    outer loop
      vertex -42.3302 20.7139 34.3
      vertex -42.5958 20.3679 1
      vertex -42.5958 20.3679 34.3
    endloop
  endfacet
  facet normal -0.923821 0.382824 0
    outer loop
      vertex -43.1985 19.2101 1
      vertex -43.0315 19.6131 34.3
      vertex -43.0315 19.6131 1
    endloop
  endfacet
  facet normal -0.923821 0.382824 0
    outer loop
      vertex -43.0315 19.6131 34.3
      vertex -43.1985 19.2101 1
      vertex -43.1985 19.2101 34.3
    endloop
  endfacet
  facet normal 0.430651 -0.561255 0.706776
    outer loop
      vertex 40.9426 -20.411 35.5
      vertex 40.6796 -20.6128 35.5
      vertex 41.3679 -21.5958 34.3
    endloop
  endfacet
  facet normal -0.478013 0.521547 0.706748
    outer loop
      vertex -40.9426 20.411 35.5
      vertex -41.7139 21.3302 34.3
      vertex -41.187 20.187 35.5
    endloop
  endfacet
  facet normal -0.843473 0.537172 0
    outer loop
      vertex -42.8301 20 1
      vertex -42.5958 20.3679 34.3
      vertex -42.5958 20.3679 1
    endloop
  endfacet
  facet normal -0.843473 0.537172 0
    outer loop
      vertex -42.5958 20.3679 34.3
      vertex -42.8301 20 1
      vertex -42.8301 20 34.3
    endloop
  endfacet
  facet normal 0.380075 -0.596681 0.706763
    outer loop
      vertex 40.6796 -20.6128 35.5
      vertex 40.4 -20.7909 35.5
      vertex 41 -21.8301 34.3
    endloop
  endfacet
  facet normal 0.690692 -0.153091 -0.706759
    outer loop
      vertex 43.3296 -18.7941 1
      vertex 42.3637 -18.5353 0
      vertex 43.424 -18.3682 1
    endloop
  endfacet
  facet normal -0.70677 -0.0308173 -0.706772
    outer loop
      vertex -42.4848 -17.8486 0
      vertex -43.481 -17.9358 1
      vertex -42.5 -17.5 0
    endloop
  endfacet
  facet normal 0.270827 -0.653554 -0.706767
    outer loop
      vertex 40.2101 -22.1985 1
      vertex 39.8681 -21.2588 0
      vertex 40.6131 -22.0315 1
    endloop
  endfacet
  facet normal 0.212638 -0.674732 -0.706768
    outer loop
      vertex 40.2101 -22.1985 1
      vertex 39.7941 -22.3296 1
      vertex 39.8681 -21.2588 0
    endloop
  endfacet
  facet normal -0.608913 0.793237 0
    outer loop
      vertex -41.3679 21.5958 1
      vertex -41.7139 21.3302 34.3
      vertex -41.3679 21.5958 34.3
    endloop
  endfacet
  facet normal -0.608913 0.793237 0
    outer loop
      vertex -41.7139 21.3302 34.3
      vertex -41.3679 21.5958 1
      vertex -41.7139 21.3302 1
    endloop
  endfacet
  facet normal -0.6756 0.737268 0
    outer loop
      vertex -41.7139 21.3302 1
      vertex -42.0355 21.0355 34.3
      vertex -41.7139 21.3302 34.3
    endloop
  endfacet
  facet normal -0.6756 0.737268 0
    outer loop
      vertex -42.0355 21.0355 34.3
      vertex -41.7139 21.3302 1
      vertex -42.0355 21.0355 1
    endloop
  endfacet
  facet normal -0.627527 0.326638 -0.706765
    outer loop
      vertex -42.1252 19.1905 0
      vertex -43.0315 19.6131 1
      vertex -41.9641 19.5 0
    endloop
  endfacet
  facet normal -0.0924364 -0.701381 -0.706767
    outer loop
      vertex -38.8486 -21.4848 0
      vertex -39.3682 -22.424 1
      vertex -39.1946 -21.4392 0
    endloop
  endfacet
  facet normal 0.461735 -0.887018 0
    outer loop
      vertex 40.6131 -22.0315 1
      vertex 41 -21.8301 34.3
      vertex 40.6131 -22.0315 34.3
    endloop
  endfacet
  facet normal 0.461735 -0.887018 0
    outer loop
      vertex 41 -21.8301 34.3
      vertex 40.6131 -22.0315 1
      vertex 41 -21.8301 1
    endloop
  endfacet
  facet normal 0.976306 -0.216396 0
    outer loop
      vertex 43.3296 -18.7941 34.3
      vertex 43.424 -18.3682 1
      vertex 43.424 -18.3682 34.3
    endloop
  endfacet
  facet normal 0.976306 -0.216396 0
    outer loop
      vertex 43.424 -18.3682 1
      vertex 43.3296 -18.7941 34.3
      vertex 43.3296 -18.7941 1
    endloop
  endfacet
  facet normal -0.478073 -0.521461 -0.706771
    outer loop
      vertex -41.0712 -20.5642 0
      vertex -42.0355 -21.0355 1
      vertex -41.3284 -20.3284 0
    endloop
  endfacet
  facet normal -0.0308173 -0.70677 -0.706772
    outer loop
      vertex -38.5 -21.5 0
      vertex -38.9358 -22.481 1
      vertex -38.8486 -21.4848 0
    endloop
  endfacet
  facet normal 0.793237 -0.608913 0
    outer loop
      vertex 42.3302 -20.7139 34.3
      vertex 42.5958 -20.3679 1
      vertex 42.5958 -20.3679 34.3
    endloop
  endfacet
  facet normal 0.793237 -0.608913 0
    outer loop
      vertex 42.5958 -20.3679 1
      vertex 42.3302 -20.7139 34.3
      vertex 42.3302 -20.7139 1
    endloop
  endfacet
  facet normal 0.674728 -0.212677 -0.706761
    outer loop
      vertex 43.3296 -18.7941 1
      vertex 42.2588 -18.8681 0
      vertex 42.3637 -18.5353 0
    endloop
  endfacet
  facet normal -0.270827 -0.653554 -0.706767
    outer loop
      vertex -40.2101 -22.1985 1
      vertex -40.6131 -22.0315 1
      vertex -39.8681 -21.2588 0
    endloop
  endfacet
  facet normal -0.212638 -0.674732 -0.706768
    outer loop
      vertex -39.7941 -22.3296 1
      vertex -40.2101 -22.1985 1
      vertex -39.8681 -21.2588 0
    endloop
  endfacet
  facet normal -0.608913 -0.793237 0
    outer loop
      vertex -41.7139 -21.3302 1
      vertex -41.3679 -21.5958 34.3
      vertex -41.7139 -21.3302 34.3
    endloop
  endfacet
  facet normal -0.608913 -0.793237 -0
    outer loop
      vertex -41.3679 -21.5958 34.3
      vertex -41.7139 -21.3302 1
      vertex -41.3679 -21.5958 1
    endloop
  endfacet
  facet normal 0.561307 -0.430558 -0.706791
    outer loop
      vertex 42.5958 -20.3679 1
      vertex 41.5642 -20.0712 0
      vertex 41.7766 -19.7943 0
    endloop
  endfacet
  facet normal -0.153091 -0.690692 -0.706759
    outer loop
      vertex -39.3682 -22.424 1
      vertex -39.7941 -22.3296 1
      vertex -39.5353 -21.3637 0
    endloop
  endfacet
  facet normal -0.430558 -0.561307 -0.706791
    outer loop
      vertex -40.7943 -20.7766 0
      vertex -41.3679 -21.5958 1
      vertex -41.0712 -20.5642 0
    endloop
  endfacet
  facet normal -0.991423 -0.130692 0
    outer loop
      vertex -43.424 -18.3682 1
      vertex -43.481 -17.9358 34.3
      vertex -43.481 -17.9358 1
    endloop
  endfacet
  facet normal -0.991423 -0.130692 0
    outer loop
      vertex -43.481 -17.9358 34.3
      vertex -43.424 -18.3682 1
      vertex -43.424 -18.3682 34.3
    endloop
  endfacet
  facet normal 0.477971 0.5216 -0.706737
    outer loop
      vertex 42.0355 21.0355 1
      vertex 41.0712 20.5642 0
      vertex 41.7139 21.3302 1
    endloop
  endfacet
  facet normal -0.674728 -0.212677 -0.706761
    outer loop
      vertex -42.2588 -18.8681 0
      vertex -43.3296 -18.7941 1
      vertex -42.3637 -18.5353 0
    endloop
  endfacet
  facet normal -0.5216 -0.477971 -0.706737
    outer loop
      vertex -42.0355 -21.0355 1
      vertex -42.3302 -20.7139 1
      vertex -41.5642 -20.0712 0
    endloop
  endfacet
  facet normal -0.690692 -0.153091 -0.706759
    outer loop
      vertex -43.3296 -18.7941 1
      vertex -43.424 -18.3682 1
      vertex -42.3637 -18.5353 0
    endloop
  endfacet
  facet normal -0.596649 -0.380128 -0.706762
    outer loop
      vertex -41.7766 -19.7943 0
      vertex -42.8301 -20 1
      vertex -41.9641 -19.5 0
    endloop
  endfacet
  facet normal -0.326638 -0.627527 -0.706765
    outer loop
      vertex -40.1905 -21.1252 0
      vertex -40.6131 -22.0315 1
      vertex -40.5 -20.9641 0
    endloop
  endfacet
  facet normal 0.380128 -0.596649 -0.706762
    outer loop
      vertex 41 -21.8301 1
      vertex 40.5 -20.9641 0
      vertex 40.7943 -20.7766 0
    endloop
  endfacet
  facet normal -0.627518 0.326668 0.70676
    outer loop
      vertex -41.7909 19.4 35.5
      vertex -43.0315 19.6131 34.3
      vertex -41.944 19.1059 35.5
    endloop
  endfacet
  facet normal -0.627522 0.326655 0.706762
    outer loop
      vertex -42.8301 20 34.3
      vertex -43.0315 19.6131 34.3
      vertex -41.7909 19.4 35.5
    endloop
  endfacet
  facet normal -0.690647 -0.15324 0.706771
    outer loop
      vertex -42.2423 -18.1599 35.5
      vertex -43.3296 -18.7941 34.3
      vertex -42.1705 -18.4835 35.5
    endloop
  endfacet
  facet normal 0.430789 -0.561193 -0.706742
    outer loop
      vertex 41.3679 -21.5958 1
      vertex 41.0712 -20.5642 0
      vertex 41.7139 -21.3302 1
    endloop
  endfacet
  facet normal 0.477971 -0.5216 -0.706737
    outer loop
      vertex 41.7139 -21.3302 1
      vertex 41.0712 -20.5642 0
      vertex 42.0355 -21.0355 1
    endloop
  endfacet
  facet normal 0.326638 -0.627527 -0.706765
    outer loop
      vertex 40.6131 -22.0315 1
      vertex 40.1905 -21.1252 0
      vertex 40.5 -20.9641 0
    endloop
  endfacet
  facet normal 0.521584 -0.477957 0.706759
    outer loop
      vertex 42.3302 -20.7139 34.3
      vertex 41.187 -20.187 35.5
      vertex 42.0355 -21.0355 34.3
    endloop
  endfacet
  facet normal 0.737268 -0.6756 0
    outer loop
      vertex 42.0355 -21.0355 34.3
      vertex 42.3302 -20.7139 1
      vertex 42.3302 -20.7139 34.3
    endloop
  endfacet
  facet normal 0.737268 -0.6756 0
    outer loop
      vertex 42.3302 -20.7139 1
      vertex 42.0355 -21.0355 34.3
      vertex 42.0355 -21.0355 1
    endloop
  endfacet
  facet normal -0.130692 -0.991423 0
    outer loop
      vertex -39.3682 -22.424 1
      vertex -38.9358 -22.481 34.3
      vertex -39.3682 -22.424 34.3
    endloop
  endfacet
  facet normal -0.130692 -0.991423 -0
    outer loop
      vertex -38.9358 -22.481 34.3
      vertex -39.3682 -22.424 1
      vertex -38.9358 -22.481 1
    endloop
  endfacet
  facet normal -0.521584 -0.477957 0.706759
    outer loop
      vertex -41.187 -20.187 35.5
      vertex -42.3302 -20.7139 34.3
      vertex -42.0355 -21.0355 34.3
    endloop
  endfacet
  facet normal -0.430782 -0.561184 0.706752
    outer loop
      vertex -40.9426 -20.411 35.5
      vertex -41.7139 -21.3302 34.3
      vertex -41.3679 -21.5958 34.3
    endloop
  endfacet
  facet normal -0.706745 -0.0309414 0.706792
    outer loop
      vertex -42.3 -17.5 35.5
      vertex -43.481 -17.9358 34.3
      vertex -42.2855 -17.8312 35.5
    endloop
  endfacet
  facet normal -0.477957 -0.521584 0.706759
    outer loop
      vertex -41.187 -20.187 35.5
      vertex -42.0355 -21.0355 34.3
      vertex -41.7139 -21.3302 34.3
    endloop
  endfacet
  facet normal -0.270673 -0.653629 0.706756
    outer loop
      vertex -40.1059 -20.944 35.5
      vertex -40.6131 -22.0315 34.3
      vertex -39.7997 -21.0708 35.5
    endloop
  endfacet
  facet normal -0.326668 -0.627518 0.70676
    outer loop
      vertex -40.4 -20.7909 35.5
      vertex -40.6131 -22.0315 34.3
      vertex -40.1059 -20.944 35.5
    endloop
  endfacet
  facet normal -0.561184 -0.430782 0.706752
    outer loop
      vertex -41.411 -19.9426 35.5
      vertex -42.5958 -20.3679 34.3
      vertex -42.3302 -20.7139 34.3
    endloop
  endfacet
  facet normal -0.521547 -0.478013 0.706748
    outer loop
      vertex -41.411 -19.9426 35.5
      vertex -42.3302 -20.7139 34.3
      vertex -41.187 -20.187 35.5
    endloop
  endfacet
  facet normal 0 0 -1
    outer loop
      vertex 5 -31.5 0
      vertex 7 -29.5 0
      vertex 6.99239 -29.6743 0
    endloop
  endfacet
  facet normal 0 0 -1
    outer loop
      vertex 11.7857 -23.3596 0
      vertex 12 -22.9 0
      vertex 11.9977 -22.9523 0
    endloop
  endfacet
  facet normal 0 0 -1
    outer loop
      vertex 38.5 -21.5 0
      vertex 42.5 -17.5 0
      vertex 42.4848 -17.8486 0
    endloop
  endfacet
  facet normal -0 0 -1
    outer loop
      vertex 42.5 -17.5 0
      vertex 12 -21.5 0
      vertex 42.5 17.5 0
    endloop
  endfacet
  facet normal 0 0 -1
    outer loop
      vertex 38.5 -21.5 0
      vertex 42.4848 -17.8486 0
      vertex 42.4392 -18.1946 0
    endloop
  endfacet
  facet normal 0 -0 -1
    outer loop
      vertex 38.5 21.5 0
      vertex 42.5 17.5 0
      vertex 12 -21.5 0
    endloop
  endfacet
  facet normal 0 0 -1
    outer loop
      vertex 38.5 -21.5 0
      vertex 42.4392 -18.1946 0
      vertex 42.3637 -18.5353 0
    endloop
  endfacet
  facet normal 0 0 -1
    outer loop
      vertex 42.5 -17.5 0
      vertex 38.5 -21.5 0
      vertex 12 -21.5 0
    endloop
  endfacet
  facet normal 0 0 -1
    outer loop
      vertex 38.5 -21.5 0
      vertex 42.3637 -18.5353 0
      vertex 42.2588 -18.8681 0
    endloop
  endfacet
  facet normal 0 0 -1
    outer loop
      vertex 42.5 17.5 0
      vertex 38.5 21.5 0
      vertex 42.4848 17.8486 0
    endloop
  endfacet
  facet normal 0 0 -1
    outer loop
      vertex 38.5 -21.5 0
      vertex 42.2588 -18.8681 0
      vertex 42.1252 -19.1905 0
    endloop
  endfacet
  facet normal 0 0 -1
    outer loop
      vertex 42.4392 18.1946 0
      vertex 38.5 21.5 0
      vertex 42.3637 18.5353 0
    endloop
  endfacet
  facet normal 0 0 -1
    outer loop
      vertex 38.5 -21.5 0
      vertex 42.1252 -19.1905 0
      vertex 41.9641 -19.5 0
    endloop
  endfacet
  facet normal 0 0 -1
    outer loop
      vertex 42.3637 18.5353 0
      vertex 38.5 21.5 0
      vertex 42.2588 18.8681 0
    endloop
  endfacet
  facet normal 0 0 -1
    outer loop
      vertex 38.5 -21.5 0
      vertex 41.9641 -19.5 0
      vertex 41.7766 -19.7943 0
    endloop
  endfacet
  facet normal 0 0 -1
    outer loop
      vertex 42.2588 18.8681 0
      vertex 38.5 21.5 0
      vertex 42.1252 19.1905 0
    endloop
  endfacet
  facet normal 0 0 -1
    outer loop
      vertex 38.5 -21.5 0
      vertex 41.7766 -19.7943 0
      vertex 41.5642 -20.0712 0
    endloop
  endfacet
  facet normal 0 0 -1
    outer loop
      vertex 42.1252 19.1905 0
      vertex 38.5 21.5 0
      vertex 41.9641 19.5 0
    endloop
  endfacet
  facet normal 0 0 -1
    outer loop
      vertex 38.5 -21.5 0
      vertex 41.5642 -20.0712 0
      vertex 41.3284 -20.3284 0
    endloop
  endfacet
  facet normal 0 0 -1
    outer loop
      vertex 41.9641 19.5 0
      vertex 38.5 21.5 0
      vertex 41.7766 19.7943 0
    endloop
  endfacet
  facet normal 0 0 -1
    outer loop
      vertex 38.5 -21.5 0
      vertex 41.3284 -20.3284 0
      vertex 41.0712 -20.5642 0
    endloop
  endfacet
  facet normal 0 0 -1
    outer loop
      vertex 41.7766 19.7943 0
      vertex 38.5 21.5 0
      vertex 41.5642 20.0712 0
    endloop
  endfacet
  facet normal 0 0 -1
    outer loop
      vertex 38.5 -21.5 0
      vertex 41.0712 -20.5642 0
      vertex 40.7943 -20.7766 0
    endloop
  endfacet
  facet normal 0 0 -1
    outer loop
      vertex 41.5642 20.0712 0
      vertex 38.5 21.5 0
      vertex 41.3284 20.3284 0
    endloop
  endfacet
  facet normal 0 0 -1
    outer loop
      vertex 38.5 -21.5 0
      vertex 40.7943 -20.7766 0
      vertex 40.5 -20.9641 0
    endloop
  endfacet
  facet normal 0 0 -1
    outer loop
      vertex 41.3284 20.3284 0
      vertex 38.5 21.5 0
      vertex 41.0712 20.5642 0
    endloop
  endfacet
  facet normal 0 0 -1
    outer loop
      vertex 38.5 -21.5 0
      vertex 40.5 -20.9641 0
      vertex 40.1905 -21.1252 0
    endloop
  endfacet
  facet normal 0 0 -1
    outer loop
      vertex 41.0712 20.5642 0
      vertex 38.5 21.5 0
      vertex 40.7943 20.7766 0
    endloop
  endfacet
  facet normal 0 0 -1
    outer loop
      vertex 38.5 -21.5 0
      vertex 40.1905 -21.1252 0
      vertex 39.8681 -21.2588 0
    endloop
  endfacet
  facet normal 0 0 -1
    outer loop
      vertex 40.7943 20.7766 0
      vertex 38.5 21.5 0
      vertex 40.5 20.9641 0
    endloop
  endfacet
  facet normal 0 0 -1
    outer loop
      vertex 38.5 -21.5 0
      vertex 39.8681 -21.2588 0
      vertex 39.5353 -21.3637 0
    endloop
  endfacet
  facet normal 0 0 -1
    outer loop
      vertex 40.5 20.9641 0
      vertex 38.5 21.5 0
      vertex 40.1905 21.1252 0
    endloop
  endfacet
  facet normal 0 0 -1
    outer loop
      vertex 38.5 -21.5 0
      vertex 39.5353 -21.3637 0
      vertex 39.1946 -21.4392 0
    endloop
  endfacet
  facet normal 0 0 -1
    outer loop
      vertex 40.1905 21.1252 0
      vertex 38.5 21.5 0
      vertex 39.8681 21.2588 0
    endloop
  endfacet
  facet normal 0 0 -1
    outer loop
      vertex 38.5 -21.5 0
      vertex 39.1946 -21.4392 0
      vertex 38.8486 -21.4848 0
    endloop
  endfacet
  facet normal 0 0 -1
    outer loop
      vertex 39.8681 21.2588 0
      vertex 38.5 21.5 0
      vertex 39.5353 21.3637 0
    endloop
  endfacet
  facet normal 0 0 -1
    outer loop
      vertex 39.5353 21.3637 0
      vertex 38.5 21.5 0
      vertex 39.1946 21.4392 0
    endloop
  endfacet
  facet normal 0 0 -1
    outer loop
      vertex 39.1946 21.4392 0
      vertex 38.5 21.5 0
      vertex 38.8486 21.4848 0
    endloop
  endfacet
  facet normal 0 0 -1
    outer loop
      vertex 42.4848 17.8486 0
      vertex 38.5 21.5 0
      vertex 42.4392 18.1946 0
    endloop
  endfacet
  facet normal 0 0 -1
    outer loop
      vertex 11.7857 -23.3596 0
      vertex 11.9977 -22.9523 0
      vertex 11.9909 -23.0042 0
    endloop
  endfacet
  facet normal 0 0 -1
    outer loop
      vertex 11.7857 -23.3596 0
      vertex 11.9909 -23.0042 0
      vertex 11.9796 -23.0553 0
    endloop
  endfacet
  facet normal 0 0 -1
    outer loop
      vertex 11.7857 -23.3596 0
      vertex 11.9796 -23.0553 0
      vertex 11.9638 -23.1052 0
    endloop
  endfacet
  facet normal 0 0 -1
    outer loop
      vertex 11.7857 -23.3596 0
      vertex 11.9638 -23.1052 0
      vertex 11.9438 -23.1536 0
    endloop
  endfacet
  facet normal 0 0 -1
    outer loop
      vertex 11.7857 -23.3596 0
      vertex 11.9438 -23.1536 0
      vertex 11.9196 -23.2 0
    endloop
  endfacet
  facet normal 0 0 -1
    outer loop
      vertex 11.7857 -23.3596 0
      vertex 11.9196 -23.2 0
      vertex 11.8915 -23.2441 0
    endloop
  endfacet
  facet normal 0 0 -1
    outer loop
      vertex 11.7857 -23.3596 0
      vertex 11.8915 -23.2441 0
      vertex 11.8596 -23.2857 0
    endloop
  endfacet
  facet normal 0 0 -1
    outer loop
      vertex 11.7857 -23.3596 0
      vertex 11.8596 -23.2857 0
      vertex 11.8243 -23.3243 0
    endloop
  endfacet
  facet normal -0 0 -1
    outer loop
      vertex 12 -22.9 0
      vertex 11.7857 -23.3596 0
      vertex 12 -21.5 0
    endloop
  endfacet
  facet normal 0 0 -1
    outer loop
      vertex 2 -21.5642 0
      vertex 11.7857 -23.3596 0
      vertex 7.01141 -27.5126 0
    endloop
  endfacet
  facet normal 0 0 -1
    outer loop
      vertex 11.7857 -23.3596 0
      vertex 2 -21.5642 0
      vertex 12 -21.5 0
    endloop
  endfacet
  facet normal 0 0 -1
    outer loop
      vertex 7.00499 -27.515 0
      vertex 7.01141 -27.5126 0
      vertex 7.01073 -27.5132 0
    endloop
  endfacet
  facet normal 0 0 -1
    outer loop
      vertex 7.00922 -27.5141 0
      vertex 7.01073 -27.5132 0
      vertex 7.00999 -27.5137 0
    endloop
  endfacet
  facet normal 0 0 -1
    outer loop
      vertex 7.01073 -27.5132 0
      vertex 7.00922 -27.5141 0
      vertex 7.00499 -27.515 0
    endloop
  endfacet
  facet normal 0 0 -1
    outer loop
      vertex 7.00499 -27.515 0
      vertex 7.00922 -27.5141 0
      vertex 7.00841 -27.5144 0
    endloop
  endfacet
  facet normal 0 0 -1
    outer loop
      vertex 7.00499 -27.515 0
      vertex 7.00841 -27.5144 0
      vertex 7.00758 -27.5146 0
    endloop
  endfacet
  facet normal 0 0 -1
    outer loop
      vertex 7.00499 -27.515 0
      vertex 7.00758 -27.5146 0
      vertex 7.00673 -27.5148 0
    endloop
  endfacet
  facet normal 0 0 -1
    outer loop
      vertex 7.00499 -27.515 0
      vertex 7.00673 -27.5148 0
      vertex 7.00586 -27.515 0
    endloop
  endfacet
  facet normal 0 0 -1
    outer loop
      vertex 7.01141 -27.5126 0
      vertex 7.00499 -27.515 0
      vertex 7 -27.515 0
    endloop
  endfacet
  facet normal -0 0 -1
    outer loop
      vertex 7.01141 -27.5126 0
      vertex 7 -27.515 0
      vertex 2 -21.5642 0
    endloop
  endfacet
  facet normal 0 0 -1
    outer loop
      vertex 5 -31.5 0
      vertex 6.99239 -29.6743 0
      vertex 6.96962 -29.8473 0
    endloop
  endfacet
  facet normal 0 0 -1
    outer loop
      vertex 5 -31.5 0
      vertex 6.96962 -29.8473 0
      vertex 6.93185 -30.0176 0
    endloop
  endfacet
  facet normal 0 0 -1
    outer loop
      vertex 5 -31.5 0
      vertex 6.93185 -30.0176 0
      vertex 6.87938 -30.184 0
    endloop
  endfacet
  facet normal 0 0 -1
    outer loop
      vertex 5 -31.5 0
      vertex 6.87938 -30.184 0
      vertex 6.81262 -30.3452 0
    endloop
  endfacet
  facet normal 0 0 -1
    outer loop
      vertex 5 -31.5 0
      vertex 6.81262 -30.3452 0
      vertex 6.73206 -30.5 0
    endloop
  endfacet
  facet normal 0 0 -1
    outer loop
      vertex 5 -31.5 0
      vertex 6.73206 -30.5 0
      vertex 6.63831 -30.6472 0
    endloop
  endfacet
  facet normal 0 0 -1
    outer loop
      vertex 5 -31.5 0
      vertex 6.63831 -30.6472 0
      vertex 6.53209 -30.7856 0
    endloop
  endfacet
  facet normal 0 0 -1
    outer loop
      vertex 5 -31.5 0
      vertex 6.53209 -30.7856 0
      vertex 6.41422 -30.9142 0
    endloop
  endfacet
  facet normal 0 0 -1
    outer loop
      vertex 5 -31.5 0
      vertex 6.41422 -30.9142 0
      vertex 6.28557 -31.0321 0
    endloop
  endfacet
  facet normal 0 0 -1
    outer loop
      vertex 5 -31.5 0
      vertex 6.28557 -31.0321 0
      vertex 6.14716 -31.1383 0
    endloop
  endfacet
  facet normal 0 0 -1
    outer loop
      vertex 5 -31.5 0
      vertex 6.14716 -31.1383 0
      vertex 6 -31.2321 0
    endloop
  endfacet
  facet normal 0 0 -1
    outer loop
      vertex 5 -31.5 0
      vertex 6 -31.2321 0
      vertex 5.84523 -31.3126 0
    endloop
  endfacet
  facet normal 0 0 -1
    outer loop
      vertex 5 -31.5 0
      vertex 5.84523 -31.3126 0
      vertex 5.68404 -31.3794 0
    endloop
  endfacet
  facet normal 0 0 -1
    outer loop
      vertex 5 -31.5 0
      vertex 5.68404 -31.3794 0
      vertex 5.51764 -31.4319 0
    endloop
  endfacet
  facet normal 0 0 -1
    outer loop
      vertex 5 -31.5 0
      vertex 5.51764 -31.4319 0
      vertex 5.34729 -31.4696 0
    endloop
  endfacet
  facet normal 0 0 -1
    outer loop
      vertex 5 -31.5 0
      vertex 5.34729 -31.4696 0
      vertex 5.17432 -31.4924 0
    endloop
  endfacet
  facet normal -0 0 -1
    outer loop
      vertex 7 -29.5 0
      vertex 5 -31.5 0
      vertex 7 -27.515 0
    endloop
  endfacet
  facet normal 0 0 -1
    outer loop
      vertex 2.5 -31.5 0
      vertex 7 -27.515 0
      vertex 5 -31.5 0
    endloop
  endfacet
  facet normal 0 0 -1
    outer loop
      vertex 0.5 -29.5 0
      vertex 7 -27.515 0
      vertex 2.5 -31.5 0
    endloop
  endfacet
  facet normal 0 0 -1
    outer loop
      vertex 0.5 -29.5 0
      vertex 2.5 -31.5 0
      vertex 2.32568 -31.4924 0
    endloop
  endfacet
  facet normal 0 0 -1
    outer loop
      vertex 0.5 -29.5 0
      vertex 2.32568 -31.4924 0
      vertex 2.15271 -31.4696 0
    endloop
  endfacet
  facet normal -0 0 -1
    outer loop
      vertex 12 -21.5 0
      vertex 2 -21.5642 0
      vertex 2 -21.5 0
    endloop
  endfacet
  facet normal 0 0 -1
    outer loop
      vertex 12 -21.5 0
      vertex 2 -21.5 0
      vertex 38.5 21.5 0
    endloop
  endfacet
  facet normal 0 0 -1
    outer loop
      vertex -38.5 21.5 0
      vertex 2 -21.5 0
      vertex -38.5 -21.5 0
    endloop
  endfacet
  facet normal 0 0 -1
    outer loop
      vertex 2 -21.5 0
      vertex -38.5 21.5 0
      vertex 38.5 21.5 0
    endloop
  endfacet
  facet normal 0 0 -1
    outer loop
      vertex -42.5 -17.5 0
      vertex -38.5 -21.5 0
      vertex -38.8486 -21.4848 0
    endloop
  endfacet
  facet normal 0 0 -1
    outer loop
      vertex -38.5 -21.5 0
      vertex -42.5 -17.5 0
      vertex -38.5 21.5 0
    endloop
  endfacet
  facet normal 0 0 -1
    outer loop
      vertex -42.5 -17.5 0
      vertex -38.8486 -21.4848 0
      vertex -39.1946 -21.4392 0
    endloop
  endfacet
  facet normal 0 0 -1
    outer loop
      vertex -42.5 17.5 0
      vertex -38.5 21.5 0
      vertex -42.5 -17.5 0
    endloop
  endfacet
  facet normal 0 0 -1
    outer loop
      vertex -42.5 -17.5 0
      vertex -39.1946 -21.4392 0
      vertex -39.5353 -21.3637 0
    endloop
  endfacet
  facet normal 0 0 -1
    outer loop
      vertex -38.5 21.5 0
      vertex -42.5 17.5 0
      vertex -38.8486 21.4848 0
    endloop
  endfacet
  facet normal 0 0 -1
    outer loop
      vertex -42.5 -17.5 0
      vertex -39.5353 -21.3637 0
      vertex -39.8681 -21.2588 0
    endloop
  endfacet
  facet normal 0 0 -1
    outer loop
      vertex -38.8486 21.4848 0
      vertex -42.5 17.5 0
      vertex -39.1946 21.4392 0
    endloop
  endfacet
  facet normal 0 0 -1
    outer loop
      vertex -42.5 -17.5 0
      vertex -39.8681 -21.2588 0
      vertex -40.1905 -21.1252 0
    endloop
  endfacet
  facet normal 0 0 -1
    outer loop
      vertex -39.1946 21.4392 0
      vertex -42.5 17.5 0
      vertex -39.5353 21.3637 0
    endloop
  endfacet
  facet normal 0 0 -1
    outer loop
      vertex -42.5 -17.5 0
      vertex -40.1905 -21.1252 0
      vertex -40.5 -20.9641 0
    endloop
  endfacet
  facet normal 0 0 -1
    outer loop
      vertex -39.5353 21.3637 0
      vertex -42.5 17.5 0
      vertex -39.8681 21.2588 0
    endloop
  endfacet
  facet normal 0 0 -1
    outer loop
      vertex -42.5 -17.5 0
      vertex -40.5 -20.9641 0
      vertex -40.7943 -20.7766 0
    endloop
  endfacet
  facet normal 0 0 -1
    outer loop
      vertex -39.8681 21.2588 0
      vertex -42.5 17.5 0
      vertex -40.1905 21.1252 0
    endloop
  endfacet
  facet normal 0 0 -1
    outer loop
      vertex -42.5 -17.5 0
      vertex -40.7943 -20.7766 0
      vertex -41.0712 -20.5642 0
    endloop
  endfacet
  facet normal 0 0 -1
    outer loop
      vertex -40.1905 21.1252 0
      vertex -42.5 17.5 0
      vertex -40.5 20.9641 0
    endloop
  endfacet
  facet normal 0 0 -1
    outer loop
      vertex -42.5 -17.5 0
      vertex -41.0712 -20.5642 0
      vertex -41.3284 -20.3284 0
    endloop
  endfacet
  facet normal 0 0 -1
    outer loop
      vertex -40.5 20.9641 0
      vertex -42.5 17.5 0
      vertex -40.7943 20.7766 0
    endloop
  endfacet
  facet normal 0 0 -1
    outer loop
      vertex -42.5 -17.5 0
      vertex -41.3284 -20.3284 0
      vertex -41.5642 -20.0712 0
    endloop
  endfacet
  facet normal 0 0 -1
    outer loop
      vertex -40.7943 20.7766 0
      vertex -42.5 17.5 0
      vertex -41.0712 20.5642 0
    endloop
  endfacet
  facet normal 0 0 -1
    outer loop
      vertex -42.5 -17.5 0
      vertex -41.5642 -20.0712 0
      vertex -41.7766 -19.7943 0
    endloop
  endfacet
  facet normal 0 0 -1
    outer loop
      vertex -41.0712 20.5642 0
      vertex -42.5 17.5 0
      vertex -41.3284 20.3284 0
    endloop
  endfacet
  facet normal 0 0 -1
    outer loop
      vertex -42.5 -17.5 0
      vertex -41.7766 -19.7943 0
      vertex -41.9641 -19.5 0
    endloop
  endfacet
  facet normal 0 0 -1
    outer loop
      vertex -41.3284 20.3284 0
      vertex -42.5 17.5 0
      vertex -41.5642 20.0712 0
    endloop
  endfacet
  facet normal 0 0 -1
    outer loop
      vertex -42.5 -17.5 0
      vertex -41.9641 -19.5 0
      vertex -42.1252 -19.1905 0
    endloop
  endfacet
  facet normal 0 0 -1
    outer loop
      vertex -41.5642 20.0712 0
      vertex -42.5 17.5 0
      vertex -41.7766 19.7943 0
    endloop
  endfacet
  facet normal 0 0 -1
    outer loop
      vertex -42.5 -17.5 0
      vertex -42.1252 -19.1905 0
      vertex -42.2588 -18.8681 0
    endloop
  endfacet
  facet normal 0 0 -1
    outer loop
      vertex -41.7766 19.7943 0
      vertex -42.5 17.5 0
      vertex -41.9641 19.5 0
    endloop
  endfacet
  facet normal 0 0 -1
    outer loop
      vertex -42.5 -17.5 0
      vertex -42.2588 -18.8681 0
      vertex -42.3637 -18.5353 0
    endloop
  endfacet
  facet normal 0 0 -1
    outer loop
      vertex -41.9641 19.5 0
      vertex -42.5 17.5 0
      vertex -42.1252 19.1905 0
    endloop
  endfacet
  facet normal 0 0 -1
    outer loop
      vertex -42.5 -17.5 0
      vertex -42.3637 -18.5353 0
      vertex -42.4392 -18.1946 0
    endloop
  endfacet
  facet normal 0 0 -1
    outer loop
      vertex -42.1252 19.1905 0
      vertex -42.5 17.5 0
      vertex -42.2588 18.8681 0
    endloop
  endfacet
  facet normal 0 0 -1
    outer loop
      vertex -42.5 -17.5 0
      vertex -42.4392 -18.1946 0
      vertex -42.4848 -17.8486 0
    endloop
  endfacet
  facet normal 0 0 -1
    outer loop
      vertex -42.2588 18.8681 0
      vertex -42.5 17.5 0
      vertex -42.3637 18.5353 0
    endloop
  endfacet
  facet normal 0 0 -1
    outer loop
      vertex -42.3637 18.5353 0
      vertex -42.5 17.5 0
      vertex -42.4392 18.1946 0
    endloop
  endfacet
  facet normal 0 0 -1
    outer loop
      vertex -42.4392 18.1946 0
      vertex -42.5 17.5 0
      vertex -42.4848 17.8486 0
    endloop
  endfacet
  facet normal 0 0 -1
    outer loop
      vertex 0.5 -29.5 0
      vertex 2.15271 -31.4696 0
      vertex 1.98236 -31.4319 0
    endloop
  endfacet
  facet normal -0 0 -1
    outer loop
      vertex 7 -27.515 0
      vertex 0.5 -29.5 0
      vertex 0.5 -23.5 0
    endloop
  endfacet
  facet normal 0 0 -1
    outer loop
      vertex 0.5 -29.5 0
      vertex 1.98236 -31.4319 0
      vertex 1.81596 -31.3794 0
    endloop
  endfacet
  facet normal 0 0 -1
    outer loop
      vertex 7 -27.515 0
      vertex 0.5 -23.5 0
      vertex 2 -21.5642 0
    endloop
  endfacet
  facet normal 0 0 -1
    outer loop
      vertex 0.5 -29.5 0
      vertex 1.81596 -31.3794 0
      vertex 1.65477 -31.3126 0
    endloop
  endfacet
  facet normal 0 -0 -1
    outer loop
      vertex 1.81596 -21.6206 0
      vertex 2 -21.5642 0
      vertex 0.5 -23.5 0
    endloop
  endfacet
  facet normal 0 0 -1
    outer loop
      vertex 0.5 -29.5 0
      vertex 1.65477 -31.3126 0
      vertex 1.5 -31.2321 0
    endloop
  endfacet
  facet normal 0 0 -1
    outer loop
      vertex 2 -21.5642 0
      vertex 1.81596 -21.6206 0
      vertex 1.98236 -21.5681 0
    endloop
  endfacet
  facet normal 0 0 -1
    outer loop
      vertex 0.5 -29.5 0
      vertex 1.5 -31.2321 0
      vertex 1.35284 -31.1383 0
    endloop
  endfacet
  facet normal 0 0 -1
    outer loop
      vertex 1.81596 -21.6206 0
      vertex 0.5 -23.5 0
      vertex 1.65477 -21.6874 0
    endloop
  endfacet
  facet normal 0 0 -1
    outer loop
      vertex 0.5 -29.5 0
      vertex 1.35284 -31.1383 0
      vertex 1.21443 -31.0321 0
    endloop
  endfacet
  facet normal 0 0 -1
    outer loop
      vertex 1.65477 -21.6874 0
      vertex 0.5 -23.5 0
      vertex 1.5 -21.7679 0
    endloop
  endfacet
  facet normal 0 0 -1
    outer loop
      vertex 0.5 -29.5 0
      vertex 1.21443 -31.0321 0
      vertex 1.08578 -30.9142 0
    endloop
  endfacet
  facet normal 0 0 -1
    outer loop
      vertex 1.5 -21.7679 0
      vertex 0.5 -23.5 0
      vertex 1.35284 -21.8617 0
    endloop
  endfacet
  facet normal 0 0 -1
    outer loop
      vertex 0.5 -29.5 0
      vertex 1.08578 -30.9142 0
      vertex 0.967911 -30.7856 0
    endloop
  endfacet
  facet normal 0 0 -1
    outer loop
      vertex 1.35284 -21.8617 0
      vertex 0.5 -23.5 0
      vertex 1.21443 -21.9679 0
    endloop
  endfacet
  facet normal 0 0 -1
    outer loop
      vertex 0.5 -29.5 0
      vertex 0.967911 -30.7856 0
      vertex 0.861694 -30.6472 0
    endloop
  endfacet
  facet normal 0 0 -1
    outer loop
      vertex 1.21443 -21.9679 0
      vertex 0.5 -23.5 0
      vertex 1.08578 -22.0858 0
    endloop
  endfacet
  facet normal 0 0 -1
    outer loop
      vertex 0.5 -29.5 0
      vertex 0.861694 -30.6472 0
      vertex 0.767944 -30.5 0
    endloop
  endfacet
  facet normal 0 0 -1
    outer loop
      vertex 1.08578 -22.0858 0
      vertex 0.5 -23.5 0
      vertex 0.967911 -22.2144 0
    endloop
  endfacet
  facet normal 0 0 -1
    outer loop
      vertex 0.5 -29.5 0
      vertex 0.767944 -30.5 0
      vertex 0.687378 -30.3452 0
    endloop
  endfacet
  facet normal 0 0 -1
    outer loop
      vertex 0.967911 -22.2144 0
      vertex 0.5 -23.5 0
      vertex 0.861694 -22.3528 0
    endloop
  endfacet
  facet normal 0 0 -1
    outer loop
      vertex 0.5 -29.5 0
      vertex 0.687378 -30.3452 0
      vertex 0.620621 -30.184 0
    endloop
  endfacet
  facet normal 0 0 -1
    outer loop
      vertex 0.861694 -22.3528 0
      vertex 0.5 -23.5 0
      vertex 0.767944 -22.5 0
    endloop
  endfacet
  facet normal 0 0 -1
    outer loop
      vertex 0.5 -29.5 0
      vertex 0.620621 -30.184 0
      vertex 0.568146 -30.0176 0
    endloop
  endfacet
  facet normal 0 0 -1
    outer loop
      vertex 0.767944 -22.5 0
      vertex 0.5 -23.5 0
      vertex 0.687378 -22.6548 0
    endloop
  endfacet
  facet normal 0 0 -1
    outer loop
      vertex 0.5 -29.5 0
      vertex 0.568146 -30.0176 0
      vertex 0.53038 -29.8473 0
    endloop
  endfacet
  facet normal 0 0 -1
    outer loop
      vertex 0.687378 -22.6548 0
      vertex 0.5 -23.5 0
      vertex 0.620621 -22.816 0
    endloop
  endfacet
  facet normal 0 0 -1
    outer loop
      vertex 0.5 -29.5 0
      vertex 0.53038 -29.8473 0
      vertex 0.507614 -29.6743 0
    endloop
  endfacet
  facet normal 0 0 -1
    outer loop
      vertex 0.620621 -22.816 0
      vertex 0.5 -23.5 0
      vertex 0.568146 -22.9824 0
    endloop
  endfacet
  facet normal 0 0 -1
    outer loop
      vertex 0.568146 -22.9824 0
      vertex 0.5 -23.5 0
      vertex 0.53038 -23.1527 0
    endloop
  endfacet
  facet normal 0 0 -1
    outer loop
      vertex 0.53038 -23.1527 0
      vertex 0.5 -23.5 0
      vertex 0.507614 -23.3257 0
    endloop
  endfacet
  facet normal -0.690692 -0.153059 -0.706765
    outer loop
      vertex -42.3637 -18.5353 0
      vertex -43.424 -18.3682 1
      vertex -42.4392 -18.1946 0
    endloop
  endfacet
  facet normal -0.737268 -0.6756 0
    outer loop
      vertex -42.0355 -21.0355 1
      vertex -42.3302 -20.7139 34.3
      vertex -42.3302 -20.7139 1
    endloop
  endfacet
  facet normal -0.737268 -0.6756 0
    outer loop
      vertex -42.3302 -20.7139 34.3
      vertex -42.0355 -21.0355 1
      vertex -42.0355 -21.0355 34.3
    endloop
  endfacet
  facet normal -0.38001 -0.596695 -0.706787
    outer loop
      vertex -41 -21.8301 1
      vertex -41.3679 -21.5958 1
      vertex -40.7943 -20.7766 0
    endloop
  endfacet
  facet normal -0.537172 -0.843473 0
    outer loop
      vertex -41.3679 -21.5958 1
      vertex -41 -21.8301 34.3
      vertex -41.3679 -21.5958 34.3
    endloop
  endfacet
  facet normal -0.537172 -0.843473 -0
    outer loop
      vertex -41 -21.8301 34.3
      vertex -41.3679 -21.5958 1
      vertex -41 -21.8301 1
    endloop
  endfacet
  facet normal -0.653629 -0.270673 0.706756
    outer loop
      vertex -42.0708 -18.7997 35.5
      vertex -43.0315 -19.6131 34.3
      vertex -41.944 -19.1059 35.5
    endloop
  endfacet
  facet normal -0.627522 -0.326655 -0.706762
    outer loop
      vertex -42.8301 -20 1
      vertex -43.0315 -19.6131 1
      vertex -41.9641 -19.5 0
    endloop
  endfacet
  facet normal -0.887018 -0.461735 0
    outer loop
      vertex -42.8301 -20 1
      vertex -43.0315 -19.6131 34.3
      vertex -43.0315 -19.6131 1
    endloop
  endfacet
  facet normal -0.887018 -0.461735 0
    outer loop
      vertex -43.0315 -19.6131 34.3
      vertex -42.8301 -20 1
      vertex -42.8301 -20 34.3
    endloop
  endfacet
  facet normal -0.953759 -0.300572 0
    outer loop
      vertex -43.1985 -19.2101 1
      vertex -43.3296 -18.7941 34.3
      vertex -43.3296 -18.7941 1
    endloop
  endfacet
  facet normal -0.953759 -0.300572 0
    outer loop
      vertex -43.3296 -18.7941 34.3
      vertex -43.1985 -19.2101 1
      vertex -43.1985 -19.2101 34.3
    endloop
  endfacet
  facet normal -0.521461 -0.478073 -0.706771
    outer loop
      vertex -41.3284 -20.3284 0
      vertex -42.0355 -21.0355 1
      vertex -41.5642 -20.0712 0
    endloop
  endfacet
  facet normal -0.793237 -0.608913 0
    outer loop
      vertex -42.3302 -20.7139 1
      vertex -42.5958 -20.3679 34.3
      vertex -42.5958 -20.3679 1
    endloop
  endfacet
  facet normal -0.793237 -0.608913 0
    outer loop
      vertex -42.5958 -20.3679 34.3
      vertex -42.3302 -20.7139 1
      vertex -42.3302 -20.7139 34.3
    endloop
  endfacet
  facet normal -0.653554 -0.270827 -0.706767
    outer loop
      vertex -43.0315 -19.6131 1
      vertex -43.1985 -19.2101 1
      vertex -42.2588 -18.8681 0
    endloop
  endfacet
  facet normal -0.461735 -0.887018 0
    outer loop
      vertex -41 -21.8301 1
      vertex -40.6131 -22.0315 34.3
      vertex -41 -21.8301 34.3
    endloop
  endfacet
  facet normal -0.461735 -0.887018 -0
    outer loop
      vertex -40.6131 -22.0315 34.3
      vertex -41 -21.8301 1
      vertex -40.6131 -22.0315 1
    endloop
  endfacet
  facet normal -0.326655 -0.627522 0.706762
    outer loop
      vertex -40.4 -20.7909 35.5
      vertex -41 -21.8301 34.3
      vertex -40.6131 -22.0315 34.3
    endloop
  endfacet
  facet normal -0.976306 -0.216396 0
    outer loop
      vertex -43.3296 -18.7941 1
      vertex -43.424 -18.3682 34.3
      vertex -43.424 -18.3682 1
    endloop
  endfacet
  facet normal -0.976306 -0.216396 0
    outer loop
      vertex -43.424 -18.3682 34.3
      vertex -43.3296 -18.7941 1
      vertex -43.3296 -18.7941 34.3
    endloop
  endfacet
  facet normal -0.6756 -0.737268 0
    outer loop
      vertex -42.0355 -21.0355 1
      vertex -41.7139 -21.3302 34.3
      vertex -42.0355 -21.0355 34.3
    endloop
  endfacet
  facet normal -0.6756 -0.737268 -0
    outer loop
      vertex -41.7139 -21.3302 34.3
      vertex -42.0355 -21.0355 1
      vertex -41.7139 -21.3302 1
    endloop
  endfacet
  facet normal -0.477971 -0.5216 -0.706737
    outer loop
      vertex -41.7139 -21.3302 1
      vertex -42.0355 -21.0355 1
      vertex -41.0712 -20.5642 0
    endloop
  endfacet
  facet normal -0.596706 -0.380017 0.706773
    outer loop
      vertex -41.6128 -19.6796 35.5
      vertex -42.8301 -20 34.3
      vertex -42.5958 -20.3679 34.3
    endloop
  endfacet
  facet normal -0.923821 -0.382824 0
    outer loop
      vertex -43.0315 -19.6131 1
      vertex -43.1985 -19.2101 34.3
      vertex -43.1985 -19.2101 1
    endloop
  endfacet
  facet normal -0.923821 -0.382824 0
    outer loop
      vertex -43.1985 -19.2101 34.3
      vertex -43.0315 -19.6131 1
      vertex -43.0315 -19.6131 34.3
    endloop
  endfacet
  facet normal -0.674732 -0.212638 -0.706768
    outer loop
      vertex -43.1985 -19.2101 1
      vertex -43.3296 -18.7941 1
      vertex -42.2588 -18.8681 0
    endloop
  endfacet
  facet normal -0.561193 -0.430789 -0.706742
    outer loop
      vertex -42.3302 -20.7139 1
      vertex -42.5958 -20.3679 1
      vertex -41.5642 -20.0712 0
    endloop
  endfacet
  facet normal -0.561307 -0.430558 -0.706791
    outer loop
      vertex -41.5642 -20.0712 0
      vertex -42.5958 -20.3679 1
      vertex -41.7766 -19.7943 0
    endloop
  endfacet
  facet normal -0.380128 -0.596649 -0.706762
    outer loop
      vertex -40.5 -20.9641 0
      vertex -41 -21.8301 1
      vertex -40.7943 -20.7766 0
    endloop
  endfacet
  facet normal -0.326655 -0.627522 -0.706762
    outer loop
      vertex -40.6131 -22.0315 1
      vertex -41 -21.8301 1
      vertex -40.5 -20.9641 0
    endloop
  endfacet
  facet normal -0.701438 -0.0921878 0.706743
    outer loop
      vertex -42.2855 -17.8312 35.5
      vertex -43.424 -18.3682 34.3
      vertex -42.2423 -18.1599 35.5
    endloop
  endfacet
  facet normal -0.701358 -0.0924548 0.706787
    outer loop
      vertex -42.2855 -17.8312 35.5
      vertex -43.481 -17.9358 34.3
      vertex -43.424 -18.3682 34.3
    endloop
  endfacet
  facet normal -0.216364 -0.976313 0
    outer loop
      vertex 38.7605 18.9772 3.5
      vertex 38.8882 18.9489 35.5
      vertex 38.7605 18.9772 35.5
    endloop
  endfacet
  facet normal -0.216364 -0.976313 -0
    outer loop
      vertex 38.8882 18.9489 35.5
      vertex 38.7605 18.9772 3.5
      vertex 38.8882 18.9489 3.5
    endloop
  endfacet
  facet normal -0.216364 0.976313 0
    outer loop
      vertex 38.8882 -18.9489 3.5
      vertex 38.7605 -18.9772 35.5
      vertex 38.8882 -18.9489 35.5
    endloop
  endfacet
  facet normal -0.216364 0.976313 0
    outer loop
      vertex 38.7605 -18.9772 35.5
      vertex 38.8882 -18.9489 3.5
      vertex 38.7605 -18.9772 3.5
    endloop
  endfacet
  facet normal 0 1 -0
    outer loop
      vertex 38.5 -19 3.5
      vertex -38.5 -19 35.5
      vertex 38.5 -19 35.5
    endloop
  endfacet
  facet normal 0 1 0
    outer loop
      vertex -38.5 -19 35.5
      vertex 38.5 -19 3.5
      vertex -38.5 -19 3.5
    endloop
  endfacet
  facet normal -0.130613 0.991433 0
    outer loop
      vertex 38.7605 -18.9772 3.5
      vertex 38.6307 -18.9943 35.5
      vertex 38.7605 -18.9772 35.5
    endloop
  endfacet
  facet normal -0.130613 0.991433 0
    outer loop
      vertex 38.6307 -18.9943 35.5
      vertex 38.7605 -18.9772 3.5
      vertex 38.6307 -18.9943 3.5
    endloop
  endfacet
  facet normal 0.99905 -0.0435699 0
    outer loop
      vertex -40 17.5 35.5
      vertex -39.9943 17.6307 3.5
      vertex -39.9943 17.6307 35.5
    endloop
  endfacet
  facet normal 0.99905 -0.0435699 0
    outer loop
      vertex -39.9943 17.6307 3.5
      vertex -40 17.5 35.5
      vertex -40 17.5 3.5
    endloop
  endfacet
  facet normal 0.462122 -0.886816 0
    outer loop
      vertex -39.25 18.799 3.5
      vertex -39.1339 18.8595 35.5
      vertex -39.25 18.799 35.5
    endloop
  endfacet
  facet normal 0.462122 -0.886816 0
    outer loop
      vertex -39.1339 18.8595 35.5
      vertex -39.25 18.799 3.5
      vertex -39.1339 18.8595 3.5
    endloop
  endfacet
  facet normal 0.608528 0.793533 -0
    outer loop
      vertex -39.3604 -18.7287 3.5
      vertex -39.4642 -18.6491 35.5
      vertex -39.3604 -18.7287 35.5
    endloop
  endfacet
  facet normal 0.608528 0.793533 0
    outer loop
      vertex -39.4642 -18.6491 35.5
      vertex -39.3604 -18.7287 3.5
      vertex -39.4642 -18.6491 3.5
    endloop
  endfacet
  facet normal -0.0435699 0.99905 0
    outer loop
      vertex 38.6307 -18.9943 3.5
      vertex 38.5 -19 35.5
      vertex 38.6307 -18.9943 35.5
    endloop
  endfacet
  facet normal -0.0435699 0.99905 0
    outer loop
      vertex 38.5 -19 35.5
      vertex 38.6307 -18.9943 3.5
      vertex 38.5 -19 3.5
    endloop
  endfacet
  facet normal 0.130613 0.991433 -0
    outer loop
      vertex -38.6307 -18.9943 3.5
      vertex -38.7605 -18.9772 35.5
      vertex -38.6307 -18.9943 35.5
    endloop
  endfacet
  facet normal 0.130613 0.991433 0
    outer loop
      vertex -38.7605 -18.9772 35.5
      vertex -38.6307 -18.9943 3.5
      vertex -38.7605 -18.9772 3.5
    endloop
  endfacet
  facet normal -0.130613 -0.991433 0
    outer loop
      vertex 38.6307 18.9943 3.5
      vertex 38.7605 18.9772 35.5
      vertex 38.6307 18.9943 35.5
    endloop
  endfacet
  facet normal -0.130613 -0.991433 -0
    outer loop
      vertex 38.7605 18.9772 35.5
      vertex 38.6307 18.9943 3.5
      vertex 38.7605 18.9772 3.5
    endloop
  endfacet
  facet normal 0.216364 0.976313 -0
    outer loop
      vertex -38.7605 -18.9772 3.5
      vertex -38.8882 -18.9489 35.5
      vertex -38.7605 -18.9772 35.5
    endloop
  endfacet
  facet normal 0.216364 0.976313 0
    outer loop
      vertex -38.8882 -18.9489 35.5
      vertex -38.7605 -18.9772 3.5
      vertex -38.8882 -18.9489 3.5
    endloop
  endfacet
  facet normal 0.976313 -0.216364 0
    outer loop
      vertex -39.9772 17.7605 35.5
      vertex -39.9489 17.8882 3.5
      vertex -39.9489 17.8882 35.5
    endloop
  endfacet
  facet normal 0.976313 -0.216364 0
    outer loop
      vertex -39.9489 17.8882 3.5
      vertex -39.9772 17.7605 35.5
      vertex -39.9772 17.7605 3.5
    endloop
  endfacet
  facet normal 0.843504 0.537123 0
    outer loop
      vertex -39.7287 -18.3604 35.5
      vertex -39.799 -18.25 3.5
      vertex -39.799 -18.25 35.5
    endloop
  endfacet
  facet normal 0.843504 0.537123 0
    outer loop
      vertex -39.799 -18.25 3.5
      vertex -39.7287 -18.3604 35.5
      vertex -39.7287 -18.3604 3.5
    endloop
  endfacet
  facet normal 0.0435699 -0.99905 0
    outer loop
      vertex -38.6307 18.9943 3.5
      vertex -38.5 19 35.5
      vertex -38.6307 18.9943 35.5
    endloop
  endfacet
  facet normal 0.0435699 -0.99905 0
    outer loop
      vertex -38.5 19 35.5
      vertex -38.6307 18.9943 3.5
      vertex -38.5 19 3.5
    endloop
  endfacet
  facet normal 0.537123 -0.843504 0
    outer loop
      vertex -39.3604 18.7287 3.5
      vertex -39.25 18.799 35.5
      vertex -39.3604 18.7287 35.5
    endloop
  endfacet
  facet normal 0.537123 -0.843504 0
    outer loop
      vertex -39.25 18.799 35.5
      vertex -39.3604 18.7287 3.5
      vertex -39.25 18.799 3.5
    endloop
  endfacet
  facet normal -1 0 0
    outer loop
      vertex 40 -17.5 3.5
      vertex 40 17.5 35.5
      vertex 40 17.5 3.5
    endloop
  endfacet
  facet normal -1 -0 0
    outer loop
      vertex 40 17.5 35.5
      vertex 40 -17.5 3.5
      vertex 40 -17.5 35.5
    endloop
  endfacet
  facet normal 1 -0 0
    outer loop
      vertex -40 -17.5 35.5
      vertex -40 17.5 3.5
      vertex -40 17.5 35.5
    endloop
  endfacet
  facet normal 1 0 0
    outer loop
      vertex -40 17.5 3.5
      vertex -40 -17.5 35.5
      vertex -40 -17.5 3.5
    endloop
  endfacet
  facet normal -0.737376 0.675482 0
    outer loop
      vertex 39.5607 -18.5607 3.5
      vertex 39.6491 -18.4642 35.5
      vertex 39.6491 -18.4642 3.5
    endloop
  endfacet
  facet normal -0.737376 0.675482 0
    outer loop
      vertex 39.6491 -18.4642 35.5
      vertex 39.5607 -18.5607 3.5
      vertex 39.5607 -18.5607 35.5
    endloop
  endfacet
  facet normal 0.886816 -0.462122 0
    outer loop
      vertex -39.8595 18.1339 35.5
      vertex -39.799 18.25 3.5
      vertex -39.799 18.25 35.5
    endloop
  endfacet
  facet normal 0.886816 -0.462122 0
    outer loop
      vertex -39.799 18.25 3.5
      vertex -39.8595 18.1339 35.5
      vertex -39.8595 18.1339 3.5
    endloop
  endfacet
  facet normal 0.953606 -0.301058 0
    outer loop
      vertex -39.9489 17.8882 35.5
      vertex -39.9095 18.013 3.5
      vertex -39.9095 18.013 35.5
    endloop
  endfacet
  facet normal 0.953606 -0.301058 0
    outer loop
      vertex -39.9095 18.013 3.5
      vertex -39.9489 17.8882 35.5
      vertex -39.9489 17.8882 3.5
    endloop
  endfacet
  facet normal 0.0435699 0.99905 -0
    outer loop
      vertex -38.5 -19 3.5
      vertex -38.6307 -18.9943 35.5
      vertex -38.5 -19 35.5
    endloop
  endfacet
  facet normal 0.0435699 0.99905 0
    outer loop
      vertex -38.6307 -18.9943 35.5
      vertex -38.5 -19 3.5
      vertex -38.6307 -18.9943 3.5
    endloop
  endfacet
  facet normal 0.382172 -0.924091 0
    outer loop
      vertex -39.1339 18.8595 3.5
      vertex -39.013 18.9095 35.5
      vertex -39.1339 18.8595 35.5
    endloop
  endfacet
  facet normal 0.382172 -0.924091 0
    outer loop
      vertex -39.013 18.9095 35.5
      vertex -39.1339 18.8595 3.5
      vertex -39.013 18.9095 3.5
    endloop
  endfacet
  facet normal 0.793533 0.608528 0
    outer loop
      vertex -39.6491 -18.4642 35.5
      vertex -39.7287 -18.3604 3.5
      vertex -39.7287 -18.3604 35.5
    endloop
  endfacet
  facet normal 0.793533 0.608528 0
    outer loop
      vertex -39.7287 -18.3604 3.5
      vertex -39.6491 -18.4642 35.5
      vertex -39.6491 -18.4642 3.5
    endloop
  endfacet
  facet normal 0.382172 0.924091 -0
    outer loop
      vertex -39.013 -18.9095 3.5
      vertex -39.1339 -18.8595 35.5
      vertex -39.013 -18.9095 35.5
    endloop
  endfacet
  facet normal 0.382172 0.924091 0
    outer loop
      vertex -39.1339 -18.8595 35.5
      vertex -39.013 -18.9095 3.5
      vertex -39.1339 -18.8595 3.5
    endloop
  endfacet
  facet normal 0 -1 0
    outer loop
      vertex -38.5 19 3.5
      vertex 38.5 19 35.5
      vertex -38.5 19 35.5
    endloop
  endfacet
  facet normal 0 -1 -0
    outer loop
      vertex 38.5 19 35.5
      vertex -38.5 19 3.5
      vertex 38.5 19 3.5
    endloop
  endfacet
  facet normal -0.537123 -0.843504 0
    outer loop
      vertex 39.25 18.799 3.5
      vertex 39.3604 18.7287 35.5
      vertex 39.25 18.799 35.5
    endloop
  endfacet
  facet normal -0.537123 -0.843504 -0
    outer loop
      vertex 39.3604 18.7287 35.5
      vertex 39.25 18.799 3.5
      vertex 39.3604 18.7287 3.5
    endloop
  endfacet
  facet normal -0.953606 0.301058 0
    outer loop
      vertex 39.9095 -18.013 3.5
      vertex 39.9489 -17.8882 35.5
      vertex 39.9489 -17.8882 3.5
    endloop
  endfacet
  facet normal -0.953606 0.301058 0
    outer loop
      vertex 39.9489 -17.8882 35.5
      vertex 39.9095 -18.013 3.5
      vertex 39.9095 -18.013 35.5
    endloop
  endfacet
  facet normal 0.924091 -0.382172 0
    outer loop
      vertex -39.9095 18.013 35.5
      vertex -39.8595 18.1339 3.5
      vertex -39.8595 18.1339 35.5
    endloop
  endfacet
  facet normal 0.924091 -0.382172 0
    outer loop
      vertex -39.8595 18.1339 3.5
      vertex -39.9095 18.013 35.5
      vertex -39.9095 18.013 3.5
    endloop
  endfacet
  facet normal 0.953606 0.301058 0
    outer loop
      vertex -39.9095 -18.013 35.5
      vertex -39.9489 -17.8882 3.5
      vertex -39.9489 -17.8882 35.5
    endloop
  endfacet
  facet normal 0.953606 0.301058 0
    outer loop
      vertex -39.9489 -17.8882 3.5
      vertex -39.9095 -18.013 35.5
      vertex -39.9095 -18.013 3.5
    endloop
  endfacet
  facet normal 0.301058 -0.953606 0
    outer loop
      vertex -39.013 18.9095 3.5
      vertex -38.8882 18.9489 35.5
      vertex -39.013 18.9095 35.5
    endloop
  endfacet
  facet normal 0.301058 -0.953606 0
    outer loop
      vertex -38.8882 18.9489 35.5
      vertex -39.013 18.9095 3.5
      vertex -38.8882 18.9489 3.5
    endloop
  endfacet
  facet normal 0.991433 -0.130613 0
    outer loop
      vertex -39.9943 17.6307 35.5
      vertex -39.9772 17.7605 3.5
      vertex -39.9772 17.7605 35.5
    endloop
  endfacet
  facet normal 0.991433 -0.130613 0
    outer loop
      vertex -39.9772 17.7605 3.5
      vertex -39.9943 17.6307 35.5
      vertex -39.9943 17.6307 3.5
    endloop
  endfacet
  facet normal 0.886816 0.462122 0
    outer loop
      vertex -39.799 -18.25 35.5
      vertex -39.8595 -18.1339 3.5
      vertex -39.8595 -18.1339 35.5
    endloop
  endfacet
  facet normal 0.886816 0.462122 0
    outer loop
      vertex -39.8595 -18.1339 3.5
      vertex -39.799 -18.25 35.5
      vertex -39.799 -18.25 3.5
    endloop
  endfacet
  facet normal -0.0435699 -0.99905 0
    outer loop
      vertex 38.5 19 3.5
      vertex 38.6307 18.9943 35.5
      vertex 38.5 19 35.5
    endloop
  endfacet
  facet normal -0.0435699 -0.99905 -0
    outer loop
      vertex 38.6307 18.9943 35.5
      vertex 38.5 19 3.5
      vertex 38.6307 18.9943 3.5
    endloop
  endfacet
  facet normal 0.130613 -0.991433 0
    outer loop
      vertex -38.7605 18.9772 3.5
      vertex -38.6307 18.9943 35.5
      vertex -38.7605 18.9772 35.5
    endloop
  endfacet
  facet normal 0.130613 -0.991433 0
    outer loop
      vertex -38.6307 18.9943 35.5
      vertex -38.7605 18.9772 3.5
      vertex -38.6307 18.9943 3.5
    endloop
  endfacet
  facet normal 0.216364 -0.976313 0
    outer loop
      vertex -38.8882 18.9489 3.5
      vertex -38.7605 18.9772 35.5
      vertex -38.8882 18.9489 35.5
    endloop
  endfacet
  facet normal 0.216364 -0.976313 0
    outer loop
      vertex -38.7605 18.9772 35.5
      vertex -38.8882 18.9489 3.5
      vertex -38.7605 18.9772 3.5
    endloop
  endfacet
  facet normal -0.991433 -0.130613 0
    outer loop
      vertex 39.9943 17.6307 3.5
      vertex 39.9772 17.7605 35.5
      vertex 39.9772 17.7605 3.5
    endloop
  endfacet
  facet normal -0.991433 -0.130613 0
    outer loop
      vertex 39.9772 17.7605 35.5
      vertex 39.9943 17.6307 3.5
      vertex 39.9943 17.6307 35.5
    endloop
  endfacet
  facet normal 0.301058 0.953606 -0
    outer loop
      vertex -38.8882 -18.9489 3.5
      vertex -39.013 -18.9095 35.5
      vertex -38.8882 -18.9489 35.5
    endloop
  endfacet
  facet normal 0.301058 0.953606 0
    outer loop
      vertex -39.013 -18.9095 35.5
      vertex -38.8882 -18.9489 3.5
      vertex -39.013 -18.9095 3.5
    endloop
  endfacet
  facet normal 0.462122 0.886816 -0
    outer loop
      vertex -39.1339 -18.8595 3.5
      vertex -39.25 -18.799 35.5
      vertex -39.1339 -18.8595 35.5
    endloop
  endfacet
  facet normal 0.462122 0.886816 0
    outer loop
      vertex -39.25 -18.799 35.5
      vertex -39.1339 -18.8595 3.5
      vertex -39.25 -18.799 3.5
    endloop
  endfacet
  facet normal -0.462122 0.886816 0
    outer loop
      vertex 39.25 -18.799 3.5
      vertex 39.1339 -18.8595 35.5
      vertex 39.25 -18.799 35.5
    endloop
  endfacet
  facet normal -0.462122 0.886816 0
    outer loop
      vertex 39.1339 -18.8595 35.5
      vertex 39.25 -18.799 3.5
      vertex 39.1339 -18.8595 3.5
    endloop
  endfacet
  facet normal -0.953606 -0.301058 0
    outer loop
      vertex 39.9489 17.8882 3.5
      vertex 39.9095 18.013 35.5
      vertex 39.9095 18.013 3.5
    endloop
  endfacet
  facet normal -0.953606 -0.301058 0
    outer loop
      vertex 39.9095 18.013 35.5
      vertex 39.9489 17.8882 3.5
      vertex 39.9489 17.8882 35.5
    endloop
  endfacet
  facet normal 0 0 1
    outer loop
      vertex 38.5 19 3.5
      vertex 40 17.5 3.5
      vertex 39.9943 17.6307 3.5
    endloop
  endfacet
  facet normal 0 0 1
    outer loop
      vertex 40 17.5 3.5
      vertex 38.5 19 3.5
      vertex 40 -17.5 3.5
    endloop
  endfacet
  facet normal 0 0 1
    outer loop
      vertex 38.5 19 3.5
      vertex 39.9943 17.6307 3.5
      vertex 39.9772 17.7605 3.5
    endloop
  endfacet
  facet normal 0 0 1
    outer loop
      vertex 38.5 -19 3.5
      vertex 40 -17.5 3.5
      vertex 38.5 19 3.5
    endloop
  endfacet
  facet normal 0 0 1
    outer loop
      vertex 38.5 19 3.5
      vertex 39.9772 17.7605 3.5
      vertex 39.9489 17.8882 3.5
    endloop
  endfacet
  facet normal 0 0 1
    outer loop
      vertex 40 -17.5 3.5
      vertex 38.5 -19 3.5
      vertex 39.9943 -17.6307 3.5
    endloop
  endfacet
  facet normal 0 0 1
    outer loop
      vertex 38.5 19 3.5
      vertex 39.9489 17.8882 3.5
      vertex 39.9095 18.013 3.5
    endloop
  endfacet
  facet normal 0 0 1
    outer loop
      vertex 39.9943 -17.6307 3.5
      vertex 38.5 -19 3.5
      vertex 39.9772 -17.7605 3.5
    endloop
  endfacet
  facet normal 0 0 1
    outer loop
      vertex 38.5 19 3.5
      vertex 39.9095 18.013 3.5
      vertex 39.8595 18.1339 3.5
    endloop
  endfacet
  facet normal 0 0 1
    outer loop
      vertex 39.9772 -17.7605 3.5
      vertex 38.5 -19 3.5
      vertex 39.9489 -17.8882 3.5
    endloop
  endfacet
  facet normal 0 0 1
    outer loop
      vertex 38.5 19 3.5
      vertex 39.8595 18.1339 3.5
      vertex 39.799 18.25 3.5
    endloop
  endfacet
  facet normal 0 0 1
    outer loop
      vertex 39.9489 -17.8882 3.5
      vertex 38.5 -19 3.5
      vertex 39.9095 -18.013 3.5
    endloop
  endfacet
  facet normal 0 0 1
    outer loop
      vertex 38.5 19 3.5
      vertex 39.799 18.25 3.5
      vertex 39.7287 18.3604 3.5
    endloop
  endfacet
  facet normal 0 0 1
    outer loop
      vertex 39.9095 -18.013 3.5
      vertex 38.5 -19 3.5
      vertex 39.8595 -18.1339 3.5
    endloop
  endfacet
  facet normal 0 0 1
    outer loop
      vertex 38.5 19 3.5
      vertex 39.7287 18.3604 3.5
      vertex 39.6491 18.4642 3.5
    endloop
  endfacet
  facet normal 0 0 1
    outer loop
      vertex 39.8595 -18.1339 3.5
      vertex 38.5 -19 3.5
      vertex 39.799 -18.25 3.5
    endloop
  endfacet
  facet normal 0 0 1
    outer loop
      vertex 38.5 19 3.5
      vertex 39.6491 18.4642 3.5
      vertex 39.5607 18.5607 3.5
    endloop
  endfacet
  facet normal 0 0 1
    outer loop
      vertex 39.799 -18.25 3.5
      vertex 38.5 -19 3.5
      vertex 39.7287 -18.3604 3.5
    endloop
  endfacet
  facet normal 0 0 1
    outer loop
      vertex 38.5 19 3.5
      vertex 39.5607 18.5607 3.5
      vertex 39.4642 18.6491 3.5
    endloop
  endfacet
  facet normal 0 0 1
    outer loop
      vertex 39.7287 -18.3604 3.5
      vertex 38.5 -19 3.5
      vertex 39.6491 -18.4642 3.5
    endloop
  endfacet
  facet normal 0 0 1
    outer loop
      vertex 38.5 19 3.5
      vertex 39.4642 18.6491 3.5
      vertex 39.3604 18.7287 3.5
    endloop
  endfacet
  facet normal 0 0 1
    outer loop
      vertex 39.6491 -18.4642 3.5
      vertex 38.5 -19 3.5
      vertex 39.5607 -18.5607 3.5
    endloop
  endfacet
  facet normal 0 0 1
    outer loop
      vertex 38.5 19 3.5
      vertex 39.3604 18.7287 3.5
      vertex 39.25 18.799 3.5
    endloop
  endfacet
  facet normal 0 0 1
    outer loop
      vertex 39.5607 -18.5607 3.5
      vertex 38.5 -19 3.5
      vertex 39.4642 -18.6491 3.5
    endloop
  endfacet
  facet normal 0 0 1
    outer loop
      vertex 38.5 19 3.5
      vertex 39.25 18.799 3.5
      vertex 39.1339 18.8595 3.5
    endloop
  endfacet
  facet normal 0 0 1
    outer loop
      vertex 39.4642 -18.6491 3.5
      vertex 38.5 -19 3.5
      vertex 39.3604 -18.7287 3.5
    endloop
  endfacet
  facet normal 0 0 1
    outer loop
      vertex 38.5 19 3.5
      vertex 39.1339 18.8595 3.5
      vertex 39.013 18.9095 3.5
    endloop
  endfacet
  facet normal 0 0 1
    outer loop
      vertex 39.3604 -18.7287 3.5
      vertex 38.5 -19 3.5
      vertex 39.25 -18.799 3.5
    endloop
  endfacet
  facet normal 0 0 1
    outer loop
      vertex 38.5 19 3.5
      vertex 39.013 18.9095 3.5
      vertex 38.8882 18.9489 3.5
    endloop
  endfacet
  facet normal 0 0 1
    outer loop
      vertex 39.25 -18.799 3.5
      vertex 38.5 -19 3.5
      vertex 39.1339 -18.8595 3.5
    endloop
  endfacet
  facet normal 0 0 1
    outer loop
      vertex 38.5 19 3.5
      vertex 38.8882 18.9489 3.5
      vertex 38.7605 18.9772 3.5
    endloop
  endfacet
  facet normal 0 0 1
    outer loop
      vertex 39.1339 -18.8595 3.5
      vertex 38.5 -19 3.5
      vertex 39.013 -18.9095 3.5
    endloop
  endfacet
  facet normal 0 0 1
    outer loop
      vertex 38.5 19 3.5
      vertex 38.7605 18.9772 3.5
      vertex 38.6307 18.9943 3.5
    endloop
  endfacet
  facet normal 0 0 1
    outer loop
      vertex 39.013 -18.9095 3.5
      vertex 38.5 -19 3.5
      vertex 38.8882 -18.9489 3.5
    endloop
  endfacet
  facet normal 0 0 1
    outer loop
      vertex 38.8882 -18.9489 3.5
      vertex 38.5 -19 3.5
      vertex 38.7605 -18.9772 3.5
    endloop
  endfacet
  facet normal 0 0 1
    outer loop
      vertex 38.7605 -18.9772 3.5
      vertex 38.5 -19 3.5
      vertex 38.6307 -18.9943 3.5
    endloop
  endfacet
  facet normal -0 0 1
    outer loop
      vertex -38.5 19 3.5
      vertex 38.5 -19 3.5
      vertex 38.5 19 3.5
    endloop
  endfacet
  facet normal 0 0 1
    outer loop
      vertex -38.5 19 3.5
      vertex -38.5 -19 3.5
      vertex 38.5 -19 3.5
    endloop
  endfacet
  facet normal 0 0 1
    outer loop
      vertex -40 17.5 3.5
      vertex -38.5 19 3.5
      vertex -38.6307 18.9943 3.5
    endloop
  endfacet
  facet normal 0 0 1
    outer loop
      vertex -38.5 19 3.5
      vertex -40 17.5 3.5
      vertex -38.5 -19 3.5
    endloop
  endfacet
  facet normal 0 0 1
    outer loop
      vertex -40 17.5 3.5
      vertex -38.6307 18.9943 3.5
      vertex -38.7605 18.9772 3.5
    endloop
  endfacet
  facet normal -0 0 1
    outer loop
      vertex -40 -17.5 3.5
      vertex -38.5 -19 3.5
      vertex -40 17.5 3.5
    endloop
  endfacet
  facet normal 0 0 1
    outer loop
      vertex -40 17.5 3.5
      vertex -38.7605 18.9772 3.5
      vertex -38.8882 18.9489 3.5
    endloop
  endfacet
  facet normal 0 0 1
    outer loop
      vertex -38.5 -19 3.5
      vertex -40 -17.5 3.5
      vertex -38.6307 -18.9943 3.5
    endloop
  endfacet
  facet normal 0 0 1
    outer loop
      vertex -40 17.5 3.5
      vertex -38.8882 18.9489 3.5
      vertex -39.013 18.9095 3.5
    endloop
  endfacet
  facet normal 0 0 1
    outer loop
      vertex -38.6307 -18.9943 3.5
      vertex -40 -17.5 3.5
      vertex -38.7605 -18.9772 3.5
    endloop
  endfacet
  facet normal 0 0 1
    outer loop
      vertex -40 17.5 3.5
      vertex -39.013 18.9095 3.5
      vertex -39.1339 18.8595 3.5
    endloop
  endfacet
  facet normal 0 0 1
    outer loop
      vertex -38.7605 -18.9772 3.5
      vertex -40 -17.5 3.5
      vertex -38.8882 -18.9489 3.5
    endloop
  endfacet
  facet normal 0 0 1
    outer loop
      vertex -40 17.5 3.5
      vertex -39.1339 18.8595 3.5
      vertex -39.25 18.799 3.5
    endloop
  endfacet
  facet normal 0 0 1
    outer loop
      vertex -38.8882 -18.9489 3.5
      vertex -40 -17.5 3.5
      vertex -39.013 -18.9095 3.5
    endloop
  endfacet
  facet normal 0 0 1
    outer loop
      vertex -40 17.5 3.5
      vertex -39.25 18.799 3.5
      vertex -39.3604 18.7287 3.5
    endloop
  endfacet
  facet normal 0 0 1
    outer loop
      vertex -39.013 -18.9095 3.5
      vertex -40 -17.5 3.5
      vertex -39.1339 -18.8595 3.5
    endloop
  endfacet
  facet normal 0 0 1
    outer loop
      vertex -40 17.5 3.5
      vertex -39.3604 18.7287 3.5
      vertex -39.4642 18.6491 3.5
    endloop
  endfacet
  facet normal 0 0 1
    outer loop
      vertex -39.1339 -18.8595 3.5
      vertex -40 -17.5 3.5
      vertex -39.25 -18.799 3.5
    endloop
  endfacet
  facet normal 0 0 1
    outer loop
      vertex -40 17.5 3.5
      vertex -39.4642 18.6491 3.5
      vertex -39.5607 18.5607 3.5
    endloop
  endfacet
  facet normal 0 0 1
    outer loop
      vertex -39.25 -18.799 3.5
      vertex -40 -17.5 3.5
      vertex -39.3604 -18.7287 3.5
    endloop
  endfacet
  facet normal 0 0 1
    outer loop
      vertex -40 17.5 3.5
      vertex -39.5607 18.5607 3.5
      vertex -39.6491 18.4642 3.5
    endloop
  endfacet
  facet normal 0 0 1
    outer loop
      vertex -39.3604 -18.7287 3.5
      vertex -40 -17.5 3.5
      vertex -39.4642 -18.6491 3.5
    endloop
  endfacet
  facet normal 0 0 1
    outer loop
      vertex -40 17.5 3.5
      vertex -39.6491 18.4642 3.5
      vertex -39.7287 18.3604 3.5
    endloop
  endfacet
  facet normal 0 0 1
    outer loop
      vertex -39.4642 -18.6491 3.5
      vertex -40 -17.5 3.5
      vertex -39.5607 -18.5607 3.5
    endloop
  endfacet
  facet normal 0 0 1
    outer loop
      vertex -40 17.5 3.5
      vertex -39.7287 18.3604 3.5
      vertex -39.799 18.25 3.5
    endloop
  endfacet
  facet normal 0 0 1
    outer loop
      vertex -39.5607 -18.5607 3.5
      vertex -40 -17.5 3.5
      vertex -39.6491 -18.4642 3.5
    endloop
  endfacet
  facet normal 0 0 1
    outer loop
      vertex -40 17.5 3.5
      vertex -39.799 18.25 3.5
      vertex -39.8595 18.1339 3.5
    endloop
  endfacet
  facet normal 0 0 1
    outer loop
      vertex -39.6491 -18.4642 3.5
      vertex -40 -17.5 3.5
      vertex -39.7287 -18.3604 3.5
    endloop
  endfacet
  facet normal 0 0 1
    outer loop
      vertex -40 17.5 3.5
      vertex -39.8595 18.1339 3.5
      vertex -39.9095 18.013 3.5
    endloop
  endfacet
  facet normal 0 0 1
    outer loop
      vertex -39.7287 -18.3604 3.5
      vertex -40 -17.5 3.5
      vertex -39.799 -18.25 3.5
    endloop
  endfacet
  facet normal 0 0 1
    outer loop
      vertex -40 17.5 3.5
      vertex -39.9095 18.013 3.5
      vertex -39.9489 17.8882 3.5
    endloop
  endfacet
  facet normal 0 0 1
    outer loop
      vertex -39.799 -18.25 3.5
      vertex -40 -17.5 3.5
      vertex -39.8595 -18.1339 3.5
    endloop
  endfacet
  facet normal 0 0 1
    outer loop
      vertex -40 17.5 3.5
      vertex -39.9489 17.8882 3.5
      vertex -39.9772 17.7605 3.5
    endloop
  endfacet
  facet normal 0 0 1
    outer loop
      vertex -39.8595 -18.1339 3.5
      vertex -40 -17.5 3.5
      vertex -39.9095 -18.013 3.5
    endloop
  endfacet
  facet normal 0 0 1
    outer loop
      vertex -40 17.5 3.5
      vertex -39.9772 17.7605 3.5
      vertex -39.9943 17.6307 3.5
    endloop
  endfacet
  facet normal 0 0 1
    outer loop
      vertex -39.9095 -18.013 3.5
      vertex -40 -17.5 3.5
      vertex -39.9489 -17.8882 3.5
    endloop
  endfacet
  facet normal 0 0 1
    outer loop
      vertex -39.9489 -17.8882 3.5
      vertex -40 -17.5 3.5
      vertex -39.9772 -17.7605 3.5
    endloop
  endfacet
  facet normal 0 0 1
    outer loop
      vertex -39.9772 -17.7605 3.5
      vertex -40 -17.5 3.5
      vertex -39.9943 -17.6307 3.5
    endloop
  endfacet
  facet normal -0.675482 0.737376 0
    outer loop
      vertex 39.5607 -18.5607 3.5
      vertex 39.4642 -18.6491 35.5
      vertex 39.5607 -18.5607 35.5
    endloop
  endfacet
  facet normal -0.675482 0.737376 0
    outer loop
      vertex 39.4642 -18.6491 35.5
      vertex 39.5607 -18.5607 3.5
      vertex 39.4642 -18.6491 3.5
    endloop
  endfacet
  facet normal -0.382172 -0.924091 0
    outer loop
      vertex 39.013 18.9095 3.5
      vertex 39.1339 18.8595 35.5
      vertex 39.013 18.9095 35.5
    endloop
  endfacet
  facet normal -0.382172 -0.924091 -0
    outer loop
      vertex 39.1339 18.8595 35.5
      vertex 39.013 18.9095 3.5
      vertex 39.1339 18.8595 3.5
    endloop
  endfacet
  facet normal -0.99905 -0.0435699 0
    outer loop
      vertex 40 17.5 3.5
      vertex 39.9943 17.6307 35.5
      vertex 39.9943 17.6307 3.5
    endloop
  endfacet
  facet normal -0.99905 -0.0435699 0
    outer loop
      vertex 39.9943 17.6307 35.5
      vertex 40 17.5 3.5
      vertex 40 17.5 35.5
    endloop
  endfacet
  facet normal -0.924091 -0.382172 0
    outer loop
      vertex 39.9095 18.013 3.5
      vertex 39.8595 18.1339 35.5
      vertex 39.8595 18.1339 3.5
    endloop
  endfacet
  facet normal -0.924091 -0.382172 0
    outer loop
      vertex 39.8595 18.1339 35.5
      vertex 39.9095 18.013 3.5
      vertex 39.9095 18.013 35.5
    endloop
  endfacet
  facet normal 0.608528 -0.793533 0
    outer loop
      vertex -39.4642 18.6491 3.5
      vertex -39.3604 18.7287 35.5
      vertex -39.4642 18.6491 35.5
    endloop
  endfacet
  facet normal 0.608528 -0.793533 0
    outer loop
      vertex -39.3604 18.7287 35.5
      vertex -39.4642 18.6491 3.5
      vertex -39.3604 18.7287 3.5
    endloop
  endfacet
  facet normal 0.793533 -0.608528 0
    outer loop
      vertex -39.7287 18.3604 35.5
      vertex -39.6491 18.4642 3.5
      vertex -39.6491 18.4642 35.5
    endloop
  endfacet
  facet normal 0.793533 -0.608528 0
    outer loop
      vertex -39.6491 18.4642 3.5
      vertex -39.7287 18.3604 35.5
      vertex -39.7287 18.3604 3.5
    endloop
  endfacet
  facet normal 0.99905 0.0435699 0
    outer loop
      vertex -39.9943 -17.6307 35.5
      vertex -40 -17.5 3.5
      vertex -40 -17.5 35.5
    endloop
  endfacet
  facet normal 0.99905 0.0435699 0
    outer loop
      vertex -40 -17.5 3.5
      vertex -39.9943 -17.6307 35.5
      vertex -39.9943 -17.6307 3.5
    endloop
  endfacet
  facet normal -0.301058 0.953606 0
    outer loop
      vertex 39.013 -18.9095 3.5
      vertex 38.8882 -18.9489 35.5
      vertex 39.013 -18.9095 35.5
    endloop
  endfacet
  facet normal -0.301058 0.953606 0
    outer loop
      vertex 38.8882 -18.9489 35.5
      vertex 39.013 -18.9095 3.5
      vertex 38.8882 -18.9489 3.5
    endloop
  endfacet
  facet normal -0.301058 -0.953606 0
    outer loop
      vertex 38.8882 18.9489 3.5
      vertex 39.013 18.9095 35.5
      vertex 38.8882 18.9489 35.5
    endloop
  endfacet
  facet normal -0.301058 -0.953606 -0
    outer loop
      vertex 39.013 18.9095 35.5
      vertex 38.8882 18.9489 3.5
      vertex 39.013 18.9095 3.5
    endloop
  endfacet
  facet normal -0.843504 0.537123 0
    outer loop
      vertex 39.7287 -18.3604 3.5
      vertex 39.799 -18.25 35.5
      vertex 39.799 -18.25 3.5
    endloop
  endfacet
  facet normal -0.843504 0.537123 0
    outer loop
      vertex 39.799 -18.25 35.5
      vertex 39.7287 -18.3604 3.5
      vertex 39.7287 -18.3604 35.5
    endloop
  endfacet
  facet normal 0.843504 -0.537123 0
    outer loop
      vertex -39.799 18.25 35.5
      vertex -39.7287 18.3604 3.5
      vertex -39.7287 18.3604 35.5
    endloop
  endfacet
  facet normal 0.843504 -0.537123 0
    outer loop
      vertex -39.7287 18.3604 3.5
      vertex -39.799 18.25 35.5
      vertex -39.799 18.25 3.5
    endloop
  endfacet
  facet normal 0.675482 -0.737376 0
    outer loop
      vertex -39.5607 18.5607 3.5
      vertex -39.4642 18.6491 35.5
      vertex -39.5607 18.5607 35.5
    endloop
  endfacet
  facet normal 0.675482 -0.737376 0
    outer loop
      vertex -39.4642 18.6491 35.5
      vertex -39.5607 18.5607 3.5
      vertex -39.4642 18.6491 3.5
    endloop
  endfacet
  facet normal 0.737376 -0.675482 0
    outer loop
      vertex -39.6491 18.4642 35.5
      vertex -39.5607 18.5607 3.5
      vertex -39.5607 18.5607 35.5
    endloop
  endfacet
  facet normal 0.737376 -0.675482 0
    outer loop
      vertex -39.5607 18.5607 3.5
      vertex -39.6491 18.4642 35.5
      vertex -39.6491 18.4642 3.5
    endloop
  endfacet
  facet normal -0.608528 -0.793533 0
    outer loop
      vertex 39.3604 18.7287 3.5
      vertex 39.4642 18.6491 35.5
      vertex 39.3604 18.7287 35.5
    endloop
  endfacet
  facet normal -0.608528 -0.793533 -0
    outer loop
      vertex 39.4642 18.6491 35.5
      vertex 39.3604 18.7287 3.5
      vertex 39.4642 18.6491 3.5
    endloop
  endfacet
  facet normal -0.675482 -0.737376 0
    outer loop
      vertex 39.4642 18.6491 3.5
      vertex 39.5607 18.5607 35.5
      vertex 39.4642 18.6491 35.5
    endloop
  endfacet
  facet normal -0.675482 -0.737376 -0
    outer loop
      vertex 39.5607 18.5607 35.5
      vertex 39.4642 18.6491 3.5
      vertex 39.5607 18.5607 3.5
    endloop
  endfacet
  facet normal -0.737376 -0.675482 0
    outer loop
      vertex 39.6491 18.4642 3.5
      vertex 39.5607 18.5607 35.5
      vertex 39.5607 18.5607 3.5
    endloop
  endfacet
  facet normal -0.737376 -0.675482 0
    outer loop
      vertex 39.5607 18.5607 35.5
      vertex 39.6491 18.4642 3.5
      vertex 39.6491 18.4642 35.5
    endloop
  endfacet
  facet normal -0.462122 -0.886816 0
    outer loop
      vertex 39.1339 18.8595 3.5
      vertex 39.25 18.799 35.5
      vertex 39.1339 18.8595 35.5
    endloop
  endfacet
  facet normal -0.462122 -0.886816 -0
    outer loop
      vertex 39.25 18.799 35.5
      vertex 39.1339 18.8595 3.5
      vertex 39.25 18.799 3.5
    endloop
  endfacet
  facet normal -0.976313 -0.216364 0
    outer loop
      vertex 39.9772 17.7605 3.5
      vertex 39.9489 17.8882 35.5
      vertex 39.9489 17.8882 3.5
    endloop
  endfacet
  facet normal -0.976313 -0.216364 0
    outer loop
      vertex 39.9489 17.8882 35.5
      vertex 39.9772 17.7605 3.5
      vertex 39.9772 17.7605 35.5
    endloop
  endfacet
  facet normal 0.675482 0.737376 -0
    outer loop
      vertex -39.4642 -18.6491 3.5
      vertex -39.5607 -18.5607 35.5
      vertex -39.4642 -18.6491 35.5
    endloop
  endfacet
  facet normal 0.675482 0.737376 0
    outer loop
      vertex -39.5607 -18.5607 35.5
      vertex -39.4642 -18.6491 3.5
      vertex -39.5607 -18.5607 3.5
    endloop
  endfacet
  facet normal -0.976313 0.216364 0
    outer loop
      vertex 39.9489 -17.8882 3.5
      vertex 39.9772 -17.7605 35.5
      vertex 39.9772 -17.7605 3.5
    endloop
  endfacet
  facet normal -0.976313 0.216364 0
    outer loop
      vertex 39.9772 -17.7605 35.5
      vertex 39.9489 -17.8882 3.5
      vertex 39.9489 -17.8882 35.5
    endloop
  endfacet
  facet normal 0.924091 0.382172 0
    outer loop
      vertex -39.8595 -18.1339 35.5
      vertex -39.9095 -18.013 3.5
      vertex -39.9095 -18.013 35.5
    endloop
  endfacet
  facet normal 0.924091 0.382172 0
    outer loop
      vertex -39.9095 -18.013 3.5
      vertex -39.8595 -18.1339 35.5
      vertex -39.8595 -18.1339 3.5
    endloop
  endfacet
  facet normal -0.793533 -0.608528 0
    outer loop
      vertex 39.7287 18.3604 3.5
      vertex 39.6491 18.4642 35.5
      vertex 39.6491 18.4642 3.5
    endloop
  endfacet
  facet normal -0.793533 -0.608528 0
    outer loop
      vertex 39.6491 18.4642 35.5
      vertex 39.7287 18.3604 3.5
      vertex 39.7287 18.3604 35.5
    endloop
  endfacet
  facet normal -0.843504 -0.537123 0
    outer loop
      vertex 39.799 18.25 3.5
      vertex 39.7287 18.3604 35.5
      vertex 39.7287 18.3604 3.5
    endloop
  endfacet
  facet normal -0.843504 -0.537123 0
    outer loop
      vertex 39.7287 18.3604 35.5
      vertex 39.799 18.25 3.5
      vertex 39.799 18.25 35.5
    endloop
  endfacet
  facet normal -0.608528 0.793533 0
    outer loop
      vertex 39.4642 -18.6491 3.5
      vertex 39.3604 -18.7287 35.5
      vertex 39.4642 -18.6491 35.5
    endloop
  endfacet
  facet normal -0.608528 0.793533 0
    outer loop
      vertex 39.3604 -18.7287 35.5
      vertex 39.4642 -18.6491 3.5
      vertex 39.3604 -18.7287 3.5
    endloop
  endfacet
  facet normal 0.976313 0.216364 0
    outer loop
      vertex -39.9489 -17.8882 35.5
      vertex -39.9772 -17.7605 3.5
      vertex -39.9772 -17.7605 35.5
    endloop
  endfacet
  facet normal 0.976313 0.216364 0
    outer loop
      vertex -39.9772 -17.7605 3.5
      vertex -39.9489 -17.8882 35.5
      vertex -39.9489 -17.8882 3.5
    endloop
  endfacet
  facet normal -0.924091 0.382172 0
    outer loop
      vertex 39.8595 -18.1339 3.5
      vertex 39.9095 -18.013 35.5
      vertex 39.9095 -18.013 3.5
    endloop
  endfacet
  facet normal -0.924091 0.382172 0
    outer loop
      vertex 39.9095 -18.013 35.5
      vertex 39.8595 -18.1339 3.5
      vertex 39.8595 -18.1339 35.5
    endloop
  endfacet
  facet normal -0.886816 -0.462122 0
    outer loop
      vertex 39.8595 18.1339 3.5
      vertex 39.799 18.25 35.5
      vertex 39.799 18.25 3.5
    endloop
  endfacet
  facet normal -0.886816 -0.462122 0
    outer loop
      vertex 39.799 18.25 35.5
      vertex 39.8595 18.1339 3.5
      vertex 39.8595 18.1339 35.5
    endloop
  endfacet
  facet normal 0.537123 0.843504 -0
    outer loop
      vertex -39.25 -18.799 3.5
      vertex -39.3604 -18.7287 35.5
      vertex -39.25 -18.799 35.5
    endloop
  endfacet
  facet normal 0.537123 0.843504 0
    outer loop
      vertex -39.3604 -18.7287 35.5
      vertex -39.25 -18.799 3.5
      vertex -39.3604 -18.7287 3.5
    endloop
  endfacet
  facet normal 0.737376 0.675482 0
    outer loop
      vertex -39.5607 -18.5607 35.5
      vertex -39.6491 -18.4642 3.5
      vertex -39.6491 -18.4642 35.5
    endloop
  endfacet
  facet normal 0.737376 0.675482 0
    outer loop
      vertex -39.6491 -18.4642 3.5
      vertex -39.5607 -18.5607 35.5
      vertex -39.5607 -18.5607 3.5
    endloop
  endfacet
  facet normal -0.991433 0.130613 0
    outer loop
      vertex 39.9772 -17.7605 3.5
      vertex 39.9943 -17.6307 35.5
      vertex 39.9943 -17.6307 3.5
    endloop
  endfacet
  facet normal -0.991433 0.130613 0
    outer loop
      vertex 39.9943 -17.6307 35.5
      vertex 39.9772 -17.7605 3.5
      vertex 39.9772 -17.7605 35.5
    endloop
  endfacet
  facet normal -0.99905 0.0435699 0
    outer loop
      vertex 39.9943 -17.6307 3.5
      vertex 40 -17.5 35.5
      vertex 40 -17.5 3.5
    endloop
  endfacet
  facet normal -0.99905 0.0435699 0
    outer loop
      vertex 40 -17.5 35.5
      vertex 39.9943 -17.6307 3.5
      vertex 39.9943 -17.6307 35.5
    endloop
  endfacet
  facet normal -0.886816 0.462122 0
    outer loop
      vertex 39.799 -18.25 3.5
      vertex 39.8595 -18.1339 35.5
      vertex 39.8595 -18.1339 3.5
    endloop
  endfacet
  facet normal -0.886816 0.462122 0
    outer loop
      vertex 39.8595 -18.1339 35.5
      vertex 39.799 -18.25 3.5
      vertex 39.799 -18.25 35.5
    endloop
  endfacet
  facet normal -0.793533 0.608528 0
    outer loop
      vertex 39.6491 -18.4642 3.5
      vertex 39.7287 -18.3604 35.5
      vertex 39.7287 -18.3604 3.5
    endloop
  endfacet
  facet normal -0.793533 0.608528 0
    outer loop
      vertex 39.7287 -18.3604 35.5
      vertex 39.6491 -18.4642 3.5
      vertex 39.6491 -18.4642 35.5
    endloop
  endfacet
  facet normal 0.991433 0.130613 0
    outer loop
      vertex -39.9772 -17.7605 35.5
      vertex -39.9943 -17.6307 3.5
      vertex -39.9943 -17.6307 35.5
    endloop
  endfacet
  facet normal 0.991433 0.130613 0
    outer loop
      vertex -39.9943 -17.6307 3.5
      vertex -39.9772 -17.7605 35.5
      vertex -39.9772 -17.7605 3.5
    endloop
  endfacet
  facet normal -0.537123 0.843504 0
    outer loop
      vertex 39.3604 -18.7287 3.5
      vertex 39.25 -18.799 35.5
      vertex 39.3604 -18.7287 35.5
    endloop
  endfacet
  facet normal -0.537123 0.843504 0
    outer loop
      vertex 39.25 -18.799 35.5
      vertex 39.3604 -18.7287 3.5
      vertex 39.25 -18.799 3.5
    endloop
  endfacet
  facet normal -0.382172 0.924091 0
    outer loop
      vertex 39.1339 -18.8595 3.5
      vertex 39.013 -18.9095 35.5
      vertex 39.1339 -18.8595 35.5
    endloop
  endfacet
  facet normal -0.382172 0.924091 0
    outer loop
      vertex 39.013 -18.9095 35.5
      vertex 39.1339 -18.8595 3.5
      vertex 39.013 -18.9095 3.5
    endloop
  endfacet
  facet normal -0.991409 0.130465 -0.00931878
    outer loop
      vertex 0.507614 -23.3257 0
      vertex 0.53038 -22.5 9.13794
      vertex 0.53038 -23.1527 0
    endloop
  endfacet
  facet normal -0.991407 0.130481 -0.00932021
    outer loop
      vertex 0.53038 -22.5 9.13794
      vertex 0.507614 -23.3257 0
      vertex 0.507614 -22.5 11.5596
    endloop
  endfacet
  facet normal -0.999042 0.0436415 -0.0031173
    outer loop
      vertex 0.5 -23.5 0
      vertex 0.507614 -22.5 11.5596
      vertex 0.507614 -23.3257 0
    endloop
  endfacet
  facet normal -0.999043 0.0436379 -0.00311699
    outer loop
      vertex 0.507614 -22.5 11.5596
      vertex 0.5 -23.5 0
      vertex 0.5 -22.5 14
    endloop
  endfacet
  facet normal 0.823679 -0.18268 0.536825
    outer loop
      vertex 6.96962 -39.8473 18.5
      vertex 5.47722 -37.7605 21.5
      vertex 6.93185 -40.0176 18.5
    endloop
  endfacet
  facet normal 0.223357 -0.707936 0.670028
    outer loop
      vertex 5.68404 -41.3794 18.5
      vertex 4.51303 -38.9095 21.5
      vertex 5.51764 -41.4319 18.5
    endloop
  endfacet
  facet normal 0.78748 -0.501537 -0.358241
    outer loop
      vertex 6.73206 -40.5 14
      vertex 6.63831 -30.6472 0
      vertex 6.73206 -30.5 0
    endloop
  endfacet
  facet normal 0.78748 -0.501537 -0.358241
    outer loop
      vertex 6.63831 -30.6472 0
      vertex 6.73206 -40.5 14
      vertex 6.63831 -40.6472 14
    endloop
  endfacet
  facet normal 0.216081 -0.976375 0
    outer loop
      vertex 5.34729 -41.4696 14
      vertex 5.51764 -41.4319 18.5
      vertex 5.34729 -41.4696 18.5
    endloop
  endfacet
  facet normal 0.216081 -0.976375 0
    outer loop
      vertex 5.51764 -41.4319 18.5
      vertex 5.34729 -41.4696 14
      vertex 5.51764 -41.4319 14
    endloop
  endfacet
  facet normal 0.998564 -0.0435976 -0.0311412
    outer loop
      vertex 7 -39.5 14
      vertex 6.99239 -29.6743 0
      vertex 7 -29.5 0
    endloop
  endfacet
  facet normal 0.998564 -0.0435976 -0.0311412
    outer loop
      vertex 6.99239 -29.6743 0
      vertex 7 -39.5 14
      vertex 6.99239 -39.6743 14
    endloop
  endfacet
  facet normal 0.727477 -0.558328 -0.398806
    outer loop
      vertex 6.63831 -40.6472 14
      vertex 6.53209 -30.7856 0
      vertex 6.63831 -30.6472 0
    endloop
  endfacet
  facet normal 0.727477 -0.558328 -0.398806
    outer loop
      vertex 6.53209 -30.7856 0
      vertex 6.63831 -40.6472 14
      vertex 6.53209 -40.7856 14
    endloop
  endfacet
  facet normal 0.558313 -0.511507 0.653182
    outer loop
      vertex 5.14906 -38.4642 21.5
      vertex 5.06065 -38.5607 21.5
      vertex 6.41422 -40.9142 18.5
    endloop
  endfacet
  facet normal 0.177236 -0.800851 -0.572036
    outer loop
      vertex 5.34729 -31.4696 0
      vertex 5.51764 -41.4319 14
      vertex 5.34729 -41.4696 14
    endloop
  endfacet
  facet normal 0.177236 -0.800851 -0.572036
    outer loop
      vertex 5.51764 -41.4319 14
      vertex 5.34729 -31.4696 0
      vertex 5.51764 -31.4319 0
    endloop
  endfacet
  facet normal -0.891225 -0.369079 -0.263628
    outer loop
      vertex 0.687378 -30.3452 0
      vertex 0.620621 -40.184 14
      vertex 0.620621 -30.184 0
    endloop
  endfacet
  facet normal -0.891225 -0.369079 -0.263628
    outer loop
      vertex 0.620621 -40.184 14
      vertex 0.687378 -30.3452 0
      vertex 0.687378 -40.3452 14
    endloop
  endfacet
  facet normal 0.883234 -0.0385866 0.467342
    outer loop
      vertex 5.5 -37.5 21.5
      vertex 5.49429 -37.6307 21.5
      vertex 7 -39.5 18.5
    endloop
  endfacet
  facet normal 0.842448 -0.438421 -0.313158
    outer loop
      vertex 6.81262 -40.3452 14
      vertex 6.73206 -30.5 0
      vertex 6.81262 -30.3452 0
    endloop
  endfacet
  facet normal 0.842448 -0.438421 -0.313158
    outer loop
      vertex 6.73206 -30.5 0
      vertex 6.81262 -40.3452 14
      vertex 6.73206 -40.5 14
    endloop
  endfacet
  facet normal -0.823688 -0.182662 0.536817
    outer loop
      vertex 2.02278 -37.7605 21.5
      vertex 0.53038 -39.8473 18.5
      vertex 0.568146 -40.0176 18.5
    endloop
  endfacet
  facet normal 0.786854 -0.248114 0.565066
    outer loop
      vertex 6.93185 -40.0176 18.5
      vertex 5.40955 -38.013 21.5
      vertex 6.87938 -40.184 18.5
    endloop
  endfacet
  facet normal -0.608741 -0.793369 0
    outer loop
      vertex 1.21443 -41.0321 14
      vertex 1.35284 -41.1383 18.5
      vertex 1.21443 -41.0321 18.5
    endloop
  endfacet
  facet normal -0.608741 -0.793369 -0
    outer loop
      vertex 1.35284 -41.1383 18.5
      vertex 1.21443 -41.0321 14
      vertex 1.35284 -41.1383 14
    endloop
  endfacet
  facet normal -0.10665 -0.809092 -0.577923
    outer loop
      vertex 2.15271 -31.4696 0
      vertex 2.32568 -41.4924 14
      vertex 2.15271 -41.4696 14
    endloop
  endfacet
  facet normal -0.10665 -0.809092 -0.577923
    outer loop
      vertex 2.32568 -41.4924 14
      vertex 2.15271 -31.4696 0
      vertex 2.32568 -31.4924 0
    endloop
  endfacet
  facet normal -0.793301 -0.60883 0
    outer loop
      vertex 0.967911 -40.7856 14
      vertex 0.861694 -40.6472 18.5
      vertex 0.861694 -40.6472 14
    endloop
  endfacet
  facet normal -0.793301 -0.60883 0
    outer loop
      vertex 0.861694 -40.6472 18.5
      vertex 0.967911 -40.7856 14
      vertex 0.967911 -40.7856 18.5
    endloop
  endfacet
  facet normal -0.702848 -0.365799 0.610079
    outer loop
      vertex 2.14053 -38.1339 21.5
      vertex 0.687378 -40.3452 18.5
      vertex 0.767944 -40.5 18.5
    endloop
  endfacet
  facet normal -0.883234 -0.0385866 0.467342
    outer loop
      vertex 2 -37.5 21.5
      vertex 0.5 -39.5 18.5
      vertex 2.00571 -37.6307 21.5
    endloop
  endfacet
  facet normal -0.987175 -0.129908 -0.0927912
    outer loop
      vertex 0.53038 -29.8473 0
      vertex 0.507614 -39.6743 14
      vertex 0.507614 -29.6743 0
    endloop
  endfacet
  facet normal -0.987175 -0.129908 -0.0927912
    outer loop
      vertex 0.507614 -39.6743 14
      vertex 0.53038 -29.8473 0
      vertex 0.53038 -39.8473 14
    endloop
  endfacet
  facet normal -0.607767 0.7921 -0.0565482
    outer loop
      vertex 1.21443 -21.9679 0
      vertex 1.35284 -21.8376 0.337581
      vertex 1.35284 -21.8617 0
    endloop
  endfacet
  facet normal -0.607702 0.792146 -0.0565926
    outer loop
      vertex 1.35284 -21.8376 0.337581
      vertex 1.21443 -21.9679 0
      vertex 1.21443 -21.9367 0.436717
    endloop
  endfacet
  facet normal 0.0435566 -0.999051 0
    outer loop
      vertex 5 -41.5 14
      vertex 5.17432 -41.4924 18.5
      vertex 5 -41.5 18.5
    endloop
  endfacet
  facet normal 0.0435566 -0.999051 0
    outer loop
      vertex 5.17432 -41.4924 18.5
      vertex 5 -41.5 14
      vertex 5.17432 -41.4924 14
    endloop
  endfacet
  facet normal 0.891216 -0.369092 -0.263637
    outer loop
      vertex 6.87938 -40.184 14
      vertex 6.81262 -30.3452 0
      vertex 6.87938 -30.184 0
    endloop
  endfacet
  facet normal 0.891216 -0.369092 -0.263637
    outer loop
      vertex 6.81262 -30.3452 0
      vertex 6.87938 -40.184 14
      vertex 6.81262 -40.3452 14
    endloop
  endfacet
  facet normal 0.823623 -0.182784 0.536876
    outer loop
      vertex 5.47722 -37.7605 21.5
      vertex 5.44888 -37.8882 21.5
      vertex 6.93185 -40.0176 18.5
    endloop
  endfacet
  facet normal -0.223357 -0.707936 0.670028
    outer loop
      vertex 2.98697 -38.9095 21.5
      vertex 1.81596 -41.3794 18.5
      vertex 1.98236 -41.4319 18.5
    endloop
  endfacet
  facet normal -0.823197 0.25994 0.504756
    outer loop
      vertex 2.00123 -22.9281 21.3242
      vertex 1.47922 -22.5 20.2524
      vertex 1.35254 -22.5 20.0458
    endloop
  endfacet
  facet normal -0.823929 0.25824 0.504433
    outer loop
      vertex 1.47922 -22.5 20.2524
      vertex 2.00123 -22.9281 21.3242
      vertex 2.00068 -22.9154 21.3168
    endloop
  endfacet
  facet normal -1 0 0
    outer loop
      vertex 0.5 -22.5 14
      vertex 0.5 -28.0152 13.1514
      vertex 0.5 -28 13.5
    endloop
  endfacet
  facet normal -1 0 0
    outer loop
      vertex 0.5 -22.5 14
      vertex 0.5 -28.0608 12.8054
      vertex 0.5 -28.0152 13.1514
    endloop
  endfacet
  facet normal -1 0 0
    outer loop
      vertex 0.5 -22.5 14
      vertex 0.5 -28.1363 12.4647
      vertex 0.5 -28.0608 12.8054
    endloop
  endfacet
  facet normal -1 0 0
    outer loop
      vertex 0.5 -22.5 14
      vertex 0.5 -28.2412 12.1319
      vertex 0.5 -28.1363 12.4647
    endloop
  endfacet
  facet normal -1 0 0
    outer loop
      vertex 0.5 -22.5 14
      vertex 0.5 -28.3748 11.8095
      vertex 0.5 -28.2412 12.1319
    endloop
  endfacet
  facet normal -1 0 0
    outer loop
      vertex 0.5 -22.5 14
      vertex 0.5 -28.5359 11.5
      vertex 0.5 -28.3748 11.8095
    endloop
  endfacet
  facet normal -1 0 0
    outer loop
      vertex 0.5 -22.5 14
      vertex 0.5 -28.7234 11.2057
      vertex 0.5 -28.5359 11.5
    endloop
  endfacet
  facet normal -1 0 0
    outer loop
      vertex 0.5 -23.5 0
      vertex 0.5 -28.9358 10.9288
      vertex 0.5 -28.7234 11.2057
    endloop
  endfacet
  facet normal -1 0 0
    outer loop
      vertex 0.5 -23.5 0
      vertex 0.5 -29.1716 10.6716
      vertex 0.5 -28.9358 10.9288
    endloop
  endfacet
  facet normal -1 0 0
    outer loop
      vertex 0.5 -23.5 0
      vertex 0.5 -29.4288 10.4358
      vertex 0.5 -29.1716 10.6716
    endloop
  endfacet
  facet normal -1 0 0
    outer loop
      vertex 0.5 -29.7057 10.2234
      vertex 0.5 -23.5 0
      vertex 0.5 -29.5 0
    endloop
  endfacet
  facet normal -1 0 0
    outer loop
      vertex 0.5 -23.5 0
      vertex 0.5 -29.7057 10.2234
      vertex 0.5 -29.4288 10.4358
    endloop
  endfacet
  facet normal -1 0 0
    outer loop
      vertex 0.5 -29.5 0
      vertex 0.5 -30 10.0359
      vertex 0.5 -29.7057 10.2234
    endloop
  endfacet
  facet normal -1 0 0
    outer loop
      vertex 0.5 -29.5 0
      vertex 0.5 -30.3095 9.87477
      vertex 0.5 -30 10.0359
    endloop
  endfacet
  facet normal -1 0 0
    outer loop
      vertex 0.5 -29.5 0
      vertex 0.5 -30.6319 9.74123
      vertex 0.5 -30.3095 9.87477
    endloop
  endfacet
  facet normal -1 0 0
    outer loop
      vertex 0.5 -29.5 0
      vertex 0.5 -30.9647 9.6363
      vertex 0.5 -30.6319 9.74123
    endloop
  endfacet
  facet normal -1 0 0
    outer loop
      vertex 0.5 -29.5 0
      vertex 0.5 -31.3054 9.56077
      vertex 0.5 -30.9647 9.6363
    endloop
  endfacet
  facet normal -1 0 0
    outer loop
      vertex 0.5 -29.5 0
      vertex 0.5 -31.6514 9.51522
      vertex 0.5 -31.3054 9.56077
    endloop
  endfacet
  facet normal -1 0 0
    outer loop
      vertex 0.5 -29.5 0
      vertex 0.5 -32 9.5
      vertex 0.5 -31.6514 9.51522
    endloop
  endfacet
  facet normal -1 0 0
    outer loop
      vertex 0.5 -29.5 0
      vertex 0.5 -32.3486 9.51522
      vertex 0.5 -32 9.5
    endloop
  endfacet
  facet normal -1 0 0
    outer loop
      vertex 0.5 -29.5 0
      vertex 0.5 -32.6946 9.56077
      vertex 0.5 -32.3486 9.51522
    endloop
  endfacet
  facet normal -1 0 0
    outer loop
      vertex 0.5 -29.5 0
      vertex 0.5 -33.0353 9.6363
      vertex 0.5 -32.6946 9.56077
    endloop
  endfacet
  facet normal -1 0 0
    outer loop
      vertex 0.5 -29.5 0
      vertex 0.5 -33.3681 9.74123
      vertex 0.5 -33.0353 9.6363
    endloop
  endfacet
  facet normal -1 0 0
    outer loop
      vertex 0.5 -29.5 0
      vertex 0.5 -33.6905 9.87477
      vertex 0.5 -33.3681 9.74123
    endloop
  endfacet
  facet normal -1 0 0
    outer loop
      vertex 0.5 -29.5 0
      vertex 0.5 -34 10.0359
      vertex 0.5 -33.6905 9.87477
    endloop
  endfacet
  facet normal -1 0 0
    outer loop
      vertex 0.5 -29.5 0
      vertex 0.5 -34.2943 10.2234
      vertex 0.5 -34 10.0359
    endloop
  endfacet
  facet normal -1 0 0
    outer loop
      vertex 0.5 -29.5 0
      vertex 0.5 -34.5712 10.4358
      vertex 0.5 -34.2943 10.2234
    endloop
  endfacet
  facet normal -1 0 0
    outer loop
      vertex 0.5 -29.5 0
      vertex 0.5 -34.8284 10.6716
      vertex 0.5 -34.5712 10.4358
    endloop
  endfacet
  facet normal -1 0 0
    outer loop
      vertex 0.5 -39.5 14
      vertex 0.5 -34.8284 10.6716
      vertex 0.5 -29.5 0
    endloop
  endfacet
  facet normal -1 0 0
    outer loop
      vertex 0.5 -34.8284 10.6716
      vertex 0.5 -39.5 14
      vertex 0.5 -35.0642 10.9288
    endloop
  endfacet
  facet normal -1 0 0
    outer loop
      vertex 0.5 -35.0642 10.9288
      vertex 0.5 -39.5 14
      vertex 0.5 -35.2766 11.2057
    endloop
  endfacet
  facet normal -1 0 0
    outer loop
      vertex 0.5 -35.2766 11.2057
      vertex 0.5 -39.5 14
      vertex 0.5 -35.4641 11.5
    endloop
  endfacet
  facet normal -1 0 0
    outer loop
      vertex 0.5 -35.9848 13.1514
      vertex 0.5 -39.5 14
      vertex 0.5 -36 13.5
    endloop
  endfacet
  facet normal -1 0 0
    outer loop
      vertex 0.5 -35.9392 12.8054
      vertex 0.5 -39.5 14
      vertex 0.5 -35.9848 13.1514
    endloop
  endfacet
  facet normal -1 0 0
    outer loop
      vertex 0.5 -35.8637 12.4647
      vertex 0.5 -39.5 14
      vertex 0.5 -35.9392 12.8054
    endloop
  endfacet
  facet normal -1 0 0
    outer loop
      vertex 0.5 -35.7588 12.1319
      vertex 0.5 -39.5 14
      vertex 0.5 -35.8637 12.4647
    endloop
  endfacet
  facet normal -1 0 0
    outer loop
      vertex 0.5 -35.6252 11.8095
      vertex 0.5 -39.5 14
      vertex 0.5 -35.7588 12.1319
    endloop
  endfacet
  facet normal -1 0 0
    outer loop
      vertex 0.5 -35.4641 11.5
      vertex 0.5 -39.5 14
      vertex 0.5 -35.6252 11.8095
    endloop
  endfacet
  facet normal -1 0 0
    outer loop
      vertex 0.5 -28.7234 11.2057
      vertex 0.5 -22.5 14
      vertex 0.5 -23.5 0
    endloop
  endfacet
  facet normal -1 0 0
    outer loop
      vertex 0.5 -28.0152 13.8486
      vertex 0.5 -22.5 14
      vertex 0.5 -28 13.5
    endloop
  endfacet
  facet normal -1 0 0
    outer loop
      vertex 0.5 -28.0608 14.1946
      vertex 0.5 -22.5 14
      vertex 0.5 -28.0152 13.8486
    endloop
  endfacet
  facet normal -1 0 0
    outer loop
      vertex 0.5 -28.1363 14.5353
      vertex 0.5 -22.5 14
      vertex 0.5 -28.0608 14.1946
    endloop
  endfacet
  facet normal -1 0 0
    outer loop
      vertex 0.5 -28.2412 14.8681
      vertex 0.5 -22.5 14
      vertex 0.5 -28.1363 14.5353
    endloop
  endfacet
  facet normal -1 0 0
    outer loop
      vertex 0.5 -22.5 14
      vertex 0.5 -28.2412 14.8681
      vertex 0.5 -22.5 18.5
    endloop
  endfacet
  facet normal -1 0 0
    outer loop
      vertex 0.5 -28.3748 15.1905
      vertex 0.5 -22.5 18.5
      vertex 0.5 -28.2412 14.8681
    endloop
  endfacet
  facet normal -1 0 0
    outer loop
      vertex 0.5 -28.5359 15.5
      vertex 0.5 -22.5 18.5
      vertex 0.5 -28.3748 15.1905
    endloop
  endfacet
  facet normal -1 0 0
    outer loop
      vertex 0.5 -28.7234 15.7943
      vertex 0.5 -22.5 18.5
      vertex 0.5 -28.5359 15.5
    endloop
  endfacet
  facet normal -1 0 0
    outer loop
      vertex 0.5 -28.9358 16.0711
      vertex 0.5 -22.5 18.5
      vertex 0.5 -28.7234 15.7943
    endloop
  endfacet
  facet normal -1 -0 0
    outer loop
      vertex 0.5 -22.5 18.5
      vertex 0.5 -28.9358 16.0711
      vertex 0.5 -31.0727 18.5
    endloop
  endfacet
  facet normal -1 0 0
    outer loop
      vertex 0.5 -39.5 14
      vertex 0.5 -35.9848 13.8486
      vertex 0.5 -36 13.5
    endloop
  endfacet
  facet normal -1 0 0
    outer loop
      vertex 0.5 -39.5 14
      vertex 0.5 -35.9392 14.1946
      vertex 0.5 -35.9848 13.8486
    endloop
  endfacet
  facet normal -1 0 0
    outer loop
      vertex 0.5 -39.5 14
      vertex 0.5 -35.8637 14.5353
      vertex 0.5 -35.9392 14.1946
    endloop
  endfacet
  facet normal -1 0 0
    outer loop
      vertex 0.5 -39.5 14
      vertex 0.5 -35.7588 14.8681
      vertex 0.5 -35.8637 14.5353
    endloop
  endfacet
  facet normal -1 0 0
    outer loop
      vertex 0.5 -39.5 14
      vertex 0.5 -35.6252 15.1905
      vertex 0.5 -35.7588 14.8681
    endloop
  endfacet
  facet normal -1 0 0
    outer loop
      vertex 0.5 -39.5 18.5
      vertex 0.5 -35.6252 15.1905
      vertex 0.5 -39.5 14
    endloop
  endfacet
  facet normal -1 0 0
    outer loop
      vertex 0.5 -35.6252 15.1905
      vertex 0.5 -39.5 18.5
      vertex 0.5 -35.4641 15.5
    endloop
  endfacet
  facet normal -1 0 0
    outer loop
      vertex 0.5 -35.4641 15.5
      vertex 0.5 -39.5 18.5
      vertex 0.5 -35.2766 15.7943
    endloop
  endfacet
  facet normal -1 0 0
    outer loop
      vertex 0.5 -35.2766 15.7943
      vertex 0.5 -39.5 18.5
      vertex 0.5 -35.0642 16.0711
    endloop
  endfacet
  facet normal -1 0 0
    outer loop
      vertex 0.5 -35.0642 16.0711
      vertex 0.5 -39.5 18.5
      vertex 0.5 -32.9273 18.5
    endloop
  endfacet
  facet normal -0.791589 0.327715 0.515741
    outer loop
      vertex 2.00005 -22.9011 21.3067
      vertex 1.70137 -22.5 20.5934
      vertex 1.57758 -22.5 20.4034
    endloop
  endfacet
  facet normal -0.791607 0.327672 0.515742
    outer loop
      vertex 1.70137 -22.5 20.5934
      vertex 2 -22.9 21.3059
      vertex 2 -22.7489 21.2099
    endloop
  endfacet
  facet normal -0.782146 0.342844 0.520294
    outer loop
      vertex 1.70137 -22.5 20.5934
      vertex 2.00005 -22.9011 21.3067
      vertex 2 -22.9 21.3059
    endloop
  endfacet
  facet normal 0.999048 -0.0436188 0
    outer loop
      vertex 6.99239 -39.6743 18.5
      vertex 7 -39.5 14
      vertex 7 -39.5 18.5
    endloop
  endfacet
  facet normal 0.999048 -0.0436188 0
    outer loop
      vertex 7 -39.5 14
      vertex 6.99239 -39.6743 18.5
      vertex 6.99239 -39.6743 14
    endloop
  endfacet
  facet normal 0.964807 -0.21398 -0.152843
    outer loop
      vertex 6.96962 -39.8473 14
      vertex 6.93185 -30.0176 0
      vertex 6.96962 -29.8473 0
    endloop
  endfacet
  facet normal 0.964807 -0.21398 -0.152843
    outer loop
      vertex 6.93185 -30.0176 0
      vertex 6.96962 -39.8473 14
      vertex 6.93185 -40.0176 14
    endloop
  endfacet
  facet normal -0.656782 -0.418282 0.627438
    outer loop
      vertex 0.767944 -40.5 18.5
      vertex 2.27127 -38.3604 21.5
      vertex 2.20096 -38.25 21.5
    endloop
  endfacet
  facet normal -0.656773 -0.418291 0.62744
    outer loop
      vertex 2.27127 -38.3604 21.5
      vertex 0.767944 -40.5 18.5
      vertex 0.861694 -40.6472 18.5
    endloop
  endfacet
  facet normal -0.856185 -0.112597 0.50425
    outer loop
      vertex 0.507614 -39.6743 18.5
      vertex 2.02278 -37.7605 21.5
      vertex 2.00571 -37.6307 21.5
    endloop
  endfacet
  facet normal -0.856158 -0.112666 0.504281
    outer loop
      vertex 2.02278 -37.7605 21.5
      vertex 0.507614 -39.6743 18.5
      vertex 0.53038 -39.8473 18.5
    endloop
  endfacet
  facet normal 0.737192 -0.675683 0
    outer loop
      vertex 6.41422 -40.9142 18.5
      vertex 6.53209 -40.7856 14
      vertex 6.53209 -40.7856 18.5
    endloop
  endfacet
  facet normal 0.737192 -0.675683 0
    outer loop
      vertex 6.53209 -40.7856 14
      vertex 6.41422 -40.9142 18.5
      vertex 6.41422 -40.9142 14
    endloop
  endfacet
  facet normal 0.894426 -2.73901e-06 0.447215
    outer loop
      vertex 6.59393 -31.7879 19.3121
      vertex 7 -25.909 18.5
      vertex 5.5 -23.5 21.5
    endloop
  endfacet
  facet normal 0.894418 0 0.447232
    outer loop
      vertex 7 -25.909 18.5
      vertex 6.60358 -31.7702 19.2928
      vertex 7 -31.0727 18.5
    endloop
  endfacet
  facet normal 0.894428 -3.48425e-06 0.447211
    outer loop
      vertex 7 -25.909 18.5
      vertex 6.59393 -31.7879 19.3121
      vertex 6.60358 -31.7702 19.2928
    endloop
  endfacet
  facet normal 0.894585 0.000101925 0.446898
    outer loop
      vertex 5.5 -23.5 21.5
      vertex 6.58509 -31.8072 19.3298
      vertex 6.59393 -31.7879 19.3121
    endloop
  endfacet
  facet normal 0.89426 -0.000110444 0.447548
    outer loop
      vertex 5.5 -23.5 21.5
      vertex 6.57713 -31.8279 19.3457
      vertex 6.58509 -31.8072 19.3298
    endloop
  endfacet
  facet normal 0.894789 0.000232078 0.446489
    outer loop
      vertex 5.5 -23.5 21.5
      vertex 6.5701 -31.85 19.3598
      vertex 6.57713 -31.8279 19.3457
    endloop
  endfacet
  facet normal 0.894427 0 0.447214
    outer loop
      vertex 5.5 -23.5 21.5
      vertex 6.56405 -31.8732 19.3719
      vertex 6.5701 -31.85 19.3598
    endloop
  endfacet
  facet normal 0.894427 1.17489e-14 0.447214
    outer loop
      vertex 5.5 -23.5 21.5
      vertex 6.55905 -31.8974 19.3819
      vertex 6.56405 -31.8732 19.3719
    endloop
  endfacet
  facet normal 0.894679 0.000158856 0.44671
    outer loop
      vertex 5.5 -23.5 21.5
      vertex 6.55511 -31.9224 19.3898
      vertex 6.55905 -31.8974 19.3819
    endloop
  endfacet
  facet normal 0.89353 -0.000559698 0.449003
    outer loop
      vertex 5.5 -23.5 21.5
      vertex 6.55228 -31.9479 19.3954
      vertex 6.55511 -31.9224 19.3898
    endloop
  endfacet
  facet normal 0.895861 0.00089402 0.444333
    outer loop
      vertex 5.5 -23.5 21.5
      vertex 6.55057 -31.9739 19.3989
      vertex 6.55228 -31.9479 19.3954
    endloop
  endfacet
  facet normal 0.894424 -0 0.44722
    outer loop
      vertex 5.5 -37.5 21.5
      vertex 6.55057 -31.9739 19.3989
      vertex 5.5 -23.5 21.5
    endloop
  endfacet
  facet normal 0.895233 -0.00077112 0.445597
    outer loop
      vertex 6.55057 -31.9739 19.3989
      vertex 5.5 -37.5 21.5
      vertex 6.55 -32 19.4
    endloop
  endfacet
  facet normal 0.89378 0.000616805 0.448505
    outer loop
      vertex 6.55 -32 19.4
      vertex 5.5 -37.5 21.5
      vertex 6.55057 -32.0261 19.3989
    endloop
  endfacet
  facet normal 0.895485 -0.00102081 0.445091
    outer loop
      vertex 6.55057 -32.0261 19.3989
      vertex 5.5 -37.5 21.5
      vertex 6.55228 -32.0521 19.3954
    endloop
  endfacet
  facet normal 0.893734 0.000671557 0.448597
    outer loop
      vertex 6.55228 -32.0521 19.3954
      vertex 5.5 -37.5 21.5
      vertex 6.55511 -32.0776 19.3898
    endloop
  endfacet
  facet normal 0.894629 -0.000198229 0.446809
    outer loop
      vertex 5.5 -37.5 21.5
      vertex 6.55905 -32.1026 19.3819
      vertex 6.55511 -32.0776 19.3898
    endloop
  endfacet
  facet normal 0.894427 -1.50983e-14 0.447214
    outer loop
      vertex 5.5 -37.5 21.5
      vertex 6.56405 -32.1268 19.3719
      vertex 6.55905 -32.1026 19.3819
    endloop
  endfacet
  facet normal 0.894427 0 0.447214
    outer loop
      vertex 5.5 -37.5 21.5
      vertex 6.5701 -32.15 19.3598
      vertex 6.56405 -32.1268 19.3719
    endloop
  endfacet
  facet normal 0.894739 -0.000312045 0.446589
    outer loop
      vertex 5.5 -37.5 21.5
      vertex 6.57713 -32.1721 19.3457
      vertex 6.5701 -32.15 19.3598
    endloop
  endfacet
  facet normal 0.894281 0.000151189 0.447506
    outer loop
      vertex 5.5 -37.5 21.5
      vertex 6.58509 -32.1928 19.3298
      vertex 6.57713 -32.1721 19.3457
    endloop
  endfacet
  facet normal 0.894567 -0.00014177 0.446933
    outer loop
      vertex 5.5 -37.5 21.5
      vertex 6.59393 -32.2121 19.3121
      vertex 6.58509 -32.1928 19.3298
    endloop
  endfacet
  facet normal 0.894428 2.45236e-06 0.447212
    outer loop
      vertex 5.5 -37.5 21.5
      vertex 6.60358 -32.2298 19.2928
      vertex 6.59393 -32.2121 19.3121
    endloop
  endfacet
  facet normal 0.894421 9.38576e-06 0.447225
    outer loop
      vertex 5.5 -37.5 21.5
      vertex 7 -32.9273 18.5
      vertex 6.60358 -32.2298 19.2928
    endloop
  endfacet
  facet normal 0.894427 0 0.447214
    outer loop
      vertex 7 -32.9273 18.5
      vertex 5.5 -37.5 21.5
      vertex 7 -39.5 18.5
    endloop
  endfacet
  facet normal 0.93244 -0.294021 -0.210015
    outer loop
      vertex 6.93185 -40.0176 14
      vertex 6.87938 -30.184 0
      vertex 6.93185 -30.0176 0
    endloop
  endfacet
  facet normal 0.93244 -0.294021 -0.210015
    outer loop
      vertex 6.87938 -30.184 0
      vertex 6.93185 -40.0176 14
      vertex 6.87938 -40.184 14
    endloop
  endfacet
  facet normal -0.0332356 -0.762321 0.646346
    outer loop
      vertex 3.36926 -38.9943 21.5
      vertex 2.5 -41.5 18.5
      vertex 3.5 -39 21.5
    endloop
  endfacet
  facet normal 0.793293 -0.608841 0
    outer loop
      vertex 6.53209 -40.7856 18.5
      vertex 6.63831 -40.6472 14
      vertex 6.63831 -40.6472 18.5
    endloop
  endfacet
  facet normal 0.793293 -0.608841 0
    outer loop
      vertex 6.63831 -40.6472 14
      vertex 6.53209 -40.7856 18.5
      vertex 6.53209 -40.7856 14
    endloop
  endfacet
  facet normal -0.78748 -0.501537 -0.358241
    outer loop
      vertex 0.861694 -30.6472 0
      vertex 0.767944 -40.5 14
      vertex 0.767944 -30.5 0
    endloop
  endfacet
  facet normal -0.78748 -0.501537 -0.358241
    outer loop
      vertex 0.767944 -40.5 14
      vertex 0.861694 -30.6472 0
      vertex 0.861694 -40.6472 14
    endloop
  endfacet
  facet normal -0.84243 -0.438444 -0.313175
    outer loop
      vertex 0.767944 -30.5 0
      vertex 0.687378 -40.3452 14
      vertex 0.687378 -30.3452 0
    endloop
  endfacet
  facet normal -0.84243 -0.438444 -0.313175
    outer loop
      vertex 0.687378 -40.3452 14
      vertex 0.767944 -30.5 0
      vertex 0.767944 -40.5 14
    endloop
  endfacet
  facet normal -0.964814 -0.213959 -0.152828
    outer loop
      vertex 0.568146 -30.0176 0
      vertex 0.53038 -39.8473 14
      vertex 0.53038 -29.8473 0
    endloop
  endfacet
  facet normal -0.964814 -0.213959 -0.152828
    outer loop
      vertex 0.53038 -39.8473 14
      vertex 0.568146 -30.0176 0
      vertex 0.568146 -40.0176 14
    endloop
  endfacet
  facet normal -0.300885 -0.953661 0
    outer loop
      vertex 1.81596 -41.3794 14
      vertex 1.98236 -41.4319 18.5
      vertex 1.81596 -41.3794 18.5
    endloop
  endfacet
  facet normal -0.300885 -0.953661 -0
    outer loop
      vertex 1.98236 -41.4319 18.5
      vertex 1.81596 -41.3794 14
      vertex 1.98236 -41.4319 14
    endloop
  endfacet
  facet normal 0.223485 -0.707891 0.670033
    outer loop
      vertex 4.51303 -38.9095 21.5
      vertex 4.38823 -38.9489 21.5
      vertex 5.51764 -41.4319 18.5
    endloop
  endfacet
  facet normal -0.976282 -0.216502 0
    outer loop
      vertex 0.568146 -40.0176 14
      vertex 0.53038 -39.8473 18.5
      vertex 0.53038 -39.8473 14
    endloop
  endfacet
  facet normal -0.976282 -0.216502 0
    outer loop
      vertex 0.53038 -39.8473 18.5
      vertex 0.568146 -40.0176 14
      vertex 0.568146 -40.0176 18.5
    endloop
  endfacet
  facet normal -0.300202 0.951497 -0.0673201
    outer loop
      vertex 1.81596 -21.6206 0
      vertex 1.98236 -21.5636 0.0636027
      vertex 1.98236 -21.5681 0
    endloop
  endfacet
  facet normal -0.300094 0.95151 -0.0676155
    outer loop
      vertex 1.98236 -21.5636 0.0636027
      vertex 1.81596 -21.6206 0
      vertex 1.81596 -21.6126 0.112579
    endloop
  endfacet
  facet normal -0.597811 -0.652319 -0.465942
    outer loop
      vertex 1.08578 -30.9142 0
      vertex 1.21443 -41.0321 14
      vertex 1.08578 -40.9142 14
    endloop
  endfacet
  facet normal -0.597811 -0.652319 -0.465942
    outer loop
      vertex 1.21443 -41.0321 14
      vertex 1.08578 -30.9142 0
      vertex 1.21443 -31.0321 0
    endloop
  endfacet
  facet normal 0 -1 0
    outer loop
      vertex 2.5 -41.5 14
      vertex 5 -41.5 18.5
      vertex 2.5 -41.5 18.5
    endloop
  endfacet
  facet normal 0 -1 -0
    outer loop
      vertex 5 -41.5 18.5
      vertex 2.5 -41.5 14
      vertex 5 -41.5 14
    endloop
  endfacet
  facet normal -0.319545 -0.77107 -0.550764
    outer loop
      vertex 1.65477 -31.3126 0
      vertex 1.81596 -41.3794 14
      vertex 1.65477 -41.3126 14
    endloop
  endfacet
  facet normal -0.319545 -0.77107 -0.550764
    outer loop
      vertex 1.81596 -41.3794 14
      vertex 1.65477 -31.3126 0
      vertex 1.81596 -31.3794 0
    endloop
  endfacet
  facet normal 0.656781 -0.418282 0.627438
    outer loop
      vertex 5.22873 -38.3604 21.5
      vertex 6.73206 -40.5 18.5
      vertex 5.29904 -38.25 21.5
    endloop
  endfacet
  facet normal 0.656773 -0.418291 0.627441
    outer loop
      vertex 6.73206 -40.5 18.5
      vertex 5.22873 -38.3604 21.5
      vertex 6.63831 -40.6472 18.5
    endloop
  endfacet
  facet normal 0.130684 -0.991424 0
    outer loop
      vertex 5.17432 -41.4924 14
      vertex 5.34729 -41.4696 18.5
      vertex 5.17432 -41.4924 18.5
    endloop
  endfacet
  facet normal 0.130684 -0.991424 0
    outer loop
      vertex 5.34729 -41.4696 18.5
      vertex 5.17432 -41.4924 14
      vertex 5.34729 -41.4696 14
    endloop
  endfacet
  facet normal -0.823303 0.259652 0.504731
    outer loop
      vertex 2.0342 -23.0989 21.4658
      vertex 1.35254 -22.5 20.0458
      vertex 1.24783 -22.5 19.875
    endloop
  endfacet
  facet normal -0.824031 0.257835 0.504474
    outer loop
      vertex 1.35254 -22.5 20.0458
      vertex 2.00229 -22.9523 21.3383
      vertex 2.00123 -22.9281 21.3242
    endloop
  endfacet
  facet normal -0.823012 0.260355 0.504844
    outer loop
      vertex 1.35254 -22.5 20.0458
      vertex 2.00912 -23.0042 21.3762
      vertex 2.00229 -22.9523 21.3383
    endloop
  endfacet
  facet normal -0.823689 0.258743 0.504567
    outer loop
      vertex 1.35254 -22.5 20.0458
      vertex 2.02045 -23.0553 21.4209
      vertex 2.00912 -23.0042 21.3762
    endloop
  endfacet
  facet normal -0.822968 0.260405 0.504888
    outer loop
      vertex 1.35254 -22.5 20.0458
      vertex 2.0342 -23.0989 21.4658
      vertex 2.02045 -23.0553 21.4209
    endloop
  endfacet
  facet normal -0.888517 0.0388174 0.457198
    outer loop
      vertex 2.00571 -23.3693 21.5
      vertex 0.5 -22.5 18.5
      vertex 2 -23.5 21.5
    endloop
  endfacet
  facet normal -0.79168 0.327574 0.515693
    outer loop
      vertex 2.00068 -22.9154 21.3168
      vertex 1.57758 -22.5 20.4034
      vertex 1.47922 -22.5 20.2524
    endloop
  endfacet
  facet normal -0.790513 0.329707 0.516123
    outer loop
      vertex 1.57758 -22.5 20.4034
      vertex 2.00068 -22.9154 21.3168
      vertex 2.00005 -22.9011 21.3067
    endloop
  endfacet
  facet normal -0.850318 0.188593 0.491316
    outer loop
      vertex 1.16709 -22.5 19.7352
      vertex 1.00727 -22.5 19.4586
      vertex 2.02278 -23.2395 21.5
    endloop
  endfacet
  facet normal -0.998562 -0.0436205 -0.0311575
    outer loop
      vertex 0.507614 -29.6743 0
      vertex 0.5 -39.5 14
      vertex 0.5 -29.5 0
    endloop
  endfacet
  facet normal -0.998562 -0.0436205 -0.0311575
    outer loop
      vertex 0.5 -39.5 14
      vertex 0.507614 -29.6743 0
      vertex 0.507614 -39.6743 14
    endloop
  endfacet
  facet normal -0.923908 -0.382614 0
    outer loop
      vertex 0.687378 -40.3452 14
      vertex 0.620621 -40.184 18.5
      vertex 0.620621 -40.184 14
    endloop
  endfacet
  facet normal -0.923908 -0.382614 0
    outer loop
      vertex 0.620621 -40.184 18.5
      vertex 0.687378 -40.3452 14
      vertex 0.687378 -40.3452 18.5
    endloop
  endfacet
  facet normal -0.999047 -0.0436417 0
    outer loop
      vertex 0.507614 -39.6743 14
      vertex 0.5 -39.5 18.5
      vertex 0.5 -39.5 14
    endloop
  endfacet
  facet normal -0.999047 -0.0436417 0
    outer loop
      vertex 0.5 -39.5 18.5
      vertex 0.507614 -39.6743 14
      vertex 0.507614 -39.6743 18.5
    endloop
  endfacet
  facet normal -0.953702 -0.300754 0
    outer loop
      vertex 0.620621 -40.184 14
      vertex 0.568146 -40.0176 18.5
      vertex 0.568146 -40.0176 14
    endloop
  endfacet
  facet normal -0.953702 -0.300754 0
    outer loop
      vertex 0.568146 -40.0176 18.5
      vertex 0.620621 -40.184 14
      vertex 0.620621 -40.184 18.5
    endloop
  endfacet
  facet normal 0.98717 -0.12993 -0.092807
    outer loop
      vertex 6.99239 -39.6743 14
      vertex 6.96962 -29.8473 0
      vertex 6.99239 -29.6743 0
    endloop
  endfacet
  facet normal 0.98717 -0.12993 -0.092807
    outer loop
      vertex 6.96962 -29.8473 0
      vertex 6.99239 -39.6743 14
      vertex 6.96962 -39.8473 14
    endloop
  endfacet
  facet normal -0.537498 -0.843265 0
    outer loop
      vertex 1.35284 -41.1383 14
      vertex 1.5 -41.2321 18.5
      vertex 1.35284 -41.1383 18.5
    endloop
  endfacet
  facet normal -0.537498 -0.843265 -0
    outer loop
      vertex 1.5 -41.2321 18.5
      vertex 1.35284 -41.1383 14
      vertex 1.5 -41.2321 14
    endloop
  endfacet
  facet normal -0.887053 -0.461668 0
    outer loop
      vertex 0.767944 -40.5 14
      vertex 0.687378 -40.3452 18.5
      vertex 0.687378 -40.3452 14
    endloop
  endfacet
  facet normal -0.887053 -0.461668 0
    outer loop
      vertex 0.687378 -40.3452 18.5
      vertex 0.767944 -40.5 14
      vertex 0.767944 -40.5 18.5
    endloop
  endfacet
  facet normal -0.506403 -0.552575 0.661979
    outer loop
      vertex 2.43935 -38.5607 21.5
      vertex 1.08578 -40.9142 18.5
      vertex 2.53581 -38.6491 21.5
    endloop
  endfacet
  facet normal -0.88657 0.461417 -0.0329749
    outer loop
      vertex 0.687378 -22.6548 0
      vertex 0.767944 -22.4333 0.933333
      vertex 0.767944 -22.5 0
    endloop
  endfacet
  facet normal -0.886623 0.461318 -0.0329469
    outer loop
      vertex 0.767944 -22.4333 0.933333
      vertex 0.687378 -22.6548 0
      vertex 0.730762 -22.5 1
    endloop
  endfacet
  facet normal -0.886569 0.461421 -0.032965
    outer loop
      vertex 0.730762 -22.5 1
      vertex 0.687378 -22.6548 0
      vertex 0.687378 -22.5 2.16678
    endloop
  endfacet
  facet normal 0.460427 -0.722349 -0.515964
    outer loop
      vertex 6 -31.2321 0
      vertex 6.14716 -41.1383 14
      vertex 6 -41.2321 14
    endloop
  endfacet
  facet normal 0.460427 -0.722349 -0.515964
    outer loop
      vertex 6.14716 -41.1383 14
      vertex 6 -31.2321 0
      vertex 6.14716 -31.1383 0
    endloop
  endfacet
  facet normal 0.529612 -0.690241 -0.493029
    outer loop
      vertex 6.14716 -31.1383 0
      vertex 6.28557 -41.0321 14
      vertex 6.14716 -41.1383 14
    endloop
  endfacet
  facet normal 0.529612 -0.690241 -0.493029
    outer loop
      vertex 6.28557 -41.0321 14
      vertex 6.14716 -31.1383 0
      vertex 6.28557 -31.0321 0
    endloop
  endfacet
  facet normal 0.0332356 -0.762321 0.646346
    outer loop
      vertex 4.13074 -38.9943 21.5
      vertex 4 -39 21.5
      vertex 5 -41.5 18.5
    endloop
  endfacet
  facet normal 1 0 0
    outer loop
      vertex 7 -35.9392 14.1946
      vertex 7 -39.5 14
      vertex 7 -35.9848 13.8486
    endloop
  endfacet
  facet normal 1 0 0
    outer loop
      vertex 7 -35.8637 14.5353
      vertex 7 -39.5 14
      vertex 7 -35.9392 14.1946
    endloop
  endfacet
  facet normal 1 0 0
    outer loop
      vertex 7 -35.7588 14.8681
      vertex 7 -39.5 14
      vertex 7 -35.8637 14.5353
    endloop
  endfacet
  facet normal 1 0 0
    outer loop
      vertex 7 -35.6252 15.1905
      vertex 7 -39.5 14
      vertex 7 -35.7588 14.8681
    endloop
  endfacet
  facet normal 1 0 0
    outer loop
      vertex 7 -39.5 14
      vertex 7 -35.6252 15.1905
      vertex 7 -39.5 18.5
    endloop
  endfacet
  facet normal 1 0 0
    outer loop
      vertex 7 -35.4641 15.5
      vertex 7 -39.5 18.5
      vertex 7 -35.6252 15.1905
    endloop
  endfacet
  facet normal 1 0 0
    outer loop
      vertex 7 -35.2766 15.7943
      vertex 7 -39.5 18.5
      vertex 7 -35.4641 15.5
    endloop
  endfacet
  facet normal 1 0 0
    outer loop
      vertex 7 -35.0642 16.0711
      vertex 7 -39.5 18.5
      vertex 7 -35.2766 15.7943
    endloop
  endfacet
  facet normal 1 -0 0
    outer loop
      vertex 7 -39.5 18.5
      vertex 7 -35.0642 16.0711
      vertex 7 -32.9273 18.5
    endloop
  endfacet
  facet normal 1 0 0
    outer loop
      vertex 7 -28.0152 13.1514
      vertex 7 -27.515 16.5
      vertex 7 -28 13.5
    endloop
  endfacet
  facet normal 1 0 0
    outer loop
      vertex 7 -27.515 16.5
      vertex 7 -28.0152 13.8486
      vertex 7 -28 13.5
    endloop
  endfacet
  facet normal 1 0 0
    outer loop
      vertex 7 -27.515 16.5
      vertex 7 -28.0608 14.1946
      vertex 7 -28.0152 13.8486
    endloop
  endfacet
  facet normal 1 0 0
    outer loop
      vertex 7 -27.515 16.5
      vertex 7 -28.1363 14.5353
      vertex 7 -28.0608 14.1946
    endloop
  endfacet
  facet normal 1 0 0
    outer loop
      vertex 7 -27.515 16.5
      vertex 7 -28.2412 14.8681
      vertex 7 -28.1363 14.5353
    endloop
  endfacet
  facet normal 1 0 0
    outer loop
      vertex 7 -27.515 16.5
      vertex 7 -28.3748 15.1905
      vertex 7 -28.2412 14.8681
    endloop
  endfacet
  facet normal 1 0 0
    outer loop
      vertex 7 -27.515 16.5
      vertex 7 -28.5359 15.5
      vertex 7 -28.3748 15.1905
    endloop
  endfacet
  facet normal 1 -0 0
    outer loop
      vertex 7 -31.0727 18.5
      vertex 7 -27.515 16.5
      vertex 7 -25.909 18.5
    endloop
  endfacet
  facet normal 1 0 0
    outer loop
      vertex 7 -27.515 16.5
      vertex 7 -28.7234 15.7943
      vertex 7 -28.5359 15.5
    endloop
  endfacet
  facet normal 1 0 0
    outer loop
      vertex 7 -27.515 16.5
      vertex 7 -28.9358 16.0711
      vertex 7 -28.7234 15.7943
    endloop
  endfacet
  facet normal 1 0 0
    outer loop
      vertex 7 -27.515 16.5
      vertex 7 -31.0727 18.5
      vertex 7 -28.9358 16.0711
    endloop
  endfacet
  facet normal 1 0 0
    outer loop
      vertex 7 -27.515 16.5
      vertex 7 -28.0152 13.1514
      vertex 7 -27.515 0
    endloop
  endfacet
  facet normal 1 -0 0
    outer loop
      vertex 7 -28.0608 12.8054
      vertex 7 -27.515 0
      vertex 7 -28.0152 13.1514
    endloop
  endfacet
  facet normal 1 -0 0
    outer loop
      vertex 7 -28.1363 12.4647
      vertex 7 -27.515 0
      vertex 7 -28.0608 12.8054
    endloop
  endfacet
  facet normal 1 -0 0
    outer loop
      vertex 7 -28.2412 12.1319
      vertex 7 -27.515 0
      vertex 7 -28.1363 12.4647
    endloop
  endfacet
  facet normal 1 -0 0
    outer loop
      vertex 7 -28.3748 11.8095
      vertex 7 -27.515 0
      vertex 7 -28.2412 12.1319
    endloop
  endfacet
  facet normal 1 -0 0
    outer loop
      vertex 7 -28.5359 11.5
      vertex 7 -27.515 0
      vertex 7 -28.3748 11.8095
    endloop
  endfacet
  facet normal 1 -0 0
    outer loop
      vertex 7 -28.7234 11.2057
      vertex 7 -27.515 0
      vertex 7 -28.5359 11.5
    endloop
  endfacet
  facet normal 1 -0 0
    outer loop
      vertex 7 -28.9358 10.9288
      vertex 7 -27.515 0
      vertex 7 -28.7234 11.2057
    endloop
  endfacet
  facet normal 1 -0 0
    outer loop
      vertex 7 -29.1716 10.6716
      vertex 7 -27.515 0
      vertex 7 -28.9358 10.9288
    endloop
  endfacet
  facet normal 1 -0 0
    outer loop
      vertex 7 -29.4288 10.4358
      vertex 7 -27.515 0
      vertex 7 -29.1716 10.6716
    endloop
  endfacet
  facet normal 1 -0 0
    outer loop
      vertex 7 -29.7057 10.2234
      vertex 7 -27.515 0
      vertex 7 -29.4288 10.4358
    endloop
  endfacet
  facet normal 1 -0 0
    outer loop
      vertex 7 -30 10.0359
      vertex 7 -27.515 0
      vertex 7 -29.7057 10.2234
    endloop
  endfacet
  facet normal 1 -0 0
    outer loop
      vertex 7 -30.3095 9.87477
      vertex 7 -27.515 0
      vertex 7 -30 10.0359
    endloop
  endfacet
  facet normal 1 0 0
    outer loop
      vertex 7 -27.515 0
      vertex 7 -30.3095 9.87477
      vertex 7 -29.5 0
    endloop
  endfacet
  facet normal 1 -0 0
    outer loop
      vertex 7 -30.6319 9.74123
      vertex 7 -29.5 0
      vertex 7 -30.3095 9.87477
    endloop
  endfacet
  facet normal 1 -0 0
    outer loop
      vertex 7 -30.9647 9.6363
      vertex 7 -29.5 0
      vertex 7 -30.6319 9.74123
    endloop
  endfacet
  facet normal 1 -0 0
    outer loop
      vertex 7 -31.3054 9.56077
      vertex 7 -29.5 0
      vertex 7 -30.9647 9.6363
    endloop
  endfacet
  facet normal 1 -0 0
    outer loop
      vertex 7 -31.6514 9.51522
      vertex 7 -29.5 0
      vertex 7 -31.3054 9.56077
    endloop
  endfacet
  facet normal 1 -0 0
    outer loop
      vertex 7 -32 9.5
      vertex 7 -29.5 0
      vertex 7 -31.6514 9.51522
    endloop
  endfacet
  facet normal 1 0 0
    outer loop
      vertex 7 -32.3486 9.51522
      vertex 7 -29.5 0
      vertex 7 -32 9.5
    endloop
  endfacet
  facet normal 1 0 0
    outer loop
      vertex 7 -32.6946 9.56077
      vertex 7 -29.5 0
      vertex 7 -32.3486 9.51522
    endloop
  endfacet
  facet normal 1 0 0
    outer loop
      vertex 7 -33.0353 9.6363
      vertex 7 -29.5 0
      vertex 7 -32.6946 9.56077
    endloop
  endfacet
  facet normal 1 0 0
    outer loop
      vertex 7 -33.3681 9.74123
      vertex 7 -29.5 0
      vertex 7 -33.0353 9.6363
    endloop
  endfacet
  facet normal 1 0 0
    outer loop
      vertex 7 -33.6905 9.87477
      vertex 7 -29.5 0
      vertex 7 -33.3681 9.74123
    endloop
  endfacet
  facet normal 1 0 0
    outer loop
      vertex 7 -34 10.0359
      vertex 7 -29.5 0
      vertex 7 -33.6905 9.87477
    endloop
  endfacet
  facet normal 1 0 0
    outer loop
      vertex 7 -34.2943 10.2234
      vertex 7 -29.5 0
      vertex 7 -34 10.0359
    endloop
  endfacet
  facet normal 1 0 0
    outer loop
      vertex 7 -34.5712 10.4358
      vertex 7 -29.5 0
      vertex 7 -34.2943 10.2234
    endloop
  endfacet
  facet normal 1 0 0
    outer loop
      vertex 7 -34.8284 10.6716
      vertex 7 -29.5 0
      vertex 7 -34.5712 10.4358
    endloop
  endfacet
  facet normal 1 0 0
    outer loop
      vertex 7 -39.5 14
      vertex 7 -34.8284 10.6716
      vertex 7 -35.0642 10.9288
    endloop
  endfacet
  facet normal 1 0 0
    outer loop
      vertex 7 -39.5 14
      vertex 7 -35.0642 10.9288
      vertex 7 -35.2766 11.2057
    endloop
  endfacet
  facet normal 1 0 0
    outer loop
      vertex 7 -39.5 14
      vertex 7 -35.2766 11.2057
      vertex 7 -35.4641 11.5
    endloop
  endfacet
  facet normal 1 0 0
    outer loop
      vertex 7 -39.5 14
      vertex 7 -35.4641 11.5
      vertex 7 -35.6252 11.8095
    endloop
  endfacet
  facet normal 1 0 0
    outer loop
      vertex 7 -35.9848 13.8486
      vertex 7 -39.5 14
      vertex 7 -36 13.5
    endloop
  endfacet
  facet normal 1 0 0
    outer loop
      vertex 7 -36 13.5
      vertex 7 -39.5 14
      vertex 7 -35.9848 13.1514
    endloop
  endfacet
  facet normal 1 0 0
    outer loop
      vertex 7 -35.9848 13.1514
      vertex 7 -39.5 14
      vertex 7 -35.9392 12.8054
    endloop
  endfacet
  facet normal 1 0 0
    outer loop
      vertex 7 -35.9392 12.8054
      vertex 7 -39.5 14
      vertex 7 -35.8637 12.4647
    endloop
  endfacet
  facet normal 1 0 0
    outer loop
      vertex 7 -35.8637 12.4647
      vertex 7 -39.5 14
      vertex 7 -35.7588 12.1319
    endloop
  endfacet
  facet normal 1 0 0
    outer loop
      vertex 7 -35.7588 12.1319
      vertex 7 -39.5 14
      vertex 7 -35.6252 11.8095
    endloop
  endfacet
  facet normal 1 0 0
    outer loop
      vertex 7 -34.8284 10.6716
      vertex 7 -39.5 14
      vertex 7 -29.5 0
    endloop
  endfacet
  facet normal 0 -0.813733 -0.581238
    outer loop
      vertex 2.5 -31.5 0
      vertex 5 -41.5 14
      vertex 2.5 -41.5 14
    endloop
  endfacet
  facet normal 0 -0.813733 -0.581238
    outer loop
      vertex 5 -41.5 14
      vertex 2.5 -31.5 0
      vertex 5 -31.5 0
    endloop
  endfacet
  facet normal 0.10665 -0.809092 -0.577923
    outer loop
      vertex 5.17432 -31.4924 0
      vertex 5.34729 -41.4696 14
      vertex 5.17432 -41.4924 14
    endloop
  endfacet
  facet normal 0.10665 -0.809092 -0.577923
    outer loop
      vertex 5.34729 -41.4696 14
      vertex 5.17432 -31.4924 0
      vertex 5.34729 -31.4696 0
    endloop
  endfacet
  facet normal -0.0985442 -0.747596 0.656803
    outer loop
      vertex 2.32568 -41.4924 18.5
      vertex 3.23953 -38.9772 21.5
      vertex 2.15271 -41.4696 18.5
    endloop
  endfacet
  facet normal -0.0985423 -0.747596 0.656802
    outer loop
      vertex 3.23953 -38.9772 21.5
      vertex 2.32568 -41.4924 18.5
      vertex 3.36926 -38.9943 21.5
    endloop
  endfacet
  facet normal -0.130684 -0.991424 0
    outer loop
      vertex 2.15271 -41.4696 14
      vertex 2.32568 -41.4924 18.5
      vertex 2.15271 -41.4696 18.5
    endloop
  endfacet
  facet normal -0.130684 -0.991424 -0
    outer loop
      vertex 2.32568 -41.4924 18.5
      vertex 2.15271 -41.4696 14
      vertex 2.32568 -41.4924 14
    endloop
  endfacet
  facet normal -0.932429 -0.294046 -0.210033
    outer loop
      vertex 0.620621 -30.184 0
      vertex 0.568146 -40.0176 14
      vertex 0.568146 -30.0176 0
    endloop
  endfacet
  facet normal -0.932429 -0.294046 -0.210033
    outer loop
      vertex 0.568146 -40.0176 14
      vertex 0.620621 -30.184 0
      vertex 0.620621 -40.184 14
    endloop
  endfacet
  facet normal -0.792553 0.608256 -0.0434206
    outer loop
      vertex 0.861694 -22.3528 0
      vertex 0.967911 -22.1668 0.666803
      vertex 0.967911 -22.2144 0
    endloop
  endfacet
  facet normal -0.792592 0.608205 -0.0434002
    outer loop
      vertex 0.967911 -22.1668 0.666803
      vertex 0.861694 -22.3528 0
      vertex 0.861694 -22.296 0.795988
    endloop
  endfacet
  facet normal -0.850497 0.1881 0.491196
    outer loop
      vertex 2.02278 -23.2395 21.5
      vertex 1.24783 -22.5 19.875
      vertex 1.16709 -22.5 19.7352
    endloop
  endfacet
  facet normal -0.850316 0.188577 0.491326
    outer loop
      vertex 1.24783 -22.5 19.875
      vertex 2.02278 -23.2395 21.5
      vertex 2.0342 -23.0989 21.4658
    endloop
  endfacet
  facet normal -0.852266 0.187968 0.488171
    outer loop
      vertex 2.0342 -23.0989 21.4658
      vertex 2.02278 -23.2395 21.5
      vertex 2.03619 -23.1052 21.4717
    endloop
  endfacet
  facet normal -0.849745 0.188588 0.492309
    outer loop
      vertex 2.03619 -23.1052 21.4717
      vertex 2.02278 -23.2395 21.5
      vertex 2.04686 -23.131 21.5
    endloop
  endfacet
  facet normal -0.161591 -0.729501 0.664618
    outer loop
      vertex 3.11177 -38.9489 21.5
      vertex 1.98236 -41.4319 18.5
      vertex 3.23953 -38.9772 21.5
    endloop
  endfacet
  facet normal -0.714362 0.455701 0.531059
    outer loop
      vertex 2 -22.5 21.0152
      vertex 1.91436 -22.5 20.9
      vertex 2 -22.5747 21.0793
    endloop
  endfacet
  facet normal -0.382022 0.921829 -0.0655063
    outer loop
      vertex 1.65477 -21.6874 0
      vertex 1.81596 -21.6126 0.112579
      vertex 1.81596 -21.6206 0
    endloop
  endfacet
  facet normal -0.381785 0.921899 -0.0658929
    outer loop
      vertex 1.81596 -21.6126 0.112579
      vertex 1.65477 -21.6874 0
      vertex 1.65477 -21.6749 0.174886
    endloop
  endfacet
  facet normal 0.883241 -0.0385626 0.46733
    outer loop
      vertex 7 -39.5 18.5
      vertex 5.49429 -37.6307 21.5
      vertex 6.99239 -39.6743 18.5
    endloop
  endfacet
  facet normal -0.894427 0 0.447214
    outer loop
      vertex 0.5 -31.0727 18.5
      vertex 2 -23.5 21.5
      vertex 0.5 -22.5 18.5
    endloop
  endfacet
  facet normal -0.894421 -5.96565e-06 0.447226
    outer loop
      vertex 0.896418 -31.7702 19.2928
      vertex 2 -23.5 21.5
      vertex 0.5 -31.0727 18.5
    endloop
  endfacet
  facet normal -0.894458 1.83094e-05 0.447153
    outer loop
      vertex 0.906066 -31.7879 19.3121
      vertex 2 -23.5 21.5
      vertex 0.896418 -31.7702 19.2928
    endloop
  endfacet
  facet normal -0.894569 9.18987e-05 0.44693
    outer loop
      vertex 0.914907 -31.8072 19.3298
      vertex 2 -23.5 21.5
      vertex 0.906066 -31.7879 19.3121
    endloop
  endfacet
  facet normal -0.894159 -0.000175967 0.44775
    outer loop
      vertex 0.922873 -31.8279 19.3457
      vertex 2 -23.5 21.5
      vertex 0.914907 -31.8072 19.3298
    endloop
  endfacet
  facet normal -0.894771 0.000220163 0.446525
    outer loop
      vertex 0.929904 -31.85 19.3598
      vertex 2 -23.5 21.5
      vertex 0.922873 -31.8279 19.3457
    endloop
  endfacet
  facet normal -0.894586 0.000101358 0.446896
    outer loop
      vertex 0.935946 -31.8732 19.3719
      vertex 2 -23.5 21.5
      vertex 0.929904 -31.85 19.3598
    endloop
  endfacet
  facet normal -0.89425 -0.000112315 0.447568
    outer loop
      vertex 0.940954 -31.8974 19.3819
      vertex 2 -23.5 21.5
      vertex 0.935946 -31.8732 19.3719
    endloop
  endfacet
  facet normal -0.894805 0.00023808 0.446457
    outer loop
      vertex 0.944889 -31.9224 19.3898
      vertex 2 -23.5 21.5
      vertex 0.940954 -31.8974 19.3819
    endloop
  endfacet
  facet normal -0.89347 -0.000596954 0.449122
    outer loop
      vertex 0.947721 -31.9479 19.3954
      vertex 2 -23.5 21.5
      vertex 0.944889 -31.9224 19.3898
    endloop
  endfacet
  facet normal -0.895933 0.000938796 0.444189
    outer loop
      vertex 0.949429 -31.9739 19.3989
      vertex 2 -23.5 21.5
      vertex 0.947721 -31.9479 19.3954
    endloop
  endfacet
  facet normal -0.895274 -0.000809712 0.445516
    outer loop
      vertex 2 -37.5 21.5
      vertex 0.949429 -31.9739 19.3989
      vertex 0.95 -32 19.4
    endloop
  endfacet
  facet normal -0.893748 0.000647622 0.44857
    outer loop
      vertex 2 -37.5 21.5
      vertex 0.95 -32 19.4
      vertex 0.949429 -32.0261 19.3989
    endloop
  endfacet
  facet normal -0.895537 -0.00107191 0.444985
    outer loop
      vertex 2 -37.5 21.5
      vertex 0.949429 -32.0261 19.3989
      vertex 0.947721 -32.0521 19.3954
    endloop
  endfacet
  facet normal -0.893688 0.000716271 0.448689
    outer loop
      vertex 2 -37.5 21.5
      vertex 0.947721 -32.0521 19.3954
      vertex 0.944889 -32.0776 19.3898
    endloop
  endfacet
  facet normal -0.894424 0 0.447221
    outer loop
      vertex 0.949429 -31.9739 19.3989
      vertex 2 -37.5 21.5
      vertex 2 -23.5 21.5
    endloop
  endfacet
  facet normal -0.89473 -0.000297082 0.446606
    outer loop
      vertex 0.940954 -32.1026 19.3819
      vertex 2 -37.5 21.5
      vertex 0.944889 -32.0776 19.3898
    endloop
  endfacet
  facet normal -0.894281 0.00014434 0.447506
    outer loop
      vertex 0.935946 -32.1268 19.3719
      vertex 2 -37.5 21.5
      vertex 0.940954 -32.1026 19.3819
    endloop
  endfacet
  facet normal -0.894561 -0.00013352 0.446945
    outer loop
      vertex 0.929904 -32.15 19.3598
      vertex 2 -37.5 21.5
      vertex 0.935946 -32.1268 19.3719
    endloop
  endfacet
  facet normal -0.894724 -0.000296027 0.44662
    outer loop
      vertex 0.922873 -32.1721 19.3457
      vertex 2 -37.5 21.5
      vertex 0.929904 -32.15 19.3598
    endloop
  endfacet
  facet normal -0.894193 0.000240889 0.447682
    outer loop
      vertex 0.914907 -32.1928 19.3298
      vertex 2 -37.5 21.5
      vertex 0.922873 -32.1721 19.3457
    endloop
  endfacet
  facet normal -0.894553 -0.000127824 0.446961
    outer loop
      vertex 0.906066 -32.2121 19.3121
      vertex 2 -37.5 21.5
      vertex 0.914907 -32.1928 19.3298
    endloop
  endfacet
  facet normal -0.894455 -2.58395e-05 0.447158
    outer loop
      vertex 0.896418 -32.2298 19.2928
      vertex 2 -37.5 21.5
      vertex 0.906066 -32.2121 19.3121
    endloop
  endfacet
  facet normal -0.894422 8.44719e-06 0.447224
    outer loop
      vertex 0.5 -32.9273 18.5
      vertex 2 -37.5 21.5
      vertex 0.896418 -32.2298 19.2928
    endloop
  endfacet
  facet normal -0.894427 0 0.447214
    outer loop
      vertex 2 -37.5 21.5
      vertex 0.5 -32.9273 18.5
      vertex 0.5 -39.5 18.5
    endloop
  endfacet
  facet normal -0.506402 -0.552576 0.661979
    outer loop
      vertex 2.53581 -38.6491 21.5
      vertex 1.08578 -40.9142 18.5
      vertex 1.21443 -41.0321 18.5
    endloop
  endfacet
  facet normal 0.506403 -0.552575 0.661979
    outer loop
      vertex 5.06065 -38.5607 21.5
      vertex 4.96419 -38.6491 21.5
      vertex 6.41422 -40.9142 18.5
    endloop
  endfacet
  facet normal -0.991452 -0.130471 0
    outer loop
      vertex 0.53038 -39.8473 14
      vertex 0.507614 -39.6743 18.5
      vertex 0.507614 -39.6743 14
    endloop
  endfacet
  facet normal -0.991452 -0.130471 0
    outer loop
      vertex 0.507614 -39.6743 18.5
      vertex 0.53038 -39.8473 14
      vertex 0.53038 -39.8473 18.5
    endloop
  endfacet
  facet normal 0.340986 -0.655584 0.67375
    outer loop
      vertex 6 -41.2321 18.5
      vertex 4.63393 -38.8595 21.5
      vertex 5.84523 -41.3126 18.5
    endloop
  endfacet
  facet normal -0.216081 -0.976375 0
    outer loop
      vertex 1.98236 -41.4319 14
      vertex 2.15271 -41.4696 18.5
      vertex 1.98236 -41.4319 18.5
    endloop
  endfacet
  facet normal -0.216081 -0.976375 -0
    outer loop
      vertex 2.15271 -41.4696 18.5
      vertex 1.98236 -41.4319 14
      vertex 2.15271 -41.4696 14
    endloop
  endfacet
  facet normal -0.736336 0.674893 -0.0482654
    outer loop
      vertex 0.967911 -22.2144 0
      vertex 1.08578 -22.0467 0.546733
      vertex 1.08578 -22.0858 0
    endloop
  endfacet
  facet normal -0.736526 0.674693 -0.0481632
    outer loop
      vertex 1.08578 -22.0467 0.546733
      vertex 0.967911 -22.2144 0
      vertex 0.967911 -22.1668 0.666803
    endloop
  endfacet
  facet normal -0.674699 0.736217 -0.0525969
    outer loop
      vertex 1.08578 -22.0858 0
      vertex 1.21443 -21.9367 0.436717
      vertex 1.21443 -21.9679 0
    endloop
  endfacet
  facet normal -0.674597 0.736306 -0.0526575
    outer loop
      vertex 1.21443 -21.9367 0.436717
      vertex 1.08578 -22.0858 0
      vertex 1.08578 -22.0467 0.546733
    endloop
  endfacet
  facet normal 0.382844 -0.923813 0
    outer loop
      vertex 5.68404 -41.3794 14
      vertex 5.84523 -41.3126 18.5
      vertex 5.68404 -41.3794 18.5
    endloop
  endfacet
  facet normal 0.382844 -0.923813 0
    outer loop
      vertex 5.84523 -41.3126 18.5
      vertex 5.68404 -41.3794 14
      vertex 5.84523 -41.3126 14
    endloop
  endfacet
  facet normal -0.843461 -0.537191 0
    outer loop
      vertex 0.861694 -40.6472 14
      vertex 0.767944 -40.5 18.5
      vertex 0.767944 -40.5 14
    endloop
  endfacet
  facet normal -0.843461 -0.537191 0
    outer loop
      vertex 0.767944 -40.5 18.5
      vertex 0.861694 -40.6472 14
      vertex 0.861694 -40.6472 18.5
    endloop
  endfacet
  facet normal 0.248672 -0.788172 -0.56298
    outer loop
      vertex 5.51764 -31.4319 0
      vertex 5.68404 -41.3794 14
      vertex 5.51764 -41.4319 14
    endloop
  endfacet
  facet normal 0.248672 -0.788172 -0.56298
    outer loop
      vertex 5.68404 -41.3794 14
      vertex 5.51764 -31.4319 0
      vertex 5.68404 -31.3794 0
    endloop
  endfacet
  facet normal 0.856185 -0.112597 0.504251
    outer loop
      vertex 5.47722 -37.7605 21.5
      vertex 6.99239 -39.6743 18.5
      vertex 5.49429 -37.6307 21.5
    endloop
  endfacet
  facet normal 0.85615 -0.112685 0.50429
    outer loop
      vertex 6.99239 -39.6743 18.5
      vertex 5.47722 -37.7605 21.5
      vertex 6.96962 -39.8473 18.5
    endloop
  endfacet
  facet normal -0.0332356 -0.762321 0.646346
    outer loop
      vertex 3.36926 -38.9943 21.5
      vertex 2.32568 -41.4924 18.5
      vertex 2.5 -41.5 18.5
    endloop
  endfacet
  facet normal -0.608383 -0.466912 0.641766
    outer loop
      vertex 2.35094 -38.4642 21.5
      vertex 0.861694 -40.6472 18.5
      vertex 0.967911 -40.7856 18.5
    endloop
  endfacet
  facet normal 0.746382 -0.30911 0.589377
    outer loop
      vertex 6.87938 -40.184 18.5
      vertex 5.40955 -38.013 21.5
      vertex 6.81262 -40.3452 18.5
    endloop
  endfacet
  facet normal 0.746347 -0.309157 0.589397
    outer loop
      vertex 5.40955 -38.013 21.5
      vertex 5.35947 -38.1339 21.5
      vertex 6.81262 -40.3452 18.5
    endloop
  endfacet
  facet normal -0.283152 -0.683252 0.673046
    outer loop
      vertex 2.98697 -38.9095 21.5
      vertex 1.65477 -41.3126 18.5
      vertex 1.81596 -41.3794 18.5
    endloop
  endfacet
  facet normal -0.177236 -0.800851 -0.572036
    outer loop
      vertex 1.98236 -31.4319 0
      vertex 2.15271 -41.4696 14
      vertex 1.98236 -41.4319 14
    endloop
  endfacet
  facet normal -0.177236 -0.800851 -0.572036
    outer loop
      vertex 2.15271 -41.4696 14
      vertex 1.98236 -31.4319 0
      vertex 2.15271 -31.4696 0
    endloop
  endfacet
  facet normal -0.675634 -0.737237 0
    outer loop
      vertex 1.08578 -40.9142 14
      vertex 1.21443 -41.0321 18.5
      vertex 1.08578 -40.9142 18.5
    endloop
  endfacet
  facet normal -0.675634 -0.737237 -0
    outer loop
      vertex 1.21443 -41.0321 18.5
      vertex 1.08578 -40.9142 14
      vertex 1.21443 -41.0321 14
    endloop
  endfacet
  facet normal -0.74639 -0.309099 0.589373
    outer loop
      vertex 2.09045 -38.013 21.5
      vertex 0.620621 -40.184 18.5
      vertex 0.687378 -40.3452 18.5
    endloop
  endfacet
  facet normal -0.746346 -0.309157 0.589397
    outer loop
      vertex 2.09045 -38.013 21.5
      vertex 0.687378 -40.3452 18.5
      vertex 2.14053 -38.1339 21.5
    endloop
  endfacet
  facet normal 0.608375 -0.466919 0.641769
    outer loop
      vertex 6.63831 -40.6472 18.5
      vertex 5.14906 -38.4642 21.5
      vertex 6.53209 -40.7856 18.5
    endloop
  endfacet
  facet normal -0.786842 -0.248134 0.565074
    outer loop
      vertex 2.09045 -38.013 21.5
      vertex 0.568146 -40.0176 18.5
      vertex 0.620621 -40.184 18.5
    endloop
  endfacet
  facet normal -0.755135 0.393155 0.524595
    outer loop
      vertex 2 -22.7262 21.1928
      vertex 1.91436 -22.5 20.9
      vertex 1.77271 -22.5 20.6961
    endloop
  endfacet
  facet normal -0.755338 0.392924 0.524476
    outer loop
      vertex 1.91436 -22.5 20.9
      vertex 2 -22.7262 21.1928
      vertex 2 -22.5747 21.0793
    endloop
  endfacet
  facet normal -0.536533 0.84175 -0.0599132
    outer loop
      vertex 1.35284 -21.8617 0
      vertex 1.5 -21.7501 0.250081
      vertex 1.5 -21.7679 0
    endloop
  endfacet
  facet normal -0.53631 0.841879 -0.060102
    outer loop
      vertex 1.5 -21.7501 0.250081
      vertex 1.35284 -21.8617 0
      vertex 1.35284 -21.8376 0.337581
    endloop
  endfacet
  facet normal -0.883236 -0.0385826 0.46734
    outer loop
      vertex 2.00571 -37.6307 21.5
      vertex 0.5 -39.5 18.5
      vertex 0.507614 -39.6743 18.5
    endloop
  endfacet
  facet normal -0.953482 0.300685 -0.02148
    outer loop
      vertex 0.568146 -22.9824 0
      vertex 0.620621 -22.5 4.42349
      vertex 0.620621 -22.816 0
    endloop
  endfacet
  facet normal -0.953487 0.300667 -0.021478
    outer loop
      vertex 0.620621 -22.5 4.42349
      vertex 0.568146 -22.9824 0
      vertex 0.568146 -22.5 6.75305
    endloop
  endfacet
  facet normal -0.0354548 -0.813222 -0.580873
    outer loop
      vertex 2.32568 -31.4924 0
      vertex 2.5 -41.5 14
      vertex 2.32568 -41.4924 14
    endloop
  endfacet
  facet normal -0.0354548 -0.813222 -0.580873
    outer loop
      vertex 2.5 -41.5 14
      vertex 2.32568 -31.4924 0
      vertex 2.5 -31.5 0
    endloop
  endfacet
  facet normal -0.161456 -0.729548 0.664599
    outer loop
      vertex 3.23953 -38.9772 21.5
      vertex 1.98236 -41.4319 18.5
      vertex 2.15271 -41.4696 18.5
    endloop
  endfacet
  facet normal -0.663916 -0.608516 -0.434654
    outer loop
      vertex 1.08578 -30.9142 0
      vertex 0.967911 -40.7856 14
      vertex 0.967911 -30.7856 0
    endloop
  endfacet
  facet normal -0.663916 -0.608516 -0.434654
    outer loop
      vertex 0.967911 -40.7856 14
      vertex 1.08578 -30.9142 0
      vertex 1.08578 -40.9142 14
    endloop
  endfacet
  facet normal -0.248672 -0.788172 -0.56298
    outer loop
      vertex 1.81596 -31.3794 0
      vertex 1.98236 -41.4319 14
      vertex 1.81596 -41.3794 14
    endloop
  endfacet
  facet normal -0.248672 -0.788172 -0.56298
    outer loop
      vertex 1.98236 -41.4319 14
      vertex 1.81596 -31.3794 0
      vertex 1.98236 -31.4319 0
    endloop
  endfacet
  facet normal -0.727487 -0.55832 -0.3988
    outer loop
      vertex 0.967911 -30.7856 0
      vertex 0.861694 -40.6472 14
      vertex 0.861694 -30.6472 0
    endloop
  endfacet
  facet normal -0.727487 -0.55832 -0.3988
    outer loop
      vertex 0.861694 -40.6472 14
      vertex 0.967911 -30.7856 0
      vertex 0.967911 -40.7856 14
    endloop
  endfacet
  facet normal 0.843461 -0.537191 0
    outer loop
      vertex 6.63831 -40.6472 18.5
      vertex 6.73206 -40.5 14
      vertex 6.73206 -40.5 18.5
    endloop
  endfacet
  facet normal 0.843461 -0.537191 0
    outer loop
      vertex 6.73206 -40.5 14
      vertex 6.63831 -40.6472 18.5
      vertex 6.63831 -40.6472 14
    endloop
  endfacet
  facet normal 0.786924 -0.247995 0.565021
    outer loop
      vertex 5.44888 -37.8882 21.5
      vertex 5.40955 -38.013 21.5
      vertex 6.93185 -40.0176 18.5
    endloop
  endfacet
  facet normal -0.223485 -0.707891 0.670033
    outer loop
      vertex 2.98697 -38.9095 21.5
      vertex 1.98236 -41.4319 18.5
      vertex 3.11177 -38.9489 21.5
    endloop
  endfacet
  facet normal 0.161456 -0.729548 0.664599
    outer loop
      vertex 5.51764 -41.4319 18.5
      vertex 4.26047 -38.9772 21.5
      vertex 5.34729 -41.4696 18.5
    endloop
  endfacet
  facet normal 0.300885 -0.953661 0
    outer loop
      vertex 5.51764 -41.4319 14
      vertex 5.68404 -41.3794 18.5
      vertex 5.51764 -41.4319 18.5
    endloop
  endfacet
  facet normal 0.300885 -0.953661 0
    outer loop
      vertex 5.68404 -41.3794 18.5
      vertex 5.51764 -41.4319 14
      vertex 5.68404 -41.3794 14
    endloop
  endfacet
  facet normal 0 -0.768221 0.640184
    outer loop
      vertex 2.5 -41.5 18.5
      vertex 4 -39 21.5
      vertex 3.5 -39 21.5
    endloop
  endfacet
  facet normal 0 -0.768221 0.640184
    outer loop
      vertex 4 -39 21.5
      vertex 2.5 -41.5 18.5
      vertex 5 -41.5 18.5
    endloop
  endfacet
  facet normal -0.0435566 -0.999051 0
    outer loop
      vertex 2.32568 -41.4924 14
      vertex 2.5 -41.5 18.5
      vertex 2.32568 -41.4924 18.5
    endloop
  endfacet
  facet normal -0.0435566 -0.999051 -0
    outer loop
      vertex 2.5 -41.5 18.5
      vertex 2.32568 -41.4924 14
      vertex 2.5 -41.5 14
    endloop
  endfacet
  facet normal -0.382844 -0.923813 0
    outer loop
      vertex 1.65477 -41.3126 14
      vertex 1.81596 -41.3794 18.5
      vertex 1.65477 -41.3126 18.5
    endloop
  endfacet
  facet normal -0.382844 -0.923813 -0
    outer loop
      vertex 1.81596 -41.3794 18.5
      vertex 1.65477 -41.3126 14
      vertex 1.81596 -41.3794 14
    endloop
  endfacet
  facet normal -0.529612 -0.690241 -0.493029
    outer loop
      vertex 1.21443 -31.0321 0
      vertex 1.35284 -41.1383 14
      vertex 1.21443 -41.0321 14
    endloop
  endfacet
  facet normal -0.529612 -0.690241 -0.493029
    outer loop
      vertex 1.35284 -41.1383 14
      vertex 1.21443 -31.0321 0
      vertex 1.35284 -31.1383 0
    endloop
  endfacet
  facet normal -0.389771 -0.749377 -0.535269
    outer loop
      vertex 1.5 -31.2321 0
      vertex 1.65477 -41.3126 14
      vertex 1.5 -41.2321 14
    endloop
  endfacet
  facet normal -0.389771 -0.749377 -0.535269
    outer loop
      vertex 1.65477 -41.3126 14
      vertex 1.5 -31.2321 0
      vertex 1.65477 -31.3126 0
    endloop
  endfacet
  facet normal 0.161591 -0.729501 0.664618
    outer loop
      vertex 4.38823 -38.9489 21.5
      vertex 4.26047 -38.9772 21.5
      vertex 5.51764 -41.4319 18.5
    endloop
  endfacet
  facet normal 0.558183 -0.51161 0.653212
    outer loop
      vertex 6.53209 -40.7856 18.5
      vertex 5.14906 -38.4642 21.5
      vertex 6.41422 -40.9142 18.5
    endloop
  endfacet
  facet normal -0.842842 0.536796 -0.0383046
    outer loop
      vertex 0.767944 -22.5 0
      vertex 0.861694 -22.296 0.795988
      vertex 0.861694 -22.3528 0
    endloop
  endfacet
  facet normal -0.842699 0.537015 -0.0383774
    outer loop
      vertex 0.861694 -22.296 0.795988
      vertex 0.767944 -22.5 0
      vertex 0.767944 -22.4333 0.933333
    endloop
  endfacet
  facet normal -0.976165 0.216476 -0.0154638
    outer loop
      vertex 0.53038 -23.1527 0
      vertex 0.568146 -22.5 6.75305
      vertex 0.568146 -22.9824 0
    endloop
  endfacet
  facet normal -0.976178 0.216419 -0.0154583
    outer loop
      vertex 0.568146 -22.5 6.75305
      vertex 0.53038 -23.1527 0
      vertex 0.53038 -22.5 9.13794
    endloop
  endfacet
  facet normal -0.608358 -0.466936 0.641772
    outer loop
      vertex 2.27127 -38.3604 21.5
      vertex 0.861694 -40.6472 18.5
      vertex 2.35094 -38.4642 21.5
    endloop
  endfacet
  facet normal 0.608358 -0.466935 0.641772
    outer loop
      vertex 5.22873 -38.3604 21.5
      vertex 5.14906 -38.4642 21.5
      vertex 6.63831 -40.6472 18.5
    endloop
  endfacet
  facet normal -0.558186 -0.511608 0.653212
    outer loop
      vertex 2.35094 -38.4642 21.5
      vertex 0.967911 -40.7856 18.5
      vertex 1.08578 -40.9142 18.5
    endloop
  endfacet
  facet normal -0.786924 -0.247994 0.565022
    outer loop
      vertex 2.05112 -37.8882 21.5
      vertex 0.568146 -40.0176 18.5
      vertex 2.09045 -38.013 21.5
    endloop
  endfacet
  facet normal 0.0332356 -0.762321 0.646346
    outer loop
      vertex 5.17432 -41.4924 18.5
      vertex 4.13074 -38.9943 21.5
      vertex 5 -41.5 18.5
    endloop
  endfacet
  facet normal 0.0985423 -0.747596 0.656802
    outer loop
      vertex 5.17432 -41.4924 18.5
      vertex 4.26047 -38.9772 21.5
      vertex 4.13074 -38.9943 21.5
    endloop
  endfacet
  facet normal 0.0985442 -0.747596 0.656803
    outer loop
      vertex 4.26047 -38.9772 21.5
      vertex 5.17432 -41.4924 18.5
      vertex 5.34729 -41.4696 18.5
    endloop
  endfacet
  facet normal 0.537498 -0.843265 0
    outer loop
      vertex 6 -41.2321 14
      vertex 6.14716 -41.1383 18.5
      vertex 6 -41.2321 18.5
    endloop
  endfacet
  facet normal 0.537498 -0.843265 0
    outer loop
      vertex 6.14716 -41.1383 18.5
      vertex 6 -41.2321 14
      vertex 6.14716 -41.1383 14
    endloop
  endfacet
  facet normal 0.663913 -0.608518 -0.434656
    outer loop
      vertex 6.53209 -40.7856 14
      vertex 6.41422 -30.9142 0
      vertex 6.53209 -30.7856 0
    endloop
  endfacet
  facet normal 0.663913 -0.608518 -0.434656
    outer loop
      vertex 6.41422 -30.9142 0
      vertex 6.53209 -40.7856 14
      vertex 6.41422 -40.9142 14
    endloop
  endfacet
  facet normal 0.0354548 -0.813222 -0.580873
    outer loop
      vertex 5 -31.5 0
      vertex 5.17432 -41.4924 14
      vertex 5 -41.5 14
    endloop
  endfacet
  facet normal 0.0354548 -0.813222 -0.580873
    outer loop
      vertex 5.17432 -41.4924 14
      vertex 5 -31.5 0
      vertex 5.17432 -31.4924 0
    endloop
  endfacet
  facet normal -0.755125 0.393243 0.524544
    outer loop
      vertex 2 -22.7489 21.2099
      vertex 1.77271 -22.5 20.6961
      vertex 1.70137 -22.5 20.5934
    endloop
  endfacet
  facet normal -0.753664 0.395465 0.524974
    outer loop
      vertex 1.77271 -22.5 20.6961
      vertex 2 -22.7489 21.2099
      vertex 2 -22.7262 21.1928
    endloop
  endfacet
  facet normal 0.506402 -0.552576 0.661979
    outer loop
      vertex 6.41422 -40.9142 18.5
      vertex 4.96419 -38.6491 21.5
      vertex 6.28557 -41.0321 18.5
    endloop
  endfacet
  facet normal 0.389771 -0.749377 -0.535269
    outer loop
      vertex 5.84523 -31.3126 0
      vertex 6 -41.2321 14
      vertex 5.84523 -41.3126 14
    endloop
  endfacet
  facet normal 0.389771 -0.749377 -0.535269
    outer loop
      vertex 6 -41.2321 14
      vertex 5.84523 -31.3126 0
      vertex 6 -31.2321 0
    endloop
  endfacet
  facet normal 0.319545 -0.77107 -0.550764
    outer loop
      vertex 5.68404 -31.3794 0
      vertex 5.84523 -41.3126 14
      vertex 5.68404 -41.3794 14
    endloop
  endfacet
  facet normal 0.319545 -0.77107 -0.550764
    outer loop
      vertex 5.84523 -41.3126 14
      vertex 5.68404 -31.3794 0
      vertex 5.84523 -31.3126 0
    endloop
  endfacet
  facet normal -0.558313 -0.511507 0.653182
    outer loop
      vertex 2.35094 -38.4642 21.5
      vertex 1.08578 -40.9142 18.5
      vertex 2.43935 -38.5607 21.5
    endloop
  endfacet
  facet normal -0.737195 -0.67568 0
    outer loop
      vertex 1.08578 -40.9142 14
      vertex 0.967911 -40.7856 18.5
      vertex 0.967911 -40.7856 14
    endloop
  endfacet
  facet normal -0.737195 -0.67568 0
    outer loop
      vertex 0.967911 -40.7856 18.5
      vertex 1.08578 -40.9142 14
      vertex 1.08578 -40.9142 18.5
    endloop
  endfacet
  facet normal -0.452621 -0.590341 0.668305
    outer loop
      vertex 2.53581 -38.6491 21.5
      vertex 1.35284 -41.1383 18.5
      vertex 2.63963 -38.7287 21.5
    endloop
  endfacet
  facet normal -0.460427 -0.722349 -0.515964
    outer loop
      vertex 1.35284 -31.1383 0
      vertex 1.5 -41.2321 14
      vertex 1.35284 -41.1383 14
    endloop
  endfacet
  facet normal -0.460427 -0.722349 -0.515964
    outer loop
      vertex 1.5 -41.2321 14
      vertex 1.35284 -31.1383 0
      vertex 1.5 -31.2321 0
    endloop
  endfacet
  facet normal -0.923563 0.382471 -0.0273247
    outer loop
      vertex 0.620621 -22.816 0
      vertex 0.687378 -22.5 2.16678
      vertex 0.687378 -22.6548 0
    endloop
  endfacet
  facet normal -0.923574 0.382446 -0.0273207
    outer loop
      vertex 0.687378 -22.5 2.16678
      vertex 0.620621 -22.816 0
      vertex 0.620621 -22.5 4.42349
    endloop
  endfacet
  facet normal -0.823622 -0.182784 0.536877
    outer loop
      vertex 2.02278 -37.7605 21.5
      vertex 0.568146 -40.0176 18.5
      vertex 2.05112 -37.8882 21.5
    endloop
  endfacet
  facet normal 0 0 1
    outer loop
      vertex 11.4 -23.5 21.5
      vertex 12 -22.9 21.5
      vertex 12 -22.5 21.5
    endloop
  endfacet
  facet normal 0 0 1
    outer loop
      vertex 12 -22.9 21.5
      vertex 11.4 -23.5 21.5
      vertex 11.9977 -22.9523 21.5
    endloop
  endfacet
  facet normal 0 0 1
    outer loop
      vertex 11.9977 -22.9523 21.5
      vertex 11.4 -23.5 21.5
      vertex 11.9909 -23.0042 21.5
    endloop
  endfacet
  facet normal 0 0 1
    outer loop
      vertex 11.9909 -23.0042 21.5
      vertex 11.4 -23.5 21.5
      vertex 11.9796 -23.0553 21.5
    endloop
  endfacet
  facet normal 0 0 1
    outer loop
      vertex 11.9796 -23.0553 21.5
      vertex 11.4 -23.5 21.5
      vertex 11.9638 -23.1052 21.5
    endloop
  endfacet
  facet normal 0 0 1
    outer loop
      vertex 11.9638 -23.1052 21.5
      vertex 11.4 -23.5 21.5
      vertex 11.9438 -23.1536 21.5
    endloop
  endfacet
  facet normal 0 0 1
    outer loop
      vertex 11.9438 -23.1536 21.5
      vertex 11.4 -23.5 21.5
      vertex 11.9196 -23.2 21.5
    endloop
  endfacet
  facet normal 0 0 1
    outer loop
      vertex 11.9196 -23.2 21.5
      vertex 11.4 -23.5 21.5
      vertex 11.8915 -23.2441 21.5
    endloop
  endfacet
  facet normal 0 0 1
    outer loop
      vertex 11.8915 -23.2441 21.5
      vertex 11.4 -23.5 21.5
      vertex 11.8596 -23.2857 21.5
    endloop
  endfacet
  facet normal 0 0 1
    outer loop
      vertex 11.8596 -23.2857 21.5
      vertex 11.4 -23.5 21.5
      vertex 11.8243 -23.3243 21.5
    endloop
  endfacet
  facet normal 0 0 1
    outer loop
      vertex 11.8243 -23.3243 21.5
      vertex 11.4 -23.5 21.5
      vertex 11.7857 -23.3596 21.5
    endloop
  endfacet
  facet normal 0 0 1
    outer loop
      vertex 11.7857 -23.3596 21.5
      vertex 11.4 -23.5 21.5
      vertex 11.7441 -23.3915 21.5
    endloop
  endfacet
  facet normal 0 0 1
    outer loop
      vertex 11.7441 -23.3915 21.5
      vertex 11.4 -23.5 21.5
      vertex 11.7 -23.4196 21.5
    endloop
  endfacet
  facet normal 0 0 1
    outer loop
      vertex 11.7 -23.4196 21.5
      vertex 11.4 -23.5 21.5
      vertex 11.6536 -23.4438 21.5
    endloop
  endfacet
  facet normal 0 0 1
    outer loop
      vertex 11.6536 -23.4438 21.5
      vertex 11.4 -23.5 21.5
      vertex 11.6052 -23.4638 21.5
    endloop
  endfacet
  facet normal 0 0 1
    outer loop
      vertex 11.6052 -23.4638 21.5
      vertex 11.4 -23.5 21.5
      vertex 11.5553 -23.4796 21.5
    endloop
  endfacet
  facet normal 0 0 1
    outer loop
      vertex 11.5553 -23.4796 21.5
      vertex 11.4 -23.5 21.5
      vertex 11.5042 -23.4909 21.5
    endloop
  endfacet
  facet normal 0 0 1
    outer loop
      vertex 11.5042 -23.4909 21.5
      vertex 11.4 -23.5 21.5
      vertex 11.4523 -23.4977 21.5
    endloop
  endfacet
  facet normal 0 0 1
    outer loop
      vertex 12 -22.5 21.5
      vertex 5.5 -23.5 21.5
      vertex 11.4 -23.5 21.5
    endloop
  endfacet
  facet normal 0 0 1
    outer loop
      vertex 2 -37.5 21.5
      vertex 5.5 -37.5 21.5
      vertex 5.5 -23.5 21.5
    endloop
  endfacet
  facet normal 0 -0 1
    outer loop
      vertex 4 -39 21.5
      vertex 5.5 -37.5 21.5
      vertex 2 -37.5 21.5
    endloop
  endfacet
  facet normal 0 0 1
    outer loop
      vertex 5.5 -37.5 21.5
      vertex 4 -39 21.5
      vertex 5.49429 -37.6307 21.5
    endloop
  endfacet
  facet normal 0 0 1
    outer loop
      vertex 5.49429 -37.6307 21.5
      vertex 4 -39 21.5
      vertex 5.47722 -37.7605 21.5
    endloop
  endfacet
  facet normal 0 0 1
    outer loop
      vertex 5.47722 -37.7605 21.5
      vertex 4 -39 21.5
      vertex 5.44888 -37.8882 21.5
    endloop
  endfacet
  facet normal 0 0 1
    outer loop
      vertex 5.44888 -37.8882 21.5
      vertex 4 -39 21.5
      vertex 5.40955 -38.013 21.5
    endloop
  endfacet
  facet normal 0 0 1
    outer loop
      vertex 5.40955 -38.013 21.5
      vertex 4 -39 21.5
      vertex 5.35947 -38.1339 21.5
    endloop
  endfacet
  facet normal 0 0 1
    outer loop
      vertex 5.35947 -38.1339 21.5
      vertex 4 -39 21.5
      vertex 5.29904 -38.25 21.5
    endloop
  endfacet
  facet normal 0 0 1
    outer loop
      vertex 5.29904 -38.25 21.5
      vertex 4 -39 21.5
      vertex 5.22873 -38.3604 21.5
    endloop
  endfacet
  facet normal 0 0 1
    outer loop
      vertex 5.22873 -38.3604 21.5
      vertex 4 -39 21.5
      vertex 5.14906 -38.4642 21.5
    endloop
  endfacet
  facet normal 0 0 1
    outer loop
      vertex 5.14906 -38.4642 21.5
      vertex 4 -39 21.5
      vertex 5.06065 -38.5607 21.5
    endloop
  endfacet
  facet normal 0 0 1
    outer loop
      vertex 5.06065 -38.5607 21.5
      vertex 4 -39 21.5
      vertex 4.96419 -38.6491 21.5
    endloop
  endfacet
  facet normal 0 0 1
    outer loop
      vertex 4.96419 -38.6491 21.5
      vertex 4 -39 21.5
      vertex 4.86037 -38.7287 21.5
    endloop
  endfacet
  facet normal 0 0 1
    outer loop
      vertex 4.86037 -38.7287 21.5
      vertex 4 -39 21.5
      vertex 4.75 -38.799 21.5
    endloop
  endfacet
  facet normal 0 0 1
    outer loop
      vertex 4.75 -38.799 21.5
      vertex 4 -39 21.5
      vertex 4.63393 -38.8595 21.5
    endloop
  endfacet
  facet normal 0 0 1
    outer loop
      vertex 4.63393 -38.8595 21.5
      vertex 4 -39 21.5
      vertex 4.51303 -38.9095 21.5
    endloop
  endfacet
  facet normal 0 0 1
    outer loop
      vertex 4.51303 -38.9095 21.5
      vertex 4 -39 21.5
      vertex 4.38823 -38.9489 21.5
    endloop
  endfacet
  facet normal 0 0 1
    outer loop
      vertex 4.38823 -38.9489 21.5
      vertex 4 -39 21.5
      vertex 4.26047 -38.9772 21.5
    endloop
  endfacet
  facet normal 0 0 1
    outer loop
      vertex 4.26047 -38.9772 21.5
      vertex 4 -39 21.5
      vertex 4.13074 -38.9943 21.5
    endloop
  endfacet
  facet normal 0 0 1
    outer loop
      vertex 4 -39 21.5
      vertex 2 -37.5 21.5
      vertex 3.5 -39 21.5
    endloop
  endfacet
  facet normal 0 0 1
    outer loop
      vertex 3.5 -39 21.5
      vertex 2 -37.5 21.5
      vertex 3.36926 -38.9943 21.5
    endloop
  endfacet
  facet normal 0 0 1
    outer loop
      vertex 3.36926 -38.9943 21.5
      vertex 2 -37.5 21.5
      vertex 3.23953 -38.9772 21.5
    endloop
  endfacet
  facet normal 0 0 1
    outer loop
      vertex 3.23953 -38.9772 21.5
      vertex 2 -37.5 21.5
      vertex 3.11177 -38.9489 21.5
    endloop
  endfacet
  facet normal 0 0 1
    outer loop
      vertex 3.11177 -38.9489 21.5
      vertex 2 -37.5 21.5
      vertex 2.98697 -38.9095 21.5
    endloop
  endfacet
  facet normal 0 0 1
    outer loop
      vertex 2.98697 -38.9095 21.5
      vertex 2 -37.5 21.5
      vertex 2.86607 -38.8595 21.5
    endloop
  endfacet
  facet normal 0 0 1
    outer loop
      vertex 2.86607 -38.8595 21.5
      vertex 2 -37.5 21.5
      vertex 2.75 -38.799 21.5
    endloop
  endfacet
  facet normal 0 0 1
    outer loop
      vertex 2.75 -38.799 21.5
      vertex 2 -37.5 21.5
      vertex 2.63963 -38.7287 21.5
    endloop
  endfacet
  facet normal 0 0 1
    outer loop
      vertex 2.63963 -38.7287 21.5
      vertex 2 -37.5 21.5
      vertex 2.53581 -38.6491 21.5
    endloop
  endfacet
  facet normal 0 0 1
    outer loop
      vertex 2.53581 -38.6491 21.5
      vertex 2 -37.5 21.5
      vertex 2.43935 -38.5607 21.5
    endloop
  endfacet
  facet normal 0 0 1
    outer loop
      vertex 2.43935 -38.5607 21.5
      vertex 2 -37.5 21.5
      vertex 2.35094 -38.4642 21.5
    endloop
  endfacet
  facet normal 0 0 1
    outer loop
      vertex 2.35094 -38.4642 21.5
      vertex 2 -37.5 21.5
      vertex 2.27127 -38.3604 21.5
    endloop
  endfacet
  facet normal 0 0 1
    outer loop
      vertex 2.27127 -38.3604 21.5
      vertex 2 -37.5 21.5
      vertex 2.20096 -38.25 21.5
    endloop
  endfacet
  facet normal 0 0 1
    outer loop
      vertex 2.20096 -38.25 21.5
      vertex 2 -37.5 21.5
      vertex 2.14053 -38.1339 21.5
    endloop
  endfacet
  facet normal 0 0 1
    outer loop
      vertex 2.14053 -38.1339 21.5
      vertex 2 -37.5 21.5
      vertex 2.09045 -38.013 21.5
    endloop
  endfacet
  facet normal 0 0 1
    outer loop
      vertex 2 -23.5 21.5
      vertex 5.5 -23.5 21.5
      vertex 2.04686 -23.131 21.5
    endloop
  endfacet
  facet normal -0 0 1
    outer loop
      vertex 2 -22.5 21.5
      vertex 5.5 -23.5 21.5
      vertex 12 -22.5 21.5
    endloop
  endfacet
  facet normal 0 0 1
    outer loop
      vertex 5.5 -23.5 21.5
      vertex 2 -22.5 21.5
      vertex 2.04686 -23.131 21.5
    endloop
  endfacet
  facet normal -0 0 1
    outer loop
      vertex 2 -22.9 21.5
      vertex 2.04686 -23.131 21.5
      vertex 2 -22.5 21.5
    endloop
  endfacet
  facet normal -0 -0 1
    outer loop
      vertex 2.02045 -23.0553 21.5
      vertex 2.04686 -23.131 21.5
      vertex 2 -22.9 21.5
    endloop
  endfacet
  facet normal 0 0 1
    outer loop
      vertex 2.04686 -23.131 21.5
      vertex 2.02045 -23.0553 21.5
      vertex 2.03619 -23.1052 21.5
    endloop
  endfacet
  facet normal 0 0 1
    outer loop
      vertex 2.02045 -23.0553 21.5
      vertex 2 -22.9 21.5
      vertex 2.00912 -23.0042 21.5
    endloop
  endfacet
  facet normal 0 0 1
    outer loop
      vertex 2.00912 -23.0042 21.5
      vertex 2 -22.9 21.5
      vertex 2.00229 -22.9523 21.5
    endloop
  endfacet
  facet normal 0 0 1
    outer loop
      vertex 2 -23.5 21.5
      vertex 2.04686 -23.131 21.5
      vertex 2.02278 -23.2395 21.5
    endloop
  endfacet
  facet normal 0 0 1
    outer loop
      vertex 2 -37.5 21.5
      vertex 5.5 -23.5 21.5
      vertex 2 -23.5 21.5
    endloop
  endfacet
  facet normal 0 0 1
    outer loop
      vertex 2 -23.5 21.5
      vertex 2.02278 -23.2395 21.5
      vertex 2.00571 -23.3693 21.5
    endloop
  endfacet
  facet normal 0 0 1
    outer loop
      vertex 2.09045 -38.013 21.5
      vertex 2 -37.5 21.5
      vertex 2.05112 -37.8882 21.5
    endloop
  endfacet
  facet normal 0 0 1
    outer loop
      vertex 2.05112 -37.8882 21.5
      vertex 2 -37.5 21.5
      vertex 2.02278 -37.7605 21.5
    endloop
  endfacet
  facet normal 0 0 1
    outer loop
      vertex 2.02278 -37.7605 21.5
      vertex 2 -37.5 21.5
      vertex 2.00571 -37.6307 21.5
    endloop
  endfacet
  facet normal -0.888514 0.0388397 0.457203
    outer loop
      vertex 0.757851 -22.5 19.0011
      vertex 0.5 -22.5 18.5
      vertex 2.00571 -23.3693 21.5
    endloop
  endfacet
  facet normal -0.872186 0.114867 0.475497
    outer loop
      vertex 2.00571 -23.3693 21.5
      vertex 1.00727 -22.5 19.4586
      vertex 0.757851 -22.5 19.0011
    endloop
  endfacet
  facet normal -0.872232 0.114707 0.475451
    outer loop
      vertex 1.00727 -22.5 19.4586
      vertex 2.00571 -23.3693 21.5
      vertex 2.02278 -23.2395 21.5
    endloop
  endfacet
  facet normal -0.215372 0.974145 -0.0682437
    outer loop
      vertex 1.98236 -21.5681 0
      vertex 2 -21.56 0.0599529
      vertex 2 -21.5642 0
    endloop
  endfacet
  facet normal -0.213161 0.974581 -0.0689533
    outer loop
      vertex 2 -21.56 0.0599529
      vertex 1.98236 -21.5681 0
      vertex 1.98236 -21.5636 0.0636027
    endloop
  endfacet
  facet normal -0.702828 -0.365822 0.610088
    outer loop
      vertex 2.14053 -38.1339 21.5
      vertex 0.767944 -40.5 18.5
      vertex 2.20096 -38.25 21.5
    endloop
  endfacet
  facet normal -0.45285 -0.590198 0.668276
    outer loop
      vertex 2.53581 -38.6491 21.5
      vertex 1.21443 -41.0321 18.5
      vertex 1.35284 -41.1383 18.5
    endloop
  endfacet
  facet normal -0.460516 0.885393 -0.0632835
    outer loop
      vertex 1.5 -21.7679 0
      vertex 1.65477 -21.6749 0.174886
      vertex 1.65477 -21.6874 0
    endloop
  endfacet
  facet normal -0.460759 0.885286 -0.0630119
    outer loop
      vertex 1.65477 -21.6749 0.174886
      vertex 1.5 -21.7679 0
      vertex 1.5 -21.7501 0.250081
    endloop
  endfacet
  facet normal 0.95371 -0.300728 0
    outer loop
      vertex 6.87938 -40.184 18.5
      vertex 6.93185 -40.0176 14
      vertex 6.93185 -40.0176 18.5
    endloop
  endfacet
  facet normal 0.95371 -0.300728 0
    outer loop
      vertex 6.93185 -40.0176 14
      vertex 6.87938 -40.184 18.5
      vertex 6.87938 -40.184 14
    endloop
  endfacet
  facet normal 0.887067 -0.461641 0
    outer loop
      vertex 6.73206 -40.5 18.5
      vertex 6.81262 -40.3452 14
      vertex 6.81262 -40.3452 18.5
    endloop
  endfacet
  facet normal 0.887067 -0.461641 0
    outer loop
      vertex 6.81262 -40.3452 14
      vertex 6.73206 -40.5 18.5
      vertex 6.73206 -40.5 14
    endloop
  endfacet
  facet normal 0.923902 -0.382629 0
    outer loop
      vertex 6.81262 -40.3452 18.5
      vertex 6.87938 -40.184 14
      vertex 6.87938 -40.184 18.5
    endloop
  endfacet
  facet normal 0.923902 -0.382629 0
    outer loop
      vertex 6.87938 -40.184 14
      vertex 6.81262 -40.3452 18.5
      vertex 6.81262 -40.3452 14
    endloop
  endfacet
  facet normal 0.341553 -0.655274 0.673763
    outer loop
      vertex 4.75 -38.799 21.5
      vertex 4.63393 -38.8595 21.5
      vertex 6 -41.2321 18.5
    endloop
  endfacet
  facet normal 0.461441 -0.887171 0
    outer loop
      vertex 5.84523 -41.3126 14
      vertex 6 -41.2321 18.5
      vertex 5.84523 -41.3126 18.5
    endloop
  endfacet
  facet normal 0.461441 -0.887171 0
    outer loop
      vertex 6 -41.2321 18.5
      vertex 5.84523 -41.3126 14
      vertex 6 -41.2321 14
    endloop
  endfacet
  facet normal 0.608741 -0.793369 0
    outer loop
      vertex 6.14716 -41.1383 14
      vertex 6.28557 -41.0321 18.5
      vertex 6.14716 -41.1383 18.5
    endloop
  endfacet
  facet normal 0.608741 -0.793369 0
    outer loop
      vertex 6.28557 -41.0321 18.5
      vertex 6.14716 -41.1383 14
      vertex 6.28557 -41.0321 14
    endloop
  endfacet
  facet normal -0.461441 -0.887171 0
    outer loop
      vertex 1.5 -41.2321 14
      vertex 1.65477 -41.3126 18.5
      vertex 1.5 -41.2321 18.5
    endloop
  endfacet
  facet normal -0.461441 -0.887171 -0
    outer loop
      vertex 1.65477 -41.3126 18.5
      vertex 1.5 -41.2321 14
      vertex 1.65477 -41.3126 14
    endloop
  endfacet
  facet normal -0.282665 -0.683484 0.673016
    outer loop
      vertex 2.86607 -38.8595 21.5
      vertex 1.65477 -41.3126 18.5
      vertex 2.98697 -38.9095 21.5
    endloop
  endfacet
  facet normal -0.397755 -0.624469 0.672183
    outer loop
      vertex 1.35284 -41.1383 18.5
      vertex 2.75 -38.799 21.5
      vertex 2.63963 -38.7287 21.5
    endloop
  endfacet
  facet normal -0.397958 -0.624344 0.672179
    outer loop
      vertex 2.75 -38.799 21.5
      vertex 1.35284 -41.1383 18.5
      vertex 1.5 -41.2321 18.5
    endloop
  endfacet
  facet normal 0.976277 -0.216524 0
    outer loop
      vertex 6.93185 -40.0176 18.5
      vertex 6.96962 -39.8473 14
      vertex 6.96962 -39.8473 18.5
    endloop
  endfacet
  facet normal 0.976277 -0.216524 0
    outer loop
      vertex 6.96962 -39.8473 14
      vertex 6.93185 -40.0176 18.5
      vertex 6.93185 -40.0176 14
    endloop
  endfacet
  facet normal 0.991449 -0.130493 0
    outer loop
      vertex 6.96962 -39.8473 18.5
      vertex 6.99239 -39.6743 14
      vertex 6.99239 -39.6743 18.5
    endloop
  endfacet
  facet normal 0.991449 -0.130493 0
    outer loop
      vertex 6.99239 -39.6743 14
      vertex 6.96962 -39.8473 18.5
      vertex 6.96962 -39.8473 14
    endloop
  endfacet
  facet normal 0.702864 -0.36578 0.610072
    outer loop
      vertex 6.81262 -40.3452 18.5
      vertex 5.35947 -38.1339 21.5
      vertex 6.73206 -40.5 18.5
    endloop
  endfacet
  facet normal 0.702828 -0.365822 0.610088
    outer loop
      vertex 5.35947 -38.1339 21.5
      vertex 5.29904 -38.25 21.5
      vertex 6.73206 -40.5 18.5
    endloop
  endfacet
  facet normal 0.282665 -0.683484 0.673016
    outer loop
      vertex 4.63393 -38.8595 21.5
      vertex 4.51303 -38.9095 21.5
      vertex 5.84523 -41.3126 18.5
    endloop
  endfacet
  facet normal 0.283152 -0.683252 0.673046
    outer loop
      vertex 5.84523 -41.3126 18.5
      vertex 4.51303 -38.9095 21.5
      vertex 5.68404 -41.3794 18.5
    endloop
  endfacet
  facet normal 0.452621 -0.590341 0.668305
    outer loop
      vertex 4.96419 -38.6491 21.5
      vertex 4.86037 -38.7287 21.5
      vertex 6.14716 -41.1383 18.5
    endloop
  endfacet
  facet normal 0.397755 -0.624469 0.672183
    outer loop
      vertex 4.75 -38.799 21.5
      vertex 6.14716 -41.1383 18.5
      vertex 4.86037 -38.7287 21.5
    endloop
  endfacet
  facet normal 0.397958 -0.624344 0.672179
    outer loop
      vertex 6.14716 -41.1383 18.5
      vertex 4.75 -38.799 21.5
      vertex 6 -41.2321 18.5
    endloop
  endfacet
  facet normal -0.341553 -0.655274 0.673763
    outer loop
      vertex 2.75 -38.799 21.5
      vertex 1.5 -41.2321 18.5
      vertex 2.86607 -38.8595 21.5
    endloop
  endfacet
  facet normal -0.340986 -0.655584 0.67375
    outer loop
      vertex 2.86607 -38.8595 21.5
      vertex 1.5 -41.2321 18.5
      vertex 1.65477 -41.3126 18.5
    endloop
  endfacet
  facet normal 0.45285 -0.590198 0.668276
    outer loop
      vertex 6.28557 -41.0321 18.5
      vertex 4.96419 -38.6491 21.5
      vertex 6.14716 -41.1383 18.5
    endloop
  endfacet
  facet normal 0.675634 -0.737237 0
    outer loop
      vertex 6.28557 -41.0321 14
      vertex 6.41422 -40.9142 18.5
      vertex 6.28557 -41.0321 18.5
    endloop
  endfacet
  facet normal 0.675634 -0.737237 0
    outer loop
      vertex 6.41422 -40.9142 18.5
      vertex 6.28557 -41.0321 14
      vertex 6.41422 -40.9142 14
    endloop
  endfacet
  facet normal 0.597811 -0.652319 -0.465942
    outer loop
      vertex 6.28557 -31.0321 0
      vertex 6.41422 -40.9142 14
      vertex 6.28557 -41.0321 14
    endloop
  endfacet
  facet normal 0.597811 -0.652319 -0.465942
    outer loop
      vertex 6.41422 -40.9142 14
      vertex 6.28557 -31.0321 0
      vertex 6.41422 -30.9142 0
    endloop
  endfacet
  facet normal 0.606665 -0.791137 0.0778517
    outer loop
      vertex 11.7441 -23.3915 21.5
      vertex 7.01073 -27.5132 16.5
      vertex 11.7857 -23.3596 21.5
    endloop
  endfacet
  facet normal 0.661595 -0.749808 -0.00893903
    outer loop
      vertex 11.7857 -23.3596 21.5
      vertex 7.01073 -27.5132 16.5
      vertex 7.01141 -27.5126 16.5
    endloop
  endfacet
  facet normal 0.347314 -0.937749 0
    outer loop
      vertex 7.00841 -27.5144 0
      vertex 7.00922 -27.5141 16.5
      vertex 7.00841 -27.5144 16.5
    endloop
  endfacet
  facet normal 0.347314 -0.937749 0
    outer loop
      vertex 7.00922 -27.5141 16.5
      vertex 7.00841 -27.5144 0
      vertex 7.00922 -27.5141 0
    endloop
  endfacet
  facet normal 0.999034 -0.0439346 0
    outer loop
      vertex 11.9977 -22.9523 21.5
      vertex 12 -22.9 0
      vertex 12 -22.9 21.5
    endloop
  endfacet
  facet normal 0.999034 -0.0439346 0
    outer loop
      vertex 12 -22.9 0
      vertex 11.9977 -22.9523 21.5
      vertex 11.9977 -22.9523 0
    endloop
  endfacet
  facet normal 0.793545 -0.608512 0
    outer loop
      vertex 11.8596 -23.2857 21.5
      vertex 11.8915 -23.2441 0
      vertex 11.8915 -23.2441 21.5
    endloop
  endfacet
  facet normal 0.793545 -0.608512 0
    outer loop
      vertex 11.8915 -23.2441 0
      vertex 11.8596 -23.2857 21.5
      vertex 11.8596 -23.2857 0
    endloop
  endfacet
  facet normal 0.656309 -0.754493 0
    outer loop
      vertex 11.7857 -23.3596 0
      vertex 7.01141 -27.5126 16.5
      vertex 7.01141 -27.5126 0
    endloop
  endfacet
  facet normal 0.656309 -0.754493 0
    outer loop
      vertex 7.01141 -27.5126 16.5
      vertex 11.7857 -23.3596 0
      vertex 11.7857 -23.3596 21.5
    endloop
  endfacet
  facet normal 0.270554 -0.85447 0.443488
    outer loop
      vertex 11.5553 -23.4796 21.5
      vertex 7.00841 -27.5144 16.5
      vertex 11.6052 -23.4638 21.5
    endloop
  endfacet
  facet normal 0.924203 -0.381902 0
    outer loop
      vertex 11.9438 -23.1536 21.5
      vertex 11.9638 -23.1052 0
      vertex 11.9638 -23.1052 21.5
    endloop
  endfacet
  facet normal 0.924203 -0.381902 0
    outer loop
      vertex 11.9638 -23.1052 0
      vertex 11.9438 -23.1536 21.5
      vertex 11.9438 -23.1536 0
    endloop
  endfacet
  facet normal 0.661622 -0.749838 0
    outer loop
      vertex 7.01073 -27.5132 0
      vertex 7.01141 -27.5126 16.5
      vertex 7.01073 -27.5132 16.5
    endloop
  endfacet
  facet normal 0.661622 -0.749838 0
    outer loop
      vertex 7.01141 -27.5126 16.5
      vertex 7.01073 -27.5132 0
      vertex 7.01141 -27.5126 0
    endloop
  endfacet
  facet normal -0.953698 -0.300765 0
    outer loop
      vertex 2.0342 -23.0989 21.4658
      vertex 2.02045 -23.0553 21.5
      vertex 2.02045 -23.0553 21.4209
    endloop
  endfacet
  facet normal -0.95356 -0.301204 -0
    outer loop
      vertex 2.03619 -23.1052 21.5
      vertex 2.0342 -23.0989 21.4658
      vertex 2.03619 -23.1052 21.4717
    endloop
  endfacet
  facet normal -0.953681 -0.30082 7.76768e-05
    outer loop
      vertex 2.0342 -23.0989 21.4658
      vertex 2.03619 -23.1052 21.5
      vertex 2.02045 -23.0553 21.5
    endloop
  endfacet
  facet normal 0.843346 -0.53737 0
    outer loop
      vertex 11.8915 -23.2441 21.5
      vertex 11.9196 -23.2 0
      vertex 11.9196 -23.2 21.5
    endloop
  endfacet
  facet normal 0.843346 -0.53737 0
    outer loop
      vertex 11.9196 -23.2 0
      vertex 11.8915 -23.2441 21.5
      vertex 11.8915 -23.2441 0
    endloop
  endfacet
  facet normal 0.737947 -0.674858 0
    outer loop
      vertex 11.8243 -23.3243 21.5
      vertex 11.8596 -23.2857 0
      vertex 11.8596 -23.2857 21.5
    endloop
  endfacet
  facet normal 0.737947 -0.674858 0
    outer loop
      vertex 11.8596 -23.2857 0
      vertex 11.8243 -23.3243 21.5
      vertex 11.8243 -23.3243 0
    endloop
  endfacet
  facet normal -0.998969 -0.0454077 0
    outer loop
      vertex 2.00005 -22.9011 21.3067
      vertex 2 -22.9 21.5
      vertex 2 -22.9 21.3059
    endloop
  endfacet
  facet normal -0.999031 -0.0440188 -7.91939e-06
    outer loop
      vertex 2.00068 -22.9154 21.3168
      vertex 2 -22.9 21.5
      vertex 2.00005 -22.9011 21.3067
    endloop
  endfacet
  facet normal -0.999062 -0.0433061 -6.79523e-05
    outer loop
      vertex 2.00123 -22.9281 21.3242
      vertex 2 -22.9 21.5
      vertex 2.00068 -22.9154 21.3168
    endloop
  endfacet
  facet normal -0.999042 -0.0437572 4.29643e-06
    outer loop
      vertex 2.00229 -22.9523 21.3383
      vertex 2 -22.9 21.5
      vertex 2.00123 -22.9281 21.3242
    endloop
  endfacet
  facet normal -0.999043 -0.0437439 0
    outer loop
      vertex 2 -22.9 21.5
      vertex 2.00229 -22.9523 21.3383
      vertex 2.00229 -22.9523 21.5
    endloop
  endfacet
  facet normal 0 -1 0
    outer loop
      vertex 7.00499 -27.515 0
      vertex 7.00586 -27.515 16.5
      vertex 7.00499 -27.515 16.5
    endloop
  endfacet
  facet normal 0 -1 -0
    outer loop
      vertex 7.00586 -27.515 16.5
      vertex 7.00499 -27.515 0
      vertex 7.00586 -27.515 0
    endloop
  endfacet
  facet normal 0 -1 0
    outer loop
      vertex 7 -27.515 0
      vertex 7.00499 -27.515 16.5
      vertex 7 -27.515 16.5
    endloop
  endfacet
  facet normal 0 -1 -0
    outer loop
      vertex 7.00499 -27.515 16.5
      vertex 7 -27.515 0
      vertex 7.00499 -27.515 0
    endloop
  endfacet
  facet normal 0.443869 -0.851055 0.280511
    outer loop
      vertex 11.6536 -23.4438 21.5
      vertex 7.00999 -27.5137 16.5
      vertex 11.7 -23.4196 21.5
    endloop
  endfacet
  facet normal 0.886653 -0.462435 0
    outer loop
      vertex 11.9196 -23.2 21.5
      vertex 11.9438 -23.1536 0
      vertex 11.9438 -23.1536 21.5
    endloop
  endfacet
  facet normal 0.886653 -0.462435 0
    outer loop
      vertex 11.9438 -23.1536 0
      vertex 11.9196 -23.2 21.5
      vertex 11.9196 -23.2 0
    endloop
  endfacet
  facet normal 0 -0.779726 0.62612
    outer loop
      vertex 11.4 -23.5 21.5
      vertex 7.00499 -27.515 16.5
      vertex 7.00586 -27.515 16.5
    endloop
  endfacet
  facet normal 0.674858 -0.737947 0
    outer loop
      vertex 11.7857 -23.3596 0
      vertex 11.8243 -23.3243 21.5
      vertex 11.7857 -23.3596 21.5
    endloop
  endfacet
  facet normal 0.674858 -0.737947 0
    outer loop
      vertex 11.8243 -23.3243 21.5
      vertex 11.7857 -23.3596 0
      vertex 11.8243 -23.3243 0
    endloop
  endfacet
  facet normal 0.0349182 -0.794009 0.606902
    outer loop
      vertex 11.4 -23.5 21.5
      vertex 7.00586 -27.515 16.5
      vertex 11.4523 -23.4977 21.5
    endloop
  endfacet
  facet normal -0.97629 -0.216465 0
    outer loop
      vertex 2.02045 -23.0553 21.4209
      vertex 2.00912 -23.0042 21.5
      vertex 2.00912 -23.0042 21.3762
    endloop
  endfacet
  facet normal -0.97629 -0.216465 0
    outer loop
      vertex 2.00912 -23.0042 21.5
      vertex 2.02045 -23.0553 21.4209
      vertex 2.02045 -23.0553 21.5
    endloop
  endfacet
  facet normal 1 0 0
    outer loop
      vertex 12 -22.5 21.5
      vertex 12 -22.9 21.5
      vertex 12 -22.5 1
    endloop
  endfacet
  facet normal 1 0 0
    outer loop
      vertex 12 -22.5 1
      vertex 12 -22.9 0
      vertex 12 -21.5 0
    endloop
  endfacet
  facet normal 1 0 0
    outer loop
      vertex 12 -22.9 0
      vertex 12 -22.5 1
      vertex 12 -22.9 21.5
    endloop
  endfacet
  facet normal 0.528262 -0.829052 0.183333
    outer loop
      vertex 11.7 -23.4196 21.5
      vertex 7.00999 -27.5137 16.5
      vertex 11.7441 -23.3915 21.5
    endloop
  endfacet
  facet normal 0.953351 -0.301863 0
    outer loop
      vertex 11.9638 -23.1052 21.5
      vertex 11.9796 -23.0553 0
      vertex 11.9796 -23.0553 21.5
    endloop
  endfacet
  facet normal 0.953351 -0.301863 0
    outer loop
      vertex 11.9796 -23.0553 0
      vertex 11.9638 -23.1052 21.5
      vertex 11.9638 -23.1052 0
    endloop
  endfacet
  facet normal 0.559857 -0.828589 0
    outer loop
      vertex 7.00999 -27.5137 0
      vertex 7.01073 -27.5132 16.5
      vertex 7.00999 -27.5137 16.5
    endloop
  endfacet
  facet normal 0.559857 -0.828589 0
    outer loop
      vertex 7.01073 -27.5132 16.5
      vertex 7.00999 -27.5137 0
      vertex 7.01073 -27.5132 0
    endloop
  endfacet
  facet normal 0.229039 -0.973417 0
    outer loop
      vertex 7.00673 -27.5148 0
      vertex 7.00758 -27.5146 16.5
      vertex 7.00673 -27.5148 16.5
    endloop
  endfacet
  facet normal 0.229039 -0.973417 0
    outer loop
      vertex 7.00758 -27.5146 16.5
      vertex 7.00673 -27.5148 0
      vertex 7.00758 -27.5146 0
    endloop
  endfacet
  facet normal 0 -0.779726 0.62612
    outer loop
      vertex 7 -25.909 18.5
      vertex 11.4 -23.5 21.5
      vertex 5.5 -23.5 21.5
    endloop
  endfacet
  facet normal 0 -0.779726 0.62612
    outer loop
      vertex 7.00499 -27.515 16.5
      vertex 7 -25.909 18.5
      vertex 7 -27.515 16.5
    endloop
  endfacet
  facet normal -6.28509e-16 -0.779726 0.62612
    outer loop
      vertex 7 -25.909 18.5
      vertex 7.00499 -27.515 16.5
      vertex 11.4 -23.5 21.5
    endloop
  endfacet
  facet normal 0.107371 -0.819491 0.562945
    outer loop
      vertex 11.4523 -23.4977 21.5
      vertex 7.00586 -27.515 16.5
      vertex 11.5042 -23.4909 21.5
    endloop
  endfacet
  facet normal 0.234259 -0.972174 0
    outer loop
      vertex 7.00758 -27.5146 0
      vertex 7.00841 -27.5144 16.5
      vertex 7.00758 -27.5146 16.5
    endloop
  endfacet
  facet normal 0.234259 -0.972174 0
    outer loop
      vertex 7.00841 -27.5144 16.5
      vertex 7.00758 -27.5146 0
      vertex 7.00841 -27.5144 0
    endloop
  endfacet
  facet normal 0.20339 -0.844066 0.49617
    outer loop
      vertex 11.5553 -23.4796 21.5
      vertex 7.00758 -27.5146 16.5
      vertex 7.00841 -27.5144 16.5
    endloop
  endfacet
  facet normal -0.991452 -0.130474 0
    outer loop
      vertex 2.00912 -23.0042 21.3762
      vertex 2.00229 -22.9523 21.5
      vertex 2.00229 -22.9523 21.3383
    endloop
  endfacet
  facet normal -0.991452 -0.130474 0
    outer loop
      vertex 2.00229 -22.9523 21.5
      vertex 2.00912 -23.0042 21.3762
      vertex 2.00912 -23.0042 21.5
    endloop
  endfacet
  facet normal 0.46099 -0.887405 0
    outer loop
      vertex 7.00922 -27.5141 0
      vertex 7.00999 -27.5137 16.5
      vertex 7.00922 -27.5141 16.5
    endloop
  endfacet
  facet normal 0.46099 -0.887405 0
    outer loop
      vertex 7.00999 -27.5137 16.5
      vertex 7.00922 -27.5141 0
      vertex 7.00999 -27.5137 0
    endloop
  endfacet
  facet normal 0.991526 -0.129911 0
    outer loop
      vertex 11.9909 -23.0042 21.5
      vertex 11.9977 -22.9523 0
      vertex 11.9977 -22.9523 21.5
    endloop
  endfacet
  facet normal 0.991526 -0.129911 0
    outer loop
      vertex 11.9977 -22.9523 0
      vertex 11.9909 -23.0042 21.5
      vertex 11.9909 -23.0042 0
    endloop
  endfacet
  facet normal 0.198352 -0.842998 0.500011
    outer loop
      vertex 11.5042 -23.4909 21.5
      vertex 7.00673 -27.5148 16.5
      vertex 7.00758 -27.5146 16.5
    endloop
  endfacet
  facet normal 0.442248 -0.851327 0.282238
    outer loop
      vertex 11.6536 -23.4438 21.5
      vertex 7.00922 -27.5141 16.5
      vertex 7.00999 -27.5137 16.5
    endloop
  endfacet
  facet normal 0.976411 -0.215919 0
    outer loop
      vertex 11.9796 -23.0553 21.5
      vertex 11.9909 -23.0042 0
      vertex 11.9909 -23.0042 21.5
    endloop
  endfacet
  facet normal 0.976411 -0.215919 0
    outer loop
      vertex 11.9909 -23.0042 0
      vertex 11.9796 -23.0553 21.5
      vertex 11.9796 -23.0553 0
    endloop
  endfacet
  facet normal -1 0 0
    outer loop
      vertex 2 -22.5747 21.0793
      vertex 2 -22.5 21.5
      vertex 2 -22.5 21.0152
    endloop
  endfacet
  facet normal -1 0 0
    outer loop
      vertex 2 -22.7262 21.1928
      vertex 2 -22.5 21.5
      vertex 2 -22.5747 21.0793
    endloop
  endfacet
  facet normal -1 0 0
    outer loop
      vertex 2 -22.7489 21.2099
      vertex 2 -22.5 21.5
      vertex 2 -22.7262 21.1928
    endloop
  endfacet
  facet normal -1 0 0
    outer loop
      vertex 2 -22.9 21.5
      vertex 2 -22.7489 21.2099
      vertex 2 -22.9 21.3059
    endloop
  endfacet
  facet normal -1 0 0
    outer loop
      vertex 2 -22.7489 21.2099
      vertex 2 -22.9 21.5
      vertex 2 -22.5 21.5
    endloop
  endfacet
  facet normal -1 0 0
    outer loop
      vertex 2 -21.5 0
      vertex 2 -21.5642 0
      vertex 2 -21.56 0.0599529
    endloop
  endfacet
  facet normal -0.924091 -0.382173 -0
    outer loop
      vertex 2.03619 -23.1052 21.5
      vertex 2.03619 -23.1052 21.4717
      vertex 2.04686 -23.131 21.5
    endloop
  endfacet
  facet normal 0.185836 -0.840373 0.509155
    outer loop
      vertex 11.5042 -23.4909 21.5
      vertex 7.00758 -27.5146 16.5
      vertex 11.5553 -23.4796 21.5
    endloop
  endfacet
  facet normal 0.193567 -0.842017 0.503526
    outer loop
      vertex 11.5042 -23.4909 21.5
      vertex 7.00586 -27.515 16.5
      vertex 7.00673 -27.5148 16.5
    endloop
  endfacet
  facet normal 0.224041 -0.97458 0
    outer loop
      vertex 7.00586 -27.515 0
      vertex 7.00673 -27.5148 16.5
      vertex 7.00586 -27.515 16.5
    endloop
  endfacet
  facet normal 0.224041 -0.97458 0
    outer loop
      vertex 7.00673 -27.5148 16.5
      vertex 7.00586 -27.515 0
      vertex 7.00673 -27.5148 0
    endloop
  endfacet
  facet normal 0.553414 -0.819053 0.151275
    outer loop
      vertex 11.7441 -23.3915 21.5
      vertex 7.00999 -27.5137 16.5
      vertex 7.01073 -27.5132 16.5
    endloop
  endfacet
  facet normal 0.317812 -0.858091 0.40333
    outer loop
      vertex 11.6536 -23.4438 21.5
      vertex 7.00841 -27.5144 16.5
      vertex 7.00922 -27.5141 16.5
    endloop
  endfacet
  facet normal 0.354879 -0.858807 0.369476
    outer loop
      vertex 11.6052 -23.4638 21.5
      vertex 7.00841 -27.5144 16.5
      vertex 11.6536 -23.4438 21.5
    endloop
  endfacet
  facet normal 0 0.953743 0.300624
    outer loop
      vertex 7 -35.7588 12.1319
      vertex 0.5 -35.8637 12.4647
      vertex 7 -35.8637 12.4647
    endloop
  endfacet
  facet normal 0 0.953743 0.300624
    outer loop
      vertex 0.5 -35.8637 12.4647
      vertex 7 -35.7588 12.1319
      vertex 0.5 -35.7588 12.1319
    endloop
  endfacet
  facet normal 0 0.133412 -0.991061
    outer loop
      vertex 6.55228 -32.0521 19.3954
      vertex 0.949429 -32.0261 19.3989
      vertex 6.55057 -32.0261 19.3989
    endloop
  endfacet
  facet normal 0 0.133412 -0.991061
    outer loop
      vertex 0.949429 -32.0261 19.3989
      vertex 6.55228 -32.0521 19.3954
      vertex 0.947721 -32.0521 19.3954
    endloop
  endfacet
  facet normal 0 0.991427 0.130662
    outer loop
      vertex 7 -35.9392 12.8054
      vertex 0.5 -35.9848 13.1514
      vertex 7 -35.9848 13.1514
    endloop
  endfacet
  facet normal 0 0.991427 0.130662
    outer loop
      vertex 0.5 -35.9848 13.1514
      vertex 7 -35.9392 12.8054
      vertex 0.5 -35.9392 12.8054
    endloop
  endfacet
  facet normal 0 -0.843378 -0.53732
    outer loop
      vertex 0.5 -28.5359 15.5
      vertex 7 -28.7234 15.7943
      vertex 0.5 -28.7234 15.7943
    endloop
  endfacet
  facet normal 0 -0.843378 -0.53732
    outer loop
      vertex 7 -28.7234 15.7943
      vertex 0.5 -28.5359 15.5
      vertex 7 -28.5359 15.5
    endloop
  endfacet
  facet normal 0 0.793348 -0.608768
    outer loop
      vertex 7 -35.2766 15.7943
      vertex 0.5 -35.0642 16.0711
      vertex 7 -35.0642 16.0711
    endloop
  endfacet
  facet normal 0 0.793348 -0.608768
    outer loop
      vertex 0.5 -35.0642 16.0711
      vertex 7 -35.2766 15.7943
      vertex 0.5 -35.2766 15.7943
    endloop
  endfacet
  facet normal 0 0.0421082 -0.999113
    outer loop
      vertex 6.55057 -32.0261 19.3989
      vertex 0.95 -32 19.4
      vertex 6.55 -32 19.4
    endloop
  endfacet
  facet normal 0 0.0421082 -0.999113
    outer loop
      vertex 0.95 -32 19.4
      vertex 6.55057 -32.0261 19.3989
      vertex 0.949429 -32.0261 19.3989
    endloop
  endfacet
  facet normal -0 0.675777 0.737107
    outer loop
      vertex 0.5 -34.5712 10.4358
      vertex 7 -34.8284 10.6716
      vertex 7 -34.5712 10.4358
    endloop
  endfacet
  facet normal 0 0.675777 0.737107
    outer loop
      vertex 7 -34.8284 10.6716
      vertex 0.5 -34.5712 10.4358
      vertex 0.5 -34.8284 10.6716
    endloop
  endfacet
  facet normal 0 -0.750791 -0.66054
    outer loop
      vertex 0.5 -31.0727 18.5
      vertex 6.60358 -31.7702 19.2928
      vertex 0.896418 -31.7702 19.2928
    endloop
  endfacet
  facet normal 0 -0.750791 -0.66054
    outer loop
      vertex 0.5 -31.0727 18.5
      vertex 7 -31.0727 18.5
      vertex 6.60358 -31.7702 19.2928
    endloop
  endfacet
  facet normal 0 -0.750795 -0.660535
    outer loop
      vertex 0.5 -28.9358 16.0711
      vertex 7 -31.0727 18.5
      vertex 0.5 -31.0727 18.5
    endloop
  endfacet
  facet normal 0 -0.750795 -0.660535
    outer loop
      vertex 7 -31.0727 18.5
      vertex 0.5 -28.9358 16.0711
      vertex 7 -28.9358 16.0711
    endloop
  endfacet
  facet normal -0 0.461781 0.886994
    outer loop
      vertex 0.5 -33.6905 9.87477
      vertex 7 -34 10.0359
      vertex 7 -33.6905 9.87477
    endloop
  endfacet
  facet normal 0 0.461781 0.886994
    outer loop
      vertex 7 -34 10.0359
      vertex 0.5 -33.6905 9.87477
      vertex 0.5 -34 10.0359
    endloop
  endfacet
  facet normal 0 -0.214496 -0.976725
    outer loop
      vertex 0.947721 -31.9479 19.3954
      vertex 6.55511 -31.9224 19.3898
      vertex 6.55228 -31.9479 19.3954
    endloop
  endfacet
  facet normal -0 -0.214496 -0.976725
    outer loop
      vertex 6.55511 -31.9224 19.3898
      vertex 0.947721 -31.9479 19.3954
      vertex 0.944889 -31.9224 19.3898
    endloop
  endfacet
  facet normal -0 0.130521 0.991446
    outer loop
      vertex 0.5 -32.3486 9.51522
      vertex 7 -32.6946 9.56077
      vertex 7 -32.3486 9.51522
    endloop
  endfacet
  facet normal 0 0.130521 0.991446
    outer loop
      vertex 7 -32.6946 9.56077
      vertex 0.5 -32.3486 9.51522
      vertex 0.5 -32.6946 9.56077
    endloop
  endfacet
  facet normal 0 0.793454 0.60863
    outer loop
      vertex 7 -35.0642 10.9288
      vertex 0.5 -35.2766 11.2057
      vertex 7 -35.2766 11.2057
    endloop
  endfacet
  facet normal 0 0.793454 0.60863
    outer loop
      vertex 0.5 -35.2766 11.2057
      vertex 7 -35.0642 10.9288
      vertex 0.5 -35.0642 10.9288
    endloop
  endfacet
  facet normal 0 -0.736996 -0.675898
    outer loop
      vertex 0.896418 -31.7702 19.2928
      vertex 6.59393 -31.7879 19.3121
      vertex 0.906066 -31.7879 19.3121
    endloop
  endfacet
  facet normal 0 -0.736996 -0.675898
    outer loop
      vertex 6.59393 -31.7879 19.3121
      vertex 0.896418 -31.7702 19.2928
      vertex 6.60358 -31.7702 19.2928
    endloop
  endfacet
  facet normal 0 0.737107 0.675777
    outer loop
      vertex 7 -34.8284 10.6716
      vertex 0.5 -35.0642 10.9288
      vertex 7 -35.0642 10.9288
    endloop
  endfacet
  facet normal 0 0.737107 0.675777
    outer loop
      vertex 0.5 -35.0642 10.9288
      vertex 7 -34.8284 10.6716
      vertex 0.5 -34.8284 10.6716
    endloop
  endfacet
  facet normal 0 -0.53732 0.843378
    outer loop
      vertex 0.5 -29.7057 10.2234
      vertex 7 -30 10.0359
      vertex 7 -29.7057 10.2234
    endloop
  endfacet
  facet normal 0 -0.53732 0.843378
    outer loop
      vertex 7 -30 10.0359
      vertex 0.5 -29.7057 10.2234
      vertex 0.5 -30 10.0359
    endloop
  endfacet
  facet normal 0 -0.991427 -0.130662
    outer loop
      vertex 0.5 -28.0152 13.8486
      vertex 7 -28.0608 14.1946
      vertex 0.5 -28.0608 14.1946
    endloop
  endfacet
  facet normal 0 -0.991427 -0.130662
    outer loop
      vertex 7 -28.0608 14.1946
      vertex 0.5 -28.0152 13.8486
      vertex 7 -28.0152 13.8486
    endloop
  endfacet
  facet normal 0 -0.675777 0.737107
    outer loop
      vertex 0.5 -29.1716 10.6716
      vertex 7 -29.4288 10.4358
      vertex 7 -29.1716 10.6716
    endloop
  endfacet
  facet normal 0 -0.675777 0.737107
    outer loop
      vertex 7 -29.4288 10.4358
      vertex 0.5 -29.1716 10.6716
      vertex 0.5 -29.4288 10.4358
    endloop
  endfacet
  facet normal -0 0.216436 0.976297
    outer loop
      vertex 0.5 -32.6946 9.56077
      vertex 7 -33.0353 9.6363
      vertex 7 -32.6946 9.56077
    endloop
  endfacet
  facet normal 0 0.216436 0.976297
    outer loop
      vertex 7 -33.0353 9.6363
      vertex 0.5 -32.6946 9.56077
      vertex 0.5 -33.0353 9.6363
    endloop
  endfacet
  facet normal 0 -0.0421082 -0.999113
    outer loop
      vertex 0.95 -32 19.4
      vertex 6.55057 -31.9739 19.3989
      vertex 6.55 -32 19.4
    endloop
  endfacet
  facet normal -0 -0.0421082 -0.999113
    outer loop
      vertex 6.55057 -31.9739 19.3989
      vertex 0.95 -32 19.4
      vertex 0.949429 -31.9739 19.3989
    endloop
  endfacet
  facet normal 0 -0.991427 0.130662
    outer loop
      vertex 0.5 -28.0608 12.8054
      vertex 7 -28.0152 13.1514
      vertex 0.5 -28.0152 13.1514
    endloop
  endfacet
  facet normal 0 -0.991427 0.130662
    outer loop
      vertex 7 -28.0152 13.1514
      vertex 0.5 -28.0608 12.8054
      vertex 7 -28.0608 12.8054
    endloop
  endfacet
  facet normal 0 -0.216436 0.976297
    outer loop
      vertex 0.5 -30.9647 9.6363
      vertex 7 -31.3054 9.56077
      vertex 7 -30.9647 9.6363
    endloop
  endfacet
  facet normal 0 -0.216436 0.976297
    outer loop
      vertex 7 -31.3054 9.56077
      vertex 0.5 -30.9647 9.6363
      vertex 0.5 -31.3054 9.56077
    endloop
  endfacet
  facet normal 0 0.923821 -0.382824
    outer loop
      vertex 7 -35.7588 14.8681
      vertex 0.5 -35.6252 15.1905
      vertex 7 -35.6252 15.1905
    endloop
  endfacet
  facet normal 0 0.923821 -0.382824
    outer loop
      vertex 0.5 -35.6252 15.1905
      vertex 7 -35.7588 14.8681
      vertex 0.5 -35.7588 14.8681
    endloop
  endfacet
  facet normal -0 0.60863 0.793454
    outer loop
      vertex 0.5 -34.2943 10.2234
      vertex 7 -34.5712 10.4358
      vertex 7 -34.2943 10.2234
    endloop
  endfacet
  facet normal 0 0.60863 0.793454
    outer loop
      vertex 7 -34.5712 10.4358
      vertex 0.5 -34.2943 10.2234
      vertex 0.5 -34.5712 10.4358
    endloop
  endfacet
  facet normal -0 0.53732 0.843378
    outer loop
      vertex 0.5 -34 10.0359
      vertex 7 -34.2943 10.2234
      vertex 7 -34 10.0359
    endloop
  endfacet
  facet normal 0 0.53732 0.843378
    outer loop
      vertex 7 -34.2943 10.2234
      vertex 0.5 -34 10.0359
      vertex 0.5 -34.2943 10.2234
    endloop
  endfacet
  facet normal 0 0.381902 -0.924203
    outer loop
      vertex 6.56405 -32.1268 19.3719
      vertex 0.940954 -32.1026 19.3819
      vertex 6.55905 -32.1026 19.3819
    endloop
  endfacet
  facet normal 0 0.381902 -0.924203
    outer loop
      vertex 0.940954 -32.1026 19.3819
      vertex 6.56405 -32.1268 19.3719
      vertex 0.935946 -32.1268 19.3719
    endloop
  endfacet
  facet normal 0 -0.793348 -0.608768
    outer loop
      vertex 0.5 -28.7234 15.7943
      vertex 7 -28.9358 16.0711
      vertex 0.5 -28.9358 16.0711
    endloop
  endfacet
  facet normal 0 -0.793348 -0.608768
    outer loop
      vertex 7 -28.9358 16.0711
      vertex 0.5 -28.7234 15.7943
      vertex 7 -28.7234 15.7943
    endloop
  endfacet
  facet normal 0 -0.133412 -0.991061
    outer loop
      vertex 0.949429 -31.9739 19.3989
      vertex 6.55228 -31.9479 19.3954
      vertex 6.55057 -31.9739 19.3989
    endloop
  endfacet
  facet normal -0 -0.133412 -0.991061
    outer loop
      vertex 6.55228 -31.9479 19.3954
      vertex 0.949429 -31.9739 19.3989
      vertex 0.947721 -31.9479 19.3954
    endloop
  endfacet
  facet normal 0 -0.999051 -0.0435616
    outer loop
      vertex 0.5 -28 13.5
      vertex 7 -28.0152 13.8486
      vertex 0.5 -28.0152 13.8486
    endloop
  endfacet
  facet normal 0 -0.999051 -0.0435616
    outer loop
      vertex 7 -28.0152 13.8486
      vertex 0.5 -28 13.5
      vertex 7 -28 13.5
    endloop
  endfacet
  facet normal 0 -0.843378 0.53732
    outer loop
      vertex 0.5 -28.7234 11.2057
      vertex 7 -28.5359 11.5
      vertex 0.5 -28.5359 11.5
    endloop
  endfacet
  facet normal 0 -0.843378 0.53732
    outer loop
      vertex 7 -28.5359 11.5
      vertex 0.5 -28.7234 11.2057
      vertex 7 -28.7234 11.2057
    endloop
  endfacet
  facet normal 0 -0.953743 -0.300624
    outer loop
      vertex 0.5 -28.1363 14.5353
      vertex 7 -28.2412 14.8681
      vertex 0.5 -28.2412 14.8681
    endloop
  endfacet
  facet normal 0 -0.953743 -0.300624
    outer loop
      vertex 7 -28.2412 14.8681
      vertex 0.5 -28.1363 14.5353
      vertex 7 -28.1363 14.5353
    endloop
  endfacet
  facet normal 0 -0.130521 0.991446
    outer loop
      vertex 0.5 -31.3054 9.56077
      vertex 7 -31.6514 9.51522
      vertex 7 -31.3054 9.56077
    endloop
  endfacet
  facet normal 0 -0.130521 0.991446
    outer loop
      vertex 7 -31.6514 9.51522
      vertex 0.5 -31.3054 9.56077
      vertex 0.5 -31.6514 9.51522
    endloop
  endfacet
  facet normal 0 -0.381902 -0.924203
    outer loop
      vertex 0.940954 -31.8974 19.3819
      vertex 6.56405 -31.8732 19.3719
      vertex 6.55905 -31.8974 19.3819
    endloop
  endfacet
  facet normal -0 -0.381902 -0.924203
    outer loop
      vertex 6.56405 -31.8732 19.3719
      vertex 0.940954 -31.8974 19.3819
      vertex 0.935946 -31.8732 19.3719
    endloop
  endfacet
  facet normal 0 -0.923821 -0.382824
    outer loop
      vertex 0.5 -28.2412 14.8681
      vertex 7 -28.3748 15.1905
      vertex 0.5 -28.3748 15.1905
    endloop
  endfacet
  facet normal 0 -0.923821 -0.382824
    outer loop
      vertex 7 -28.3748 15.1905
      vertex 0.5 -28.2412 14.8681
      vertex 7 -28.2412 14.8681
    endloop
  endfacet
  facet normal 0 -0.609155 -0.793051
    outer loop
      vertex 0.922873 -31.8279 19.3457
      vertex 6.58509 -31.8072 19.3298
      vertex 6.57713 -31.8279 19.3457
    endloop
  endfacet
  facet normal -0 -0.609155 -0.793051
    outer loop
      vertex 6.58509 -31.8072 19.3298
      vertex 0.922873 -31.8279 19.3457
      vertex 0.914907 -31.8072 19.3298
    endloop
  endfacet
  facet normal 0 -0.887029 0.461714
    outer loop
      vertex 0.5 -28.5359 11.5
      vertex 7 -28.3748 11.8095
      vertex 0.5 -28.3748 11.8095
    endloop
  endfacet
  facet normal 0 -0.887029 0.461714
    outer loop
      vertex 7 -28.3748 11.8095
      vertex 0.5 -28.5359 11.5
      vertex 7 -28.5359 11.5
    endloop
  endfacet
  facet normal -0 0.0436188 0.999048
    outer loop
      vertex 0.5 -32 9.5
      vertex 7 -32.3486 9.51522
      vertex 7 -32 9.5
    endloop
  endfacet
  facet normal 0 0.0436188 0.999048
    outer loop
      vertex 7 -32.3486 9.51522
      vertex 0.5 -32 9.5
      vertex 0.5 -32.3486 9.51522
    endloop
  endfacet
  facet normal 0 -0.301314 -0.953525
    outer loop
      vertex 0.944889 -31.9224 19.3898
      vertex 6.55905 -31.8974 19.3819
      vertex 6.55511 -31.9224 19.3898
    endloop
  endfacet
  facet normal -0 -0.301314 -0.953525
    outer loop
      vertex 6.55905 -31.8974 19.3819
      vertex 0.944889 -31.9224 19.3898
      vertex 0.940954 -31.8974 19.3819
    endloop
  endfacet
  facet normal 0 -0.300702 0.953718
    outer loop
      vertex 0.5 -30.6319 9.74123
      vertex 7 -30.9647 9.6363
      vertex 7 -30.6319 9.74123
    endloop
  endfacet
  facet normal 0 -0.300702 0.953718
    outer loop
      vertex 7 -30.9647 9.6363
      vertex 0.5 -30.6319 9.74123
      vertex 0.5 -30.9647 9.6363
    endloop
  endfacet
  facet normal 0 -0.953743 0.300624
    outer loop
      vertex 0.5 -28.2412 12.1319
      vertex 7 -28.1363 12.4647
      vertex 0.5 -28.1363 12.4647
    endloop
  endfacet
  facet normal 0 -0.953743 0.300624
    outer loop
      vertex 7 -28.1363 12.4647
      vertex 0.5 -28.2412 12.1319
      vertex 7 -28.2412 12.1319
    endloop
  endfacet
  facet normal 0 0.953743 -0.300624
    outer loop
      vertex 7 -35.8637 14.5353
      vertex 0.5 -35.7588 14.8681
      vertex 7 -35.7588 14.8681
    endloop
  endfacet
  facet normal 0 0.953743 -0.300624
    outer loop
      vertex 0.5 -35.7588 14.8681
      vertex 7 -35.8637 14.5353
      vertex 0.5 -35.8637 14.5353
    endloop
  endfacet
  facet normal 0 -0.60863 0.793454
    outer loop
      vertex 0.5 -29.4288 10.4358
      vertex 7 -29.7057 10.2234
      vertex 7 -29.4288 10.4358
    endloop
  endfacet
  facet normal 0 -0.60863 0.793454
    outer loop
      vertex 7 -29.7057 10.2234
      vertex 0.5 -29.4288 10.4358
      vertex 0.5 -29.7057 10.2234
    endloop
  endfacet
  facet normal 0 -0.999051 0.0435616
    outer loop
      vertex 0.5 -28.0152 13.1514
      vertex 7 -28 13.5
      vertex 0.5 -28 13.5
    endloop
  endfacet
  facet normal 0 -0.999051 0.0435616
    outer loop
      vertex 7 -28 13.5
      vertex 0.5 -28.0152 13.1514
      vertex 7 -28.0152 13.1514
    endloop
  endfacet
  facet normal 0 -0.976315 -0.216354
    outer loop
      vertex 0.5 -28.0608 14.1946
      vertex 7 -28.1363 14.5353
      vertex 0.5 -28.1363 14.5353
    endloop
  endfacet
  facet normal 0 -0.976315 -0.216354
    outer loop
      vertex 7 -28.1363 14.5353
      vertex 0.5 -28.0608 14.1946
      vertex 7 -28.0608 14.1946
    endloop
  endfacet
  facet normal -0 0.300702 0.953718
    outer loop
      vertex 0.5 -33.0353 9.6363
      vertex 7 -33.3681 9.74123
      vertex 7 -33.0353 9.6363
    endloop
  endfacet
  facet normal 0 0.300702 0.953718
    outer loop
      vertex 7 -33.3681 9.74123
      vertex 0.5 -33.0353 9.6363
      vertex 0.5 -33.3681 9.74123
    endloop
  endfacet
  facet normal 0 -0.793454 0.60863
    outer loop
      vertex 0.5 -28.9358 10.9288
      vertex 7 -28.7234 11.2057
      vertex 0.5 -28.7234 11.2057
    endloop
  endfacet
  facet normal 0 -0.793454 0.60863
    outer loop
      vertex 7 -28.7234 11.2057
      vertex 0.5 -28.9358 10.9288
      vertex 7 -28.9358 10.9288
    endloop
  endfacet
  facet normal 0 0.301314 -0.953525
    outer loop
      vertex 6.55905 -32.1026 19.3819
      vertex 0.944889 -32.0776 19.3898
      vertex 6.55511 -32.0776 19.3898
    endloop
  endfacet
  facet normal 0 0.301314 -0.953525
    outer loop
      vertex 0.944889 -32.0776 19.3898
      vertex 6.55905 -32.1026 19.3819
      vertex 0.940954 -32.1026 19.3819
    endloop
  endfacet
  facet normal 0 -0.923821 0.382824
    outer loop
      vertex 0.5 -28.3748 11.8095
      vertex 7 -28.2412 12.1319
      vertex 0.5 -28.2412 12.1319
    endloop
  endfacet
  facet normal 0 -0.923821 0.382824
    outer loop
      vertex 7 -28.2412 12.1319
      vertex 0.5 -28.3748 11.8095
      vertex 7 -28.3748 11.8095
    endloop
  endfacet
  facet normal 0 -0.737107 0.675777
    outer loop
      vertex 0.5 -29.1716 10.6716
      vertex 7 -28.9358 10.9288
      vertex 0.5 -28.9358 10.9288
    endloop
  endfacet
  facet normal 0 -0.737107 0.675777
    outer loop
      vertex 7 -28.9358 10.9288
      vertex 0.5 -29.1716 10.6716
      vertex 7 -29.1716 10.6716
    endloop
  endfacet
  facet normal 0 -0.675898 -0.736996
    outer loop
      vertex 0.914907 -31.8072 19.3298
      vertex 6.59393 -31.7879 19.3121
      vertex 6.58509 -31.8072 19.3298
    endloop
  endfacet
  facet normal -0 -0.675898 -0.736996
    outer loop
      vertex 6.59393 -31.7879 19.3121
      vertex 0.914907 -31.8072 19.3298
      vertex 0.906066 -31.7879 19.3121
    endloop
  endfacet
  facet normal 0 -0.382677 0.923882
    outer loop
      vertex 0.5 -30.3095 9.87477
      vertex 7 -30.6319 9.74123
      vertex 7 -30.3095 9.87477
    endloop
  endfacet
  facet normal 0 -0.382677 0.923882
    outer loop
      vertex 7 -30.6319 9.74123
      vertex 0.5 -30.3095 9.87477
      vertex 0.5 -30.6319 9.74123
    endloop
  endfacet
  facet normal 0 0.675898 -0.736996
    outer loop
      vertex 6.59393 -32.2121 19.3121
      vertex 0.914907 -32.1928 19.3298
      vertex 6.58509 -32.1928 19.3298
    endloop
  endfacet
  facet normal 0 0.675898 -0.736996
    outer loop
      vertex 0.914907 -32.1928 19.3298
      vertex 6.59393 -32.2121 19.3121
      vertex 0.906066 -32.2121 19.3121
    endloop
  endfacet
  facet normal 0 0.976315 -0.216354
    outer loop
      vertex 7 -35.9392 14.1946
      vertex 0.5 -35.8637 14.5353
      vertex 7 -35.8637 14.5353
    endloop
  endfacet
  facet normal 0 0.976315 -0.216354
    outer loop
      vertex 0.5 -35.8637 14.5353
      vertex 7 -35.9392 14.1946
      vertex 0.5 -35.9392 14.1946
    endloop
  endfacet
  facet normal 0 -0.0436188 0.999048
    outer loop
      vertex 0.5 -31.6514 9.51522
      vertex 7 -32 9.5
      vertex 7 -31.6514 9.51522
    endloop
  endfacet
  facet normal 0 -0.0436188 0.999048
    outer loop
      vertex 7 -32 9.5
      vertex 0.5 -31.6514 9.51522
      vertex 0.5 -32 9.5
    endloop
  endfacet
  facet normal 0 0.736996 -0.675898
    outer loop
      vertex 6.60358 -32.2298 19.2928
      vertex 0.906066 -32.2121 19.3121
      vertex 6.59393 -32.2121 19.3121
    endloop
  endfacet
  facet normal 0 0.736996 -0.675898
    outer loop
      vertex 0.906066 -32.2121 19.3121
      vertex 6.60358 -32.2298 19.2928
      vertex 0.896418 -32.2298 19.2928
    endloop
  endfacet
  facet normal 0 0.887029 -0.461714
    outer loop
      vertex 7 -35.6252 15.1905
      vertex 0.5 -35.4641 15.5
      vertex 7 -35.4641 15.5
    endloop
  endfacet
  facet normal 0 0.887029 -0.461714
    outer loop
      vertex 0.5 -35.4641 15.5
      vertex 7 -35.6252 15.1905
      vertex 0.5 -35.6252 15.1905
    endloop
  endfacet
  facet normal 0 0.843378 -0.53732
    outer loop
      vertex 7 -35.4641 15.5
      vertex 0.5 -35.2766 15.7943
      vertex 7 -35.2766 15.7943
    endloop
  endfacet
  facet normal 0 0.843378 -0.53732
    outer loop
      vertex 0.5 -35.2766 15.7943
      vertex 7 -35.4641 15.5
      vertex 0.5 -35.4641 15.5
    endloop
  endfacet
  facet normal 0 -0.887029 -0.461714
    outer loop
      vertex 0.5 -28.3748 15.1905
      vertex 7 -28.5359 15.5
      vertex 0.5 -28.5359 15.5
    endloop
  endfacet
  facet normal 0 -0.887029 -0.461714
    outer loop
      vertex 7 -28.5359 15.5
      vertex 0.5 -28.3748 15.1905
      vertex 7 -28.3748 15.1905
    endloop
  endfacet
  facet normal 0 0.976315 0.216354
    outer loop
      vertex 7 -35.8637 12.4647
      vertex 0.5 -35.9392 12.8054
      vertex 7 -35.9392 12.8054
    endloop
  endfacet
  facet normal 0 0.976315 0.216354
    outer loop
      vertex 0.5 -35.9392 12.8054
      vertex 7 -35.8637 12.4647
      vertex 0.5 -35.8637 12.4647
    endloop
  endfacet
  facet normal 0 0.991427 -0.130662
    outer loop
      vertex 7 -35.9848 13.8486
      vertex 0.5 -35.9392 14.1946
      vertex 7 -35.9392 14.1946
    endloop
  endfacet
  facet normal 0 0.991427 -0.130662
    outer loop
      vertex 0.5 -35.9392 14.1946
      vertex 7 -35.9848 13.8486
      vertex 0.5 -35.9848 13.8486
    endloop
  endfacet
  facet normal 0 0.999051 -0.0435616
    outer loop
      vertex 7 -36 13.5
      vertex 0.5 -35.9848 13.8486
      vertex 7 -35.9848 13.8486
    endloop
  endfacet
  facet normal 0 0.999051 -0.0435616
    outer loop
      vertex 0.5 -35.9848 13.8486
      vertex 7 -36 13.5
      vertex 0.5 -36 13.5
    endloop
  endfacet
  facet normal 0 0.923821 0.382824
    outer loop
      vertex 7 -35.6252 11.8095
      vertex 0.5 -35.7588 12.1319
      vertex 7 -35.7588 12.1319
    endloop
  endfacet
  facet normal 0 0.923821 0.382824
    outer loop
      vertex 0.5 -35.7588 12.1319
      vertex 7 -35.6252 11.8095
      vertex 0.5 -35.6252 11.8095
    endloop
  endfacet
  facet normal -0 0.382677 0.923882
    outer loop
      vertex 0.5 -33.3681 9.74123
      vertex 7 -33.6905 9.87477
      vertex 7 -33.3681 9.74123
    endloop
  endfacet
  facet normal 0 0.382677 0.923882
    outer loop
      vertex 7 -33.6905 9.87477
      vertex 0.5 -33.3681 9.74123
      vertex 0.5 -33.6905 9.87477
    endloop
  endfacet
  facet normal 0 0.609155 -0.793051
    outer loop
      vertex 6.58509 -32.1928 19.3298
      vertex 0.922873 -32.1721 19.3457
      vertex 6.57713 -32.1721 19.3457
    endloop
  endfacet
  facet normal 0 0.609155 -0.793051
    outer loop
      vertex 0.922873 -32.1721 19.3457
      vertex 6.58509 -32.1928 19.3298
      vertex 0.914907 -32.1928 19.3298
    endloop
  endfacet
  facet normal 0 -0.537862 -0.843033
    outer loop
      vertex 0.929904 -31.85 19.3598
      vertex 6.57713 -31.8279 19.3457
      vertex 6.5701 -31.85 19.3598
    endloop
  endfacet
  facet normal -0 -0.537862 -0.843033
    outer loop
      vertex 6.57713 -31.8279 19.3457
      vertex 0.929904 -31.85 19.3598
      vertex 0.922873 -31.8279 19.3457
    endloop
  endfacet
  facet normal 0 0.750791 -0.66054
    outer loop
      vertex 7 -32.9273 18.5
      vertex 0.896418 -32.2298 19.2928
      vertex 6.60358 -32.2298 19.2928
    endloop
  endfacet
  facet normal 0 0.750791 -0.66054
    outer loop
      vertex 7 -32.9273 18.5
      vertex 0.5 -32.9273 18.5
      vertex 0.896418 -32.2298 19.2928
    endloop
  endfacet
  facet normal 0 0.750795 -0.660535
    outer loop
      vertex 7 -35.0642 16.0711
      vertex 0.5 -32.9273 18.5
      vertex 7 -32.9273 18.5
    endloop
  endfacet
  facet normal 0 0.750795 -0.660535
    outer loop
      vertex 0.5 -32.9273 18.5
      vertex 7 -35.0642 16.0711
      vertex 0.5 -35.0642 16.0711
    endloop
  endfacet
  facet normal 0 -0.976315 0.216354
    outer loop
      vertex 0.5 -28.1363 12.4647
      vertex 7 -28.0608 12.8054
      vertex 0.5 -28.0608 12.8054
    endloop
  endfacet
  facet normal 0 -0.976315 0.216354
    outer loop
      vertex 7 -28.0608 12.8054
      vertex 0.5 -28.1363 12.4647
      vertex 7 -28.1363 12.4647
    endloop
  endfacet
  facet normal 0 0.462435 -0.886653
    outer loop
      vertex 6.5701 -32.15 19.3598
      vertex 0.935946 -32.1268 19.3719
      vertex 6.56405 -32.1268 19.3719
    endloop
  endfacet
  facet normal 0 0.462435 -0.886653
    outer loop
      vertex 0.935946 -32.1268 19.3719
      vertex 6.5701 -32.15 19.3598
      vertex 0.929904 -32.15 19.3598
    endloop
  endfacet
  facet normal 0 -0.461781 0.886994
    outer loop
      vertex 0.5 -30 10.0359
      vertex 7 -30.3095 9.87477
      vertex 7 -30 10.0359
    endloop
  endfacet
  facet normal 0 -0.461781 0.886994
    outer loop
      vertex 7 -30.3095 9.87477
      vertex 0.5 -30 10.0359
      vertex 0.5 -30.3095 9.87477
    endloop
  endfacet
  facet normal 0 0.214496 -0.976725
    outer loop
      vertex 6.55511 -32.0776 19.3898
      vertex 0.947721 -32.0521 19.3954
      vertex 6.55228 -32.0521 19.3954
    endloop
  endfacet
  facet normal 0 0.214496 -0.976725
    outer loop
      vertex 0.947721 -32.0521 19.3954
      vertex 6.55511 -32.0776 19.3898
      vertex 0.944889 -32.0776 19.3898
    endloop
  endfacet
  facet normal 0 -0.462435 -0.886653
    outer loop
      vertex 0.935946 -31.8732 19.3719
      vertex 6.5701 -31.85 19.3598
      vertex 6.56405 -31.8732 19.3719
    endloop
  endfacet
  facet normal -0 -0.462435 -0.886653
    outer loop
      vertex 6.5701 -31.85 19.3598
      vertex 0.935946 -31.8732 19.3719
      vertex 0.929904 -31.85 19.3598
    endloop
  endfacet
  facet normal 0 0.537862 -0.843033
    outer loop
      vertex 6.57713 -32.1721 19.3457
      vertex 0.929904 -32.15 19.3598
      vertex 6.5701 -32.15 19.3598
    endloop
  endfacet
  facet normal 0 0.537862 -0.843033
    outer loop
      vertex 0.929904 -32.15 19.3598
      vertex 6.57713 -32.1721 19.3457
      vertex 0.922873 -32.1721 19.3457
    endloop
  endfacet
  facet normal 0 0.843378 0.53732
    outer loop
      vertex 7 -35.2766 11.2057
      vertex 0.5 -35.4641 11.5
      vertex 7 -35.4641 11.5
    endloop
  endfacet
  facet normal 0 0.843378 0.53732
    outer loop
      vertex 0.5 -35.4641 11.5
      vertex 7 -35.2766 11.2057
      vertex 0.5 -35.2766 11.2057
    endloop
  endfacet
  facet normal 0 0.887029 0.461714
    outer loop
      vertex 7 -35.4641 11.5
      vertex 0.5 -35.6252 11.8095
      vertex 7 -35.6252 11.8095
    endloop
  endfacet
  facet normal 0 0.887029 0.461714
    outer loop
      vertex 0.5 -35.6252 11.8095
      vertex 7 -35.4641 11.5
      vertex 0.5 -35.4641 11.5
    endloop
  endfacet
  facet normal 0 0.999051 0.0435616
    outer loop
      vertex 7 -35.9848 13.1514
      vertex 0.5 -36 13.5
      vertex 7 -36 13.5
    endloop
  endfacet
  facet normal 0 0.999051 0.0435616
    outer loop
      vertex 0.5 -36 13.5
      vertex 7 -35.9848 13.1514
      vertex 0.5 -35.9848 13.1514
    endloop
  endfacet
endsolid OpenSCAD_Model
