solid OpenSCAD_Model
  facet normal 0.646775 0.76268 -0
    outer loop
      vertex 37.8373 33.3195 2.5
      vertex 37.5379 33.5734 12
      vertex 37.8373 33.3195 12
    endloop
  endfacet
  facet normal 0.646775 0.76268 0
    outer loop
      vertex 37.5379 33.5734 12
      vertex 37.8373 33.3195 2.5
      vertex 37.5379 33.5734 2.5
    endloop
  endfacet
  facet normal -0.718729 -0.69529 0
    outer loop
      vertex -37.8373 -33.3195 7.25
      vertex -38.1102 -33.0374 12
      vertex -38.1102 -33.0374 7.25
    endloop
  endfacet
  facet normal -0.718729 -0.69529 0
    outer loop
      vertex -38.1102 -33.0374 12
      vertex -37.8373 -33.3195 7.25
      vertex -37.8373 -33.3195 12
    endloop
  endfacet
  facet normal -0.952042 -0.305968 0
    outer loop
      vertex -47.6222 -16.609 2.5
      vertex -47.7423 -16.2353 12
      vertex -47.7423 -16.2353 2.5
    endloop
  endfacet
  facet normal -0.952042 -0.305968 0
    outer loop
      vertex -47.7423 -16.2353 12
      vertex -47.6222 -16.609 2.5
      vertex -47.6222 -16.609 12
    endloop
  endfacet
  facet normal 0.917543 -0.397636 0
    outer loop
      vertex 56.7875 -24.5449 12
      vertex 56.9436 -24.1847 2.5
      vertex 56.9436 -24.1847 12
    endloop
  endfacet
  facet normal 0.917543 -0.397636 0
    outer loop
      vertex 56.9436 -24.1847 2.5
      vertex 56.7875 -24.5449 12
      vertex 56.7875 -24.5449 2.5
    endloop
  endfacet
  facet normal 0.977447 -0.211182 0
    outer loop
      vertex 57.0637 -23.811 12
      vertex 57.1466 -23.4273 2.5
      vertex 57.1466 -23.4273 12
    endloop
  endfacet
  facet normal 0.977447 -0.211182 0
    outer loop
      vertex 57.1466 -23.4273 2.5
      vertex 57.0637 -23.811 12
      vertex 57.0637 -23.811 2.5
    endloop
  endfacet
  facet normal -0.702884 -0.0809218 -0.706686
    outer loop
      vertex -47.8252 -15.8516 2.5
      vertex -47.8701 -15.4616 2.5
      vertex -45.3754 -15.2981 0
    endloop
  endfacet
  facet normal 0.471341 -0.881951 0
    outer loop
      vertex 39.7691 -35.1389 7.25
      vertex 40 -35.0155 12
      vertex 39.7691 -35.1389 12
    endloop
  endfacet
  facet normal 0.471341 -0.881951 0
    outer loop
      vertex 40 -35.0155 12
      vertex 39.7691 -35.1389 7.25
      vertex 40 -35.0155 7.25
    endloop
  endfacet
  facet normal -0.211182 -0.977447 0
    outer loop
      vertex -36.1382 -34.2637 7.25
      vertex -35.7545 -34.3466 12
      vertex -36.1382 -34.2637 12
    endloop
  endfacet
  facet normal -0.211182 -0.977447 -0
    outer loop
      vertex -35.7545 -34.3466 12
      vertex -36.1382 -34.2637 7.25
      vertex -35.7545 -34.3466 7.25
    endloop
  endfacet
  facet normal 0.5 -0.866026 0
    outer loop
      vertex 44 -32.7061 7.25
      vertex 40 -35.0155 12
      vertex 40 -35.0155 7.25
    endloop
  endfacet
  facet normal 0.499999 -0.866026 -9.59586e-07
    outer loop
      vertex 40 -35.0155 12
      vertex 44 -32.7061 7.25
      vertex 55.2 -26.2398 12
    endloop
  endfacet
  facet normal 0.499999 -0.866026 0
    outer loop
      vertex 55.2 -26.2398 2.5
      vertex 44 -32.7061 7.25
      vertex 44 -32.7061 2.5
    endloop
  endfacet
  facet normal 0.499999 -0.866026 0
    outer loop
      vertex 44 -32.7061 7.25
      vertex 55.2 -26.2398 2.5
      vertex 55.2 -26.2398 12
    endloop
  endfacet
  facet normal -0.783224 -0.62174 0
    outer loop
      vertex -38.1102 -33.0374 7.25
      vertex -38.3543 -32.7299 12
      vertex -38.3543 -32.7299 7.25
    endloop
  endfacet
  facet normal -0.783224 -0.62174 0
    outer loop
      vertex -38.3543 -32.7299 12
      vertex -38.1102 -33.0374 7.25
      vertex -38.1102 -33.0374 12
    endloop
  endfacet
  facet normal 0.216481 0.673596 -0.706685
    outer loop
      vertex 36.5119 34.1436 2.5
      vertex 35.6313 31.8038 0
      vertex 36.1382 34.2637 2.5
    endloop
  endfacet
  facet normal -0.649172 -0.28141 -0.706671
    outer loop
      vertex -47.4661 -16.9691 2.5
      vertex -47.6222 -16.609 2.5
      vertex -45.2825 -15.7284 0
    endloop
  endfacet
  facet normal 0.0163036 -0.999867 0
    outer loop
      vertex 37.8691 -35.5493 7.25
      vertex 38.2616 -35.5429 12
      vertex 37.8691 -35.5493 12
    endloop
  endfacet
  facet normal 0.0163036 -0.999867 0
    outer loop
      vertex 38.2616 -35.5429 12
      vertex 37.8691 -35.5493 7.25
      vertex 38.2616 -35.5429 7.25
    endloop
  endfacet
  facet normal -0.568209 0.42159 -0.706682
    outer loop
      vertex -36.3501 31.2334 0
      vertex -38.1949 32.9376 2.5
      vertex -36.2624 31.3516 0
    endloop
  endfacet
  facet normal -0.302427 0.639639 -0.706682
    outer loop
      vertex -35.6769 31.7858 0
      vertex -36.9885 33.9277 2.5
      vertex -36.6336 34.0955 2.5
    endloop
  endfacet
  facet normal -0.485708 -0.874121 0
    outer loop
      vertex -37.2152 -33.7968 7.25
      vertex -36.872 -33.9875 12
      vertex -37.2152 -33.7968 12
    endloop
  endfacet
  facet normal -0.485708 -0.874121 -0
    outer loop
      vertex -36.872 -33.9875 12
      vertex -37.2152 -33.7968 7.25
      vertex -36.872 -33.9875 7.25
    endloop
  endfacet
  facet normal -0.0328569 -0.99946 0
    outer loop
      vertex -35.3645 -34.3914 7.25
      vertex -35.1029 -34.4 12
      vertex -35.3645 -34.3914 12
    endloop
  endfacet
  facet normal -0.0328569 -0.99946 -0
    outer loop
      vertex -35.1029 -34.4 12
      vertex -35.3645 -34.3914 7.25
      vertex -35.1029 -34.4 7.25
    endloop
  endfacet
  facet normal -0.0491626 0.998791 0
    outer loop
      vertex -35.1029 34.4 2.5
      vertex -35.495 34.3807 12
      vertex -35.1029 34.4 12
    endloop
  endfacet
  facet normal -0.0491626 0.998791 0
    outer loop
      vertex -35.495 34.3807 12
      vertex -35.1029 34.4 2.5
      vertex -35.495 34.3807 2.5
    endloop
  endfacet
  facet normal 0.695421 -0.718602 0
    outer loop
      vertex 55.8374 -25.7831 2.5
      vertex 56.1195 -25.5101 12
      vertex 55.8374 -25.7831 12
    endloop
  endfacet
  facet normal 0.695421 -0.718602 0
    outer loop
      vertex 56.1195 -25.5101 12
      vertex 55.8374 -25.7831 2.5
      vertex 56.1195 -25.5101 2.5
    endloop
  endfacet
  facet normal 0.993467 -0.114121 0
    outer loop
      vertex 57.1466 -23.4273 12
      vertex 57.1914 -23.0373 2.5
      vertex 57.1914 -23.0373 12
    endloop
  endfacet
  facet normal 0.993467 -0.114121 0
    outer loop
      vertex 57.1914 -23.0373 2.5
      vertex 57.1466 -23.4273 12
      vertex 57.1466 -23.4273 2.5
    endloop
  endfacet
  facet normal 0.305968 0.952042 -0
    outer loop
      vertex 36.5119 34.1436 2.5
      vertex 36.1382 34.2637 12
      vertex 36.5119 34.1436 12
    endloop
  endfacet
  facet normal 0.305968 0.952042 0
    outer loop
      vertex 36.1382 34.2637 12
      vertex 36.5119 34.1436 2.5
      vertex 36.1382 34.2637 2.5
    endloop
  endfacet
  facet normal 0.149418 0.691576 -0.70668
    outer loop
      vertex 36.1382 34.2637 2.5
      vertex 35.3472 31.88 0
      vertex 35.7545 34.3466 2.5
    endloop
  endfacet
  facet normal -0.0157575 -0.999876 0
    outer loop
      vertex 27.8445 -35.3914 8.22942
      vertex 32.5147 -35.465 9.11237
      vertex 27.8445 -35.3914 9.11237
    endloop
  endfacet
  facet normal -0.0157498 -0.999876 3.70535e-05
    outer loop
      vertex 32.5147 -35.465 7.25
      vertex 27.8445 -35.3914 8.22942
      vertex 27.3978 -35.3844 7.25
    endloop
  endfacet
  facet normal -0.0157575 -0.999876 0
    outer loop
      vertex 27.8445 -35.3914 8.22942
      vertex 32.5147 -35.465 7.25
      vertex 32.5147 -35.465 9.11237
    endloop
  endfacet
  facet normal -0.0157273 -0.999876 -0.000564075
    outer loop
      vertex 20.904 -35.2821 9.06171
      vertex 23.2672 -35.3193 9.11237
      vertex 20.6853 -35.2787 9.1326
    endloop
  endfacet
  facet normal -0.0157327 -0.999876 -0.000315316
    outer loop
      vertex 21.1092 -35.2853 8.97057
      vertex 23.2672 -35.3193 9.11237
      vertex 20.904 -35.2821 9.06171
    endloop
  endfacet
  facet normal -0.0157948 -0.999875 0.000630021
    outer loop
      vertex 21.301 -35.2884 8.85918
      vertex 23.2672 -35.3193 9.11237
      vertex 21.1092 -35.2853 8.97057
    endloop
  endfacet
  facet normal -0.0157119 -0.999877 -1.35175e-05
    outer loop
      vertex 21.4793 -35.2912 8.72752
      vertex 23.2672 -35.3193 9.11237
      vertex 21.301 -35.2884 8.85918
    endloop
  endfacet
  facet normal -0.0157244 -0.999876 4.43171e-05
    outer loop
      vertex 21.6442 -35.2938 8.57562
      vertex 23.2672 -35.3193 9.11237
      vertex 21.4793 -35.2912 8.72752
    endloop
  endfacet
  facet normal -0.0155926 -0.999878 -0.000354304
    outer loop
      vertex 21.7956 -35.2961 8.40347
      vertex 23.2672 -35.3193 9.11237
      vertex 21.6442 -35.2938 8.57562
    endloop
  endfacet
  facet normal -0.0158504 -0.999874 0.000181085
    outer loop
      vertex 21.9322 -35.2983 8.21263
      vertex 23.2672 -35.3193 9.11237
      vertex 21.7956 -35.2961 8.40347
    endloop
  endfacet
  facet normal -0.0157238 -0.999876 2.4266e-05
    outer loop
      vertex 23.2672 -35.3193 7.96037
      vertex 21.9322 -35.2983 8.21263
      vertex 22.0527 -35.3002 8.00467
    endloop
  endfacet
  facet normal -0.0157284 -0.999876 0
    outer loop
      vertex 21.9322 -35.2983 8.21263
      vertex 23.2672 -35.3193 7.96037
      vertex 23.2672 -35.3193 9.11237
    endloop
  endfacet
  facet normal -0.0157318 -0.999876 -0.000196243
    outer loop
      vertex 22.1572 -35.3018 7.77956
      vertex 23.2672 -35.3193 7.96037
      vertex 22.0527 -35.3002 8.00467
    endloop
  endfacet
  facet normal -0.0157668 -0.999876 1.84253e-05
    outer loop
      vertex 22.2457 -35.3032 7.53731
      vertex 23.2672 -35.3193 7.96037
      vertex 22.1572 -35.3018 7.77956
    endloop
  endfacet
  facet normal -0.0158457 -0.999874 0.000208985
    outer loop
      vertex 22.318 -35.3044 7.27794
      vertex 23.2672 -35.3193 7.96037
      vertex 22.2457 -35.3032 7.53731
    endloop
  endfacet
  facet normal -0.0159316 -0.999873 0.000328463
    outer loop
      vertex 22.3237 -35.3045 7.25
      vertex 23.2672 -35.3193 7.96037
      vertex 22.318 -35.3044 7.27794
    endloop
  endfacet
  facet normal -0.0157363 -0.999876 6.90373e-05
    outer loop
      vertex 23.2672 -35.3193 7.96037
      vertex 22.3237 -35.3045 7.25
      vertex 25.8692 -35.3603 7.25
    endloop
  endfacet
  facet normal -0.015756 -0.999876 -3.22356e-06
    outer loop
      vertex 23.2672 -35.3193 7.96037
      vertex 25.8692 -35.3603 7.25
      vertex 26.1927 -35.3654 7.96037
    endloop
  endfacet
  facet normal -0.0154828 -0.999877 0.0024161
    outer loop
      vertex 8 -35.0789 10.5
      vertex 19.6884 -35.263 9.21361
      vertex 19.9483 -35.267 9.22374
    endloop
  endfacet
  facet normal -0.0157851 -0.999875 -0.00033106
    outer loop
      vertex 8 -35.0789 10.5
      vertex 19.442 -35.2591 9.18323
      vertex 19.6884 -35.263 9.21361
    endloop
  endfacet
  facet normal -0.015797 -0.999875 -0.000434375
    outer loop
      vertex 8 -35.0789 10.5
      vertex 19.2092 -35.2554 9.1326
      vertex 19.442 -35.2591 9.18323
    endloop
  endfacet
  facet normal -0.0156797 -0.999877 0.000527662
    outer loop
      vertex 8 -35.0789 10.5
      vertex 18.99 -35.252 9.06171
      vertex 19.2092 -35.2554 9.1326
    endloop
  endfacet
  facet normal -0.0158153 -0.999875 -0.000508867
    outer loop
      vertex 8 -35.0789 10.5
      vertex 18.7843 -35.2487 8.97057
      vertex 18.99 -35.252 9.06171
    endloop
  endfacet
  facet normal -0.0157164 -0.999876 0.000189019
    outer loop
      vertex 8 -35.0789 10.5
      vertex 18.5921 -35.2457 8.85918
      vertex 18.7843 -35.2487 8.97057
    endloop
  endfacet
  facet normal -0.015735 -0.999876 6.86872e-05
    outer loop
      vertex 8 -35.0789 10.5
      vertex 18.4136 -35.2429 8.72752
      vertex 18.5921 -35.2457 8.85918
    endloop
  endfacet
  facet normal -0.0157481 -0.999876 -8.19411e-06
    outer loop
      vertex 8 -35.0789 10.5
      vertex 18.2486 -35.2403 8.57562
      vertex 18.4136 -35.2429 8.72752
    endloop
  endfacet
  facet normal -0.0157597 -0.999876 -7.02983e-05
    outer loop
      vertex 8 -35.0789 10.5
      vertex 18.0971 -35.2379 8.40347
      vertex 18.2486 -35.2403 8.57562
    endloop
  endfacet
  facet normal -0.0157915 -0.999875 -0.000223266
    outer loop
      vertex 8 -35.0789 10.5
      vertex 17.9605 -35.2357 8.21263
      vertex 18.0971 -35.2379 8.40347
    endloop
  endfacet
  facet normal -0.0157417 -0.999876 -6.33431e-06
    outer loop
      vertex 8 -35.0789 10.5
      vertex 17.8399 -35.2338 8.00467
      vertex 17.9605 -35.2357 8.21263
    endloop
  endfacet
  facet normal -0.0156947 -0.999877 0.000178993
    outer loop
      vertex 8 -35.0789 10.5
      vertex 17.7354 -35.2322 7.77956
      vertex 17.8399 -35.2338 8.00467
    endloop
  endfacet
  facet normal -0.0157531 -0.999876 -2.99476e-05
    outer loop
      vertex 8 -35.0789 10.5
      vertex 17.647 -35.2308 7.53731
      vertex 17.7354 -35.2322 7.77956
    endloop
  endfacet
  facet normal -0.0157439 -0.999876 0
    outer loop
      vertex 8 -35.0789 7.25
      vertex 17.647 -35.2308 7.53731
      vertex 8 -35.0789 10.5
    endloop
  endfacet
  facet normal -0.0157483 -0.999876 0.000149363
    outer loop
      vertex 17.647 -35.2308 7.53731
      vertex 8 -35.0789 7.25
      vertex 17.5747 -35.2297 7.27794
    endloop
  endfacet
  facet normal -0.0157468 -0.999876 -0.000366168
    outer loop
      vertex 17.5747 -35.2297 7.27794
      vertex 8 -35.0789 7.25
      vertex 17.569 -35.2296 7.25
    endloop
  endfacet
  facet normal -0.015748 -0.999876 1.95476e-05
    outer loop
      vertex 8 -35.0789 10.5
      vertex -35.1029 -34.4 12
      vertex -22 -34.6064 10.5
    endloop
  endfacet
  facet normal -0.0157503 -0.999876 0
    outer loop
      vertex -35.1029 -34.4 7.25
      vertex -22 -34.6064 10.5
      vertex -35.1029 -34.4 12
    endloop
  endfacet
  facet normal -0.0157503 -0.999876 -0
    outer loop
      vertex -22 -34.6064 10.5
      vertex -35.1029 -34.4 7.25
      vertex -22 -34.6064 7.25
    endloop
  endfacet
  facet normal -0.0157479 -0.999876 2.30912e-05
    outer loop
      vertex -35.1029 -34.4 12
      vertex 8 -35.0789 10.5
      vertex 37.8691 -35.5493 12
    endloop
  endfacet
  facet normal -0.0157449 -0.999876 -3.7513e-05
    outer loop
      vertex 19.9483 -35.267 9.22374
      vertex 37.8691 -35.5493 12
      vertex 8 -35.0789 10.5
    endloop
  endfacet
  facet normal -0.0158076 -0.999875 0.000367766
    outer loop
      vertex 20.2074 -35.2711 9.21361
      vertex 37.8691 -35.5493 12
      vertex 19.9483 -35.267 9.22374
    endloop
  endfacet
  facet normal -0.0157067 -0.999876 0.00132882
    outer loop
      vertex 23.2672 -35.3193 9.11237
      vertex 20.2074 -35.2711 9.21361
      vertex 20.4531 -35.275 9.18323
    endloop
  endfacet
  facet normal -0.0157151 -0.999876 0.000997383
    outer loop
      vertex 23.2672 -35.3193 9.11237
      vertex 20.4531 -35.275 9.18323
      vertex 20.6853 -35.2787 9.1326
    endloop
  endfacet
  facet normal -0.0157505 -0.999876 5.58208e-06
    outer loop
      vertex 20.2074 -35.2711 9.21361
      vertex 23.2672 -35.3193 9.11237
      vertex 37.8691 -35.5493 12
    endloop
  endfacet
  facet normal -0.0157497 -0.999876 1.3609e-06
    outer loop
      vertex 27.8445 -35.3914 9.11237
      vertex 37.8691 -35.5493 12
      vertex 23.2672 -35.3193 9.11237
    endloop
  endfacet
  facet normal -0.0157575 -0.999876 2.86176e-05
    outer loop
      vertex 32.5147 -35.465 9.11237
      vertex 37.8691 -35.5493 12
      vertex 27.8445 -35.3914 9.11237
    endloop
  endfacet
  facet normal -0.0157314 -0.999876 -1.99524e-05
    outer loop
      vertex 34.8664 -35.502 9.11237
      vertex 37.8691 -35.5493 12
      vertex 32.5147 -35.465 9.11237
    endloop
  endfacet
  facet normal -0.0157717 -0.999876 2.19979e-05
    outer loop
      vertex 35.139 -35.5063 9.10765
      vertex 37.8691 -35.5493 12
      vertex 34.8664 -35.502 9.11237
    endloop
  endfacet
  facet normal -0.0156642 -0.999877 -7.94896e-05
    outer loop
      vertex 35.3944 -35.5103 9.09349
      vertex 37.8691 -35.5493 12
      vertex 35.139 -35.5063 9.10765
    endloop
  endfacet
  facet normal -0.0159421 -0.999873 0.000157167
    outer loop
      vertex 35.6325 -35.5141 9.06989
      vertex 37.8691 -35.5493 12
      vertex 35.3944 -35.5103 9.09349
    endloop
  endfacet
  facet normal -0.0158314 -0.999875 7.26795e-05
    outer loop
      vertex 35.8534 -35.5176 9.03685
      vertex 37.8691 -35.5493 12
      vertex 35.6325 -35.5141 9.06989
    endloop
  endfacet
  facet normal -0.0157096 -0.999877 -1.02277e-05
    outer loop
      vertex 36.0571 -35.5208 8.99437
      vertex 37.8691 -35.5493 12
      vertex 35.8534 -35.5176 9.03685
    endloop
  endfacet
  facet normal -0.0155806 -0.999879 -8.80209e-05
    outer loop
      vertex 36.2435 -35.5237 8.94246
      vertex 37.8691 -35.5493 12
      vertex 36.0571 -35.5208 8.99437
    endloop
  endfacet
  facet normal -0.0159216 -0.999873 9.33282e-05
    outer loop
      vertex 36.4127 -35.5264 8.88109
      vertex 37.8691 -35.5493 12
      vertex 36.2435 -35.5237 8.94246
    endloop
  endfacet
  facet normal -0.0157758 -0.999876 2.52226e-05
    outer loop
      vertex 36.5647 -35.5288 8.81029
      vertex 37.8691 -35.5493 12
      vertex 36.4127 -35.5264 8.88109
    endloop
  endfacet
  facet normal -0.0156129 -0.999878 -4.13757e-05
    outer loop
      vertex 36.6994 -35.5309 8.73006
      vertex 37.8691 -35.5493 12
      vertex 36.5647 -35.5288 8.81029
    endloop
  endfacet
  facet normal -0.0158929 -0.999874 5.87866e-05
    outer loop
      vertex 36.8186 -35.5328 8.63942
      vertex 37.8691 -35.5493 12
      vertex 36.6994 -35.5309 8.73006
    endloop
  endfacet
  facet normal -0.0153343 -0.999882 -0.00011588
    outer loop
      vertex 36.9237 -35.5344 8.53743
      vertex 37.8691 -35.5493 12
      vertex 36.8186 -35.5328 8.63942
    endloop
  endfacet
  facet normal -0.0154655 -0.99988 -8.00458e-05
    outer loop
      vertex 37.0148 -35.5358 8.4241
      vertex 37.8691 -35.5493 12
      vertex 36.9237 -35.5344 8.53743
    endloop
  endfacet
  facet normal -0.0165639 -0.999863 0.000182437
    outer loop
      vertex 37.0919 -35.5371 8.29942
      vertex 37.8691 -35.5493 12
      vertex 37.0148 -35.5358 8.4241
    endloop
  endfacet
  facet normal -0.0154023 -0.999881 0.000217182
    outer loop
      vertex 37.8691 -35.5493 7.25
      vertex 37.0919 -35.5371 8.29942
      vertex 37.1549 -35.5381 8.16341
    endloop
  endfacet
  facet normal -0.0167375 -0.99986 -0.000827128
    outer loop
      vertex 37.8691 -35.5493 7.25
      vertex 37.1549 -35.5381 8.16341
      vertex 37.204 -35.5388 8.01602
    endloop
  endfacet
  facet normal -0.0153238 -0.999883 0.000400695
    outer loop
      vertex 37.8691 -35.5493 7.25
      vertex 37.204 -35.5388 8.01602
      vertex 37.239 -35.5394 7.8573
    endloop
  endfacet
  facet normal -0.0159024 -0.999874 -0.000199852
    outer loop
      vertex 37.8691 -35.5493 7.25
      vertex 37.239 -35.5394 7.8573
      vertex 37.26 -35.5397 7.68723
    endloop
  endfacet
  facet normal -0.015801 -0.999875 -5.85357e-05
    outer loop
      vertex 37.8691 -35.5493 7.25
      vertex 37.26 -35.5397 7.68723
      vertex 37.267 -35.5398 7.50581
    endloop
  endfacet
  facet normal -0.0156051 -0.999878 0.00040265
    outer loop
      vertex 37.8691 -35.5493 7.25
      vertex 37.267 -35.5398 7.50581
      vertex 37.2645 -35.5398 7.40892
    endloop
  endfacet
  facet normal -0.0156533 -0.999877 0.0002194
    outer loop
      vertex 37.8691 -35.5493 7.25
      vertex 37.2645 -35.5398 7.40892
      vertex 37.2568 -35.5397 7.31529
    endloop
  endfacet
  facet normal -0.0156954 -0.999877 0
    outer loop
      vertex 37.0919 -35.5371 8.29942
      vertex 37.8691 -35.5493 7.25
      vertex 37.8691 -35.5493 12
    endloop
  endfacet
  facet normal -0.0157638 -0.999875 -0.000817456
    outer loop
      vertex 37.8691 -35.5493 7.25
      vertex 37.2568 -35.5397 7.31529
      vertex 37.2475 -35.5395 7.25
    endloop
  endfacet
  facet normal -0.0156624 -0.999877 -7.28534e-05
    outer loop
      vertex 19.2797 -35.2565 7.78426
      vertex 19.9483 -35.267 8.15237
      vertex 19.8398 -35.2653 8.14662
    endloop
  endfacet
  facet normal -0.0158013 -0.999875 0.000141805
    outer loop
      vertex 19.2797 -35.2565 7.78426
      vertex 19.8398 -35.2653 8.14662
      vertex 19.7384 -35.2637 8.12936
    endloop
  endfacet
  facet normal -0.015795 -0.999875 0.000167993
    outer loop
      vertex 20.6154 -35.2776 7.78426
      vertex 19.9483 -35.267 8.15237
      vertex 19.2797 -35.2565 7.78426
    endloop
  endfacet
  facet normal -0.0140422 -0.999898 -0.00263135
    outer loop
      vertex 19.3383 -35.2574 7.87053
      vertex 19.7384 -35.2637 8.12936
      vertex 19.6441 -35.2623 8.1006
    endloop
  endfacet
  facet normal -0.016645 -0.999861 -0.00137277
    outer loop
      vertex 19.9483 -35.267 8.15237
      vertex 20.6154 -35.2776 7.78426
      vertex 20.0569 -35.2688 8.14662
    endloop
  endfacet
  facet normal -0.016103 -0.99987 0.000108322
    outer loop
      vertex 19.3383 -35.2574 7.87053
      vertex 19.6441 -35.2623 8.1006
      vertex 19.5569 -35.2609 8.06035
    endloop
  endfacet
  facet normal -0.0160479 -0.999871 0.000469727
    outer loop
      vertex 19.7384 -35.2637 8.12936
      vertex 19.3383 -35.2574 7.87053
      vertex 19.2797 -35.2565 7.78426
    endloop
  endfacet
  facet normal -0.0196485 -0.999793 0.00525689
    outer loop
      vertex 19.404 -35.2585 7.94531
      vertex 19.5569 -35.2609 8.06035
      vertex 19.4769 -35.2596 8.00858
    endloop
  endfacet
  facet normal -0.0136549 -0.999903 -0.00271148
    outer loop
      vertex 19.3383 -35.2574 7.87053
      vertex 19.5569 -35.2609 8.06035
      vertex 19.404 -35.2585 7.94531
    endloop
  endfacet
  facet normal -0.0158063 -0.999875 -7.97909e-05
    outer loop
      vertex 20.0569 -35.2688 8.14662
      vertex 20.6154 -35.2776 7.78426
      vertex 20.1582 -35.2704 8.12936
    endloop
  endfacet
  facet normal -0.0196047 -0.999795 -0.00511347
    outer loop
      vertex 20.3394 -35.2732 8.06035
      vertex 20.4918 -35.2756 7.94531
      vertex 20.4192 -35.2745 8.00858
    endloop
  endfacet
  facet normal -0.0166342 -0.999861 -0.00117693
    outer loop
      vertex 20.2524 -35.2718 8.1006
      vertex 20.5572 -35.2766 7.87053
      vertex 20.3394 -35.2732 8.06035
    endloop
  endfacet
  facet normal -0.0166345 -0.999861 -0.00117726
    outer loop
      vertex 20.3394 -35.2732 8.06035
      vertex 20.5572 -35.2766 7.87053
      vertex 20.4918 -35.2756 7.94531
    endloop
  endfacet
  facet normal -0.0142586 -0.999896 0.00197109
    outer loop
      vertex 20.5572 -35.2766 7.87053
      vertex 20.1582 -35.2704 8.12936
      vertex 20.6154 -35.2776 7.78426
    endloop
  endfacet
  facet normal -0.0142587 -0.999896 0.00197089
    outer loop
      vertex 20.1582 -35.2704 8.12936
      vertex 20.5572 -35.2766 7.87053
      vertex 20.2524 -35.2718 8.1006
    endloop
  endfacet
  facet normal -0.015795 -0.999875 0.000138492
    outer loop
      vertex 19.2282 -35.2557 7.68648
      vertex 20.6154 -35.2776 7.78426
      vertex 19.2797 -35.2565 7.78426
    endloop
  endfacet
  facet normal -0.0157806 -0.999875 -6.63328e-05
    outer loop
      vertex 19.2282 -35.2557 7.68648
      vertex 20.6665 -35.2784 7.68648
      vertex 20.6154 -35.2776 7.78426
    endloop
  endfacet
  facet normal -0.0157806 -0.999875 0.000133628
    outer loop
      vertex 19.1829 -35.255 7.57463
      vertex 20.6665 -35.2784 7.68648
      vertex 19.2282 -35.2557 7.68648
    endloop
  endfacet
  facet normal -0.0157662 -0.999876 -5.73191e-05
    outer loop
      vertex 19.1829 -35.255 7.57463
      vertex 20.7113 -35.2791 7.57463
      vertex 20.6665 -35.2784 7.68648
    endloop
  endfacet
  facet normal -0.0157662 -0.999876 0.000226894
    outer loop
      vertex 19.143 -35.2544 7.44618
      vertex 20.7113 -35.2791 7.57463
      vertex 19.1829 -35.255 7.57463
    endloop
  endfacet
  facet normal -0.0157329 -0.999876 -0.000179802
    outer loop
      vertex 19.143 -35.2544 7.44618
      vertex 20.7509 -35.2797 7.44618
      vertex 20.7113 -35.2791 7.57463
    endloop
  endfacet
  facet normal -0.0157329 -0.999876 -0.000382995
    outer loop
      vertex 19.1084 -35.2538 7.30109
      vertex 20.7509 -35.2797 7.44618
      vertex 19.143 -35.2544 7.44618
    endloop
  endfacet
  facet normal -0.0157423 -0.999876 -0.000275854
    outer loop
      vertex 19.1084 -35.2538 7.30109
      vertex 20.7852 -35.2802 7.30109
      vertex 20.7509 -35.2797 7.44618
    endloop
  endfacet
  facet normal -0.0157423 -0.999876 0.000908514
    outer loop
      vertex 19.0991 -35.2537 7.25
      vertex 20.7852 -35.2802 7.30109
      vertex 19.1084 -35.2538 7.30109
    endloop
  endfacet
  facet normal -0.0157484 -0.999875 0.00110912
    outer loop
      vertex 20.7852 -35.2802 7.30109
      vertex 19.0991 -35.2537 7.25
      vertex 20.7943 -35.2804 7.25
    endloop
  endfacet
  facet normal -0.0158051 -0.999875 0
    outer loop
      vertex 34.0812 -35.4896 7.25
      vertex 34.9479 -35.5033 8.04485
      vertex 34.0812 -35.4896 8.04485
    endloop
  endfacet
  facet normal -0.0157525 -0.999876 -5.74334e-05
    outer loop
      vertex 35.6871 -35.5149 7.25
      vertex 34.9479 -35.5033 8.04485
      vertex 34.0812 -35.4896 7.25
    endloop
  endfacet
  facet normal -0.0162613 -0.999868 -0.000530794
    outer loop
      vertex 34.9479 -35.5033 8.04485
      vertex 35.6871 -35.5149 7.25
      vertex 35.0279 -35.5046 8.04282
    endloop
  endfacet
  facet normal -0.0144511 -0.999895 0.000974685
    outer loop
      vertex 35.0279 -35.5046 8.04282
      vertex 35.6871 -35.5149 7.25
      vertex 35.1036 -35.5057 8.03673
    endloop
  endfacet
  facet normal -0.0161014 -0.99987 -0.000249599
    outer loop
      vertex 35.6982 -35.5151 7.33513
      vertex 35.1036 -35.5057 8.03673
      vertex 35.6871 -35.5149 7.25
    endloop
  endfacet
  facet normal -0.0169951 -0.999855 -0.00100717
    outer loop
      vertex 35.1036 -35.5057 8.03673
      vertex 35.6982 -35.5151 7.33513
      vertex 35.1748 -35.5069 8.02658
    endloop
  endfacet
  facet normal -0.0149716 -0.999888 0.000524934
    outer loop
      vertex 35.7006 -35.5151 7.40358
      vertex 35.1748 -35.5069 8.02658
      vertex 35.6982 -35.5151 7.33513
    endloop
  endfacet
  facet normal -0.0148316 -0.99989 0.000643073
    outer loop
      vertex 35.1748 -35.5069 8.02658
      vertex 35.7006 -35.5151 7.40358
      vertex 35.2416 -35.5079 8.01237
    endloop
  endfacet
  facet normal -0.0164591 -0.999864 -0.000584259
    outer loop
      vertex 35.6982 -35.5151 7.47119
      vertex 35.2416 -35.5079 8.01237
      vertex 35.7006 -35.5151 7.40358
    endloop
  endfacet
  facet normal -0.0161078 -0.99987 -0.000287788
    outer loop
      vertex 35.2416 -35.5079 8.01237
      vertex 35.6982 -35.5151 7.47119
      vertex 35.304 -35.5089 7.99411
    endloop
  endfacet
  facet normal -0.0160098 -0.999872 -0.000213884
    outer loop
      vertex 35.6911 -35.515 7.53516
      vertex 35.304 -35.5089 7.99411
      vertex 35.6982 -35.5151 7.47119
    endloop
  endfacet
  facet normal -0.0153996 -0.999881 0.00030087
    outer loop
      vertex 35.304 -35.5089 7.99411
      vertex 35.6911 -35.515 7.53516
      vertex 35.362 -35.5098 7.97179
    endloop
  endfacet
  facet normal -0.0174245 -0.999847 -0.00122573
    outer loop
      vertex 35.362 -35.5098 7.97179
      vertex 35.6911 -35.515 7.53516
      vertex 35.4155 -35.5107 7.9454
    endloop
  endfacet
  facet normal -0.0188843 -0.99982 -0.00154562
    outer loop
      vertex 35.5093 -35.5121 7.88045
      vertex 35.6911 -35.515 7.53516
      vertex 35.5495 -35.5128 7.8421
    endloop
  endfacet
  facet normal -0.0124146 -0.999922 0.00143977
    outer loop
      vertex 35.5495 -35.5128 7.8421
      vertex 35.6911 -35.515 7.53516
      vertex 35.5849 -35.5133 7.80009
    endloop
  endfacet
  facet normal -0.0145845 -0.999894 0.000450328
    outer loop
      vertex 35.6156 -35.5138 7.75443
      vertex 35.6911 -35.515 7.53516
      vertex 35.6415 -35.5142 7.70509
    endloop
  endfacet
  facet normal -0.00223596 -0.999993 0.00287918
    outer loop
      vertex 35.6628 -35.5146 7.65211
      vertex 35.6911 -35.515 7.53516
      vertex 35.6793 -35.5148 7.59546
    endloop
  endfacet
  facet normal -0.0257934 -0.999663 -0.00282248
    outer loop
      vertex 35.6415 -35.5142 7.70509
      vertex 35.6911 -35.515 7.53516
      vertex 35.6628 -35.5146 7.65211
    endloop
  endfacet
  facet normal -0.0166964 -0.999861 -0.000277041
    outer loop
      vertex 35.5849 -35.5133 7.80009
      vertex 35.6911 -35.515 7.53516
      vertex 35.6156 -35.5138 7.75443
    endloop
  endfacet
  facet normal -0.0154584 -0.99988 0.000258687
    outer loop
      vertex 35.4646 -35.5114 7.91496
      vertex 35.6911 -35.515 7.53516
      vertex 35.5093 -35.5121 7.88045
    endloop
  endfacet
  facet normal -0.0132949 -0.99991 0.00154918
    outer loop
      vertex 35.4155 -35.5107 7.9454
      vertex 35.6911 -35.515 7.53516
      vertex 35.4646 -35.5114 7.91496
    endloop
  endfacet
  facet normal -0.0390129 -0.999235 0.0027393
    outer loop
      vertex 35.6982 -35.5151 7.33513
      vertex 35.6871 -35.5149 7.25
      vertex 35.6911 -35.515 7.27049
    endloop
  endfacet
  facet normal 0 1 -0
    outer loop
      vertex 35.1029 34.4 2.5
      vertex -35.1029 34.4 12
      vertex 35.1029 34.4 12
    endloop
  endfacet
  facet normal 0 1 0
    outer loop
      vertex -35.1029 34.4 12
      vertex 35.1029 34.4 2.5
      vertex -35.1029 34.4 2.5
    endloop
  endfacet
  facet normal -0.866026 0.499999 0
    outer loop
      vertex -47.3427 17.2 2.5
      vertex -38.567 32.4 12
      vertex -38.567 32.4 2.5
    endloop
  endfacet
  facet normal -0.866026 0.499999 0
    outer loop
      vertex -38.567 32.4 12
      vertex -47.3427 17.2 2.5
      vertex -47.3427 17.2 12
    endloop
  endfacet
  facet normal 0.706919 -0.0230595 -0.706919
    outer loop
      vertex 57.2 -22.7757 2.5
      vertex 54.6968 -22.8738 0
      vertex 54.7 -22.7757 0
    endloop
  endfacet
  facet normal 0.909747 0.415163 0
    outer loop
      vertex 56.8955 -3.69354 12
      vertex 47.4661 16.9691 2.5
      vertex 47.4661 16.9691 12
    endloop
  endfacet
  facet normal 0.909747 0.415163 0
    outer loop
      vertex 47.4661 16.9691 2.5
      vertex 56.8955 -3.69354 12
      vertex 56.8955 -3.69354 2.5
    endloop
  endfacet
  facet normal -0.840458 -0.541877 0
    outer loop
      vertex -38.3543 -32.7299 7.25
      vertex -38.567 -32.4 12
      vertex -38.567 -32.4 7.25
    endloop
  endfacet
  facet normal -0.840458 -0.541877 0
    outer loop
      vertex -38.567 -32.4 12
      vertex -38.3543 -32.7299 7.25
      vertex -38.3543 -32.7299 12
    endloop
  endfacet
  facet normal -0.646775 -0.76268 0
    outer loop
      vertex -37.8373 -33.3195 7.25
      vertex -37.5379 -33.5734 12
      vertex -37.8373 -33.3195 12
    endloop
  endfacet
  facet normal -0.646775 -0.76268 -0
    outer loop
      vertex -37.5379 -33.5734 12
      vertex -37.8373 -33.3195 7.25
      vertex -37.5379 -33.5734 7.25
    endloop
  endfacet
  facet normal 1 -0 0
    outer loop
      vertex 57.2 -22.7757 12
      vertex 57.2 -5.22427 2.5
      vertex 57.2 -5.22427 12
    endloop
  endfacet
  facet normal 1 0 0
    outer loop
      vertex 57.2 -5.22427 2.5
      vertex 57.2 -22.7757 12
      vertex 57.2 -22.7757 2.5
    endloop
  endfacet
  facet normal 0.383549 -0.594549 -0.706683
    outer loop
      vertex 55.5299 -26.0271 2.5
      vertex 53.95 -24.0748 0
      vertex 54.0737 -23.995 0
    endloop
  endfacet
  facet normal -0.612367 0.353553 -0.707111
    outer loop
      vertex -45.1777 15.95 0
      vertex -38.567 32.4 2.5
      vertex -36.4019 31.15 0
    endloop
  endfacet
  facet normal -0.61238 0.353557 -0.707099
    outer loop
      vertex -38.567 32.4 2.5
      vertex -45.1777 15.95 0
      vertex -47.3427 17.2 2.5
    endloop
  endfacet
  facet normal 0.0807721 0.70291 -0.706678
    outer loop
      vertex 35.3472 31.88 0
      vertex 35.201 31.8968 0
      vertex 35.7545 34.3466 2.5
    endloop
  endfacet
  facet normal 0.643426 0.293643 -0.706949
    outer loop
      vertex 54.5858 -4.65025 0
      vertex 45.2239 15.8634 0
      vertex 47.4661 16.9691 2.5
    endloop
  endfacet
  facet normal -0.999867 -0.0163036 0
    outer loop
      vertex -47.8701 -15.4616 2.5
      vertex -47.8765 -15.0691 12
      vertex -47.8765 -15.0691 2.5
    endloop
  endfacet
  facet normal -0.999867 -0.0163036 0
    outer loop
      vertex -47.8765 -15.0691 12
      vertex -47.8701 -15.4616 2.5
      vertex -47.8701 -15.4616 12
    endloop
  endfacet
  facet normal 0.623808 0.333382 -0.706909
    outer loop
      vertex 47.4661 16.9691 2.5
      vertex 45.1777 15.95 0
      vertex 47.3427 17.2 2.5
    endloop
  endfacet
  facet normal -0.305968 -0.952042 0
    outer loop
      vertex -36.5119 -34.1436 7.25
      vertex -36.1382 -34.2637 12
      vertex -36.5119 -34.1436 12
    endloop
  endfacet
  facet normal -0.305968 -0.952042 -0
    outer loop
      vertex -36.1382 -34.2637 12
      vertex -36.5119 -34.1436 7.25
      vertex -36.1382 -34.2637 7.25
    endloop
  endfacet
  facet normal 0.866026 0.499999 0
    outer loop
      vertex 47.3427 17.2 12
      vertex 38.567 32.4 2.5
      vertex 38.567 32.4 12
    endloop
  endfacet
  facet normal 0.866026 0.499999 0
    outer loop
      vertex 38.567 32.4 2.5
      vertex 47.3427 17.2 12
      vertex 47.3427 17.2 2.5
    endloop
  endfacet
  facet normal -0.569197 -0.822201 0
    outer loop
      vertex -37.5379 -33.5734 7.25
      vertex -37.2152 -33.7968 12
      vertex -37.5379 -33.5734 12
    endloop
  endfacet
  facet normal -0.569197 -0.822201 -0
    outer loop
      vertex -37.2152 -33.7968 12
      vertex -37.5379 -33.5734 7.25
      vertex -37.2152 -33.7968 7.25
    endloop
  endfacet
  facet normal 0.998791 0.0491664 0
    outer loop
      vertex 57.2 -5.22427 12
      vertex 57.1807 -4.8322 2.5
      vertex 57.1807 -4.8322 12
    endloop
  endfacet
  facet normal 0.998791 0.0491664 0
    outer loop
      vertex 57.1807 -4.8322 2.5
      vertex 57.2 -5.22427 12
      vertex 57.2 -5.22427 2.5
    endloop
  endfacet
  facet normal 0.305737 -0.952116 0
    outer loop
      vertex 39.0353 -35.4151 7.25
      vertex 39.409 -35.2951 12
      vertex 39.0353 -35.4151 12
    endloop
  endfacet
  facet normal 0.305737 -0.952116 0
    outer loop
      vertex 39.409 -35.2951 12
      vertex 39.0353 -35.4151 7.25
      vertex 39.409 -35.2951 7.25
    endloop
  endfacet
  facet normal 0.343607 0.618492 -0.706684
    outer loop
      vertex 35.895 31.6738 0
      vertex 35.7663 31.7453 0
      vertex 36.872 33.9875 2.5
    endloop
  endfacet
  facet normal -0.42744 0.904044 0
    outer loop
      vertex -36.6336 34.0955 2.5
      vertex -36.9885 33.9277 12
      vertex -36.6336 34.0955 12
    endloop
  endfacet
  facet normal -0.42744 0.904044 0
    outer loop
      vertex -36.9885 33.9277 12
      vertex -36.6336 34.0955 2.5
      vertex -36.9885 33.9277 2.5
    endloop
  endfacet
  facet normal -0.889483 0.456968 0
    outer loop
      vertex -47.5221 16.8508 2.5
      vertex -47.3427 17.2 12
      vertex -47.3427 17.2 2.5
    endloop
  endfacet
  facet normal -0.889483 0.456968 0
    outer loop
      vertex -47.3427 17.2 12
      vertex -47.5221 16.8508 2.5
      vertex -47.5221 16.8508 12
    endloop
  endfacet
  facet normal -0.114121 -0.993467 0
    outer loop
      vertex -35.7545 -34.3466 7.25
      vertex -35.3645 -34.3914 12
      vertex -35.7545 -34.3466 12
    endloop
  endfacet
  facet normal -0.114121 -0.993467 -0
    outer loop
      vertex -35.3645 -34.3914 12
      vertex -35.7545 -34.3466 7.25
      vertex -35.3645 -34.3914 7.25
    endloop
  endfacet
  facet normal -0.475425 0.523977 -0.706697
    outer loop
      vertex -36.1635 31.4606 0
      vertex -37.9313 33.2284 2.5
      vertex -36.0545 31.5595 0
    endloop
  endfacet
  facet normal -0.10382 0.699882 -0.706673
    outer loop
      vertex -35.2499 31.8928 0
      vertex -35.8833 34.3231 2.5
      vertex -35.495 34.3807 2.5
    endloop
  endfacet
  facet normal 0.989176 0.146737 0
    outer loop
      vertex 57.1807 -4.8322 12
      vertex 57.1231 -4.44391 2.5
      vertex 57.1231 -4.44391 12
    endloop
  endfacet
  facet normal 0.989176 0.146737 0
    outer loop
      vertex 57.1231 -4.44391 2.5
      vertex 57.1807 -4.8322 12
      vertex 57.1807 -4.8322 2.5
    endloop
  endfacet
  facet normal 0.402723 0.581731 -0.706684
    outer loop
      vertex 37.5379 33.5734 2.5
      vertex 36.016 31.59 0
      vertex 37.2152 33.7968 2.5
    endloop
  endfacet
  facet normal 0.43979 -0.554244 -0.706681
    outer loop
      vertex 55.5299 -26.0271 2.5
      vertex 54.0737 -23.995 0
      vertex 55.8374 -25.7831 2.5
    endloop
  endfacet
  facet normal 0.706684 0.0347872 -0.706674
    outer loop
      vertex 57.2 -5.22427 2.5
      vertex 54.6928 -5.07726 0
      vertex 57.1807 -4.8322 2.5
    endloop
  endfacet
  facet normal 0.874061 -0.485816 0
    outer loop
      vertex 56.5968 -24.888 12
      vertex 56.7875 -24.5449 2.5
      vertex 56.7875 -24.5449 12
    endloop
  endfacet
  facet normal 0.874061 -0.485816 0
    outer loop
      vertex 56.7875 -24.5449 2.5
      vertex 56.5968 -24.888 12
      vertex 56.5968 -24.888 2.5
    endloop
  endfacet
  facet normal 0.706683 0.0346107 -0.706683
    outer loop
      vertex 54.7 -5.22427 0
      vertex 54.6928 -5.07726 0
      vertex 57.2 -5.22427 2.5
    endloop
  endfacet
  facet normal 0.216669 0.673547 -0.706675
    outer loop
      vertex 35.6313 31.8038 0
      vertex 35.4911 31.8489 0
      vertex 36.1382 34.2637 2.5
    endloop
  endfacet
  facet normal 0.211182 -0.977447 0
    outer loop
      vertex 38.6516 -35.498 7.25
      vertex 39.0353 -35.4151 12
      vertex 38.6516 -35.498 12
    endloop
  endfacet
  facet normal 0.211182 -0.977447 0
    outer loop
      vertex 39.0353 -35.4151 12
      vertex 38.6516 -35.498 7.25
      vertex 39.0353 -35.4151 7.25
    endloop
  endfacet
  facet normal 0.762574 -0.646901 0
    outer loop
      vertex 56.1195 -25.5101 12
      vertex 56.3734 -25.2108 2.5
      vertex 56.3734 -25.2108 12
    endloop
  endfacet
  facet normal 0.762574 -0.646901 0
    outer loop
      vertex 56.3734 -25.2108 2.5
      vertex 56.1195 -25.5101 12
      vertex 56.1195 -25.5101 2.5
    endloop
  endfacet
  facet normal -0.866027 -0.499996 -0
    outer loop
      vertex -42.3198 -25.9 7.25
      vertex -47.3427 -17.2 2.5
      vertex -42.3198 -25.9 2.5
    endloop
  endfacet
  facet normal -0.866027 -0.499996 0
    outer loop
      vertex -47.3427 -17.2 2.5
      vertex -42.3198 -25.9 7.25
      vertex -47.3427 -17.2 12
    endloop
  endfacet
  facet normal -0.866024 -0.500002 -0
    outer loop
      vertex -38.567 -32.4 12
      vertex -42.3198 -25.9 7.25
      vertex -38.567 -32.4 7.25
    endloop
  endfacet
  facet normal -0.866026 -0.499999 6.11736e-06
    outer loop
      vertex -42.3198 -25.9 7.25
      vertex -38.567 -32.4 12
      vertex -47.3427 -17.2 12
    endloop
  endfacet
  facet normal -0.600675 0.373429 -0.706923
    outer loop
      vertex -36.4019 31.15 0
      vertex -38.567 32.4 2.5
      vertex -38.4288 32.6223 2.5
    endloop
  endfacet
  facet normal 0.881951 0.471341 0
    outer loop
      vertex 47.4661 16.9691 12
      vertex 47.3427 17.2 2.5
      vertex 47.3427 17.2 12
    endloop
  endfacet
  facet normal 0.881951 0.471341 0
    outer loop
      vertex 47.3427 17.2 2.5
      vertex 47.4661 16.9691 12
      vertex 47.4661 16.9691 2.5
    endloop
  endfacet
  facet normal 0.673676 -0.21623 -0.706686
    outer loop
      vertex 57.0637 -23.811 2.5
      vertex 54.6039 -23.3041 0
      vertex 54.6489 -23.1639 0
    endloop
  endfacet
  facet normal -0.0347845 0.706684 -0.706674
    outer loop
      vertex -35.2499 31.8928 0
      vertex -35.495 34.3807 2.5
      vertex -35.1029 34.4 2.5
    endloop
  endfacet
  facet normal -0.673676 -0.21623 -0.706686
    outer loop
      vertex -45.2825 -15.7284 0
      vertex -47.7423 -16.2353 2.5
      vertex -45.3275 -15.5882 0
    endloop
  endfacet
  facet normal 0.149462 0.691564 -0.706682
    outer loop
      vertex 35.4911 31.8489 0
      vertex 35.3472 31.88 0
      vertex 36.1382 34.2637 2.5
    endloop
  endfacet
  facet normal -0.60084 0.373184 -0.706912
    outer loop
      vertex -36.4019 31.15 0
      vertex -38.4288 32.6223 2.5
      vertex -36.3501 31.2334 0
    endloop
  endfacet
  facet normal 0.3834 -0.594657 -0.706673
    outer loop
      vertex 55.2 -26.2398 2.5
      vertex 53.95 -24.0748 0
      vertex 55.5299 -26.0271 2.5
    endloop
  endfacet
  facet normal -0.612366 -0.353554 -0.707112
    outer loop
      vertex -42.3198 -25.9 2.5
      vertex -45.1777 -15.95 0
      vertex -39.433 -25.9 0
    endloop
  endfacet
  facet normal -0.612381 -0.353555 -0.707099
    outer loop
      vertex -45.1777 -15.95 0
      vertex -42.3198 -25.9 2.5
      vertex -47.3427 -17.2 2.5
    endloop
  endfacet
  facet normal 0.211182 0.977447 -0
    outer loop
      vertex 36.1382 34.2637 2.5
      vertex 35.7545 34.3466 12
      vertex 36.1382 34.2637 12
    endloop
  endfacet
  facet normal 0.211182 0.977447 0
    outer loop
      vertex 35.7545 34.3466 12
      vertex 36.1382 34.2637 2.5
      vertex 35.7545 34.3466 2.5
    endloop
  endfacet
  facet normal -0.568247 0.421544 -0.706679
    outer loop
      vertex -36.3501 31.2334 0
      vertex -38.4288 32.6223 2.5
      vertex -38.1949 32.9376 2.5
    endloop
  endfacet
  facet normal -0.705164 0.0578624 -0.70668
    outer loop
      vertex -45.3658 15.3958 0
      vertex -47.8765 15.3309 2.5
      vertex -47.8444 15.7221 2.5
    endloop
  endfacet
  facet normal 0.541877 -0.840458 0
    outer loop
      vertex 55.2 -26.2398 2.5
      vertex 55.5299 -26.0271 12
      vertex 55.2 -26.2398 12
    endloop
  endfacet
  facet normal 0.541877 -0.840458 0
    outer loop
      vertex 55.5299 -26.0271 12
      vertex 55.2 -26.2398 2.5
      vertex 55.5299 -26.0271 2.5
    endloop
  endfacet
  facet normal 0.840458 0.541877 0
    outer loop
      vertex 38.567 32.4 12
      vertex 38.3543 32.7299 2.5
      vertex 38.3543 32.7299 12
    endloop
  endfacet
  facet normal 0.840458 0.541877 0
    outer loop
      vertex 38.3543 32.7299 2.5
      vertex 38.567 32.4 12
      vertex 38.567 32.4 2.5
    endloop
  endfacet
  facet normal -0.624036 -0.332915 -0.706927
    outer loop
      vertex -45.1777 -15.95 0
      vertex -47.4661 -16.9691 2.5
      vertex -45.2239 -15.8634 0
    endloop
  endfacet
  facet normal -0.70291 -0.0807721 -0.706678
    outer loop
      vertex -45.3586 -15.4443 0
      vertex -47.8252 -15.8516 2.5
      vertex -45.3754 -15.2981 0
    endloop
  endfacet
  facet normal 0.353555 -0.612378 -0.707101
    outer loop
      vertex 44 -29.8194 0
      vertex 55.2 -26.2398 2.5
      vertex 44 -32.7061 2.5
    endloop
  endfacet
  facet normal 0.353556 -0.61238 -0.707099
    outer loop
      vertex 55.2 -26.2398 2.5
      vertex 44 -29.8194 0
      vertex 53.95 -24.0748 0
    endloop
  endfacet
  facet normal -0.623808 -0.333382 -0.706909
    outer loop
      vertex -47.3427 -17.2 2.5
      vertex -47.4661 -16.9691 2.5
      vertex -45.1777 -15.95 0
    endloop
  endfacet
  facet normal -0.397729 -0.917503 0
    outer loop
      vertex -36.872 -33.9875 7.25
      vertex -36.5119 -34.1436 12
      vertex -36.872 -33.9875 12
    endloop
  endfacet
  facet normal -0.397729 -0.917503 -0
    outer loop
      vertex -36.5119 -34.1436 12
      vertex -36.872 -33.9875 7.25
      vertex -36.5119 -34.1436 7.25
    endloop
  endfacet
  facet normal -0.523977 0.475425 -0.706697
    outer loop
      vertex -36.2624 31.3516 0
      vertex -37.9313 33.2284 2.5
      vertex -36.1635 31.4606 0
    endloop
  endfacet
  facet normal 0.618486 -0.343603 -0.706691
    outer loop
      vertex 56.7875 -24.5449 2.5
      vertex 54.4738 -23.5678 0
      vertex 54.5453 -23.4391 0
    endloop
  endfacet
  facet normal -0.977447 -0.211182 0
    outer loop
      vertex -47.7423 -16.2353 2.5
      vertex -47.8252 -15.8516 12
      vertex -47.8252 -15.8516 2.5
    endloop
  endfacet
  facet normal -0.977447 -0.211182 0
    outer loop
      vertex -47.8252 -15.8516 12
      vertex -47.7423 -16.2353 2.5
      vertex -47.7423 -16.2353 12
    endloop
  endfacet
  facet normal -0.034613 0.706683 -0.706683
    outer loop
      vertex -35.1029 31.9 0
      vertex -35.2499 31.8928 0
      vertex -35.1029 34.4 2.5
    endloop
  endfacet
  facet normal 0.281321 0.649202 -0.706679
    outer loop
      vertex 35.7663 31.7453 0
      vertex 35.6313 31.8038 0
      vertex 36.872 33.9875 2.5
    endloop
  endfacet
  facet normal 0.492063 -0.508401 -0.706683
    outer loop
      vertex 55.8374 -25.7831 2.5
      vertex 54.189 -23.9035 0
      vertex 54.2948 -23.8011 0
    endloop
  endfacet
  facet normal -0.363955 0.606752 -0.706675
    outer loop
      vertex -35.9362 31.6472 0
      vertex -36.9885 33.9277 2.5
      vertex -35.81 31.7229 0
    endloop
  endfacet
  facet normal 0.718729 0.69529 0
    outer loop
      vertex 38.1102 33.0374 12
      vertex 37.8373 33.3195 2.5
      vertex 37.8373 33.3195 12
    endloop
  endfacet
  facet normal 0.718729 0.69529 0
    outer loop
      vertex 37.8373 33.3195 2.5
      vertex 38.1102 33.0374 12
      vertex 38.1102 33.0374 2.5
    endloop
  endfacet
  facet normal 0.673609 -0.216485 -0.706672
    outer loop
      vertex 56.9436 -24.1847 2.5
      vertex 54.6039 -23.3041 0
      vertex 57.0637 -23.811 2.5
    endloop
  endfacet
  facet normal 0.114121 0.993467 -0
    outer loop
      vertex 35.7545 34.3466 2.5
      vertex 35.3645 34.3914 12
      vertex 35.7545 34.3466 12
    endloop
  endfacet
  facet normal 0.114121 0.993467 0
    outer loop
      vertex 35.3645 34.3914 12
      vertex 35.7545 34.3466 2.5
      vertex 35.3645 34.3914 2.5
    endloop
  endfacet
  facet normal 0.485708 0.874121 -0
    outer loop
      vertex 37.2152 33.7968 2.5
      vertex 36.872 33.9875 12
      vertex 37.2152 33.7968 12
    endloop
  endfacet
  facet normal 0.485708 0.874121 0
    outer loop
      vertex 36.872 33.9875 12
      vertex 37.2152 33.7968 2.5
      vertex 36.872 33.9875 2.5
    endloop
  endfacet
  facet normal 0.114373 -0.993438 0
    outer loop
      vertex 38.2616 -35.5429 7.25
      vertex 38.6516 -35.498 12
      vertex 38.2616 -35.5429 12
    endloop
  endfacet
  facet normal 0.114373 -0.993438 0
    outer loop
      vertex 38.6516 -35.498 12
      vertex 38.2616 -35.5429 7.25
      vertex 38.6516 -35.498 7.25
    endloop
  endfacet
  facet normal -0.421539 0.56824 -0.706688
    outer loop
      vertex -35.9362 31.6472 0
      vertex -37.6405 33.492 2.5
      vertex -37.3252 33.7259 2.5
    endloop
  endfacet
  facet normal 0.594647 0.383393 -0.706685
    outer loop
      vertex 38.567 32.4 2.5
      vertex 36.4019 31.15 0
      vertex 38.3543 32.7299 2.5
    endloop
  endfacet
  facet normal -0.707291 0 -0.706923
    outer loop
      vertex -45.3778 15.2491 0
      vertex -47.8765 -15.0691 2.5
      vertex -47.8765 15.3309 2.5
    endloop
  endfacet
  facet normal -0.707291 0 -0.706923
    outer loop
      vertex -47.8765 -15.0691 2.5
      vertex -45.3778 15.2491 0
      vertex -45.3778 -15.1509 0
    endloop
  endfacet
  facet normal -0.524218 0.475185 -0.706678
    outer loop
      vertex -36.2624 31.3516 0
      vertex -38.1949 32.9376 2.5
      vertex -37.9313 33.2284 2.5
    endloop
  endfacet
  facet normal -1 0 0
    outer loop
      vertex -47.8765 -15.0691 2.5
      vertex -47.8765 15.3309 12
      vertex -47.8765 15.3309 2.5
    endloop
  endfacet
  facet normal -1 -0 0
    outer loop
      vertex -47.8765 15.3309 12
      vertex -47.8765 -15.0691 2.5
      vertex -47.8765 -15.0691 12
    endloop
  endfacet
  facet normal -0.707432 -0.0115342 -0.706687
    outer loop
      vertex -45.3754 -15.2981 0
      vertex -47.8765 -15.0691 2.5
      vertex -45.3778 -15.1509 0
    endloop
  endfacet
  facet normal 0 0.707107 -0.707107
    outer loop
      vertex 35.1029 31.9 0
      vertex -35.1029 34.4 2.5
      vertex 35.1029 34.4 2.5
    endloop
  endfacet
  facet normal 0 0.707107 -0.707107
    outer loop
      vertex -35.1029 34.4 2.5
      vertex 35.1029 31.9 0
      vertex -35.1029 31.9 0
    endloop
  endfacet
  facet normal -0.242835 0.970068 0
    outer loop
      vertex -35.8833 34.3231 2.5
      vertex -36.264 34.2278 12
      vertex -35.8833 34.3231 12
    endloop
  endfacet
  facet normal -0.242835 0.970068 0
    outer loop
      vertex -36.264 34.2278 12
      vertex -35.8833 34.3231 2.5
      vertex -36.264 34.2278 2.5
    endloop
  endfacet
  facet normal -0.337014 0.9415 0
    outer loop
      vertex -36.264 34.2278 2.5
      vertex -36.6336 34.0955 12
      vertex -36.264 34.2278 12
    endloop
  endfacet
  facet normal -0.337014 0.9415 0
    outer loop
      vertex -36.6336 34.0955 12
      vertex -36.264 34.2278 2.5
      vertex -36.6336 34.0955 2.5
    endloop
  endfacet
  facet normal -0.146733 0.989176 0
    outer loop
      vertex -35.495 34.3807 2.5
      vertex -35.8833 34.3231 12
      vertex -35.495 34.3807 12
    endloop
  endfacet
  facet normal -0.146733 0.989176 0
    outer loop
      vertex -35.8833 34.3231 12
      vertex -35.495 34.3807 2.5
      vertex -35.8833 34.3231 2.5
    endloop
  endfacet
  facet normal -0.629445 0.323138 -0.706669
    outer loop
      vertex -45.2449 15.8191 0
      vertex -47.3427 17.2 2.5
      vertex -45.1777 15.95 0
    endloop
  endfacet
  facet normal 0.707107 0 -0.707107
    outer loop
      vertex 57.2 -22.7757 2.5
      vertex 54.7 -5.22427 0
      vertex 57.2 -5.22427 2.5
    endloop
  endfacet
  facet normal 0.707107 0 -0.707107
    outer loop
      vertex 54.7 -5.22427 0
      vertex 57.2 -22.7757 2.5
      vertex 54.7 -22.7757 0
    endloop
  endfacet
  facet normal 0.0328569 0.99946 -0
    outer loop
      vertex 35.3645 34.3914 2.5
      vertex 35.1029 34.4 12
      vertex 35.3645 34.3914 12
    endloop
  endfacet
  facet normal 0.0328569 0.99946 0
    outer loop
      vertex 35.1029 34.4 12
      vertex 35.3645 34.3914 2.5
      vertex 35.1029 34.4 2.5
    endloop
  endfacet
  facet normal -0.103828 0.69988 -0.706673
    outer loop
      vertex -35.3955 31.8712 0
      vertex -35.8833 34.3231 2.5
      vertex -35.2499 31.8928 0
    endloop
  endfacet
  facet normal -0.993438 -0.114373 0
    outer loop
      vertex -47.8252 -15.8516 2.5
      vertex -47.8701 -15.4616 12
      vertex -47.8701 -15.4616 2.5
    endloop
  endfacet
  facet normal -0.993438 -0.114373 0
    outer loop
      vertex -47.8701 -15.4616 12
      vertex -47.8252 -15.8516 2.5
      vertex -47.8252 -15.8516 12
    endloop
  endfacet
  facet normal -0.421364 0.568385 -0.706675
    outer loop
      vertex -36.0545 31.5595 0
      vertex -37.6405 33.492 2.5
      vertex -35.9362 31.6472 0
    endloop
  endfacet
  facet normal -0.849262 0.527971 0
    outer loop
      vertex -38.567 32.4 2.5
      vertex -38.4288 32.6223 12
      vertex -38.4288 32.6223 2.5
    endloop
  endfacet
  facet normal -0.849262 0.527971 0
    outer loop
      vertex -38.4288 32.6223 12
      vertex -38.567 32.4 2.5
      vertex -38.567 32.4 12
    endloop
  endfacet
  facet normal 0.554159 0.439903 -0.706677
    outer loop
      vertex 38.3543 32.7299 2.5
      vertex 36.3222 31.2737 0
      vertex 38.1102 33.0374 2.5
    endloop
  endfacet
  facet normal -0.707432 -0.0115352 -0.706687
    outer loop
      vertex -47.8701 -15.4616 2.5
      vertex -47.8765 -15.0691 2.5
      vertex -45.3754 -15.2981 0
    endloop
  endfacet
  facet normal 0.0230595 0.706919 -0.706919
    outer loop
      vertex 35.201 31.8968 0
      vertex 35.1029 31.9 0
      vertex 35.1029 34.4 2.5
    endloop
  endfacet
  facet normal -0.673609 -0.216485 -0.706672
    outer loop
      vertex -47.6222 -16.609 2.5
      vertex -47.7423 -16.2353 2.5
      vertex -45.2825 -15.7284 0
    endloop
  endfacet
  facet normal 0.649199 -0.281344 -0.706673
    outer loop
      vertex 56.7875 -24.5449 2.5
      vertex 54.6039 -23.3041 0
      vertex 56.9436 -24.1847 2.5
    endloop
  endfacet
  facet normal 0.624036 0.332915 -0.706927
    outer loop
      vertex 45.2239 15.8634 0
      vertex 45.1777 15.95 0
      vertex 47.4661 16.9691 2.5
    endloop
  endfacet
  facet normal 0.702914 -0.080745 -0.706677
    outer loop
      vertex 57.1466 -23.4273 2.5
      vertex 54.6968 -22.8738 0
      vertex 57.1914 -23.0373 2.5
    endloop
  endfacet
  facet normal 0.594777 0.383215 -0.706673
    outer loop
      vertex 36.4019 31.15 0
      vertex 36.3222 31.2737 0
      vertex 38.3543 32.7299 2.5
    endloop
  endfacet
  facet normal 0.970078 0.242793 0
    outer loop
      vertex 57.1231 -4.44391 12
      vertex 57.0278 -4.06314 2.5
      vertex 57.0278 -4.06314 12
    endloop
  endfacet
  facet normal 0.970078 0.242793 0
    outer loop
      vertex 57.0278 -4.06314 2.5
      vertex 57.1231 -4.44391 12
      vertex 57.1231 -4.44391 2.5
    endloop
  endfacet
  facet normal 0.9415 0.337014 0
    outer loop
      vertex 57.0278 -4.06314 12
      vertex 56.8955 -3.69354 2.5
      vertex 56.8955 -3.69354 12
    endloop
  endfacet
  facet normal 0.9415 0.337014 0
    outer loop
      vertex 56.8955 -3.69354 2.5
      vertex 57.0278 -4.06314 12
      vertex 57.0278 -4.06314 2.5
    endloop
  endfacet
  facet normal 0.457521 0.539702 -0.706679
    outer loop
      vertex 36.1283 31.4948 0
      vertex 36.016 31.59 0
      vertex 37.8373 33.3195 2.5
    endloop
  endfacet
  facet normal 0.281405 0.64916 -0.706684
    outer loop
      vertex 36.872 33.9875 2.5
      vertex 35.6313 31.8038 0
      vertex 36.5119 34.1436 2.5
    endloop
  endfacet
  facet normal 0.397729 0.917503 -0
    outer loop
      vertex 36.872 33.9875 2.5
      vertex 36.5119 34.1436 12
      vertex 36.872 33.9875 12
    endloop
  endfacet
  facet normal 0.397729 0.917503 0
    outer loop
      vertex 36.5119 34.1436 12
      vertex 36.872 33.9875 2.5
      vertex 36.5119 34.1436 2.5
    endloop
  endfacet
  facet normal 0.699884 0.103815 -0.706672
    outer loop
      vertex 54.6928 -5.07726 0
      vertex 54.6712 -4.93164 0
      vertex 57.1231 -4.44391 2.5
    endloop
  endfacet
  facet normal -0.696092 0.12671 -0.706683
    outer loop
      vertex -45.3394 15.5406 0
      vertex -47.8444 15.7221 2.5
      vertex -47.7741 16.1083 2.5
    endloop
  endfacet
  facet normal 0.666139 0.238448 -0.706683
    outer loop
      vertex 57.0278 -4.06314 2.5
      vertex 54.5858 -4.65025 0
      vertex 56.8955 -3.69354 2.5
    endloop
  endfacet
  facet normal 0.439818 -0.554219 -0.706683
    outer loop
      vertex 55.8374 -25.7831 2.5
      vertex 54.0737 -23.995 0
      vertex 54.189 -23.9035 0
    endloop
  endfacet
  facet normal 0.49203 -0.508431 -0.706686
    outer loop
      vertex 55.8374 -25.7831 2.5
      vertex 54.2948 -23.8011 0
      vertex 56.1195 -25.5101 2.5
    endloop
  endfacet
  facet normal 0.822284 -0.569078 0
    outer loop
      vertex 56.3734 -25.2108 12
      vertex 56.5968 -24.888 2.5
      vertex 56.5968 -24.888 12
    endloop
  endfacet
  facet normal 0.822284 -0.569078 0
    outer loop
      vertex 56.5968 -24.888 2.5
      vertex 56.3734 -25.2108 12
      vertex 56.3734 -25.2108 2.5
    endloop
  endfacet
  facet normal -0.740908 0.671607 0
    outer loop
      vertex -38.1949 32.9376 2.5
      vertex -37.9313 33.2284 12
      vertex -37.9313 33.2284 2.5
    endloop
  endfacet
  facet normal -0.740908 0.671607 0
    outer loop
      vertex -37.9313 33.2284 12
      vertex -38.1949 32.9376 2.5
      vertex -38.1949 32.9376 12
    endloop
  endfacet
  facet normal -0.705169 0.0576825 -0.706689
    outer loop
      vertex -45.3778 15.2491 0
      vertex -47.8765 15.3309 2.5
      vertex -45.3658 15.3958 0
    endloop
  endfacet
  facet normal 0.666156 0.238393 -0.706686
    outer loop
      vertex 54.6354 -4.78885 0
      vertex 54.5858 -4.65025 0
      vertex 57.0278 -4.06314 2.5
    endloop
  endfacet
  facet normal 0.618425 -0.34373 -0.706683
    outer loop
      vertex 56.5968 -24.888 2.5
      vertex 54.4738 -23.5678 0
      vertex 56.7875 -24.5449 2.5
    endloop
  endfacet
  facet normal -0.514084 0.85774 0
    outer loop
      vertex -36.9885 33.9277 2.5
      vertex -37.3252 33.7259 12
      vertex -36.9885 33.9277 12
    endloop
  endfacet
  facet normal -0.514084 0.85774 0
    outer loop
      vertex -37.3252 33.7259 12
      vertex -36.9885 33.9277 2.5
      vertex -37.3252 33.7259 2.5
    endloop
  endfacet
  facet normal 0.702919 -0.0807179 -0.706675
    outer loop
      vertex 57.1466 -23.4273 2.5
      vertex 54.68 -23.0201 0
      vertex 54.6968 -22.8738 0
    endloop
  endfacet
  facet normal 0.69154 -0.149561 -0.706685
    outer loop
      vertex 57.0637 -23.811 2.5
      vertex 54.6489 -23.1639 0
      vertex 54.68 -23.0201 0
    endloop
  endfacet
  facet normal -0.691576 -0.149418 -0.70668
    outer loop
      vertex -47.7423 -16.2353 2.5
      vertex -47.8252 -15.8516 2.5
      vertex -45.3586 -15.4443 0
    endloop
  endfacet
  facet normal 0.686303 0.172069 -0.706668
    outer loop
      vertex 54.6712 -4.93164 0
      vertex 54.6354 -4.78885 0
      vertex 57.1231 -4.44391 2.5
    endloop
  endfacet
  facet normal -0.881951 -0.471341 0
    outer loop
      vertex -47.3427 -17.2 2.5
      vertex -47.4661 -16.9691 12
      vertex -47.4661 -16.9691 2.5
    endloop
  endfacet
  facet normal -0.881951 -0.471341 0
    outer loop
      vertex -47.4661 -16.9691 12
      vertex -47.3427 -17.2 2.5
      vertex -47.3427 -17.2 12
    endloop
  endfacet
  facet normal -0.671607 0.740908 0
    outer loop
      vertex -37.6405 33.492 2.5
      vertex -37.9313 33.2284 12
      vertex -37.6405 33.492 12
    endloop
  endfacet
  facet normal -0.671607 0.740908 0
    outer loop
      vertex -37.9313 33.2284 12
      vertex -37.6405 33.492 2.5
      vertex -37.9313 33.2284 2.5
    endloop
  endfacet
  facet normal 0.64349 0.293657 -0.706885
    outer loop
      vertex 54.5858 -4.65025 0
      vertex 47.4661 16.9691 2.5
      vertex 56.8955 -3.69354 2.5
    endloop
  endfacet
  facet normal -0.691564 -0.149462 -0.706682
    outer loop
      vertex -45.3275 -15.5882 0
      vertex -47.7423 -16.2353 2.5
      vertex -45.3586 -15.4443 0
    endloop
  endfacet
  facet normal -0.803137 0.595794 0
    outer loop
      vertex -38.4288 32.6223 2.5
      vertex -38.1949 32.9376 12
      vertex -38.1949 32.9376 2.5
    endloop
  endfacet
  facet normal -0.803137 0.595794 0
    outer loop
      vertex -38.1949 32.9376 12
      vertex -38.4288 32.6223 2.5
      vertex -38.4288 32.6223 12
    endloop
  endfacet
  facet normal 0.397943 -0.91741 0
    outer loop
      vertex 39.409 -35.2951 7.25
      vertex 39.7691 -35.1389 12
      vertex 39.409 -35.2951 12
    endloop
  endfacet
  facet normal 0.397943 -0.91741 0
    outer loop
      vertex 39.7691 -35.1389 12
      vertex 39.409 -35.2951 7.25
      vertex 39.7691 -35.1389 7.25
    endloop
  endfacet
  facet normal 0.508409 0.49207 -0.706673
    outer loop
      vertex 36.2307 31.389 0
      vertex 36.1283 31.4948 0
      vertex 38.1102 33.0374 2.5
    endloop
  endfacet
  facet normal 0.554228 0.439825 -0.706672
    outer loop
      vertex 36.3222 31.2737 0
      vertex 36.2307 31.389 0
      vertex 38.1102 33.0374 2.5
    endloop
  endfacet
  facet normal -0.238448 0.66614 -0.706683
    outer loop
      vertex -35.6769 31.7858 0
      vertex -36.6336 34.0955 2.5
      vertex -36.264 34.2278 2.5
    endloop
  endfacet
  facet normal 0.691579 -0.149419 -0.706677
    outer loop
      vertex 57.0637 -23.811 2.5
      vertex 54.68 -23.0201 0
      vertex 57.1466 -23.4273 2.5
    endloop
  endfacet
  facet normal -0.917503 -0.397729 0
    outer loop
      vertex -47.4661 -16.9691 2.5
      vertex -47.6222 -16.609 12
      vertex -47.6222 -16.609 2.5
    endloop
  endfacet
  facet normal -0.917503 -0.397729 0
    outer loop
      vertex -47.6222 -16.609 12
      vertex -47.4661 -16.9691 2.5
      vertex -47.4661 -16.9691 12
    endloop
  endfacet
  facet normal 0.402837 0.581662 -0.706677
    outer loop
      vertex 36.016 31.59 0
      vertex 35.895 31.6738 0
      vertex 37.2152 33.7968 2.5
    endloop
  endfacet
  facet normal 0.539495 -0.457754 -0.706687
    outer loop
      vertex 56.1195 -25.5101 2.5
      vertex 54.2948 -23.8011 0
      vertex 54.39 -23.6889 0
    endloop
  endfacet
  facet normal -0.961543 0.274654 0
    outer loop
      vertex -47.7741 16.1083 2.5
      vertex -47.6663 16.4857 12
      vertex -47.6663 16.4857 2.5
    endloop
  endfacet
  facet normal -0.961543 0.274654 0
    outer loop
      vertex -47.6663 16.4857 12
      vertex -47.7741 16.1083 2.5
      vertex -47.7741 16.1083 12
    endloop
  endfacet
  facet normal -0.475185 0.524218 -0.706678
    outer loop
      vertex -36.0545 31.5595 0
      vertex -37.9313 33.2284 2.5
      vertex -37.6405 33.492 2.5
    endloop
  endfacet
  facet normal -0.649017 -0.281721 -0.70669
    outer loop
      vertex -45.2239 -15.8634 0
      vertex -47.4661 -16.9691 2.5
      vertex -45.2825 -15.7284 0
    endloop
  endfacet
  facet normal -0.930084 0.367346 0
    outer loop
      vertex -47.6663 16.4857 2.5
      vertex -47.5221 16.8508 12
      vertex -47.5221 16.8508 2.5
    endloop
  endfacet
  facet normal -0.930084 0.367346 0
    outer loop
      vertex -47.5221 16.8508 12
      vertex -47.6663 16.4857 2.5
      vertex -47.6663 16.4857 12
    endloop
  endfacet
  facet normal 0.080745 0.702914 -0.706677
    outer loop
      vertex 35.7545 34.3466 2.5
      vertex 35.201 31.8968 0
      vertex 35.3645 34.3914 2.5
    endloop
  endfacet
  facet normal 0.0232397 0.706919 -0.706912
    outer loop
      vertex 35.201 31.8968 0
      vertex 35.1029 34.4 2.5
      vertex 35.3645 34.3914 2.5
    endloop
  endfacet
  facet normal -0.99665 0.0817804 0
    outer loop
      vertex -47.8765 15.3309 2.5
      vertex -47.8444 15.7221 12
      vertex -47.8444 15.7221 2.5
    endloop
  endfacet
  facet normal -0.99665 0.0817804 0
    outer loop
      vertex -47.8444 15.7221 12
      vertex -47.8765 15.3309 2.5
      vertex -47.8765 15.3309 12
    endloop
  endfacet
  facet normal -0.983833 0.179087 0
    outer loop
      vertex -47.8444 15.7221 2.5
      vertex -47.7741 16.1083 12
      vertex -47.7741 16.1083 2.5
    endloop
  endfacet
  facet normal -0.983833 0.179087 0
    outer loop
      vertex -47.7741 16.1083 12
      vertex -47.8444 15.7221 2.5
      vertex -47.8444 15.7221 12
    endloop
  endfacet
  facet normal -0.595794 0.803137 0
    outer loop
      vertex -37.3252 33.7259 2.5
      vertex -37.6405 33.492 12
      vertex -37.3252 33.7259 12
    endloop
  endfacet
  facet normal -0.595794 0.803137 0
    outer loop
      vertex -37.6405 33.492 12
      vertex -37.3252 33.7259 2.5
      vertex -37.6405 33.492 2.5
    endloop
  endfacet
  facet normal 0.699882 0.103822 -0.706672
    outer loop
      vertex 57.1807 -4.8322 2.5
      vertex 54.6928 -5.07726 0
      vertex 57.1231 -4.44391 2.5
    endloop
  endfacet
  facet normal -0.172057 0.686304 -0.706671
    outer loop
      vertex -35.5383 31.8354 0
      vertex -35.8833 34.3231 2.5
      vertex -35.3955 31.8712 0
    endloop
  endfacet
  facet normal -0.696067 0.126907 -0.706672
    outer loop
      vertex -45.3658 15.3958 0
      vertex -47.8444 15.7221 2.5
      vertex -45.3394 15.5406 0
    endloop
  endfacet
  facet normal -0.658066 0.25991 -0.706679
    outer loop
      vertex -45.2449 15.8191 0
      vertex -47.6663 16.4857 2.5
      vertex -47.5221 16.8508 2.5
    endloop
  endfacet
  facet normal -0.363727 0.606872 -0.706689
    outer loop
      vertex -35.9362 31.6472 0
      vertex -37.3252 33.7259 2.5
      vertex -36.9885 33.9277 2.5
    endloop
  endfacet
  facet normal 0.686359 0.171783 -0.706684
    outer loop
      vertex 57.1231 -4.44391 2.5
      vertex 54.6354 -4.78885 0
      vertex 57.0278 -4.06314 2.5
    endloop
  endfacet
  facet normal -0.238394 0.666156 -0.706686
    outer loop
      vertex -35.6769 31.7858 0
      vertex -36.264 34.2278 2.5
      vertex -35.5383 31.8354 0
    endloop
  endfacet
  facet normal 0.99946 -0.0328569 0
    outer loop
      vertex 57.1914 -23.0373 12
      vertex 57.2 -22.7757 2.5
      vertex 57.2 -22.7757 12
    endloop
  endfacet
  facet normal 0.99946 -0.0328569 0
    outer loop
      vertex 57.2 -22.7757 2.5
      vertex 57.1914 -23.0373 12
      vertex 57.1914 -23.0373 2.5
    endloop
  endfacet
  facet normal 0.621583 -0.783348 0
    outer loop
      vertex 55.5299 -26.0271 2.5
      vertex 55.8374 -25.7831 12
      vertex 55.5299 -26.0271 12
    endloop
  endfacet
  facet normal 0.621583 -0.783348 0
    outer loop
      vertex 55.8374 -25.7831 12
      vertex 55.5299 -26.0271 2.5
      vertex 55.8374 -25.7831 2.5
    endloop
  endfacet
  facet normal 0.61238 0.353557 -0.707099
    outer loop
      vertex 45.1777 15.95 0
      vertex 38.567 32.4 2.5
      vertex 47.3427 17.2 2.5
    endloop
  endfacet
  facet normal 0.612367 0.353553 -0.707111
    outer loop
      vertex 38.567 32.4 2.5
      vertex 45.1777 15.95 0
      vertex 36.4019 31.15 0
    endloop
  endfacet
  facet normal 0.581792 -0.40264 -0.706682
    outer loop
      vertex 56.3734 -25.2108 2.5
      vertex 54.39 -23.6889 0
      vertex 56.5968 -24.888 2.5
    endloop
  endfacet
  facet normal 0 0 -1
    outer loop
      vertex 53.95 -24.0748 0
      vertex 54.7 -22.7757 0
      vertex 54.6968 -22.8738 0
    endloop
  endfacet
  facet normal -0 0 -1
    outer loop
      vertex 54.7 -22.7757 0
      vertex 44 -25.9 0
      vertex 54.7 -5.22427 0
    endloop
  endfacet
  facet normal 0 0 -1
    outer loop
      vertex 53.95 -24.0748 0
      vertex 54.6968 -22.8738 0
      vertex 54.68 -23.0201 0
    endloop
  endfacet
  facet normal 0 -0 -1
    outer loop
      vertex 54.5858 -4.65025 0
      vertex 54.7 -5.22427 0
      vertex 44 -25.9 0
    endloop
  endfacet
  facet normal 0 0 -1
    outer loop
      vertex 53.95 -24.0748 0
      vertex 54.68 -23.0201 0
      vertex 54.6489 -23.1639 0
    endloop
  endfacet
  facet normal 0 0 -1
    outer loop
      vertex 54.7 -5.22427 0
      vertex 54.5858 -4.65025 0
      vertex 54.6928 -5.07726 0
    endloop
  endfacet
  facet normal 0 0 -1
    outer loop
      vertex 53.95 -24.0748 0
      vertex 54.6489 -23.1639 0
      vertex 54.6039 -23.3041 0
    endloop
  endfacet
  facet normal 0 0 -1
    outer loop
      vertex 54.6928 -5.07726 0
      vertex 54.5858 -4.65025 0
      vertex 54.6712 -4.93164 0
    endloop
  endfacet
  facet normal 0 0 -1
    outer loop
      vertex 53.95 -24.0748 0
      vertex 54.6039 -23.3041 0
      vertex 54.5453 -23.4391 0
    endloop
  endfacet
  facet normal 0 0 -1
    outer loop
      vertex 53.95 -24.0748 0
      vertex 54.5453 -23.4391 0
      vertex 54.4738 -23.5678 0
    endloop
  endfacet
  facet normal 0 0 -1
    outer loop
      vertex 53.95 -24.0748 0
      vertex 54.4738 -23.5678 0
      vertex 54.39 -23.6889 0
    endloop
  endfacet
  facet normal 0 0 -1
    outer loop
      vertex 53.95 -24.0748 0
      vertex 54.39 -23.6889 0
      vertex 54.2948 -23.8011 0
    endloop
  endfacet
  facet normal 0 0 -1
    outer loop
      vertex 53.95 -24.0748 0
      vertex 54.2948 -23.8011 0
      vertex 54.189 -23.9035 0
    endloop
  endfacet
  facet normal 0 0 -1
    outer loop
      vertex 53.95 -24.0748 0
      vertex 54.189 -23.9035 0
      vertex 54.0737 -23.995 0
    endloop
  endfacet
  facet normal 0 0 -1
    outer loop
      vertex 54.7 -22.7757 0
      vertex 53.95 -24.0748 0
      vertex 44 -25.9 0
    endloop
  endfacet
  facet normal 0 0 -1
    outer loop
      vertex 54.6712 -4.93164 0
      vertex 54.5858 -4.65025 0
      vertex 54.6354 -4.78885 0
    endloop
  endfacet
  facet normal -0 0 -1
    outer loop
      vertex 54.5858 -4.65025 0
      vertex 44 -25.9 0
      vertex 45.2239 15.8634 0
    endloop
  endfacet
  facet normal 0 0 -1
    outer loop
      vertex 44 -25.9 0
      vertex 53.95 -24.0748 0
      vertex 44 -29.8194 0
    endloop
  endfacet
  facet normal -0 0 -1
    outer loop
      vertex 45.2239 15.8634 0
      vertex 44 -25.9 0
      vertex 45.1777 15.95 0
    endloop
  endfacet
  facet normal 0 0 -1
    outer loop
      vertex -39.433 -25.9 0
      vertex 45.1777 15.95 0
      vertex 44 -25.9 0
    endloop
  endfacet
  facet normal 0 0 -1
    outer loop
      vertex 45.1777 15.95 0
      vertex 35.1029 31.9 0
      vertex 36.4019 31.15 0
    endloop
  endfacet
  facet normal 0 0 -1
    outer loop
      vertex 36.4019 31.15 0
      vertex 35.1029 31.9 0
      vertex 36.3222 31.2737 0
    endloop
  endfacet
  facet normal 0 0 -1
    outer loop
      vertex 36.3222 31.2737 0
      vertex 35.1029 31.9 0
      vertex 36.2307 31.389 0
    endloop
  endfacet
  facet normal 0 0 -1
    outer loop
      vertex 36.2307 31.389 0
      vertex 35.1029 31.9 0
      vertex 36.1283 31.4948 0
    endloop
  endfacet
  facet normal 0 0 -1
    outer loop
      vertex 36.1283 31.4948 0
      vertex 35.1029 31.9 0
      vertex 36.016 31.59 0
    endloop
  endfacet
  facet normal 0 0 -1
    outer loop
      vertex 36.016 31.59 0
      vertex 35.1029 31.9 0
      vertex 35.895 31.6738 0
    endloop
  endfacet
  facet normal 0 0 -1
    outer loop
      vertex 35.895 31.6738 0
      vertex 35.1029 31.9 0
      vertex 35.7663 31.7453 0
    endloop
  endfacet
  facet normal 0 0 -1
    outer loop
      vertex 35.7663 31.7453 0
      vertex 35.1029 31.9 0
      vertex 35.6313 31.8038 0
    endloop
  endfacet
  facet normal 0 0 -1
    outer loop
      vertex 35.6313 31.8038 0
      vertex 35.1029 31.9 0
      vertex 35.4911 31.8489 0
    endloop
  endfacet
  facet normal 0 0 -1
    outer loop
      vertex 35.4911 31.8489 0
      vertex 35.1029 31.9 0
      vertex 35.3472 31.88 0
    endloop
  endfacet
  facet normal 0 0 -1
    outer loop
      vertex 35.3472 31.88 0
      vertex 35.1029 31.9 0
      vertex 35.201 31.8968 0
    endloop
  endfacet
  facet normal -0 0 -1
    outer loop
      vertex 45.1777 15.95 0
      vertex -39.433 -25.9 0
      vertex 35.1029 31.9 0
    endloop
  endfacet
  facet normal -0 0 -1
    outer loop
      vertex 35.1029 31.9 0
      vertex -39.433 -25.9 0
      vertex -35.1029 31.9 0
    endloop
  endfacet
  facet normal 0 0 -1
    outer loop
      vertex -45.3778 15.2491 0
      vertex -35.1029 31.9 0
      vertex -39.433 -25.9 0
    endloop
  endfacet
  facet normal 0 -0 -1
    outer loop
      vertex -45.1777 15.95 0
      vertex -35.1029 31.9 0
      vertex -45.3778 15.2491 0
    endloop
  endfacet
  facet normal 0 -0 -1
    outer loop
      vertex -36.4019 31.15 0
      vertex -35.1029 31.9 0
      vertex -45.1777 15.95 0
    endloop
  endfacet
  facet normal 0 0 -1
    outer loop
      vertex -35.1029 31.9 0
      vertex -36.4019 31.15 0
      vertex -35.2499 31.8928 0
    endloop
  endfacet
  facet normal 0 0 -1
    outer loop
      vertex -35.2499 31.8928 0
      vertex -36.4019 31.15 0
      vertex -35.3955 31.8712 0
    endloop
  endfacet
  facet normal 0 0 -1
    outer loop
      vertex -35.3955 31.8712 0
      vertex -36.4019 31.15 0
      vertex -35.5383 31.8354 0
    endloop
  endfacet
  facet normal 0 0 -1
    outer loop
      vertex -35.5383 31.8354 0
      vertex -36.4019 31.15 0
      vertex -35.6769 31.7858 0
    endloop
  endfacet
  facet normal 0 0 -1
    outer loop
      vertex -36.0545 31.5595 0
      vertex -36.4019 31.15 0
      vertex -36.1635 31.4606 0
    endloop
  endfacet
  facet normal 0 0 -1
    outer loop
      vertex -36.1635 31.4606 0
      vertex -36.4019 31.15 0
      vertex -36.2624 31.3516 0
    endloop
  endfacet
  facet normal 0 0 -1
    outer loop
      vertex -36.2624 31.3516 0
      vertex -36.4019 31.15 0
      vertex -36.3501 31.2334 0
    endloop
  endfacet
  facet normal 0 0 -1
    outer loop
      vertex -35.9362 31.6472 0
      vertex -36.4019 31.15 0
      vertex -36.0545 31.5595 0
    endloop
  endfacet
  facet normal 0 0 -1
    outer loop
      vertex -45.3778 -15.1509 0
      vertex -39.433 -25.9 0
      vertex -45.1777 -15.95 0
    endloop
  endfacet
  facet normal 0 0 -1
    outer loop
      vertex -45.3778 15.2491 0
      vertex -39.433 -25.9 0
      vertex -45.3778 -15.1509 0
    endloop
  endfacet
  facet normal 0 0 -1
    outer loop
      vertex -45.3778 -15.1509 0
      vertex -45.1777 -15.95 0
      vertex -45.2239 -15.8634 0
    endloop
  endfacet
  facet normal 0 0 -1
    outer loop
      vertex -35.81 31.7229 0
      vertex -36.4019 31.15 0
      vertex -35.9362 31.6472 0
    endloop
  endfacet
  facet normal 0 0 -1
    outer loop
      vertex -45.3778 -15.1509 0
      vertex -45.2239 -15.8634 0
      vertex -45.2825 -15.7284 0
    endloop
  endfacet
  facet normal 0 0 -1
    outer loop
      vertex -35.6769 31.7858 0
      vertex -36.4019 31.15 0
      vertex -35.81 31.7229 0
    endloop
  endfacet
  facet normal 0 0 -1
    outer loop
      vertex -45.3778 -15.1509 0
      vertex -45.2825 -15.7284 0
      vertex -45.3275 -15.5882 0
    endloop
  endfacet
  facet normal 0 0 -1
    outer loop
      vertex -45.1777 15.95 0
      vertex -45.3778 15.2491 0
      vertex -45.2449 15.8191 0
    endloop
  endfacet
  facet normal 0 0 -1
    outer loop
      vertex -45.3778 -15.1509 0
      vertex -45.3275 -15.5882 0
      vertex -45.3586 -15.4443 0
    endloop
  endfacet
  facet normal 0 0 -1
    outer loop
      vertex -45.2449 15.8191 0
      vertex -45.3778 15.2491 0
      vertex -45.299 15.6822 0
    endloop
  endfacet
  facet normal 0 0 -1
    outer loop
      vertex -45.3778 -15.1509 0
      vertex -45.3586 -15.4443 0
      vertex -45.3754 -15.2981 0
    endloop
  endfacet
  facet normal 0 0 -1
    outer loop
      vertex -45.299 15.6822 0
      vertex -45.3778 15.2491 0
      vertex -45.3394 15.5406 0
    endloop
  endfacet
  facet normal 0 0 -1
    outer loop
      vertex -45.3394 15.5406 0
      vertex -45.3778 15.2491 0
      vertex -45.3658 15.3958 0
    endloop
  endfacet
  facet normal 0.952042 -0.305968 0
    outer loop
      vertex 56.9436 -24.1847 12
      vertex 57.0637 -23.811 2.5
      vertex 57.0637 -23.811 12
    endloop
  endfacet
  facet normal 0.952042 -0.305968 0
    outer loop
      vertex 57.0637 -23.811 2.5
      vertex 56.9436 -24.1847 12
      vertex 56.9436 -24.1847 2.5
    endloop
  endfacet
  facet normal 0.343654 0.618469 -0.706681
    outer loop
      vertex 37.2152 33.7968 2.5
      vertex 35.895 31.6738 0
      vertex 36.872 33.9875 2.5
    endloop
  endfacet
  facet normal -0.171813 0.686351 -0.706684
    outer loop
      vertex -35.5383 31.8354 0
      vertex -36.264 34.2278 2.5
      vertex -35.8833 34.3231 2.5
    endloop
  endfacet
  facet normal 0.508523 0.491939 -0.706683
    outer loop
      vertex 38.1102 33.0374 2.5
      vertex 36.1283 31.4948 0
      vertex 37.8373 33.3195 2.5
    endloop
  endfacet
  facet normal 0.457611 0.539617 -0.706686
    outer loop
      vertex 37.8373 33.3195 2.5
      vertex 36.016 31.59 0
      vertex 37.5379 33.5734 2.5
    endloop
  endfacet
  facet normal 0.569197 0.822201 -0
    outer loop
      vertex 37.5379 33.5734 2.5
      vertex 37.2152 33.7968 12
      vertex 37.5379 33.5734 12
    endloop
  endfacet
  facet normal 0.569197 0.822201 0
    outer loop
      vertex 37.2152 33.7968 12
      vertex 37.5379 33.5734 2.5
      vertex 37.2152 33.7968 2.5
    endloop
  endfacet
  facet normal 0.783224 0.62174 0
    outer loop
      vertex 38.3543 32.7299 12
      vertex 38.1102 33.0374 2.5
      vertex 38.1102 33.0374 12
    endloop
  endfacet
  facet normal 0.783224 0.62174 0
    outer loop
      vertex 38.1102 33.0374 2.5
      vertex 38.3543 32.7299 12
      vertex 38.3543 32.7299 2.5
    endloop
  endfacet
  facet normal -0.658024 0.260037 -0.706672
    outer loop
      vertex -45.299 15.6822 0
      vertex -47.6663 16.4857 2.5
      vertex -45.2449 15.8191 0
    endloop
  endfacet
  facet normal -0.629339 0.32332 -0.70668
    outer loop
      vertex -45.2449 15.8191 0
      vertex -47.5221 16.8508 2.5
      vertex -47.3427 17.2 2.5
    endloop
  endfacet
  facet normal -0.302309 0.639703 -0.706675
    outer loop
      vertex -35.81 31.7229 0
      vertex -36.9885 33.9277 2.5
      vertex -35.6769 31.7858 0
    endloop
  endfacet
  facet normal 0.539544 -0.457702 -0.706683
    outer loop
      vertex 56.1195 -25.5101 2.5
      vertex 54.39 -23.6889 0
      vertex 56.3734 -25.2108 2.5
    endloop
  endfacet
  facet normal 0.581812 -0.402608 -0.706684
    outer loop
      vertex 56.5968 -24.888 2.5
      vertex 54.39 -23.6889 0
      vertex 54.4738 -23.5678 0
    endloop
  endfacet
  facet normal 0.649012 -0.281719 -0.706695
    outer loop
      vertex 56.7875 -24.5449 2.5
      vertex 54.5453 -23.4391 0
      vertex 54.6039 -23.3041 0
    endloop
  endfacet
  facet normal 0.706919 -0.0232397 -0.706912
    outer loop
      vertex 57.1914 -23.0373 2.5
      vertex 54.6968 -22.8738 0
      vertex 57.2 -22.7757 2.5
    endloop
  endfacet
  facet normal 0 0 1
    outer loop
      vertex -47.8765 15.3309 12
      vertex -35.1029 0 12
      vertex -43.8786 15.2 12
    endloop
  endfacet
  facet normal 0 0 1
    outer loop
      vertex 31.8487 0 12
      vertex 23.833 -4.43505 12
      vertex 24 -4.53146 12
    endloop
  endfacet
  facet normal 0 0 1
    outer loop
      vertex 23.833 -4.43505 12
      vertex 22.8 -5.22428 12
      vertex 23.666 -4.72428 12
    endloop
  endfacet
  facet normal 0 0 1
    outer loop
      vertex 22.8 -5.22428 12
      vertex 22.633 -6.51351 12
      vertex 22.8 -6.22428 12
    endloop
  endfacet
  facet normal 0 0 1
    outer loop
      vertex 22.8 -5.22428 12
      vertex 17.5514 0 12
      vertex 22.633 -6.51351 12
    endloop
  endfacet
  facet normal 0 0 1
    outer loop
      vertex 23.833 -4.43505 12
      vertex 17.5514 0 12
      vertex 22.8 -5.22428 12
    endloop
  endfacet
  facet normal -0 0 1
    outer loop
      vertex 17.5514 0 12
      vertex 23.833 -4.43505 12
      vertex 31.8487 0 12
    endloop
  endfacet
  facet normal 0 0 1
    outer loop
      vertex 22.8 -6.60992 12
      vertex 22.633 -6.51351 12
      vertex 22.8 -22.7757 12
    endloop
  endfacet
  facet normal 0 0 1
    outer loop
      vertex 36.8 -30.8586 12
      vertex 22.8 -22.7757 12
      vertex 36.8 -31.0514 12
    endloop
  endfacet
  facet normal 0 0 1
    outer loop
      vertex 38.567 32.4 12
      vertex 43.8786 15.2 12
      vertex 47.3427 17.2 12
    endloop
  endfacet
  facet normal 0 0 1
    outer loop
      vertex 35.1029 30.4 12
      vertex 38.567 32.4 12
      vertex 38.3543 32.7299 12
    endloop
  endfacet
  facet normal 0 0 1
    outer loop
      vertex 35.1029 30.4 12
      vertex 38.3543 32.7299 12
      vertex 38.1102 33.0374 12
    endloop
  endfacet
  facet normal 0 0 1
    outer loop
      vertex 35.1029 30.4 12
      vertex 38.1102 33.0374 12
      vertex 37.8373 33.3195 12
    endloop
  endfacet
  facet normal 0 0 1
    outer loop
      vertex 35.1029 30.4 12
      vertex 37.8373 33.3195 12
      vertex 37.5379 33.5734 12
    endloop
  endfacet
  facet normal 0 0 1
    outer loop
      vertex 35.1029 30.4 12
      vertex 37.5379 33.5734 12
      vertex 37.2152 33.7968 12
    endloop
  endfacet
  facet normal 0 0 1
    outer loop
      vertex 35.1029 30.4 12
      vertex 37.2152 33.7968 12
      vertex 36.872 33.9875 12
    endloop
  endfacet
  facet normal 0 0 1
    outer loop
      vertex 35.1029 30.4 12
      vertex 36.872 33.9875 12
      vertex 36.5119 34.1436 12
    endloop
  endfacet
  facet normal 0 0 1
    outer loop
      vertex 35.1029 30.4 12
      vertex 36.5119 34.1436 12
      vertex 36.1382 34.2637 12
    endloop
  endfacet
  facet normal 0 0 1
    outer loop
      vertex 35.1029 30.4 12
      vertex 36.1382 34.2637 12
      vertex 35.7545 34.3466 12
    endloop
  endfacet
  facet normal 0 0 1
    outer loop
      vertex 35.1029 30.4 12
      vertex 35.7545 34.3466 12
      vertex 35.3645 34.3914 12
    endloop
  endfacet
  facet normal 0 0 1
    outer loop
      vertex 38.567 32.4 12
      vertex 35.1029 30.4 12
      vertex 43.8786 15.2 12
    endloop
  endfacet
  facet normal 0 0 1
    outer loop
      vertex 35.1029 34.4 12
      vertex 35.1029 30.4 12
      vertex 35.3645 34.3914 12
    endloop
  endfacet
  facet normal 0 0 1
    outer loop
      vertex 35.1029 34.4 12
      vertex 17.5514 30.4 12
      vertex 35.1029 30.4 12
    endloop
  endfacet
  facet normal 0 0 1
    outer loop
      vertex 17.5514 30.4 12
      vertex -8.77572 15.2 12
      vertex 8.77572 15.2 12
    endloop
  endfacet
  facet normal 0 0 1
    outer loop
      vertex 17.5514 30.4 12
      vertex -17.5514 30.4 12
      vertex -8.77572 15.2 12
    endloop
  endfacet
  facet normal 0 0 1
    outer loop
      vertex 35.1029 34.4 12
      vertex -17.5514 30.4 12
      vertex 17.5514 30.4 12
    endloop
  endfacet
  facet normal -0 0 1
    outer loop
      vertex -35.1029 34.4 12
      vertex -17.5514 30.4 12
      vertex 35.1029 34.4 12
    endloop
  endfacet
  facet normal 0 0 1
    outer loop
      vertex -35.1029 34.4 12
      vertex -35.1029 30.4 12
      vertex -17.5514 30.4 12
    endloop
  endfacet
  facet normal -0 0 1
    outer loop
      vertex -35.495 34.3807 12
      vertex -35.1029 30.4 12
      vertex -35.1029 34.4 12
    endloop
  endfacet
  facet normal -0 0 1
    outer loop
      vertex -35.8833 34.3231 12
      vertex -35.1029 30.4 12
      vertex -35.495 34.3807 12
    endloop
  endfacet
  facet normal -0 0 1
    outer loop
      vertex -36.264 34.2278 12
      vertex -35.1029 30.4 12
      vertex -35.8833 34.3231 12
    endloop
  endfacet
  facet normal -0 0 1
    outer loop
      vertex -36.6336 34.0955 12
      vertex -35.1029 30.4 12
      vertex -36.264 34.2278 12
    endloop
  endfacet
  facet normal -0 0 1
    outer loop
      vertex -36.9885 33.9277 12
      vertex -35.1029 30.4 12
      vertex -36.6336 34.0955 12
    endloop
  endfacet
  facet normal -0 0 1
    outer loop
      vertex -37.3252 33.7259 12
      vertex -35.1029 30.4 12
      vertex -36.9885 33.9277 12
    endloop
  endfacet
  facet normal -0 0 1
    outer loop
      vertex -37.6405 33.492 12
      vertex -35.1029 30.4 12
      vertex -37.3252 33.7259 12
    endloop
  endfacet
  facet normal -0 0 1
    outer loop
      vertex -37.9313 33.2284 12
      vertex -35.1029 30.4 12
      vertex -37.6405 33.492 12
    endloop
  endfacet
  facet normal -0 0 1
    outer loop
      vertex -38.1949 32.9376 12
      vertex -35.1029 30.4 12
      vertex -37.9313 33.2284 12
    endloop
  endfacet
  facet normal -0 0 1
    outer loop
      vertex -38.4288 32.6223 12
      vertex -35.1029 30.4 12
      vertex -38.1949 32.9376 12
    endloop
  endfacet
  facet normal -0 0 1
    outer loop
      vertex -38.567 32.4 12
      vertex -35.1029 30.4 12
      vertex -38.4288 32.6223 12
    endloop
  endfacet
  facet normal 0 0 1
    outer loop
      vertex -38.567 32.4 12
      vertex -43.8786 15.2 12
      vertex -35.1029 30.4 12
    endloop
  endfacet
  facet normal -0 0 1
    outer loop
      vertex -47.5221 16.8508 12
      vertex -43.8786 15.2 12
      vertex -47.3427 17.2 12
    endloop
  endfacet
  facet normal -0 0 1
    outer loop
      vertex -47.3427 17.2 12
      vertex -43.8786 15.2 12
      vertex -38.567 32.4 12
    endloop
  endfacet
  facet normal -0 0 1
    outer loop
      vertex 53.367 -6.51351 12
      vertex 57.2 -22.7757 12
      vertex 57.2 -5.22427 12
    endloop
  endfacet
  facet normal 0 0 1
    outer loop
      vertex 53.2 -5.22428 12
      vertex 57.2 -5.22427 12
      vertex 57.1807 -4.8322 12
    endloop
  endfacet
  facet normal -0 0 1
    outer loop
      vertex 53.2 -6.60992 12
      vertex 57.2 -22.7757 12
      vertex 53.367 -6.51351 12
    endloop
  endfacet
  facet normal 0 0 1
    outer loop
      vertex 53.2 -5.22428 12
      vertex 57.1807 -4.8322 12
      vertex 57.1231 -4.44391 12
    endloop
  endfacet
  facet normal 0 0 1
    outer loop
      vertex 53.2 -22.7757 12
      vertex 57.2 -22.7757 12
      vertex 53.2 -6.60992 12
    endloop
  endfacet
  facet normal 0 0 1
    outer loop
      vertex 53.2 -5.22428 12
      vertex 57.1231 -4.44391 12
      vertex 57.0278 -4.06314 12
    endloop
  endfacet
  facet normal 0 0 1
    outer loop
      vertex 57.2 -22.7757 12
      vertex 53.2 -22.7757 12
      vertex 57.1914 -23.0373 12
    endloop
  endfacet
  facet normal 0 0 1
    outer loop
      vertex 53.2 -5.22428 12
      vertex 57.0278 -4.06314 12
      vertex 56.8955 -3.69354 12
    endloop
  endfacet
  facet normal 0 0 1
    outer loop
      vertex 57.1914 -23.0373 12
      vertex 53.2 -22.7757 12
      vertex 57.1466 -23.4273 12
    endloop
  endfacet
  facet normal 0 0 1
    outer loop
      vertex 57.0637 -23.811 12
      vertex 53.2 -22.7757 12
      vertex 56.9436 -24.1847 12
    endloop
  endfacet
  facet normal 0 0 1
    outer loop
      vertex 56.9436 -24.1847 12
      vertex 53.2 -22.7757 12
      vertex 56.7875 -24.5449 12
    endloop
  endfacet
  facet normal 0 0 1
    outer loop
      vertex 56.7875 -24.5449 12
      vertex 53.2 -22.7757 12
      vertex 56.5968 -24.888 12
    endloop
  endfacet
  facet normal 0 0 1
    outer loop
      vertex 56.3734 -25.2108 12
      vertex 53.2 -22.7757 12
      vertex 56.1195 -25.5101 12
    endloop
  endfacet
  facet normal 0 0 1
    outer loop
      vertex 56.1195 -25.5101 12
      vertex 53.2 -22.7757 12
      vertex 55.8374 -25.7831 12
    endloop
  endfacet
  facet normal 0 0 1
    outer loop
      vertex 55.8374 -25.7831 12
      vertex 53.2 -22.7757 12
      vertex 55.5299 -26.0271 12
    endloop
  endfacet
  facet normal 0 0 1
    outer loop
      vertex 56.5968 -24.888 12
      vertex 53.2 -22.7757 12
      vertex 56.3734 -25.2108 12
    endloop
  endfacet
  facet normal 0 0 1
    outer loop
      vertex 57.2 -5.22427 12
      vertex 53.2 -5.22428 12
      vertex 53.367 -6.51351 12
    endloop
  endfacet
  facet normal -0 0 1
    outer loop
      vertex 52.167 -4.43505 12
      vertex 53.2 -5.22428 12
      vertex 56.8955 -3.69354 12
    endloop
  endfacet
  facet normal 0 0 1
    outer loop
      vertex 53.2 -5.22428 12
      vertex 52.167 -4.43505 12
      vertex 52.334 -4.72428 12
    endloop
  endfacet
  facet normal 0 0 1
    outer loop
      vertex 47.4661 16.9691 12
      vertex 52.167 -4.43505 12
      vertex 56.8955 -3.69354 12
    endloop
  endfacet
  facet normal -0 0 1
    outer loop
      vertex 43.8786 15.2 12
      vertex 52.167 -4.43505 12
      vertex 47.4661 16.9691 12
    endloop
  endfacet
  facet normal 0 0 1
    outer loop
      vertex 43.8786 15.2 12
      vertex 47.4661 16.9691 12
      vertex 47.3427 17.2 12
    endloop
  endfacet
  facet normal -0 0 1
    outer loop
      vertex 38 3.55145 12
      vertex 52.167 -4.43505 12
      vertex 43.8786 15.2 12
    endloop
  endfacet
  facet normal 0 0 1
    outer loop
      vertex 52.167 -4.43505 12
      vertex 38 3.55145 12
      vertex 52 -4.53146 12
    endloop
  endfacet
  facet normal 0 -0 1
    outer loop
      vertex 38 3.55145 12
      vertex 43.8786 15.2 12
      vertex 36.73 2.81821 12
    endloop
  endfacet
  facet normal 0 0 1
    outer loop
      vertex 57.1466 -23.4273 12
      vertex 53.2 -22.7757 12
      vertex 57.0637 -23.811 12
    endloop
  endfacet
  facet normal 0 0 1
    outer loop
      vertex 55.5299 -26.0271 12
      vertex 53.2 -22.7757 12
      vertex 55.2 -26.2398 12
    endloop
  endfacet
  facet normal 0 0 1
    outer loop
      vertex 39.2 -30.8586 12
      vertex 55.2 -26.2398 12
      vertex 53.2 -22.7757 12
    endloop
  endfacet
  facet normal 0 0 1
    outer loop
      vertex 55.2 -26.2398 12
      vertex 39.2 -31.0514 12
      vertex 40 -35.0155 12
    endloop
  endfacet
  facet normal -0 0 1
    outer loop
      vertex 38 -31.5514 12
      vertex 40 -35.0155 12
      vertex 39.2 -31.0514 12
    endloop
  endfacet
  facet normal 0 0 1
    outer loop
      vertex 55.2 -26.2398 12
      vertex 39.2 -30.8586 12
      vertex 39.2 -31.0514 12
    endloop
  endfacet
  facet normal 0 0 1
    outer loop
      vertex 40 -35.0155 12
      vertex 38 -31.5514 12
      vertex 39.7691 -35.1389 12
    endloop
  endfacet
  facet normal 0 0 1
    outer loop
      vertex 39.7691 -35.1389 12
      vertex 38 -31.5514 12
      vertex 39.409 -35.2951 12
    endloop
  endfacet
  facet normal 0 0 1
    outer loop
      vertex 38 -31.5514 12
      vertex 39.2 -31.0514 12
      vertex 38.866 -31.0514 12
    endloop
  endfacet
  facet normal 0 0 1
    outer loop
      vertex 39.409 -35.2951 12
      vertex 38 -31.5514 12
      vertex 39.0353 -35.4151 12
    endloop
  endfacet
  facet normal 0 0 1
    outer loop
      vertex 39.0353 -35.4151 12
      vertex 38 -31.5514 12
      vertex 38.6516 -35.498 12
    endloop
  endfacet
  facet normal 0 0 1
    outer loop
      vertex 38.6516 -35.498 12
      vertex 38 -31.5514 12
      vertex 38.2616 -35.5429 12
    endloop
  endfacet
  facet normal 0 0 1
    outer loop
      vertex 38 -31.5514 12
      vertex 37.8691 -35.5493 12
      vertex 38.2616 -35.5429 12
    endloop
  endfacet
  facet normal -0 0 1
    outer loop
      vertex 36.8 -31.0514 12
      vertex 38 -31.5514 12
      vertex 37.134 -31.0514 12
    endloop
  endfacet
  facet normal 0 0 1
    outer loop
      vertex 38 -31.5514 12
      vertex 36.8 -31.0514 12
      vertex 37.8691 -35.5493 12
    endloop
  endfacet
  facet normal 0 0 1
    outer loop
      vertex 22.8 -22.7757 12
      vertex 37.8691 -35.5493 12
      vertex 36.8 -31.0514 12
    endloop
  endfacet
  facet normal 0 0 1
    outer loop
      vertex 8.77572 -15.2 12
      vertex 22.633 -6.51351 12
      vertex 17.5514 0 12
    endloop
  endfacet
  facet normal 0 0 1
    outer loop
      vertex 22.633 -6.51351 12
      vertex 8.77572 -15.2 12
      vertex 22.8 -22.7757 12
    endloop
  endfacet
  facet normal 0 0 1
    outer loop
      vertex -17.5514 -30.4 12
      vertex 22.8 -22.7757 12
      vertex 8.77572 -15.2 12
    endloop
  endfacet
  facet normal 0 0 1
    outer loop
      vertex -17.5514 -30.4 12
      vertex 8.77572 -15.2 12
      vertex -8.77572 -15.2 12
    endloop
  endfacet
  facet normal 0 0 1
    outer loop
      vertex 22.8 -22.7757 12
      vertex -17.5514 -30.4 12
      vertex 37.8691 -35.5493 12
    endloop
  endfacet
  facet normal 0 0 1
    outer loop
      vertex -17.5514 -30.4 12
      vertex -35.1029 -34.4 12
      vertex 37.8691 -35.5493 12
    endloop
  endfacet
  facet normal -0 0 1
    outer loop
      vertex -35.1029 -30.4 12
      vertex -35.1029 -34.4 12
      vertex -17.5514 -30.4 12
    endloop
  endfacet
  facet normal 0 0 1
    outer loop
      vertex -35.1029 -30.4 12
      vertex -35.3645 -34.3914 12
      vertex -35.1029 -34.4 12
    endloop
  endfacet
  facet normal 0 0 1
    outer loop
      vertex -35.1029 -30.4 12
      vertex -35.7545 -34.3466 12
      vertex -35.3645 -34.3914 12
    endloop
  endfacet
  facet normal 0 0 1
    outer loop
      vertex -35.1029 -30.4 12
      vertex -36.1382 -34.2637 12
      vertex -35.7545 -34.3466 12
    endloop
  endfacet
  facet normal 0 0 1
    outer loop
      vertex -35.1029 -30.4 12
      vertex -36.5119 -34.1436 12
      vertex -36.1382 -34.2637 12
    endloop
  endfacet
  facet normal 0 0 1
    outer loop
      vertex -35.1029 -30.4 12
      vertex -36.872 -33.9875 12
      vertex -36.5119 -34.1436 12
    endloop
  endfacet
  facet normal 0 0 1
    outer loop
      vertex -35.1029 -30.4 12
      vertex -37.2152 -33.7968 12
      vertex -36.872 -33.9875 12
    endloop
  endfacet
  facet normal 0 0 1
    outer loop
      vertex -35.1029 -30.4 12
      vertex -37.5379 -33.5734 12
      vertex -37.2152 -33.7968 12
    endloop
  endfacet
  facet normal 0 0 1
    outer loop
      vertex -35.1029 -30.4 12
      vertex -37.8373 -33.3195 12
      vertex -37.5379 -33.5734 12
    endloop
  endfacet
  facet normal 0 0 1
    outer loop
      vertex -35.1029 -30.4 12
      vertex -38.1102 -33.0374 12
      vertex -37.8373 -33.3195 12
    endloop
  endfacet
  facet normal 0 0 1
    outer loop
      vertex -35.1029 -30.4 12
      vertex -38.3543 -32.7299 12
      vertex -38.1102 -33.0374 12
    endloop
  endfacet
  facet normal 0 0 1
    outer loop
      vertex -35.1029 -30.4 12
      vertex -38.567 -32.4 12
      vertex -38.3543 -32.7299 12
    endloop
  endfacet
  facet normal 0 0 1
    outer loop
      vertex -43.8786 -15.2 12
      vertex -38.567 -32.4 12
      vertex -35.1029 -30.4 12
    endloop
  endfacet
  facet normal 0 0 1
    outer loop
      vertex -43.8786 -15.2 12
      vertex -47.3427 -17.2 12
      vertex -38.567 -32.4 12
    endloop
  endfacet
  facet normal 0 0 1
    outer loop
      vertex -35.1029 0 12
      vertex -47.8765 15.3309 12
      vertex -47.8765 -15.0691 12
    endloop
  endfacet
  facet normal 0 -0 1
    outer loop
      vertex -47.8701 -15.4616 12
      vertex -43.8786 -15.2 12
      vertex -47.8765 -15.0691 12
    endloop
  endfacet
  facet normal -0 0 1
    outer loop
      vertex -47.6663 16.4857 12
      vertex -43.8786 15.2 12
      vertex -47.5221 16.8508 12
    endloop
  endfacet
  facet normal 0 0 1
    outer loop
      vertex -43.8786 -15.2 12
      vertex -47.4661 -16.9691 12
      vertex -47.3427 -17.2 12
    endloop
  endfacet
  facet normal -0 0 1
    outer loop
      vertex -47.7741 16.1083 12
      vertex -43.8786 15.2 12
      vertex -47.6663 16.4857 12
    endloop
  endfacet
  facet normal 0 0 1
    outer loop
      vertex -43.8786 -15.2 12
      vertex -47.6222 -16.609 12
      vertex -47.4661 -16.9691 12
    endloop
  endfacet
  facet normal -0 0 1
    outer loop
      vertex -47.8444 15.7221 12
      vertex -43.8786 15.2 12
      vertex -47.7741 16.1083 12
    endloop
  endfacet
  facet normal 0 0 1
    outer loop
      vertex -43.8786 -15.2 12
      vertex -47.7423 -16.2353 12
      vertex -47.6222 -16.609 12
    endloop
  endfacet
  facet normal 0 0 1
    outer loop
      vertex -43.8786 15.2 12
      vertex -47.8444 15.7221 12
      vertex -47.8765 15.3309 12
    endloop
  endfacet
  facet normal 0 0 1
    outer loop
      vertex -43.8786 -15.2 12
      vertex -47.8252 -15.8516 12
      vertex -47.7423 -16.2353 12
    endloop
  endfacet
  facet normal 0 0 1
    outer loop
      vertex -35.1029 0 12
      vertex -47.8765 -15.0691 12
      vertex -43.8786 -15.2 12
    endloop
  endfacet
  facet normal 0 0 1
    outer loop
      vertex -43.8786 -15.2 12
      vertex -47.8701 -15.4616 12
      vertex -47.8252 -15.8516 12
    endloop
  endfacet
  facet normal 0 0 1
    outer loop
      vertex 53.367 -6.51351 12
      vertex 53.2 -5.22428 12
      vertex 53.2 -6.22428 12
    endloop
  endfacet
  facet normal -0.680393 0.194123 -0.706669
    outer loop
      vertex -45.3394 15.5406 0
      vertex -47.6663 16.4857 2.5
      vertex -45.299 15.6822 0
    endloop
  endfacet
  facet normal -0.680323 0.194327 -0.706681
    outer loop
      vertex -47.6663 16.4857 2.5
      vertex -45.3394 15.5406 0
      vertex -47.7741 16.1083 2.5
    endloop
  endfacet
  facet normal -1 0 0
    outer loop
      vertex -44 -35.9 -2.25
      vertex -44 -25.9 7.25
      vertex -44 -25.9 -2.25
    endloop
  endfacet
  facet normal -1 -0 0
    outer loop
      vertex -44 -25.9 7.25
      vertex -44 -35.9 -2.25
      vertex -44 -35.9 7.25
    endloop
  endfacet
  facet normal 1 0 0
    outer loop
      vertex 44 -32.7061 7.25
      vertex 44 -35.9 7.25
      vertex 44 -32.7061 2.5
    endloop
  endfacet
  facet normal 1 -0 0
    outer loop
      vertex 44 -29.8194 0
      vertex 44 -25.9 -2.25
      vertex 44 -25.9 0
    endloop
  endfacet
  facet normal 1 0 0
    outer loop
      vertex 44 -29.8194 0
      vertex 44 -35.9 -2.25
      vertex 44 -25.9 -2.25
    endloop
  endfacet
  facet normal 1 0 0
    outer loop
      vertex 44 -32.7061 2.5
      vertex 44 -35.9 -2.25
      vertex 44 -29.8194 0
    endloop
  endfacet
  facet normal 1 0 0
    outer loop
      vertex 44 -35.9 -2.25
      vertex 44 -32.7061 2.5
      vertex 44 -35.9 7.25
    endloop
  endfacet
  facet normal -0 0 1
    outer loop
      vertex 40 -35.0155 7.25
      vertex 44 -35.9 7.25
      vertex 44 -32.7061 7.25
    endloop
  endfacet
  facet normal -0 0 1
    outer loop
      vertex 39.7691 -35.1389 7.25
      vertex 44 -35.9 7.25
      vertex 40 -35.0155 7.25
    endloop
  endfacet
  facet normal -0 0 1
    outer loop
      vertex 39.409 -35.2951 7.25
      vertex 44 -35.9 7.25
      vertex 39.7691 -35.1389 7.25
    endloop
  endfacet
  facet normal -0 0 1
    outer loop
      vertex 39.0353 -35.4151 7.25
      vertex 44 -35.9 7.25
      vertex 39.409 -35.2951 7.25
    endloop
  endfacet
  facet normal -0 0 1
    outer loop
      vertex 38.6516 -35.498 7.25
      vertex 44 -35.9 7.25
      vertex 39.0353 -35.4151 7.25
    endloop
  endfacet
  facet normal 0 0 1
    outer loop
      vertex 37.2475 -35.9 7.25
      vertex 38.6516 -35.498 7.25
      vertex 38.2616 -35.5429 7.25
    endloop
  endfacet
  facet normal 0 0 1
    outer loop
      vertex 37.2475 -35.9 7.25
      vertex 38.2616 -35.5429 7.25
      vertex 37.8691 -35.5493 7.25
    endloop
  endfacet
  facet normal 0 0 1
    outer loop
      vertex 37.2475 -35.9 7.25
      vertex 37.8691 -35.5493 7.25
      vertex 37.2475 -35.5395 7.25
    endloop
  endfacet
  facet normal 0 0 1
    outer loop
      vertex 38.6516 -35.498 7.25
      vertex 37.2475 -35.9 7.25
      vertex 44 -35.9 7.25
    endloop
  endfacet
  facet normal 0 0 1
    outer loop
      vertex -22 -34.6064 7.25
      vertex -26 -35.89 7.25
      vertex -22 -35.1 7.25
    endloop
  endfacet
  facet normal 0 0 1
    outer loop
      vertex -22 -34.6064 7.25
      vertex -26.5127 -35.89 7.25
      vertex -26 -35.89 7.25
    endloop
  endfacet
  facet normal 0 0 1
    outer loop
      vertex -26.5127 -35.89 7.25
      vertex -28.4873 -35.89 7.25
      vertex -26.5127 -35.9 7.25
    endloop
  endfacet
  facet normal 0 0 1
    outer loop
      vertex -22 -34.6064 7.25
      vertex -28.4873 -35.89 7.25
      vertex -26.5127 -35.89 7.25
    endloop
  endfacet
  facet normal 0 0 1
    outer loop
      vertex -35.1029 -34.4 7.25
      vertex -28.4873 -35.89 7.25
      vertex -22 -34.6064 7.25
    endloop
  endfacet
  facet normal 0 0 1
    outer loop
      vertex -33.0127 -35.89 7.25
      vertex -34.9873 -35.89 7.25
      vertex -33.0127 -35.9 7.25
    endloop
  endfacet
  facet normal 0 0 1
    outer loop
      vertex -28.4873 -35.89 7.25
      vertex -35.1029 -34.4 7.25
      vertex -33.0127 -35.89 7.25
    endloop
  endfacet
  facet normal 0 0 1
    outer loop
      vertex -33.0127 -35.89 7.25
      vertex -35.1029 -34.4 7.25
      vertex -34.9873 -35.89 7.25
    endloop
  endfacet
  facet normal 0 0 1
    outer loop
      vertex -35.3645 -34.3914 7.25
      vertex -34.9873 -35.89 7.25
      vertex -35.1029 -34.4 7.25
    endloop
  endfacet
  facet normal 0 0 1
    outer loop
      vertex -35.7545 -34.3466 7.25
      vertex -34.9873 -35.89 7.25
      vertex -35.3645 -34.3914 7.25
    endloop
  endfacet
  facet normal 0 0 1
    outer loop
      vertex -36.1382 -34.2637 7.25
      vertex -34.9873 -35.89 7.25
      vertex -35.7545 -34.3466 7.25
    endloop
  endfacet
  facet normal 0 0 1
    outer loop
      vertex -36.5119 -34.1436 7.25
      vertex -34.9873 -35.89 7.25
      vertex -36.1382 -34.2637 7.25
    endloop
  endfacet
  facet normal 0 0 1
    outer loop
      vertex -39.5127 -35.89 7.25
      vertex -36.5119 -34.1436 7.25
      vertex -36.872 -33.9875 7.25
    endloop
  endfacet
  facet normal 0 0 1
    outer loop
      vertex -39.5127 -35.89 7.25
      vertex -36.872 -33.9875 7.25
      vertex -37.2152 -33.7968 7.25
    endloop
  endfacet
  facet normal 0 0 1
    outer loop
      vertex -39.5127 -35.89 7.25
      vertex -37.2152 -33.7968 7.25
      vertex -37.5379 -33.5734 7.25
    endloop
  endfacet
  facet normal 0 0 1
    outer loop
      vertex -39.5127 -35.89 7.25
      vertex -37.5379 -33.5734 7.25
      vertex -37.8373 -33.3195 7.25
    endloop
  endfacet
  facet normal 0 0 1
    outer loop
      vertex -36.5119 -34.1436 7.25
      vertex -39.5127 -35.89 7.25
      vertex -34.9873 -35.89 7.25
    endloop
  endfacet
  facet normal 0 0 1
    outer loop
      vertex -38.1102 -33.0374 7.25
      vertex -39.5127 -35.89 7.25
      vertex -37.8373 -33.3195 7.25
    endloop
  endfacet
  facet normal 0 0 1
    outer loop
      vertex -38.3543 -32.7299 7.25
      vertex -39.5127 -35.89 7.25
      vertex -38.1102 -33.0374 7.25
    endloop
  endfacet
  facet normal 0 0 1
    outer loop
      vertex -38.567 -32.4 7.25
      vertex -39.5127 -35.89 7.25
      vertex -38.3543 -32.7299 7.25
    endloop
  endfacet
  facet normal 0 0 1
    outer loop
      vertex -39.5127 -35.89 7.25
      vertex -41.4873 -35.89 7.25
      vertex -39.5127 -35.9 7.25
    endloop
  endfacet
  facet normal 0 0 1
    outer loop
      vertex -38.567 -32.4 7.25
      vertex -41.4873 -35.89 7.25
      vertex -39.5127 -35.89 7.25
    endloop
  endfacet
  facet normal -0 0 1
    outer loop
      vertex -44 -25.9 7.25
      vertex -38.567 -32.4 7.25
      vertex -42.3198 -25.9 7.25
    endloop
  endfacet
  facet normal 0 0 1
    outer loop
      vertex -38.567 -32.4 7.25
      vertex -43 -35.89 7.25
      vertex -41.4873 -35.89 7.25
    endloop
  endfacet
  facet normal 0 0 1
    outer loop
      vertex -38.567 -32.4 7.25
      vertex -44 -25.9 7.25
      vertex -43 -35.89 7.25
    endloop
  endfacet
  facet normal 0 0 1
    outer loop
      vertex -44 -35.9 7.25
      vertex -43 -35.89 7.25
      vertex -44 -25.9 7.25
    endloop
  endfacet
  facet normal 0 0 1
    outer loop
      vertex -43 -35.89 7.25
      vertex -44 -35.9 7.25
      vertex -43 -35.9 7.25
    endloop
  endfacet
  facet normal -0 0 1
    outer loop
      vertex 8 -35.1 7.25
      vertex 17.569 -35.2296 7.25
      vertex 8 -35.0789 7.25
    endloop
  endfacet
  facet normal 0 0 1
    outer loop
      vertex 17.569 -35.2296 7.25
      vertex 8 -35.1 7.25
      vertex 17.569 -35.9 7.25
    endloop
  endfacet
  facet normal 0 0 1
    outer loop
      vertex -26 -35.9 7.25
      vertex 8 -35.1 7.25
      vertex -22 -35.1 7.25
    endloop
  endfacet
  facet normal 0 0 1
    outer loop
      vertex -26 -35.9 7.25
      vertex -22 -35.1 7.25
      vertex -26 -35.89 7.25
    endloop
  endfacet
  facet normal 0 0 1
    outer loop
      vertex 8 -35.1 7.25
      vertex -26 -35.9 7.25
      vertex 17.569 -35.9 7.25
    endloop
  endfacet
  facet normal 0 0 1
    outer loop
      vertex -26.5127 -35.9 7.25
      vertex -28.4873 -35.89 7.25
      vertex -28.4873 -35.9 7.25
    endloop
  endfacet
  facet normal 0 0 1
    outer loop
      vertex -33.0127 -35.9 7.25
      vertex -34.9873 -35.89 7.25
      vertex -34.9873 -35.9 7.25
    endloop
  endfacet
  facet normal 0 0 1
    outer loop
      vertex -39.5127 -35.9 7.25
      vertex -41.4873 -35.89 7.25
      vertex -41.4873 -35.9 7.25
    endloop
  endfacet
  facet normal 0 0 1
    outer loop
      vertex 19.0991 -35.9 7.25
      vertex 20.7943 -35.2804 7.25
      vertex 19.0991 -35.2537 7.25
    endloop
  endfacet
  facet normal 0 0 1
    outer loop
      vertex 20.7943 -35.2804 7.25
      vertex 19.0991 -35.9 7.25
      vertex 20.7943 -35.9 7.25
    endloop
  endfacet
  facet normal 0 0 1
    outer loop
      vertex 22.3237 -35.9 7.25
      vertex 25.8692 -35.3603 7.25
      vertex 22.3237 -35.3045 7.25
    endloop
  endfacet
  facet normal 0 0 1
    outer loop
      vertex 25.8692 -35.3603 7.25
      vertex 22.3237 -35.9 7.25
      vertex 25.8692 -35.9 7.25
    endloop
  endfacet
  facet normal 0 0 1
    outer loop
      vertex 27.3978 -35.9 7.25
      vertex 32.5147 -35.465 7.25
      vertex 27.3978 -35.3844 7.25
    endloop
  endfacet
  facet normal 0 0 1
    outer loop
      vertex 32.5147 -35.465 7.25
      vertex 27.3978 -35.9 7.25
      vertex 32.5147 -35.9 7.25
    endloop
  endfacet
  facet normal 0 0 1
    outer loop
      vertex 34.0812 -35.9 7.25
      vertex 35.6871 -35.5149 7.25
      vertex 34.0812 -35.4896 7.25
    endloop
  endfacet
  facet normal 0 0 1
    outer loop
      vertex 35.6871 -35.5149 7.25
      vertex 34.0812 -35.9 7.25
      vertex 35.6871 -35.9 7.25
    endloop
  endfacet
  facet normal 0 1 0
    outer loop
      vertex 44 -25.9 0
      vertex 44 -25.9 -2.25
      vertex -39.433 -25.9 0
    endloop
  endfacet
  facet normal 0 1 -0
    outer loop
      vertex -42.3198 -25.9 2.5
      vertex -44 -25.9 7.25
      vertex -42.3198 -25.9 7.25
    endloop
  endfacet
  facet normal 0 1 0
    outer loop
      vertex -42.3198 -25.9 2.5
      vertex -44 -25.9 -2.25
      vertex -44 -25.9 7.25
    endloop
  endfacet
  facet normal 0 1 0
    outer loop
      vertex -39.433 -25.9 0
      vertex -44 -25.9 -2.25
      vertex -42.3198 -25.9 2.5
    endloop
  endfacet
  facet normal 0 1 0
    outer loop
      vertex -44 -25.9 -2.25
      vertex -39.433 -25.9 0
      vertex 44 -25.9 -2.25
    endloop
  endfacet
  facet normal 0 -1 0
    outer loop
      vertex -44 -35.9 7.25
      vertex -43 -35.9 4.23727
      vertex -43 -35.9 7.25
    endloop
  endfacet
  facet normal 0 -1 0
    outer loop
      vertex -44 -35.9 7.25
      vertex -43 -35.9 2.26275
      vertex -43 -35.9 4.23727
    endloop
  endfacet
  facet normal 0 -1 0
    outer loop
      vertex -44 -35.9 -2.25
      vertex -43 -35.9 2.26275
      vertex -44 -35.9 7.25
    endloop
  endfacet
  facet normal 0 -1 0
    outer loop
      vertex -44 -35.9 -2.25
      vertex -42.2372 -35.9 1.5
      vertex -43 -35.9 1.5
    endloop
  endfacet
  facet normal 0 -1 -0
    outer loop
      vertex -42.2372 -35.9 1.5
      vertex -44 -35.9 -2.25
      vertex -40.2627 -35.9 1.5
    endloop
  endfacet
  facet normal 0 -1 -0
    outer loop
      vertex -40.2627 -35.9 1.5
      vertex -44 -35.9 -2.25
      vertex -35.7372 -35.9 1.5
    endloop
  endfacet
  facet normal 0 -1 -0
    outer loop
      vertex -35.7372 -35.9 1.5
      vertex -44 -35.9 -2.25
      vertex -33.7627 -35.9 1.5
    endloop
  endfacet
  facet normal 0 -1 -0
    outer loop
      vertex -33.7627 -35.9 1.5
      vertex -44 -35.9 -2.25
      vertex -29.2372 -35.9 1.5
    endloop
  endfacet
  facet normal 0 -1 -0
    outer loop
      vertex -29.2372 -35.9 1.5
      vertex -44 -35.9 -2.25
      vertex -27.2627 -35.9 1.5
    endloop
  endfacet
  facet normal 0 -1 -0
    outer loop
      vertex -27.2627 -35.9 1.5
      vertex -44 -35.9 -2.25
      vertex -26 -35.9 1.5
    endloop
  endfacet
  facet normal 0 -1 -0
    outer loop
      vertex -43 -35.9 2.26275
      vertex -44 -35.9 -2.25
      vertex -43 -35.9 1.5
    endloop
  endfacet
  facet normal 0 -1 0
    outer loop
      vertex -42.2372 -35.9 1.5
      vertex -43 -35.9 4.23727
      vertex -43 -35.9 2.26275
    endloop
  endfacet
  facet normal 0 -1 0
    outer loop
      vertex -43 -35.9 4.23727
      vertex -42.2372 -35.9 1.5
      vertex -40.2627 -35.9 1.5
    endloop
  endfacet
  facet normal 0 -1 0
    outer loop
      vertex -35.7372 -35.9 1.5
      vertex -39.5127 -35.9 7.25
      vertex -41.4873 -35.9 7.25
    endloop
  endfacet
  facet normal 0 -1 0
    outer loop
      vertex -39.5127 -35.9 7.25
      vertex -35.7372 -35.9 1.5
      vertex -33.7627 -35.9 1.5
    endloop
  endfacet
  facet normal 0 -1 0
    outer loop
      vertex -29.2372 -35.9 1.5
      vertex -33.0127 -35.9 7.25
      vertex -34.9873 -35.9 7.25
    endloop
  endfacet
  facet normal 0 -1 0
    outer loop
      vertex -33.0127 -35.9 7.25
      vertex -29.2372 -35.9 1.5
      vertex -27.2627 -35.9 1.5
    endloop
  endfacet
  facet normal 0 -1 0
    outer loop
      vertex -28.4873 -35.9 7.25
      vertex -26 -35.9 6.73727
      vertex -26.5127 -35.9 7.25
    endloop
  endfacet
  facet normal 0 -1 0
    outer loop
      vertex -26 -35.9 7.25
      vertex 17.4541 -35.9 6.39697
      vertex 17.4783 -35.9 6.70776
    endloop
  endfacet
  facet normal 0 -1 0
    outer loop
      vertex -26 -35.9 6.73727
      vertex 17.4461 -35.9 6.06905
      vertex 17.4541 -35.9 6.39697
    endloop
  endfacet
  facet normal 0 -1 0
    outer loop
      vertex -26 -35.9 4.76275
      vertex 17.4461 -35.9 6.06905
      vertex -26 -35.9 6.73727
    endloop
  endfacet
  facet normal 0 -1 -0
    outer loop
      vertex 17.4461 -35.9 6.06905
      vertex -26 -35.9 4.76275
      vertex 17.4541 -35.9 5.742
    endloop
  endfacet
  facet normal 0 -1 -0
    outer loop
      vertex 17.4541 -35.9 5.742
      vertex -26 -35.9 4.76275
      vertex 17.4783 -35.9 5.43196
    endloop
  endfacet
  facet normal 0 -1 0
    outer loop
      vertex -26 -35.9 1.5
      vertex 17.4783 -35.9 5.43196
      vertex -26 -35.9 4.76275
    endloop
  endfacet
  facet normal 0 -1 0
    outer loop
      vertex -26 -35.9 4.76275
      vertex -26 -35.9 6.73727
      vertex -28.4873 -35.9 7.25
    endloop
  endfacet
  facet normal 0 -1 -0
    outer loop
      vertex 17.4783 -35.9 5.43196
      vertex -26 -35.9 1.5
      vertex 17.5184 -35.9 5.13896
    endloop
  endfacet
  facet normal 0 -1 -0
    outer loop
      vertex 17.5184 -35.9 5.13896
      vertex -26 -35.9 1.5
      vertex 17.5747 -35.9 4.86299
    endloop
  endfacet
  facet normal 0 -1 -0
    outer loop
      vertex 17.5747 -35.9 4.86299
      vertex -26 -35.9 1.5
      vertex 17.647 -35.9 4.60406
    endloop
  endfacet
  facet normal 0 -1 -0
    outer loop
      vertex 17.647 -35.9 4.60406
      vertex -26 -35.9 1.5
      vertex 17.7354 -35.9 4.36217
    endloop
  endfacet
  facet normal 0 -1 -0
    outer loop
      vertex 17.7354 -35.9 4.36217
      vertex -26 -35.9 1.5
      vertex 17.8399 -35.9 4.1373
    endloop
  endfacet
  facet normal 0 -1 -0
    outer loop
      vertex 17.8399 -35.9 4.1373
      vertex -26 -35.9 1.5
      vertex 17.9605 -35.9 3.92946
    endloop
  endfacet
  facet normal 0 -1 -0
    outer loop
      vertex 17.9605 -35.9 3.92946
      vertex -26 -35.9 1.5
      vertex 18.0971 -35.9 3.73866
    endloop
  endfacet
  facet normal 0 -1 -0
    outer loop
      vertex 18.0971 -35.9 3.73866
      vertex -26 -35.9 1.5
      vertex 18.2486 -35.9 3.56653
    endloop
  endfacet
  facet normal 0 -1 -0
    outer loop
      vertex 18.2486 -35.9 3.56653
      vertex -26 -35.9 1.5
      vertex 18.4136 -35.9 3.41464
    endloop
  endfacet
  facet normal 0 -1 -0
    outer loop
      vertex 18.4136 -35.9 3.41464
      vertex -26 -35.9 1.5
      vertex 18.5921 -35.9 3.283
    endloop
  endfacet
  facet normal 0 -1 -0
    outer loop
      vertex 18.5921 -35.9 3.283
      vertex -26 -35.9 1.5
      vertex 18.7843 -35.9 3.17162
    endloop
  endfacet
  facet normal 0 -1 -0
    outer loop
      vertex 18.7843 -35.9 3.17162
      vertex -26 -35.9 1.5
      vertex 18.99 -35.9 3.08047
    endloop
  endfacet
  facet normal 0 -1 -0
    outer loop
      vertex 18.99 -35.9 3.08047
      vertex -26 -35.9 1.5
      vertex 19.2092 -35.9 3.0096
    endloop
  endfacet
  facet normal 0 -1 -0
    outer loop
      vertex 19.2092 -35.9 3.0096
      vertex -26 -35.9 1.5
      vertex 19.442 -35.9 2.95897
    endloop
  endfacet
  facet normal 0 -1 0
    outer loop
      vertex 44 -35.9 -2.25
      vertex 19.6884 -35.9 2.92859
      vertex -26 -35.9 1.5
    endloop
  endfacet
  facet normal 0 -1 -0
    outer loop
      vertex 19.442 -35.9 2.95897
      vertex -26 -35.9 1.5
      vertex 19.6884 -35.9 2.92859
    endloop
  endfacet
  facet normal 0 -1 0
    outer loop
      vertex -26 -35.9 7.25
      vertex 17.5184 -35.9 7.00142
      vertex 17.569 -35.9 7.25
    endloop
  endfacet
  facet normal 0 -1 0
    outer loop
      vertex 17.4541 -35.9 6.39697
      vertex -26 -35.9 7.25
      vertex -26 -35.9 6.73727
    endloop
  endfacet
  facet normal 0 -1 0
    outer loop
      vertex -26 -35.9 7.25
      vertex 17.4783 -35.9 6.70776
      vertex 17.5184 -35.9 7.00142
    endloop
  endfacet
  facet normal 0 -1 0
    outer loop
      vertex 22.3742 -35.9 7.00142
      vertex 25.8692 -35.9 7.25
      vertex 22.3237 -35.9 7.25
    endloop
  endfacet
  facet normal 0 -1 0
    outer loop
      vertex 22.4144 -35.9 6.70776
      vertex 25.8692 -35.9 7.25
      vertex 22.3742 -35.9 7.00142
    endloop
  endfacet
  facet normal 0 -1 0
    outer loop
      vertex 22.4385 -35.9 6.39697
      vertex 25.8692 -35.9 7.25
      vertex 22.4144 -35.9 6.70776
    endloop
  endfacet
  facet normal 0 -1 0
    outer loop
      vertex 22.4466 -35.9 6.06905
      vertex 25.8692 -35.9 7.25
      vertex 22.4385 -35.9 6.39697
    endloop
  endfacet
  facet normal 0 -1 0
    outer loop
      vertex 22.4385 -35.9 5.742
      vertex 25.8692 -35.9 7.25
      vertex 22.4466 -35.9 6.06905
    endloop
  endfacet
  facet normal 0 -1 0
    outer loop
      vertex 22.4144 -35.9 5.43196
      vertex 25.8692 -35.9 7.25
      vertex 22.4385 -35.9 5.742
    endloop
  endfacet
  facet normal 0 -1 0
    outer loop
      vertex 23.9508 -35.9 3.03751
      vertex 22.4144 -35.9 5.43196
      vertex 22.3742 -35.9 5.13896
    endloop
  endfacet
  facet normal 0 -1 0
    outer loop
      vertex 23.9508 -35.9 3.03751
      vertex 22.3742 -35.9 5.13896
      vertex 22.318 -35.9 4.86299
    endloop
  endfacet
  facet normal 0 -1 0
    outer loop
      vertex 23.9508 -35.9 3.03751
      vertex 22.318 -35.9 4.86299
      vertex 22.2457 -35.9 4.60406
    endloop
  endfacet
  facet normal 0 -1 0
    outer loop
      vertex 23.9508 -35.9 3.03751
      vertex 22.2457 -35.9 4.60406
      vertex 22.1572 -35.9 4.36217
    endloop
  endfacet
  facet normal 0 -1 0
    outer loop
      vertex 23.9508 -35.9 3.03751
      vertex 22.1572 -35.9 4.36217
      vertex 22.0527 -35.9 4.1373
    endloop
  endfacet
  facet normal 0 -1 0
    outer loop
      vertex 23.9508 -35.9 3.03751
      vertex 22.0527 -35.9 4.1373
      vertex 21.9322 -35.9 3.92946
    endloop
  endfacet
  facet normal 0 -1 0
    outer loop
      vertex 23.9508 -35.9 3.03751
      vertex 21.9322 -35.9 3.92946
      vertex 21.7956 -35.9 3.73866
    endloop
  endfacet
  facet normal 0 -1 0
    outer loop
      vertex 23.9508 -35.9 3.03751
      vertex 21.7956 -35.9 3.73866
      vertex 21.6442 -35.9 3.56653
    endloop
  endfacet
  facet normal 0 -1 0
    outer loop
      vertex 23.9508 -35.9 3.03751
      vertex 21.6442 -35.9 3.56653
      vertex 21.4793 -35.9 3.41464
    endloop
  endfacet
  facet normal 0 -1 0
    outer loop
      vertex 22.4144 -35.9 5.43196
      vertex 23.9508 -35.9 3.03751
      vertex 25.8692 -35.9 7.25
    endloop
  endfacet
  facet normal 0 -1 0
    outer loop
      vertex 21.301 -35.9 3.283
      vertex 23.9508 -35.9 3.03751
      vertex 21.4793 -35.9 3.41464
    endloop
  endfacet
  facet normal 0 -1 0
    outer loop
      vertex 21.1092 -35.9 3.17162
      vertex 23.9508 -35.9 3.03751
      vertex 21.301 -35.9 3.283
    endloop
  endfacet
  facet normal 0 -1 0
    outer loop
      vertex 20.904 -35.9 3.08047
      vertex 23.9508 -35.9 3.03751
      vertex 21.1092 -35.9 3.17162
    endloop
  endfacet
  facet normal 0 -1 0
    outer loop
      vertex 44 -35.9 -2.25
      vertex 25.4766 -35.9 3.03751
      vertex 23.9508 -35.9 3.03751
    endloop
  endfacet
  facet normal 0 -1 0
    outer loop
      vertex 25.4766 -35.9 3.03751
      vertex 44 -35.9 -2.25
      vertex 32.5147 -35.9 3.03751
    endloop
  endfacet
  facet normal 0 -1 0
    outer loop
      vertex 20.4531 -35.9 2.95897
      vertex 23.9508 -35.9 3.03751
      vertex 20.6853 -35.9 3.0096
    endloop
  endfacet
  facet normal 0 -1 0
    outer loop
      vertex 20.6853 -35.9 3.0096
      vertex 23.9508 -35.9 3.03751
      vertex 20.904 -35.9 3.08047
    endloop
  endfacet
  facet normal 0 -1 0
    outer loop
      vertex 37.244 -35.9 7.22495
      vertex 44 -35.9 7.25
      vertex 37.2475 -35.9 7.25
    endloop
  endfacet
  facet normal 0 -1 0
    outer loop
      vertex 37.3922 -35.9 5.46521
      vertex 37.244 -35.9 7.22495
      vertex 37.226 -35.9 7.13785
    endloop
  endfacet
  facet normal 0 -1 0
    outer loop
      vertex 37.3478 -35.9 5.564
      vertex 37.226 -35.9 7.13785
      vertex 37.203 -35.9 7.05402
    endloop
  endfacet
  facet normal 0 -1 0
    outer loop
      vertex 37.2966 -35.9 5.65836
      vertex 37.203 -35.9 7.05402
      vertex 37.1748 -35.9 6.97343
    endloop
  endfacet
  facet normal 0 -1 0
    outer loop
      vertex 37.2385 -35.9 5.74831
      vertex 37.1748 -35.9 6.97343
      vertex 37.1415 -35.9 6.89613
    endloop
  endfacet
  facet normal 0 -1 0
    outer loop
      vertex 37.2385 -35.9 5.74831
      vertex 37.1415 -35.9 6.89613
      vertex 37.1031 -35.9 6.8221
    endloop
  endfacet
  facet normal 0 -1 0
    outer loop
      vertex 37.1742 -35.9 5.83299
      vertex 37.1031 -35.9 6.8221
      vertex 37.0595 -35.9 6.75131
    endloop
  endfacet
  facet normal 0 -1 0
    outer loop
      vertex 37.1043 -35.9 5.91154
      vertex 37.0595 -35.9 6.75131
      vertex 37.0111 -35.9 6.68414
    endloop
  endfacet
  facet normal 0 -1 0
    outer loop
      vertex 37.0288 -35.9 5.98395
      vertex 37.0111 -35.9 6.68414
      vertex 36.958 -35.9 6.62096
    endloop
  endfacet
  facet normal 0 -1 0
    outer loop
      vertex 36.9476 -35.9 6.05022
      vertex 36.958 -35.9 6.62096
      vertex 36.9004 -35.9 6.56172
    endloop
  endfacet
  facet normal 0 -1 0
    outer loop
      vertex 36.8608 -35.9 6.11038
      vertex 36.9004 -35.9 6.56172
      vertex 36.8381 -35.9 6.50647
    endloop
  endfacet
  facet normal 0 -1 0
    outer loop
      vertex 36.8608 -35.9 6.11038
      vertex 36.8381 -35.9 6.50647
      vertex 36.7712 -35.9 6.45517
    endloop
  endfacet
  facet normal 0 -1 0
    outer loop
      vertex 36.7684 -35.9 6.1644
      vertex 36.7712 -35.9 6.45517
      vertex 36.6997 -35.9 6.40785
    endloop
  endfacet
  facet normal 0 -1 0
    outer loop
      vertex 36.6703 -35.9 6.2123
      vertex 36.6997 -35.9 6.40785
      vertex 36.6235 -35.9 6.36449
    endloop
  endfacet
  facet normal 0 -1 0
    outer loop
      vertex 36.5667 -35.9 6.25404
      vertex 36.6235 -35.9 6.36449
      vertex 36.5427 -35.9 6.32509
    endloop
  endfacet
  facet normal 0 -1 0
    outer loop
      vertex 36.5667 -35.9 6.25404
      vertex 36.5427 -35.9 6.32509
      vertex 36.4573 -35.9 6.28967
    endloop
  endfacet
  facet normal 0 -1 -0
    outer loop
      vertex 36.6235 -35.9 6.36449
      vertex 36.5667 -35.9 6.25404
      vertex 36.6703 -35.9 6.2123
    endloop
  endfacet
  facet normal 0 -1 -0
    outer loop
      vertex 36.6997 -35.9 6.40785
      vertex 36.6703 -35.9 6.2123
      vertex 36.7684 -35.9 6.1644
    endloop
  endfacet
  facet normal 0 -1 -0
    outer loop
      vertex 36.7712 -35.9 6.45517
      vertex 36.7684 -35.9 6.1644
      vertex 36.8608 -35.9 6.11038
    endloop
  endfacet
  facet normal 0 -1 -0
    outer loop
      vertex 36.9004 -35.9 6.56172
      vertex 36.8608 -35.9 6.11038
      vertex 36.9476 -35.9 6.05022
    endloop
  endfacet
  facet normal 0 -1 -0
    outer loop
      vertex 36.958 -35.9 6.62096
      vertex 36.9476 -35.9 6.05022
      vertex 37.0288 -35.9 5.98395
    endloop
  endfacet
  facet normal 0 -1 0
    outer loop
      vertex 37.0111 -35.9 6.68414
      vertex 37.0288 -35.9 5.98395
      vertex 37.1043 -35.9 5.91154
    endloop
  endfacet
  facet normal 0 -1 0
    outer loop
      vertex 37.0595 -35.9 6.75131
      vertex 37.1043 -35.9 5.91154
      vertex 37.1742 -35.9 5.83299
    endloop
  endfacet
  facet normal 0 -1 0
    outer loop
      vertex 37.1031 -35.9 6.8221
      vertex 37.1742 -35.9 5.83299
      vertex 37.2385 -35.9 5.74831
    endloop
  endfacet
  facet normal 0 -1 0
    outer loop
      vertex 37.1748 -35.9 6.97343
      vertex 37.2385 -35.9 5.74831
      vertex 37.2966 -35.9 5.65836
    endloop
  endfacet
  facet normal 0 -1 0
    outer loop
      vertex 37.203 -35.9 7.05402
      vertex 37.2966 -35.9 5.65836
      vertex 37.3478 -35.9 5.564
    endloop
  endfacet
  facet normal 0 -1 0
    outer loop
      vertex 37.226 -35.9 7.13785
      vertex 37.3478 -35.9 5.564
      vertex 37.3922 -35.9 5.46521
    endloop
  endfacet
  facet normal 0 -1 0
    outer loop
      vertex 37.244 -35.9 7.22495
      vertex 37.3922 -35.9 5.46521
      vertex 44 -35.9 7.25
    endloop
  endfacet
  facet normal 0 -1 0
    outer loop
      vertex 37.4298 -35.9 5.362
      vertex 44 -35.9 7.25
      vertex 37.3922 -35.9 5.46521
    endloop
  endfacet
  facet normal 0 -1 0
    outer loop
      vertex 37.4605 -35.9 5.25436
      vertex 44 -35.9 7.25
      vertex 37.4298 -35.9 5.362
    endloop
  endfacet
  facet normal 0 -1 0
    outer loop
      vertex 37.4845 -35.9 5.1423
      vertex 44 -35.9 7.25
      vertex 37.4605 -35.9 5.25436
    endloop
  endfacet
  facet normal 0 -1 0
    outer loop
      vertex 37.5015 -35.9 5.02583
      vertex 44 -35.9 7.25
      vertex 37.4845 -35.9 5.1423
    endloop
  endfacet
  facet normal 0 -1 0
    outer loop
      vertex 37.5118 -35.9 4.90492
      vertex 44 -35.9 7.25
      vertex 37.5015 -35.9 5.02583
    endloop
  endfacet
  facet normal 0 -1 0
    outer loop
      vertex 37.5152 -35.9 4.7796
      vertex 44 -35.9 7.25
      vertex 37.5118 -35.9 4.90492
    endloop
  endfacet
  facet normal 0 -1 0
    outer loop
      vertex 37.5079 -35.9 4.58977
      vertex 44 -35.9 7.25
      vertex 37.5152 -35.9 4.7796
    endloop
  endfacet
  facet normal 0 -1 0
    outer loop
      vertex 37.4859 -35.9 4.41096
      vertex 44 -35.9 7.25
      vertex 37.5079 -35.9 4.58977
    endloop
  endfacet
  facet normal 0 -1 0
    outer loop
      vertex 37.4492 -35.9 4.24324
      vertex 44 -35.9 7.25
      vertex 37.4859 -35.9 4.41096
    endloop
  endfacet
  facet normal 0 -1 0
    outer loop
      vertex 37.3979 -35.9 4.08655
      vertex 44 -35.9 7.25
      vertex 37.4492 -35.9 4.24324
    endloop
  endfacet
  facet normal 0 -1 0
    outer loop
      vertex 44 -35.9 -2.25
      vertex 37.3979 -35.9 4.08655
      vertex 37.3318 -35.9 3.94093
    endloop
  endfacet
  facet normal 0 -1 0
    outer loop
      vertex 44 -35.9 -2.25
      vertex 37.3318 -35.9 3.94093
      vertex 37.2512 -35.9 3.80635
    endloop
  endfacet
  facet normal 0 -1 0
    outer loop
      vertex 44 -35.9 -2.25
      vertex 37.2512 -35.9 3.80635
      vertex 37.1558 -35.9 3.68283
    endloop
  endfacet
  facet normal 0 -1 0
    outer loop
      vertex 44 -35.9 -2.25
      vertex 37.1558 -35.9 3.68283
      vertex 37.0458 -35.9 3.57037
    endloop
  endfacet
  facet normal 0 -1 0
    outer loop
      vertex 44 -35.9 -2.25
      vertex 37.0458 -35.9 3.57037
      vertex 36.9211 -35.9 3.46896
    endloop
  endfacet
  facet normal 0 -1 0
    outer loop
      vertex 44 -35.9 -2.25
      vertex 36.9211 -35.9 3.46896
      vertex 36.7815 -35.9 3.37842
    endloop
  endfacet
  facet normal 0 -1 0
    outer loop
      vertex 20.2074 -35.9 2.92859
      vertex 23.9508 -35.9 3.03751
      vertex 20.4531 -35.9 2.95897
    endloop
  endfacet
  facet normal 0 -1 -0
    outer loop
      vertex 23.9508 -35.9 3.03751
      vertex 20.2074 -35.9 2.92859
      vertex 44 -35.9 -2.25
    endloop
  endfacet
  facet normal 0 -1 0
    outer loop
      vertex 44 -35.9 -2.25
      vertex 20.2074 -35.9 2.92859
      vertex 19.9483 -35.9 2.91847
    endloop
  endfacet
  facet normal 0 -1 0
    outer loop
      vertex 19.6884 -35.9 2.92859
      vertex 44 -35.9 -2.25
      vertex 19.9483 -35.9 2.91847
    endloop
  endfacet
  facet normal 0 -1 0
    outer loop
      vertex 32.5147 -35.9 3.03751
      vertex 44 -35.9 -2.25
      vertex 35.1147 -35.9 3.03751
    endloop
  endfacet
  facet normal 0 -1 0
    outer loop
      vertex 44 -35.9 -2.25
      vertex -26 -35.9 1.5
      vertex -44 -35.9 -2.25
    endloop
  endfacet
  facet normal 0 -1 0
    outer loop
      vertex 35.1147 -35.9 3.03751
      vertex 44 -35.9 -2.25
      vertex 35.3765 -35.9 3.04283
    endloop
  endfacet
  facet normal 0 -1 0
    outer loop
      vertex 37.3979 -35.9 4.08655
      vertex 44 -35.9 -2.25
      vertex 44 -35.9 7.25
    endloop
  endfacet
  facet normal 0 -1 0
    outer loop
      vertex 36.6266 -35.9 3.29851
      vertex 44 -35.9 -2.25
      vertex 36.7815 -35.9 3.37842
    endloop
  endfacet
  facet normal 0 -1 0
    outer loop
      vertex 36.4564 -35.9 3.22926
      vertex 44 -35.9 -2.25
      vertex 36.6266 -35.9 3.29851
    endloop
  endfacet
  facet normal 0 -1 0
    outer loop
      vertex 36.271 -35.9 3.17067
      vertex 44 -35.9 -2.25
      vertex 36.4564 -35.9 3.22926
    endloop
  endfacet
  facet normal 0 -1 0
    outer loop
      vertex 36.0703 -35.9 3.12274
      vertex 44 -35.9 -2.25
      vertex 36.271 -35.9 3.17067
    endloop
  endfacet
  facet normal 0 -1 0
    outer loop
      vertex 35.8543 -35.9 3.08545
      vertex 44 -35.9 -2.25
      vertex 36.0703 -35.9 3.12274
    endloop
  endfacet
  facet normal 0 -1 0
    outer loop
      vertex 35.623 -35.9 3.05881
      vertex 44 -35.9 -2.25
      vertex 35.8543 -35.9 3.08545
    endloop
  endfacet
  facet normal 0 -1 0
    outer loop
      vertex 35.3765 -35.9 3.04283
      vertex 44 -35.9 -2.25
      vertex 35.623 -35.9 3.05881
    endloop
  endfacet
  facet normal 0 -1 0
    outer loop
      vertex 27.3978 -35.9 7.25
      vertex 28.8238 -35.9 6.02885
      vertex 32.5147 -35.9 7.25
    endloop
  endfacet
  facet normal 0 -1 0
    outer loop
      vertex 27.3978 -35.9 7.25
      vertex 28.8238 -35.9 4.84615
      vertex 28.8238 -35.9 6.02885
    endloop
  endfacet
  facet normal 0 -1 0
    outer loop
      vertex 32.5147 -35.9 3.03751
      vertex 28.8238 -35.9 4.84615
      vertex 25.4766 -35.9 3.03751
    endloop
  endfacet
  facet normal 0 -1 0
    outer loop
      vertex 25.4766 -35.9 3.03751
      vertex 28.8238 -35.9 4.84615
      vertex 27.3978 -35.9 7.25
    endloop
  endfacet
  facet normal 0 -1 0
    outer loop
      vertex 31.379 -35.9 6.02885
      vertex 32.5147 -35.9 7.25
      vertex 28.8238 -35.9 6.02885
    endloop
  endfacet
  facet normal 0 -1 0
    outer loop
      vertex 31.379 -35.9 4.84615
      vertex 32.5147 -35.9 7.25
      vertex 31.379 -35.9 6.02885
    endloop
  endfacet
  facet normal 0 -1 0
    outer loop
      vertex 31.379 -35.9 4.84615
      vertex 32.5147 -35.9 3.03751
      vertex 32.5147 -35.9 7.25
    endloop
  endfacet
  facet normal 0 -1 0
    outer loop
      vertex 28.8238 -35.9 4.84615
      vertex 32.5147 -35.9 3.03751
      vertex 31.379 -35.9 4.84615
    endloop
  endfacet
  facet normal 0 -1 0
    outer loop
      vertex 19.0791 -35.9 7.13937
      vertex 20.7943 -35.9 7.25
      vertex 19.0991 -35.9 7.25
    endloop
  endfacet
  facet normal 0 -1 0
    outer loop
      vertex 19.0791 -35.9 7.13937
      vertex 20.8142 -35.9 7.13937
      vertex 20.7943 -35.9 7.25
    endloop
  endfacet
  facet normal 0 -1 0
    outer loop
      vertex 19.0551 -35.9 6.96101
      vertex 20.8142 -35.9 7.13937
      vertex 19.0791 -35.9 7.13937
    endloop
  endfacet
  facet normal 0 -1 0
    outer loop
      vertex 19.0551 -35.9 6.96101
      vertex 20.8379 -35.9 6.96101
      vertex 20.8142 -35.9 7.13937
    endloop
  endfacet
  facet normal 0 -1 0
    outer loop
      vertex 19.0365 -35.9 6.76605
      vertex 20.8379 -35.9 6.96101
      vertex 19.0551 -35.9 6.96101
    endloop
  endfacet
  facet normal 0 -1 0
    outer loop
      vertex 19.0365 -35.9 6.76605
      vertex 20.8564 -35.9 6.76605
      vertex 20.8379 -35.9 6.96101
    endloop
  endfacet
  facet normal 0 -1 0
    outer loop
      vertex 19.0232 -35.9 6.55444
      vertex 20.8564 -35.9 6.76605
      vertex 19.0365 -35.9 6.76605
    endloop
  endfacet
  facet normal 0 -1 0
    outer loop
      vertex 19.0232 -35.9 6.55444
      vertex 20.8695 -35.9 6.55444
      vertex 20.8564 -35.9 6.76605
    endloop
  endfacet
  facet normal 0 -1 0
    outer loop
      vertex 19.0152 -35.9 6.32622
      vertex 20.8695 -35.9 6.55444
      vertex 19.0232 -35.9 6.55444
    endloop
  endfacet
  facet normal 0 -1 0
    outer loop
      vertex 19.0152 -35.9 6.32622
      vertex 20.8775 -35.9 6.32622
      vertex 20.8695 -35.9 6.55444
    endloop
  endfacet
  facet normal 0 -1 0
    outer loop
      vertex 19.0125 -35.9 6.08136
      vertex 20.8775 -35.9 6.32622
      vertex 19.0152 -35.9 6.32622
    endloop
  endfacet
  facet normal 0 -1 0
    outer loop
      vertex 19.0125 -35.9 6.08136
      vertex 20.8801 -35.9 6.08136
      vertex 20.8775 -35.9 6.32622
    endloop
  endfacet
  facet normal 0 -1 0
    outer loop
      vertex 19.0152 -35.9 5.83389
      vertex 20.8801 -35.9 6.08136
      vertex 19.0125 -35.9 6.08136
    endloop
  endfacet
  facet normal 0 -1 0
    outer loop
      vertex 19.0152 -35.9 5.83389
      vertex 20.8774 -35.9 5.83389
      vertex 20.8801 -35.9 6.08136
    endloop
  endfacet
  facet normal 0 -1 0
    outer loop
      vertex 19.0232 -35.9 5.60318
      vertex 20.8774 -35.9 5.83389
      vertex 19.0152 -35.9 5.83389
    endloop
  endfacet
  facet normal 0 -1 0
    outer loop
      vertex 19.0232 -35.9 5.60318
      vertex 20.8694 -35.9 5.60318
      vertex 20.8774 -35.9 5.83389
    endloop
  endfacet
  facet normal 0 -1 0
    outer loop
      vertex 19.0365 -35.9 5.38925
      vertex 20.8694 -35.9 5.60318
      vertex 19.0232 -35.9 5.60318
    endloop
  endfacet
  facet normal 0 -1 0
    outer loop
      vertex 19.0365 -35.9 5.38925
      vertex 20.8561 -35.9 5.38925
      vertex 20.8694 -35.9 5.60318
    endloop
  endfacet
  facet normal 0 -1 0
    outer loop
      vertex 19.0551 -35.9 5.19209
      vertex 20.8561 -35.9 5.38925
      vertex 19.0365 -35.9 5.38925
    endloop
  endfacet
  facet normal 0 -1 0
    outer loop
      vertex 19.0551 -35.9 5.19209
      vertex 20.8375 -35.9 5.19209
      vertex 20.8561 -35.9 5.38925
    endloop
  endfacet
  facet normal 0 -1 0
    outer loop
      vertex 19.0791 -35.9 5.01172
      vertex 20.8375 -35.9 5.19209
      vertex 19.0551 -35.9 5.19209
    endloop
  endfacet
  facet normal 0 -1 0
    outer loop
      vertex 19.0791 -35.9 5.01172
      vertex 20.8135 -35.9 5.01172
      vertex 20.8375 -35.9 5.19209
    endloop
  endfacet
  facet normal 0 -1 0
    outer loop
      vertex 19.1084 -35.9 4.84811
      vertex 20.8135 -35.9 5.01172
      vertex 19.0791 -35.9 5.01172
    endloop
  endfacet
  facet normal 0 -1 0
    outer loop
      vertex 19.1084 -35.9 4.84811
      vertex 20.7843 -35.9 4.84811
      vertex 20.8135 -35.9 5.01172
    endloop
  endfacet
  facet normal 0 -1 0
    outer loop
      vertex 19.143 -35.9 4.70128
      vertex 20.7843 -35.9 4.84811
      vertex 19.1084 -35.9 4.84811
    endloop
  endfacet
  facet normal 0 -1 0
    outer loop
      vertex 19.143 -35.9 4.70128
      vertex 20.7496 -35.9 4.70128
      vertex 20.7843 -35.9 4.84811
    endloop
  endfacet
  facet normal 0 -1 0
    outer loop
      vertex 19.1829 -35.9 4.57123
      vertex 20.7496 -35.9 4.70128
      vertex 19.143 -35.9 4.70128
    endloop
  endfacet
  facet normal 0 -1 0
    outer loop
      vertex 19.1829 -35.9 4.57123
      vertex 20.7097 -35.9 4.57123
      vertex 20.7496 -35.9 4.70128
    endloop
  endfacet
  facet normal 0 -1 0
    outer loop
      vertex 19.2282 -35.9 4.45795
      vertex 20.7097 -35.9 4.57123
      vertex 19.1829 -35.9 4.57123
    endloop
  endfacet
  facet normal 0 -1 0
    outer loop
      vertex 19.2282 -35.9 4.45795
      vertex 20.6644 -35.9 4.45795
      vertex 20.7097 -35.9 4.57123
    endloop
  endfacet
  facet normal 0 -1 0
    outer loop
      vertex 19.2797 -35.9 4.35889
      vertex 20.6644 -35.9 4.45795
      vertex 19.2282 -35.9 4.45795
    endloop
  endfacet
  facet normal 0 -1 0
    outer loop
      vertex 19.2797 -35.9 4.35889
      vertex 20.613 -35.9 4.35889
      vertex 20.6644 -35.9 4.45795
    endloop
  endfacet
  facet normal 0 -1 0
    outer loop
      vertex 19.8398 -35.9 3.99182
      vertex 19.2797 -35.9 4.35889
      vertex 19.3383 -35.9 4.2715
    endloop
  endfacet
  facet normal 0 -1 0
    outer loop
      vertex 19.2797 -35.9 4.35889
      vertex 19.9483 -35.9 3.98599
      vertex 20.613 -35.9 4.35889
    endloop
  endfacet
  facet normal 0 -1 0
    outer loop
      vertex 19.8398 -35.9 3.99182
      vertex 19.3383 -35.9 4.2715
      vertex 19.404 -35.9 4.19576
    endloop
  endfacet
  facet normal -0 -1 0
    outer loop
      vertex 20.056 -35.9 3.99182
      vertex 20.613 -35.9 4.35889
      vertex 19.9483 -35.9 3.98599
    endloop
  endfacet
  facet normal 0 -1 0
    outer loop
      vertex 19.8398 -35.9 3.99182
      vertex 19.404 -35.9 4.19576
      vertex 19.4769 -35.9 4.13165
    endloop
  endfacet
  facet normal 0 -1 0
    outer loop
      vertex 20.613 -35.9 4.35889
      vertex 20.056 -35.9 3.99182
      vertex 20.5546 -35.9 4.2715
    endloop
  endfacet
  facet normal 0 -1 0
    outer loop
      vertex 19.8398 -35.9 3.99182
      vertex 19.4769 -35.9 4.13165
      vertex 19.5569 -35.9 4.07921
    endloop
  endfacet
  facet normal 0 -1 0
    outer loop
      vertex 20.5546 -35.9 4.2715
      vertex 20.056 -35.9 3.99182
      vertex 20.489 -35.9 4.19576
    endloop
  endfacet
  facet normal 0 -1 0
    outer loop
      vertex 19.8398 -35.9 3.99182
      vertex 19.5569 -35.9 4.07921
      vertex 19.6441 -35.9 4.03842
    endloop
  endfacet
  facet normal 0 -1 0
    outer loop
      vertex 19.2797 -35.9 4.35889
      vertex 19.8398 -35.9 3.99182
      vertex 19.9483 -35.9 3.98599
    endloop
  endfacet
  facet normal 0 -1 0
    outer loop
      vertex 19.8398 -35.9 3.99182
      vertex 19.6441 -35.9 4.03842
      vertex 19.7384 -35.9 4.00929
    endloop
  endfacet
  facet normal 0 -1 0
    outer loop
      vertex 20.489 -35.9 4.19576
      vertex 20.056 -35.9 3.99182
      vertex 20.4165 -35.9 4.13165
    endloop
  endfacet
  facet normal 0 -1 0
    outer loop
      vertex 20.4165 -35.9 4.13165
      vertex 20.056 -35.9 3.99182
      vertex 20.3369 -35.9 4.07921
    endloop
  endfacet
  facet normal 0 -1 0
    outer loop
      vertex 20.2504 -35.9 4.03842
      vertex 20.056 -35.9 3.99182
      vertex 20.1567 -35.9 4.00929
    endloop
  endfacet
  facet normal 0 -1 0
    outer loop
      vertex 20.3369 -35.9 4.07921
      vertex 20.056 -35.9 3.99182
      vertex 20.2504 -35.9 4.03842
    endloop
  endfacet
  facet normal 0 -1 0
    outer loop
      vertex 34.9479 -35.9 6.7623
      vertex 35.6871 -35.9 7.25
      vertex 34.0812 -35.9 7.25
    endloop
  endfacet
  facet normal -0 -1 0
    outer loop
      vertex 35.0279 -35.9 6.7643
      vertex 35.6871 -35.9 7.25
      vertex 34.9479 -35.9 6.7623
    endloop
  endfacet
  facet normal -0 -1 0
    outer loop
      vertex 35.1036 -35.9 6.77031
      vertex 35.6871 -35.9 7.25
      vertex 35.0279 -35.9 6.7643
    endloop
  endfacet
  facet normal -0 -1 0
    outer loop
      vertex 35.1748 -35.9 6.78033
      vertex 35.6871 -35.9 7.25
      vertex 35.1036 -35.9 6.77031
    endloop
  endfacet
  facet normal -0 -1 0
    outer loop
      vertex 35.2416 -35.9 6.79436
      vertex 35.6871 -35.9 7.25
      vertex 35.1748 -35.9 6.78033
    endloop
  endfacet
  facet normal -0 -1 0
    outer loop
      vertex 35.304 -35.9 6.81241
      vertex 35.6871 -35.9 7.25
      vertex 35.2416 -35.9 6.79436
    endloop
  endfacet
  facet normal -0 -1 0
    outer loop
      vertex 35.362 -35.9 6.83446
      vertex 35.6871 -35.9 7.25
      vertex 35.304 -35.9 6.81241
    endloop
  endfacet
  facet normal 0 -1 0
    outer loop
      vertex 35.6793 -35.9 7.20967
      vertex 35.362 -35.9 6.83446
      vertex 35.6628 -35.9 7.15265
    endloop
  endfacet
  facet normal -0 -1 0
    outer loop
      vertex 35.4155 -35.9 6.8605
      vertex 35.6628 -35.9 7.15265
      vertex 35.362 -35.9 6.83446
    endloop
  endfacet
  facet normal 0 -1 0
    outer loop
      vertex 35.6628 -35.9 7.15265
      vertex 35.4155 -35.9 6.8605
      vertex 35.6415 -35.9 7.09943
    endloop
  endfacet
  facet normal 0 -1 0
    outer loop
      vertex 35.6156 -35.9 7.05002
      vertex 35.4155 -35.9 6.8605
      vertex 35.5849 -35.9 7.00443
    endloop
  endfacet
  facet normal 0 -1 0
    outer loop
      vertex 35.5849 -35.9 7.00443
      vertex 35.4155 -35.9 6.8605
      vertex 35.5495 -35.9 6.96263
    endloop
  endfacet
  facet normal 0 -1 0
    outer loop
      vertex 35.5495 -35.9 6.96263
      vertex 35.4155 -35.9 6.8605
      vertex 35.4646 -35.9 6.89058
    endloop
  endfacet
  facet normal 0 -1 0
    outer loop
      vertex 35.5495 -35.9 6.96263
      vertex 35.4646 -35.9 6.89058
      vertex 35.5093 -35.9 6.92465
    endloop
  endfacet
  facet normal 0 -1 0
    outer loop
      vertex 35.6415 -35.9 7.09943
      vertex 35.4155 -35.9 6.8605
      vertex 35.6156 -35.9 7.05002
    endloop
  endfacet
  facet normal 0 -1 0
    outer loop
      vertex 34.9479 -35.9 6.7623
      vertex 34.0812 -35.9 7.25
      vertex 34.0812 -35.9 6.7623
    endloop
  endfacet
  facet normal 0 -1 0
    outer loop
      vertex 35.6871 -35.9 7.25
      vertex 35.362 -35.9 6.83446
      vertex 35.6793 -35.9 7.20967
    endloop
  endfacet
  facet normal 0 -1 0
    outer loop
      vertex 35.0007 -35.9 4.10503
      vertex 35.0007 -35.9 5.69479
      vertex 34.0812 -35.9 5.69479
    endloop
  endfacet
  facet normal 0 -1 0
    outer loop
      vertex 35.0007 -35.9 5.69479
      vertex 35.0007 -35.9 4.10503
      vertex 35.1035 -35.9 5.69235
    endloop
  endfacet
  facet normal -0 -1 0
    outer loop
      vertex 35.1027 -35.9 4.10748
      vertex 35.1035 -35.9 5.69235
      vertex 35.0007 -35.9 4.10503
    endloop
  endfacet
  facet normal 0 -1 -0
    outer loop
      vertex 35.1035 -35.9 5.69235
      vertex 35.1027 -35.9 4.10748
      vertex 35.2004 -35.9 5.68504
    endloop
  endfacet
  facet normal -0 -1 0
    outer loop
      vertex 35.1989 -35.9 4.11487
      vertex 35.2004 -35.9 5.68504
      vertex 35.1027 -35.9 4.10748
    endloop
  endfacet
  facet normal 0 -1 -0
    outer loop
      vertex 35.2004 -35.9 5.68504
      vertex 35.1989 -35.9 4.11487
      vertex 35.2914 -35.9 5.67287
    endloop
  endfacet
  facet normal -0 -1 0
    outer loop
      vertex 35.2894 -35.9 4.12717
      vertex 35.2914 -35.9 5.67287
      vertex 35.1989 -35.9 4.11487
    endloop
  endfacet
  facet normal -0 -1 0
    outer loop
      vertex 35.9488 -35.9 4.90602
      vertex 35.2914 -35.9 5.67287
      vertex 35.2894 -35.9 4.12717
    endloop
  endfacet
  facet normal 0 -1 0
    outer loop
      vertex 35.2914 -35.9 5.67287
      vertex 35.9488 -35.9 4.90602
      vertex 35.3764 -35.9 5.65584
    endloop
  endfacet
  facet normal -0 -1 -0
    outer loop
      vertex 35.9459 -35.9 4.99123
      vertex 35.3764 -35.9 5.65584
      vertex 35.9488 -35.9 4.90602
    endloop
  endfacet
  facet normal 0 -1 0
    outer loop
      vertex 35.3764 -35.9 5.65584
      vertex 35.9459 -35.9 4.99123
      vertex 35.4556 -35.9 5.63391
    endloop
  endfacet
  facet normal -0 -1 -0
    outer loop
      vertex 35.9225 -35.9 5.14703
      vertex 35.5287 -35.9 5.60713
      vertex 35.9371 -35.9 5.07156
    endloop
  endfacet
  facet normal 0 -1 0
    outer loop
      vertex 35.5287 -35.9 5.60713
      vertex 35.9225 -35.9 5.14703
      vertex 35.596 -35.9 5.57549
    endloop
  endfacet
  facet normal 0 -1 0
    outer loop
      vertex 35.596 -35.9 5.57549
      vertex 35.9225 -35.9 5.14703
      vertex 35.6573 -35.9 5.53896
    endloop
  endfacet
  facet normal 0 -1 0
    outer loop
      vertex 35.7127 -35.9 5.49757
      vertex 35.9225 -35.9 5.14703
      vertex 35.7623 -35.9 5.45132
    endloop
  endfacet
  facet normal 0 -1 0
    outer loop
      vertex 35.7623 -35.9 5.45132
      vertex 35.9225 -35.9 5.14703
      vertex 35.806 -35.9 5.40021
    endloop
  endfacet
  facet normal 0 -1 0
    outer loop
      vertex 35.8439 -35.9 5.34421
      vertex 35.9225 -35.9 5.14703
      vertex 35.8759 -35.9 5.28336
    endloop
  endfacet
  facet normal 0 -1 0
    outer loop
      vertex 35.8759 -35.9 5.28336
      vertex 35.9225 -35.9 5.14703
      vertex 35.9021 -35.9 5.21764
    endloop
  endfacet
  facet normal 0 -1 0
    outer loop
      vertex 35.806 -35.9 5.40021
      vertex 35.9225 -35.9 5.14703
      vertex 35.8439 -35.9 5.34421
    endloop
  endfacet
  facet normal 0 -1 0
    outer loop
      vertex 35.6573 -35.9 5.53896
      vertex 35.9225 -35.9 5.14703
      vertex 35.7127 -35.9 5.49757
    endloop
  endfacet
  facet normal 0 -1 0
    outer loop
      vertex 35.4556 -35.9 5.63391
      vertex 35.9371 -35.9 5.07156
      vertex 35.5287 -35.9 5.60713
    endloop
  endfacet
  facet normal -0 -1 -0
    outer loop
      vertex 35.9371 -35.9 5.07156
      vertex 35.4556 -35.9 5.63391
      vertex 35.9459 -35.9 4.99123
    endloop
  endfacet
  facet normal 0 -1 0
    outer loop
      vertex 35.9488 -35.9 4.90602
      vertex 35.2894 -35.9 4.12717
      vertex 35.9458 -35.9 4.81908
    endloop
  endfacet
  facet normal 0 -1 0
    outer loop
      vertex 35.9458 -35.9 4.81908
      vertex 35.3741 -35.9 4.14438
      vertex 35.937 -35.9 4.73715
    endloop
  endfacet
  facet normal -0 -1 0
    outer loop
      vertex 35.453 -35.9 4.1665
      vertex 35.937 -35.9 4.73715
      vertex 35.3741 -35.9 4.14438
    endloop
  endfacet
  facet normal 0 -1 0
    outer loop
      vertex 35.937 -35.9 4.73715
      vertex 35.453 -35.9 4.1665
      vertex 35.9223 -35.9 4.66025
    endloop
  endfacet
  facet normal 0 -1 0
    outer loop
      vertex 35.9223 -35.9 4.66025
      vertex 35.5261 -35.9 4.19356
      vertex 35.9018 -35.9 4.58836
    endloop
  endfacet
  facet normal -0 -1 0
    outer loop
      vertex 35.5934 -35.9 4.22552
      vertex 35.9018 -35.9 4.58836
      vertex 35.5261 -35.9 4.19356
    endloop
  endfacet
  facet normal 0 -1 0
    outer loop
      vertex 35.8753 -35.9 4.5215
      vertex 35.5934 -35.9 4.22552
      vertex 35.843 -35.9 4.45966
    endloop
  endfacet
  facet normal 0 -1 0
    outer loop
      vertex 35.843 -35.9 4.45966
      vertex 35.5934 -35.9 4.22552
      vertex 35.8048 -35.9 4.40283
    endloop
  endfacet
  facet normal 0 -1 0
    outer loop
      vertex 35.7607 -35.9 4.35101
      vertex 35.5934 -35.9 4.22552
      vertex 35.7108 -35.9 4.30423
    endloop
  endfacet
  facet normal 0 -1 0
    outer loop
      vertex 35.7108 -35.9 4.30423
      vertex 35.5934 -35.9 4.22552
      vertex 35.655 -35.9 4.26242
    endloop
  endfacet
  facet normal 0 -1 0
    outer loop
      vertex 35.8048 -35.9 4.40283
      vertex 35.5934 -35.9 4.22552
      vertex 35.7607 -35.9 4.35101
    endloop
  endfacet
  facet normal 0 -1 0
    outer loop
      vertex 35.9018 -35.9 4.58836
      vertex 35.5934 -35.9 4.22552
      vertex 35.8753 -35.9 4.5215
    endloop
  endfacet
  facet normal -0 -1 0
    outer loop
      vertex 35.5261 -35.9 4.19356
      vertex 35.9223 -35.9 4.66025
      vertex 35.453 -35.9 4.1665
    endloop
  endfacet
  facet normal 0 -1 0
    outer loop
      vertex 35.0007 -35.9 4.10503
      vertex 34.0812 -35.9 5.69479
      vertex 34.0812 -35.9 4.10503
    endloop
  endfacet
  facet normal -0 -1 0
    outer loop
      vertex 35.3741 -35.9 4.14438
      vertex 35.9458 -35.9 4.81908
      vertex 35.2894 -35.9 4.12717
    endloop
  endfacet
  facet normal 0 0 -1
    outer loop
      vertex -44 -35.9 -2.25
      vertex 44 -25.9 -2.25
      vertex 44 -35.9 -2.25
    endloop
  endfacet
  facet normal -0 0 -1
    outer loop
      vertex 44 -25.9 -2.25
      vertex -44 -35.9 -2.25
      vertex -44 -25.9 -2.25
    endloop
  endfacet
  facet normal 0 -0.559129 0.829081
    outer loop
      vertex -36.1072 27.0605 108
      vertex -34.8482 26.543 107.651
      vertex -34.9525 27.0605 108
    endloop
  endfacet
  facet normal -0.000408662 -0.559812 0.82862
    outer loop
      vertex -34.8482 26.543 107.651
      vertex -36.1072 27.0605 108
      vertex -34.833 26.4675 107.6
    endloop
  endfacet
  facet normal -0.000213407 -0.559524 0.828814
    outer loop
      vertex -36.4163 26.8325 107.846
      vertex -34.833 26.4675 107.6
      vertex -36.1072 27.0605 108
    endloop
  endfacet
  facet normal -4.05578e-05 -0.559008 0.829162
    outer loop
      vertex -37.7157 25.8744 107.2
      vertex -34.833 26.4675 107.6
      vertex -36.4163 26.8325 107.846
    endloop
  endfacet
  facet normal 1.62201e-05 -0.559198 0.829034
    outer loop
      vertex -37.7157 25.8744 107.2
      vertex -41.3383 15.2 100
      vertex -34.833 26.4675 107.6
    endloop
  endfacet
  facet normal 0 -0.559194 0.829037
    outer loop
      vertex -41.3383 15.2 100
      vertex -37.7157 25.8744 107.2
      vertex -43.8786 15.2 100
    endloop
  endfacet
  facet normal 0 -0.559194 0.829037
    outer loop
      vertex -14.9386 25.8744 107.2
      vertex -11.3161 15.2 100
      vertex -8.77572 15.2 100
    endloop
  endfacet
  facet normal 4.05578e-05 -0.559008 0.829162
    outer loop
      vertex -17.8213 26.4675 107.6
      vertex -14.9386 25.8744 107.2
      vertex -16.238 26.8325 107.846
    endloop
  endfacet
  facet normal 0.000213407 -0.559524 0.828814
    outer loop
      vertex -17.8213 26.4675 107.6
      vertex -16.238 26.8325 107.846
      vertex -16.5471 27.0605 108
    endloop
  endfacet
  facet normal 0 -0.559129 0.829081
    outer loop
      vertex -17.8061 26.543 107.651
      vertex -16.5471 27.0605 108
      vertex -17.7018 27.0605 108
    endloop
  endfacet
  facet normal 0.000408662 -0.559812 0.82862
    outer loop
      vertex -17.8213 26.4675 107.6
      vertex -16.5471 27.0605 108
      vertex -17.8061 26.543 107.651
    endloop
  endfacet
  facet normal -1.622e-05 -0.559198 0.829034
    outer loop
      vertex -14.9386 25.8744 107.2
      vertex -17.8213 26.4675 107.6
      vertex -11.3161 15.2 100
    endloop
  endfacet
  facet normal 0 -0.559192 0.829038
    outer loop
      vertex -11.3161 15.2 100
      vertex -17.5514 0 89.7475
      vertex -8.77572 15.2 100
    endloop
  endfacet
  facet normal -5.5228e-06 -0.55919 0.829039
    outer loop
      vertex -18.8216 2.2 91.2314
      vertex -17.5514 0 89.7475
      vertex -11.3161 15.2 100
    endloop
  endfacet
  facet normal 0 -0.559188 0.829041
    outer loop
      vertex -33.8327 2.2 91.2314
      vertex -17.5514 0 89.7475
      vertex -18.8216 2.2 91.2314
    endloop
  endfacet
  facet normal 0 -0.559188 0.829041
    outer loop
      vertex -33.8327 2.2 91.2314
      vertex -35.1029 0 89.7475
      vertex -17.5514 0 89.7475
    endloop
  endfacet
  facet normal 5.52276e-06 -0.55919 0.829039
    outer loop
      vertex -41.3383 15.2 100
      vertex -35.1029 0 89.7475
      vertex -33.8327 2.2 91.2314
    endloop
  endfacet
  facet normal 0 -0.559192 0.829038
    outer loop
      vertex -35.1029 0 89.7475
      vertex -41.3383 15.2 100
      vertex -43.8786 15.2 100
    endloop
  endfacet
  facet normal -0.866026 0.499999 0
    outer loop
      vertex -43.8786 15.2 100
      vertex -35.1029 30.4 107.2
      vertex -35.1029 30.4 12
    endloop
  endfacet
  facet normal -0.866026 0.499999 0
    outer loop
      vertex -43.8786 15.2 100
      vertex -35.1029 30.4 12
      vertex -43.8786 15.2 12
    endloop
  endfacet
  facet normal -0.86603 0.499992 1.98783e-05
    outer loop
      vertex -35.1029 30.4 107.2
      vertex -43.8786 15.2 100
      vertex -37.7157 25.8744 107.2
    endloop
  endfacet
  facet normal -0.612413 0.353504 0.707096
    outer loop
      vertex -35.1029 30.4 107.2
      vertex -36.4163 26.8325 107.846
      vertex -34.641 29.6 108
    endloop
  endfacet
  facet normal -0.612244 0.353472 0.707258
    outer loop
      vertex -36.4163 26.8325 107.846
      vertex -35.1029 30.4 107.2
      vertex -37.7157 25.8744 107.2
    endloop
  endfacet
  facet normal 0.866026 -0.499998 0
    outer loop
      vertex -17.5514 0 89.7475
      vertex -8.77572 15.2 63.2
      vertex -8.77572 15.2 100
    endloop
  endfacet
  facet normal 0.866024 -0.500002 -1.15236e-05
    outer loop
      vertex -8.77572 15.2 63.2
      vertex -17.1561 0.684684 69
      vertex -17.1063 0.771055 64
    endloop
  endfacet
  facet normal 0.866026 -0.499998 0
    outer loop
      vertex -8.77572 15.2 63.2
      vertex -17.5514 0 89.7475
      vertex -17.5514 0 70.59
    endloop
  endfacet
  facet normal 0.866026 -0.499998 -3.48307e-07
    outer loop
      vertex -8.77572 15.2 63.2
      vertex -17.5514 0 70.59
      vertex -17.1561 0.684684 69
    endloop
  endfacet
  facet normal 0.866059 -0.499942 0
    outer loop
      vertex -17.5514 0 63.2
      vertex -17.1063 0.771055 64
      vertex -17.5514 0 64
    endloop
  endfacet
  facet normal 0.866026 -0.499998 7.20698e-05
    outer loop
      vertex -17.1063 0.771055 64
      vertex -17.5514 0 63.2
      vertex -8.77572 15.2 63.2
    endloop
  endfacet
  facet normal 0.866027 -0.499998 0
    outer loop
      vertex -17.5514 0 66.99
      vertex -17.1561 0.684684 69
      vertex -17.5514 0 69
    endloop
  endfacet
  facet normal 0.866041 -0.499974 -1.0881e-05
    outer loop
      vertex -17.1561 0.684684 69
      vertex -17.5514 0 66.99
      vertex -17.1063 0.771055 64
    endloop
  endfacet
  facet normal -0.866026 -0.499999 -0
    outer loop
      vertex -35.1029 0 43.2
      vertex -43.8786 15.2 12
      vertex -35.1029 0 12
    endloop
  endfacet
  facet normal -0.866026 -0.499999 0
    outer loop
      vertex -43.8786 15.2 12
      vertex -35.1029 0 43.2
      vertex -43.8786 15.2 100
    endloop
  endfacet
  facet normal -0.866026 -0.499999 0
    outer loop
      vertex -43.8786 15.2 100
      vertex -35.1029 0 43.2
      vertex -35.1029 0 89.7475
    endloop
  endfacet
  facet normal 0.866032 0.499989 0
    outer loop
      vertex -17.1561 29.7153 22
      vertex -17.5514 30.4 19.99
      vertex -17.5514 30.4 22
    endloop
  endfacet
  facet normal 0.866049 0.499959 -1.34488e-05
    outer loop
      vertex -17.1561 29.7153 22
      vertex -17.1063 29.6289 17
      vertex -17.5514 30.4 19.99
    endloop
  endfacet
  facet normal 0.866026 0.499998 -0
    outer loop
      vertex -8.77572 15.2 12
      vertex -17.5514 30.4 23.59
      vertex -8.77572 15.2 63.2
    endloop
  endfacet
  facet normal 0.866072 0.49992 0
    outer loop
      vertex -17.1063 29.6289 64
      vertex -17.5514 30.4 23.59
      vertex -17.5514 30.4 64
    endloop
  endfacet
  facet normal 0.866024 0.500002 2.08735e-06
    outer loop
      vertex -8.77572 15.2 63.2
      vertex -17.5514 30.4 23.59
      vertex -17.1063 29.6289 64
    endloop
  endfacet
  facet normal 0.866032 0.499989 0
    outer loop
      vertex -17.1561 29.7153 69
      vertex -17.5514 30.4 66.99
      vertex -17.5514 30.4 69
    endloop
  endfacet
  facet normal 0.866049 0.499959 -1.34488e-05
    outer loop
      vertex -17.5514 30.4 66.99
      vertex -17.1561 29.7153 69
      vertex -17.1063 29.6289 64
    endloop
  endfacet
  facet normal 0 0 0
    outer loop
      vertex -17.5514 30.4 107.2
      vertex -17.5514 30.4 70.59
      vertex -17.5514 30.4 12
    endloop
  endfacet
  facet normal 0.866026 0.499998 0
    outer loop
      vertex -8.77572 15.2 100
      vertex -17.5514 30.4 70.59
      vertex -17.5514 30.4 107.2
    endloop
  endfacet
  facet normal 0.866025 0.500001 -6.71208e-06
    outer loop
      vertex -17.5514 30.4 70.59
      vertex -8.77572 15.2 63.2
      vertex -17.1561 29.7153 69
    endloop
  endfacet
  facet normal 0.866026 0.499998 -0
    outer loop
      vertex -8.77572 15.2 63.2
      vertex -17.5514 30.4 70.59
      vertex -8.77572 15.2 100
    endloop
  endfacet
  facet normal 0.86603 0.499992 1.74727e-05
    outer loop
      vertex -8.77572 15.2 100
      vertex -17.5514 30.4 107.2
      vertex -14.9386 25.8744 107.2
    endloop
  endfacet
  facet normal 0 -0 0
    outer loop
      vertex -17.5514 30.4 69
      vertex -17.5514 30.4 12
      vertex -17.5514 30.4 70.59
    endloop
  endfacet
  facet normal 0 -0 0
    outer loop
      vertex -17.5514 30.4 66.99
      vertex -17.5514 30.4 12
      vertex -17.5514 30.4 69
    endloop
  endfacet
  facet normal 0 -0 0
    outer loop
      vertex -17.5514 30.4 64
      vertex -17.5514 30.4 12
      vertex -17.5514 30.4 66.99
    endloop
  endfacet
  facet normal 0 -0 0
    outer loop
      vertex -17.5514 30.4 23.59
      vertex -17.5514 30.4 12
      vertex -17.5514 30.4 64
    endloop
  endfacet
  facet normal 0 -0 0
    outer loop
      vertex -17.5514 30.4 22
      vertex -17.5514 30.4 12
      vertex -17.5514 30.4 23.59
    endloop
  endfacet
  facet normal 0 -0 0
    outer loop
      vertex -17.5514 30.4 19.99
      vertex -17.5514 30.4 12
      vertex -17.5514 30.4 22
    endloop
  endfacet
  facet normal 0 -0 0
    outer loop
      vertex -17.5514 30.4 17
      vertex -17.5514 30.4 12
      vertex -17.5514 30.4 19.99
    endloop
  endfacet
  facet normal 0.866072 0.49992 0
    outer loop
      vertex -17.1063 29.6289 17
      vertex -17.5514 30.4 12
      vertex -17.5514 30.4 17
    endloop
  endfacet
  facet normal 0.866024 0.500003 -1.44534e-05
    outer loop
      vertex -17.1561 29.7153 69
      vertex -8.77572 15.2 63.2
      vertex -17.1063 29.6289 64
    endloop
  endfacet
  facet normal 0.866024 0.500003 -7.90119e-06
    outer loop
      vertex -17.5514 30.4 23.59
      vertex -8.77572 15.2 12
      vertex -17.1561 29.7153 22
    endloop
  endfacet
  facet normal 0.866022 0.500006 -1.45265e-05
    outer loop
      vertex -17.1561 29.7153 22
      vertex -8.77572 15.2 12
      vertex -17.1063 29.6289 17
    endloop
  endfacet
  facet normal 0.866026 0.499998 1.60312e-05
    outer loop
      vertex -17.1063 29.6289 17
      vertex -8.77572 15.2 12
      vertex -17.5514 30.4 12
    endloop
  endfacet
  facet normal 0 1 -0
    outer loop
      vertex -17.5514 30.4 12
      vertex -35.1029 30.4 107.2
      vertex -17.5514 30.4 107.2
    endloop
  endfacet
  facet normal 0 1 0
    outer loop
      vertex -35.1029 30.4 107.2
      vertex -17.5514 30.4 12
      vertex -35.1029 30.4 12
    endloop
  endfacet
  facet normal 0 -1 0
    outer loop
      vertex -35.1029 0 89.7475
      vertex -35.1029 0 70.59
      vertex -17.5514 0 89.7475
    endloop
  endfacet
  facet normal 0 0 0
    outer loop
      vertex -35.1029 0 89.7475
      vertex -35.1029 0 69
      vertex -35.1029 0 70.59
    endloop
  endfacet
  facet normal 0 -1 0
    outer loop
      vertex -35.1029 0 69
      vertex -35.1029 0 66.99
      vertex -17.5514 0 69
    endloop
  endfacet
  facet normal 0 0 0
    outer loop
      vertex -35.1029 0 89.7475
      vertex -35.1029 0 66.99
      vertex -35.1029 0 69
    endloop
  endfacet
  facet normal 0 0 0
    outer loop
      vertex -35.1029 0 89.7475
      vertex -35.1029 0 64
      vertex -35.1029 0 66.99
    endloop
  endfacet
  facet normal 0 -1 0
    outer loop
      vertex -35.1029 0 64
      vertex -17.5514 0 63.2
      vertex -17.5514 0 64
    endloop
  endfacet
  facet normal 0 0 0
    outer loop
      vertex -35.1029 0 43.2
      vertex -35.1029 0 64
      vertex -35.1029 0 89.7475
    endloop
  endfacet
  facet normal 0 -1 0
    outer loop
      vertex -35.1029 0 43.2
      vertex -17.5514 0 63.2
      vertex -35.1029 0 64
    endloop
  endfacet
  facet normal 0 -1 -0
    outer loop
      vertex -17.5514 0 63.2
      vertex -35.1029 0 43.2
      vertex -17.5514 0 43.2
    endloop
  endfacet
  facet normal 0 -1 -0
    outer loop
      vertex -17.5514 0 89.7475
      vertex -35.1029 0 70.59
      vertex -17.5514 0 70.59
    endloop
  endfacet
  facet normal 0 -1 -0
    outer loop
      vertex -17.5514 0 69
      vertex -35.1029 0 66.99
      vertex -17.5514 0 66.99
    endloop
  endfacet
  facet normal 0 -1 0
    outer loop
      vertex 17.5514 0 64
      vertex 17.5514 0 63.2
      vertex 35.1029 0 64
    endloop
  endfacet
  facet normal 0 -1 0
    outer loop
      vertex 17.5514 0 69
      vertex 17.5514 0 66.99
      vertex 35.1029 0 69
    endloop
  endfacet
  facet normal 0 -1 0
    outer loop
      vertex 17.5514 0 70.59
      vertex 35.1029 0 85.2
      vertex 17.5514 0 85.2
    endloop
  endfacet
  facet normal 0 -1 0
    outer loop
      vertex 35.1029 0 70.59
      vertex 35.1029 0 85.2
      vertex 17.5514 0 70.59
    endloop
  endfacet
  facet normal 0 0 0
    outer loop
      vertex 35.1029 0 69
      vertex 35.1029 0 85.2
      vertex 35.1029 0 70.59
    endloop
  endfacet
  facet normal 0 -1 0
    outer loop
      vertex 35.1029 0 66.99
      vertex 35.1029 0 69
      vertex 17.5514 0 66.99
    endloop
  endfacet
  facet normal 0 0 0
    outer loop
      vertex 35.1029 0 66.99
      vertex 35.1029 0 85.2
      vertex 35.1029 0 69
    endloop
  endfacet
  facet normal 0 0 0
    outer loop
      vertex 35.1029 0 64
      vertex 35.1029 0 85.2
      vertex 35.1029 0 66.99
    endloop
  endfacet
  facet normal 0 -1 0
    outer loop
      vertex 33.4487 0 32
      vertex 35.1029 0 64
      vertex 17.5514 0 63.2
    endloop
  endfacet
  facet normal 0 -0 0
    outer loop
      vertex 35.1029 0 64
      vertex 35.1029 0 32
      vertex 35.1029 0 85.2
    endloop
  endfacet
  facet normal 0 -1 0
    outer loop
      vertex 35.1029 0 32
      vertex 35.1029 0 64
      vertex 33.4487 0 32
    endloop
  endfacet
  facet normal 0 -1 0
    outer loop
      vertex 17.5514 0 63.2
      vertex 32.4638 0 31.5076
      vertex 33.4487 0 32
    endloop
  endfacet
  facet normal 0 -1 0
    outer loop
      vertex 17.5514 0 63.2
      vertex 31.8487 0 31.2
      vertex 32.4638 0 31.5076
    endloop
  endfacet
  facet normal 0 -1 0
    outer loop
      vertex 17.5514 0 12
      vertex 31.8487 0 31.2
      vertex 17.5514 0 63.2
    endloop
  endfacet
  facet normal 0 -1 -0
    outer loop
      vertex 31.8487 0 31.2
      vertex 17.5514 0 12
      vertex 31.8487 0 12
    endloop
  endfacet
  facet normal 0 0 1
    outer loop
      vertex -18.0133 29.6 108
      vertex -17.7018 27.0605 108
      vertex -16.5471 27.0605 108
    endloop
  endfacet
  facet normal 0 0 1
    outer loop
      vertex -18.0133 29.6 108
      vertex -18.5907 28.6 108
      vertex -17.7018 27.0605 108
    endloop
  endfacet
  facet normal 0 0 1
    outer loop
      vertex -18.0133 29.6 108
      vertex -34.0637 28.6 108
      vertex -18.5907 28.6 108
    endloop
  endfacet
  facet normal -0 0 1
    outer loop
      vertex -34.641 29.6 108
      vertex -34.0637 28.6 108
      vertex -18.0133 29.6 108
    endloop
  endfacet
  facet normal 0 0 1
    outer loop
      vertex -34.641 29.6 108
      vertex -34.9525 27.0605 108
      vertex -34.0637 28.6 108
    endloop
  endfacet
  facet normal 0 -0 1
    outer loop
      vertex -34.9525 27.0605 108
      vertex -34.641 29.6 108
      vertex -36.1072 27.0605 108
    endloop
  endfacet
  facet normal -0.612994 0.353917 0.706386
    outer loop
      vertex -34.641 29.6 108
      vertex -36.4163 26.8325 107.846
      vertex -36.1072 27.0605 108
    endloop
  endfacet
  facet normal 0.612994 0.353917 0.706386
    outer loop
      vertex -16.238 26.8325 107.846
      vertex -18.0133 29.6 108
      vertex -16.5471 27.0605 108
    endloop
  endfacet
  facet normal 0.612244 0.353472 0.707258
    outer loop
      vertex -17.5514 30.4 107.2
      vertex -16.238 26.8325 107.846
      vertex -14.9386 25.8744 107.2
    endloop
  endfacet
  facet normal 0.612413 0.353504 0.707096
    outer loop
      vertex -16.238 26.8325 107.846
      vertex -17.5514 30.4 107.2
      vertex -18.0133 29.6 108
    endloop
  endfacet
  facet normal 0 0.707107 0.707107
    outer loop
      vertex -17.5514 30.4 107.2
      vertex -34.641 29.6 108
      vertex -18.0133 29.6 108
    endloop
  endfacet
  facet normal 0 0.707107 0.707107
    outer loop
      vertex -34.641 29.6 108
      vertex -17.5514 30.4 107.2
      vertex -35.1029 30.4 107.2
    endloop
  endfacet
  facet normal -0.612367 -0.353549 0.707114
    outer loop
      vertex 18.0133 0.799999 86
      vertex 8.77572 15.2 85.2
      vertex 17.5514 0 85.2
    endloop
  endfacet
  facet normal -0.866032 0.499989 0
    outer loop
      vertex 17.5514 30.4 66.99
      vertex 17.1561 29.7153 69
      vertex 17.5514 30.4 69
    endloop
  endfacet
  facet normal -0.866049 0.499959 -1.34488e-05
    outer loop
      vertex 17.1561 29.7153 69
      vertex 17.5514 30.4 66.99
      vertex 17.1063 29.6289 64
    endloop
  endfacet
  facet normal -0.866024 0.500003 -7.90119e-06
    outer loop
      vertex 8.77572 15.2 12
      vertex 17.5514 30.4 23.59
      vertex 17.1561 29.7153 22
    endloop
  endfacet
  facet normal -0.866022 0.500006 -1.45265e-05
    outer loop
      vertex 8.77572 15.2 12
      vertex 17.1561 29.7153 22
      vertex 17.1063 29.6289 17
    endloop
  endfacet
  facet normal -0.866072 0.49992 0
    outer loop
      vertex 17.5514 30.4 23.59
      vertex 17.1063 29.6289 64
      vertex 17.5514 30.4 64
    endloop
  endfacet
  facet normal -0.866032 0.499989 0
    outer loop
      vertex 17.5514 30.4 19.99
      vertex 17.1561 29.7153 22
      vertex 17.5514 30.4 22
    endloop
  endfacet
  facet normal -0.866049 0.499959 -1.34488e-05
    outer loop
      vertex 17.1561 29.7153 22
      vertex 17.5514 30.4 19.99
      vertex 17.1063 29.6289 17
    endloop
  endfacet
  facet normal 0 0 0
    outer loop
      vertex 17.5514 30.4 12
      vertex 17.5514 30.4 17
      vertex 17.5514 30.4 85.2
    endloop
  endfacet
  facet normal -0.866072 0.49992 0
    outer loop
      vertex 17.5514 30.4 12
      vertex 17.1063 29.6289 17
      vertex 17.5514 30.4 17
    endloop
  endfacet
  facet normal -0.866026 0.499998 0
    outer loop
      vertex 17.5514 30.4 23.59
      vertex 8.77572 15.2 12
      vertex 8.77572 15.2 63.2
    endloop
  endfacet
  facet normal -0.866026 0.499998 1.60312e-05
    outer loop
      vertex 8.77572 15.2 12
      vertex 17.1063 29.6289 17
      vertex 17.5514 30.4 12
    endloop
  endfacet
  facet normal -0 0 0
    outer loop
      vertex 17.5514 30.4 19.99
      vertex 17.5514 30.4 85.2
      vertex 17.5514 30.4 17
    endloop
  endfacet
  facet normal -0 0 0
    outer loop
      vertex 17.5514 30.4 22
      vertex 17.5514 30.4 85.2
      vertex 17.5514 30.4 19.99
    endloop
  endfacet
  facet normal -0 0 0
    outer loop
      vertex 17.5514 30.4 23.59
      vertex 17.5514 30.4 85.2
      vertex 17.5514 30.4 22
    endloop
  endfacet
  facet normal -0 0 0
    outer loop
      vertex 17.5514 30.4 64
      vertex 17.5514 30.4 85.2
      vertex 17.5514 30.4 23.59
    endloop
  endfacet
  facet normal -0 0 0
    outer loop
      vertex 17.5514 30.4 66.99
      vertex 17.5514 30.4 85.2
      vertex 17.5514 30.4 64
    endloop
  endfacet
  facet normal -0 0 0
    outer loop
      vertex 17.5514 30.4 69
      vertex 17.5514 30.4 85.2
      vertex 17.5514 30.4 66.99
    endloop
  endfacet
  facet normal -0 0 0
    outer loop
      vertex 17.5514 30.4 70.59
      vertex 17.5514 30.4 85.2
      vertex 17.5514 30.4 69
    endloop
  endfacet
  facet normal -0.866028 0.499995 -3.75329e-06
    outer loop
      vertex 8.77572 15.2 85.2
      vertex 17.5514 30.4 70.59
      vertex 17.1561 29.7153 69
    endloop
  endfacet
  facet normal -0.866024 0.500002 2.08735e-06
    outer loop
      vertex 17.5514 30.4 23.59
      vertex 8.77572 15.2 63.2
      vertex 17.1063 29.6289 64
    endloop
  endfacet
  facet normal -0.866024 0.500003 -1.44534e-05
    outer loop
      vertex 17.1063 29.6289 64
      vertex 8.77572 15.2 63.2
      vertex 17.1561 29.7153 69
    endloop
  endfacet
  facet normal -0.866026 0.499999 0
    outer loop
      vertex 8.77572 15.2 85.2
      vertex 17.1561 29.7153 69
      vertex 8.77572 15.2 63.2
    endloop
  endfacet
  facet normal -0.866026 0.499998 0
    outer loop
      vertex 17.5514 30.4 70.59
      vertex 8.77572 15.2 85.2
      vertex 17.5514 30.4 85.2
    endloop
  endfacet
  facet normal -0.612367 0.353548 0.707114
    outer loop
      vertex 17.5514 30.4 85.2
      vertex 8.77572 15.2 85.2
      vertex 18.0133 29.6 86
    endloop
  endfacet
  facet normal 0.866026 -0.499998 0
    outer loop
      vertex 43.8786 15.2 85.2
      vertex 36.73 2.81821 31.2
      vertex 43.8786 15.2 12
    endloop
  endfacet
  facet normal 0.866049 -0.499959 -1.19443e-05
    outer loop
      vertex 43.8786 15.2 85.2
      vertex 36.6553 2.68881 31.2747
      vertex 36.73 2.81821 31.2
    endloop
  endfacet
  facet normal 0.866023 -0.500004 1.89078e-06
    outer loop
      vertex 43.8786 15.2 85.2
      vertex 35.93 1.43257 32
      vertex 36.6553 2.68881 31.2747
    endloop
  endfacet
  facet normal 0.866026 -0.499999 1.23644e-07
    outer loop
      vertex 35.1029 0 85.2
      vertex 35.93 1.43257 32
      vertex 43.8786 15.2 85.2
    endloop
  endfacet
  facet normal 0.866024 -0.500002 0
    outer loop
      vertex 35.93 1.43257 32
      vertex 35.1029 0 85.2
      vertex 35.1029 0 32
    endloop
  endfacet
  facet normal 0.866026 -0.499998 0
    outer loop
      vertex 43.8786 15.2 12
      vertex 36.73 2.81821 31.2
      vertex 36.73 2.81821 12
    endloop
  endfacet
  facet normal 0.612367 -0.353549 0.707114
    outer loop
      vertex 43.8786 15.2 85.2
      vertex 34.641 0.799999 86
      vertex 35.1029 0 85.2
    endloop
  endfacet
  facet normal -0.612373 -0.353553 0.707107
    outer loop
      vertex 9.69948 15.2 86
      vertex 8.77572 15.2 85.2
      vertex 18.0133 0.799999 86
    endloop
  endfacet
  facet normal -0.866041 -0.499974 -1.0881e-05
    outer loop
      vertex 17.5514 0 66.99
      vertex 17.1561 0.684684 69
      vertex 17.1063 0.771055 64
    endloop
  endfacet
  facet normal -0.866027 -0.499998 0
    outer loop
      vertex 17.1561 0.684684 69
      vertex 17.5514 0 66.99
      vertex 17.5514 0 69
    endloop
  endfacet
  facet normal -0.866024 -0.500002 -1.15236e-05
    outer loop
      vertex 17.1561 0.684684 69
      vertex 8.77572 15.2 63.2
      vertex 17.1063 0.771055 64
    endloop
  endfacet
  facet normal -0.866026 -0.499998 7.20698e-05
    outer loop
      vertex 17.5514 0 63.2
      vertex 17.1063 0.771055 64
      vertex 8.77572 15.2 63.2
    endloop
  endfacet
  facet normal -0.866059 -0.499942 0
    outer loop
      vertex 17.1063 0.771055 64
      vertex 17.5514 0 63.2
      vertex 17.5514 0 64
    endloop
  endfacet
  facet normal -0.866026 -0.499998 0
    outer loop
      vertex 8.77572 15.2 63.2
      vertex 17.1561 0.684684 69
      vertex 8.77572 15.2 85.2
    endloop
  endfacet
  facet normal -0.866027 -0.499998 -1.9477e-07
    outer loop
      vertex 17.5514 0 70.59
      vertex 8.77572 15.2 85.2
      vertex 17.1561 0.684684 69
    endloop
  endfacet
  facet normal -0.866026 -0.499998 0
    outer loop
      vertex 8.77572 15.2 85.2
      vertex 17.5514 0 70.59
      vertex 17.5514 0 85.2
    endloop
  endfacet
  facet normal 0 0.707107 0.707107
    outer loop
      vertex 35.1029 30.4 85.2
      vertex 18.0133 29.6 86
      vertex 34.641 29.6 86
    endloop
  endfacet
  facet normal 0 0.707107 0.707107
    outer loop
      vertex 18.0133 29.6 86
      vertex 35.1029 30.4 85.2
      vertex 17.5514 30.4 85.2
    endloop
  endfacet
  facet normal 0.866026 0.499999 0
    outer loop
      vertex 43.8786 15.2 85.2
      vertex 35.1029 30.4 12
      vertex 35.1029 30.4 85.2
    endloop
  endfacet
  facet normal 0.866026 0.499999 0
    outer loop
      vertex 35.1029 30.4 12
      vertex 43.8786 15.2 85.2
      vertex 43.8786 15.2 12
    endloop
  endfacet
  facet normal 0 -0.707107 0.707106
    outer loop
      vertex 17.5514 0 85.2
      vertex 34.641 0.799999 86
      vertex 18.0133 0.799999 86
    endloop
  endfacet
  facet normal 0 -0.707107 0.707106
    outer loop
      vertex 34.641 0.799999 86
      vertex 17.5514 0 85.2
      vertex 35.1029 0 85.2
    endloop
  endfacet
  facet normal 0 1 -0
    outer loop
      vertex 35.1029 30.4 12
      vertex 17.5514 30.4 85.2
      vertex 35.1029 30.4 85.2
    endloop
  endfacet
  facet normal 0 1 0
    outer loop
      vertex 17.5514 30.4 85.2
      vertex 35.1029 30.4 12
      vertex 17.5514 30.4 12
    endloop
  endfacet
  facet normal 0 0 1
    outer loop
      vertex 34.641 29.6 86
      vertex 41.8002 15.2 86
      vertex 42.9549 15.2 86
    endloop
  endfacet
  facet normal 0 0 1
    outer loop
      vertex 34.641 29.6 86
      vertex 34.0637 28.6 86
      vertex 41.8002 15.2 86
    endloop
  endfacet
  facet normal 0 0 1
    outer loop
      vertex 34.641 29.6 86
      vertex 18.5907 28.6 86
      vertex 34.0637 28.6 86
    endloop
  endfacet
  facet normal -0 0 1
    outer loop
      vertex 18.0133 29.6 86
      vertex 18.5907 28.6 86
      vertex 34.641 29.6 86
    endloop
  endfacet
  facet normal 0 0 1
    outer loop
      vertex 18.0133 29.6 86
      vertex 10.8542 15.2 86
      vertex 18.5907 28.6 86
    endloop
  endfacet
  facet normal 0 -0 1
    outer loop
      vertex 10.8542 15.2 86
      vertex 18.0133 29.6 86
      vertex 9.69948 15.2 86
    endloop
  endfacet
  facet normal -0 0 1
    outer loop
      vertex 41.8002 15.2 86
      vertex 34.641 0.799999 86
      vertex 42.9549 15.2 86
    endloop
  endfacet
  facet normal -0 0 1
    outer loop
      vertex 34.0637 1.8 86
      vertex 34.641 0.799999 86
      vertex 41.8002 15.2 86
    endloop
  endfacet
  facet normal -0 0 1
    outer loop
      vertex 18.5907 1.8 86
      vertex 34.641 0.799999 86
      vertex 34.0637 1.8 86
    endloop
  endfacet
  facet normal 0 0 1
    outer loop
      vertex 18.5907 1.8 86
      vertex 18.0133 0.799999 86
      vertex 34.641 0.799999 86
    endloop
  endfacet
  facet normal 0 0 1
    outer loop
      vertex 10.8542 15.2 86
      vertex 18.0133 0.799999 86
      vertex 18.5907 1.8 86
    endloop
  endfacet
  facet normal 0 0 1
    outer loop
      vertex 18.0133 0.799999 86
      vertex 10.8542 15.2 86
      vertex 9.69948 15.2 86
    endloop
  endfacet
  facet normal -0.612373 0.353553 0.707107
    outer loop
      vertex 18.0133 29.6 86
      vertex 8.77572 15.2 85.2
      vertex 9.69948 15.2 86
    endloop
  endfacet
  facet normal 0.612392 0.353567 0.707083
    outer loop
      vertex 43.8786 15.2 85.2
      vertex 34.641 29.6 86
      vertex 42.9549 15.2 86
    endloop
  endfacet
  facet normal 0.612392 -0.353567 0.707083
    outer loop
      vertex 42.9549 15.2 86
      vertex 34.641 0.799999 86
      vertex 43.8786 15.2 85.2
    endloop
  endfacet
  facet normal 0.612367 0.353549 0.707114
    outer loop
      vertex 35.1029 30.4 85.2
      vertex 34.641 29.6 86
      vertex 43.8786 15.2 85.2
    endloop
  endfacet
  facet normal -0.612374 -0.353552 0.707106
    outer loop
      vertex -8.31384 -14.4 64
      vertex -17.5514 0 63.2
      vertex -8.77572 -15.2 63.2
    endloop
  endfacet
  facet normal -0.612374 0.353552 0.707106
    outer loop
      vertex -8.77572 15.2 63.2
      vertex -17.5514 0 63.2
      vertex -8.31384 14.4 64
    endloop
  endfacet
  facet normal 0.866026 -0.499998 0
    outer loop
      vertex 8.77572 -15.2 63.2
      vertex 17.5514 0 12
      vertex 17.5514 0 63.2
    endloop
  endfacet
  facet normal 0.866026 -0.499998 0
    outer loop
      vertex 17.5514 0 12
      vertex 8.77572 -15.2 63.2
      vertex 8.77572 -15.2 12
    endloop
  endfacet
  facet normal 0.612374 -0.353552 0.707106
    outer loop
      vertex 17.5514 0 63.2
      vertex 8.31384 -14.4 64
      vertex 8.77572 -15.2 63.2
    endloop
  endfacet
  facet normal -0.612392 -0.353566 0.707083
    outer loop
      vertex -16.6277 0 64
      vertex -17.5514 0 63.2
      vertex -8.31384 -14.4 64
    endloop
  endfacet
  facet normal -0.866026 -0.499998 0
    outer loop
      vertex -8.77572 -15.2 43.2
      vertex -17.5514 0 63.2
      vertex -17.5514 0 43.2
    endloop
  endfacet
  facet normal -0.866026 -0.499998 0
    outer loop
      vertex -17.5514 0 63.2
      vertex -8.77572 -15.2 43.2
      vertex -8.77572 -15.2 63.2
    endloop
  endfacet
  facet normal 0 0.707107 0.707107
    outer loop
      vertex 8.77572 15.2 63.2
      vertex -8.31384 14.4 64
      vertex 8.31384 14.4 64
    endloop
  endfacet
  facet normal 0 0.707107 0.707107
    outer loop
      vertex -8.31384 14.4 64
      vertex 8.77572 15.2 63.2
      vertex -8.77572 15.2 63.2
    endloop
  endfacet
  facet normal 0 -0.707107 0.707107
    outer loop
      vertex -8.31384 -14.4 64
      vertex 8.77572 -15.2 63.2
      vertex 8.31384 -14.4 64
    endloop
  endfacet
  facet normal 0 -0.707107 0.707107
    outer loop
      vertex 8.77572 -15.2 63.2
      vertex -8.31384 -14.4 64
      vertex -8.77572 -15.2 63.2
    endloop
  endfacet
  facet normal 0 1 -0
    outer loop
      vertex 8.77572 15.2 12
      vertex -8.77572 15.2 63.2
      vertex 8.77572 15.2 63.2
    endloop
  endfacet
  facet normal 0 1 0
    outer loop
      vertex -8.77572 15.2 63.2
      vertex 8.77572 15.2 12
      vertex -8.77572 15.2 12
    endloop
  endfacet
  facet normal 0 -1 0
    outer loop
      vertex -8.77572 -15.2 43.2
      vertex 8.77572 -15.2 63.2
      vertex -8.77572 -15.2 63.2
    endloop
  endfacet
  facet normal 0 -1 0
    outer loop
      vertex 8.77572 -15.2 12
      vertex -8.77572 -15.2 43.2
      vertex -8.77572 -15.2 12
    endloop
  endfacet
  facet normal 0 -1 0
    outer loop
      vertex -8.77572 -15.2 43.2
      vertex 8.77572 -15.2 12
      vertex 8.77572 -15.2 63.2
    endloop
  endfacet
  facet normal 0 0 1
    outer loop
      vertex 8.31384 14.4 64
      vertex 15.473 0 64
      vertex 16.6277 0 64
    endloop
  endfacet
  facet normal 0 0 1
    outer loop
      vertex 8.31384 14.4 64
      vertex 7.73649 13.4 64
      vertex 15.473 0 64
    endloop
  endfacet
  facet normal 0 0 1
    outer loop
      vertex 8.31384 14.4 64
      vertex -7.73649 13.4 64
      vertex 7.73649 13.4 64
    endloop
  endfacet
  facet normal -0 0 1
    outer loop
      vertex -8.31384 14.4 64
      vertex -7.73649 13.4 64
      vertex 8.31384 14.4 64
    endloop
  endfacet
  facet normal 0 0 1
    outer loop
      vertex -8.31384 14.4 64
      vertex -15.473 0 64
      vertex -7.73649 13.4 64
    endloop
  endfacet
  facet normal 0 -0 1
    outer loop
      vertex -15.473 0 64
      vertex -8.31384 14.4 64
      vertex -16.6277 0 64
    endloop
  endfacet
  facet normal -0 0 1
    outer loop
      vertex 15.473 0 64
      vertex 8.31384 -14.4 64
      vertex 16.6277 0 64
    endloop
  endfacet
  facet normal -0 0 1
    outer loop
      vertex 7.73649 -13.4 64
      vertex 8.31384 -14.4 64
      vertex 15.473 0 64
    endloop
  endfacet
  facet normal -0 0 1
    outer loop
      vertex -7.73649 -13.4 64
      vertex 8.31384 -14.4 64
      vertex 7.73649 -13.4 64
    endloop
  endfacet
  facet normal 0 0 1
    outer loop
      vertex -7.73649 -13.4 64
      vertex -8.31384 -14.4 64
      vertex 8.31384 -14.4 64
    endloop
  endfacet
  facet normal 0 0 1
    outer loop
      vertex -15.473 0 64
      vertex -8.31384 -14.4 64
      vertex -7.73649 -13.4 64
    endloop
  endfacet
  facet normal 0 0 1
    outer loop
      vertex -8.31384 -14.4 64
      vertex -15.473 0 64
      vertex -16.6277 0 64
    endloop
  endfacet
  facet normal -0.612392 0.353566 0.707083
    outer loop
      vertex -8.31384 14.4 64
      vertex -17.5514 0 63.2
      vertex -16.6277 0 64
    endloop
  endfacet
  facet normal 0.612392 0.353566 0.707083
    outer loop
      vertex 17.5514 0 63.2
      vertex 8.31384 14.4 64
      vertex 16.6277 0 64
    endloop
  endfacet
  facet normal 0.612392 -0.353566 0.707083
    outer loop
      vertex 16.6277 0 64
      vertex 8.31384 -14.4 64
      vertex 17.5514 0 63.2
    endloop
  endfacet
  facet normal 0.612374 0.353552 0.707106
    outer loop
      vertex 8.77572 15.2 63.2
      vertex 8.31384 14.4 64
      vertex 17.5514 0 63.2
    endloop
  endfacet
  facet normal -0.612367 -0.353549 0.707114
    outer loop
      vertex -34.641 -29.6 44
      vertex -43.8786 -15.2 43.2
      vertex -35.1029 -30.4 43.2
    endloop
  endfacet
  facet normal -0.866026 0.499999 0
    outer loop
      vertex -43.8786 -15.2 12
      vertex -35.1029 0 43.2
      vertex -35.1029 0 12
    endloop
  endfacet
  facet normal -0.866026 0.499999 0
    outer loop
      vertex -35.1029 0 43.2
      vertex -43.8786 -15.2 12
      vertex -43.8786 -15.2 43.2
    endloop
  endfacet
  facet normal -0.612367 0.353549 0.707114
    outer loop
      vertex -35.1029 0 43.2
      vertex -43.8786 -15.2 43.2
      vertex -34.641 -0.799999 44
    endloop
  endfacet
  facet normal 0.866026 -0.499999 0
    outer loop
      vertex -17.3143 -29.9893 22
      vertex -8.77572 -15.2 12
      vertex -8.77572 -15.2 43.2
    endloop
  endfacet
  facet normal 0.866024 -0.500003 -7.37849e-06
    outer loop
      vertex -8.77572 -15.2 12
      vertex -17.3143 -29.9893 22
      vertex -17.2573 -29.8905 17
    endloop
  endfacet
  facet normal 0.866217 -0.499668 1.44574e-06
    outer loop
      vertex -17.2573 -29.8905 17
      vertex -17.3143 -29.9893 22
      vertex -17.3136 -29.9881 17.3304
    endloop
  endfacet
  facet normal 0.866032 -0.499989 -9.55803e-06
    outer loop
      vertex -8.77572 -15.2 43.2
      vertex -17.5514 -30.4 22.9538
      vertex -17.3143 -29.9893 22
    endloop
  endfacet
  facet normal 0 0 0
    outer loop
      vertex -17.5514 -30.4 22.9538
      vertex -17.5514 -30.4 18.9276
      vertex -17.5514 -30.4 22
    endloop
  endfacet
  facet normal 0 0 0
    outer loop
      vertex -17.5514 -30.4 22.9538
      vertex -17.5514 -30.4 17
      vertex -17.5514 -30.4 18.9276
    endloop
  endfacet
  facet normal -0 0 0
    outer loop
      vertex -17.5514 -30.4 22.9538
      vertex -17.5514 -30.4 43.2
      vertex -17.5514 -30.4 17
    endloop
  endfacet
  facet normal 0.866026 -0.499998 0
    outer loop
      vertex -17.5514 -30.4 43.2
      vertex -17.5514 -30.4 22.9538
      vertex -8.77572 -15.2 43.2
    endloop
  endfacet
  facet normal 0.86607 -0.499924 0
    outer loop
      vertex -17.5514 -30.4 12
      vertex -17.2573 -29.8905 17
      vertex -17.5514 -30.4 17
    endloop
  endfacet
  facet normal 0.866026 -0.499998 1.01298e-05
    outer loop
      vertex -17.2573 -29.8905 17
      vertex -17.5514 -30.4 12
      vertex -8.77572 -15.2 12
    endloop
  endfacet
  facet normal 0 0 0
    outer loop
      vertex -17.5514 -30.4 12
      vertex -17.5514 -30.4 17
      vertex -17.5514 -30.4 43.2
    endloop
  endfacet
  facet normal 0.866042 -0.499972 0
    outer loop
      vertex -17.5514 -30.4 18.9276
      vertex -17.3143 -29.9893 22
      vertex -17.5514 -30.4 22
    endloop
  endfacet
  facet normal 0.866037 -0.499979 1.33861e-06
    outer loop
      vertex -17.3143 -29.9893 22
      vertex -17.5514 -30.4 18.9276
      vertex -17.3136 -29.9881 17.3304
    endloop
  endfacet
  facet normal 0.612367 -0.353548 0.707114
    outer loop
      vertex -8.77572 -15.2 43.2
      vertex -18.0133 -29.6 44
      vertex -17.5514 -30.4 43.2
    endloop
  endfacet
  facet normal -0.612392 -0.353567 0.707083
    outer loop
      vertex -42.9549 -15.2 44
      vertex -43.8786 -15.2 43.2
      vertex -34.641 -29.6 44
    endloop
  endfacet
  facet normal -0.866026 -0.499999 0
    outer loop
      vertex -35.1029 -30.4 12
      vertex -43.8786 -15.2 43.2
      vertex -43.8786 -15.2 12
    endloop
  endfacet
  facet normal -0.866026 -0.499999 0
    outer loop
      vertex -43.8786 -15.2 43.2
      vertex -35.1029 -30.4 12
      vertex -35.1029 -30.4 43.2
    endloop
  endfacet
  facet normal 0 -0.707107 0.707107
    outer loop
      vertex -34.641 -29.6 44
      vertex -17.5514 -30.4 43.2
      vertex -18.0133 -29.6 44
    endloop
  endfacet
  facet normal 0 -0.707107 0.707107
    outer loop
      vertex -17.5514 -30.4 43.2
      vertex -34.641 -29.6 44
      vertex -35.1029 -30.4 43.2
    endloop
  endfacet
  facet normal 0 -1 0
    outer loop
      vertex -35.1029 -30.4 12
      vertex -17.5514 -30.4 43.2
      vertex -35.1029 -30.4 43.2
    endloop
  endfacet
  facet normal 0 -1 -0
    outer loop
      vertex -17.5514 -30.4 43.2
      vertex -35.1029 -30.4 12
      vertex -17.5514 -30.4 12
    endloop
  endfacet
  facet normal 0 0 1
    outer loop
      vertex -18.0133 -0.799999 44
      vertex -10.8542 -15.2 44
      vertex -9.69948 -15.2 44
    endloop
  endfacet
  facet normal 0 0 1
    outer loop
      vertex -18.0133 -0.799999 44
      vertex -18.5907 -1.8 44
      vertex -10.8542 -15.2 44
    endloop
  endfacet
  facet normal 0 0 1
    outer loop
      vertex -18.0133 -0.799999 44
      vertex -34.0637 -1.8 44
      vertex -18.5907 -1.8 44
    endloop
  endfacet
  facet normal -0 0 1
    outer loop
      vertex -34.641 -0.799999 44
      vertex -34.0637 -1.8 44
      vertex -18.0133 -0.799999 44
    endloop
  endfacet
  facet normal 0 0 1
    outer loop
      vertex -34.641 -0.799999 44
      vertex -41.8002 -15.2 44
      vertex -34.0637 -1.8 44
    endloop
  endfacet
  facet normal 0 -0 1
    outer loop
      vertex -41.8002 -15.2 44
      vertex -34.641 -0.799999 44
      vertex -42.9549 -15.2 44
    endloop
  endfacet
  facet normal -0 0 1
    outer loop
      vertex -10.8542 -15.2 44
      vertex -18.0133 -29.6 44
      vertex -9.69948 -15.2 44
    endloop
  endfacet
  facet normal -0 0 1
    outer loop
      vertex -18.5907 -28.6 44
      vertex -18.0133 -29.6 44
      vertex -10.8542 -15.2 44
    endloop
  endfacet
  facet normal -0 0 1
    outer loop
      vertex -34.0637 -28.6 44
      vertex -18.0133 -29.6 44
      vertex -18.5907 -28.6 44
    endloop
  endfacet
  facet normal 0 0 1
    outer loop
      vertex -34.0637 -28.6 44
      vertex -34.641 -29.6 44
      vertex -18.0133 -29.6 44
    endloop
  endfacet
  facet normal 0 0 1
    outer loop
      vertex -41.8002 -15.2 44
      vertex -34.641 -29.6 44
      vertex -34.0637 -28.6 44
    endloop
  endfacet
  facet normal 0 0 1
    outer loop
      vertex -34.641 -29.6 44
      vertex -41.8002 -15.2 44
      vertex -42.9549 -15.2 44
    endloop
  endfacet
  facet normal -0.612392 0.353567 0.707083
    outer loop
      vertex -34.641 -0.799999 44
      vertex -43.8786 -15.2 43.2
      vertex -42.9549 -15.2 44
    endloop
  endfacet
  facet normal 0.612373 0.353553 0.707107
    outer loop
      vertex -8.77572 -15.2 43.2
      vertex -18.0133 -0.799999 44
      vertex -9.69948 -15.2 44
    endloop
  endfacet
  facet normal 0.612373 -0.353553 0.707107
    outer loop
      vertex -9.69948 -15.2 44
      vertex -18.0133 -29.6 44
      vertex -8.77572 -15.2 43.2
    endloop
  endfacet
  facet normal 0.612367 0.353549 0.707114
    outer loop
      vertex -17.5514 0 43.2
      vertex -18.0133 -0.799999 44
      vertex -8.77572 -15.2 43.2
    endloop
  endfacet
  facet normal 0 0.707107 0.707106
    outer loop
      vertex -17.5514 0 43.2
      vertex -34.641 -0.799999 44
      vertex -18.0133 -0.799999 44
    endloop
  endfacet
  facet normal 0 0.707107 0.707106
    outer loop
      vertex -34.641 -0.799999 44
      vertex -17.5514 0 43.2
      vertex -35.1029 0 43.2
    endloop
  endfacet
  facet normal 0.353554 0.612373 0.707107
    outer loop
      vertex 38 3.55145 31.2
      vertex 38 2.62769 32
      vertex 52.4 -5.68616 32
    endloop
  endfacet
  facet normal -0.500001 0.866025 -9.37092e-07
    outer loop
      vertex 31.8487 0 31.2
      vertex 24 -4.53146 29.6
      vertex 22.8 -5.22428 31.2
    endloop
  endfacet
  facet normal -0.500001 0.866025 0
    outer loop
      vertex 31.8487 0 12
      vertex 24 -4.53146 29.6
      vertex 31.8487 0 31.2
    endloop
  endfacet
  facet normal -0.500001 0.866025 0
    outer loop
      vertex 24 -4.53146 29.6
      vertex 31.8487 0 12
      vertex 24 -4.53146 12
    endloop
  endfacet
  facet normal -0.499971 0.866042 2.89761e-05
    outer loop
      vertex 23.666 -4.72428 29.6
      vertex 22.8 -5.22428 31.2
      vertex 24 -4.53146 29.6
    endloop
  endfacet
  facet normal -0.500011 0.866019 0
    outer loop
      vertex 22.8 -5.22428 12
      vertex 23.666 -4.72428 29.6
      vertex 23.666 -4.72428 12
    endloop
  endfacet
  facet normal -0.500011 0.866019 0
    outer loop
      vertex 23.666 -4.72428 29.6
      vertex 22.8 -5.22428 12
      vertex 22.8 -5.22428 31.2
    endloop
  endfacet
  facet normal -0.500003 0.866024 0
    outer loop
      vertex 38 3.55145 12
      vertex 36.73 2.81821 31.2
      vertex 38 3.55145 31.2
    endloop
  endfacet
  facet normal -0.500003 0.866024 0
    outer loop
      vertex 36.73 2.81821 31.2
      vertex 38 3.55145 12
      vertex 36.73 2.81821 12
    endloop
  endfacet
  facet normal -0.499999 -0.866026 9.97069e-06
    outer loop
      vertex 22.8 -22.7757 31.2
      vertex 36.8 -30.8586 29.6
      vertex 38 -31.5514 31.2
    endloop
  endfacet
  facet normal -0.5 -0.866026 0
    outer loop
      vertex 22.8 -22.7757 12
      vertex 36.8 -30.8586 29.6
      vertex 22.8 -22.7757 31.2
    endloop
  endfacet
  facet normal -0.5 -0.866026 -0
    outer loop
      vertex 36.8 -30.8586 29.6
      vertex 22.8 -22.7757 12
      vertex 36.8 -30.8586 12
    endloop
  endfacet
  facet normal -0.499932 -0.866065 -5.70462e-05
    outer loop
      vertex 37.134 -31.0514 29.6
      vertex 38 -31.5514 31.2
      vertex 36.8 -30.8586 29.6
    endloop
  endfacet
  facet normal -0.500011 -0.866019 0
    outer loop
      vertex 38 -31.5514 12
      vertex 37.134 -31.0514 29.6
      vertex 37.134 -31.0514 12
    endloop
  endfacet
  facet normal -0.500011 -0.866019 0
    outer loop
      vertex 37.134 -31.0514 29.6
      vertex 38 -31.5514 12
      vertex 38 -31.5514 31.2
    endloop
  endfacet
  facet normal -0.353549 -0.612367 0.707114
    outer loop
      vertex 23.6 -22.3138 32
      vertex 22.8 -22.7757 31.2
      vertex 38 -31.5514 31.2
    endloop
  endfacet
  facet normal -1 0 0
    outer loop
      vertex 22.8 -6.60992 12
      vertex 22.8 -22.7757 12
      vertex 22.8 -6.60992 29.6
    endloop
  endfacet
  facet normal -1 0 0
    outer loop
      vertex 22.8 -6.22428 29.6
      vertex 22.8 -5.22428 12
      vertex 22.8 -6.22428 12
    endloop
  endfacet
  facet normal -1 0 0
    outer loop
      vertex 22.8 -5.22428 12
      vertex 22.8 -6.22428 29.6
      vertex 22.8 -5.22428 31.2
    endloop
  endfacet
  facet normal -1 0 0
    outer loop
      vertex 22.8 -6.60992 29.6
      vertex 22.8 -5.22428 31.2
      vertex 22.8 -6.22428 29.6
    endloop
  endfacet
  facet normal -1 0 0
    outer loop
      vertex 22.8 -22.7757 31.2
      vertex 22.8 -6.60992 29.6
      vertex 22.8 -22.7757 12
    endloop
  endfacet
  facet normal -1 0 0
    outer loop
      vertex 22.8 -6.60992 29.6
      vertex 22.8 -22.7757 31.2
      vertex 22.8 -5.22428 31.2
    endloop
  endfacet
  facet normal 0.499971 0.866042 2.89761e-05
    outer loop
      vertex 52 -4.53146 29.6
      vertex 53.2 -5.22428 31.2
      vertex 52.334 -4.72428 29.6
    endloop
  endfacet
  facet normal 0.500009 0.86602 1.138e-06
    outer loop
      vertex 53.2 -5.22428 31.2
      vertex 53.2 -5.22427 23.59
      vertex 52.334 -4.72428 29.6
    endloop
  endfacet
  facet normal 1 0 0
    outer loop
      vertex 53.2 -5.22428 31.2
      vertex 53.2 -5.22427 22
      vertex 53.2 -5.22427 23.59
    endloop
  endfacet
  facet normal 0.499942 0.866059 0
    outer loop
      vertex 53.2 -5.22427 22
      vertex 53.2 -5.22427 19.99
      vertex 52.8385 -5.01559 22
    endloop
  endfacet
  facet normal 1 0 0
    outer loop
      vertex 53.2 -5.22428 31.2
      vertex 53.2 -5.22427 19.99
      vertex 53.2 -5.22427 22
    endloop
  endfacet
  facet normal 1 0 0
    outer loop
      vertex 53.2 -5.22428 31.2
      vertex 53.2 -5.22427 17
      vertex 53.2 -5.22427 19.99
    endloop
  endfacet
  facet normal 0.499942 0.866059 -1.73212e-06
    outer loop
      vertex 53.2 -5.22427 17
      vertex 53.2 -5.22428 12
      vertex 52.8385 -5.01559 17
    endloop
  endfacet
  facet normal 1 0 0
    outer loop
      vertex 53.2 -5.22428 12
      vertex 53.2 -5.22427 17
      vertex 53.2 -5.22428 31.2
    endloop
  endfacet
  facet normal 0.5 0.866025 -4.27315e-07
    outer loop
      vertex 53.2 -5.22428 31.2
      vertex 52 -4.53146 29.6
      vertex 38 3.55145 31.2
    endloop
  endfacet
  facet normal 0.5 0.866025 0
    outer loop
      vertex 38 3.55145 12
      vertex 52 -4.53146 29.6
      vertex 52 -4.53146 12
    endloop
  endfacet
  facet normal 0.5 0.866025 0
    outer loop
      vertex 52 -4.53146 29.6
      vertex 38 3.55145 12
      vertex 38 3.55145 31.2
    endloop
  endfacet
  facet normal 0.499952 0.866053 -9.83267e-06
    outer loop
      vertex 53.2 -5.22427 23.59
      vertex 52.8385 -5.01559 23.0979
      vertex 52.334 -4.72428 29.6
    endloop
  endfacet
  facet normal 0.500047 0.865998 -0
    outer loop
      vertex 52.8385 -5.01559 22
      vertex 52.334 -4.72428 29.6
      vertex 52.8385 -5.01559 23.0979
    endloop
  endfacet
  facet normal 0.499942 0.866059 -0
    outer loop
      vertex 52.8385 -5.01559 19.1682
      vertex 52.8385 -5.01559 22
      vertex 53.2 -5.22427 19.99
    endloop
  endfacet
  facet normal 0.500047 0.865998 -0
    outer loop
      vertex 52.8385 -5.01559 19.1682
      vertex 52.334 -4.72428 29.6
      vertex 52.8385 -5.01559 22
    endloop
  endfacet
  facet normal 0.500047 0.865998 0
    outer loop
      vertex 52.334 -4.72428 12
      vertex 52.8385 -5.01559 19.1682
      vertex 52.8385 -5.01559 17
    endloop
  endfacet
  facet normal 0.500047 0.865998 0
    outer loop
      vertex 52.8385 -5.01559 19.1682
      vertex 52.334 -4.72428 12
      vertex 52.334 -4.72428 29.6
    endloop
  endfacet
  facet normal 0.500011 0.866019 4.89211e-06
    outer loop
      vertex 52.334 -4.72428 12
      vertex 52.8385 -5.01559 17
      vertex 53.2 -5.22428 12
    endloop
  endfacet
  facet normal 0.353554 0.612372 0.707107
    outer loop
      vertex 53.2 -5.22428 31.2
      vertex 38 3.55145 31.2
      vertex 52.4 -5.68616 32
    endloop
  endfacet
  facet normal 1 0 0
    outer loop
      vertex 53.2 -5.22428 31.2
      vertex 53.2 -6.22428 29.6
      vertex 53.2 -5.22428 12
    endloop
  endfacet
  facet normal 1 0 0
    outer loop
      vertex 53.2 -5.22428 31.2
      vertex 53.2 -6.60992 29.6
      vertex 53.2 -6.22428 29.6
    endloop
  endfacet
  facet normal 1 -0 0
    outer loop
      vertex 53.2 -22.7757 31.2
      vertex 53.2 -6.60992 29.6
      vertex 53.2 -5.22428 31.2
    endloop
  endfacet
  facet normal 1 0 0
    outer loop
      vertex 53.2 -22.7757 12
      vertex 53.2 -6.60992 29.6
      vertex 53.2 -22.7757 31.2
    endloop
  endfacet
  facet normal 1 0 0
    outer loop
      vertex 53.2 -6.60992 29.6
      vertex 53.2 -22.7757 12
      vertex 53.2 -6.60992 12
    endloop
  endfacet
  facet normal 1 0 0
    outer loop
      vertex 53.2 -5.22428 12
      vertex 53.2 -6.22428 29.6
      vertex 53.2 -6.22428 12
    endloop
  endfacet
  facet normal 0.499932 -0.866065 -5.70462e-05
    outer loop
      vertex 39.2 -30.8586 29.6
      vertex 38 -31.5514 31.2
      vertex 38.866 -31.0514 29.6
    endloop
  endfacet
  facet normal 0.500011 -0.866019 0
    outer loop
      vertex 38 -31.5514 12
      vertex 38.866 -31.0514 29.6
      vertex 38 -31.5514 31.2
    endloop
  endfacet
  facet normal 0.500011 -0.866019 0
    outer loop
      vertex 38.866 -31.0514 29.6
      vertex 38 -31.5514 12
      vertex 38.866 -31.0514 12
    endloop
  endfacet
  facet normal 0.499999 -0.866026 9.97069e-06
    outer loop
      vertex 38 -31.5514 31.2
      vertex 39.2 -30.8586 29.6
      vertex 53.2 -22.7757 31.2
    endloop
  endfacet
  facet normal 0.5 -0.866026 0
    outer loop
      vertex 53.2 -22.7757 12
      vertex 39.2 -30.8586 29.6
      vertex 39.2 -30.8586 12
    endloop
  endfacet
  facet normal 0.5 -0.866026 0
    outer loop
      vertex 39.2 -30.8586 29.6
      vertex 53.2 -22.7757 12
      vertex 53.2 -22.7757 31.2
    endloop
  endfacet
  facet normal -0.707107 0 0.707107
    outer loop
      vertex 22.8 -5.22428 31.2
      vertex 23.6 -22.3138 32
      vertex 23.6 -5.68616 32
    endloop
  endfacet
  facet normal -0.707107 0 0.707107
    outer loop
      vertex 23.6 -22.3138 32
      vertex 22.8 -5.22428 31.2
      vertex 22.8 -22.7757 31.2
    endloop
  endfacet
  facet normal 0.353567 -0.612392 0.707083
    outer loop
      vertex 38 -30.6277 32
      vertex 38 -31.5514 31.2
      vertex 52.4 -22.3138 32
    endloop
  endfacet
  facet normal 0.353549 -0.612367 0.707114
    outer loop
      vertex 52.4 -22.3138 32
      vertex 38 -31.5514 31.2
      vertex 53.2 -22.7757 31.2
    endloop
  endfacet
  facet normal -0.353562 0.612371 0.707104
    outer loop
      vertex 36.6553 2.68881 31.2747
      vertex 38 2.62769 32
      vertex 38 3.55145 31.2
    endloop
  endfacet
  facet normal -0.353559 0.612379 0.707099
    outer loop
      vertex 38 2.62769 32
      vertex 36.6553 2.68881 31.2747
      vertex 35.93 1.43257 32
    endloop
  endfacet
  facet normal -0.353536 0.612341 0.707143
    outer loop
      vertex 32.4638 0 31.5076
      vertex 23.6 -5.68616 32
      vertex 33.4487 0 32
    endloop
  endfacet
  facet normal -0.353586 0.612411 0.707057
    outer loop
      vertex 31.8487 0 31.2
      vertex 23.6 -5.68616 32
      vertex 32.4638 0 31.5076
    endloop
  endfacet
  facet normal -0.353554 0.612372 0.707107
    outer loop
      vertex 23.6 -5.68616 32
      vertex 31.8487 0 31.2
      vertex 22.8 -5.22428 31.2
    endloop
  endfacet
  facet normal -0.353524 0.612317 0.70717
    outer loop
      vertex 36.73 2.81821 31.2
      vertex 36.6553 2.68881 31.2747
      vertex 38 3.55145 31.2
    endloop
  endfacet
  facet normal 0.707107 -0 0.707107
    outer loop
      vertex 52.4 -22.3138 32
      vertex 53.2 -5.22428 31.2
      vertex 52.4 -5.68616 32
    endloop
  endfacet
  facet normal 0.707107 0 0.707107
    outer loop
      vertex 53.2 -5.22428 31.2
      vertex 52.4 -22.3138 32
      vertex 53.2 -22.7757 31.2
    endloop
  endfacet
  facet normal 0 0 1
    outer loop
      vertex 52.4 -5.68616 32
      vertex 51.4 -6.26351 32
      vertex 52.4 -22.3138 32
    endloop
  endfacet
  facet normal 0 0 1
    outer loop
      vertex 38 2.62769 32
      vertex 51.4 -6.26351 32
      vertex 52.4 -5.68616 32
    endloop
  endfacet
  facet normal 0 0 1
    outer loop
      vertex 38 2.62769 32
      vertex 38 1.47299 32
      vertex 51.4 -6.26351 32
    endloop
  endfacet
  facet normal 0 0 1
    outer loop
      vertex 35.93 1.43257 32
      vertex 38 1.47299 32
      vertex 38 2.62769 32
    endloop
  endfacet
  facet normal 0 0 1
    outer loop
      vertex 35.1029 0 32
      vertex 38 1.47299 32
      vertex 35.93 1.43257 32
    endloop
  endfacet
  facet normal -0 0 1
    outer loop
      vertex 35.1029 0 32
      vertex 24.6 -6.26351 32
      vertex 38 1.47299 32
    endloop
  endfacet
  facet normal -0 0 1
    outer loop
      vertex 33.4487 0 32
      vertex 24.6 -6.26351 32
      vertex 35.1029 0 32
    endloop
  endfacet
  facet normal 0 0 1
    outer loop
      vertex 24.6 -6.26351 32
      vertex 23.6 -5.68616 32
      vertex 24.6 -21.7365 32
    endloop
  endfacet
  facet normal -0 0 1
    outer loop
      vertex 23.6 -5.68616 32
      vertex 24.6 -6.26351 32
      vertex 33.4487 0 32
    endloop
  endfacet
  facet normal -0 0 1
    outer loop
      vertex 51.4 -21.7365 32
      vertex 52.4 -22.3138 32
      vertex 51.4 -6.26351 32
    endloop
  endfacet
  facet normal 0 0 1
    outer loop
      vertex 38 -29.473 32
      vertex 52.4 -22.3138 32
      vertex 51.4 -21.7365 32
    endloop
  endfacet
  facet normal -0 0 1
    outer loop
      vertex 38 -29.473 32
      vertex 38 -30.6277 32
      vertex 52.4 -22.3138 32
    endloop
  endfacet
  facet normal 0 0 1
    outer loop
      vertex 24.6 -21.7365 32
      vertex 38 -30.6277 32
      vertex 38 -29.473 32
    endloop
  endfacet
  facet normal 0 0 1
    outer loop
      vertex 24.6 -21.7365 32
      vertex 23.6 -22.3138 32
      vertex 38 -30.6277 32
    endloop
  endfacet
  facet normal 0 0 1
    outer loop
      vertex 23.6 -22.3138 32
      vertex 24.6 -21.7365 32
      vertex 23.6 -5.68616 32
    endloop
  endfacet
  facet normal -0.353567 -0.612392 0.707083
    outer loop
      vertex 38 -30.6277 32
      vertex 23.6 -22.3138 32
      vertex 38 -31.5514 31.2
    endloop
  endfacet
  facet normal 0 1 0
    outer loop
      vertex -43 -35.89 8.76275
      vertex -41.4873 -35.89 7.25
      vertex -43 -35.89 7.25
    endloop
  endfacet
  facet normal 0 1 0
    outer loop
      vertex -39.5127 -35.89 7.25
      vertex -38.2373 -35.89 10.5
      vertex -34.9873 -35.89 7.25
    endloop
  endfacet
  facet normal 0 1 0
    outer loop
      vertex -38.2373 -35.89 10.5
      vertex -39.5127 -35.89 7.25
      vertex -42.7627 -35.89 10.5
    endloop
  endfacet
  facet normal 0 1 0
    outer loop
      vertex -33.0127 -35.89 7.25
      vertex -31.7373 -35.89 10.5
      vertex -28.4873 -35.89 7.25
    endloop
  endfacet
  facet normal 0 1 0
    outer loop
      vertex -31.7373 -35.89 10.5
      vertex -33.0127 -35.89 7.25
      vertex -36.2627 -35.89 10.5
    endloop
  endfacet
  facet normal 0 1 0
    outer loop
      vertex -26.5127 -35.89 7.25
      vertex -26 -35.89 10.5
      vertex -26 -35.89 7.25
    endloop
  endfacet
  facet normal 0 1 0
    outer loop
      vertex -26 -35.89 10.5
      vertex -26.5127 -35.89 7.25
      vertex -29.7627 -35.89 10.5
    endloop
  endfacet
  facet normal 0 -1 0
    outer loop
      vertex -42.2372 -36.79 1.5
      vertex -43 -36.79 2.26275
      vertex -43 -36.79 1.5
    endloop
  endfacet
  facet normal 0 -1 0
    outer loop
      vertex -40.2627 -36.79 1.5
      vertex -43 -36.79 8.76275
      vertex -43 -36.79 4.23727
    endloop
  endfacet
  facet normal 0 -1 0
    outer loop
      vertex -43 -36.79 8.76275
      vertex -40.2627 -36.79 1.5
      vertex -35.7372 -36.79 1.5
    endloop
  endfacet
  facet normal 0 -1 0
    outer loop
      vertex -33.7627 -36.79 1.5
      vertex -38.2373 -36.79 10.5
      vertex -42.7627 -36.79 10.5
    endloop
  endfacet
  facet normal 0 -1 0
    outer loop
      vertex -38.2373 -36.79 10.5
      vertex -33.7627 -36.79 1.5
      vertex -29.2372 -36.79 1.5
    endloop
  endfacet
  facet normal 0 -1 0
    outer loop
      vertex -27.2627 -36.79 1.5
      vertex -31.7373 -36.79 10.5
      vertex -36.2627 -36.79 10.5
    endloop
  endfacet
  facet normal 0 -1 0
    outer loop
      vertex -31.7373 -36.79 10.5
      vertex -27.2627 -36.79 1.5
      vertex -26 -36.79 4.76275
    endloop
  endfacet
  facet normal 0 -1 -0
    outer loop
      vertex -26 -36.79 4.76275
      vertex -27.2627 -36.79 1.5
      vertex -26 -36.79 1.5
    endloop
  endfacet
  facet normal 0 -1 0
    outer loop
      vertex -26 -36.79 6.73727
      vertex -26 -36.79 10.5
      vertex -29.7627 -36.79 10.5
    endloop
  endfacet
  facet normal 0.707084 0 0.70713
    outer loop
      vertex -43 -35.9 2.26275
      vertex -42.2372 -36.79 1.5
      vertex -42.2372 -35.9 1.5
    endloop
  endfacet
  facet normal 0.707084 0 0.70713
    outer loop
      vertex -42.2372 -36.79 1.5
      vertex -43 -35.9 2.26275
      vertex -43 -36.79 2.26275
    endloop
  endfacet
  facet normal 0.707118 0 0.707095
    outer loop
      vertex -41.4873 -35.89 7.25
      vertex -43 -35.89 8.76275
      vertex -41.4873 -35.9 7.25
    endloop
  endfacet
  facet normal 0.707101 0 0.707113
    outer loop
      vertex -41.4873 -35.9 7.25
      vertex -35.7372 -36.79 1.5
      vertex -35.7372 -35.9 1.5
    endloop
  endfacet
  facet normal 0.707118 -0 0.707095
    outer loop
      vertex -43 -36.79 8.76275
      vertex -41.4873 -35.9 7.25
      vertex -43 -35.89 8.76275
    endloop
  endfacet
  facet normal 0.707104 4.79992e-05 0.707109
    outer loop
      vertex -41.4873 -35.9 7.25
      vertex -43 -36.79 8.76275
      vertex -35.7372 -36.79 1.5
    endloop
  endfacet
  facet normal -0.707103 0 -0.707111
    outer loop
      vertex -43 -36.79 4.23727
      vertex -40.2627 -35.9 1.5
      vertex -40.2627 -36.79 1.5
    endloop
  endfacet
  facet normal -0.707103 0 -0.707111
    outer loop
      vertex -40.2627 -35.9 1.5
      vertex -43 -36.79 4.23727
      vertex -43 -35.9 4.23727
    endloop
  endfacet
  facet normal 0.707107 0 0.707107
    outer loop
      vertex -34.9873 -35.89 7.25
      vertex -38.2373 -35.89 10.5
      vertex -34.9873 -35.9 7.25
    endloop
  endfacet
  facet normal 0.707101 0 0.707113
    outer loop
      vertex -34.9873 -35.9 7.25
      vertex -29.2372 -36.79 1.5
      vertex -29.2372 -35.9 1.5
    endloop
  endfacet
  facet normal 0.707107 -0 0.707107
    outer loop
      vertex -38.2373 -36.79 10.5
      vertex -34.9873 -35.9 7.25
      vertex -38.2373 -35.89 10.5
    endloop
  endfacet
  facet normal 0.707103 2.86902e-05 0.707111
    outer loop
      vertex -34.9873 -35.9 7.25
      vertex -38.2373 -36.79 10.5
      vertex -29.2372 -36.79 1.5
    endloop
  endfacet
  facet normal -0.707107 0 -0.707107
    outer loop
      vertex -33.7627 -36.79 1.5
      vertex -39.5127 -35.9 7.25
      vertex -33.7627 -35.9 1.5
    endloop
  endfacet
  facet normal -0.707107 0 -0.707107
    outer loop
      vertex -42.7627 -36.79 10.5
      vertex -39.5127 -35.9 7.25
      vertex -33.7627 -36.79 1.5
    endloop
  endfacet
  facet normal -0.707107 -0 -0.707107
    outer loop
      vertex -42.7627 -35.89 10.5
      vertex -39.5127 -35.9 7.25
      vertex -42.7627 -36.79 10.5
    endloop
  endfacet
  facet normal -0.707107 0 -0.707107
    outer loop
      vertex -39.5127 -35.9 7.25
      vertex -42.7627 -35.89 10.5
      vertex -39.5127 -35.89 7.25
    endloop
  endfacet
  facet normal 0.707107 0 0.707107
    outer loop
      vertex -28.4873 -35.89 7.25
      vertex -31.7373 -35.89 10.5
      vertex -28.4873 -35.9 7.25
    endloop
  endfacet
  facet normal 0.7071 0 0.707114
    outer loop
      vertex -28.4873 -35.9 7.25
      vertex -26 -36.79 4.76275
      vertex -26 -35.9 4.76275
    endloop
  endfacet
  facet normal 0.707107 -0 0.707107
    outer loop
      vertex -31.7373 -36.79 10.5
      vertex -28.4873 -35.9 7.25
      vertex -31.7373 -35.89 10.5
    endloop
  endfacet
  facet normal 0.707104 2.25031e-05 0.70711
    outer loop
      vertex -28.4873 -35.9 7.25
      vertex -31.7373 -36.79 10.5
      vertex -26 -36.79 4.76275
    endloop
  endfacet
  facet normal -0.707107 0 -0.707107
    outer loop
      vertex -27.2627 -36.79 1.5
      vertex -33.0127 -35.9 7.25
      vertex -27.2627 -35.9 1.5
    endloop
  endfacet
  facet normal -0.707107 -9.40879e-16 -0.707107
    outer loop
      vertex -36.2627 -36.79 10.5
      vertex -33.0127 -35.9 7.25
      vertex -27.2627 -36.79 1.5
    endloop
  endfacet
  facet normal -0.707107 -0 -0.707107
    outer loop
      vertex -36.2627 -35.89 10.5
      vertex -33.0127 -35.9 7.25
      vertex -36.2627 -36.79 10.5
    endloop
  endfacet
  facet normal -0.707107 0 -0.707107
    outer loop
      vertex -33.0127 -35.9 7.25
      vertex -36.2627 -35.89 10.5
      vertex -33.0127 -35.89 7.25
    endloop
  endfacet
  facet normal -0.707127 0 -0.707086
    outer loop
      vertex -26 -36.79 6.73727
      vertex -26.5127 -35.9 7.25
      vertex -26 -35.9 6.73727
    endloop
  endfacet
  facet normal -0.70711 2.05872e-05 -0.707104
    outer loop
      vertex -29.7627 -36.79 10.5
      vertex -26.5127 -35.9 7.25
      vertex -26 -36.79 6.73727
    endloop
  endfacet
  facet normal -0.707107 -0 -0.707107
    outer loop
      vertex -29.7627 -35.89 10.5
      vertex -26.5127 -35.9 7.25
      vertex -29.7627 -36.79 10.5
    endloop
  endfacet
  facet normal -0.707107 0 -0.707107
    outer loop
      vertex -26.5127 -35.9 7.25
      vertex -29.7627 -35.89 10.5
      vertex -26.5127 -35.89 7.25
    endloop
  endfacet
  facet normal 1 -0 0
    outer loop
      vertex -26 -36.79 4.76275
      vertex -26 -35.9 1.5
      vertex -26 -35.9 4.76275
    endloop
  endfacet
  facet normal 1 0 0
    outer loop
      vertex -26 -35.9 1.5
      vertex -26 -36.79 4.76275
      vertex -26 -36.79 1.5
    endloop
  endfacet
  facet normal 1 0 0
    outer loop
      vertex -26 -35.89 10.5
      vertex -26 -35.9 7.25
      vertex -26 -35.89 7.25
    endloop
  endfacet
  facet normal 1 -0 0
    outer loop
      vertex -26 -36.79 10.5
      vertex -26 -35.9 7.25
      vertex -26 -35.89 10.5
    endloop
  endfacet
  facet normal 1 0 0
    outer loop
      vertex -26 -36.79 6.73727
      vertex -26 -35.9 7.25
      vertex -26 -36.79 10.5
    endloop
  endfacet
  facet normal 1 0 0
    outer loop
      vertex -26 -35.9 7.25
      vertex -26 -36.79 6.73727
      vertex -26 -35.9 6.73727
    endloop
  endfacet
  facet normal -0 0 1
    outer loop
      vertex -42.7627 -35.89 10.5
      vertex -38.2373 -36.79 10.5
      vertex -38.2373 -35.89 10.5
    endloop
  endfacet
  facet normal 0 0 1
    outer loop
      vertex -38.2373 -36.79 10.5
      vertex -42.7627 -35.89 10.5
      vertex -42.7627 -36.79 10.5
    endloop
  endfacet
  facet normal -0 0 1
    outer loop
      vertex -36.2627 -35.89 10.5
      vertex -31.7373 -36.79 10.5
      vertex -31.7373 -35.89 10.5
    endloop
  endfacet
  facet normal 0 0 1
    outer loop
      vertex -31.7373 -36.79 10.5
      vertex -36.2627 -35.89 10.5
      vertex -36.2627 -36.79 10.5
    endloop
  endfacet
  facet normal -0 0 1
    outer loop
      vertex -29.7627 -35.89 10.5
      vertex -26 -36.79 10.5
      vertex -26 -35.89 10.5
    endloop
  endfacet
  facet normal 0 0 1
    outer loop
      vertex -26 -36.79 10.5
      vertex -29.7627 -35.89 10.5
      vertex -29.7627 -36.79 10.5
    endloop
  endfacet
  facet normal 0 0 -1
    outer loop
      vertex -43 -36.79 1.5
      vertex -42.2372 -35.9 1.5
      vertex -42.2372 -36.79 1.5
    endloop
  endfacet
  facet normal -0 0 -1
    outer loop
      vertex -42.2372 -35.9 1.5
      vertex -43 -36.79 1.5
      vertex -43 -35.9 1.5
    endloop
  endfacet
  facet normal 0 0 -1
    outer loop
      vertex -40.2627 -36.79 1.5
      vertex -35.7372 -35.9 1.5
      vertex -35.7372 -36.79 1.5
    endloop
  endfacet
  facet normal -0 0 -1
    outer loop
      vertex -35.7372 -35.9 1.5
      vertex -40.2627 -36.79 1.5
      vertex -40.2627 -35.9 1.5
    endloop
  endfacet
  facet normal 0 0 -1
    outer loop
      vertex -33.7627 -36.79 1.5
      vertex -29.2372 -35.9 1.5
      vertex -29.2372 -36.79 1.5
    endloop
  endfacet
  facet normal -0 0 -1
    outer loop
      vertex -29.2372 -35.9 1.5
      vertex -33.7627 -36.79 1.5
      vertex -33.7627 -35.9 1.5
    endloop
  endfacet
  facet normal 0 0 -1
    outer loop
      vertex -27.2627 -36.79 1.5
      vertex -26 -35.9 1.5
      vertex -26 -36.79 1.5
    endloop
  endfacet
  facet normal -0 0 -1
    outer loop
      vertex -26 -35.9 1.5
      vertex -27.2627 -36.79 1.5
      vertex -27.2627 -35.9 1.5
    endloop
  endfacet
  facet normal -1 0 0
    outer loop
      vertex -43 -36.79 1.5
      vertex -43 -35.9 2.26275
      vertex -43 -35.9 1.5
    endloop
  endfacet
  facet normal -1 -0 0
    outer loop
      vertex -43 -35.9 2.26275
      vertex -43 -36.79 1.5
      vertex -43 -36.79 2.26275
    endloop
  endfacet
  facet normal -1 0 0
    outer loop
      vertex -43 -35.9 4.23727
      vertex -43 -36.79 4.23727
      vertex -43 -35.9 7.25
    endloop
  endfacet
  facet normal -1 0 0
    outer loop
      vertex -43 -35.9 7.25
      vertex -43 -35.89 8.76275
      vertex -43 -35.89 7.25
    endloop
  endfacet
  facet normal -1 0 0
    outer loop
      vertex -43 -36.79 8.76275
      vertex -43 -35.9 7.25
      vertex -43 -36.79 4.23727
    endloop
  endfacet
  facet normal -1 0 0
    outer loop
      vertex -43 -35.9 7.25
      vertex -43 -36.79 8.76275
      vertex -43 -35.89 8.76275
    endloop
  endfacet
  facet normal 0.866017 -0.500015 2.94657e-05
    outer loop
      vertex -41.3383 15.2 100
      vertex -33.8327 28.2 107.6
      vertex -34.833 26.4675 107.6
    endloop
  endfacet
  facet normal 0.866024 -0.500002 0
    outer loop
      vertex -33.8327 28.2 107.6
      vertex -41.3383 15.2 100
      vertex -33.8327 28.2 3
    endloop
  endfacet
  facet normal 0.866024 -0.500002 0
    outer loop
      vertex -33.8327 28.2 3
      vertex -41.3383 15.2 100
      vertex -41.3383 15.2 3
    endloop
  endfacet
  facet normal 0 0 1
    outer loop
      vertex -18.8216 28.2 3
      vertex -18.8216 2.2 3
      vertex -11.3161 15.2 3
    endloop
  endfacet
  facet normal -0 0 1
    outer loop
      vertex -33.8327 28.2 3
      vertex -18.8216 2.2 3
      vertex -18.8216 28.2 3
    endloop
  endfacet
  facet normal 0 0 1
    outer loop
      vertex -33.8327 28.2 3
      vertex -33.8327 2.2 3
      vertex -18.8216 2.2 3
    endloop
  endfacet
  facet normal 0 -0 1
    outer loop
      vertex -33.8327 2.2 3
      vertex -33.8327 28.2 3
      vertex -41.3383 15.2 3
    endloop
  endfacet
  facet normal -0.866027 0.499997 0
    outer loop
      vertex -18.8216 2.2 91.2314
      vertex -11.3161 15.2 3
      vertex -18.8216 2.2 3
    endloop
  endfacet
  facet normal -0.866027 0.499997 0
    outer loop
      vertex -11.3161 15.2 3
      vertex -18.8216 2.2 91.2314
      vertex -11.3161 15.2 100
    endloop
  endfacet
  facet normal 0.866024 0.500002 0
    outer loop
      vertex -33.8327 2.2 91.2314
      vertex -41.3383 15.2 3
      vertex -41.3383 15.2 100
    endloop
  endfacet
  facet normal 0.866024 0.500002 0
    outer loop
      vertex -41.3383 15.2 3
      vertex -33.8327 2.2 91.2314
      vertex -33.8327 2.2 3
    endloop
  endfacet
  facet normal 0 -1 0
    outer loop
      vertex -33.8327 28.2 3
      vertex -18.8216 28.2 107.6
      vertex -33.8327 28.2 107.6
    endloop
  endfacet
  facet normal 0 -1 -0
    outer loop
      vertex -18.8216 28.2 107.6
      vertex -33.8327 28.2 3
      vertex -18.8216 28.2 3
    endloop
  endfacet
  facet normal 0 1 -0
    outer loop
      vertex -18.8216 2.2 3
      vertex -33.8327 2.2 91.2314
      vertex -18.8216 2.2 91.2314
    endloop
  endfacet
  facet normal 0 1 0
    outer loop
      vertex -33.8327 2.2 91.2314
      vertex -18.8216 2.2 3
      vertex -33.8327 2.2 3
    endloop
  endfacet
  facet normal -0.866027 -0.499997 0
    outer loop
      vertex -11.3161 15.2 100
      vertex -18.8216 28.2 107.6
      vertex -18.8216 28.2 3
    endloop
  endfacet
  facet normal -0.866027 -0.499997 -0
    outer loop
      vertex -11.3161 15.2 100
      vertex -18.8216 28.2 3
      vertex -11.3161 15.2 3
    endloop
  endfacet
  facet normal -0.866017 -0.500015 4.08607e-05
    outer loop
      vertex -18.8216 28.2 107.6
      vertex -11.3161 15.2 100
      vertex -17.8213 26.4675 107.6
    endloop
  endfacet
  facet normal 0.612879 -0.35386 0.706514
    outer loop
      vertex -34.833 26.4675 107.6
      vertex -33.8327 28.2 107.6
      vertex -34.8482 26.543 107.651
    endloop
  endfacet
  facet normal -0.612879 -0.35386 0.706514
    outer loop
      vertex -17.8213 26.4675 107.6
      vertex -17.8061 26.543 107.651
      vertex -18.8216 28.2 107.6
    endloop
  endfacet
  facet normal -0.612381 -0.353586 0.707083
    outer loop
      vertex -18.8216 28.2 107.6
      vertex -17.7018 27.0605 108
      vertex -18.5907 28.6 108
    endloop
  endfacet
  facet normal -0.612327 -0.353502 0.707172
    outer loop
      vertex -17.7018 27.0605 108
      vertex -18.8216 28.2 107.6
      vertex -17.8061 26.543 107.651
    endloop
  endfacet
  facet normal 0 -0.707107 0.707107
    outer loop
      vertex -33.8327 28.2 107.6
      vertex -18.5907 28.6 108
      vertex -34.0637 28.6 108
    endloop
  endfacet
  facet normal 0 -0.707107 0.707107
    outer loop
      vertex -18.5907 28.6 108
      vertex -33.8327 28.2 107.6
      vertex -18.8216 28.2 107.6
    endloop
  endfacet
  facet normal 0.612341 -0.353523 0.70715
    outer loop
      vertex -34.9525 27.0605 108
      vertex -33.8327 28.2 107.6
      vertex -34.0637 28.6 108
    endloop
  endfacet
  facet normal 0.612327 -0.353502 0.707172
    outer loop
      vertex -33.8327 28.2 107.6
      vertex -34.9525 27.0605 108
      vertex -34.8482 26.543 107.651
    endloop
  endfacet
  facet normal 0.866027 -0.499997 0
    outer loop
      vertex 11.3161 15.2 85.6
      vertex 18.8216 28.2 3
      vertex 18.8216 28.2 85.6
    endloop
  endfacet
  facet normal 0.866027 -0.499997 0
    outer loop
      vertex 18.8216 28.2 3
      vertex 11.3161 15.2 85.6
      vertex 11.3161 15.2 3
    endloop
  endfacet
  facet normal 0 0 1
    outer loop
      vertex 33.8327 28.2 3
      vertex 33.8327 2.2 3
      vertex 41.3383 15.2 3
    endloop
  endfacet
  facet normal -0 0 1
    outer loop
      vertex 18.8216 28.2 3
      vertex 33.8327 2.2 3
      vertex 33.8327 28.2 3
    endloop
  endfacet
  facet normal 0 0 1
    outer loop
      vertex 18.8216 28.2 3
      vertex 18.8216 2.2 3
      vertex 33.8327 2.2 3
    endloop
  endfacet
  facet normal 0 -0 1
    outer loop
      vertex 18.8216 2.2 3
      vertex 18.8216 28.2 3
      vertex 11.3161 15.2 3
    endloop
  endfacet
  facet normal -0.866024 0.500002 0
    outer loop
      vertex 33.8327 2.2 3
      vertex 41.3383 15.2 85.6
      vertex 41.3383 15.2 3
    endloop
  endfacet
  facet normal -0.866024 0.500002 0
    outer loop
      vertex 41.3383 15.2 85.6
      vertex 33.8327 2.2 3
      vertex 33.8327 2.2 85.6
    endloop
  endfacet
  facet normal 0 -1 0
    outer loop
      vertex 18.8216 28.2 3
      vertex 33.8327 28.2 85.6
      vertex 18.8216 28.2 85.6
    endloop
  endfacet
  facet normal 0 -1 -0
    outer loop
      vertex 33.8327 28.2 85.6
      vertex 18.8216 28.2 3
      vertex 33.8327 28.2 3
    endloop
  endfacet
  facet normal 0.866027 0.499997 0
    outer loop
      vertex 18.8216 2.2 85.6
      vertex 11.3161 15.2 3
      vertex 11.3161 15.2 85.6
    endloop
  endfacet
  facet normal 0.866027 0.499997 0
    outer loop
      vertex 11.3161 15.2 3
      vertex 18.8216 2.2 85.6
      vertex 18.8216 2.2 3
    endloop
  endfacet
  facet normal 0 1 -0
    outer loop
      vertex 33.8327 2.2 3
      vertex 18.8216 2.2 85.6
      vertex 33.8327 2.2 85.6
    endloop
  endfacet
  facet normal 0 1 0
    outer loop
      vertex 18.8216 2.2 85.6
      vertex 33.8327 2.2 3
      vertex 18.8216 2.2 3
    endloop
  endfacet
  facet normal -0.866024 -0.500002 0
    outer loop
      vertex 41.3383 15.2 3
      vertex 33.8327 28.2 85.6
      vertex 33.8327 28.2 3
    endloop
  endfacet
  facet normal -0.866024 -0.500002 0
    outer loop
      vertex 33.8327 28.2 85.6
      vertex 41.3383 15.2 3
      vertex 41.3383 15.2 85.6
    endloop
  endfacet
  facet normal 0.61236 -0.353544 0.707123
    outer loop
      vertex 11.3161 15.2 85.6
      vertex 18.8216 28.2 85.6
      vertex 10.8542 15.2 86
    endloop
  endfacet
  facet normal 0.61236 0.353544 0.707123
    outer loop
      vertex 18.8216 2.2 85.6
      vertex 11.3161 15.2 85.6
      vertex 10.8542 15.2 86
    endloop
  endfacet
  facet normal -0.612359 0.353548 0.707121
    outer loop
      vertex 41.8002 15.2 86
      vertex 41.3383 15.2 85.6
      vertex 33.8327 2.2 85.6
    endloop
  endfacet
  facet normal -0.612359 -0.353548 0.707121
    outer loop
      vertex 41.3383 15.2 85.6
      vertex 41.8002 15.2 86
      vertex 33.8327 28.2 85.6
    endloop
  endfacet
  facet normal 0 0.707107 0.707107
    outer loop
      vertex 33.8327 2.2 85.6
      vertex 18.5907 1.8 86
      vertex 34.0637 1.8 86
    endloop
  endfacet
  facet normal 0 0.707107 0.707107
    outer loop
      vertex 18.5907 1.8 86
      vertex 33.8327 2.2 85.6
      vertex 18.8216 2.2 85.6
    endloop
  endfacet
  facet normal 0.612399 0.353569 0.707076
    outer loop
      vertex 18.5907 1.8 86
      vertex 18.8216 2.2 85.6
      vertex 10.8542 15.2 86
    endloop
  endfacet
  facet normal -0.612333 -0.353531 0.707153
    outer loop
      vertex 41.8002 15.2 86
      vertex 34.0637 28.6 86
      vertex 33.8327 28.2 85.6
    endloop
  endfacet
  facet normal -0.612333 0.353531 0.707153
    outer loop
      vertex 34.0637 1.8 86
      vertex 41.8002 15.2 86
      vertex 33.8327 2.2 85.6
    endloop
  endfacet
  facet normal 0 -0.707107 0.707107
    outer loop
      vertex 18.8216 28.2 85.6
      vertex 34.0637 28.6 86
      vertex 18.5907 28.6 86
    endloop
  endfacet
  facet normal 0 -0.707107 0.707107
    outer loop
      vertex 34.0637 28.6 86
      vertex 18.8216 28.2 85.6
      vertex 33.8327 28.2 85.6
    endloop
  endfacet
  facet normal 0.612399 -0.353569 0.707076
    outer loop
      vertex 18.8216 28.2 85.6
      vertex 18.5907 28.6 86
      vertex 10.8542 15.2 86
    endloop
  endfacet
  facet normal 0.866026 -0.5 0
    outer loop
      vertex -15.0111 0 63.6
      vertex -7.50555 13 3
      vertex -7.50555 13 63.6
    endloop
  endfacet
  facet normal 0.866026 -0.5 0
    outer loop
      vertex -7.50555 13 3
      vertex -15.0111 0 63.6
      vertex -15.0111 0 3
    endloop
  endfacet
  facet normal 0 0 1
    outer loop
      vertex 7.50555 13 3
      vertex 7.50555 -13 3
      vertex 15.0111 0 3
    endloop
  endfacet
  facet normal -0 0 1
    outer loop
      vertex -7.50555 13 3
      vertex 7.50555 -13 3
      vertex 7.50555 13 3
    endloop
  endfacet
  facet normal 0 0 1
    outer loop
      vertex -7.50555 13 3
      vertex -7.50555 -13 3
      vertex 7.50555 -13 3
    endloop
  endfacet
  facet normal 0 -0 1
    outer loop
      vertex -7.50555 -13 3
      vertex -7.50555 13 3
      vertex -15.0111 0 3
    endloop
  endfacet
  facet normal -0.866026 0.5 0
    outer loop
      vertex 7.50555 -13 3
      vertex 15.0111 0 63.6
      vertex 15.0111 0 3
    endloop
  endfacet
  facet normal -0.866026 0.5 0
    outer loop
      vertex 15.0111 0 63.6
      vertex 7.50555 -13 3
      vertex 7.50555 -13 63.6
    endloop
  endfacet
  facet normal 0 -1 0
    outer loop
      vertex -7.50555 13 3
      vertex 7.50555 13 63.6
      vertex -7.50555 13 63.6
    endloop
  endfacet
  facet normal 0 -1 -0
    outer loop
      vertex 7.50555 13 63.6
      vertex -7.50555 13 3
      vertex 7.50555 13 3
    endloop
  endfacet
  facet normal 0.866026 0.5 0
    outer loop
      vertex -7.50555 -13 63.6
      vertex -15.0111 0 3
      vertex -15.0111 0 63.6
    endloop
  endfacet
  facet normal 0.866026 0.5 0
    outer loop
      vertex -15.0111 0 3
      vertex -7.50555 -13 63.6
      vertex -7.50555 -13 3
    endloop
  endfacet
  facet normal 0 1 -0
    outer loop
      vertex 7.50555 -13 3
      vertex -7.50555 -13 63.6
      vertex 7.50555 -13 63.6
    endloop
  endfacet
  facet normal 0 1 0
    outer loop
      vertex -7.50555 -13 63.6
      vertex 7.50555 -13 3
      vertex -7.50555 -13 3
    endloop
  endfacet
  facet normal -0.866026 -0.5 0
    outer loop
      vertex 15.0111 0 3
      vertex 7.50555 13 63.6
      vertex 7.50555 13 3
    endloop
  endfacet
  facet normal -0.866026 -0.5 0
    outer loop
      vertex 7.50555 13 63.6
      vertex 15.0111 0 3
      vertex 15.0111 0 63.6
    endloop
  endfacet
  facet normal 0.612359 -0.353546 0.707122
    outer loop
      vertex -15.0111 0 63.6
      vertex -7.50555 13 63.6
      vertex -15.473 0 64
    endloop
  endfacet
  facet normal 0.612359 0.353546 0.707122
    outer loop
      vertex -7.50555 -13 63.6
      vertex -15.0111 0 63.6
      vertex -15.473 0 64
    endloop
  endfacet
  facet normal -0.612359 0.353546 0.707122
    outer loop
      vertex 15.473 0 64
      vertex 15.0111 0 63.6
      vertex 7.50555 -13 63.6
    endloop
  endfacet
  facet normal -0.612359 -0.353546 0.707122
    outer loop
      vertex 15.0111 0 63.6
      vertex 15.473 0 64
      vertex 7.50555 13 63.6
    endloop
  endfacet
  facet normal 0 0.707107 0.707107
    outer loop
      vertex 7.50555 -13 63.6
      vertex -7.73649 -13.4 64
      vertex 7.73649 -13.4 64
    endloop
  endfacet
  facet normal 0 0.707107 0.707107
    outer loop
      vertex -7.73649 -13.4 64
      vertex 7.50555 -13 63.6
      vertex -7.50555 -13 63.6
    endloop
  endfacet
  facet normal 0.612372 0.353554 0.707107
    outer loop
      vertex -7.73649 -13.4 64
      vertex -7.50555 -13 63.6
      vertex -15.473 0 64
    endloop
  endfacet
  facet normal -0.612372 -0.353554 0.707107
    outer loop
      vertex 15.473 0 64
      vertex 7.73649 13.4 64
      vertex 7.50555 13 63.6
    endloop
  endfacet
  facet normal -0.612372 0.353554 0.707107
    outer loop
      vertex 7.73649 -13.4 64
      vertex 15.473 0 64
      vertex 7.50555 -13 63.6
    endloop
  endfacet
  facet normal 0 -0.707107 0.707107
    outer loop
      vertex -7.50555 13 63.6
      vertex 7.73649 13.4 64
      vertex -7.73649 13.4 64
    endloop
  endfacet
  facet normal 0 -0.707107 0.707107
    outer loop
      vertex 7.73649 13.4 64
      vertex -7.50555 13 63.6
      vertex 7.50555 13 63.6
    endloop
  endfacet
  facet normal 0.612372 -0.353554 0.707107
    outer loop
      vertex -7.50555 13 63.6
      vertex -7.73649 13.4 64
      vertex -15.473 0 64
    endloop
  endfacet
  facet normal 0.866024 -0.500002 0
    outer loop
      vertex -41.3383 -15.2 43.6
      vertex -33.8327 -2.2 3
      vertex -33.8327 -2.2 43.6
    endloop
  endfacet
  facet normal 0.866024 -0.500002 0
    outer loop
      vertex -33.8327 -2.2 3
      vertex -41.3383 -15.2 43.6
      vertex -41.3383 -15.2 3
    endloop
  endfacet
  facet normal 0 0 1
    outer loop
      vertex -18.8216 -2.2 3
      vertex -18.8216 -28.2 3
      vertex -11.3161 -15.2 3
    endloop
  endfacet
  facet normal -0 0 1
    outer loop
      vertex -33.8327 -2.2 3
      vertex -18.8216 -28.2 3
      vertex -18.8216 -2.2 3
    endloop
  endfacet
  facet normal 0 0 1
    outer loop
      vertex -33.8327 -2.2 3
      vertex -33.8327 -28.2 3
      vertex -18.8216 -28.2 3
    endloop
  endfacet
  facet normal 0 -0 1
    outer loop
      vertex -33.8327 -28.2 3
      vertex -33.8327 -2.2 3
      vertex -41.3383 -15.2 3
    endloop
  endfacet
  facet normal -0.866027 0.499997 0
    outer loop
      vertex -18.8216 -28.2 3
      vertex -11.3161 -15.2 43.6
      vertex -11.3161 -15.2 3
    endloop
  endfacet
  facet normal -0.866027 0.499997 0
    outer loop
      vertex -11.3161 -15.2 43.6
      vertex -18.8216 -28.2 3
      vertex -18.8216 -28.2 43.6
    endloop
  endfacet
  facet normal 0 -1 0
    outer loop
      vertex -33.8327 -2.2 3
      vertex -18.8216 -2.2 43.6
      vertex -33.8327 -2.2 43.6
    endloop
  endfacet
  facet normal 0 -1 -0
    outer loop
      vertex -18.8216 -2.2 43.6
      vertex -33.8327 -2.2 3
      vertex -18.8216 -2.2 3
    endloop
  endfacet
  facet normal 0.866024 0.500002 0
    outer loop
      vertex -33.8327 -28.2 43.6
      vertex -41.3383 -15.2 3
      vertex -41.3383 -15.2 43.6
    endloop
  endfacet
  facet normal 0.866024 0.500002 0
    outer loop
      vertex -41.3383 -15.2 3
      vertex -33.8327 -28.2 43.6
      vertex -33.8327 -28.2 3
    endloop
  endfacet
  facet normal 0 1 -0
    outer loop
      vertex -18.8216 -28.2 3
      vertex -33.8327 -28.2 43.6
      vertex -18.8216 -28.2 43.6
    endloop
  endfacet
  facet normal 0 1 0
    outer loop
      vertex -33.8327 -28.2 43.6
      vertex -18.8216 -28.2 3
      vertex -33.8327 -28.2 3
    endloop
  endfacet
  facet normal -0.866027 -0.499997 0
    outer loop
      vertex -11.3161 -15.2 3
      vertex -18.8216 -2.2 43.6
      vertex -18.8216 -2.2 3
    endloop
  endfacet
  facet normal -0.866027 -0.499997 0
    outer loop
      vertex -18.8216 -2.2 43.6
      vertex -11.3161 -15.2 3
      vertex -11.3161 -15.2 43.6
    endloop
  endfacet
  facet normal 0.612359 -0.353548 0.707121
    outer loop
      vertex -41.3383 -15.2 43.6
      vertex -33.8327 -2.2 43.6
      vertex -41.8002 -15.2 44
    endloop
  endfacet
  facet normal 0.612359 0.353548 0.707121
    outer loop
      vertex -33.8327 -28.2 43.6
      vertex -41.3383 -15.2 43.6
      vertex -41.8002 -15.2 44
    endloop
  endfacet
  facet normal -0.61236 0.353544 0.707123
    outer loop
      vertex -10.8542 -15.2 44
      vertex -11.3161 -15.2 43.6
      vertex -18.8216 -28.2 43.6
    endloop
  endfacet
  facet normal -0.61236 -0.353544 0.707123
    outer loop
      vertex -11.3161 -15.2 43.6
      vertex -10.8542 -15.2 44
      vertex -18.8216 -2.2 43.6
    endloop
  endfacet
  facet normal 0 0.707107 0.707107
    outer loop
      vertex -18.8216 -28.2 43.6
      vertex -34.0637 -28.6 44
      vertex -18.5907 -28.6 44
    endloop
  endfacet
  facet normal 0 0.707107 0.707107
    outer loop
      vertex -34.0637 -28.6 44
      vertex -18.8216 -28.2 43.6
      vertex -33.8327 -28.2 43.6
    endloop
  endfacet
  facet normal 0.612333 0.353531 0.707153
    outer loop
      vertex -34.0637 -28.6 44
      vertex -33.8327 -28.2 43.6
      vertex -41.8002 -15.2 44
    endloop
  endfacet
  facet normal -0.612399 -0.353569 0.707076
    outer loop
      vertex -10.8542 -15.2 44
      vertex -18.5907 -1.8 44
      vertex -18.8216 -2.2 43.6
    endloop
  endfacet
  facet normal -0.612399 0.353569 0.707076
    outer loop
      vertex -18.5907 -28.6 44
      vertex -10.8542 -15.2 44
      vertex -18.8216 -28.2 43.6
    endloop
  endfacet
  facet normal 0 -0.707107 0.707107
    outer loop
      vertex -33.8327 -2.2 43.6
      vertex -18.5907 -1.8 44
      vertex -34.0637 -1.8 44
    endloop
  endfacet
  facet normal 0 -0.707107 0.707107
    outer loop
      vertex -18.5907 -1.8 44
      vertex -33.8327 -2.2 43.6
      vertex -18.8216 -2.2 43.6
    endloop
  endfacet
  facet normal 0.612333 -0.353531 0.707153
    outer loop
      vertex -33.8327 -2.2 43.6
      vertex -34.0637 -1.8 44
      vertex -41.8002 -15.2 44
    endloop
  endfacet
  facet normal 1 0 0
    outer loop
      vertex 25 -6.49445 31.6
      vertex 25 -7.88009 29.6
      vertex 25 -6.49445 29.6
    endloop
  endfacet
  facet normal 1 -0 0
    outer loop
      vertex 25 -21.5056 31.6
      vertex 25 -7.88009 29.6
      vertex 25 -6.49445 31.6
    endloop
  endfacet
  facet normal 1 0 0
    outer loop
      vertex 25 -21.5056 3
      vertex 25 -7.88009 29.6
      vertex 25 -21.5056 31.6
    endloop
  endfacet
  facet normal 1 0 0
    outer loop
      vertex 25 -7.88009 29.6
      vertex 25 -21.5056 3
      vertex 25 -7.88009 3
    endloop
  endfacet
  facet normal 0 0 1
    outer loop
      vertex 38 1.01111 3
      vertex 38 -12.6144 3
      vertex 49.8 -5.80163 3
    endloop
  endfacet
  facet normal 0 -0 1
    outer loop
      vertex 38 -12.6144 3
      vertex 38 1.01111 3
      vertex 26.2 -5.80163 3
    endloop
  endfacet
  facet normal 0 0 1
    outer loop
      vertex 25 -21.5056 3
      vertex 36.8 -14.6928 3
      vertex 25 -7.88009 3
    endloop
  endfacet
  facet normal 0 0 1
    outer loop
      vertex 36.8 -14.6928 3
      vertex 25 -21.5056 3
      vertex 36.8 -28.3183 3
    endloop
  endfacet
  facet normal -0 0 1
    outer loop
      vertex 39.2 -14.6928 3
      vertex 51 -21.5056 3
      vertex 51 -7.88009 3
    endloop
  endfacet
  facet normal 0 0 1
    outer loop
      vertex 51 -21.5056 3
      vertex 39.2 -14.6928 3
      vertex 39.2 -28.3183 3
    endloop
  endfacet
  facet normal -1 0 0
    outer loop
      vertex 51 -7.88009 29.6
      vertex 51 -6.49445 31.6
      vertex 51 -6.49445 29.6
    endloop
  endfacet
  facet normal -1 0 0
    outer loop
      vertex 51 -7.88009 29.6
      vertex 51 -21.5056 31.6
      vertex 51 -6.49445 31.6
    endloop
  endfacet
  facet normal -1 0 0
    outer loop
      vertex 51 -21.5056 31.6
      vertex 51 -7.88009 29.6
      vertex 51 -21.5056 3
    endloop
  endfacet
  facet normal -1 0 0
    outer loop
      vertex 51 -7.88009 3
      vertex 51 -21.5056 3
      vertex 51 -7.88009 29.6
    endloop
  endfacet
  facet normal 0.5 -0.866026 0
    outer loop
      vertex 26.2 -5.80163 29.6
      vertex 25 -6.49445 31.6
      vertex 25 -6.49445 29.6
    endloop
  endfacet
  facet normal 0.5 -0.866025 3.99704e-07
    outer loop
      vertex 25 -6.49445 31.6
      vertex 26.2 -5.80163 29.6
      vertex 38 1.01111 31.6
    endloop
  endfacet
  facet normal 0.5 -0.866025 0
    outer loop
      vertex 38 1.01111 3
      vertex 26.2 -5.80163 29.6
      vertex 26.2 -5.80163 3
    endloop
  endfacet
  facet normal 0.5 -0.866025 0
    outer loop
      vertex 26.2 -5.80163 29.6
      vertex 38 1.01111 3
      vertex 38 1.01111 31.6
    endloop
  endfacet
  facet normal 0.499989 0.866032 0
    outer loop
      vertex 36.8 -28.3183 29.6
      vertex 38 -29.0111 31.6
      vertex 38 -29.0111 29.6
    endloop
  endfacet
  facet normal 0.499997 0.866027 -6.66175e-06
    outer loop
      vertex 38 -29.0111 31.6
      vertex 36.8 -28.3183 29.6
      vertex 25 -21.5056 31.6
    endloop
  endfacet
  facet normal 0.499998 0.866026 0
    outer loop
      vertex 25 -21.5056 3
      vertex 36.8 -28.3183 29.6
      vertex 36.8 -28.3183 3
    endloop
  endfacet
  facet normal 0.499998 0.866026 0
    outer loop
      vertex 36.8 -28.3183 29.6
      vertex 25 -21.5056 3
      vertex 25 -21.5056 31.6
    endloop
  endfacet
  facet normal -0.499997 0.866027 -6.66175e-06
    outer loop
      vertex 51 -21.5056 31.6
      vertex 39.2 -28.3183 29.6
      vertex 38 -29.0111 31.6
    endloop
  endfacet
  facet normal -0.499998 0.866026 0
    outer loop
      vertex 51 -21.5056 3
      vertex 39.2 -28.3183 29.6
      vertex 51 -21.5056 31.6
    endloop
  endfacet
  facet normal -0.499998 0.866026 0
    outer loop
      vertex 39.2 -28.3183 29.6
      vertex 51 -21.5056 3
      vertex 39.2 -28.3183 3
    endloop
  endfacet
  facet normal -0.499989 0.866032 0
    outer loop
      vertex 38 -29.0111 31.6
      vertex 39.2 -28.3183 29.6
      vertex 38 -29.0111 29.6
    endloop
  endfacet
  facet normal -0.5 -0.866025 3.99704e-07
    outer loop
      vertex 38 1.01111 31.6
      vertex 49.8 -5.80163 29.6
      vertex 51 -6.49445 31.6
    endloop
  endfacet
  facet normal -0.5 -0.866025 0
    outer loop
      vertex 38 1.01111 3
      vertex 49.8 -5.80163 29.6
      vertex 38 1.01111 31.6
    endloop
  endfacet
  facet normal -0.5 -0.866025 -0
    outer loop
      vertex 49.8 -5.80163 29.6
      vertex 38 1.01111 3
      vertex 49.8 -5.80163 3
    endloop
  endfacet
  facet normal -0.5 -0.866026 -0
    outer loop
      vertex 51 -6.49445 31.6
      vertex 49.8 -5.80163 29.6
      vertex 51 -6.49445 29.6
    endloop
  endfacet
  facet normal 0.707107 -0 0.707107
    outer loop
      vertex 25 -21.5056 31.6
      vertex 25 -6.49445 31.6
      vertex 24.6 -21.7365 32
    endloop
  endfacet
  facet normal 0.353567 0.612401 0.707075
    outer loop
      vertex 38 -29.0111 31.6
      vertex 25 -21.5056 31.6
      vertex 24.6 -21.7365 32
    endloop
  endfacet
  facet normal -0.707107 0 0.707107
    outer loop
      vertex 51 -21.5056 31.6
      vertex 51.4 -6.26351 32
      vertex 51 -6.49445 31.6
    endloop
  endfacet
  facet normal -0.353554 -0.612372 0.707107
    outer loop
      vertex 51 -6.49445 31.6
      vertex 51.4 -6.26351 32
      vertex 38 1.01111 31.6
    endloop
  endfacet
  facet normal -0.353567 0.612401 0.707075
    outer loop
      vertex 38 -29.0111 31.6
      vertex 51.4 -21.7365 32
      vertex 51 -21.5056 31.6
    endloop
  endfacet
  facet normal -0.353546 0.612359 0.707122
    outer loop
      vertex 51.4 -21.7365 32
      vertex 38 -29.0111 31.6
      vertex 38 -29.473 32
    endloop
  endfacet
  facet normal 0.353546 0.612359 0.707122
    outer loop
      vertex 38 -29.473 32
      vertex 38 -29.0111 31.6
      vertex 24.6 -21.7365 32
    endloop
  endfacet
  facet normal -0.353554 -0.612373 0.707107
    outer loop
      vertex 38 1.01111 31.6
      vertex 51.4 -6.26351 32
      vertex 38 1.47299 32
    endloop
  endfacet
  facet normal -0.707107 0 0.707107
    outer loop
      vertex 51.4 -21.7365 32
      vertex 51.4 -6.26351 32
      vertex 51 -21.5056 31.6
    endloop
  endfacet
  facet normal 0.353554 -0.612373 0.707107
    outer loop
      vertex 38 1.47299 32
      vertex 25 -6.49445 31.6
      vertex 38 1.01111 31.6
    endloop
  endfacet
  facet normal 0.353554 -0.612372 0.707107
    outer loop
      vertex 25 -6.49445 31.6
      vertex 38 1.47299 32
      vertex 24.6 -6.26351 32
    endloop
  endfacet
  facet normal 0.707107 0 0.707107
    outer loop
      vertex 25 -6.49445 31.6
      vertex 24.6 -6.26351 32
      vertex 24.6 -21.7365 32
    endloop
  endfacet
  facet normal 0 0 1
    outer loop
      vertex -17.5514 30.4 17
      vertex -34.6577 29.6289 17
      vertex -17.1063 29.6289 17
    endloop
  endfacet
  facet normal -0 0 1
    outer loop
      vertex -35.1029 30.4 17
      vertex -34.6577 29.6289 17
      vertex -17.5514 30.4 17
    endloop
  endfacet
  facet normal 0 0 1
    outer loop
      vertex -35.1029 30.4 17
      vertex -35.915 27.4513 17
      vertex -34.6577 29.6289 17
    endloop
  endfacet
  facet normal 0 0 1
    outer loop
      vertex -43.8786 15.2 17
      vertex -35.915 27.4513 17
      vertex -35.1029 30.4 17
    endloop
  endfacet
  facet normal 0 0 1
    outer loop
      vertex -42.9883 15.2 17
      vertex -43.8786 15.2 17
      vertex -42.9883 13.6579 17
    endloop
  endfacet
  facet normal 0 0 1
    outer loop
      vertex -35.915 27.4513 17
      vertex -43.8786 15.2 17
      vertex -42.9883 15.2 17
    endloop
  endfacet
  facet normal 0 0 1
    outer loop
      vertex -42.9883 -13.6579 17
      vertex -43.8786 -15.2 17
      vertex -42.9883 -15.2 17
    endloop
  endfacet
  facet normal 0 0 1
    outer loop
      vertex -24.1845 -29.7939 17
      vertex -17.5514 -30.4 17
      vertex -17.2573 -29.8905 17
    endloop
  endfacet
  facet normal 0 0 1
    outer loop
      vertex -35.1029 -30.4 17
      vertex -24.1845 -29.7939 17
      vertex -34.6577 -29.6289 17
    endloop
  endfacet
  facet normal 0 0 1
    outer loop
      vertex -24.1845 -29.7939 17
      vertex -35.1029 -30.4 17
      vertex -17.5514 -30.4 17
    endloop
  endfacet
  facet normal 0 0 1
    outer loop
      vertex -35.915 -27.4513 17
      vertex -35.1029 -30.4 17
      vertex -34.6577 -29.6289 17
    endloop
  endfacet
  facet normal -0 0 1
    outer loop
      vertex -43.8786 -15.2 17
      vertex -35.915 -27.4513 17
      vertex -42.9883 -15.2 17
    endloop
  endfacet
  facet normal 0 0 1
    outer loop
      vertex -35.915 -27.4513 17
      vertex -43.8786 -15.2 17
      vertex -35.1029 -30.4 17
    endloop
  endfacet
  facet normal 0 0 1
    outer loop
      vertex 43.8786 15.2 17
      vertex 42.9883 15.2 17
      vertex 43.3814 14.3387 17
    endloop
  endfacet
  facet normal 0 0 1
    outer loop
      vertex 43.8786 15.2 17
      vertex 35.915 27.4513 17
      vertex 42.9883 15.2 17
    endloop
  endfacet
  facet normal 0 0 1
    outer loop
      vertex 35.1029 30.4 17
      vertex 35.915 27.4513 17
      vertex 43.8786 15.2 17
    endloop
  endfacet
  facet normal 0 0 1
    outer loop
      vertex 35.1029 30.4 17
      vertex 34.6577 29.6289 17
      vertex 35.915 27.4513 17
    endloop
  endfacet
  facet normal -0 0 1
    outer loop
      vertex 17.5514 30.4 17
      vertex 34.6577 29.6289 17
      vertex 35.1029 30.4 17
    endloop
  endfacet
  facet normal 0 0 1
    outer loop
      vertex 34.6577 29.6289 17
      vertex 17.5514 30.4 17
      vertex 17.1063 29.6289 17
    endloop
  endfacet
  facet normal 0 0 1
    outer loop
      vertex 38.866 -31.0514 17
      vertex 37.134 -31.0514 17
      vertex 38 -31.5514 17
    endloop
  endfacet
  facet normal -0 0 1
    outer loop
      vertex 52.4289 -7.05509 17
      vertex 53.2 -22.7757 17
      vertex 53.2 -6.60992 17
    endloop
  endfacet
  facet normal -0 0 1
    outer loop
      vertex 52.4289 -22.3305 17
      vertex 53.2 -22.7757 17
      vertex 52.4289 -7.05509 17
    endloop
  endfacet
  facet normal 0 0 1
    outer loop
      vertex 50.2513 -23.5878 17
      vertex 53.2 -22.7757 17
      vertex 52.4289 -22.3305 17
    endloop
  endfacet
  facet normal 0 0 1
    outer loop
      vertex 39.2 -30.8586 17
      vertex 50.2513 -23.5878 17
      vertex 39.2 -29.9683 17
    endloop
  endfacet
  facet normal -0 0 1
    outer loop
      vertex 50.2513 -23.5878 17
      vertex 39.2 -30.8586 17
      vertex 53.2 -22.7757 17
    endloop
  endfacet
  facet normal 0 0 1
    outer loop
      vertex 36.8 -30.6444 17
      vertex 36.4197 -30.6391 17
      vertex 36.8 -30.8586 17
    endloop
  endfacet
  facet normal 0 0 1
    outer loop
      vertex 52 -4.53146 17
      vertex 51.8849 -4.46499 17
      vertex 51.9325 -4.57042 17
    endloop
  endfacet
  facet normal 0 0 1
    outer loop
      vertex 52.8385 -5.01559 17
      vertex 53.2 -6.22427 17
      vertex 53.2 -5.22427 17
    endloop
  endfacet
  facet normal 0 0 1
    outer loop
      vertex 53.2 -6.22427 17
      vertex 52.8385 -5.01559 17
      vertex 52.334 -4.72428 17
    endloop
  endfacet
  facet normal 0 -1 0
    outer loop
      vertex -35.1029 30.4 17
      vertex -17.5514 30.4 19.99
      vertex -35.1029 30.4 19.99
    endloop
  endfacet
  facet normal 0 -1 -0
    outer loop
      vertex -17.5514 30.4 19.99
      vertex -35.1029 30.4 17
      vertex -17.5514 30.4 17
    endloop
  endfacet
  facet normal 0 -1 0
    outer loop
      vertex 17.5514 30.4 17
      vertex 35.1029 30.4 19.99
      vertex 17.5514 30.4 19.99
    endloop
  endfacet
  facet normal 0 -1 -0
    outer loop
      vertex 35.1029 30.4 19.99
      vertex 17.5514 30.4 17
      vertex 35.1029 30.4 17
    endloop
  endfacet
  facet normal 0.866026 -0.499999 0
    outer loop
      vertex -43.8786 15.2 19.99
      vertex -35.1029 30.4 17
      vertex -35.1029 30.4 19.99
    endloop
  endfacet
  facet normal 0.866026 -0.499999 0
    outer loop
      vertex -35.1029 30.4 17
      vertex -43.8786 15.2 19.99
      vertex -43.8786 15.2 17
    endloop
  endfacet
  facet normal 0.866033 0.499987 0
    outer loop
      vertex -42.9883 13.6579 17
      vertex -43.8786 15.2 17
      vertex -43.8786 15.2 19.99
    endloop
  endfacet
  facet normal 0.866033 -0.499987 0
    outer loop
      vertex -43.8786 -15.2 19.99
      vertex -43.8786 -15.2 17
      vertex -42.9883 -13.6579 17
    endloop
  endfacet
  facet normal 0.866026 0.499999 0
    outer loop
      vertex -35.1029 -30.4 19.99
      vertex -43.8786 -15.2 17
      vertex -43.8786 -15.2 19.99
    endloop
  endfacet
  facet normal 0.866026 0.499999 0
    outer loop
      vertex -43.8786 -15.2 17
      vertex -35.1029 -30.4 19.99
      vertex -35.1029 -30.4 17
    endloop
  endfacet
  facet normal 0 1 0
    outer loop
      vertex -35.1029 -30.4 17
      vertex -17.5514 -30.4 18.9276
      vertex -17.5514 -30.4 17
    endloop
  endfacet
  facet normal 0 1 0
    outer loop
      vertex -17.5514 -30.4 18.9276
      vertex -35.1029 -30.4 17
      vertex -35.1029 -30.4 19.99
    endloop
  endfacet
  facet normal 0.500011 0.866019 -0
    outer loop
      vertex 38 -31.5514 17
      vertex 37.134 -31.0514 18.3515
      vertex 38 -31.5514 19.99
    endloop
  endfacet
  facet normal 0.500011 0.866019 0
    outer loop
      vertex 37.134 -31.0514 18.3515
      vertex 38 -31.5514 17
      vertex 37.134 -31.0514 17
    endloop
  endfacet
  facet normal 0.499887 0.866091 -0
    outer loop
      vertex 36.8 -30.8586 17
      vertex 36.4197 -30.6391 17
      vertex 36.8 -30.8586 17.7195
    endloop
  endfacet
  facet normal -0.500011 0.866019 0
    outer loop
      vertex 38.866 -31.0514 17
      vertex 38 -31.5514 19.99
      vertex 38.866 -31.0514 19.99
    endloop
  endfacet
  facet normal -0.500011 0.866019 0
    outer loop
      vertex 38 -31.5514 19.99
      vertex 38.866 -31.0514 17
      vertex 38 -31.5514 17
    endloop
  endfacet
  facet normal -0.5 0.866026 0
    outer loop
      vertex 53.2 -22.7757 17
      vertex 39.2 -30.8586 19.99
      vertex 53.2 -22.7757 19.99
    endloop
  endfacet
  facet normal -0.5 0.866026 0
    outer loop
      vertex 39.2 -30.8586 19.99
      vertex 53.2 -22.7757 17
      vertex 39.2 -30.8586 17
    endloop
  endfacet
  facet normal -1 0 0
    outer loop
      vertex 53.2 -22.7757 17
      vertex 53.2 -6.60992 19.99
      vertex 53.2 -6.60992 17
    endloop
  endfacet
  facet normal -1 -0 0
    outer loop
      vertex 53.2 -6.60992 19.99
      vertex 53.2 -22.7757 17
      vertex 53.2 -22.7757 19.99
    endloop
  endfacet
  facet normal -1 0 0
    outer loop
      vertex 53.2 -6.22427 17
      vertex 53.2 -5.22427 19.99
      vertex 53.2 -5.22427 17
    endloop
  endfacet
  facet normal -1 -0 0
    outer loop
      vertex 53.2 -5.22427 19.99
      vertex 53.2 -6.22427 17
      vertex 53.2 -6.22427 19.99
    endloop
  endfacet
  facet normal -0.500096 -0.86597 -0
    outer loop
      vertex 52 -4.53146 17.2617
      vertex 51.8849 -4.46499 17
      vertex 52 -4.53146 17
    endloop
  endfacet
  facet normal -0.500047 -0.865998 0
    outer loop
      vertex 52.8385 -5.01559 17
      vertex 52.334 -4.72428 18.021
      vertex 52.334 -4.72428 17
    endloop
  endfacet
  facet normal -0.500047 -0.865998 0
    outer loop
      vertex 52.334 -4.72428 18.021
      vertex 52.8385 -5.01559 17
      vertex 52.8385 -5.01559 19.1682
    endloop
  endfacet
  facet normal -0.866057 0.499946 0
    outer loop
      vertex 43.8786 15.2 17
      vertex 43.3814 14.3387 17
      vertex 43.8786 15.2 19.99
    endloop
  endfacet
  facet normal -0.866026 -0.499999 0
    outer loop
      vertex 43.8786 15.2 17
      vertex 35.1029 30.4 19.99
      vertex 35.1029 30.4 17
    endloop
  endfacet
  facet normal -0.866026 -0.499999 0
    outer loop
      vertex 35.1029 30.4 19.99
      vertex 43.8786 15.2 17
      vertex 43.8786 15.2 19.99
    endloop
  endfacet
  facet normal -0.838576 -0.484176 -0.249727
    outer loop
      vertex -35.1029 -30.4 19.99
      vertex -35.915 -27.4513 17
      vertex -34.6577 -29.6289 17
    endloop
  endfacet
  facet normal -0.838592 -0.48416 -0.249706
    outer loop
      vertex -35.915 -27.4513 17
      vertex -35.1029 -30.4 19.99
      vertex -43.8786 -15.2 19.99
    endloop
  endfacet
  facet normal 0.873852 0.394531 -0.284127
    outer loop
      vertex 51.9325 -4.57042 17
      vertex 51.8849 -4.46499 17
      vertex 52 -4.53146 17.2617
    endloop
  endfacet
  facet normal 0.873806 0.394689 -0.284047
    outer loop
      vertex 52.8385 -5.01559 19.1682
      vertex 52.767 -5.47427 18.3109
      vertex 52.334 -4.72428 18.021
    endloop
  endfacet
  facet normal 0.873742 0.394795 -0.284098
    outer loop
      vertex 52.767 -5.47427 18.3109
      vertex 52.8385 -5.01559 19.1682
      vertex 53.2 -5.22427 19.99
    endloop
  endfacet
  facet normal 0.838593 0.484162 -0.249699
    outer loop
      vertex 42.9883 15.2 17
      vertex 35.915 27.4513 17
      vertex 43.8786 15.2 19.99
    endloop
  endfacet
  facet normal -0.838593 0.484162 -0.249699
    outer loop
      vertex -42.9883 15.2 17
      vertex -43.8786 15.2 19.99
      vertex -35.915 27.4513 17
    endloop
  endfacet
  facet normal -0.0152423 -0.967656 -0.251812
    outer loop
      vertex -24.1845 -29.7939 17
      vertex -17.5514 -30.4 18.9276
      vertex -35.1029 -30.4 19.99
    endloop
  endfacet
  facet normal -0.0152449 -0.967654 -0.251821
    outer loop
      vertex -24.1845 -29.7939 17
      vertex -35.1029 -30.4 19.99
      vertex -34.6577 -29.6289 17
    endloop
  endfacet
  facet normal -0.0152409 -0.967655 -0.251817
    outer loop
      vertex -17.5514 -30.4 18.9276
      vertex -24.1845 -29.7939 17
      vertex -17.3136 -29.9881 17.3304
    endloop
  endfacet
  facet normal 0 0.968318 -0.249722
    outer loop
      vertex 34.6577 29.6289 17
      vertex 17.5514 30.4 19.99
      vertex 35.1029 30.4 19.99
    endloop
  endfacet
  facet normal 0 0.968318 -0.249722
    outer loop
      vertex 17.5514 30.4 19.99
      vertex 34.6577 29.6289 17
      vertex 17.1063 29.6289 17
    endloop
  endfacet
  facet normal 0 0.968318 -0.249722
    outer loop
      vertex -34.6577 29.6289 17
      vertex -17.5514 30.4 19.99
      vertex -17.1063 29.6289 17
    endloop
  endfacet
  facet normal 0 0.968318 -0.249722
    outer loop
      vertex -17.5514 30.4 19.99
      vertex -34.6577 29.6289 17
      vertex -35.1029 30.4 19.99
    endloop
  endfacet
  facet normal -0.838593 -0.484162 -0.249699
    outer loop
      vertex -35.915 -27.4513 17
      vertex -43.8786 -15.2 19.99
      vertex -42.9883 -15.2 17
    endloop
  endfacet
  facet normal -0.958415 0 -0.285377
    outer loop
      vertex -42.9883 13.6579 17
      vertex -43.8786 15.2 19.99
      vertex -42.9883 15.2 17
    endloop
  endfacet
  facet normal -0.958415 0 -0.285377
    outer loop
      vertex -42.9883 -15.2 17
      vertex -43.8786 -15.2 19.99
      vertex -42.9883 -13.6579 17
    endloop
  endfacet
  facet normal -0.838576 0.484176 -0.249727
    outer loop
      vertex -35.915 27.4513 17
      vertex -35.1029 30.4 19.99
      vertex -34.6577 29.6289 17
    endloop
  endfacet
  facet normal -0.838592 0.48416 -0.249706
    outer loop
      vertex -35.1029 30.4 19.99
      vertex -35.915 27.4513 17
      vertex -43.8786 15.2 19.99
    endloop
  endfacet
  facet normal -0.0133787 -0.958324 -0.285368
    outer loop
      vertex 38 -31.5514 19.99
      vertex 37.134 -31.0514 18.3515
      vertex 38 -31.0514 18.3109
    endloop
  endfacet
  facet normal -0.0133558 -0.958344 -0.285305
    outer loop
      vertex 36.8 -30.8586 17.7195
      vertex 36.4197 -30.6391 17
      vertex 36.8 -30.6444 17
    endloop
  endfacet
  facet normal -0.0133639 -0.958325 -0.285366
    outer loop
      vertex -17.3136 -29.9881 17.3304
      vertex -24.1845 -29.7939 17
      vertex -17.2573 -29.8905 17
    endloop
  endfacet
  facet normal 0.484167 -0.838585 -0.249713
    outer loop
      vertex 38.7692 -31.0514 19.8023
      vertex 38 -31.5514 19.99
      vertex 38 -31.0514 18.3109
    endloop
  endfacet
  facet normal 0.484163 -0.838591 -0.249702
    outer loop
      vertex 50.2513 -23.5878 17
      vertex 39.2 -30.7714 19.6971
      vertex 39.2 -29.9683 17
    endloop
  endfacet
  facet normal 0.484176 -0.838596 -0.24966
    outer loop
      vertex 50.2513 -23.5878 17
      vertex 39.2 -30.8586 19.99
      vertex 39.2 -30.7714 19.6971
    endloop
  endfacet
  facet normal 0.484161 -0.838591 -0.249707
    outer loop
      vertex 39.2 -30.8586 19.99
      vertex 50.2513 -23.5878 17
      vertex 53.2 -22.7757 19.99
    endloop
  endfacet
  facet normal 0.484176 -0.838576 -0.249727
    outer loop
      vertex 53.2 -22.7757 19.99
      vertex 50.2513 -23.5878 17
      vertex 52.4289 -22.3305 17
    endloop
  endfacet
  facet normal 0.484173 -0.838587 -0.249696
    outer loop
      vertex 38.866 -31.0514 19.99
      vertex 38 -31.5514 19.99
      vertex 38.7692 -31.0514 19.8023
    endloop
  endfacet
  facet normal 0.878084 0.40076 -0.261458
    outer loop
      vertex 43.3814 14.3387 17
      vertex 42.9883 15.2 17
      vertex 43.8786 15.2 19.99
    endloop
  endfacet
  facet normal 0.838576 0.484176 -0.249727
    outer loop
      vertex 35.1029 30.4 19.99
      vertex 35.915 27.4513 17
      vertex 34.6577 29.6289 17
    endloop
  endfacet
  facet normal 0.838592 0.48416 -0.249706
    outer loop
      vertex 35.915 27.4513 17
      vertex 35.1029 30.4 19.99
      vertex 43.8786 15.2 19.99
    endloop
  endfacet
  facet normal 0.968318 0 -0.249722
    outer loop
      vertex 53.2 -6.60992 19.99
      vertex 52.4289 -22.3305 17
      vertex 52.4289 -7.05509 17
    endloop
  endfacet
  facet normal 0.968318 0 -0.249722
    outer loop
      vertex 52.4289 -22.3305 17
      vertex 53.2 -6.60992 19.99
      vertex 53.2 -22.7757 19.99
    endloop
  endfacet
  facet normal 0.968321 0 -0.249707
    outer loop
      vertex 52.767 -5.47427 18.3109
      vertex 53.2 -5.22427 19.99
      vertex 53.2 -6.22427 19.99
    endloop
  endfacet
  facet normal 0 0 1
    outer loop
      vertex -17.5514 30.4 22
      vertex -34.7076 29.7153 22
      vertex -17.1561 29.7153 22
    endloop
  endfacet
  facet normal -0 0 1
    outer loop
      vertex -35.1029 30.4 22
      vertex -34.7076 29.7153 22
      vertex -17.5514 30.4 22
    endloop
  endfacet
  facet normal 0 0 1
    outer loop
      vertex -35.1029 30.4 22
      vertex -36.807 26.0789 22
      vertex -34.7076 29.7153 22
    endloop
  endfacet
  facet normal 0 0 1
    outer loop
      vertex -43.8786 15.2 22
      vertex -36.807 26.0789 22
      vertex -35.1029 30.4 22
    endloop
  endfacet
  facet normal 0 0 1
    outer loop
      vertex -43.088 15.2 22
      vertex -43.8786 15.2 22
      vertex -43.088 13.8306 22
    endloop
  endfacet
  facet normal 0 0 1
    outer loop
      vertex -36.807 26.0789 22
      vertex -43.8786 15.2 22
      vertex -43.088 15.2 22
    endloop
  endfacet
  facet normal 0 0 1
    outer loop
      vertex -43.088 -13.8306 22
      vertex -43.8786 -15.2 22
      vertex -43.088 -15.2 22
    endloop
  endfacet
  facet normal 0 0 1
    outer loop
      vertex -34.7076 -29.7153 22
      vertex -17.5514 -30.4 22
      vertex -17.3143 -29.9893 22
    endloop
  endfacet
  facet normal 0 0 1
    outer loop
      vertex -34.7076 -29.7153 22
      vertex -35.1029 -30.4 22
      vertex -17.5514 -30.4 22
    endloop
  endfacet
  facet normal 0 0 1
    outer loop
      vertex -36.807 -26.0789 22
      vertex -35.1029 -30.4 22
      vertex -34.7076 -29.7153 22
    endloop
  endfacet
  facet normal -0 0 1
    outer loop
      vertex -43.8786 -15.2 22
      vertex -36.807 -26.0789 22
      vertex -43.088 -15.2 22
    endloop
  endfacet
  facet normal 0 0 1
    outer loop
      vertex -36.807 -26.0789 22
      vertex -43.8786 -15.2 22
      vertex -35.1029 -30.4 22
    endloop
  endfacet
  facet normal 0 0 1
    outer loop
      vertex 43.8786 15.2 22
      vertex 43.088 15.2 22
      vertex 43.4371 14.4352 22
    endloop
  endfacet
  facet normal 0 0 1
    outer loop
      vertex 43.8786 15.2 22
      vertex 36.807 26.0789 22
      vertex 43.088 15.2 22
    endloop
  endfacet
  facet normal 0 0 1
    outer loop
      vertex 35.1029 30.4 22
      vertex 36.807 26.0789 22
      vertex 43.8786 15.2 22
    endloop
  endfacet
  facet normal 0 0 1
    outer loop
      vertex 35.1029 30.4 22
      vertex 34.7076 29.7153 22
      vertex 36.807 26.0789 22
    endloop
  endfacet
  facet normal -0 0 1
    outer loop
      vertex 17.5514 30.4 22
      vertex 34.7076 29.7153 22
      vertex 35.1029 30.4 22
    endloop
  endfacet
  facet normal 0 0 1
    outer loop
      vertex 34.7076 29.7153 22
      vertex 17.5514 30.4 22
      vertex 17.1561 29.7153 22
    endloop
  endfacet
  facet normal 0 0 1
    outer loop
      vertex 38.866 -31.0514 22
      vertex 37.134 -31.0514 22
      vertex 38 -31.5514 22
    endloop
  endfacet
  facet normal -0 0 1
    outer loop
      vertex 52.5153 -7.00522 22
      vertex 53.2 -22.7757 22
      vertex 53.2 -6.60992 22
    endloop
  endfacet
  facet normal -0 0 1
    outer loop
      vertex 52.5153 -22.3804 22
      vertex 53.2 -22.7757 22
      vertex 52.5153 -7.00522 22
    endloop
  endfacet
  facet normal 0 0 1
    outer loop
      vertex 48.8789 -24.4799 22
      vertex 53.2 -22.7757 22
      vertex 52.5153 -22.3804 22
    endloop
  endfacet
  facet normal 0 0 1
    outer loop
      vertex 39.2 -30.8586 22
      vertex 48.8789 -24.4799 22
      vertex 39.2 -30.068 22
    endloop
  endfacet
  facet normal -0 0 1
    outer loop
      vertex 48.8789 -24.4799 22
      vertex 39.2 -30.8586 22
      vertex 53.2 -22.7757 22
    endloop
  endfacet
  facet normal 0 0 1
    outer loop
      vertex 36.8 -30.7441 22
      vertex 36.5967 -30.7413 22
      vertex 36.8 -30.8586 22
    endloop
  endfacet
  facet normal 0 0 1
    outer loop
      vertex 52.8385 -5.01559 22
      vertex 53.2 -6.22427 22
      vertex 53.2 -5.22427 22
    endloop
  endfacet
  facet normal 0 0 1
    outer loop
      vertex 53.2 -6.22427 22
      vertex 52.8385 -5.01559 22
      vertex 52.334 -4.72428 22
    endloop
  endfacet
  facet normal 0 -1 0
    outer loop
      vertex -35.1029 30.4 22
      vertex -17.5514 30.4 23.59
      vertex -35.1029 30.4 23.59
    endloop
  endfacet
  facet normal 0 -1 -0
    outer loop
      vertex -17.5514 30.4 23.59
      vertex -35.1029 30.4 22
      vertex -17.5514 30.4 22
    endloop
  endfacet
  facet normal 0 -1 0
    outer loop
      vertex 17.5514 30.4 22
      vertex 35.1029 30.4 23.59
      vertex 17.5514 30.4 23.59
    endloop
  endfacet
  facet normal 0 -1 -0
    outer loop
      vertex 35.1029 30.4 23.59
      vertex 17.5514 30.4 22
      vertex 35.1029 30.4 22
    endloop
  endfacet
  facet normal 0.866026 -0.499999 0
    outer loop
      vertex -43.8786 15.2 23.59
      vertex -35.1029 30.4 22
      vertex -35.1029 30.4 23.59
    endloop
  endfacet
  facet normal 0.866026 -0.499999 0
    outer loop
      vertex -35.1029 30.4 22
      vertex -43.8786 15.2 23.59
      vertex -43.8786 15.2 22
    endloop
  endfacet
  facet normal 0.866032 0.499989 0
    outer loop
      vertex -43.088 13.8306 22
      vertex -43.8786 15.2 22
      vertex -43.8786 15.2 23.59
    endloop
  endfacet
  facet normal 0.866032 -0.499989 0
    outer loop
      vertex -43.8786 -15.2 23.59
      vertex -43.8786 -15.2 22
      vertex -43.088 -13.8306 22
    endloop
  endfacet
  facet normal 0.866026 0.499999 0
    outer loop
      vertex -35.1029 -30.4 23.59
      vertex -43.8786 -15.2 22
      vertex -43.8786 -15.2 23.59
    endloop
  endfacet
  facet normal 0.866026 0.499999 0
    outer loop
      vertex -43.8786 -15.2 22
      vertex -35.1029 -30.4 23.59
      vertex -35.1029 -30.4 22
    endloop
  endfacet
  facet normal 0 1 0
    outer loop
      vertex -35.1029 -30.4 22
      vertex -17.5514 -30.4 22.9538
      vertex -17.5514 -30.4 22
    endloop
  endfacet
  facet normal 0 1 0
    outer loop
      vertex -17.5514 -30.4 22.9538
      vertex -35.1029 -30.4 22
      vertex -35.1029 -30.4 23.59
    endloop
  endfacet
  facet normal 0.500011 0.866019 -0
    outer loop
      vertex 38 -31.5514 22
      vertex 37.134 -31.0514 22.6088
      vertex 38 -31.5514 23.59
    endloop
  endfacet
  facet normal 0.500011 0.866019 0
    outer loop
      vertex 37.134 -31.0514 22.6088
      vertex 38 -31.5514 22
      vertex 37.134 -31.0514 22
    endloop
  endfacet
  facet normal 0.499759 0.866164 -0
    outer loop
      vertex 36.8 -30.8586 22
      vertex 36.5967 -30.7413 22
      vertex 36.8 -30.8586 22.2303
    endloop
  endfacet
  facet normal -0.500011 0.866019 0
    outer loop
      vertex 38.866 -31.0514 22
      vertex 38 -31.5514 23.59
      vertex 38.866 -31.0514 23.59
    endloop
  endfacet
  facet normal -0.500011 0.866019 0
    outer loop
      vertex 38 -31.5514 23.59
      vertex 38.866 -31.0514 22
      vertex 38 -31.5514 22
    endloop
  endfacet
  facet normal -0.5 0.866026 0
    outer loop
      vertex 53.2 -22.7757 22
      vertex 39.2 -30.8586 23.59
      vertex 53.2 -22.7757 23.59
    endloop
  endfacet
  facet normal -0.5 0.866026 0
    outer loop
      vertex 39.2 -30.8586 23.59
      vertex 53.2 -22.7757 22
      vertex 39.2 -30.8586 22
    endloop
  endfacet
  facet normal -1 0 0
    outer loop
      vertex 53.2 -22.7757 22
      vertex 53.2 -6.60992 23.59
      vertex 53.2 -6.60992 22
    endloop
  endfacet
  facet normal -1 -0 0
    outer loop
      vertex 53.2 -6.60992 23.59
      vertex 53.2 -22.7757 22
      vertex 53.2 -22.7757 23.59
    endloop
  endfacet
  facet normal -1 0 0
    outer loop
      vertex 53.2 -6.22427 22
      vertex 53.2 -5.22427 23.59
      vertex 53.2 -5.22427 22
    endloop
  endfacet
  facet normal -1 -0 0
    outer loop
      vertex 53.2 -5.22427 23.59
      vertex 53.2 -6.22427 22
      vertex 53.2 -6.22427 23.59
    endloop
  endfacet
  facet normal -0.500047 -0.865998 0
    outer loop
      vertex 52.8385 -5.01559 22
      vertex 52.334 -4.72428 22.4109
      vertex 52.334 -4.72428 22
    endloop
  endfacet
  facet normal -0.500047 -0.865998 0
    outer loop
      vertex 52.334 -4.72428 22.4109
      vertex 52.8385 -5.01559 22
      vertex 52.8385 -5.01559 23.0979
    endloop
  endfacet
  facet normal -0.866054 0.499951 0
    outer loop
      vertex 43.8786 15.2 22
      vertex 43.4371 14.4352 22
      vertex 43.8786 15.2 23.59
    endloop
  endfacet
  facet normal -0.866026 -0.499999 0
    outer loop
      vertex 43.8786 15.2 22
      vertex 35.1029 30.4 23.59
      vertex 35.1029 30.4 22
    endloop
  endfacet
  facet normal -0.866026 -0.499999 0
    outer loop
      vertex 35.1029 30.4 23.59
      vertex 43.8786 15.2 22
      vertex 43.8786 15.2 23.59
    endloop
  endfacet
  facet normal -0.795419 -0.459219 -0.395507
    outer loop
      vertex -35.1029 -30.4 23.59
      vertex -36.807 -26.0789 22
      vertex -34.7076 -29.7153 22
    endloop
  endfacet
  facet normal -0.795401 -0.459223 -0.39554
    outer loop
      vertex -36.807 -26.0789 22
      vertex -35.1029 -30.4 23.59
      vertex -43.8786 -15.2 23.59
    endloop
  endfacet
  facet normal 0.459235 -0.795401 -0.395525
    outer loop
      vertex 38.7692 -31.0514 23.4776
      vertex 38 -31.5514 23.59
      vertex 38 -31.0514 22.5845
    endloop
  endfacet
  facet normal 0.459229 -0.795411 -0.395512
    outer loop
      vertex 48.8789 -24.4799 22
      vertex 39.2 -30.7714 23.4146
      vertex 39.2 -30.068 22
    endloop
  endfacet
  facet normal -0.795411 -0.459236 -0.395504
    outer loop
      vertex -36.807 -26.0789 22
      vertex -43.8786 -15.2 23.59
      vertex -43.088 -15.2 22
    endloop
  endfacet
  facet normal 0.816752 0.369138 -0.443455
    outer loop
      vertex 52.767 -5.47427 22.5844
      vertex 52.8385 -5.01559 23.0979
      vertex 53.2 -5.22427 23.59
    endloop
  endfacet
  facet normal 0.816846 0.369031 -0.443372
    outer loop
      vertex 52.8385 -5.01559 23.0979
      vertex 52.767 -5.47427 22.5844
      vertex 52.334 -4.72428 22.4109
    endloop
  endfacet
  facet normal -0.0124929 -0.895335 -0.445219
    outer loop
      vertex 38 -31.5514 23.59
      vertex 37.134 -31.0514 22.6088
      vertex 38 -31.0514 22.5845
    endloop
  endfacet
  facet normal -0.0123317 -0.895368 -0.445157
    outer loop
      vertex 36.8 -30.8586 22.2303
      vertex 36.5967 -30.7413 22
      vertex 36.8 -30.7441 22
    endloop
  endfacet
  facet normal 0.795411 0.459236 -0.395504
    outer loop
      vertex 43.088 15.2 22
      vertex 36.807 26.0789 22
      vertex 43.8786 15.2 23.59
    endloop
  endfacet
  facet normal 0.828857 0.378339 -0.412135
    outer loop
      vertex 43.4371 14.4352 22
      vertex 43.088 15.2 22
      vertex 43.8786 15.2 23.59
    endloop
  endfacet
  facet normal -0.0144447 -0.917054 -0.398501
    outer loop
      vertex -34.7076 -29.7153 22
      vertex -17.5514 -30.4 22.9538
      vertex -35.1029 -30.4 23.59
    endloop
  endfacet
  facet normal -0.0144467 -0.917066 -0.398474
    outer loop
      vertex -17.5514 -30.4 22.9538
      vertex -34.7076 -29.7153 22
      vertex -17.3143 -29.9893 22
    endloop
  endfacet
  facet normal -0.895416 0 -0.44523
    outer loop
      vertex -43.088 13.8306 22
      vertex -43.8786 15.2 23.59
      vertex -43.088 15.2 22
    endloop
  endfacet
  facet normal -0.895416 0 -0.44523
    outer loop
      vertex -43.088 -15.2 22
      vertex -43.8786 -15.2 23.59
      vertex -43.088 -13.8306 22
    endloop
  endfacet
  facet normal -0.795419 0.459219 -0.395507
    outer loop
      vertex -36.807 26.0789 22
      vertex -35.1029 30.4 23.59
      vertex -34.7076 29.7153 22
    endloop
  endfacet
  facet normal -0.795401 0.459223 -0.39554
    outer loop
      vertex -35.1029 30.4 23.59
      vertex -36.807 26.0789 22
      vertex -43.8786 15.2 23.59
    endloop
  endfacet
  facet normal 0.918459 0 -0.395515
    outer loop
      vertex 53.2 -6.60992 23.59
      vertex 52.5153 -22.3804 22
      vertex 52.5153 -7.00522 22
    endloop
  endfacet
  facet normal 0.918459 0 -0.395515
    outer loop
      vertex 52.5153 -22.3804 22
      vertex 53.2 -6.60992 23.59
      vertex 53.2 -22.7757 23.59
    endloop
  endfacet
  facet normal 0.918473 0 -0.395484
    outer loop
      vertex 53.2 -5.22427 23.59
      vertex 53.2 -6.22427 23.59
      vertex 52.767 -5.47427 22.5844
    endloop
  endfacet
  facet normal 0 0.918459 -0.395515
    outer loop
      vertex -34.7076 29.7153 22
      vertex -17.5514 30.4 23.59
      vertex -17.1561 29.7153 22
    endloop
  endfacet
  facet normal 0 0.918459 -0.395515
    outer loop
      vertex -17.5514 30.4 23.59
      vertex -34.7076 29.7153 22
      vertex -35.1029 30.4 23.59
    endloop
  endfacet
  facet normal 0 0.918459 -0.395515
    outer loop
      vertex 34.7076 29.7153 22
      vertex 17.5514 30.4 23.59
      vertex 35.1029 30.4 23.59
    endloop
  endfacet
  facet normal 0 0.918459 -0.395515
    outer loop
      vertex 17.5514 30.4 23.59
      vertex 34.7076 29.7153 22
      vertex 17.1561 29.7153 22
    endloop
  endfacet
  facet normal -0.795411 0.459236 -0.395504
    outer loop
      vertex -43.088 15.2 22
      vertex -43.8786 15.2 23.59
      vertex -36.807 26.0789 22
    endloop
  endfacet
  facet normal 0.795419 0.459219 -0.395507
    outer loop
      vertex 35.1029 30.4 23.59
      vertex 36.807 26.0789 22
      vertex 34.7076 29.7153 22
    endloop
  endfacet
  facet normal 0.795401 0.459223 -0.39554
    outer loop
      vertex 36.807 26.0789 22
      vertex 35.1029 30.4 23.59
      vertex 43.8786 15.2 23.59
    endloop
  endfacet
  facet normal 0.459242 -0.795408 -0.395504
    outer loop
      vertex 38.866 -31.0514 23.59
      vertex 38 -31.5514 23.59
      vertex 38.7692 -31.0514 23.4776
    endloop
  endfacet
  facet normal 0.459251 -0.79543 -0.395448
    outer loop
      vertex 48.8789 -24.4799 22
      vertex 39.2 -30.8586 23.59
      vertex 39.2 -30.7714 23.4146
    endloop
  endfacet
  facet normal 0.459233 -0.795415 -0.3955
    outer loop
      vertex 39.2 -30.8586 23.59
      vertex 48.8789 -24.4799 22
      vertex 53.2 -22.7757 23.59
    endloop
  endfacet
  facet normal 0.459234 -0.795408 -0.395511
    outer loop
      vertex 53.2 -22.7757 23.59
      vertex 48.8789 -24.4799 22
      vertex 52.5153 -22.3804 22
    endloop
  endfacet
  facet normal 0 0 1
    outer loop
      vertex -17.5514 30.4 64
      vertex -34.6577 29.6289 64
      vertex -17.1063 29.6289 64
    endloop
  endfacet
  facet normal -0 0 1
    outer loop
      vertex -35.1029 30.4 64
      vertex -34.6577 29.6289 64
      vertex -17.5514 30.4 64
    endloop
  endfacet
  facet normal 0 0 1
    outer loop
      vertex -35.1029 30.4 64
      vertex -35.915 27.4513 64
      vertex -34.6577 29.6289 64
    endloop
  endfacet
  facet normal 0 0 1
    outer loop
      vertex -43.8786 15.2 64
      vertex -35.915 27.4513 64
      vertex -35.1029 30.4 64
    endloop
  endfacet
  facet normal 0 0 1
    outer loop
      vertex -35.915 27.4513 64
      vertex -43.8786 15.2 64
      vertex -42.9883 15.2 64
    endloop
  endfacet
  facet normal -0 0 1
    outer loop
      vertex -34.6577 0.771055 64
      vertex -17.5514 0 64
      vertex -17.1063 0.771055 64
    endloop
  endfacet
  facet normal 0 0 1
    outer loop
      vertex -34.6577 0.771055 64
      vertex -35.1029 0 64
      vertex -17.5514 0 64
    endloop
  endfacet
  facet normal 0 0 1
    outer loop
      vertex -35.915 2.9487 64
      vertex -35.1029 0 64
      vertex -34.6577 0.771055 64
    endloop
  endfacet
  facet normal -0 0 1
    outer loop
      vertex -43.8786 15.2 64
      vertex -35.915 2.9487 64
      vertex -42.9883 15.2 64
    endloop
  endfacet
  facet normal 0 0 1
    outer loop
      vertex -35.915 2.9487 64
      vertex -43.8786 15.2 64
      vertex -35.1029 0 64
    endloop
  endfacet
  facet normal 0 0 1
    outer loop
      vertex 43.8786 15.2 64
      vertex 35.915 27.4513 64
      vertex 42.9883 15.2 64
    endloop
  endfacet
  facet normal 0 0 1
    outer loop
      vertex 35.1029 30.4 64
      vertex 35.915 27.4513 64
      vertex 43.8786 15.2 64
    endloop
  endfacet
  facet normal 0 0 1
    outer loop
      vertex 35.1029 30.4 64
      vertex 34.6577 29.6289 64
      vertex 35.915 27.4513 64
    endloop
  endfacet
  facet normal -0 0 1
    outer loop
      vertex 17.5514 30.4 64
      vertex 34.6577 29.6289 64
      vertex 35.1029 30.4 64
    endloop
  endfacet
  facet normal 0 0 1
    outer loop
      vertex 34.6577 29.6289 64
      vertex 17.5514 30.4 64
      vertex 17.1063 29.6289 64
    endloop
  endfacet
  facet normal 0 0 1
    outer loop
      vertex 35.915 2.9487 64
      vertex 43.8786 15.2 64
      vertex 42.9883 15.2 64
    endloop
  endfacet
  facet normal -0 0 1
    outer loop
      vertex 35.915 2.9487 64
      vertex 35.1029 0 64
      vertex 43.8786 15.2 64
    endloop
  endfacet
  facet normal -0 0 1
    outer loop
      vertex 34.6577 0.771055 64
      vertex 35.1029 0 64
      vertex 35.915 2.9487 64
    endloop
  endfacet
  facet normal 0 0 1
    outer loop
      vertex 34.6577 0.771055 64
      vertex 17.5514 0 64
      vertex 35.1029 0 64
    endloop
  endfacet
  facet normal 0 -0 1
    outer loop
      vertex 17.5514 0 64
      vertex 34.6577 0.771055 64
      vertex 17.1063 0.771055 64
    endloop
  endfacet
  facet normal 0 -1 0
    outer loop
      vertex 17.5514 30.4 64
      vertex 35.1029 30.4 66.99
      vertex 17.5514 30.4 66.99
    endloop
  endfacet
  facet normal 0 -1 -0
    outer loop
      vertex 35.1029 30.4 66.99
      vertex 17.5514 30.4 64
      vertex 35.1029 30.4 64
    endloop
  endfacet
  facet normal 0 -1 0
    outer loop
      vertex -35.1029 30.4 64
      vertex -17.5514 30.4 66.99
      vertex -35.1029 30.4 66.99
    endloop
  endfacet
  facet normal 0 -1 -0
    outer loop
      vertex -17.5514 30.4 66.99
      vertex -35.1029 30.4 64
      vertex -17.5514 30.4 64
    endloop
  endfacet
  facet normal 0.866026 -0.499999 0
    outer loop
      vertex -43.8786 15.2 66.99
      vertex -35.1029 30.4 64
      vertex -35.1029 30.4 66.99
    endloop
  endfacet
  facet normal 0.866026 -0.499999 0
    outer loop
      vertex -35.1029 30.4 64
      vertex -43.8786 15.2 66.99
      vertex -43.8786 15.2 64
    endloop
  endfacet
  facet normal 0.866026 0.499999 0
    outer loop
      vertex -35.1029 0 66.99
      vertex -43.8786 15.2 64
      vertex -43.8786 15.2 66.99
    endloop
  endfacet
  facet normal 0.866026 0.499999 0
    outer loop
      vertex -43.8786 15.2 64
      vertex -35.1029 0 66.99
      vertex -35.1029 0 64
    endloop
  endfacet
  facet normal -0.866026 -0.499999 0
    outer loop
      vertex 43.8786 15.2 64
      vertex 35.1029 30.4 66.99
      vertex 35.1029 30.4 64
    endloop
  endfacet
  facet normal -0.866026 -0.499999 0
    outer loop
      vertex 35.1029 30.4 66.99
      vertex 43.8786 15.2 64
      vertex 43.8786 15.2 66.99
    endloop
  endfacet
  facet normal -0.866026 0.499999 0
    outer loop
      vertex 35.1029 0 64
      vertex 43.8786 15.2 66.99
      vertex 43.8786 15.2 64
    endloop
  endfacet
  facet normal -0.866026 0.499999 0
    outer loop
      vertex 43.8786 15.2 66.99
      vertex 35.1029 0 64
      vertex 35.1029 0 66.99
    endloop
  endfacet
  facet normal 0.838593 0.484162 -0.249699
    outer loop
      vertex 42.9883 15.2 64
      vertex 35.915 27.4513 64
      vertex 43.8786 15.2 66.99
    endloop
  endfacet
  facet normal -0.838593 -0.484162 -0.249699
    outer loop
      vertex -35.915 2.9487 64
      vertex -43.8786 15.2 66.99
      vertex -42.9883 15.2 64
    endloop
  endfacet
  facet normal -0.838582 -0.48417 -0.249718
    outer loop
      vertex -35.1029 0 66.99
      vertex -35.915 2.9487 64
      vertex -34.6577 0.771055 64
    endloop
  endfacet
  facet normal -0.838592 -0.48416 -0.249706
    outer loop
      vertex -35.915 2.9487 64
      vertex -35.1029 0 66.99
      vertex -43.8786 15.2 66.99
    endloop
  endfacet
  facet normal 0.838592 -0.48416 -0.249706
    outer loop
      vertex 35.1029 0 66.99
      vertex 35.915 2.9487 64
      vertex 43.8786 15.2 66.99
    endloop
  endfacet
  facet normal 0.838582 -0.48417 -0.249718
    outer loop
      vertex 35.915 2.9487 64
      vertex 35.1029 0 66.99
      vertex 34.6577 0.771055 64
    endloop
  endfacet
  facet normal -0.838576 0.484176 -0.249727
    outer loop
      vertex -35.915 27.4513 64
      vertex -35.1029 30.4 66.99
      vertex -34.6577 29.6289 64
    endloop
  endfacet
  facet normal -0.838592 0.48416 -0.249706
    outer loop
      vertex -35.1029 30.4 66.99
      vertex -35.915 27.4513 64
      vertex -43.8786 15.2 66.99
    endloop
  endfacet
  facet normal -0.838593 0.484162 -0.249699
    outer loop
      vertex -42.9883 15.2 64
      vertex -43.8786 15.2 66.99
      vertex -35.915 27.4513 64
    endloop
  endfacet
  facet normal -0 -0.968321 -0.249709
    outer loop
      vertex 34.6577 0.771055 64
      vertex 17.5514 0 66.99
      vertex 17.1063 0.771055 64
    endloop
  endfacet
  facet normal 0 -0.968321 -0.249709
    outer loop
      vertex 17.5514 0 66.99
      vertex 34.6577 0.771055 64
      vertex 35.1029 0 66.99
    endloop
  endfacet
  facet normal 0 -0.968321 -0.249709
    outer loop
      vertex -34.6577 0.771055 64
      vertex -17.5514 0 66.99
      vertex -35.1029 0 66.99
    endloop
  endfacet
  facet normal 0 -0.968321 -0.249709
    outer loop
      vertex -17.5514 0 66.99
      vertex -34.6577 0.771055 64
      vertex -17.1063 0.771055 64
    endloop
  endfacet
  facet normal 0.838576 0.484176 -0.249727
    outer loop
      vertex 35.1029 30.4 66.99
      vertex 35.915 27.4513 64
      vertex 34.6577 29.6289 64
    endloop
  endfacet
  facet normal 0.838592 0.48416 -0.249706
    outer loop
      vertex 35.915 27.4513 64
      vertex 35.1029 30.4 66.99
      vertex 43.8786 15.2 66.99
    endloop
  endfacet
  facet normal 0.838593 -0.484162 -0.249699
    outer loop
      vertex 43.8786 15.2 66.99
      vertex 35.915 2.9487 64
      vertex 42.9883 15.2 64
    endloop
  endfacet
  facet normal 0 0.968318 -0.249722
    outer loop
      vertex 34.6577 29.6289 64
      vertex 17.5514 30.4 66.99
      vertex 35.1029 30.4 66.99
    endloop
  endfacet
  facet normal 0 0.968318 -0.249722
    outer loop
      vertex 17.5514 30.4 66.99
      vertex 34.6577 29.6289 64
      vertex 17.1063 29.6289 64
    endloop
  endfacet
  facet normal 0 0.968318 -0.249722
    outer loop
      vertex -34.6577 29.6289 64
      vertex -17.5514 30.4 66.99
      vertex -17.1063 29.6289 64
    endloop
  endfacet
  facet normal 0 0.968318 -0.249722
    outer loop
      vertex -17.5514 30.4 66.99
      vertex -34.6577 29.6289 64
      vertex -35.1029 30.4 66.99
    endloop
  endfacet
  facet normal 0 0 1
    outer loop
      vertex -17.5514 30.4 69
      vertex -34.7076 29.7153 69
      vertex -17.1561 29.7153 69
    endloop
  endfacet
  facet normal -0 0 1
    outer loop
      vertex -35.1029 30.4 69
      vertex -34.7076 29.7153 69
      vertex -17.5514 30.4 69
    endloop
  endfacet
  facet normal 0 0 1
    outer loop
      vertex -35.1029 30.4 69
      vertex -36.807 26.0789 69
      vertex -34.7076 29.7153 69
    endloop
  endfacet
  facet normal 0 0 1
    outer loop
      vertex -43.8786 15.2 69
      vertex -36.807 26.0789 69
      vertex -35.1029 30.4 69
    endloop
  endfacet
  facet normal 0 0 1
    outer loop
      vertex -36.807 26.0789 69
      vertex -43.8786 15.2 69
      vertex -43.088 15.2 69
    endloop
  endfacet
  facet normal -0 0 1
    outer loop
      vertex -34.7076 0.684684 69
      vertex -17.5514 0 69
      vertex -17.1561 0.684684 69
    endloop
  endfacet
  facet normal 0 0 1
    outer loop
      vertex -34.7076 0.684684 69
      vertex -35.1029 0 69
      vertex -17.5514 0 69
    endloop
  endfacet
  facet normal 0 0 1
    outer loop
      vertex -36.807 4.32105 69
      vertex -35.1029 0 69
      vertex -34.7076 0.684684 69
    endloop
  endfacet
  facet normal -0 0 1
    outer loop
      vertex -43.8786 15.2 69
      vertex -36.807 4.32105 69
      vertex -43.088 15.2 69
    endloop
  endfacet
  facet normal 0 0 1
    outer loop
      vertex -36.807 4.32105 69
      vertex -43.8786 15.2 69
      vertex -35.1029 0 69
    endloop
  endfacet
  facet normal 0 0 1
    outer loop
      vertex 43.8786 15.2 69
      vertex 36.807 26.0789 69
      vertex 43.088 15.2 69
    endloop
  endfacet
  facet normal 0 0 1
    outer loop
      vertex 35.1029 30.4 69
      vertex 36.807 26.0789 69
      vertex 43.8786 15.2 69
    endloop
  endfacet
  facet normal 0 0 1
    outer loop
      vertex 35.1029 30.4 69
      vertex 34.7076 29.7153 69
      vertex 36.807 26.0789 69
    endloop
  endfacet
  facet normal -0 0 1
    outer loop
      vertex 17.5514 30.4 69
      vertex 34.7076 29.7153 69
      vertex 35.1029 30.4 69
    endloop
  endfacet
  facet normal 0 0 1
    outer loop
      vertex 34.7076 29.7153 69
      vertex 17.5514 30.4 69
      vertex 17.1561 29.7153 69
    endloop
  endfacet
  facet normal 0 0 1
    outer loop
      vertex 36.807 4.32105 69
      vertex 43.8786 15.2 69
      vertex 43.088 15.2 69
    endloop
  endfacet
  facet normal -0 0 1
    outer loop
      vertex 36.807 4.32105 69
      vertex 35.1029 0 69
      vertex 43.8786 15.2 69
    endloop
  endfacet
  facet normal -0 0 1
    outer loop
      vertex 34.7076 0.684684 69
      vertex 35.1029 0 69
      vertex 36.807 4.32105 69
    endloop
  endfacet
  facet normal 0 0 1
    outer loop
      vertex 34.7076 0.684684 69
      vertex 17.5514 0 69
      vertex 35.1029 0 69
    endloop
  endfacet
  facet normal 0 -0 1
    outer loop
      vertex 17.5514 0 69
      vertex 34.7076 0.684684 69
      vertex 17.1561 0.684684 69
    endloop
  endfacet
  facet normal 0 -1 0
    outer loop
      vertex 17.5514 30.4 69
      vertex 35.1029 30.4 70.59
      vertex 17.5514 30.4 70.59
    endloop
  endfacet
  facet normal 0 -1 -0
    outer loop
      vertex 35.1029 30.4 70.59
      vertex 17.5514 30.4 69
      vertex 35.1029 30.4 69
    endloop
  endfacet
  facet normal 0 -1 0
    outer loop
      vertex -35.1029 30.4 69
      vertex -17.5514 30.4 70.59
      vertex -35.1029 30.4 70.59
    endloop
  endfacet
  facet normal 0 -1 -0
    outer loop
      vertex -17.5514 30.4 70.59
      vertex -35.1029 30.4 69
      vertex -17.5514 30.4 69
    endloop
  endfacet
  facet normal 0.866026 -0.499999 0
    outer loop
      vertex -43.8786 15.2 70.59
      vertex -35.1029 30.4 69
      vertex -35.1029 30.4 70.59
    endloop
  endfacet
  facet normal 0.866026 -0.499999 0
    outer loop
      vertex -35.1029 30.4 69
      vertex -43.8786 15.2 70.59
      vertex -43.8786 15.2 69
    endloop
  endfacet
  facet normal 0.866026 0.499999 0
    outer loop
      vertex -35.1029 0 70.59
      vertex -43.8786 15.2 69
      vertex -43.8786 15.2 70.59
    endloop
  endfacet
  facet normal 0.866026 0.499999 0
    outer loop
      vertex -43.8786 15.2 69
      vertex -35.1029 0 70.59
      vertex -35.1029 0 69
    endloop
  endfacet
  facet normal -0.866026 -0.499999 0
    outer loop
      vertex 43.8786 15.2 69
      vertex 35.1029 30.4 70.59
      vertex 35.1029 30.4 69
    endloop
  endfacet
  facet normal -0.866026 -0.499999 0
    outer loop
      vertex 35.1029 30.4 70.59
      vertex 43.8786 15.2 69
      vertex 43.8786 15.2 70.59
    endloop
  endfacet
  facet normal -0.866026 0.499999 0
    outer loop
      vertex 35.1029 0 69
      vertex 43.8786 15.2 70.59
      vertex 43.8786 15.2 69
    endloop
  endfacet
  facet normal -0.866026 0.499999 0
    outer loop
      vertex 43.8786 15.2 70.59
      vertex 35.1029 0 69
      vertex 35.1029 0 70.59
    endloop
  endfacet
  facet normal 0.795411 0.459236 -0.395504
    outer loop
      vertex 43.088 15.2 69
      vertex 36.807 26.0789 69
      vertex 43.8786 15.2 70.59
    endloop
  endfacet
  facet normal -0.795412 -0.459234 -0.395505
    outer loop
      vertex -36.807 4.32105 69
      vertex -43.8786 15.2 70.59
      vertex -43.088 15.2 69
    endloop
  endfacet
  facet normal -0.795419 -0.459223 -0.395504
    outer loop
      vertex -35.1029 0 70.59
      vertex -36.807 4.32105 69
      vertex -34.7076 0.684684 69
    endloop
  endfacet
  facet normal -0.795405 -0.459226 -0.395528
    outer loop
      vertex -36.807 4.32105 69
      vertex -35.1029 0 70.59
      vertex -43.8786 15.2 70.59
    endloop
  endfacet
  facet normal 0.795405 -0.459226 -0.395528
    outer loop
      vertex 35.1029 0 70.59
      vertex 36.807 4.32105 69
      vertex 43.8786 15.2 70.59
    endloop
  endfacet
  facet normal 0.795419 -0.459223 -0.395504
    outer loop
      vertex 36.807 4.32105 69
      vertex 35.1029 0 70.59
      vertex 34.7076 0.684684 69
    endloop
  endfacet
  facet normal -0.795419 0.459219 -0.395507
    outer loop
      vertex -36.807 26.0789 69
      vertex -35.1029 30.4 70.59
      vertex -34.7076 29.7153 69
    endloop
  endfacet
  facet normal -0.795401 0.459223 -0.39554
    outer loop
      vertex -35.1029 30.4 70.59
      vertex -36.807 26.0789 69
      vertex -43.8786 15.2 70.59
    endloop
  endfacet
  facet normal -0.795411 0.459236 -0.395504
    outer loop
      vertex -43.088 15.2 69
      vertex -43.8786 15.2 70.59
      vertex -36.807 26.0789 69
    endloop
  endfacet
  facet normal -0 -0.918463 -0.395507
    outer loop
      vertex 34.7076 0.684684 69
      vertex 17.5514 0 70.59
      vertex 17.1561 0.684684 69
    endloop
  endfacet
  facet normal 0 -0.918463 -0.395507
    outer loop
      vertex 17.5514 0 70.59
      vertex 34.7076 0.684684 69
      vertex 35.1029 0 70.59
    endloop
  endfacet
  facet normal 0 -0.918463 -0.395507
    outer loop
      vertex -34.7076 0.684684 69
      vertex -17.5514 0 70.59
      vertex -35.1029 0 70.59
    endloop
  endfacet
  facet normal 0 -0.918463 -0.395507
    outer loop
      vertex -17.5514 0 70.59
      vertex -34.7076 0.684684 69
      vertex -17.1561 0.684684 69
    endloop
  endfacet
  facet normal 0.795419 0.459219 -0.395507
    outer loop
      vertex 35.1029 30.4 70.59
      vertex 36.807 26.0789 69
      vertex 34.7076 29.7153 69
    endloop
  endfacet
  facet normal 0.795401 0.459223 -0.39554
    outer loop
      vertex 36.807 26.0789 69
      vertex 35.1029 30.4 70.59
      vertex 43.8786 15.2 70.59
    endloop
  endfacet
  facet normal 0.795412 -0.459234 -0.395505
    outer loop
      vertex 43.8786 15.2 70.59
      vertex 36.807 4.32105 69
      vertex 43.088 15.2 69
    endloop
  endfacet
  facet normal 0 0.918459 -0.395515
    outer loop
      vertex 34.7076 29.7153 69
      vertex 17.5514 30.4 70.59
      vertex 35.1029 30.4 70.59
    endloop
  endfacet
  facet normal 0 0.918459 -0.395515
    outer loop
      vertex 17.5514 30.4 70.59
      vertex 34.7076 29.7153 69
      vertex 17.1561 29.7153 69
    endloop
  endfacet
  facet normal 0 0.918459 -0.395515
    outer loop
      vertex -34.7076 29.7153 69
      vertex -17.5514 30.4 70.59
      vertex -17.1561 29.7153 69
    endloop
  endfacet
  facet normal 0 0.918459 -0.395515
    outer loop
      vertex -17.5514 30.4 70.59
      vertex -34.7076 29.7153 69
      vertex -35.1029 30.4 70.59
    endloop
  endfacet
  facet normal -1 0 0
    outer loop
      vertex 8 -31.9 -1
      vertex 8 -35.0789 7.25
      vertex 8 -31.9 10.5
    endloop
  endfacet
  facet normal -1 0 0
    outer loop
      vertex 8 -35.1 -1
      vertex 8 -35.0789 7.25
      vertex 8 -31.9 -1
    endloop
  endfacet
  facet normal -1 -0 0
    outer loop
      vertex 8 -35.0789 7.25
      vertex 8 -35.1 -1
      vertex 8 -35.1 7.25
    endloop
  endfacet
  facet normal -1 -0 0
    outer loop
      vertex 8 -31.9 10.5
      vertex 8 -35.0789 7.25
      vertex 8 -35.0789 10.5
    endloop
  endfacet
  facet normal 0 0 -1
    outer loop
      vertex -22 -34.6064 10.5
      vertex 8 -31.9 10.5
      vertex 8 -35.0789 10.5
    endloop
  endfacet
  facet normal -0 0 -1
    outer loop
      vertex 8 -31.9 10.5
      vertex -22 -34.6064 10.5
      vertex -22 -31.9 10.5
    endloop
  endfacet
  facet normal -0 0 1
    outer loop
      vertex -22 -31.9 -1
      vertex 8 -35.1 -1
      vertex 8 -31.9 -1
    endloop
  endfacet
  facet normal 0 0 1
    outer loop
      vertex 8 -35.1 -1
      vertex -22 -31.9 -1
      vertex -22 -35.1 -1
    endloop
  endfacet
  facet normal 1 0 0
    outer loop
      vertex -22 -34.6064 7.25
      vertex -22 -31.9 10.5
      vertex -22 -34.6064 10.5
    endloop
  endfacet
  facet normal 1 0 0
    outer loop
      vertex -22 -31.9 10.5
      vertex -22 -34.6064 7.25
      vertex -22 -31.9 -1
    endloop
  endfacet
  facet normal 1 0 0
    outer loop
      vertex -22 -35.1 -1
      vertex -22 -34.6064 7.25
      vertex -22 -35.1 7.25
    endloop
  endfacet
  facet normal 1 0 0
    outer loop
      vertex -22 -34.6064 7.25
      vertex -22 -35.1 -1
      vertex -22 -31.9 -1
    endloop
  endfacet
  facet normal 0 -1 0
    outer loop
      vertex -22 -31.9 -1
      vertex 8 -31.9 10.5
      vertex -22 -31.9 10.5
    endloop
  endfacet
  facet normal 0 -1 -0
    outer loop
      vertex 8 -31.9 10.5
      vertex -22 -31.9 -1
      vertex 8 -31.9 -1
    endloop
  endfacet
  facet normal 0 1 -0
    outer loop
      vertex 8 -35.1 -1
      vertex -22 -35.1 7.25
      vertex 8 -35.1 7.25
    endloop
  endfacet
  facet normal 0 1 0
    outer loop
      vertex -22 -35.1 7.25
      vertex 8 -35.1 -1
      vertex -22 -35.1 -1
    endloop
  endfacet
  facet normal 0 -1 0
    outer loop
      vertex 26.1927 -34.5 7.96037
      vertex 27.8445 -34.5 9.11237
      vertex 23.2672 -34.5 9.11237
    endloop
  endfacet
  facet normal 0 -1 0
    outer loop
      vertex 26.1927 -34.5 7.96037
      vertex 23.2672 -34.5 9.11237
      vertex 23.2672 -34.5 7.96037
    endloop
  endfacet
  facet normal 0 -1 -0
    outer loop
      vertex 27.8445 -34.5 9.11237
      vertex 26.1927 -34.5 7.96037
      vertex 27.8445 -34.5 8.22942
    endloop
  endfacet
  facet normal 0 -1 0
    outer loop
      vertex 25.4766 -34.5 3.03751
      vertex 26.1927 -34.5 7.96037
      vertex 23.9508 -34.5 3.03751
    endloop
  endfacet
  facet normal 0 -1 -0
    outer loop
      vertex 26.1927 -34.5 7.96037
      vertex 25.4766 -34.5 3.03751
      vertex 27.8445 -34.5 8.22942
    endloop
  endfacet
  facet normal 0 -1 0
    outer loop
      vertex 19.8398 -34.5 8.14662
      vertex 19.9483 -34.5 9.22374
      vertex 19.6884 -34.5 9.21361
    endloop
  endfacet
  facet normal 0 -1 0
    outer loop
      vertex 19.7384 -34.5 8.12936
      vertex 19.6884 -34.5 9.21361
      vertex 19.442 -34.5 9.18323
    endloop
  endfacet
  facet normal 0 -1 -0
    outer loop
      vertex 19.9483 -34.5 9.22374
      vertex 19.8398 -34.5 8.14662
      vertex 19.9483 -34.5 8.15237
    endloop
  endfacet
  facet normal 0 -1 0
    outer loop
      vertex 19.6441 -34.5 8.1006
      vertex 19.442 -34.5 9.18323
      vertex 19.2092 -34.5 9.1326
    endloop
  endfacet
  facet normal 0 -1 0
    outer loop
      vertex 20.0569 -34.5 8.14662
      vertex 19.9483 -34.5 9.22374
      vertex 19.9483 -34.5 8.15237
    endloop
  endfacet
  facet normal 0 -1 0
    outer loop
      vertex 19.5569 -34.5 8.06035
      vertex 19.2092 -34.5 9.1326
      vertex 18.99 -34.5 9.06171
    endloop
  endfacet
  facet normal 0 -1 0
    outer loop
      vertex 20.1582 -34.5 8.12936
      vertex 20.2074 -34.5 9.21361
      vertex 20.0569 -34.5 8.14662
    endloop
  endfacet
  facet normal 0 -1 0
    outer loop
      vertex 19.4769 -34.5 8.00858
      vertex 18.99 -34.5 9.06171
      vertex 18.7843 -34.5 8.97057
    endloop
  endfacet
  facet normal 0 -1 -0
    outer loop
      vertex 20.2074 -34.5 9.21361
      vertex 20.1582 -34.5 8.12936
      vertex 20.4531 -34.5 9.18323
    endloop
  endfacet
  facet normal 0 -1 0
    outer loop
      vertex 19.404 -34.5 7.94531
      vertex 18.7843 -34.5 8.97057
      vertex 18.5921 -34.5 8.85918
    endloop
  endfacet
  facet normal 0 -1 0
    outer loop
      vertex 20.2524 -34.5 8.1006
      vertex 20.4531 -34.5 9.18323
      vertex 20.1582 -34.5 8.12936
    endloop
  endfacet
  facet normal 0 -1 0
    outer loop
      vertex 19.3383 -34.5 7.87053
      vertex 18.5921 -34.5 8.85918
      vertex 18.4136 -34.5 8.72752
    endloop
  endfacet
  facet normal 0 -1 -0
    outer loop
      vertex 20.4531 -34.5 9.18323
      vertex 20.2524 -34.5 8.1006
      vertex 20.6853 -34.5 9.1326
    endloop
  endfacet
  facet normal 0 -1 0
    outer loop
      vertex 19.2797 -34.5 7.78426
      vertex 18.4136 -34.5 8.72752
      vertex 18.2486 -34.5 8.57562
    endloop
  endfacet
  facet normal 0 -1 0
    outer loop
      vertex 20.3394 -34.5 8.06035
      vertex 20.6853 -34.5 9.1326
      vertex 20.2524 -34.5 8.1006
    endloop
  endfacet
  facet normal 0 -1 0
    outer loop
      vertex 19.2797 -34.5 7.78426
      vertex 18.2486 -34.5 8.57562
      vertex 18.0971 -34.5 8.40347
    endloop
  endfacet
  facet normal 0 -1 -0
    outer loop
      vertex 20.6853 -34.5 9.1326
      vertex 20.3394 -34.5 8.06035
      vertex 20.904 -34.5 9.06171
    endloop
  endfacet
  facet normal 0 -1 0
    outer loop
      vertex 19.2282 -34.5 7.68648
      vertex 18.0971 -34.5 8.40347
      vertex 17.9605 -34.5 8.21263
    endloop
  endfacet
  facet normal 0 -1 0
    outer loop
      vertex 20.4192 -34.5 8.00858
      vertex 20.904 -34.5 9.06171
      vertex 20.3394 -34.5 8.06035
    endloop
  endfacet
  facet normal 0 -1 -0
    outer loop
      vertex 20.904 -34.5 9.06171
      vertex 20.4192 -34.5 8.00858
      vertex 21.1092 -34.5 8.97057
    endloop
  endfacet
  facet normal 0 -1 0
    outer loop
      vertex 19.9483 -34.5 9.22374
      vertex 20.0569 -34.5 8.14662
      vertex 20.2074 -34.5 9.21361
    endloop
  endfacet
  facet normal 0 -1 0
    outer loop
      vertex 19.6884 -34.5 9.21361
      vertex 19.7384 -34.5 8.12936
      vertex 19.8398 -34.5 8.14662
    endloop
  endfacet
  facet normal 0 -1 0
    outer loop
      vertex 19.442 -34.5 9.18323
      vertex 19.6441 -34.5 8.1006
      vertex 19.7384 -34.5 8.12936
    endloop
  endfacet
  facet normal 0 -1 0
    outer loop
      vertex 19.2092 -34.5 9.1326
      vertex 19.5569 -34.5 8.06035
      vertex 19.6441 -34.5 8.1006
    endloop
  endfacet
  facet normal 0 -1 0
    outer loop
      vertex 18.99 -34.5 9.06171
      vertex 19.4769 -34.5 8.00858
      vertex 19.5569 -34.5 8.06035
    endloop
  endfacet
  facet normal 0 -1 0
    outer loop
      vertex 19.1829 -34.5 7.57463
      vertex 17.9605 -34.5 8.21263
      vertex 17.8399 -34.5 8.00467
    endloop
  endfacet
  facet normal 0 -1 0
    outer loop
      vertex 18.7843 -34.5 8.97057
      vertex 19.404 -34.5 7.94531
      vertex 19.4769 -34.5 8.00858
    endloop
  endfacet
  facet normal 0 -1 0
    outer loop
      vertex 18.5921 -34.5 8.85918
      vertex 19.3383 -34.5 7.87053
      vertex 19.404 -34.5 7.94531
    endloop
  endfacet
  facet normal 0 -1 0
    outer loop
      vertex 18.4136 -34.5 8.72752
      vertex 19.2797 -34.5 7.78426
      vertex 19.3383 -34.5 7.87053
    endloop
  endfacet
  facet normal 0 -1 0
    outer loop
      vertex 19.143 -34.5 7.44618
      vertex 17.8399 -34.5 8.00467
      vertex 17.7354 -34.5 7.77956
    endloop
  endfacet
  facet normal 0 -1 0
    outer loop
      vertex 18.0971 -34.5 8.40347
      vertex 19.2282 -34.5 7.68648
      vertex 19.2797 -34.5 7.78426
    endloop
  endfacet
  facet normal 0 -1 0
    outer loop
      vertex 17.9605 -34.5 8.21263
      vertex 19.1829 -34.5 7.57463
      vertex 19.2282 -34.5 7.68648
    endloop
  endfacet
  facet normal 0 -1 0
    outer loop
      vertex 19.1084 -34.5 7.30109
      vertex 17.7354 -34.5 7.77956
      vertex 17.647 -34.5 7.53731
    endloop
  endfacet
  facet normal 0 -1 0
    outer loop
      vertex 17.8399 -34.5 8.00467
      vertex 19.143 -34.5 7.44618
      vertex 19.1829 -34.5 7.57463
    endloop
  endfacet
  facet normal 0 -1 0
    outer loop
      vertex 17.7354 -34.5 7.77956
      vertex 19.1084 -34.5 7.30109
      vertex 19.143 -34.5 7.44618
    endloop
  endfacet
  facet normal 0 -1 0
    outer loop
      vertex 19.0791 -34.5 7.13937
      vertex 17.647 -34.5 7.53731
      vertex 17.5747 -34.5 7.27794
    endloop
  endfacet
  facet normal 0 -1 0
    outer loop
      vertex 17.647 -34.5 7.53731
      vertex 19.0791 -34.5 7.13937
      vertex 19.1084 -34.5 7.30109
    endloop
  endfacet
  facet normal 0 -1 0
    outer loop
      vertex 19.0551 -34.5 6.96101
      vertex 17.5747 -34.5 7.27794
      vertex 17.5184 -34.5 7.00142
    endloop
  endfacet
  facet normal 0 -1 0
    outer loop
      vertex 17.5747 -34.5 7.27794
      vertex 19.0551 -34.5 6.96101
      vertex 19.0791 -34.5 7.13937
    endloop
  endfacet
  facet normal 0 -1 0
    outer loop
      vertex 17.5184 -34.5 7.00142
      vertex 19.0365 -34.5 6.76605
      vertex 19.0551 -34.5 6.96101
    endloop
  endfacet
  facet normal 0 -1 0
    outer loop
      vertex 17.4783 -34.5 6.70776
      vertex 19.0365 -34.5 6.76605
      vertex 17.5184 -34.5 7.00142
    endloop
  endfacet
  facet normal 0 -1 0
    outer loop
      vertex 17.4783 -34.5 6.70776
      vertex 19.0232 -34.5 6.55444
      vertex 19.0365 -34.5 6.76605
    endloop
  endfacet
  facet normal 0 -1 0
    outer loop
      vertex 17.4541 -34.5 6.39697
      vertex 19.0232 -34.5 6.55444
      vertex 17.4783 -34.5 6.70776
    endloop
  endfacet
  facet normal 0 -1 0
    outer loop
      vertex 17.4541 -34.5 6.39697
      vertex 19.0152 -34.5 6.32622
      vertex 19.0232 -34.5 6.55444
    endloop
  endfacet
  facet normal 0 -1 0
    outer loop
      vertex 17.4541 -34.5 6.39697
      vertex 19.0125 -34.5 6.08136
      vertex 19.0152 -34.5 6.32622
    endloop
  endfacet
  facet normal 0 -1 0
    outer loop
      vertex 17.4461 -34.5 6.06905
      vertex 19.0125 -34.5 6.08136
      vertex 17.4541 -34.5 6.39697
    endloop
  endfacet
  facet normal 0 -1 0
    outer loop
      vertex 17.4461 -34.5 6.06905
      vertex 19.0152 -34.5 5.83389
      vertex 19.0125 -34.5 6.08136
    endloop
  endfacet
  facet normal 0 -1 0
    outer loop
      vertex 17.4541 -34.5 5.742
      vertex 19.0152 -34.5 5.83389
      vertex 17.4461 -34.5 6.06905
    endloop
  endfacet
  facet normal 0 -1 0
    outer loop
      vertex 17.4541 -34.5 5.742
      vertex 19.0232 -34.5 5.60318
      vertex 19.0152 -34.5 5.83389
    endloop
  endfacet
  facet normal 0 -1 0
    outer loop
      vertex 17.4783 -34.5 5.43196
      vertex 19.0232 -34.5 5.60318
      vertex 17.4541 -34.5 5.742
    endloop
  endfacet
  facet normal 0 -1 0
    outer loop
      vertex 17.4783 -34.5 5.43196
      vertex 19.0365 -34.5 5.38925
      vertex 19.0232 -34.5 5.60318
    endloop
  endfacet
  facet normal 0 -1 0
    outer loop
      vertex 17.5184 -34.5 5.13896
      vertex 19.0365 -34.5 5.38925
      vertex 17.4783 -34.5 5.43196
    endloop
  endfacet
  facet normal 0 -1 -0
    outer loop
      vertex 19.0365 -34.5 5.38925
      vertex 17.5184 -34.5 5.13896
      vertex 19.0551 -34.5 5.19209
    endloop
  endfacet
  facet normal 0 -1 0
    outer loop
      vertex 17.5747 -34.5 4.86299
      vertex 19.0551 -34.5 5.19209
      vertex 17.5184 -34.5 5.13896
    endloop
  endfacet
  facet normal 0 -1 -0
    outer loop
      vertex 19.0551 -34.5 5.19209
      vertex 17.5747 -34.5 4.86299
      vertex 19.0791 -34.5 5.01172
    endloop
  endfacet
  facet normal 0 -1 0
    outer loop
      vertex 17.647 -34.5 4.60406
      vertex 19.0791 -34.5 5.01172
      vertex 17.5747 -34.5 4.86299
    endloop
  endfacet
  facet normal 0 -1 -0
    outer loop
      vertex 19.0791 -34.5 5.01172
      vertex 17.647 -34.5 4.60406
      vertex 19.1084 -34.5 4.84811
    endloop
  endfacet
  facet normal 0 -1 0
    outer loop
      vertex 17.7354 -34.5 4.36217
      vertex 19.1084 -34.5 4.84811
      vertex 17.647 -34.5 4.60406
    endloop
  endfacet
  facet normal 0 -1 -0
    outer loop
      vertex 19.1084 -34.5 4.84811
      vertex 17.7354 -34.5 4.36217
      vertex 19.143 -34.5 4.70128
    endloop
  endfacet
  facet normal 0 -1 0
    outer loop
      vertex 17.8399 -34.5 4.1373
      vertex 19.143 -34.5 4.70128
      vertex 17.7354 -34.5 4.36217
    endloop
  endfacet
  facet normal 0 -1 -0
    outer loop
      vertex 19.143 -34.5 4.70128
      vertex 17.8399 -34.5 4.1373
      vertex 19.1829 -34.5 4.57123
    endloop
  endfacet
  facet normal 0 -1 0
    outer loop
      vertex 17.9605 -34.5 3.92946
      vertex 19.1829 -34.5 4.57123
      vertex 17.8399 -34.5 4.1373
    endloop
  endfacet
  facet normal 0 -1 -0
    outer loop
      vertex 19.1829 -34.5 4.57123
      vertex 17.9605 -34.5 3.92946
      vertex 19.2282 -34.5 4.45795
    endloop
  endfacet
  facet normal 0 -1 0
    outer loop
      vertex 18.0971 -34.5 3.73866
      vertex 19.2282 -34.5 4.45795
      vertex 17.9605 -34.5 3.92946
    endloop
  endfacet
  facet normal 0 -1 -0
    outer loop
      vertex 19.2282 -34.5 4.45795
      vertex 18.0971 -34.5 3.73866
      vertex 19.2797 -34.5 4.35889
    endloop
  endfacet
  facet normal 0 -1 0
    outer loop
      vertex 18.2486 -34.5 3.56653
      vertex 19.2797 -34.5 4.35889
      vertex 18.0971 -34.5 3.73866
    endloop
  endfacet
  facet normal 0 -1 0
    outer loop
      vertex 18.4136 -34.5 3.41464
      vertex 19.2797 -34.5 4.35889
      vertex 18.2486 -34.5 3.56653
    endloop
  endfacet
  facet normal 0 -1 -0
    outer loop
      vertex 19.2797 -34.5 4.35889
      vertex 18.4136 -34.5 3.41464
      vertex 19.3383 -34.5 4.2715
    endloop
  endfacet
  facet normal 0 -1 0
    outer loop
      vertex 18.5921 -34.5 3.283
      vertex 19.3383 -34.5 4.2715
      vertex 18.4136 -34.5 3.41464
    endloop
  endfacet
  facet normal 0 -1 -0
    outer loop
      vertex 19.3383 -34.5 4.2715
      vertex 18.5921 -34.5 3.283
      vertex 19.404 -34.5 4.19576
    endloop
  endfacet
  facet normal 0 -1 -0
    outer loop
      vertex 19.404 -34.5 4.19576
      vertex 18.7843 -34.5 3.17162
      vertex 19.4769 -34.5 4.13165
    endloop
  endfacet
  facet normal 0 -1 0
    outer loop
      vertex 18.7843 -34.5 3.17162
      vertex 19.404 -34.5 4.19576
      vertex 18.5921 -34.5 3.283
    endloop
  endfacet
  facet normal 0 -1 0
    outer loop
      vertex 20.4918 -34.5 7.94531
      vertex 21.1092 -34.5 8.97057
      vertex 20.4192 -34.5 8.00858
    endloop
  endfacet
  facet normal 0 -1 -0
    outer loop
      vertex 21.1092 -34.5 8.97057
      vertex 20.4918 -34.5 7.94531
      vertex 21.301 -34.5 8.85918
    endloop
  endfacet
  facet normal 0 -1 0
    outer loop
      vertex 20.5572 -34.5 7.87053
      vertex 21.301 -34.5 8.85918
      vertex 20.4918 -34.5 7.94531
    endloop
  endfacet
  facet normal 0 -1 -0
    outer loop
      vertex 21.301 -34.5 8.85918
      vertex 20.5572 -34.5 7.87053
      vertex 21.4793 -34.5 8.72752
    endloop
  endfacet
  facet normal 0 -1 0
    outer loop
      vertex 20.6154 -34.5 7.78426
      vertex 21.4793 -34.5 8.72752
      vertex 20.5572 -34.5 7.87053
    endloop
  endfacet
  facet normal 0 -1 -0
    outer loop
      vertex 21.4793 -34.5 8.72752
      vertex 20.6154 -34.5 7.78426
      vertex 21.6442 -34.5 8.57562
    endloop
  endfacet
  facet normal 0 -1 -0
    outer loop
      vertex 21.6442 -34.5 8.57562
      vertex 20.6154 -34.5 7.78426
      vertex 21.7956 -34.5 8.40347
    endloop
  endfacet
  facet normal 0 -1 0
    outer loop
      vertex 20.6665 -34.5 7.68648
      vertex 21.7956 -34.5 8.40347
      vertex 20.6154 -34.5 7.78426
    endloop
  endfacet
  facet normal 0 -1 -0
    outer loop
      vertex 21.7956 -34.5 8.40347
      vertex 20.6665 -34.5 7.68648
      vertex 21.9322 -34.5 8.21263
    endloop
  endfacet
  facet normal 0 -1 0
    outer loop
      vertex 20.7113 -34.5 7.57463
      vertex 21.9322 -34.5 8.21263
      vertex 20.6665 -34.5 7.68648
    endloop
  endfacet
  facet normal 0 -1 -0
    outer loop
      vertex 21.9322 -34.5 8.21263
      vertex 20.7113 -34.5 7.57463
      vertex 22.0527 -34.5 8.00467
    endloop
  endfacet
  facet normal 0 -1 0
    outer loop
      vertex 20.7509 -34.5 7.44618
      vertex 22.0527 -34.5 8.00467
      vertex 20.7113 -34.5 7.57463
    endloop
  endfacet
  facet normal 0 -1 -0
    outer loop
      vertex 22.0527 -34.5 8.00467
      vertex 20.7509 -34.5 7.44618
      vertex 22.1572 -34.5 7.77956
    endloop
  endfacet
  facet normal 0 -1 0
    outer loop
      vertex 20.7852 -34.5 7.30109
      vertex 22.1572 -34.5 7.77956
      vertex 20.7509 -34.5 7.44618
    endloop
  endfacet
  facet normal 0 -1 -0
    outer loop
      vertex 22.1572 -34.5 7.77956
      vertex 20.7852 -34.5 7.30109
      vertex 22.2457 -34.5 7.53731
    endloop
  endfacet
  facet normal 0 -1 0
    outer loop
      vertex 20.8142 -34.5 7.13937
      vertex 22.2457 -34.5 7.53731
      vertex 20.7852 -34.5 7.30109
    endloop
  endfacet
  facet normal 0 -1 -0
    outer loop
      vertex 22.2457 -34.5 7.53731
      vertex 20.8142 -34.5 7.13937
      vertex 22.318 -34.5 7.27794
    endloop
  endfacet
  facet normal 0 -1 0
    outer loop
      vertex 20.8379 -34.5 6.96101
      vertex 22.318 -34.5 7.27794
      vertex 20.8142 -34.5 7.13937
    endloop
  endfacet
  facet normal 0 -1 -0
    outer loop
      vertex 22.318 -34.5 7.27794
      vertex 20.8379 -34.5 6.96101
      vertex 22.3742 -34.5 7.00142
    endloop
  endfacet
  facet normal 0 -1 0
    outer loop
      vertex 20.8564 -34.5 6.76605
      vertex 22.3742 -34.5 7.00142
      vertex 20.8379 -34.5 6.96101
    endloop
  endfacet
  facet normal 0 -1 0
    outer loop
      vertex 20.8564 -34.5 6.76605
      vertex 22.4144 -34.5 6.70776
      vertex 22.3742 -34.5 7.00142
    endloop
  endfacet
  facet normal 0 -1 0
    outer loop
      vertex 20.8695 -34.5 6.55444
      vertex 22.4144 -34.5 6.70776
      vertex 20.8564 -34.5 6.76605
    endloop
  endfacet
  facet normal 0 -1 0
    outer loop
      vertex 20.8695 -34.5 6.55444
      vertex 22.4385 -34.5 6.39697
      vertex 22.4144 -34.5 6.70776
    endloop
  endfacet
  facet normal 0 -1 0
    outer loop
      vertex 20.8775 -34.5 6.32622
      vertex 22.4385 -34.5 6.39697
      vertex 20.8695 -34.5 6.55444
    endloop
  endfacet
  facet normal 0 -1 0
    outer loop
      vertex 20.8801 -34.5 6.08136
      vertex 22.4385 -34.5 6.39697
      vertex 20.8775 -34.5 6.32622
    endloop
  endfacet
  facet normal 0 -1 0
    outer loop
      vertex 20.8801 -34.5 6.08136
      vertex 22.4466 -34.5 6.06905
      vertex 22.4385 -34.5 6.39697
    endloop
  endfacet
  facet normal 0 -1 0
    outer loop
      vertex 20.8774 -34.5 5.83389
      vertex 22.4466 -34.5 6.06905
      vertex 20.8801 -34.5 6.08136
    endloop
  endfacet
  facet normal 0 -1 0
    outer loop
      vertex 20.8774 -34.5 5.83389
      vertex 22.4385 -34.5 5.742
      vertex 22.4466 -34.5 6.06905
    endloop
  endfacet
  facet normal 0 -1 0
    outer loop
      vertex 20.8694 -34.5 5.60318
      vertex 22.4385 -34.5 5.742
      vertex 20.8774 -34.5 5.83389
    endloop
  endfacet
  facet normal 0 -1 0
    outer loop
      vertex 20.8694 -34.5 5.60318
      vertex 22.4144 -34.5 5.43196
      vertex 22.4385 -34.5 5.742
    endloop
  endfacet
  facet normal 0 -1 0
    outer loop
      vertex 20.8561 -34.5 5.38925
      vertex 22.4144 -34.5 5.43196
      vertex 20.8694 -34.5 5.60318
    endloop
  endfacet
  facet normal 0 -1 0
    outer loop
      vertex 22.3742 -34.5 5.13896
      vertex 20.8561 -34.5 5.38925
      vertex 20.8375 -34.5 5.19209
    endloop
  endfacet
  facet normal 0 -1 0
    outer loop
      vertex 20.8561 -34.5 5.38925
      vertex 22.3742 -34.5 5.13896
      vertex 22.4144 -34.5 5.43196
    endloop
  endfacet
  facet normal 0 -1 0
    outer loop
      vertex 22.318 -34.5 4.86299
      vertex 20.8375 -34.5 5.19209
      vertex 20.8135 -34.5 5.01172
    endloop
  endfacet
  facet normal 0 -1 0
    outer loop
      vertex 20.8375 -34.5 5.19209
      vertex 22.318 -34.5 4.86299
      vertex 22.3742 -34.5 5.13896
    endloop
  endfacet
  facet normal 0 -1 0
    outer loop
      vertex 22.2457 -34.5 4.60406
      vertex 20.8135 -34.5 5.01172
      vertex 20.7843 -34.5 4.84811
    endloop
  endfacet
  facet normal 0 -1 0
    outer loop
      vertex 22.1572 -34.5 4.36217
      vertex 20.7843 -34.5 4.84811
      vertex 20.7496 -34.5 4.70128
    endloop
  endfacet
  facet normal 0 -1 0
    outer loop
      vertex 20.8135 -34.5 5.01172
      vertex 22.2457 -34.5 4.60406
      vertex 22.318 -34.5 4.86299
    endloop
  endfacet
  facet normal 0 -1 0
    outer loop
      vertex 22.0527 -34.5 4.1373
      vertex 20.7496 -34.5 4.70128
      vertex 20.7097 -34.5 4.57123
    endloop
  endfacet
  facet normal 0 -1 0
    outer loop
      vertex 21.9322 -34.5 3.92946
      vertex 20.7097 -34.5 4.57123
      vertex 20.6644 -34.5 4.45795
    endloop
  endfacet
  facet normal 0 -1 0
    outer loop
      vertex 20.7843 -34.5 4.84811
      vertex 22.1572 -34.5 4.36217
      vertex 22.2457 -34.5 4.60406
    endloop
  endfacet
  facet normal 0 -1 0
    outer loop
      vertex 21.7956 -34.5 3.73866
      vertex 20.6644 -34.5 4.45795
      vertex 20.613 -34.5 4.35889
    endloop
  endfacet
  facet normal 0 -1 0
    outer loop
      vertex 21.4793 -34.5 3.41464
      vertex 20.613 -34.5 4.35889
      vertex 20.5546 -34.5 4.2715
    endloop
  endfacet
  facet normal 0 -1 0
    outer loop
      vertex 21.301 -34.5 3.283
      vertex 20.5546 -34.5 4.2715
      vertex 20.489 -34.5 4.19576
    endloop
  endfacet
  facet normal 0 -1 0
    outer loop
      vertex 20.7496 -34.5 4.70128
      vertex 22.0527 -34.5 4.1373
      vertex 22.1572 -34.5 4.36217
    endloop
  endfacet
  facet normal 0 -1 0
    outer loop
      vertex 21.1092 -34.5 3.17162
      vertex 20.489 -34.5 4.19576
      vertex 20.4165 -34.5 4.13165
    endloop
  endfacet
  facet normal 0 -1 0
    outer loop
      vertex 20.904 -34.5 3.08047
      vertex 20.4165 -34.5 4.13165
      vertex 20.3369 -34.5 4.07921
    endloop
  endfacet
  facet normal 0 -1 0
    outer loop
      vertex 20.6853 -34.5 3.0096
      vertex 20.3369 -34.5 4.07921
      vertex 20.2504 -34.5 4.03842
    endloop
  endfacet
  facet normal 0 -1 0
    outer loop
      vertex 20.4531 -34.5 2.95897
      vertex 20.2504 -34.5 4.03842
      vertex 20.1567 -34.5 4.00929
    endloop
  endfacet
  facet normal 0 -1 0
    outer loop
      vertex 20.2074 -34.5 2.92859
      vertex 20.1567 -34.5 4.00929
      vertex 20.056 -34.5 3.99182
    endloop
  endfacet
  facet normal 0 -1 0
    outer loop
      vertex 20.7097 -34.5 4.57123
      vertex 21.9322 -34.5 3.92946
      vertex 22.0527 -34.5 4.1373
    endloop
  endfacet
  facet normal 0 -1 0
    outer loop
      vertex 19.9483 -34.5 2.91847
      vertex 20.056 -34.5 3.99182
      vertex 19.9483 -34.5 3.98599
    endloop
  endfacet
  facet normal 0 -1 0
    outer loop
      vertex 18.99 -34.5 3.08047
      vertex 19.4769 -34.5 4.13165
      vertex 18.7843 -34.5 3.17162
    endloop
  endfacet
  facet normal 0 -1 -0
    outer loop
      vertex 19.4769 -34.5 4.13165
      vertex 18.99 -34.5 3.08047
      vertex 19.5569 -34.5 4.07921
    endloop
  endfacet
  facet normal 0 -1 -0
    outer loop
      vertex 20.056 -34.5 3.99182
      vertex 19.9483 -34.5 2.91847
      vertex 20.2074 -34.5 2.92859
    endloop
  endfacet
  facet normal 0 -1 0
    outer loop
      vertex 19.2092 -34.5 3.0096
      vertex 19.5569 -34.5 4.07921
      vertex 18.99 -34.5 3.08047
    endloop
  endfacet
  facet normal 0 -1 0
    outer loop
      vertex 20.1567 -34.5 4.00929
      vertex 20.2074 -34.5 2.92859
      vertex 20.4531 -34.5 2.95897
    endloop
  endfacet
  facet normal 0 -1 -0
    outer loop
      vertex 19.5569 -34.5 4.07921
      vertex 19.2092 -34.5 3.0096
      vertex 19.6441 -34.5 4.03842
    endloop
  endfacet
  facet normal 0 -1 0
    outer loop
      vertex 20.6644 -34.5 4.45795
      vertex 21.7956 -34.5 3.73866
      vertex 21.9322 -34.5 3.92946
    endloop
  endfacet
  facet normal 0 -1 0
    outer loop
      vertex 19.442 -34.5 2.95897
      vertex 19.6441 -34.5 4.03842
      vertex 19.2092 -34.5 3.0096
    endloop
  endfacet
  facet normal 0 -1 0
    outer loop
      vertex 20.613 -34.5 4.35889
      vertex 21.6442 -34.5 3.56653
      vertex 21.7956 -34.5 3.73866
    endloop
  endfacet
  facet normal 0 -1 -0
    outer loop
      vertex 19.6441 -34.5 4.03842
      vertex 19.442 -34.5 2.95897
      vertex 19.7384 -34.5 4.00929
    endloop
  endfacet
  facet normal 0 -1 0
    outer loop
      vertex 19.8398 -34.5 3.99182
      vertex 19.9483 -34.5 2.91847
      vertex 19.9483 -34.5 3.98599
    endloop
  endfacet
  facet normal 0 -1 0
    outer loop
      vertex 19.6884 -34.5 2.92859
      vertex 19.7384 -34.5 4.00929
      vertex 19.442 -34.5 2.95897
    endloop
  endfacet
  facet normal 0 -1 0
    outer loop
      vertex 20.613 -34.5 4.35889
      vertex 21.4793 -34.5 3.41464
      vertex 21.6442 -34.5 3.56653
    endloop
  endfacet
  facet normal 0 -1 -0
    outer loop
      vertex 19.7384 -34.5 4.00929
      vertex 19.6884 -34.5 2.92859
      vertex 19.8398 -34.5 3.99182
    endloop
  endfacet
  facet normal 0 -1 0
    outer loop
      vertex 20.5546 -34.5 4.2715
      vertex 21.301 -34.5 3.283
      vertex 21.4793 -34.5 3.41464
    endloop
  endfacet
  facet normal 0 -1 0
    outer loop
      vertex 19.9483 -34.5 2.91847
      vertex 19.8398 -34.5 3.99182
      vertex 19.6884 -34.5 2.92859
    endloop
  endfacet
  facet normal 0 -1 0
    outer loop
      vertex 20.489 -34.5 4.19576
      vertex 21.1092 -34.5 3.17162
      vertex 21.301 -34.5 3.283
    endloop
  endfacet
  facet normal 0 -1 0
    outer loop
      vertex 20.3369 -34.5 4.07921
      vertex 20.6853 -34.5 3.0096
      vertex 20.904 -34.5 3.08047
    endloop
  endfacet
  facet normal 0 -1 0
    outer loop
      vertex 20.2504 -34.5 4.03842
      vertex 20.4531 -34.5 2.95897
      vertex 20.6853 -34.5 3.0096
    endloop
  endfacet
  facet normal 0 -1 0
    outer loop
      vertex 20.4165 -34.5 4.13165
      vertex 20.904 -34.5 3.08047
      vertex 21.1092 -34.5 3.17162
    endloop
  endfacet
  facet normal 0 -1 0
    outer loop
      vertex 34.0812 -34.5 8.04485
      vertex 34.8664 -34.5 9.11237
      vertex 32.5147 -34.5 9.11237
    endloop
  endfacet
  facet normal 0 -1 0
    outer loop
      vertex 34.9479 -34.5 8.04485
      vertex 34.8664 -34.5 9.11237
      vertex 34.0812 -34.5 8.04485
    endloop
  endfacet
  facet normal 0 -1 0
    outer loop
      vertex 34.8664 -34.5 9.11237
      vertex 34.9479 -34.5 8.04485
      vertex 35.139 -34.5 9.10765
    endloop
  endfacet
  facet normal 0 -1 0
    outer loop
      vertex 35.0279 -34.5 8.04282
      vertex 35.139 -34.5 9.10765
      vertex 34.9479 -34.5 8.04485
    endloop
  endfacet
  facet normal 0 -1 0
    outer loop
      vertex 35.1036 -34.5 8.03673
      vertex 35.139 -34.5 9.10765
      vertex 35.0279 -34.5 8.04282
    endloop
  endfacet
  facet normal 0 -1 0
    outer loop
      vertex 35.1748 -34.5 8.02658
      vertex 35.139 -34.5 9.10765
      vertex 35.1036 -34.5 8.03673
    endloop
  endfacet
  facet normal 0 -1 0
    outer loop
      vertex 35.139 -34.5 9.10765
      vertex 35.1748 -34.5 8.02658
      vertex 35.3944 -34.5 9.09349
    endloop
  endfacet
  facet normal 0 -1 0
    outer loop
      vertex 35.304 -34.5 7.99411
      vertex 35.3944 -34.5 9.09349
      vertex 35.2416 -34.5 8.01237
    endloop
  endfacet
  facet normal 0 -1 -0
    outer loop
      vertex 35.3944 -34.5 9.09349
      vertex 35.304 -34.5 7.99411
      vertex 35.6325 -34.5 9.06989
    endloop
  endfacet
  facet normal 0 -1 0
    outer loop
      vertex 35.362 -34.5 7.97179
      vertex 35.6325 -34.5 9.06989
      vertex 35.304 -34.5 7.99411
    endloop
  endfacet
  facet normal 0 -1 0
    outer loop
      vertex 35.4155 -34.5 7.9454
      vertex 35.6325 -34.5 9.06989
      vertex 35.362 -34.5 7.97179
    endloop
  endfacet
  facet normal 0 -1 0
    outer loop
      vertex 35.4646 -34.5 7.91496
      vertex 35.8534 -34.5 9.03685
      vertex 35.4155 -34.5 7.9454
    endloop
  endfacet
  facet normal 0 -1 -0
    outer loop
      vertex 35.8534 -34.5 9.03685
      vertex 35.4646 -34.5 7.91496
      vertex 36.0571 -34.5 8.99437
    endloop
  endfacet
  facet normal 0 -1 -0
    outer loop
      vertex 36.0571 -34.5 8.99437
      vertex 35.5093 -34.5 7.88045
      vertex 36.2435 -34.5 8.94246
    endloop
  endfacet
  facet normal 0 -1 0
    outer loop
      vertex 35.2416 -34.5 8.01237
      vertex 35.3944 -34.5 9.09349
      vertex 35.1748 -34.5 8.02658
    endloop
  endfacet
  facet normal 0 -1 0
    outer loop
      vertex 32.5147 -34.5 9.11237
      vertex 34.0812 -34.5 6.7623
      vertex 34.0812 -34.5 8.04485
    endloop
  endfacet
  facet normal 0 -1 0
    outer loop
      vertex 34.0812 -34.5 5.69479
      vertex 34.9479 -34.5 6.7623
      vertex 34.0812 -34.5 6.7623
    endloop
  endfacet
  facet normal 0 -1 0
    outer loop
      vertex 34.9479 -34.5 6.7623
      vertex 36.4573 -34.5 6.28967
      vertex 37.0595 -34.5 6.75131
    endloop
  endfacet
  facet normal 0 -1 0
    outer loop
      vertex 37.0595 -34.5 6.75131
      vertex 36.4573 -34.5 6.28967
      vertex 37.0111 -34.5 6.68414
    endloop
  endfacet
  facet normal 0 -1 0
    outer loop
      vertex 37.0111 -34.5 6.68414
      vertex 36.4573 -34.5 6.28967
      vertex 36.958 -34.5 6.62096
    endloop
  endfacet
  facet normal 0 -1 0
    outer loop
      vertex 36.958 -34.5 6.62096
      vertex 36.4573 -34.5 6.28967
      vertex 36.9004 -34.5 6.56172
    endloop
  endfacet
  facet normal 0 -1 0
    outer loop
      vertex 36.9004 -34.5 6.56172
      vertex 36.4573 -34.5 6.28967
      vertex 36.8381 -34.5 6.50647
    endloop
  endfacet
  facet normal 0 -1 0
    outer loop
      vertex 36.8381 -34.5 6.50647
      vertex 36.4573 -34.5 6.28967
      vertex 36.7712 -34.5 6.45517
    endloop
  endfacet
  facet normal 0 -1 0
    outer loop
      vertex 36.7712 -34.5 6.45517
      vertex 36.4573 -34.5 6.28967
      vertex 36.6997 -34.5 6.40785
    endloop
  endfacet
  facet normal 0 -1 0
    outer loop
      vertex 36.6997 -34.5 6.40785
      vertex 36.4573 -34.5 6.28967
      vertex 36.6235 -34.5 6.36449
    endloop
  endfacet
  facet normal 0 -1 0
    outer loop
      vertex 36.6235 -34.5 6.36449
      vertex 36.4573 -34.5 6.28967
      vertex 36.5427 -34.5 6.32509
    endloop
  endfacet
  facet normal 0 -1 0
    outer loop
      vertex 35.2914 -34.5 5.67287
      vertex 34.9479 -34.5 6.7623
      vertex 35.2004 -34.5 5.68504
    endloop
  endfacet
  facet normal 0 -1 0
    outer loop
      vertex 35.4556 -34.5 5.63391
      vertex 34.9479 -34.5 6.7623
      vertex 35.3764 -34.5 5.65584
    endloop
  endfacet
  facet normal 0 -1 0
    outer loop
      vertex 34.9479 -34.5 6.7623
      vertex 35.4556 -34.5 5.63391
      vertex 36.4573 -34.5 6.28967
    endloop
  endfacet
  facet normal 0 -1 0
    outer loop
      vertex 35.5287 -34.5 5.60713
      vertex 36.4573 -34.5 6.28967
      vertex 35.4556 -34.5 5.63391
    endloop
  endfacet
  facet normal 0 -1 0
    outer loop
      vertex 35.6573 -34.5 5.53896
      vertex 36.4573 -34.5 6.28967
      vertex 35.596 -34.5 5.57549
    endloop
  endfacet
  facet normal 0 -1 0
    outer loop
      vertex 35.7127 -34.5 5.49757
      vertex 36.4573 -34.5 6.28967
      vertex 35.6573 -34.5 5.53896
    endloop
  endfacet
  facet normal 0 -1 0
    outer loop
      vertex 35.7623 -34.5 5.45132
      vertex 36.4573 -34.5 6.28967
      vertex 35.7127 -34.5 5.49757
    endloop
  endfacet
  facet normal 0 -1 0
    outer loop
      vertex 35.8439 -34.5 5.34421
      vertex 36.4573 -34.5 6.28967
      vertex 35.806 -34.5 5.40021
    endloop
  endfacet
  facet normal 0 -1 -0
    outer loop
      vertex 36.4573 -34.5 6.28967
      vertex 35.8439 -34.5 5.34421
      vertex 36.5667 -34.5 6.25404
    endloop
  endfacet
  facet normal 0 -1 -0
    outer loop
      vertex 34.9479 -34.5 6.7623
      vertex 34.0812 -34.5 5.69479
      vertex 35.0007 -34.5 5.69479
    endloop
  endfacet
  facet normal 0 -1 0
    outer loop
      vertex 32.5147 -34.5 9.11237
      vertex 34.0812 -34.5 5.69479
      vertex 34.0812 -34.5 6.7623
    endloop
  endfacet
  facet normal 0 -1 0
    outer loop
      vertex 32.5147 -34.5 3.03751
      vertex 34.0812 -34.5 5.69479
      vertex 32.5147 -34.5 9.11237
    endloop
  endfacet
  facet normal 0 -1 0
    outer loop
      vertex 35.1147 -34.5 3.03751
      vertex 35.0007 -34.5 4.10503
      vertex 34.0812 -34.5 4.10503
    endloop
  endfacet
  facet normal -0 -1 0
    outer loop
      vertex 36.4564 -34.5 3.22926
      vertex 35.0007 -34.5 4.10503
      vertex 36.271 -34.5 3.17067
    endloop
  endfacet
  facet normal -0 -1 0
    outer loop
      vertex 36.6266 -34.5 3.29851
      vertex 35.0007 -34.5 4.10503
      vertex 36.4564 -34.5 3.22926
    endloop
  endfacet
  facet normal -0 -1 0
    outer loop
      vertex 36.7815 -34.5 3.37842
      vertex 35.0007 -34.5 4.10503
      vertex 36.6266 -34.5 3.29851
    endloop
  endfacet
  facet normal -0 -1 0
    outer loop
      vertex 37.0458 -34.5 3.57037
      vertex 35.0007 -34.5 4.10503
      vertex 36.9211 -34.5 3.46896
    endloop
  endfacet
  facet normal 0 -1 0
    outer loop
      vertex 35.0007 -34.5 4.10503
      vertex 37.3318 -34.5 3.94093
      vertex 37.3979 -34.5 4.08655
    endloop
  endfacet
  facet normal 0 -1 0
    outer loop
      vertex 35.0007 -34.5 4.10503
      vertex 37.0458 -34.5 3.57037
      vertex 37.1558 -34.5 3.68283
    endloop
  endfacet
  facet normal 0 -1 0
    outer loop
      vertex 35.0007 -34.5 4.10503
      vertex 37.1558 -34.5 3.68283
      vertex 37.2512 -34.5 3.80635
    endloop
  endfacet
  facet normal 0 -1 0
    outer loop
      vertex 35.0007 -34.5 4.10503
      vertex 37.2512 -34.5 3.80635
      vertex 37.3318 -34.5 3.94093
    endloop
  endfacet
  facet normal -0 -1 0
    outer loop
      vertex 36.9211 -34.5 3.46896
      vertex 35.0007 -34.5 4.10503
      vertex 36.7815 -34.5 3.37842
    endloop
  endfacet
  facet normal 0 -1 0
    outer loop
      vertex 35.0007 -34.5 4.10503
      vertex 36.0703 -34.5 3.12274
      vertex 36.271 -34.5 3.17067
    endloop
  endfacet
  facet normal 0 -1 0
    outer loop
      vertex 35.0007 -34.5 4.10503
      vertex 35.8543 -34.5 3.08545
      vertex 36.0703 -34.5 3.12274
    endloop
  endfacet
  facet normal 0 -1 0
    outer loop
      vertex 35.0007 -34.5 4.10503
      vertex 35.623 -34.5 3.05881
      vertex 35.8543 -34.5 3.08545
    endloop
  endfacet
  facet normal 0 -1 0
    outer loop
      vertex 35.0007 -34.5 4.10503
      vertex 35.3765 -34.5 3.04283
      vertex 35.623 -34.5 3.05881
    endloop
  endfacet
  facet normal 0 -1 -0
    outer loop
      vertex 34.0812 -34.5 5.69479
      vertex 32.5147 -34.5 3.03751
      vertex 34.0812 -34.5 4.10503
    endloop
  endfacet
  facet normal 0 -1 0
    outer loop
      vertex 35.1147 -34.5 3.03751
      vertex 34.0812 -34.5 4.10503
      vertex 32.5147 -34.5 3.03751
    endloop
  endfacet
  facet normal 0 -1 0
    outer loop
      vertex 35.0007 -34.5 4.10503
      vertex 35.1147 -34.5 3.03751
      vertex 35.3765 -34.5 3.04283
    endloop
  endfacet
  facet normal 0 -1 -0
    outer loop
      vertex 35.6325 -34.5 9.06989
      vertex 35.4155 -34.5 7.9454
      vertex 35.8534 -34.5 9.03685
    endloop
  endfacet
  facet normal 0 -1 0
    outer loop
      vertex 35.5093 -34.5 7.88045
      vertex 36.0571 -34.5 8.99437
      vertex 35.4646 -34.5 7.91496
    endloop
  endfacet
  facet normal 0 -1 0
    outer loop
      vertex 35.5495 -34.5 7.8421
      vertex 36.2435 -34.5 8.94246
      vertex 35.5093 -34.5 7.88045
    endloop
  endfacet
  facet normal 0 -1 -0
    outer loop
      vertex 36.2435 -34.5 8.94246
      vertex 35.5495 -34.5 7.8421
      vertex 36.4127 -34.5 8.88109
    endloop
  endfacet
  facet normal 0 -1 0
    outer loop
      vertex 35.5849 -34.5 7.80009
      vertex 36.4127 -34.5 8.88109
      vertex 35.5495 -34.5 7.8421
    endloop
  endfacet
  facet normal 0 -1 -0
    outer loop
      vertex 36.4127 -34.5 8.88109
      vertex 35.5849 -34.5 7.80009
      vertex 36.5647 -34.5 8.81029
    endloop
  endfacet
  facet normal 0 -1 0
    outer loop
      vertex 35.6156 -34.5 7.75443
      vertex 36.5647 -34.5 8.81029
      vertex 35.5849 -34.5 7.80009
    endloop
  endfacet
  facet normal 0 -1 -0
    outer loop
      vertex 36.5647 -34.5 8.81029
      vertex 35.6156 -34.5 7.75443
      vertex 36.6994 -34.5 8.73006
    endloop
  endfacet
  facet normal 0 -1 -0
    outer loop
      vertex 36.6994 -34.5 8.73006
      vertex 35.6156 -34.5 7.75443
      vertex 36.8186 -34.5 8.63942
    endloop
  endfacet
  facet normal 0 -1 0
    outer loop
      vertex 35.6415 -34.5 7.70509
      vertex 36.8186 -34.5 8.63942
      vertex 35.6156 -34.5 7.75443
    endloop
  endfacet
  facet normal 0 -1 -0
    outer loop
      vertex 36.8186 -34.5 8.63942
      vertex 35.6415 -34.5 7.70509
      vertex 36.9237 -34.5 8.53743
    endloop
  endfacet
  facet normal 0 -1 -0
    outer loop
      vertex 36.9237 -34.5 8.53743
      vertex 35.6415 -34.5 7.70509
      vertex 37.0148 -34.5 8.4241
    endloop
  endfacet
  facet normal 0 -1 0
    outer loop
      vertex 35.6628 -34.5 7.65211
      vertex 37.0148 -34.5 8.4241
      vertex 35.6415 -34.5 7.70509
    endloop
  endfacet
  facet normal 0 -1 -0
    outer loop
      vertex 37.0148 -34.5 8.4241
      vertex 35.6628 -34.5 7.65211
      vertex 37.0919 -34.5 8.29942
    endloop
  endfacet
  facet normal 0 -1 -0
    outer loop
      vertex 37.0919 -34.5 8.29942
      vertex 35.6628 -34.5 7.65211
      vertex 37.1549 -34.5 8.16341
    endloop
  endfacet
  facet normal 0 -1 -0
    outer loop
      vertex 37.1549 -34.5 8.16341
      vertex 35.6628 -34.5 7.65211
      vertex 37.204 -34.5 8.01602
    endloop
  endfacet
  facet normal 0 -1 0
    outer loop
      vertex 35.6793 -34.5 7.59546
      vertex 37.204 -34.5 8.01602
      vertex 35.6628 -34.5 7.65211
    endloop
  endfacet
  facet normal 0 -1 -0
    outer loop
      vertex 37.204 -34.5 8.01602
      vertex 35.6793 -34.5 7.59546
      vertex 37.239 -34.5 7.8573
    endloop
  endfacet
  facet normal 0 -1 0
    outer loop
      vertex 35.6911 -34.5 7.53516
      vertex 37.239 -34.5 7.8573
      vertex 35.6793 -34.5 7.59546
    endloop
  endfacet
  facet normal 0 -1 -0
    outer loop
      vertex 37.239 -34.5 7.8573
      vertex 35.6911 -34.5 7.53516
      vertex 37.26 -34.5 7.68723
    endloop
  endfacet
  facet normal 0 -1 0
    outer loop
      vertex 35.6982 -34.5 7.47119
      vertex 37.26 -34.5 7.68723
      vertex 35.6911 -34.5 7.53516
    endloop
  endfacet
  facet normal 0 -1 -0
    outer loop
      vertex 37.26 -34.5 7.68723
      vertex 35.6982 -34.5 7.47119
      vertex 37.267 -34.5 7.50581
    endloop
  endfacet
  facet normal 0 -1 0
    outer loop
      vertex 35.6982 -34.5 7.47119
      vertex 37.2645 -34.5 7.40892
      vertex 37.267 -34.5 7.50581
    endloop
  endfacet
  facet normal 0 -1 0
    outer loop
      vertex 35.7006 -34.5 7.40358
      vertex 37.2645 -34.5 7.40892
      vertex 35.6982 -34.5 7.47119
    endloop
  endfacet
  facet normal 0 -1 0
    outer loop
      vertex 37.244 -34.5 7.22495
      vertex 35.7006 -34.5 7.40358
      vertex 35.6982 -34.5 7.33513
    endloop
  endfacet
  facet normal 0 -1 0
    outer loop
      vertex 35.7006 -34.5 7.40358
      vertex 37.2568 -34.5 7.31529
      vertex 37.2645 -34.5 7.40892
    endloop
  endfacet
  facet normal 0 -1 0
    outer loop
      vertex 37.1415 -34.5 6.89613
      vertex 35.6982 -34.5 7.33513
      vertex 35.6911 -34.5 7.27049
    endloop
  endfacet
  facet normal 0 -1 0
    outer loop
      vertex 35.7006 -34.5 7.40358
      vertex 37.244 -34.5 7.22495
      vertex 37.2568 -34.5 7.31529
    endloop
  endfacet
  facet normal 0 -1 0
    outer loop
      vertex 37.0595 -34.5 6.75131
      vertex 35.6911 -34.5 7.27049
      vertex 35.6793 -34.5 7.20967
    endloop
  endfacet
  facet normal 0 -1 0
    outer loop
      vertex 37.0595 -34.5 6.75131
      vertex 35.6793 -34.5 7.20967
      vertex 35.6628 -34.5 7.15265
    endloop
  endfacet
  facet normal 0 -1 0
    outer loop
      vertex 35.6982 -34.5 7.33513
      vertex 37.226 -34.5 7.13785
      vertex 37.244 -34.5 7.22495
    endloop
  endfacet
  facet normal 0 -1 0
    outer loop
      vertex 37.0595 -34.5 6.75131
      vertex 35.6628 -34.5 7.15265
      vertex 35.6415 -34.5 7.09943
    endloop
  endfacet
  facet normal 0 -1 0
    outer loop
      vertex 35.6982 -34.5 7.33513
      vertex 37.203 -34.5 7.05402
      vertex 37.226 -34.5 7.13785
    endloop
  endfacet
  facet normal 0 -1 0
    outer loop
      vertex 37.0595 -34.5 6.75131
      vertex 35.6415 -34.5 7.09943
      vertex 35.6156 -34.5 7.05002
    endloop
  endfacet
  facet normal 0 -1 0
    outer loop
      vertex 37.0595 -34.5 6.75131
      vertex 35.6156 -34.5 7.05002
      vertex 35.5849 -34.5 7.00443
    endloop
  endfacet
  facet normal 0 -1 0
    outer loop
      vertex 35.6982 -34.5 7.33513
      vertex 37.1748 -34.5 6.97343
      vertex 37.203 -34.5 7.05402
    endloop
  endfacet
  facet normal 0 -1 0
    outer loop
      vertex 37.0595 -34.5 6.75131
      vertex 35.5849 -34.5 7.00443
      vertex 35.5495 -34.5 6.96263
    endloop
  endfacet
  facet normal 0 -1 0
    outer loop
      vertex 37.0595 -34.5 6.75131
      vertex 35.5495 -34.5 6.96263
      vertex 35.5093 -34.5 6.92465
    endloop
  endfacet
  facet normal 0 -1 0
    outer loop
      vertex 35.6982 -34.5 7.33513
      vertex 37.1415 -34.5 6.89613
      vertex 37.1748 -34.5 6.97343
    endloop
  endfacet
  facet normal 0 -1 0
    outer loop
      vertex 37.0595 -34.5 6.75131
      vertex 35.5093 -34.5 6.92465
      vertex 35.4646 -34.5 6.89058
    endloop
  endfacet
  facet normal 0 -1 0
    outer loop
      vertex 37.0595 -34.5 6.75131
      vertex 35.4646 -34.5 6.89058
      vertex 35.4155 -34.5 6.8605
    endloop
  endfacet
  facet normal 0 -1 0
    outer loop
      vertex 37.0595 -34.5 6.75131
      vertex 35.4155 -34.5 6.8605
      vertex 35.362 -34.5 6.83446
    endloop
  endfacet
  facet normal 0 -1 0
    outer loop
      vertex 35.6911 -34.5 7.27049
      vertex 37.1031 -34.5 6.8221
      vertex 37.1415 -34.5 6.89613
    endloop
  endfacet
  facet normal 0 -1 0
    outer loop
      vertex 37.0595 -34.5 6.75131
      vertex 35.362 -34.5 6.83446
      vertex 35.304 -34.5 6.81241
    endloop
  endfacet
  facet normal 0 -1 0
    outer loop
      vertex 37.0595 -34.5 6.75131
      vertex 35.304 -34.5 6.81241
      vertex 35.2416 -34.5 6.79436
    endloop
  endfacet
  facet normal 0 -1 0
    outer loop
      vertex 37.0595 -34.5 6.75131
      vertex 35.2416 -34.5 6.79436
      vertex 35.1748 -34.5 6.78033
    endloop
  endfacet
  facet normal 0 -1 0
    outer loop
      vertex 37.0595 -34.5 6.75131
      vertex 35.1748 -34.5 6.78033
      vertex 35.1036 -34.5 6.77031
    endloop
  endfacet
  facet normal 0 -1 0
    outer loop
      vertex 37.0595 -34.5 6.75131
      vertex 35.1036 -34.5 6.77031
      vertex 35.0279 -34.5 6.7643
    endloop
  endfacet
  facet normal 0 -1 0
    outer loop
      vertex 35.6911 -34.5 7.27049
      vertex 37.0595 -34.5 6.75131
      vertex 37.1031 -34.5 6.8221
    endloop
  endfacet
  facet normal 0 -1 0
    outer loop
      vertex 37.0595 -34.5 6.75131
      vertex 35.0279 -34.5 6.7643
      vertex 34.9479 -34.5 6.7623
    endloop
  endfacet
  facet normal 0 -1 0
    outer loop
      vertex 34.9479 -34.5 6.7623
      vertex 35.0007 -34.5 5.69479
      vertex 35.1035 -34.5 5.69235
    endloop
  endfacet
  facet normal 0 -1 0
    outer loop
      vertex 34.9479 -34.5 6.7623
      vertex 35.1035 -34.5 5.69235
      vertex 35.2004 -34.5 5.68504
    endloop
  endfacet
  facet normal 0 -1 0
    outer loop
      vertex 35.3764 -34.5 5.65584
      vertex 34.9479 -34.5 6.7623
      vertex 35.2914 -34.5 5.67287
    endloop
  endfacet
  facet normal 0 -1 0
    outer loop
      vertex 35.596 -34.5 5.57549
      vertex 36.4573 -34.5 6.28967
      vertex 35.5287 -34.5 5.60713
    endloop
  endfacet
  facet normal 0 -1 0
    outer loop
      vertex 35.806 -34.5 5.40021
      vertex 36.4573 -34.5 6.28967
      vertex 35.7623 -34.5 5.45132
    endloop
  endfacet
  facet normal 0 -1 -0
    outer loop
      vertex 36.5667 -34.5 6.25404
      vertex 35.8439 -34.5 5.34421
      vertex 36.6703 -34.5 6.2123
    endloop
  endfacet
  facet normal 0 -1 0
    outer loop
      vertex 35.8759 -34.5 5.28336
      vertex 36.6703 -34.5 6.2123
      vertex 35.8439 -34.5 5.34421
    endloop
  endfacet
  facet normal 0 -1 -0
    outer loop
      vertex 36.6703 -34.5 6.2123
      vertex 35.8759 -34.5 5.28336
      vertex 36.7684 -34.5 6.1644
    endloop
  endfacet
  facet normal 0 -1 -0
    outer loop
      vertex 36.7684 -34.5 6.1644
      vertex 35.8759 -34.5 5.28336
      vertex 36.8608 -34.5 6.11038
    endloop
  endfacet
  facet normal 0 -1 -0
    outer loop
      vertex 36.8608 -34.5 6.11038
      vertex 35.8759 -34.5 5.28336
      vertex 36.9476 -34.5 6.05022
    endloop
  endfacet
  facet normal 0 -1 0
    outer loop
      vertex 35.9021 -34.5 5.21764
      vertex 36.9476 -34.5 6.05022
      vertex 35.8759 -34.5 5.28336
    endloop
  endfacet
  facet normal 0 -1 -0
    outer loop
      vertex 36.9476 -34.5 6.05022
      vertex 35.9021 -34.5 5.21764
      vertex 37.0288 -34.5 5.98395
    endloop
  endfacet
  facet normal 0 -1 -0
    outer loop
      vertex 37.0288 -34.5 5.98395
      vertex 35.9021 -34.5 5.21764
      vertex 37.1043 -34.5 5.91154
    endloop
  endfacet
  facet normal 0 -1 -0
    outer loop
      vertex 37.1043 -34.5 5.91154
      vertex 35.9021 -34.5 5.21764
      vertex 37.1742 -34.5 5.83299
    endloop
  endfacet
  facet normal 0 -1 0
    outer loop
      vertex 35.9225 -34.5 5.14703
      vertex 37.1742 -34.5 5.83299
      vertex 35.9021 -34.5 5.21764
    endloop
  endfacet
  facet normal 0 -1 -0
    outer loop
      vertex 37.1742 -34.5 5.83299
      vertex 35.9225 -34.5 5.14703
      vertex 37.2385 -34.5 5.74831
    endloop
  endfacet
  facet normal 0 -1 -0
    outer loop
      vertex 37.2385 -34.5 5.74831
      vertex 35.9225 -34.5 5.14703
      vertex 37.2966 -34.5 5.65836
    endloop
  endfacet
  facet normal 0 -1 -0
    outer loop
      vertex 37.2966 -34.5 5.65836
      vertex 35.9225 -34.5 5.14703
      vertex 37.3478 -34.5 5.564
    endloop
  endfacet
  facet normal 0 -1 0
    outer loop
      vertex 35.9371 -34.5 5.07156
      vertex 37.3478 -34.5 5.564
      vertex 35.9225 -34.5 5.14703
    endloop
  endfacet
  facet normal 0 -1 -0
    outer loop
      vertex 37.3478 -34.5 5.564
      vertex 35.9371 -34.5 5.07156
      vertex 37.3922 -34.5 5.46521
    endloop
  endfacet
  facet normal 0 -1 -0
    outer loop
      vertex 37.3922 -34.5 5.46521
      vertex 35.9371 -34.5 5.07156
      vertex 37.4298 -34.5 5.362
    endloop
  endfacet
  facet normal 0 -1 0
    outer loop
      vertex 35.9459 -34.5 4.99123
      vertex 37.4298 -34.5 5.362
      vertex 35.9371 -34.5 5.07156
    endloop
  endfacet
  facet normal 0 -1 -0
    outer loop
      vertex 37.4298 -34.5 5.362
      vertex 35.9459 -34.5 4.99123
      vertex 37.4605 -34.5 5.25436
    endloop
  endfacet
  facet normal 0 -1 -0
    outer loop
      vertex 37.4605 -34.5 5.25436
      vertex 35.9459 -34.5 4.99123
      vertex 37.4845 -34.5 5.1423
    endloop
  endfacet
  facet normal 0 -1 -0
    outer loop
      vertex 37.4845 -34.5 5.1423
      vertex 35.9459 -34.5 4.99123
      vertex 37.5015 -34.5 5.02583
    endloop
  endfacet
  facet normal 0 -1 0
    outer loop
      vertex 35.9488 -34.5 4.90602
      vertex 37.5015 -34.5 5.02583
      vertex 35.9459 -34.5 4.99123
    endloop
  endfacet
  facet normal 0 -1 0
    outer loop
      vertex 35.9488 -34.5 4.90602
      vertex 37.5118 -34.5 4.90492
      vertex 37.5015 -34.5 5.02583
    endloop
  endfacet
  facet normal 0 -1 0
    outer loop
      vertex 35.9458 -34.5 4.81908
      vertex 37.5118 -34.5 4.90492
      vertex 35.9488 -34.5 4.90602
    endloop
  endfacet
  facet normal 0 -1 0
    outer loop
      vertex 35.9458 -34.5 4.81908
      vertex 37.5152 -34.5 4.7796
      vertex 37.5118 -34.5 4.90492
    endloop
  endfacet
  facet normal 0 -1 0
    outer loop
      vertex 37.5079 -34.5 4.58977
      vertex 35.9458 -34.5 4.81908
      vertex 35.937 -34.5 4.73715
    endloop
  endfacet
  facet normal 0 -1 0
    outer loop
      vertex 37.4859 -34.5 4.41096
      vertex 35.937 -34.5 4.73715
      vertex 35.9223 -34.5 4.66025
    endloop
  endfacet
  facet normal 0 -1 0
    outer loop
      vertex 35.9458 -34.5 4.81908
      vertex 37.5079 -34.5 4.58977
      vertex 37.5152 -34.5 4.7796
    endloop
  endfacet
  facet normal 0 -1 0
    outer loop
      vertex 37.4492 -34.5 4.24324
      vertex 35.9223 -34.5 4.66025
      vertex 35.9018 -34.5 4.58836
    endloop
  endfacet
  facet normal 0 -1 0
    outer loop
      vertex 37.3979 -34.5 4.08655
      vertex 35.9018 -34.5 4.58836
      vertex 35.8753 -34.5 4.5215
    endloop
  endfacet
  facet normal 0 -1 0
    outer loop
      vertex 37.3979 -34.5 4.08655
      vertex 35.8753 -34.5 4.5215
      vertex 35.843 -34.5 4.45966
    endloop
  endfacet
  facet normal 0 -1 0
    outer loop
      vertex 35.937 -34.5 4.73715
      vertex 37.4859 -34.5 4.41096
      vertex 37.5079 -34.5 4.58977
    endloop
  endfacet
  facet normal 0 -1 0
    outer loop
      vertex 37.3979 -34.5 4.08655
      vertex 35.843 -34.5 4.45966
      vertex 35.8048 -34.5 4.40283
    endloop
  endfacet
  facet normal 0 -1 0
    outer loop
      vertex 37.3979 -34.5 4.08655
      vertex 35.8048 -34.5 4.40283
      vertex 35.7607 -34.5 4.35101
    endloop
  endfacet
  facet normal 0 -1 0
    outer loop
      vertex 37.3979 -34.5 4.08655
      vertex 35.7607 -34.5 4.35101
      vertex 35.7108 -34.5 4.30423
    endloop
  endfacet
  facet normal 0 -1 0
    outer loop
      vertex 37.3979 -34.5 4.08655
      vertex 35.7108 -34.5 4.30423
      vertex 35.655 -34.5 4.26242
    endloop
  endfacet
  facet normal 0 -1 0
    outer loop
      vertex 35.9223 -34.5 4.66025
      vertex 37.4492 -34.5 4.24324
      vertex 37.4859 -34.5 4.41096
    endloop
  endfacet
  facet normal 0 -1 0
    outer loop
      vertex 37.3979 -34.5 4.08655
      vertex 35.655 -34.5 4.26242
      vertex 35.5934 -34.5 4.22552
    endloop
  endfacet
  facet normal 0 -1 0
    outer loop
      vertex 37.3979 -34.5 4.08655
      vertex 35.5934 -34.5 4.22552
      vertex 35.5261 -34.5 4.19356
    endloop
  endfacet
  facet normal 0 -1 0
    outer loop
      vertex 37.3979 -34.5 4.08655
      vertex 35.5261 -34.5 4.19356
      vertex 35.453 -34.5 4.1665
    endloop
  endfacet
  facet normal 0 -1 0
    outer loop
      vertex 37.3979 -34.5 4.08655
      vertex 35.453 -34.5 4.1665
      vertex 35.3741 -34.5 4.14438
    endloop
  endfacet
  facet normal 0 -1 0
    outer loop
      vertex 37.3979 -34.5 4.08655
      vertex 35.3741 -34.5 4.14438
      vertex 35.2894 -34.5 4.12717
    endloop
  endfacet
  facet normal 0 -1 0
    outer loop
      vertex 37.3979 -34.5 4.08655
      vertex 35.2894 -34.5 4.12717
      vertex 35.1989 -34.5 4.11487
    endloop
  endfacet
  facet normal 0 -1 0
    outer loop
      vertex 37.3979 -34.5 4.08655
      vertex 35.1989 -34.5 4.11487
      vertex 35.1027 -34.5 4.10748
    endloop
  endfacet
  facet normal 0 -1 0
    outer loop
      vertex 35.9018 -34.5 4.58836
      vertex 37.3979 -34.5 4.08655
      vertex 37.4492 -34.5 4.24324
    endloop
  endfacet
  facet normal 0 -1 0
    outer loop
      vertex 37.3979 -34.5 4.08655
      vertex 35.1027 -34.5 4.10748
      vertex 35.0007 -34.5 4.10503
    endloop
  endfacet
  facet normal 0 -1 0
    outer loop
      vertex 28.8238 -34.5 4.84615
      vertex 31.379 -34.5 6.02885
      vertex 28.8238 -34.5 6.02885
    endloop
  endfacet
  facet normal 0 -1 -0
    outer loop
      vertex 31.379 -34.5 6.02885
      vertex 28.8238 -34.5 4.84615
      vertex 31.379 -34.5 4.84615
    endloop
  endfacet
  facet normal -0.122712 0 0.992442
    outer loop
      vertex 20.2074 -34.5 2.92859
      vertex 20.4531 -35.9 2.95897
      vertex 20.4531 -34.5 2.95897
    endloop
  endfacet
  facet normal -0.122712 0 0.992442
    outer loop
      vertex 20.4531 -35.9 2.95897
      vertex 20.2074 -34.5 2.92859
      vertex 20.2074 -35.9 2.92859
    endloop
  endfacet
  facet normal -0.213039 0 0.977044
    outer loop
      vertex 20.4531 -34.5 2.95897
      vertex 20.6853 -35.9 3.0096
      vertex 20.6853 -34.5 3.0096
    endloop
  endfacet
  facet normal -0.213039 0 0.977044
    outer loop
      vertex 20.6853 -35.9 3.0096
      vertex 20.4531 -34.5 2.95897
      vertex 20.4531 -35.9 2.95897
    endloop
  endfacet
  facet normal -0.30827 0 0.951299
    outer loop
      vertex 20.6853 -34.5 3.0096
      vertex 20.904 -35.9 3.08047
      vertex 20.904 -34.5 3.08047
    endloop
  endfacet
  facet normal -0.30827 0 0.951299
    outer loop
      vertex 20.904 -35.9 3.08047
      vertex 20.6853 -34.5 3.0096
      vertex 20.6853 -35.9 3.0096
    endloop
  endfacet
  facet normal -0.405953 0 0.913894
    outer loop
      vertex 20.904 -34.5 3.08047
      vertex 21.1092 -35.9 3.17162
      vertex 21.1092 -34.5 3.17162
    endloop
  endfacet
  facet normal -0.405953 0 0.913894
    outer loop
      vertex 21.1092 -35.9 3.17162
      vertex 20.904 -34.5 3.08047
      vertex 20.904 -35.9 3.08047
    endloop
  endfacet
  facet normal -0.502177 0 0.864765
    outer loop
      vertex 21.1092 -34.5 3.17162
      vertex 21.301 -35.9 3.283
      vertex 21.301 -34.5 3.283
    endloop
  endfacet
  facet normal -0.502177 0 0.864765
    outer loop
      vertex 21.301 -35.9 3.283
      vertex 21.1092 -34.5 3.17162
      vertex 21.1092 -35.9 3.17162
    endloop
  endfacet
  facet normal -0.593962 0 0.804493
    outer loop
      vertex 21.301 -34.5 3.283
      vertex 21.4793 -35.9 3.41464
      vertex 21.4793 -34.5 3.41464
    endloop
  endfacet
  facet normal -0.593962 0 0.804493
    outer loop
      vertex 21.4793 -35.9 3.41464
      vertex 21.301 -34.5 3.283
      vertex 21.301 -35.9 3.283
    endloop
  endfacet
  facet normal -0.677496 0 0.735526
    outer loop
      vertex 21.4793 -34.5 3.41464
      vertex 21.6442 -35.9 3.56653
      vertex 21.6442 -34.5 3.56653
    endloop
  endfacet
  facet normal -0.677496 0 0.735526
    outer loop
      vertex 21.6442 -35.9 3.56653
      vertex 21.4793 -34.5 3.41464
      vertex 21.4793 -35.9 3.41464
    endloop
  endfacet
  facet normal -0.750874 0 0.660445
    outer loop
      vertex 21.6442 -35.9 3.56653
      vertex 21.7956 -34.5 3.73866
      vertex 21.6442 -34.5 3.56653
    endloop
  endfacet
  facet normal -0.750874 0 0.660445
    outer loop
      vertex 21.7956 -34.5 3.73866
      vertex 21.6442 -35.9 3.56653
      vertex 21.7956 -35.9 3.73866
    endloop
  endfacet
  facet normal -0.8131 0 0.582125
    outer loop
      vertex 21.7956 -35.9 3.73866
      vertex 21.9322 -34.5 3.92946
      vertex 21.7956 -34.5 3.73866
    endloop
  endfacet
  facet normal -0.8131 0 0.582125
    outer loop
      vertex 21.9322 -34.5 3.92946
      vertex 21.7956 -35.9 3.73866
      vertex 21.9322 -35.9 3.92946
    endloop
  endfacet
  facet normal -0.865116 0 0.501571
    outer loop
      vertex 21.9322 -35.9 3.92946
      vertex 22.0527 -34.5 4.1373
      vertex 21.9322 -34.5 3.92946
    endloop
  endfacet
  facet normal -0.865116 0 0.501571
    outer loop
      vertex 22.0527 -34.5 4.1373
      vertex 21.9322 -35.9 3.92946
      vertex 22.0527 -35.9 4.1373
    endloop
  endfacet
  facet normal -0.906861 0 0.42143
    outer loop
      vertex 22.0527 -35.9 4.1373
      vertex 22.1572 -34.5 4.36217
      vertex 22.0527 -34.5 4.1373
    endloop
  endfacet
  facet normal -0.906861 0 0.42143
    outer loop
      vertex 22.1572 -34.5 4.36217
      vertex 22.0527 -35.9 4.1373
      vertex 22.1572 -35.9 4.36217
    endloop
  endfacet
  facet normal -0.939118 0 0.343594
    outer loop
      vertex 22.1572 -35.9 4.36217
      vertex 22.2457 -34.5 4.60406
      vertex 22.1572 -34.5 4.36217
    endloop
  endfacet
  facet normal -0.939118 0 0.343594
    outer loop
      vertex 22.2457 -34.5 4.60406
      vertex 22.1572 -35.9 4.36217
      vertex 22.2457 -35.9 4.60406
    endloop
  endfacet
  facet normal -0.963157 0 0.268939
    outer loop
      vertex 22.2457 -35.9 4.60406
      vertex 22.318 -34.5 4.86299
      vertex 22.2457 -34.5 4.60406
    endloop
  endfacet
  facet normal -0.963157 0 0.268939
    outer loop
      vertex 22.318 -34.5 4.86299
      vertex 22.2457 -35.9 4.60406
      vertex 22.318 -35.9 4.86299
    endloop
  endfacet
  facet normal -0.979888 0 0.19955
    outer loop
      vertex 22.318 -35.9 4.86299
      vertex 22.3742 -34.5 5.13896
      vertex 22.318 -34.5 4.86299
    endloop
  endfacet
  facet normal -0.979888 0 0.19955
    outer loop
      vertex 22.3742 -34.5 5.13896
      vertex 22.318 -35.9 4.86299
      vertex 22.3742 -35.9 5.13896
    endloop
  endfacet
  facet normal -0.990719 0 0.135928
    outer loop
      vertex 22.3742 -35.9 5.13896
      vertex 22.4144 -34.5 5.43196
      vertex 22.3742 -34.5 5.13896
    endloop
  endfacet
  facet normal -0.990719 0 0.135928
    outer loop
      vertex 22.4144 -34.5 5.43196
      vertex 22.3742 -35.9 5.13896
      vertex 22.4144 -35.9 5.43196
    endloop
  endfacet
  facet normal -0.996992 0 0.0774981
    outer loop
      vertex 22.4144 -35.9 5.43196
      vertex 22.4385 -34.5 5.742
      vertex 22.4144 -34.5 5.43196
    endloop
  endfacet
  facet normal -0.996992 0 0.0774981
    outer loop
      vertex 22.4385 -34.5 5.742
      vertex 22.4144 -35.9 5.43196
      vertex 22.4385 -35.9 5.742
    endloop
  endfacet
  facet normal -0.999693 0 0.0247593
    outer loop
      vertex 22.4385 -35.9 5.742
      vertex 22.4466 -34.5 6.06905
      vertex 22.4385 -34.5 5.742
    endloop
  endfacet
  facet normal -0.999693 0 0.0247593
    outer loop
      vertex 22.4466 -34.5 6.06905
      vertex 22.4385 -35.9 5.742
      vertex 22.4466 -35.9 6.06905
    endloop
  endfacet
  facet normal -0.999695 0 -0.0246936
    outer loop
      vertex 22.4466 -35.9 6.06905
      vertex 22.4385 -34.5 6.39697
      vertex 22.4466 -34.5 6.06905
    endloop
  endfacet
  facet normal -0.999695 -0 -0.0246936
    outer loop
      vertex 22.4385 -34.5 6.39697
      vertex 22.4466 -35.9 6.06905
      vertex 22.4385 -35.9 6.39697
    endloop
  endfacet
  facet normal -0.997007 0 -0.0773122
    outer loop
      vertex 22.4385 -35.9 6.39697
      vertex 22.4144 -34.5 6.70776
      vertex 22.4385 -34.5 6.39697
    endloop
  endfacet
  facet normal -0.997007 -0 -0.0773122
    outer loop
      vertex 22.4144 -34.5 6.70776
      vertex 22.4385 -35.9 6.39697
      vertex 22.4144 -35.9 6.70776
    endloop
  endfacet
  facet normal -0.99076 0 -0.135628
    outer loop
      vertex 22.4144 -35.9 6.70776
      vertex 22.3742 -34.5 7.00142
      vertex 22.4144 -34.5 6.70776
    endloop
  endfacet
  facet normal -0.99076 -0 -0.135628
    outer loop
      vertex 22.3742 -34.5 7.00142
      vertex 22.4144 -35.9 6.70776
      vertex 22.3742 -35.9 7.00142
    endloop
  endfacet
  facet normal -0.979965 -2.61488e-05 -0.199168
    outer loop
      vertex 22.3237 -35.3045 7.25
      vertex 22.318 -34.5 7.27794
      vertex 22.3742 -34.5 7.00142
    endloop
  endfacet
  facet normal -0.979818 -0 -0.199891
    outer loop
      vertex 22.318 -34.5 7.27794
      vertex 22.3237 -35.3045 7.25
      vertex 22.318 -35.3044 7.27794
    endloop
  endfacet
  facet normal -0.979982 0 -0.199087
    outer loop
      vertex 22.3742 -35.9 7.00142
      vertex 22.3237 -35.3045 7.25
      vertex 22.3742 -34.5 7.00142
    endloop
  endfacet
  facet normal -0.979982 -0 -0.199087
    outer loop
      vertex 22.3237 -35.3045 7.25
      vertex 22.3742 -35.9 7.00142
      vertex 22.3237 -35.9 7.25
    endloop
  endfacet
  facet normal -0.963275 0 -0.268515
    outer loop
      vertex 22.318 -34.5 7.27794
      vertex 22.2457 -35.3032 7.53731
      vertex 22.2457 -34.5 7.53731
    endloop
  endfacet
  facet normal -0.963275 0 -0.268515
    outer loop
      vertex 22.2457 -35.3032 7.53731
      vertex 22.318 -34.5 7.27794
      vertex 22.318 -35.3044 7.27794
    endloop
  endfacet
  facet normal -0.939283 0 -0.343144
    outer loop
      vertex 22.2457 -34.5 7.53731
      vertex 22.1572 -35.3018 7.77956
      vertex 22.1572 -34.5 7.77956
    endloop
  endfacet
  facet normal -0.939283 0 -0.343144
    outer loop
      vertex 22.1572 -35.3018 7.77956
      vertex 22.2457 -34.5 7.53731
      vertex 22.2457 -35.3032 7.53731
    endloop
  endfacet
  facet normal -0.907033 0 -0.42106
    outer loop
      vertex 22.1572 -34.5 7.77956
      vertex 22.0527 -35.3002 8.00467
      vertex 22.0527 -34.5 8.00467
    endloop
  endfacet
  facet normal -0.907033 0 -0.42106
    outer loop
      vertex 22.0527 -35.3002 8.00467
      vertex 22.1572 -34.5 7.77956
      vertex 22.1572 -35.3018 7.77956
    endloop
  endfacet
  facet normal -0.865242 0 -0.501354
    outer loop
      vertex 22.0527 -34.5 8.00467
      vertex 21.9322 -35.2983 8.21263
      vertex 21.9322 -34.5 8.21263
    endloop
  endfacet
  facet normal -0.865242 0 -0.501354
    outer loop
      vertex 21.9322 -35.2983 8.21263
      vertex 22.0527 -34.5 8.00467
      vertex 22.0527 -35.3002 8.00467
    endloop
  endfacet
  facet normal -0.813157 0 -0.582044
    outer loop
      vertex 21.9322 -34.5 8.21263
      vertex 21.7956 -35.2961 8.40347
      vertex 21.7956 -34.5 8.40347
    endloop
  endfacet
  facet normal -0.813157 0 -0.582044
    outer loop
      vertex 21.7956 -35.2961 8.40347
      vertex 21.9322 -34.5 8.21263
      vertex 21.9322 -35.2983 8.21263
    endloop
  endfacet
  facet normal -0.750913 0 -0.660402
    outer loop
      vertex 21.7956 -34.5 8.40347
      vertex 21.6442 -35.2938 8.57562
      vertex 21.6442 -34.5 8.57562
    endloop
  endfacet
  facet normal -0.750913 0 -0.660402
    outer loop
      vertex 21.6442 -35.2938 8.57562
      vertex 21.7956 -34.5 8.40347
      vertex 21.7956 -35.2961 8.40347
    endloop
  endfacet
  facet normal -0.67752 0 -0.735504
    outer loop
      vertex 21.4793 -35.2912 8.72752
      vertex 21.6442 -34.5 8.57562
      vertex 21.6442 -35.2938 8.57562
    endloop
  endfacet
  facet normal -0.67752 0 -0.735504
    outer loop
      vertex 21.6442 -34.5 8.57562
      vertex 21.4793 -35.2912 8.72752
      vertex 21.4793 -34.5 8.72752
    endloop
  endfacet
  facet normal -0.594021 0 -0.80445
    outer loop
      vertex 21.301 -35.2884 8.85918
      vertex 21.4793 -34.5 8.72752
      vertex 21.4793 -35.2912 8.72752
    endloop
  endfacet
  facet normal -0.594021 0 -0.80445
    outer loop
      vertex 21.4793 -34.5 8.72752
      vertex 21.301 -35.2884 8.85918
      vertex 21.301 -34.5 8.85918
    endloop
  endfacet
  facet normal -0.502211 0 -0.864745
    outer loop
      vertex 21.1092 -35.2853 8.97057
      vertex 21.301 -34.5 8.85918
      vertex 21.301 -35.2884 8.85918
    endloop
  endfacet
  facet normal -0.502211 0 -0.864745
    outer loop
      vertex 21.301 -34.5 8.85918
      vertex 21.1092 -35.2853 8.97057
      vertex 21.1092 -34.5 8.97057
    endloop
  endfacet
  facet normal -0.405915 0 -0.913911
    outer loop
      vertex 20.904 -35.2821 9.06171
      vertex 21.1092 -34.5 8.97057
      vertex 21.1092 -35.2853 8.97057
    endloop
  endfacet
  facet normal -0.405915 0 -0.913911
    outer loop
      vertex 21.1092 -34.5 8.97057
      vertex 20.904 -35.2821 9.06171
      vertex 20.904 -34.5 9.06171
    endloop
  endfacet
  facet normal -0.308348 0 -0.951274
    outer loop
      vertex 20.6853 -35.2787 9.1326
      vertex 20.904 -34.5 9.06171
      vertex 20.904 -35.2821 9.06171
    endloop
  endfacet
  facet normal -0.308348 0 -0.951274
    outer loop
      vertex 20.904 -34.5 9.06171
      vertex 20.6853 -35.2787 9.1326
      vertex 20.6853 -34.5 9.1326
    endloop
  endfacet
  facet normal -0.213039 0 -0.977044
    outer loop
      vertex 20.4531 -35.275 9.18323
      vertex 20.6853 -34.5 9.1326
      vertex 20.6853 -35.2787 9.1326
    endloop
  endfacet
  facet normal -0.213039 0 -0.977044
    outer loop
      vertex 20.6853 -34.5 9.1326
      vertex 20.4531 -35.275 9.18323
      vertex 20.4531 -34.5 9.18323
    endloop
  endfacet
  facet normal -0.122712 0 -0.992442
    outer loop
      vertex 20.2074 -35.2711 9.21361
      vertex 20.4531 -34.5 9.18323
      vertex 20.4531 -35.275 9.18323
    endloop
  endfacet
  facet normal -0.122712 0 -0.992442
    outer loop
      vertex 20.4531 -34.5 9.18323
      vertex 20.2074 -35.2711 9.21361
      vertex 20.2074 -34.5 9.21361
    endloop
  endfacet
  facet normal -0.039067 0 -0.999237
    outer loop
      vertex 19.9483 -35.267 9.22374
      vertex 20.2074 -34.5 9.21361
      vertex 20.2074 -35.2711 9.21361
    endloop
  endfacet
  facet normal -0.039067 0 -0.999237
    outer loop
      vertex 20.2074 -34.5 9.21361
      vertex 19.9483 -35.267 9.22374
      vertex 19.9483 -34.5 9.22374
    endloop
  endfacet
  facet normal 0.038947 0 -0.999241
    outer loop
      vertex 19.6884 -35.263 9.21361
      vertex 19.9483 -34.5 9.22374
      vertex 19.9483 -35.267 9.22374
    endloop
  endfacet
  facet normal 0.038947 0 -0.999241
    outer loop
      vertex 19.9483 -34.5 9.22374
      vertex 19.6884 -35.263 9.21361
      vertex 19.6884 -34.5 9.21361
    endloop
  endfacet
  facet normal 0.122369 0 -0.992485
    outer loop
      vertex 19.442 -35.2591 9.18323
      vertex 19.6884 -34.5 9.21361
      vertex 19.6884 -35.263 9.21361
    endloop
  endfacet
  facet normal 0.122369 0 -0.992485
    outer loop
      vertex 19.6884 -34.5 9.21361
      vertex 19.442 -35.2591 9.18323
      vertex 19.442 -34.5 9.18323
    endloop
  endfacet
  facet normal 0.212515 0 -0.977158
    outer loop
      vertex 19.2092 -35.2554 9.1326
      vertex 19.442 -34.5 9.18323
      vertex 19.442 -35.2591 9.18323
    endloop
  endfacet
  facet normal 0.212515 0 -0.977158
    outer loop
      vertex 19.442 -34.5 9.18323
      vertex 19.2092 -35.2554 9.1326
      vertex 19.2092 -34.5 9.1326
    endloop
  endfacet
  facet normal 0.307712 0 -0.95148
    outer loop
      vertex 18.99 -35.252 9.06171
      vertex 19.2092 -34.5 9.1326
      vertex 19.2092 -35.2554 9.1326
    endloop
  endfacet
  facet normal 0.307712 0 -0.95148
    outer loop
      vertex 19.2092 -34.5 9.1326
      vertex 18.99 -35.252 9.06171
      vertex 18.99 -34.5 9.06171
    endloop
  endfacet
  facet normal 0.405091 0 -0.914276
    outer loop
      vertex 18.7843 -35.2487 8.97057
      vertex 18.99 -34.5 9.06171
      vertex 18.99 -35.252 9.06171
    endloop
  endfacet
  facet normal 0.405091 0 -0.914276
    outer loop
      vertex 18.99 -34.5 9.06171
      vertex 18.7843 -35.2487 8.97057
      vertex 18.7843 -34.5 8.97057
    endloop
  endfacet
  facet normal 0.501428 0 -0.865199
    outer loop
      vertex 18.5921 -35.2457 8.85918
      vertex 18.7843 -34.5 8.97057
      vertex 18.7843 -35.2487 8.97057
    endloop
  endfacet
  facet normal 0.501428 0 -0.865199
    outer loop
      vertex 18.7843 -34.5 8.97057
      vertex 18.5921 -35.2457 8.85918
      vertex 18.5921 -34.5 8.85918
    endloop
  endfacet
  facet normal 0.59359 0 -0.804768
    outer loop
      vertex 18.4136 -35.2429 8.72752
      vertex 18.5921 -34.5 8.85918
      vertex 18.5921 -35.2457 8.85918
    endloop
  endfacet
  facet normal 0.59359 0 -0.804768
    outer loop
      vertex 18.5921 -34.5 8.85918
      vertex 18.4136 -35.2429 8.72752
      vertex 18.4136 -34.5 8.72752
    endloop
  endfacet
  facet normal 0.677298 0 -0.735709
    outer loop
      vertex 18.2486 -35.2403 8.57562
      vertex 18.4136 -34.5 8.72752
      vertex 18.4136 -35.2429 8.72752
    endloop
  endfacet
  facet normal 0.677298 0 -0.735709
    outer loop
      vertex 18.4136 -34.5 8.72752
      vertex 18.2486 -35.2403 8.57562
      vertex 18.2486 -34.5 8.57562
    endloop
  endfacet
  facet normal 0.750696 0 -0.660648
    outer loop
      vertex 18.2486 -34.5 8.57562
      vertex 18.0971 -35.2379 8.40347
      vertex 18.0971 -34.5 8.40347
    endloop
  endfacet
  facet normal 0.750696 0 -0.660648
    outer loop
      vertex 18.0971 -35.2379 8.40347
      vertex 18.2486 -34.5 8.57562
      vertex 18.2486 -35.2403 8.57562
    endloop
  endfacet
  facet normal 0.813157 0 -0.582044
    outer loop
      vertex 18.0971 -34.5 8.40347
      vertex 17.9605 -35.2357 8.21263
      vertex 17.9605 -34.5 8.21263
    endloop
  endfacet
  facet normal 0.813157 0 -0.582044
    outer loop
      vertex 17.9605 -35.2357 8.21263
      vertex 18.0971 -34.5 8.40347
      vertex 18.0971 -35.2379 8.40347
    endloop
  endfacet
  facet normal 0.865062 0 -0.501666
    outer loop
      vertex 17.9605 -34.5 8.21263
      vertex 17.8399 -35.2338 8.00467
      vertex 17.8399 -34.5 8.00467
    endloop
  endfacet
  facet normal 0.865062 0 -0.501666
    outer loop
      vertex 17.8399 -35.2338 8.00467
      vertex 17.9605 -34.5 8.21263
      vertex 17.9605 -35.2357 8.21263
    endloop
  endfacet
  facet normal 0.907033 0 -0.42106
    outer loop
      vertex 17.8399 -34.5 8.00467
      vertex 17.7354 -35.2322 7.77956
      vertex 17.7354 -34.5 7.77956
    endloop
  endfacet
  facet normal 0.907033 0 -0.42106
    outer loop
      vertex 17.7354 -35.2322 7.77956
      vertex 17.8399 -34.5 8.00467
      vertex 17.8399 -35.2338 8.00467
    endloop
  endfacet
  facet normal 0.939408 0 -0.342801
    outer loop
      vertex 17.7354 -34.5 7.77956
      vertex 17.647 -35.2308 7.53731
      vertex 17.647 -34.5 7.53731
    endloop
  endfacet
  facet normal 0.939408 0 -0.342801
    outer loop
      vertex 17.647 -35.2308 7.53731
      vertex 17.7354 -34.5 7.77956
      vertex 17.7354 -35.2322 7.77956
    endloop
  endfacet
  facet normal 0.963275 0 -0.268515
    outer loop
      vertex 17.647 -34.5 7.53731
      vertex 17.5747 -35.2297 7.27794
      vertex 17.5747 -34.5 7.27794
    endloop
  endfacet
  facet normal 0.963275 0 -0.268515
    outer loop
      vertex 17.5747 -35.2297 7.27794
      vertex 17.647 -34.5 7.53731
      vertex 17.647 -35.2308 7.53731
    endloop
  endfacet
  facet normal 0.979896 -1.52607e-05 -0.199509
    outer loop
      vertex 17.5747 -34.5 7.27794
      vertex 17.569 -35.2296 7.25
      vertex 17.5184 -34.5 7.00142
    endloop
  endfacet
  facet normal 0.979818 0 -0.199891
    outer loop
      vertex 17.569 -35.2296 7.25
      vertex 17.5747 -34.5 7.27794
      vertex 17.5747 -35.2297 7.27794
    endloop
  endfacet
  facet normal 0.979905 0 -0.199466
    outer loop
      vertex 17.5184 -35.9 7.00142
      vertex 17.569 -35.2296 7.25
      vertex 17.569 -35.9 7.25
    endloop
  endfacet
  facet normal 0.979905 0 -0.199466
    outer loop
      vertex 17.569 -35.2296 7.25
      vertex 17.5184 -35.9 7.00142
      vertex 17.5184 -34.5 7.00142
    endloop
  endfacet
  facet normal 0.990805 0 -0.135297
    outer loop
      vertex 17.5184 -35.9 7.00142
      vertex 17.4783 -34.5 6.70776
      vertex 17.5184 -34.5 7.00142
    endloop
  endfacet
  facet normal 0.990805 0 -0.135297
    outer loop
      vertex 17.4783 -34.5 6.70776
      vertex 17.5184 -35.9 7.00142
      vertex 17.4783 -35.9 6.70776
    endloop
  endfacet
  facet normal 0.996982 0 -0.0776311
    outer loop
      vertex 17.4783 -35.9 6.70776
      vertex 17.4541 -34.5 6.39697
      vertex 17.4783 -34.5 6.70776
    endloop
  endfacet
  facet normal 0.996982 0 -0.0776311
    outer loop
      vertex 17.4541 -34.5 6.39697
      vertex 17.4783 -35.9 6.70776
      vertex 17.4541 -35.9 6.39697
    endloop
  endfacet
  facet normal 0.999703 0 -0.0243889
    outer loop
      vertex 17.4541 -35.9 6.39697
      vertex 17.4461 -34.5 6.06905
      vertex 17.4541 -34.5 6.39697
    endloop
  endfacet
  facet normal 0.999703 0 -0.0243889
    outer loop
      vertex 17.4461 -34.5 6.06905
      vertex 17.4541 -35.9 6.39697
      vertex 17.4461 -35.9 6.06905
    endloop
  endfacet
  facet normal 0.999701 -0 0.0244538
    outer loop
      vertex 17.4461 -35.9 6.06905
      vertex 17.4541 -34.5 5.742
      vertex 17.4461 -34.5 6.06905
    endloop
  endfacet
  facet normal 0.999701 0 0.0244538
    outer loop
      vertex 17.4541 -34.5 5.742
      vertex 17.4461 -35.9 6.06905
      vertex 17.4541 -35.9 5.742
    endloop
  endfacet
  facet normal 0.996968 -0 0.0778178
    outer loop
      vertex 17.4541 -35.9 5.742
      vertex 17.4783 -34.5 5.43196
      vertex 17.4541 -34.5 5.742
    endloop
  endfacet
  facet normal 0.996968 0 0.0778178
    outer loop
      vertex 17.4783 -34.5 5.43196
      vertex 17.4541 -35.9 5.742
      vertex 17.4783 -35.9 5.43196
    endloop
  endfacet
  facet normal 0.990764 -0 0.135596
    outer loop
      vertex 17.4783 -35.9 5.43196
      vertex 17.5184 -34.5 5.13896
      vertex 17.4783 -34.5 5.43196
    endloop
  endfacet
  facet normal 0.990764 0 0.135596
    outer loop
      vertex 17.5184 -34.5 5.13896
      vertex 17.4783 -35.9 5.43196
      vertex 17.5184 -35.9 5.13896
    endloop
  endfacet
  facet normal 0.979818 -0 0.19989
    outer loop
      vertex 17.5184 -35.9 5.13896
      vertex 17.5747 -34.5 4.86299
      vertex 17.5184 -34.5 5.13896
    endloop
  endfacet
  facet normal 0.979818 0 0.19989
    outer loop
      vertex 17.5747 -34.5 4.86299
      vertex 17.5184 -35.9 5.13896
      vertex 17.5747 -35.9 4.86299
    endloop
  endfacet
  facet normal 0.963157 -0 0.268939
    outer loop
      vertex 17.5747 -35.9 4.86299
      vertex 17.647 -34.5 4.60406
      vertex 17.5747 -34.5 4.86299
    endloop
  endfacet
  facet normal 0.963157 0 0.268939
    outer loop
      vertex 17.647 -34.5 4.60406
      vertex 17.5747 -35.9 4.86299
      vertex 17.647 -35.9 4.60406
    endloop
  endfacet
  facet normal 0.939243 -0 0.343252
    outer loop
      vertex 17.647 -35.9 4.60406
      vertex 17.7354 -34.5 4.36217
      vertex 17.647 -34.5 4.60406
    endloop
  endfacet
  facet normal 0.939243 0 0.343252
    outer loop
      vertex 17.7354 -34.5 4.36217
      vertex 17.647 -35.9 4.60406
      vertex 17.7354 -35.9 4.36217
    endloop
  endfacet
  facet normal 0.906861 -0 0.42143
    outer loop
      vertex 17.7354 -35.9 4.36217
      vertex 17.8399 -34.5 4.1373
      vertex 17.7354 -34.5 4.36217
    endloop
  endfacet
  facet normal 0.906861 0 0.42143
    outer loop
      vertex 17.8399 -34.5 4.1373
      vertex 17.7354 -35.9 4.36217
      vertex 17.8399 -35.9 4.1373
    endloop
  endfacet
  facet normal 0.864936 -0 0.501882
    outer loop
      vertex 17.8399 -35.9 4.1373
      vertex 17.9605 -34.5 3.92946
      vertex 17.8399 -34.5 4.1373
    endloop
  endfacet
  facet normal 0.864936 0 0.501882
    outer loop
      vertex 17.9605 -34.5 3.92946
      vertex 17.8399 -35.9 4.1373
      vertex 17.9605 -35.9 3.92946
    endloop
  endfacet
  facet normal 0.8131 -0 0.582125
    outer loop
      vertex 17.9605 -35.9 3.92946
      vertex 18.0971 -34.5 3.73866
      vertex 17.9605 -34.5 3.92946
    endloop
  endfacet
  facet normal 0.8131 0 0.582125
    outer loop
      vertex 18.0971 -34.5 3.73866
      vertex 17.9605 -35.9 3.92946
      vertex 18.0971 -35.9 3.73866
    endloop
  endfacet
  facet normal 0.750658 -0 0.660691
    outer loop
      vertex 18.0971 -35.9 3.73866
      vertex 18.2486 -34.5 3.56653
      vertex 18.0971 -34.5 3.73866
    endloop
  endfacet
  facet normal 0.750658 0 0.660691
    outer loop
      vertex 18.2486 -34.5 3.56653
      vertex 18.0971 -35.9 3.73866
      vertex 18.2486 -35.9 3.56653
    endloop
  endfacet
  facet normal 0.677274 0 0.735731
    outer loop
      vertex 18.2486 -34.5 3.56653
      vertex 18.4136 -35.9 3.41464
      vertex 18.4136 -34.5 3.41464
    endloop
  endfacet
  facet normal 0.677274 0 0.735731
    outer loop
      vertex 18.4136 -35.9 3.41464
      vertex 18.2486 -34.5 3.56653
      vertex 18.2486 -35.9 3.56653
    endloop
  endfacet
  facet normal 0.593531 0 0.804811
    outer loop
      vertex 18.4136 -34.5 3.41464
      vertex 18.5921 -35.9 3.283
      vertex 18.5921 -34.5 3.283
    endloop
  endfacet
  facet normal 0.593531 0 0.804811
    outer loop
      vertex 18.5921 -35.9 3.283
      vertex 18.4136 -34.5 3.41464
      vertex 18.4136 -35.9 3.41464
    endloop
  endfacet
  facet normal 0.501395 0 0.865219
    outer loop
      vertex 18.5921 -34.5 3.283
      vertex 18.7843 -35.9 3.17162
      vertex 18.7843 -34.5 3.17162
    endloop
  endfacet
  facet normal 0.501395 0 0.865219
    outer loop
      vertex 18.7843 -35.9 3.17162
      vertex 18.5921 -34.5 3.283
      vertex 18.5921 -35.9 3.283
    endloop
  endfacet
  facet normal 0.405128 0 0.91426
    outer loop
      vertex 18.7843 -34.5 3.17162
      vertex 18.99 -35.9 3.08047
      vertex 18.99 -34.5 3.08047
    endloop
  endfacet
  facet normal 0.405128 0 0.91426
    outer loop
      vertex 18.99 -35.9 3.08047
      vertex 18.7843 -34.5 3.17162
      vertex 18.7843 -35.9 3.17162
    endloop
  endfacet
  facet normal 0.307633 0 0.951505
    outer loop
      vertex 18.99 -34.5 3.08047
      vertex 19.2092 -35.9 3.0096
      vertex 19.2092 -34.5 3.0096
    endloop
  endfacet
  facet normal 0.307633 0 0.951505
    outer loop
      vertex 19.2092 -35.9 3.0096
      vertex 18.99 -34.5 3.08047
      vertex 18.99 -35.9 3.08047
    endloop
  endfacet
  facet normal 0.212515 0 0.977158
    outer loop
      vertex 19.2092 -34.5 3.0096
      vertex 19.442 -35.9 2.95897
      vertex 19.442 -34.5 2.95897
    endloop
  endfacet
  facet normal 0.212515 0 0.977158
    outer loop
      vertex 19.442 -35.9 2.95897
      vertex 19.2092 -34.5 3.0096
      vertex 19.2092 -35.9 3.0096
    endloop
  endfacet
  facet normal 0.122369 0 0.992485
    outer loop
      vertex 19.442 -34.5 2.95897
      vertex 19.6884 -35.9 2.92859
      vertex 19.6884 -34.5 2.92859
    endloop
  endfacet
  facet normal 0.122369 0 0.992485
    outer loop
      vertex 19.6884 -35.9 2.92859
      vertex 19.442 -34.5 2.95897
      vertex 19.442 -35.9 2.95897
    endloop
  endfacet
  facet normal 0.0389086 0 0.999243
    outer loop
      vertex 19.6884 -34.5 2.92859
      vertex 19.9483 -35.9 2.91847
      vertex 19.9483 -34.5 2.91847
    endloop
  endfacet
  facet normal 0.0389086 0 0.999243
    outer loop
      vertex 19.9483 -35.9 2.91847
      vertex 19.6884 -34.5 2.92859
      vertex 19.6884 -35.9 2.92859
    endloop
  endfacet
  facet normal -0.0390285 0 0.999238
    outer loop
      vertex 19.9483 -34.5 2.91847
      vertex 20.2074 -35.9 2.92859
      vertex 20.2074 -34.5 2.92859
    endloop
  endfacet
  facet normal -0.0390285 0 0.999238
    outer loop
      vertex 20.2074 -35.9 2.92859
      vertex 19.9483 -34.5 2.91847
      vertex 19.9483 -35.9 2.91847
    endloop
  endfacet
  facet normal -0.169786 0 -0.985481
    outer loop
      vertex 19.7384 -35.9 4.00929
      vertex 19.8398 -34.5 3.99182
      vertex 19.8398 -35.9 3.99182
    endloop
  endfacet
  facet normal -0.169786 0 -0.985481
    outer loop
      vertex 19.8398 -34.5 3.99182
      vertex 19.7384 -35.9 4.00929
      vertex 19.7384 -34.5 4.00929
    endloop
  endfacet
  facet normal -0.295147 0 -0.955452
    outer loop
      vertex 19.6441 -35.9 4.03842
      vertex 19.7384 -34.5 4.00929
      vertex 19.7384 -35.9 4.00929
    endloop
  endfacet
  facet normal -0.295147 0 -0.955452
    outer loop
      vertex 19.7384 -34.5 4.00929
      vertex 19.6441 -35.9 4.03842
      vertex 19.6441 -34.5 4.03842
    endloop
  endfacet
  facet normal -0.42371 0 -0.905798
    outer loop
      vertex 19.5569 -35.9 4.07921
      vertex 19.6441 -34.5 4.03842
      vertex 19.6441 -35.9 4.03842
    endloop
  endfacet
  facet normal -0.42371 0 -0.905798
    outer loop
      vertex 19.6441 -34.5 4.03842
      vertex 19.5569 -35.9 4.07921
      vertex 19.5569 -34.5 4.07921
    endloop
  endfacet
  facet normal -0.548218 0 -0.836336
    outer loop
      vertex 19.4769 -35.9 4.13165
      vertex 19.5569 -34.5 4.07921
      vertex 19.5569 -35.9 4.07921
    endloop
  endfacet
  facet normal -0.548218 0 -0.836336
    outer loop
      vertex 19.5569 -34.5 4.07921
      vertex 19.4769 -35.9 4.13165
      vertex 19.4769 -34.5 4.13165
    endloop
  endfacet
  facet normal -0.660384 0 -0.750928
    outer loop
      vertex 19.404 -35.9 4.19576
      vertex 19.4769 -34.5 4.13165
      vertex 19.4769 -35.9 4.13165
    endloop
  endfacet
  facet normal -0.660384 0 -0.750928
    outer loop
      vertex 19.4769 -34.5 4.13165
      vertex 19.404 -35.9 4.19576
      vertex 19.404 -34.5 4.19576
    endloop
  endfacet
  facet normal -0.755399 0 -0.655265
    outer loop
      vertex 19.404 -35.9 4.19576
      vertex 19.3383 -34.5 4.2715
      vertex 19.404 -34.5 4.19576
    endloop
  endfacet
  facet normal -0.755399 -0 -0.655265
    outer loop
      vertex 19.3383 -34.5 4.2715
      vertex 19.404 -35.9 4.19576
      vertex 19.3383 -35.9 4.2715
    endloop
  endfacet
  facet normal -0.830556 0 -0.556935
    outer loop
      vertex 19.3383 -35.9 4.2715
      vertex 19.2797 -34.5 4.35889
      vertex 19.3383 -34.5 4.2715
    endloop
  endfacet
  facet normal -0.830556 -0 -0.556935
    outer loop
      vertex 19.2797 -34.5 4.35889
      vertex 19.3383 -35.9 4.2715
      vertex 19.2797 -35.9 4.35889
    endloop
  endfacet
  facet normal -0.887258 0 -0.461274
    outer loop
      vertex 19.2797 -35.9 4.35889
      vertex 19.2282 -34.5 4.45795
      vertex 19.2797 -34.5 4.35889
    endloop
  endfacet
  facet normal -0.887258 -0 -0.461274
    outer loop
      vertex 19.2282 -34.5 4.45795
      vertex 19.2797 -35.9 4.35889
      vertex 19.2282 -35.9 4.45795
    endloop
  endfacet
  facet normal -0.928511 0 -0.371306
    outer loop
      vertex 19.2282 -35.9 4.45795
      vertex 19.1829 -34.5 4.57123
      vertex 19.2282 -34.5 4.45795
    endloop
  endfacet
  facet normal -0.928511 -0 -0.371306
    outer loop
      vertex 19.1829 -34.5 4.57123
      vertex 19.2282 -35.9 4.45795
      vertex 19.1829 -35.9 4.57123
    endloop
  endfacet
  facet normal -0.956017 0 -0.293311
    outer loop
      vertex 19.1829 -35.9 4.57123
      vertex 19.143 -34.5 4.70128
      vertex 19.1829 -34.5 4.57123
    endloop
  endfacet
  facet normal -0.956017 -0 -0.293311
    outer loop
      vertex 19.143 -34.5 4.70128
      vertex 19.1829 -35.9 4.57123
      vertex 19.143 -35.9 4.70128
    endloop
  endfacet
  facet normal -0.973341 0 -0.229364
    outer loop
      vertex 19.143 -35.9 4.70128
      vertex 19.1084 -34.5 4.84811
      vertex 19.143 -34.5 4.70128
    endloop
  endfacet
  facet normal -0.973341 -0 -0.229364
    outer loop
      vertex 19.1084 -34.5 4.84811
      vertex 19.143 -35.9 4.70128
      vertex 19.1084 -35.9 4.84811
    endloop
  endfacet
  facet normal -0.98434 0 -0.17628
    outer loop
      vertex 19.1084 -35.9 4.84811
      vertex 19.0791 -34.5 5.01172
      vertex 19.1084 -34.5 4.84811
    endloop
  endfacet
  facet normal -0.98434 -0 -0.17628
    outer loop
      vertex 19.0791 -34.5 5.01172
      vertex 19.1084 -35.9 4.84811
      vertex 19.0791 -35.9 5.01172
    endloop
  endfacet
  facet normal -0.991263 0 -0.131897
    outer loop
      vertex 19.0791 -35.9 5.01172
      vertex 19.0551 -34.5 5.19209
      vertex 19.0791 -34.5 5.01172
    endloop
  endfacet
  facet normal -0.991263 -0 -0.131897
    outer loop
      vertex 19.0551 -34.5 5.19209
      vertex 19.0791 -35.9 5.01172
      vertex 19.0551 -35.9 5.19209
    endloop
  endfacet
  facet normal -0.99558 0 -0.0939226
    outer loop
      vertex 19.0551 -35.9 5.19209
      vertex 19.0365 -34.5 5.38925
      vertex 19.0551 -34.5 5.19209
    endloop
  endfacet
  facet normal -0.99558 -0 -0.0939226
    outer loop
      vertex 19.0365 -34.5 5.38925
      vertex 19.0551 -35.9 5.19209
      vertex 19.0365 -35.9 5.38925
    endloop
  endfacet
  facet normal -0.998073 0 -0.0620501
    outer loop
      vertex 19.0365 -35.9 5.38925
      vertex 19.0232 -34.5 5.60318
      vertex 19.0365 -34.5 5.38925
    endloop
  endfacet
  facet normal -0.998073 -0 -0.0620501
    outer loop
      vertex 19.0232 -34.5 5.60318
      vertex 19.0365 -35.9 5.38925
      vertex 19.0232 -35.9 5.60318
    endloop
  endfacet
  facet normal -0.999399 0 -0.0346547
    outer loop
      vertex 19.0232 -35.9 5.60318
      vertex 19.0152 -34.5 5.83389
      vertex 19.0232 -34.5 5.60318
    endloop
  endfacet
  facet normal -0.999399 -0 -0.0346547
    outer loop
      vertex 19.0152 -34.5 5.83389
      vertex 19.0232 -35.9 5.60318
      vertex 19.0152 -35.9 5.83389
    endloop
  endfacet
  facet normal -0.99994 0 -0.0109098
    outer loop
      vertex 19.0152 -35.9 5.83389
      vertex 19.0125 -34.5 6.08136
      vertex 19.0152 -34.5 5.83389
    endloop
  endfacet
  facet normal -0.99994 -0 -0.0109098
    outer loop
      vertex 19.0125 -34.5 6.08136
      vertex 19.0152 -35.9 5.83389
      vertex 19.0125 -35.9 6.08136
    endloop
  endfacet
  facet normal -0.999939 0 0.011026
    outer loop
      vertex 19.0125 -35.9 6.08136
      vertex 19.0152 -34.5 6.32622
      vertex 19.0125 -34.5 6.08136
    endloop
  endfacet
  facet normal -0.999939 0 0.011026
    outer loop
      vertex 19.0152 -34.5 6.32622
      vertex 19.0125 -35.9 6.08136
      vertex 19.0152 -35.9 6.32622
    endloop
  endfacet
  facet normal -0.999386 0 0.0350324
    outer loop
      vertex 19.0152 -35.9 6.32622
      vertex 19.0232 -34.5 6.55444
      vertex 19.0152 -34.5 6.32622
    endloop
  endfacet
  facet normal -0.999386 0 0.0350324
    outer loop
      vertex 19.0232 -34.5 6.55444
      vertex 19.0152 -35.9 6.32622
      vertex 19.0232 -35.9 6.55444
    endloop
  endfacet
  facet normal -0.998031 0 0.0627277
    outer loop
      vertex 19.0232 -35.9 6.55444
      vertex 19.0365 -34.5 6.76605
      vertex 19.0232 -34.5 6.55444
    endloop
  endfacet
  facet normal -0.998031 0 0.0627277
    outer loop
      vertex 19.0365 -34.5 6.76605
      vertex 19.0232 -35.9 6.55444
      vertex 19.0365 -35.9 6.76605
    endloop
  endfacet
  facet normal -0.99548 0 0.0949729
    outer loop
      vertex 19.0365 -35.9 6.76605
      vertex 19.0551 -34.5 6.96101
      vertex 19.0365 -34.5 6.76605
    endloop
  endfacet
  facet normal -0.99548 0 0.0949729
    outer loop
      vertex 19.0551 -34.5 6.96101
      vertex 19.0365 -35.9 6.76605
      vertex 19.0551 -35.9 6.96101
    endloop
  endfacet
  facet normal -0.991068 0 0.133357
    outer loop
      vertex 19.0551 -35.9 6.96101
      vertex 19.0791 -34.5 7.13937
      vertex 19.0551 -34.5 6.96101
    endloop
  endfacet
  facet normal -0.991068 0 0.133357
    outer loop
      vertex 19.0791 -34.5 7.13937
      vertex 19.0551 -35.9 6.96101
      vertex 19.0791 -35.9 7.13937
    endloop
  endfacet
  facet normal -0.983981 5.69859e-05 0.178275
    outer loop
      vertex 19.0791 -34.5 7.13937
      vertex 19.0991 -35.2537 7.25
      vertex 19.1084 -34.5 7.30109
    endloop
  endfacet
  facet normal -0.984049 0 0.177899
    outer loop
      vertex 19.0791 -35.9 7.13937
      vertex 19.0991 -35.2537 7.25
      vertex 19.0791 -34.5 7.13937
    endloop
  endfacet
  facet normal -0.984049 0 0.177899
    outer loop
      vertex 19.0991 -35.2537 7.25
      vertex 19.0791 -35.9 7.13937
      vertex 19.0991 -35.9 7.25
    endloop
  endfacet
  facet normal -0.983833 0 0.179089
    outer loop
      vertex 19.1084 -34.5 7.30109
      vertex 19.0991 -35.2537 7.25
      vertex 19.1084 -35.2538 7.30109
    endloop
  endfacet
  facet normal -0.972723 0 0.231968
    outer loop
      vertex 19.1084 -35.2538 7.30109
      vertex 19.143 -34.5 7.44618
      vertex 19.1084 -34.5 7.30109
    endloop
  endfacet
  facet normal -0.972723 0 0.231968
    outer loop
      vertex 19.143 -34.5 7.44618
      vertex 19.1084 -35.2538 7.30109
      vertex 19.143 -35.2544 7.44618
    endloop
  endfacet
  facet normal -0.954988 0 0.296645
    outer loop
      vertex 19.143 -35.2544 7.44618
      vertex 19.1829 -34.5 7.57463
      vertex 19.143 -34.5 7.44618
    endloop
  endfacet
  facet normal -0.954988 0 0.296645
    outer loop
      vertex 19.1829 -34.5 7.57463
      vertex 19.143 -35.2544 7.44618
      vertex 19.1829 -35.255 7.57463
    endloop
  endfacet
  facet normal -0.926868 0 0.375388
    outer loop
      vertex 19.1829 -35.255 7.57463
      vertex 19.2282 -34.5 7.68648
      vertex 19.1829 -34.5 7.57463
    endloop
  endfacet
  facet normal -0.926868 0 0.375388
    outer loop
      vertex 19.2282 -34.5 7.68648
      vertex 19.1829 -35.255 7.57463
      vertex 19.2282 -35.2557 7.68648
    endloop
  endfacet
  facet normal -0.884781 0 0.466007
    outer loop
      vertex 19.2282 -35.2557 7.68648
      vertex 19.2797 -34.5 7.78426
      vertex 19.2282 -34.5 7.68648
    endloop
  endfacet
  facet normal -0.884781 0 0.466007
    outer loop
      vertex 19.2797 -34.5 7.78426
      vertex 19.2282 -35.2557 7.68648
      vertex 19.2797 -35.2565 7.78426
    endloop
  endfacet
  facet normal -0.82721 0 0.561893
    outer loop
      vertex 19.2797 -35.2565 7.78426
      vertex 19.3383 -34.5 7.87053
      vertex 19.2797 -34.5 7.78426
    endloop
  endfacet
  facet normal -0.82721 0 0.561893
    outer loop
      vertex 19.3383 -34.5 7.87053
      vertex 19.2797 -35.2565 7.78426
      vertex 19.3383 -35.2574 7.87053
    endloop
  endfacet
  facet normal -0.751243 0 0.660025
    outer loop
      vertex 19.3383 -35.2574 7.87053
      vertex 19.404 -34.5 7.94531
      vertex 19.3383 -34.5 7.87053
    endloop
  endfacet
  facet normal -0.751243 0 0.660025
    outer loop
      vertex 19.404 -34.5 7.94531
      vertex 19.3383 -35.2574 7.87053
      vertex 19.404 -35.2585 7.94531
    endloop
  endfacet
  facet normal -0.655463 0 0.755227
    outer loop
      vertex 19.404 -35.2585 7.94531
      vertex 19.4769 -34.5 8.00858
      vertex 19.404 -34.5 7.94531
    endloop
  endfacet
  facet normal -0.655463 0 0.755227
    outer loop
      vertex 19.4769 -34.5 8.00858
      vertex 19.404 -35.2585 7.94531
      vertex 19.4769 -35.2596 8.00858
    endloop
  endfacet
  facet normal -0.54329 0 0.839545
    outer loop
      vertex 19.4769 -35.2596 8.00858
      vertex 19.5569 -34.5 8.06035
      vertex 19.4769 -34.5 8.00858
    endloop
  endfacet
  facet normal -0.54329 0 0.839545
    outer loop
      vertex 19.5569 -34.5 8.06035
      vertex 19.4769 -35.2596 8.00858
      vertex 19.5569 -35.2609 8.06035
    endloop
  endfacet
  facet normal -0.419091 0 0.907944
    outer loop
      vertex 19.5569 -35.2609 8.06035
      vertex 19.6441 -34.5 8.1006
      vertex 19.5569 -34.5 8.06035
    endloop
  endfacet
  facet normal -0.419091 0 0.907944
    outer loop
      vertex 19.6441 -34.5 8.1006
      vertex 19.5569 -35.2609 8.06035
      vertex 19.6441 -35.2623 8.1006
    endloop
  endfacet
  facet normal -0.291719 0 0.956504
    outer loop
      vertex 19.6441 -35.2623 8.1006
      vertex 19.7384 -34.5 8.12936
      vertex 19.6441 -34.5 8.1006
    endloop
  endfacet
  facet normal -0.291719 0 0.956504
    outer loop
      vertex 19.7384 -34.5 8.12936
      vertex 19.6441 -35.2623 8.1006
      vertex 19.7384 -35.2637 8.12936
    endloop
  endfacet
  facet normal -0.167803 0 0.98582
    outer loop
      vertex 19.7384 -35.2637 8.12936
      vertex 19.8398 -34.5 8.14662
      vertex 19.7384 -34.5 8.12936
    endloop
  endfacet
  facet normal -0.167803 0 0.98582
    outer loop
      vertex 19.8398 -34.5 8.14662
      vertex 19.7384 -35.2637 8.12936
      vertex 19.8398 -35.2653 8.14662
    endloop
  endfacet
  facet normal -0.0529211 0 0.998599
    outer loop
      vertex 19.8398 -35.2653 8.14662
      vertex 19.9483 -34.5 8.15237
      vertex 19.8398 -34.5 8.14662
    endloop
  endfacet
  facet normal -0.0529211 0 0.998599
    outer loop
      vertex 19.9483 -34.5 8.15237
      vertex 19.8398 -35.2653 8.14662
      vertex 19.9483 -35.267 8.15237
    endloop
  endfacet
  facet normal 0.0528725 -0 0.998601
    outer loop
      vertex 19.9483 -35.267 8.15237
      vertex 20.0569 -34.5 8.14662
      vertex 19.9483 -34.5 8.15237
    endloop
  endfacet
  facet normal 0.0528725 0 0.998601
    outer loop
      vertex 20.0569 -34.5 8.14662
      vertex 19.9483 -35.267 8.15237
      vertex 20.0569 -35.2688 8.14662
    endloop
  endfacet
  facet normal 0.167964 -0 0.985793
    outer loop
      vertex 20.0569 -35.2688 8.14662
      vertex 20.1582 -34.5 8.12936
      vertex 20.0569 -34.5 8.14662
    endloop
  endfacet
  facet normal 0.167964 0 0.985793
    outer loop
      vertex 20.1582 -34.5 8.12936
      vertex 20.0569 -35.2688 8.14662
      vertex 20.1582 -35.2704 8.12936
    endloop
  endfacet
  facet normal 0.292002 -0 0.956418
    outer loop
      vertex 20.1582 -35.2704 8.12936
      vertex 20.2524 -34.5 8.1006
      vertex 20.1582 -34.5 8.12936
    endloop
  endfacet
  facet normal 0.292002 0 0.956418
    outer loop
      vertex 20.2524 -34.5 8.1006
      vertex 20.1582 -35.2704 8.12936
      vertex 20.2524 -35.2718 8.1006
    endloop
  endfacet
  facet normal 0.419885 -0 0.907577
    outer loop
      vertex 20.2524 -35.2718 8.1006
      vertex 20.3394 -34.5 8.06035
      vertex 20.2524 -34.5 8.1006
    endloop
  endfacet
  facet normal 0.419885 0 0.907577
    outer loop
      vertex 20.3394 -34.5 8.06035
      vertex 20.2524 -35.2718 8.1006
      vertex 20.3394 -35.2732 8.06035
    endloop
  endfacet
  facet normal 0.544249 -0 0.838924
    outer loop
      vertex 20.3394 -35.2732 8.06035
      vertex 20.4192 -34.5 8.00858
      vertex 20.3394 -34.5 8.06035
    endloop
  endfacet
  facet normal 0.544249 0 0.838924
    outer loop
      vertex 20.4192 -34.5 8.00858
      vertex 20.3394 -35.2732 8.06035
      vertex 20.4192 -35.2745 8.00858
    endloop
  endfacet
  facet normal 0.657004 -0 0.753887
    outer loop
      vertex 20.4192 -35.2745 8.00858
      vertex 20.4918 -34.5 7.94531
      vertex 20.4192 -34.5 8.00858
    endloop
  endfacet
  facet normal 0.657004 0 0.753887
    outer loop
      vertex 20.4918 -34.5 7.94531
      vertex 20.4192 -35.2745 8.00858
      vertex 20.4918 -35.2756 7.94531
    endloop
  endfacet
  facet normal 0.752739 -0 0.658319
    outer loop
      vertex 20.4918 -35.2756 7.94531
      vertex 20.5572 -34.5 7.87053
      vertex 20.4918 -34.5 7.94531
    endloop
  endfacet
  facet normal 0.752739 0 0.658319
    outer loop
      vertex 20.5572 -34.5 7.87053
      vertex 20.4918 -35.2756 7.94531
      vertex 20.5572 -35.2766 7.87053
    endloop
  endfacet
  facet normal 0.828992 -0 0.55926
    outer loop
      vertex 20.5572 -35.2766 7.87053
      vertex 20.6154 -34.5 7.78426
      vertex 20.5572 -34.5 7.87053
    endloop
  endfacet
  facet normal 0.828992 0 0.55926
    outer loop
      vertex 20.6154 -34.5 7.78426
      vertex 20.5572 -35.2766 7.87053
      vertex 20.6154 -35.2776 7.78426
    endloop
  endfacet
  facet normal 0.886271 -0 0.463167
    outer loop
      vertex 20.6154 -35.2776 7.78426
      vertex 20.6665 -34.5 7.68648
      vertex 20.6154 -34.5 7.78426
    endloop
  endfacet
  facet normal 0.886271 0 0.463167
    outer loop
      vertex 20.6665 -34.5 7.68648
      vertex 20.6154 -35.2776 7.78426
      vertex 20.6665 -35.2784 7.68648
    endloop
  endfacet
  facet normal 0.928305 -0 0.37182
    outer loop
      vertex 20.6665 -35.2784 7.68648
      vertex 20.7113 -34.5 7.57463
      vertex 20.6665 -34.5 7.68648
    endloop
  endfacet
  facet normal 0.928305 0 0.37182
    outer loop
      vertex 20.7113 -34.5 7.57463
      vertex 20.6665 -35.2784 7.68648
      vertex 20.7113 -35.2791 7.57463
    endloop
  endfacet
  facet normal 0.955618 -0 0.294609
    outer loop
      vertex 20.7113 -35.2791 7.57463
      vertex 20.7509 -34.5 7.44618
      vertex 20.7113 -34.5 7.57463
    endloop
  endfacet
  facet normal 0.955618 0 0.294609
    outer loop
      vertex 20.7509 -34.5 7.44618
      vertex 20.7113 -35.2791 7.57463
      vertex 20.7509 -35.2797 7.44618
    endloop
  endfacet
  facet normal 0.973176 -0 0.230064
    outer loop
      vertex 20.7509 -35.2797 7.44618
      vertex 20.7852 -34.5 7.30109
      vertex 20.7509 -34.5 7.44618
    endloop
  endfacet
  facet normal 0.973176 0 0.230064
    outer loop
      vertex 20.7852 -34.5 7.30109
      vertex 20.7509 -35.2797 7.44618
      vertex 20.7852 -35.2802 7.30109
    endloop
  endfacet
  facet normal 0.984505 0 0.175357
    outer loop
      vertex 20.7943 -35.2804 7.25
      vertex 20.7852 -34.5 7.30109
      vertex 20.7852 -35.2802 7.30109
    endloop
  endfacet
  facet normal 0.984299 -7.76637e-05 0.176507
    outer loop
      vertex 20.7852 -34.5 7.30109
      vertex 20.7943 -35.2804 7.25
      vertex 20.8142 -34.5 7.13937
    endloop
  endfacet
  facet normal 0.984204 0 0.177038
    outer loop
      vertex 20.8142 -35.9 7.13937
      vertex 20.7943 -35.2804 7.25
      vertex 20.7943 -35.9 7.25
    endloop
  endfacet
  facet normal 0.984204 0 0.177038
    outer loop
      vertex 20.7943 -35.2804 7.25
      vertex 20.8142 -35.9 7.13937
      vertex 20.8142 -34.5 7.13937
    endloop
  endfacet
  facet normal 0.991287 -0 0.13172
    outer loop
      vertex 20.8142 -35.9 7.13937
      vertex 20.8379 -34.5 6.96101
      vertex 20.8142 -34.5 7.13937
    endloop
  endfacet
  facet normal 0.991287 0 0.13172
    outer loop
      vertex 20.8379 -34.5 6.96101
      vertex 20.8142 -35.9 7.13937
      vertex 20.8379 -35.9 6.96101
    endloop
  endfacet
  facet normal 0.995528 -0 0.0944669
    outer loop
      vertex 20.8379 -35.9 6.96101
      vertex 20.8564 -34.5 6.76605
      vertex 20.8379 -34.5 6.96101
    endloop
  endfacet
  facet normal 0.995528 0 0.0944669
    outer loop
      vertex 20.8564 -34.5 6.76605
      vertex 20.8379 -35.9 6.96101
      vertex 20.8564 -35.9 6.76605
    endloop
  endfacet
  facet normal 0.998089 -0 0.0617881
    outer loop
      vertex 20.8564 -35.9 6.76605
      vertex 20.8695 -34.5 6.55444
      vertex 20.8564 -34.5 6.76605
    endloop
  endfacet
  facet normal 0.998089 0 0.0617881
    outer loop
      vertex 20.8695 -34.5 6.55444
      vertex 20.8564 -35.9 6.76605
      vertex 20.8695 -35.9 6.55444
    endloop
  endfacet
  facet normal 0.999386 -0 0.0350324
    outer loop
      vertex 20.8695 -35.9 6.55444
      vertex 20.8775 -34.5 6.32622
      vertex 20.8695 -34.5 6.55444
    endloop
  endfacet
  facet normal 0.999386 0 0.0350324
    outer loop
      vertex 20.8775 -34.5 6.32622
      vertex 20.8695 -35.9 6.55444
      vertex 20.8775 -35.9 6.32622
    endloop
  endfacet
  facet normal 0.999944 -0 0.0106177
    outer loop
      vertex 20.8775 -35.9 6.32622
      vertex 20.8801 -34.5 6.08136
      vertex 20.8775 -34.5 6.32622
    endloop
  endfacet
  facet normal 0.999944 0 0.0106177
    outer loop
      vertex 20.8801 -34.5 6.08136
      vertex 20.8775 -35.9 6.32622
      vertex 20.8801 -35.9 6.08136
    endloop
  endfacet
  facet normal 0.99994 0 -0.0109098
    outer loop
      vertex 20.8801 -35.9 6.08136
      vertex 20.8774 -34.5 5.83389
      vertex 20.8801 -34.5 6.08136
    endloop
  endfacet
  facet normal 0.99994 0 -0.0109098
    outer loop
      vertex 20.8774 -34.5 5.83389
      vertex 20.8801 -35.9 6.08136
      vertex 20.8774 -35.9 5.83389
    endloop
  endfacet
  facet normal 0.999399 0 -0.0346547
    outer loop
      vertex 20.8774 -35.9 5.83389
      vertex 20.8694 -34.5 5.60318
      vertex 20.8774 -34.5 5.83389
    endloop
  endfacet
  facet normal 0.999399 0 -0.0346547
    outer loop
      vertex 20.8694 -34.5 5.60318
      vertex 20.8774 -35.9 5.83389
      vertex 20.8694 -35.9 5.60318
    endloop
  endfacet
  facet normal 0.998073 0 -0.0620501
    outer loop
      vertex 20.8694 -35.9 5.60318
      vertex 20.8561 -34.5 5.38925
      vertex 20.8694 -34.5 5.60318
    endloop
  endfacet
  facet normal 0.998073 0 -0.0620501
    outer loop
      vertex 20.8561 -34.5 5.38925
      vertex 20.8694 -35.9 5.60318
      vertex 20.8561 -35.9 5.38925
    endloop
  endfacet
  facet normal 0.99558 0 -0.0939226
    outer loop
      vertex 20.8561 -35.9 5.38925
      vertex 20.8375 -34.5 5.19209
      vertex 20.8561 -34.5 5.38925
    endloop
  endfacet
  facet normal 0.99558 0 -0.0939226
    outer loop
      vertex 20.8375 -34.5 5.19209
      vertex 20.8561 -35.9 5.38925
      vertex 20.8375 -35.9 5.19209
    endloop
  endfacet
  facet normal 0.991263 0 -0.131897
    outer loop
      vertex 20.8375 -35.9 5.19209
      vertex 20.8135 -34.5 5.01172
      vertex 20.8375 -34.5 5.19209
    endloop
  endfacet
  facet normal 0.991263 0 -0.131897
    outer loop
      vertex 20.8135 -34.5 5.01172
      vertex 20.8375 -35.9 5.19209
      vertex 20.8135 -35.9 5.01172
    endloop
  endfacet
  facet normal 0.984444 0 -0.175697
    outer loop
      vertex 20.8135 -35.9 5.01172
      vertex 20.7843 -34.5 4.84811
      vertex 20.8135 -34.5 5.01172
    endloop
  endfacet
  facet normal 0.984444 0 -0.175697
    outer loop
      vertex 20.7843 -34.5 4.84811
      vertex 20.8135 -35.9 5.01172
      vertex 20.7843 -35.9 4.84811
    endloop
  endfacet
  facet normal 0.973192 0 -0.229992
    outer loop
      vertex 20.7843 -35.9 4.84811
      vertex 20.7496 -34.5 4.70128
      vertex 20.7843 -34.5 4.84811
    endloop
  endfacet
  facet normal 0.973192 0 -0.229992
    outer loop
      vertex 20.7496 -34.5 4.70128
      vertex 20.7843 -35.9 4.84811
      vertex 20.7496 -35.9 4.70128
    endloop
  endfacet
  facet normal 0.956017 0 -0.293311
    outer loop
      vertex 20.7496 -35.9 4.70128
      vertex 20.7097 -34.5 4.57123
      vertex 20.7496 -34.5 4.70128
    endloop
  endfacet
  facet normal 0.956017 0 -0.293311
    outer loop
      vertex 20.7097 -34.5 4.57123
      vertex 20.7496 -35.9 4.70128
      vertex 20.7097 -35.9 4.57123
    endloop
  endfacet
  facet normal 0.928511 0 -0.371306
    outer loop
      vertex 20.7097 -35.9 4.57123
      vertex 20.6644 -34.5 4.45795
      vertex 20.7097 -34.5 4.57123
    endloop
  endfacet
  facet normal 0.928511 0 -0.371306
    outer loop
      vertex 20.6644 -34.5 4.45795
      vertex 20.7097 -35.9 4.57123
      vertex 20.6644 -35.9 4.45795
    endloop
  endfacet
  facet normal 0.887624 0 -0.460568
    outer loop
      vertex 20.6644 -35.9 4.45795
      vertex 20.613 -34.5 4.35889
      vertex 20.6644 -34.5 4.45795
    endloop
  endfacet
  facet normal 0.887624 0 -0.460568
    outer loop
      vertex 20.613 -34.5 4.35889
      vertex 20.6644 -35.9 4.45795
      vertex 20.613 -35.9 4.35889
    endloop
  endfacet
  facet normal 0.831435 0 -0.555622
    outer loop
      vertex 20.613 -35.9 4.35889
      vertex 20.5546 -34.5 4.2715
      vertex 20.613 -34.5 4.35889
    endloop
  endfacet
  facet normal 0.831435 0 -0.555622
    outer loop
      vertex 20.5546 -34.5 4.2715
      vertex 20.613 -35.9 4.35889
      vertex 20.5546 -35.9 4.2715
    endloop
  endfacet
  facet normal 0.755893 0 -0.654695
    outer loop
      vertex 20.5546 -35.9 4.2715
      vertex 20.489 -34.5 4.19576
      vertex 20.5546 -34.5 4.2715
    endloop
  endfacet
  facet normal 0.755893 0 -0.654695
    outer loop
      vertex 20.489 -34.5 4.19576
      vertex 20.5546 -35.9 4.2715
      vertex 20.489 -35.9 4.19576
    endloop
  endfacet
  facet normal 0.662431 0 -0.749123
    outer loop
      vertex 20.4165 -35.9 4.13165
      vertex 20.489 -34.5 4.19576
      vertex 20.489 -35.9 4.19576
    endloop
  endfacet
  facet normal 0.662431 0 -0.749123
    outer loop
      vertex 20.489 -34.5 4.19576
      vertex 20.4165 -35.9 4.13165
      vertex 20.4165 -34.5 4.13165
    endloop
  endfacet
  facet normal 0.55014 0 -0.835072
    outer loop
      vertex 20.3369 -35.9 4.07921
      vertex 20.4165 -34.5 4.13165
      vertex 20.4165 -35.9 4.13165
    endloop
  endfacet
  facet normal 0.55014 0 -0.835072
    outer loop
      vertex 20.4165 -34.5 4.13165
      vertex 20.3369 -35.9 4.07921
      vertex 20.3369 -34.5 4.07921
    endloop
  endfacet
  facet normal 0.426517 0 -0.90448
    outer loop
      vertex 20.2504 -35.9 4.03842
      vertex 20.3369 -34.5 4.07921
      vertex 20.3369 -35.9 4.07921
    endloop
  endfacet
  facet normal 0.426517 0 -0.90448
    outer loop
      vertex 20.3369 -34.5 4.07921
      vertex 20.2504 -35.9 4.03842
      vertex 20.2504 -34.5 4.03842
    endloop
  endfacet
  facet normal 0.29687 0 -0.954918
    outer loop
      vertex 20.1567 -35.9 4.00929
      vertex 20.2504 -34.5 4.03842
      vertex 20.2504 -35.9 4.03842
    endloop
  endfacet
  facet normal 0.29687 0 -0.954918
    outer loop
      vertex 20.2504 -34.5 4.03842
      vertex 20.1567 -35.9 4.00929
      vertex 20.1567 -34.5 4.00929
    endloop
  endfacet
  facet normal 0.170932 0 -0.985283
    outer loop
      vertex 20.056 -35.9 3.99182
      vertex 20.1567 -34.5 4.00929
      vertex 20.1567 -35.9 4.00929
    endloop
  endfacet
  facet normal 0.170932 0 -0.985283
    outer loop
      vertex 20.1567 -34.5 4.00929
      vertex 20.056 -35.9 3.99182
      vertex 20.056 -34.5 3.99182
    endloop
  endfacet
  facet normal 0.0540527 0 -0.998538
    outer loop
      vertex 19.9483 -35.9 3.98599
      vertex 20.056 -34.5 3.99182
      vertex 20.056 -35.9 3.99182
    endloop
  endfacet
  facet normal 0.0540527 0 -0.998538
    outer loop
      vertex 20.056 -34.5 3.99182
      vertex 19.9483 -35.9 3.98599
      vertex 19.9483 -34.5 3.98599
    endloop
  endfacet
  facet normal -0.0536553 0 -0.99856
    outer loop
      vertex 19.8398 -35.9 3.99182
      vertex 19.9483 -34.5 3.98599
      vertex 19.9483 -35.9 3.98599
    endloop
  endfacet
  facet normal -0.0536553 0 -0.99856
    outer loop
      vertex 19.9483 -34.5 3.98599
      vertex 19.8398 -35.9 3.99182
      vertex 19.8398 -34.5 3.99182
    endloop
  endfacet
  facet normal -1 0 0
    outer loop
      vertex 27.8445 -35.3914 8.22942
      vertex 27.8445 -34.5 9.11237
      vertex 27.8445 -34.5 8.22942
    endloop
  endfacet
  facet normal -1 -0 0
    outer loop
      vertex 27.8445 -34.5 9.11237
      vertex 27.8445 -35.3914 8.22942
      vertex 27.8445 -35.3914 9.11237
    endloop
  endfacet
  facet normal 0 0 -1
    outer loop
      vertex 23.2672 -35.3193 9.11237
      vertex 27.8445 -34.5 9.11237
      vertex 27.8445 -35.3914 9.11237
    endloop
  endfacet
  facet normal -0 0 -1
    outer loop
      vertex 27.8445 -34.5 9.11237
      vertex 23.2672 -35.3193 9.11237
      vertex 23.2672 -34.5 9.11237
    endloop
  endfacet
  facet normal 1 -0 0
    outer loop
      vertex 23.2672 -35.3193 9.11237
      vertex 23.2672 -34.5 7.96037
      vertex 23.2672 -34.5 9.11237
    endloop
  endfacet
  facet normal 1 0 0
    outer loop
      vertex 23.2672 -34.5 7.96037
      vertex 23.2672 -35.3193 9.11237
      vertex 23.2672 -35.3193 7.96037
    endloop
  endfacet
  facet normal 0 0 1
    outer loop
      vertex 23.2672 -35.3193 7.96037
      vertex 26.1927 -34.5 7.96037
      vertex 23.2672 -34.5 7.96037
    endloop
  endfacet
  facet normal 0 0 1
    outer loop
      vertex 26.1927 -34.5 7.96037
      vertex 23.2672 -35.3193 7.96037
      vertex 26.1927 -35.3654 7.96037
    endloop
  endfacet
  facet normal 0.910071 7.1542e-06 -0.414452
    outer loop
      vertex 26.1927 -34.5 7.96037
      vertex 25.8692 -35.3603 7.25
      vertex 23.9508 -34.5 3.03751
    endloop
  endfacet
  facet normal 0.910074 0 -0.414445
    outer loop
      vertex 25.8692 -35.3603 7.25
      vertex 26.1927 -34.5 7.96037
      vertex 26.1927 -35.3654 7.96037
    endloop
  endfacet
  facet normal 0.910071 0 -0.414453
    outer loop
      vertex 23.9508 -35.9 3.03751
      vertex 25.8692 -35.3603 7.25
      vertex 25.8692 -35.9 7.25
    endloop
  endfacet
  facet normal 0.910071 0 -0.414453
    outer loop
      vertex 25.8692 -35.3603 7.25
      vertex 23.9508 -35.9 3.03751
      vertex 23.9508 -34.5 3.03751
    endloop
  endfacet
  facet normal -0 0 1
    outer loop
      vertex 23.9508 -34.5 3.03751
      vertex 25.4766 -35.9 3.03751
      vertex 25.4766 -34.5 3.03751
    endloop
  endfacet
  facet normal 0 0 1
    outer loop
      vertex 25.4766 -35.9 3.03751
      vertex 23.9508 -34.5 3.03751
      vertex 23.9508 -35.9 3.03751
    endloop
  endfacet
  facet normal -0.909842 1.14092e-05 0.414956
    outer loop
      vertex 25.4766 -34.5 3.03751
      vertex 27.3978 -35.3844 7.25
      vertex 27.8445 -34.5 8.22942
    endloop
  endfacet
  facet normal -0.909842 0 0.414954
    outer loop
      vertex 25.4766 -35.9 3.03751
      vertex 27.3978 -35.3844 7.25
      vertex 25.4766 -34.5 3.03751
    endloop
  endfacet
  facet normal -0.909842 0 0.414954
    outer loop
      vertex 27.3978 -35.3844 7.25
      vertex 25.4766 -35.9 3.03751
      vertex 27.3978 -35.9 7.25
    endloop
  endfacet
  facet normal -0.909838 0 0.414964
    outer loop
      vertex 27.8445 -34.5 8.22942
      vertex 27.3978 -35.3844 7.25
      vertex 27.8445 -35.3914 8.22942
    endloop
  endfacet
  facet normal -0.0646918 0 0.997905
    outer loop
      vertex 35.3765 -34.5 3.04283
      vertex 35.623 -35.9 3.05881
      vertex 35.623 -34.5 3.05881
    endloop
  endfacet
  facet normal -0.0646918 0 0.997905
    outer loop
      vertex 35.623 -35.9 3.05881
      vertex 35.3765 -34.5 3.04283
      vertex 35.3765 -35.9 3.04283
    endloop
  endfacet
  facet normal -0.114419 0 0.993433
    outer loop
      vertex 35.623 -34.5 3.05881
      vertex 35.8543 -35.9 3.08545
      vertex 35.8543 -34.5 3.08545
    endloop
  endfacet
  facet normal -0.114419 0 0.993433
    outer loop
      vertex 35.8543 -35.9 3.08545
      vertex 35.623 -34.5 3.05881
      vertex 35.623 -35.9 3.05881
    endloop
  endfacet
  facet normal -0.170122 0 0.985423
    outer loop
      vertex 35.8543 -34.5 3.08545
      vertex 36.0703 -35.9 3.12274
      vertex 36.0703 -34.5 3.12274
    endloop
  endfacet
  facet normal -0.170122 0 0.985423
    outer loop
      vertex 36.0703 -35.9 3.12274
      vertex 35.8543 -34.5 3.08545
      vertex 35.8543 -35.9 3.08545
    endloop
  endfacet
  facet normal -0.232282 0 0.972648
    outer loop
      vertex 36.0703 -34.5 3.12274
      vertex 36.271 -35.9 3.17067
      vertex 36.271 -34.5 3.17067
    endloop
  endfacet
  facet normal -0.232282 0 0.972648
    outer loop
      vertex 36.271 -35.9 3.17067
      vertex 36.0703 -34.5 3.12274
      vertex 36.0703 -35.9 3.12274
    endloop
  endfacet
  facet normal -0.301331 0 0.95352
    outer loop
      vertex 36.271 -34.5 3.17067
      vertex 36.4564 -35.9 3.22926
      vertex 36.4564 -34.5 3.22926
    endloop
  endfacet
  facet normal -0.301331 0 0.95352
    outer loop
      vertex 36.4564 -35.9 3.22926
      vertex 36.271 -34.5 3.17067
      vertex 36.271 -35.9 3.17067
    endloop
  endfacet
  facet normal -0.376873 0 0.926265
    outer loop
      vertex 36.4564 -34.5 3.22926
      vertex 36.6266 -35.9 3.29851
      vertex 36.6266 -34.5 3.29851
    endloop
  endfacet
  facet normal -0.376873 0 0.926265
    outer loop
      vertex 36.6266 -35.9 3.29851
      vertex 36.4564 -34.5 3.22926
      vertex 36.4564 -35.9 3.22926
    endloop
  endfacet
  facet normal -0.458469 0 0.88871
    outer loop
      vertex 36.6266 -34.5 3.29851
      vertex 36.7815 -35.9 3.37842
      vertex 36.7815 -34.5 3.37842
    endloop
  endfacet
  facet normal -0.458469 0 0.88871
    outer loop
      vertex 36.7815 -35.9 3.37842
      vertex 36.6266 -34.5 3.29851
      vertex 36.6266 -35.9 3.29851
    endloop
  endfacet
  facet normal -0.544143 0 0.838992
    outer loop
      vertex 36.7815 -34.5 3.37842
      vertex 36.9211 -35.9 3.46896
      vertex 36.9211 -34.5 3.46896
    endloop
  endfacet
  facet normal -0.544143 0 0.838992
    outer loop
      vertex 36.9211 -35.9 3.46896
      vertex 36.7815 -34.5 3.37842
      vertex 36.7815 -35.9 3.37842
    endloop
  endfacet
  facet normal -0.630935 0 0.775836
    outer loop
      vertex 36.9211 -34.5 3.46896
      vertex 37.0458 -35.9 3.57037
      vertex 37.0458 -34.5 3.57037
    endloop
  endfacet
  facet normal -0.630935 0 0.775836
    outer loop
      vertex 37.0458 -35.9 3.57037
      vertex 36.9211 -34.5 3.46896
      vertex 36.9211 -35.9 3.46896
    endloop
  endfacet
  facet normal -0.714882 0 0.699245
    outer loop
      vertex 37.0458 -35.9 3.57037
      vertex 37.1558 -34.5 3.68283
      vertex 37.0458 -34.5 3.57037
    endloop
  endfacet
  facet normal -0.714882 0 0.699245
    outer loop
      vertex 37.1558 -34.5 3.68283
      vertex 37.0458 -35.9 3.57037
      vertex 37.1558 -35.9 3.68283
    endloop
  endfacet
  facet normal -0.791432 0 0.611258
    outer loop
      vertex 37.1558 -35.9 3.68283
      vertex 37.2512 -34.5 3.80635
      vertex 37.1558 -34.5 3.68283
    endloop
  endfacet
  facet normal -0.791432 0 0.611258
    outer loop
      vertex 37.2512 -34.5 3.80635
      vertex 37.1558 -35.9 3.68283
      vertex 37.2512 -35.9 3.80635
    endloop
  endfacet
  facet normal -0.857909 0 0.513802
    outer loop
      vertex 37.2512 -35.9 3.80635
      vertex 37.3318 -34.5 3.94093
      vertex 37.2512 -34.5 3.80635
    endloop
  endfacet
  facet normal -0.857909 0 0.513802
    outer loop
      vertex 37.3318 -34.5 3.94093
      vertex 37.2512 -35.9 3.80635
      vertex 37.3318 -35.9 3.94093
    endloop
  endfacet
  facet normal -0.910581 0 0.413332
    outer loop
      vertex 37.3318 -35.9 3.94093
      vertex 37.3979 -34.5 4.08655
      vertex 37.3318 -34.5 3.94093
    endloop
  endfacet
  facet normal -0.910581 0 0.413332
    outer loop
      vertex 37.3979 -34.5 4.08655
      vertex 37.3318 -35.9 3.94093
      vertex 37.3979 -35.9 4.08655
    endloop
  endfacet
  facet normal -0.950362 0 0.311147
    outer loop
      vertex 37.3979 -35.9 4.08655
      vertex 37.4492 -34.5 4.24324
      vertex 37.3979 -34.5 4.08655
    endloop
  endfacet
  facet normal -0.950362 0 0.311147
    outer loop
      vertex 37.4492 -34.5 4.24324
      vertex 37.3979 -35.9 4.08655
      vertex 37.4492 -35.9 4.24324
    endloop
  endfacet
  facet normal -0.976886 0 0.213759
    outer loop
      vertex 37.4492 -35.9 4.24324
      vertex 37.4859 -34.5 4.41096
      vertex 37.4492 -34.5 4.24324
    endloop
  endfacet
  facet normal -0.976886 0 0.213759
    outer loop
      vertex 37.4859 -34.5 4.41096
      vertex 37.4492 -35.9 4.24324
      vertex 37.4859 -35.9 4.41096
    endloop
  endfacet
  facet normal -0.992516 0 0.122115
    outer loop
      vertex 37.4859 -35.9 4.41096
      vertex 37.5079 -34.5 4.58977
      vertex 37.4859 -34.5 4.41096
    endloop
  endfacet
  facet normal -0.992516 0 0.122115
    outer loop
      vertex 37.5079 -34.5 4.58977
      vertex 37.4859 -35.9 4.41096
      vertex 37.5079 -35.9 4.58977
    endloop
  endfacet
  facet normal -0.999261 0 0.0384271
    outer loop
      vertex 37.5079 -35.9 4.58977
      vertex 37.5152 -34.5 4.7796
      vertex 37.5079 -34.5 4.58977
    endloop
  endfacet
  facet normal -0.999261 0 0.0384271
    outer loop
      vertex 37.5152 -34.5 4.7796
      vertex 37.5079 -35.9 4.58977
      vertex 37.5152 -35.9 4.7796
    endloop
  endfacet
  facet normal -0.999632 0 -0.0271206
    outer loop
      vertex 37.5152 -35.9 4.7796
      vertex 37.5118 -34.5 4.90492
      vertex 37.5152 -34.5 4.7796
    endloop
  endfacet
  facet normal -0.999632 -0 -0.0271206
    outer loop
      vertex 37.5118 -34.5 4.90492
      vertex 37.5152 -35.9 4.7796
      vertex 37.5118 -35.9 4.90492
    endloop
  endfacet
  facet normal -0.996391 0 -0.0848799
    outer loop
      vertex 37.5118 -35.9 4.90492
      vertex 37.5015 -34.5 5.02583
      vertex 37.5118 -34.5 4.90492
    endloop
  endfacet
  facet normal -0.996391 -0 -0.0848799
    outer loop
      vertex 37.5015 -34.5 5.02583
      vertex 37.5118 -35.9 4.90492
      vertex 37.5015 -35.9 5.02583
    endloop
  endfacet
  facet normal -0.989515 0 -0.14443
    outer loop
      vertex 37.5015 -35.9 5.02583
      vertex 37.4845 -34.5 5.1423
      vertex 37.5015 -34.5 5.02583
    endloop
  endfacet
  facet normal -0.989515 -0 -0.14443
    outer loop
      vertex 37.4845 -34.5 5.1423
      vertex 37.5015 -35.9 5.02583
      vertex 37.4845 -35.9 5.1423
    endloop
  endfacet
  facet normal -0.977825 0 -0.209422
    outer loop
      vertex 37.4845 -35.9 5.1423
      vertex 37.4605 -34.5 5.25436
      vertex 37.4845 -34.5 5.1423
    endloop
  endfacet
  facet normal -0.977825 -0 -0.209422
    outer loop
      vertex 37.4605 -34.5 5.25436
      vertex 37.4845 -35.9 5.1423
      vertex 37.4605 -35.9 5.25436
    endloop
  endfacet
  facet normal -0.961652 0 -0.274273
    outer loop
      vertex 37.4605 -35.9 5.25436
      vertex 37.4298 -34.5 5.362
      vertex 37.4605 -34.5 5.25436
    endloop
  endfacet
  facet normal -0.961652 -0 -0.274273
    outer loop
      vertex 37.4298 -34.5 5.362
      vertex 37.4605 -35.9 5.25436
      vertex 37.4298 -35.9 5.362
    endloop
  endfacet
  facet normal -0.939591 0 -0.342299
    outer loop
      vertex 37.4298 -35.9 5.362
      vertex 37.3922 -34.5 5.46521
      vertex 37.4298 -34.5 5.362
    endloop
  endfacet
  facet normal -0.939591 -0 -0.342299
    outer loop
      vertex 37.3922 -34.5 5.46521
      vertex 37.4298 -35.9 5.362
      vertex 37.3922 -35.9 5.46521
    endloop
  endfacet
  facet normal -0.912113 0 -0.409939
    outer loop
      vertex 37.3922 -35.9 5.46521
      vertex 37.3478 -34.5 5.564
      vertex 37.3922 -34.5 5.46521
    endloop
  endfacet
  facet normal -0.912113 -0 -0.409939
    outer loop
      vertex 37.3478 -34.5 5.564
      vertex 37.3922 -35.9 5.46521
      vertex 37.3478 -35.9 5.564
    endloop
  endfacet
  facet normal -0.878947 0 -0.476919
    outer loop
      vertex 37.3478 -35.9 5.564
      vertex 37.2966 -34.5 5.65836
      vertex 37.3478 -34.5 5.564
    endloop
  endfacet
  facet normal -0.878947 -0 -0.476919
    outer loop
      vertex 37.2966 -34.5 5.65836
      vertex 37.3478 -35.9 5.564
      vertex 37.2966 -35.9 5.65836
    endloop
  endfacet
  facet normal -0.840008 0 -0.542573
    outer loop
      vertex 37.2966 -35.9 5.65836
      vertex 37.2385 -34.5 5.74831
      vertex 37.2966 -34.5 5.65836
    endloop
  endfacet
  facet normal -0.840008 -0 -0.542573
    outer loop
      vertex 37.2385 -34.5 5.74831
      vertex 37.2966 -35.9 5.65836
      vertex 37.2385 -35.9 5.74831
    endloop
  endfacet
  facet normal -0.796419 0 -0.604745
    outer loop
      vertex 37.2385 -35.9 5.74831
      vertex 37.1742 -34.5 5.83299
      vertex 37.2385 -34.5 5.74831
    endloop
  endfacet
  facet normal -0.796419 -0 -0.604745
    outer loop
      vertex 37.1742 -34.5 5.83299
      vertex 37.2385 -35.9 5.74831
      vertex 37.1742 -35.9 5.83299
    endloop
  endfacet
  facet normal -0.747042 0 -0.664777
    outer loop
      vertex 37.1742 -35.9 5.83299
      vertex 37.1043 -34.5 5.91154
      vertex 37.1742 -34.5 5.83299
    endloop
  endfacet
  facet normal -0.747042 -0 -0.664777
    outer loop
      vertex 37.1043 -34.5 5.91154
      vertex 37.1742 -35.9 5.83299
      vertex 37.1043 -35.9 5.91154
    endloop
  endfacet
  facet normal -0.692184 0 -0.721722
    outer loop
      vertex 37.0288 -35.9 5.98395
      vertex 37.1043 -34.5 5.91154
      vertex 37.1043 -35.9 5.91154
    endloop
  endfacet
  facet normal -0.692184 0 -0.721722
    outer loop
      vertex 37.1043 -34.5 5.91154
      vertex 37.0288 -35.9 5.98395
      vertex 37.0288 -34.5 5.98395
    endloop
  endfacet
  facet normal -0.632287 0 -0.774735
    outer loop
      vertex 36.9476 -35.9 6.05022
      vertex 37.0288 -34.5 5.98395
      vertex 37.0288 -35.9 5.98395
    endloop
  endfacet
  facet normal -0.632287 0 -0.774735
    outer loop
      vertex 37.0288 -34.5 5.98395
      vertex 36.9476 -35.9 6.05022
      vertex 36.9476 -34.5 6.05022
    endloop
  endfacet
  facet normal -0.569643 0 -0.821892
    outer loop
      vertex 36.8608 -35.9 6.11038
      vertex 36.9476 -34.5 6.05022
      vertex 36.9476 -35.9 6.05022
    endloop
  endfacet
  facet normal -0.569643 0 -0.821892
    outer loop
      vertex 36.9476 -34.5 6.05022
      vertex 36.8608 -35.9 6.11038
      vertex 36.8608 -34.5 6.11038
    endloop
  endfacet
  facet normal -0.504707 0 -0.863291
    outer loop
      vertex 36.7684 -35.9 6.1644
      vertex 36.8608 -34.5 6.11038
      vertex 36.8608 -35.9 6.11038
    endloop
  endfacet
  facet normal -0.504707 0 -0.863291
    outer loop
      vertex 36.8608 -34.5 6.11038
      vertex 36.7684 -35.9 6.1644
      vertex 36.7684 -34.5 6.1644
    endloop
  endfacet
  facet normal -0.438766 0 -0.898601
    outer loop
      vertex 36.6703 -35.9 6.2123
      vertex 36.7684 -34.5 6.1644
      vertex 36.7684 -35.9 6.1644
    endloop
  endfacet
  facet normal -0.438766 0 -0.898601
    outer loop
      vertex 36.7684 -34.5 6.1644
      vertex 36.6703 -35.9 6.2123
      vertex 36.6703 -34.5 6.2123
    endloop
  endfacet
  facet normal -0.373705 0 -0.927548
    outer loop
      vertex 36.5667 -35.9 6.25404
      vertex 36.6703 -34.5 6.2123
      vertex 36.6703 -35.9 6.2123
    endloop
  endfacet
  facet normal -0.373705 0 -0.927548
    outer loop
      vertex 36.6703 -34.5 6.2123
      vertex 36.5667 -35.9 6.25404
      vertex 36.5667 -34.5 6.25404
    endloop
  endfacet
  facet normal -0.309676 0 -0.950842
    outer loop
      vertex 36.4573 -35.9 6.28967
      vertex 36.5667 -34.5 6.25404
      vertex 36.5667 -35.9 6.25404
    endloop
  endfacet
  facet normal -0.309676 0 -0.950842
    outer loop
      vertex 36.5667 -34.5 6.25404
      vertex 36.4573 -35.9 6.28967
      vertex 36.4573 -34.5 6.28967
    endloop
  endfacet
  facet normal -0.38311 0 0.923703
    outer loop
      vertex 36.4573 -34.5 6.28967
      vertex 36.5427 -35.9 6.32509
      vertex 36.5427 -34.5 6.32509
    endloop
  endfacet
  facet normal -0.38311 0 0.923703
    outer loop
      vertex 36.5427 -35.9 6.32509
      vertex 36.4573 -34.5 6.28967
      vertex 36.4573 -35.9 6.28967
    endloop
  endfacet
  facet normal -0.438292 0 0.898833
    outer loop
      vertex 36.5427 -34.5 6.32509
      vertex 36.6235 -35.9 6.36449
      vertex 36.6235 -34.5 6.36449
    endloop
  endfacet
  facet normal -0.438292 0 0.898833
    outer loop
      vertex 36.6235 -35.9 6.36449
      vertex 36.5427 -34.5 6.32509
      vertex 36.5427 -35.9 6.32509
    endloop
  endfacet
  facet normal -0.494566 0 0.86914
    outer loop
      vertex 36.6235 -34.5 6.36449
      vertex 36.6997 -35.9 6.40785
      vertex 36.6997 -34.5 6.40785
    endloop
  endfacet
  facet normal -0.494566 0 0.86914
    outer loop
      vertex 36.6997 -35.9 6.40785
      vertex 36.6235 -34.5 6.36449
      vertex 36.6235 -35.9 6.36449
    endloop
  endfacet
  facet normal -0.551898 0 0.833912
    outer loop
      vertex 36.6997 -34.5 6.40785
      vertex 36.7712 -35.9 6.45517
      vertex 36.7712 -34.5 6.45517
    endloop
  endfacet
  facet normal -0.551898 0 0.833912
    outer loop
      vertex 36.7712 -35.9 6.45517
      vertex 36.6997 -34.5 6.40785
      vertex 36.6997 -35.9 6.40785
    endloop
  endfacet
  facet normal -0.608506 0 0.793549
    outer loop
      vertex 36.7712 -34.5 6.45517
      vertex 36.8381 -35.9 6.50647
      vertex 36.8381 -34.5 6.50647
    endloop
  endfacet
  facet normal -0.608506 0 0.793549
    outer loop
      vertex 36.8381 -35.9 6.50647
      vertex 36.7712 -34.5 6.45517
      vertex 36.7712 -35.9 6.45517
    endloop
  endfacet
  facet normal -0.663506 0 0.748171
    outer loop
      vertex 36.8381 -34.5 6.50647
      vertex 36.9004 -35.9 6.56172
      vertex 36.9004 -34.5 6.56172
    endloop
  endfacet
  facet normal -0.663506 0 0.748171
    outer loop
      vertex 36.9004 -35.9 6.56172
      vertex 36.8381 -34.5 6.50647
      vertex 36.8381 -35.9 6.50647
    endloop
  endfacet
  facet normal -0.716961 0 0.697113
    outer loop
      vertex 36.9004 -35.9 6.56172
      vertex 36.958 -34.5 6.62096
      vertex 36.9004 -34.5 6.56172
    endloop
  endfacet
  facet normal -0.716961 0 0.697113
    outer loop
      vertex 36.958 -34.5 6.62096
      vertex 36.9004 -35.9 6.56172
      vertex 36.958 -35.9 6.62096
    endloop
  endfacet
  facet normal -0.765533 0 0.643397
    outer loop
      vertex 36.958 -35.9 6.62096
      vertex 37.0111 -34.5 6.68414
      vertex 36.958 -34.5 6.62096
    endloop
  endfacet
  facet normal -0.765533 0 0.643397
    outer loop
      vertex 37.0111 -34.5 6.68414
      vertex 36.958 -35.9 6.62096
      vertex 37.0111 -35.9 6.68414
    endloop
  endfacet
  facet normal -0.811319 0 0.584604
    outer loop
      vertex 37.0111 -35.9 6.68414
      vertex 37.0595 -34.5 6.75131
      vertex 37.0111 -34.5 6.68414
    endloop
  endfacet
  facet normal -0.811319 0 0.584604
    outer loop
      vertex 37.0595 -34.5 6.75131
      vertex 37.0111 -35.9 6.68414
      vertex 37.0595 -35.9 6.75131
    endloop
  endfacet
  facet normal -0.85146 0 0.52442
    outer loop
      vertex 37.0595 -35.9 6.75131
      vertex 37.1031 -34.5 6.8221
      vertex 37.0595 -34.5 6.75131
    endloop
  endfacet
  facet normal -0.85146 0 0.52442
    outer loop
      vertex 37.1031 -34.5 6.8221
      vertex 37.0595 -35.9 6.75131
      vertex 37.1031 -35.9 6.8221
    endloop
  endfacet
  facet normal -0.887686 0 0.46045
    outer loop
      vertex 37.1031 -35.9 6.8221
      vertex 37.1415 -34.5 6.89613
      vertex 37.1031 -34.5 6.8221
    endloop
  endfacet
  facet normal -0.887686 0 0.46045
    outer loop
      vertex 37.1415 -34.5 6.89613
      vertex 37.1031 -35.9 6.8221
      vertex 37.1415 -35.9 6.89613
    endloop
  endfacet
  facet normal -0.918406 0 0.395639
    outer loop
      vertex 37.1415 -35.9 6.89613
      vertex 37.1748 -34.5 6.97343
      vertex 37.1415 -34.5 6.89613
    endloop
  endfacet
  facet normal -0.918406 0 0.395639
    outer loop
      vertex 37.1748 -34.5 6.97343
      vertex 37.1415 -35.9 6.89613
      vertex 37.1748 -35.9 6.97343
    endloop
  endfacet
  facet normal -0.943882 0 0.330283
    outer loop
      vertex 37.1748 -35.9 6.97343
      vertex 37.203 -34.5 7.05402
      vertex 37.1748 -34.5 6.97343
    endloop
  endfacet
  facet normal -0.943882 0 0.330283
    outer loop
      vertex 37.203 -34.5 7.05402
      vertex 37.1748 -35.9 6.97343
      vertex 37.203 -35.9 7.05402
    endloop
  endfacet
  facet normal -0.964362 0 0.264587
    outer loop
      vertex 37.203 -35.9 7.05402
      vertex 37.226 -34.5 7.13785
      vertex 37.203 -34.5 7.05402
    endloop
  endfacet
  facet normal -0.964362 0 0.264587
    outer loop
      vertex 37.226 -34.5 7.13785
      vertex 37.203 -35.9 7.05402
      vertex 37.226 -35.9 7.13785
    endloop
  endfacet
  facet normal -0.979307 0 0.202383
    outer loop
      vertex 37.226 -35.9 7.13785
      vertex 37.244 -34.5 7.22495
      vertex 37.226 -34.5 7.13785
    endloop
  endfacet
  facet normal -0.979307 0 0.202383
    outer loop
      vertex 37.244 -34.5 7.22495
      vertex 37.226 -35.9 7.13785
      vertex 37.244 -35.9 7.22495
    endloop
  endfacet
  facet normal -0.990111 4.6918e-05 0.140286
    outer loop
      vertex 37.244 -34.5 7.22495
      vertex 37.2475 -35.5395 7.25
      vertex 37.2568 -34.5 7.31529
    endloop
  endfacet
  facet normal -0.99038 0 0.138376
    outer loop
      vertex 37.244 -35.9 7.22495
      vertex 37.2475 -35.5395 7.25
      vertex 37.244 -34.5 7.22495
    endloop
  endfacet
  facet normal -0.99038 0 0.138376
    outer loop
      vertex 37.2475 -35.5395 7.25
      vertex 37.244 -35.9 7.22495
      vertex 37.2475 -35.9 7.25
    endloop
  endfacet
  facet normal -0.990007 0 0.141018
    outer loop
      vertex 37.2568 -34.5 7.31529
      vertex 37.2475 -35.5395 7.25
      vertex 37.2568 -35.5397 7.31529
    endloop
  endfacet
  facet normal -0.996635 0 0.0819619
    outer loop
      vertex 37.2568 -35.5397 7.31529
      vertex 37.2645 -34.5 7.40892
      vertex 37.2568 -34.5 7.31529
    endloop
  endfacet
  facet normal -0.996635 0 0.0819619
    outer loop
      vertex 37.2645 -34.5 7.40892
      vertex 37.2568 -35.5397 7.31529
      vertex 37.2645 -35.5398 7.40892
    endloop
  endfacet
  facet normal -0.999667 0 0.0257939
    outer loop
      vertex 37.2645 -35.5398 7.40892
      vertex 37.267 -34.5 7.50581
      vertex 37.2645 -34.5 7.40892
    endloop
  endfacet
  facet normal -0.999667 0 0.0257939
    outer loop
      vertex 37.267 -34.5 7.50581
      vertex 37.2645 -35.5398 7.40892
      vertex 37.267 -35.5398 7.50581
    endloop
  endfacet
  facet normal -0.999256 0 -0.0385558
    outer loop
      vertex 37.267 -34.5 7.50581
      vertex 37.26 -35.5397 7.68723
      vertex 37.26 -34.5 7.68723
    endloop
  endfacet
  facet normal -0.999256 0 -0.0385558
    outer loop
      vertex 37.26 -35.5397 7.68723
      vertex 37.267 -34.5 7.50581
      vertex 37.267 -35.5398 7.50581
    endloop
  endfacet
  facet normal -0.992463 0 -0.122548
    outer loop
      vertex 37.26 -34.5 7.68723
      vertex 37.239 -35.5394 7.8573
      vertex 37.239 -34.5 7.8573
    endloop
  endfacet
  facet normal -0.992463 0 -0.122548
    outer loop
      vertex 37.239 -35.5394 7.8573
      vertex 37.26 -34.5 7.68723
      vertex 37.26 -35.5397 7.68723
    endloop
  endfacet
  facet normal -0.976539 0 -0.215341
    outer loop
      vertex 37.239 -34.5 7.8573
      vertex 37.204 -35.5388 8.01602
      vertex 37.204 -34.5 8.01602
    endloop
  endfacet
  facet normal -0.976539 0 -0.215341
    outer loop
      vertex 37.204 -35.5388 8.01602
      vertex 37.239 -34.5 7.8573
      vertex 37.239 -35.5394 7.8573
    endloop
  endfacet
  facet normal -0.948741 0 -0.316054
    outer loop
      vertex 37.204 -34.5 8.01602
      vertex 37.1549 -35.5381 8.16341
      vertex 37.1549 -34.5 8.16341
    endloop
  endfacet
  facet normal -0.948741 0 -0.316054
    outer loop
      vertex 37.1549 -35.5381 8.16341
      vertex 37.204 -34.5 8.01602
      vertex 37.204 -35.5388 8.01602
    endloop
  endfacet
  facet normal -0.907384 0 -0.420302
    outer loop
      vertex 37.1549 -34.5 8.16341
      vertex 37.0919 -35.5371 8.29942
      vertex 37.0919 -34.5 8.29942
    endloop
  endfacet
  facet normal -0.907384 0 -0.420302
    outer loop
      vertex 37.0919 -35.5371 8.29942
      vertex 37.1549 -34.5 8.16341
      vertex 37.1549 -35.5381 8.16341
    endloop
  endfacet
  facet normal -0.850518 0 -0.525946
    outer loop
      vertex 37.0919 -34.5 8.29942
      vertex 37.0148 -35.5358 8.4241
      vertex 37.0148 -34.5 8.4241
    endloop
  endfacet
  facet normal -0.850518 0 -0.525946
    outer loop
      vertex 37.0148 -35.5358 8.4241
      vertex 37.0919 -34.5 8.29942
      vertex 37.0919 -35.5371 8.29942
    endloop
  endfacet
  facet normal -0.779404 0 -0.626522
    outer loop
      vertex 37.0148 -34.5 8.4241
      vertex 36.9237 -35.5344 8.53743
      vertex 36.9237 -34.5 8.53743
    endloop
  endfacet
  facet normal -0.779404 0 -0.626522
    outer loop
      vertex 36.9237 -35.5344 8.53743
      vertex 37.0148 -34.5 8.4241
      vertex 37.0148 -35.5358 8.4241
    endloop
  endfacet
  facet normal -0.696409 0 -0.717645
    outer loop
      vertex 36.8186 -35.5328 8.63942
      vertex 36.9237 -34.5 8.53743
      vertex 36.9237 -35.5344 8.53743
    endloop
  endfacet
  facet normal -0.696409 0 -0.717645
    outer loop
      vertex 36.9237 -34.5 8.53743
      vertex 36.8186 -35.5328 8.63942
      vertex 36.8186 -34.5 8.63942
    endloop
  endfacet
  facet normal -0.605286 0 -0.796008
    outer loop
      vertex 36.6994 -35.5309 8.73006
      vertex 36.8186 -34.5 8.63942
      vertex 36.8186 -35.5328 8.63942
    endloop
  endfacet
  facet normal -0.605286 0 -0.796008
    outer loop
      vertex 36.8186 -34.5 8.63942
      vertex 36.6994 -35.5309 8.73006
      vertex 36.6994 -34.5 8.73006
    endloop
  endfacet
  facet normal -0.511726 0 -0.859149
    outer loop
      vertex 36.5647 -35.5288 8.81029
      vertex 36.6994 -34.5 8.73006
      vertex 36.6994 -35.5309 8.73006
    endloop
  endfacet
  facet normal -0.511726 0 -0.859149
    outer loop
      vertex 36.6994 -34.5 8.73006
      vertex 36.5647 -35.5288 8.81029
      vertex 36.5647 -34.5 8.81029
    endloop
  endfacet
  facet normal -0.422232 0 -0.906488
    outer loop
      vertex 36.4127 -35.5264 8.88109
      vertex 36.5647 -34.5 8.81029
      vertex 36.5647 -35.5288 8.81029
    endloop
  endfacet
  facet normal -0.422232 0 -0.906488
    outer loop
      vertex 36.5647 -34.5 8.81029
      vertex 36.4127 -35.5264 8.88109
      vertex 36.4127 -34.5 8.88109
    endloop
  endfacet
  facet normal -0.340971 0 -0.940074
    outer loop
      vertex 36.2435 -35.5237 8.94246
      vertex 36.4127 -34.5 8.88109
      vertex 36.4127 -35.5264 8.88109
    endloop
  endfacet
  facet normal -0.340971 0 -0.940074
    outer loop
      vertex 36.4127 -34.5 8.88109
      vertex 36.2435 -35.5237 8.94246
      vertex 36.2435 -34.5 8.94246
    endloop
  endfacet
  facet normal -0.268278 0 -0.963341
    outer loop
      vertex 36.0571 -35.5208 8.99437
      vertex 36.2435 -34.5 8.94246
      vertex 36.2435 -35.5237 8.94246
    endloop
  endfacet
  facet normal -0.268278 0 -0.963341
    outer loop
      vertex 36.2435 -34.5 8.94246
      vertex 36.0571 -35.5208 8.99437
      vertex 36.0571 -34.5 8.99437
    endloop
  endfacet
  facet normal -0.20415 0 -0.97894
    outer loop
      vertex 35.8534 -35.5176 9.03685
      vertex 36.0571 -34.5 8.99437
      vertex 36.0571 -35.5208 8.99437
    endloop
  endfacet
  facet normal -0.20415 0 -0.97894
    outer loop
      vertex 36.0571 -34.5 8.99437
      vertex 35.8534 -35.5176 9.03685
      vertex 35.8534 -34.5 9.03685
    endloop
  endfacet
  facet normal -0.147924 0 -0.988999
    outer loop
      vertex 35.6325 -35.5141 9.06989
      vertex 35.8534 -34.5 9.03685
      vertex 35.8534 -35.5176 9.03685
    endloop
  endfacet
  facet normal -0.147924 0 -0.988999
    outer loop
      vertex 35.8534 -34.5 9.03685
      vertex 35.6325 -35.5141 9.06989
      vertex 35.6325 -34.5 9.06989
    endloop
  endfacet
  facet normal -0.0986347 0 -0.995124
    outer loop
      vertex 35.3944 -35.5103 9.09349
      vertex 35.6325 -34.5 9.06989
      vertex 35.6325 -35.5141 9.06989
    endloop
  endfacet
  facet normal -0.0986347 0 -0.995124
    outer loop
      vertex 35.6325 -34.5 9.06989
      vertex 35.3944 -35.5103 9.09349
      vertex 35.3944 -34.5 9.09349
    endloop
  endfacet
  facet normal -0.0553574 0 -0.998467
    outer loop
      vertex 35.139 -35.5063 9.10765
      vertex 35.3944 -34.5 9.09349
      vertex 35.3944 -35.5103 9.09349
    endloop
  endfacet
  facet normal -0.0553574 0 -0.998467
    outer loop
      vertex 35.3944 -34.5 9.09349
      vertex 35.139 -35.5063 9.10765
      vertex 35.139 -34.5 9.10765
    endloop
  endfacet
  facet normal -0.0173122 0 -0.99985
    outer loop
      vertex 34.8664 -35.502 9.11237
      vertex 35.139 -34.5 9.10765
      vertex 35.139 -35.5063 9.10765
    endloop
  endfacet
  facet normal -0.0173122 0 -0.99985
    outer loop
      vertex 35.139 -34.5 9.10765
      vertex 34.8664 -35.502 9.11237
      vertex 34.8664 -34.5 9.11237
    endloop
  endfacet
  facet normal 0 0 -1
    outer loop
      vertex 32.5147 -35.465 9.11237
      vertex 34.8664 -34.5 9.11237
      vertex 34.8664 -35.502 9.11237
    endloop
  endfacet
  facet normal -0 0 -1
    outer loop
      vertex 34.8664 -34.5 9.11237
      vertex 32.5147 -35.465 9.11237
      vertex 32.5147 -34.5 9.11237
    endloop
  endfacet
  facet normal 1 0 0
    outer loop
      vertex 32.5147 -35.465 7.25
      vertex 32.5147 -34.5 9.11237
      vertex 32.5147 -35.465 9.11237
    endloop
  endfacet
  facet normal 1 0 0
    outer loop
      vertex 32.5147 -34.5 9.11237
      vertex 32.5147 -35.465 7.25
      vertex 32.5147 -34.5 3.03751
    endloop
  endfacet
  facet normal 1 0 0
    outer loop
      vertex 32.5147 -35.9 3.03751
      vertex 32.5147 -35.465 7.25
      vertex 32.5147 -35.9 7.25
    endloop
  endfacet
  facet normal 1 0 0
    outer loop
      vertex 32.5147 -35.465 7.25
      vertex 32.5147 -35.9 3.03751
      vertex 32.5147 -34.5 3.03751
    endloop
  endfacet
  facet normal -0 0 1
    outer loop
      vertex 32.5147 -34.5 3.03751
      vertex 35.1147 -35.9 3.03751
      vertex 35.1147 -34.5 3.03751
    endloop
  endfacet
  facet normal 0 0 1
    outer loop
      vertex 35.1147 -35.9 3.03751
      vertex 32.5147 -34.5 3.03751
      vertex 32.5147 -35.9 3.03751
    endloop
  endfacet
  facet normal -0.0203167 0 0.999794
    outer loop
      vertex 35.1147 -34.5 3.03751
      vertex 35.3765 -35.9 3.04283
      vertex 35.3765 -34.5 3.04283
    endloop
  endfacet
  facet normal -0.0203167 0 0.999794
    outer loop
      vertex 35.3765 -35.9 3.04283
      vertex 35.1147 -34.5 3.03751
      vertex 35.1147 -35.9 3.03751
    endloop
  endfacet
  facet normal -1 0 0
    outer loop
      vertex 34.0812 -34.5 6.7623
      vertex 34.0812 -35.4896 7.25
      vertex 34.0812 -34.5 8.04485
    endloop
  endfacet
  facet normal -1 0 0
    outer loop
      vertex 34.0812 -35.9 6.7623
      vertex 34.0812 -35.4896 7.25
      vertex 34.0812 -34.5 6.7623
    endloop
  endfacet
  facet normal -1 -0 0
    outer loop
      vertex 34.0812 -35.4896 7.25
      vertex 34.0812 -35.9 6.7623
      vertex 34.0812 -35.9 7.25
    endloop
  endfacet
  facet normal -1 -0 0
    outer loop
      vertex 34.0812 -34.5 8.04485
      vertex 34.0812 -35.4896 7.25
      vertex 34.0812 -35.4896 8.04485
    endloop
  endfacet
  facet normal 0 0 1
    outer loop
      vertex 34.0812 -35.4896 8.04485
      vertex 34.9479 -34.5 8.04485
      vertex 34.0812 -34.5 8.04485
    endloop
  endfacet
  facet normal 0 0 1
    outer loop
      vertex 34.9479 -34.5 8.04485
      vertex 34.0812 -35.4896 8.04485
      vertex 34.9479 -35.5033 8.04485
    endloop
  endfacet
  facet normal 0.0253668 -0 0.999678
    outer loop
      vertex 34.9479 -35.5033 8.04485
      vertex 35.0279 -34.5 8.04282
      vertex 34.9479 -34.5 8.04485
    endloop
  endfacet
  facet normal 0.0253668 0 0.999678
    outer loop
      vertex 35.0279 -34.5 8.04282
      vertex 34.9479 -35.5033 8.04485
      vertex 35.0279 -35.5046 8.04282
    endloop
  endfacet
  facet normal 0.0801901 -0 0.99678
    outer loop
      vertex 35.0279 -35.5046 8.04282
      vertex 35.1036 -34.5 8.03673
      vertex 35.0279 -34.5 8.04282
    endloop
  endfacet
  facet normal 0.0801901 0 0.99678
    outer loop
      vertex 35.1036 -34.5 8.03673
      vertex 35.0279 -35.5046 8.04282
      vertex 35.1036 -35.5057 8.03673
    endloop
  endfacet
  facet normal 0.141129 -0 0.989991
    outer loop
      vertex 35.1036 -35.5057 8.03673
      vertex 35.1748 -34.5 8.02658
      vertex 35.1036 -34.5 8.03673
    endloop
  endfacet
  facet normal 0.141129 0 0.989991
    outer loop
      vertex 35.1748 -34.5 8.02658
      vertex 35.1036 -35.5057 8.03673
      vertex 35.1748 -35.5069 8.02658
    endloop
  endfacet
  facet normal 0.208069 -0 0.978114
    outer loop
      vertex 35.1748 -35.5069 8.02658
      vertex 35.2416 -34.5 8.01237
      vertex 35.1748 -34.5 8.02658
    endloop
  endfacet
  facet normal 0.208069 0 0.978114
    outer loop
      vertex 35.2416 -34.5 8.01237
      vertex 35.1748 -35.5069 8.02658
      vertex 35.2416 -35.5079 8.01237
    endloop
  endfacet
  facet normal 0.28085 -0 0.959752
    outer loop
      vertex 35.2416 -35.5079 8.01237
      vertex 35.304 -34.5 7.99411
      vertex 35.2416 -34.5 8.01237
    endloop
  endfacet
  facet normal 0.28085 0 0.959752
    outer loop
      vertex 35.304 -34.5 7.99411
      vertex 35.2416 -35.5079 8.01237
      vertex 35.304 -35.5089 7.99411
    endloop
  endfacet
  facet normal 0.359152 -0 0.933279
    outer loop
      vertex 35.304 -35.5089 7.99411
      vertex 35.362 -34.5 7.97179
      vertex 35.304 -34.5 7.99411
    endloop
  endfacet
  facet normal 0.359152 0 0.933279
    outer loop
      vertex 35.362 -34.5 7.97179
      vertex 35.304 -35.5089 7.99411
      vertex 35.362 -35.5098 7.97179
    endloop
  endfacet
  facet normal 0.442379 -0 0.896828
    outer loop
      vertex 35.362 -35.5098 7.97179
      vertex 35.4155 -34.5 7.9454
      vertex 35.362 -34.5 7.97179
    endloop
  endfacet
  facet normal 0.442379 0 0.896828
    outer loop
      vertex 35.4155 -34.5 7.9454
      vertex 35.362 -35.5098 7.97179
      vertex 35.4155 -35.5107 7.9454
    endloop
  endfacet
  facet normal 0.526915 -0 0.849918
    outer loop
      vertex 35.4155 -35.5107 7.9454
      vertex 35.4646 -34.5 7.91496
      vertex 35.4155 -34.5 7.9454
    endloop
  endfacet
  facet normal 0.526915 0 0.849918
    outer loop
      vertex 35.4646 -34.5 7.91496
      vertex 35.4155 -35.5107 7.9454
      vertex 35.4646 -35.5114 7.91496
    endloop
  endfacet
  facet normal 0.611105 -0 0.79155
    outer loop
      vertex 35.4646 -35.5114 7.91496
      vertex 35.5093 -34.5 7.88045
      vertex 35.4646 -34.5 7.91496
    endloop
  endfacet
  facet normal 0.611105 0 0.79155
    outer loop
      vertex 35.5093 -34.5 7.88045
      vertex 35.4646 -35.5114 7.91496
      vertex 35.5093 -35.5121 7.88045
    endloop
  endfacet
  facet normal 0.690262 -0 0.72356
    outer loop
      vertex 35.5093 -35.5121 7.88045
      vertex 35.5495 -34.5 7.8421
      vertex 35.5093 -34.5 7.88045
    endloop
  endfacet
  facet normal 0.690262 0 0.72356
    outer loop
      vertex 35.5495 -34.5 7.8421
      vertex 35.5093 -35.5121 7.88045
      vertex 35.5495 -35.5128 7.8421
    endloop
  endfacet
  facet normal 0.764703 -0 0.644382
    outer loop
      vertex 35.5495 -35.5128 7.8421
      vertex 35.5849 -34.5 7.80009
      vertex 35.5495 -34.5 7.8421
    endloop
  endfacet
  facet normal 0.764703 0 0.644382
    outer loop
      vertex 35.5849 -34.5 7.80009
      vertex 35.5495 -35.5128 7.8421
      vertex 35.5849 -35.5133 7.80009
    endloop
  endfacet
  facet normal 0.829863 -0 0.557967
    outer loop
      vertex 35.5849 -35.5133 7.80009
      vertex 35.6156 -34.5 7.75443
      vertex 35.5849 -34.5 7.80009
    endloop
  endfacet
  facet normal 0.829863 0 0.557967
    outer loop
      vertex 35.6156 -34.5 7.75443
      vertex 35.5849 -35.5133 7.80009
      vertex 35.6156 -35.5138 7.75443
    endloop
  endfacet
  facet normal 0.885424 -0 0.464785
    outer loop
      vertex 35.6156 -35.5138 7.75443
      vertex 35.6415 -34.5 7.70509
      vertex 35.6156 -34.5 7.75443
    endloop
  endfacet
  facet normal 0.885424 0 0.464785
    outer loop
      vertex 35.6415 -34.5 7.70509
      vertex 35.6156 -35.5138 7.75443
      vertex 35.6415 -35.5142 7.70509
    endloop
  endfacet
  facet normal 0.927823 -0 0.373021
    outer loop
      vertex 35.6415 -35.5142 7.70509
      vertex 35.6628 -34.5 7.65211
      vertex 35.6415 -34.5 7.70509
    endloop
  endfacet
  facet normal 0.927823 0 0.373021
    outer loop
      vertex 35.6628 -34.5 7.65211
      vertex 35.6415 -35.5142 7.70509
      vertex 35.6628 -35.5146 7.65211
    endloop
  endfacet
  facet normal 0.960104 -0 0.279642
    outer loop
      vertex 35.6628 -35.5146 7.65211
      vertex 35.6793 -34.5 7.59546
      vertex 35.6628 -34.5 7.65211
    endloop
  endfacet
  facet normal 0.960104 0 0.279642
    outer loop
      vertex 35.6793 -34.5 7.59546
      vertex 35.6628 -35.5146 7.65211
      vertex 35.6793 -35.5148 7.59546
    endloop
  endfacet
  facet normal 0.981386 -0 0.192046
    outer loop
      vertex 35.6793 -35.5148 7.59546
      vertex 35.6911 -34.5 7.53516
      vertex 35.6793 -34.5 7.59546
    endloop
  endfacet
  facet normal 0.981386 0 0.192046
    outer loop
      vertex 35.6911 -34.5 7.53516
      vertex 35.6793 -35.5148 7.59546
      vertex 35.6911 -35.515 7.53516
    endloop
  endfacet
  facet normal 0.993897 -0 0.110312
    outer loop
      vertex 35.6911 -35.515 7.53516
      vertex 35.6982 -34.5 7.47119
      vertex 35.6911 -34.5 7.53516
    endloop
  endfacet
  facet normal 0.993897 0 0.110312
    outer loop
      vertex 35.6982 -34.5 7.47119
      vertex 35.6911 -35.515 7.53516
      vertex 35.6982 -35.5151 7.47119
    endloop
  endfacet
  facet normal 0.999371 -0 0.0354754
    outer loop
      vertex 35.6982 -35.5151 7.47119
      vertex 35.7006 -34.5 7.40358
      vertex 35.6982 -34.5 7.47119
    endloop
  endfacet
  facet normal 0.999371 0 0.0354754
    outer loop
      vertex 35.7006 -34.5 7.40358
      vertex 35.6982 -35.5151 7.47119
      vertex 35.7006 -35.5151 7.40358
    endloop
  endfacet
  facet normal 0.999386 0 -0.0350406
    outer loop
      vertex 35.7006 -34.5 7.40358
      vertex 35.6982 -35.5151 7.33513
      vertex 35.6982 -34.5 7.33513
    endloop
  endfacet
  facet normal 0.999386 0 -0.0350406
    outer loop
      vertex 35.6982 -35.5151 7.33513
      vertex 35.7006 -34.5 7.40358
      vertex 35.7006 -35.5151 7.40358
    endloop
  endfacet
  facet normal 0.994022 0 -0.109182
    outer loop
      vertex 35.6982 -34.5 7.33513
      vertex 35.6911 -35.515 7.27049
      vertex 35.6911 -34.5 7.27049
    endloop
  endfacet
  facet normal 0.994022 0 -0.109182
    outer loop
      vertex 35.6911 -35.515 7.27049
      vertex 35.6982 -34.5 7.33513
      vertex 35.6982 -35.5151 7.33513
    endloop
  endfacet
  facet normal 0.981694 -2.38242e-05 -0.190464
    outer loop
      vertex 35.6911 -34.5 7.27049
      vertex 35.6871 -35.5149 7.25
      vertex 35.6793 -34.5 7.20967
    endloop
  endfacet
  facet normal 0.981473 0 -0.1916
    outer loop
      vertex 35.6871 -35.5149 7.25
      vertex 35.6911 -34.5 7.27049
      vertex 35.6911 -35.515 7.27049
    endloop
  endfacet
  facet normal 0.981806 0 -0.189886
    outer loop
      vertex 35.6793 -35.9 7.20967
      vertex 35.6871 -35.5149 7.25
      vertex 35.6871 -35.9 7.25
    endloop
  endfacet
  facet normal 0.981806 0 -0.189886
    outer loop
      vertex 35.6871 -35.5149 7.25
      vertex 35.6793 -35.9 7.20967
      vertex 35.6793 -34.5 7.20967
    endloop
  endfacet
  facet normal 0.96059 0 -0.277968
    outer loop
      vertex 35.6793 -35.9 7.20967
      vertex 35.6628 -34.5 7.15265
      vertex 35.6793 -34.5 7.20967
    endloop
  endfacet
  facet normal 0.96059 0 -0.277968
    outer loop
      vertex 35.6628 -34.5 7.15265
      vertex 35.6793 -35.9 7.20967
      vertex 35.6628 -35.9 7.15265
    endloop
  endfacet
  facet normal 0.928404 0 -0.371571
    outer loop
      vertex 35.6628 -35.9 7.15265
      vertex 35.6415 -34.5 7.09943
      vertex 35.6628 -34.5 7.15265
    endloop
  endfacet
  facet normal 0.928404 0 -0.371571
    outer loop
      vertex 35.6415 -34.5 7.09943
      vertex 35.6628 -35.9 7.15265
      vertex 35.6415 -35.9 7.09943
    endloop
  endfacet
  facet normal 0.885695 0 -0.464268
    outer loop
      vertex 35.6415 -35.9 7.09943
      vertex 35.6156 -34.5 7.05002
      vertex 35.6415 -34.5 7.09943
    endloop
  endfacet
  facet normal 0.885695 0 -0.464268
    outer loop
      vertex 35.6156 -34.5 7.05002
      vertex 35.6415 -35.9 7.09943
      vertex 35.6156 -35.9 7.05002
    endloop
  endfacet
  facet normal 0.829466 0 -0.558557
    outer loop
      vertex 35.6156 -35.9 7.05002
      vertex 35.5849 -34.5 7.00443
      vertex 35.6156 -34.5 7.05002
    endloop
  endfacet
  facet normal 0.829466 0 -0.558557
    outer loop
      vertex 35.5849 -34.5 7.00443
      vertex 35.6156 -35.9 7.05002
      vertex 35.5849 -35.9 7.00443
    endloop
  endfacet
  facet normal 0.763109 0 -0.64627
    outer loop
      vertex 35.5849 -35.9 7.00443
      vertex 35.5495 -34.5 6.96263
      vertex 35.5849 -34.5 7.00443
    endloop
  endfacet
  facet normal 0.763109 0 -0.64627
    outer loop
      vertex 35.5495 -34.5 6.96263
      vertex 35.5849 -35.9 7.00443
      vertex 35.5495 -35.9 6.96263
    endloop
  endfacet
  facet normal 0.686751 0 -0.726893
    outer loop
      vertex 35.5093 -35.9 6.92465
      vertex 35.5495 -34.5 6.96263
      vertex 35.5495 -35.9 6.96263
    endloop
  endfacet
  facet normal 0.686751 0 -0.726893
    outer loop
      vertex 35.5495 -34.5 6.96263
      vertex 35.5093 -35.9 6.92465
      vertex 35.5093 -34.5 6.92465
    endloop
  endfacet
  facet normal 0.606188 0 -0.795321
    outer loop
      vertex 35.4646 -35.9 6.89058
      vertex 35.5093 -34.5 6.92465
      vertex 35.5093 -35.9 6.92465
    endloop
  endfacet
  facet normal 0.606188 0 -0.795321
    outer loop
      vertex 35.5093 -34.5 6.92465
      vertex 35.4646 -35.9 6.89058
      vertex 35.4646 -34.5 6.89058
    endloop
  endfacet
  facet normal 0.522391 0 -0.852706
    outer loop
      vertex 35.4155 -35.9 6.8605
      vertex 35.4646 -34.5 6.89058
      vertex 35.4646 -35.9 6.89058
    endloop
  endfacet
  facet normal 0.522391 0 -0.852706
    outer loop
      vertex 35.4646 -34.5 6.89058
      vertex 35.4155 -35.9 6.8605
      vertex 35.4155 -34.5 6.8605
    endloop
  endfacet
  facet normal 0.437642 0 -0.899149
    outer loop
      vertex 35.362 -35.9 6.83446
      vertex 35.4155 -34.5 6.8605
      vertex 35.4155 -35.9 6.8605
    endloop
  endfacet
  facet normal 0.437642 0 -0.899149
    outer loop
      vertex 35.4155 -34.5 6.8605
      vertex 35.362 -35.9 6.83446
      vertex 35.362 -34.5 6.83446
    endloop
  endfacet
  facet normal 0.355359 0 -0.93473
    outer loop
      vertex 35.304 -35.9 6.81241
      vertex 35.362 -34.5 6.83446
      vertex 35.362 -35.9 6.83446
    endloop
  endfacet
  facet normal 0.355359 0 -0.93473
    outer loop
      vertex 35.362 -34.5 6.83446
      vertex 35.304 -35.9 6.81241
      vertex 35.304 -34.5 6.81241
    endloop
  endfacet
  facet normal 0.277871 0 -0.960618
    outer loop
      vertex 35.2416 -35.9 6.79436
      vertex 35.304 -34.5 6.81241
      vertex 35.304 -35.9 6.81241
    endloop
  endfacet
  facet normal 0.277871 0 -0.960618
    outer loop
      vertex 35.304 -34.5 6.81241
      vertex 35.2416 -35.9 6.79436
      vertex 35.2416 -34.5 6.79436
    endloop
  endfacet
  facet normal 0.205545 0 -0.978648
    outer loop
      vertex 35.1748 -35.9 6.78033
      vertex 35.2416 -34.5 6.79436
      vertex 35.2416 -35.9 6.79436
    endloop
  endfacet
  facet normal 0.205545 0 -0.978648
    outer loop
      vertex 35.2416 -34.5 6.79436
      vertex 35.1748 -35.9 6.78033
      vertex 35.1748 -34.5 6.78033
    endloop
  endfacet
  facet normal 0.139357 0 -0.990242
    outer loop
      vertex 35.1036 -35.9 6.77031
      vertex 35.1748 -34.5 6.78033
      vertex 35.1748 -35.9 6.78033
    endloop
  endfacet
  facet normal 0.139357 0 -0.990242
    outer loop
      vertex 35.1748 -34.5 6.78033
      vertex 35.1036 -35.9 6.77031
      vertex 35.1036 -34.5 6.77031
    endloop
  endfacet
  facet normal 0.0791433 0 -0.996863
    outer loop
      vertex 35.0279 -35.9 6.7643
      vertex 35.1036 -34.5 6.77031
      vertex 35.1036 -35.9 6.77031
    endloop
  endfacet
  facet normal 0.0791433 0 -0.996863
    outer loop
      vertex 35.1036 -34.5 6.77031
      vertex 35.0279 -35.9 6.7643
      vertex 35.0279 -34.5 6.7643
    endloop
  endfacet
  facet normal 0.0249922 0 -0.999688
    outer loop
      vertex 34.9479 -35.9 6.7623
      vertex 35.0279 -34.5 6.7643
      vertex 35.0279 -35.9 6.7643
    endloop
  endfacet
  facet normal 0.0249922 0 -0.999688
    outer loop
      vertex 35.0279 -34.5 6.7643
      vertex 34.9479 -35.9 6.7623
      vertex 34.9479 -34.5 6.7623
    endloop
  endfacet
  facet normal 0 0 -1
    outer loop
      vertex 34.0812 -35.9 6.7623
      vertex 34.9479 -34.5 6.7623
      vertex 34.9479 -35.9 6.7623
    endloop
  endfacet
  facet normal -0 0 -1
    outer loop
      vertex 34.9479 -34.5 6.7623
      vertex 34.0812 -35.9 6.7623
      vertex 34.0812 -34.5 6.7623
    endloop
  endfacet
  facet normal -1 0 0
    outer loop
      vertex 34.0812 -35.9 4.10503
      vertex 34.0812 -34.5 5.69479
      vertex 34.0812 -34.5 4.10503
    endloop
  endfacet
  facet normal -1 -0 0
    outer loop
      vertex 34.0812 -34.5 5.69479
      vertex 34.0812 -35.9 4.10503
      vertex 34.0812 -35.9 5.69479
    endloop
  endfacet
  facet normal -0 0 1
    outer loop
      vertex 34.0812 -34.5 5.69479
      vertex 35.0007 -35.9 5.69479
      vertex 35.0007 -34.5 5.69479
    endloop
  endfacet
  facet normal 0 0 1
    outer loop
      vertex 35.0007 -35.9 5.69479
      vertex 34.0812 -34.5 5.69479
      vertex 34.0812 -35.9 5.69479
    endloop
  endfacet
  facet normal 0.0237287 0 0.999718
    outer loop
      vertex 35.0007 -34.5 5.69479
      vertex 35.1035 -35.9 5.69235
      vertex 35.1035 -34.5 5.69235
    endloop
  endfacet
  facet normal 0.0237287 0 0.999718
    outer loop
      vertex 35.1035 -35.9 5.69235
      vertex 35.0007 -34.5 5.69479
      vertex 35.0007 -35.9 5.69479
    endloop
  endfacet
  facet normal 0.0752248 0 0.997167
    outer loop
      vertex 35.1035 -34.5 5.69235
      vertex 35.2004 -35.9 5.68504
      vertex 35.2004 -34.5 5.68504
    endloop
  endfacet
  facet normal 0.0752248 0 0.997167
    outer loop
      vertex 35.2004 -35.9 5.68504
      vertex 35.1035 -34.5 5.69235
      vertex 35.1035 -35.9 5.69235
    endloop
  endfacet
  facet normal 0.132556 0 0.991176
    outer loop
      vertex 35.2004 -34.5 5.68504
      vertex 35.2914 -35.9 5.67287
      vertex 35.2914 -34.5 5.67287
    endloop
  endfacet
  facet normal 0.132556 0 0.991176
    outer loop
      vertex 35.2914 -35.9 5.67287
      vertex 35.2004 -34.5 5.68504
      vertex 35.2004 -35.9 5.68504
    endloop
  endfacet
  facet normal 0.196449 0 0.980514
    outer loop
      vertex 35.2914 -34.5 5.67287
      vertex 35.3764 -35.9 5.65584
      vertex 35.3764 -34.5 5.65584
    endloop
  endfacet
  facet normal 0.196449 0 0.980514
    outer loop
      vertex 35.3764 -35.9 5.65584
      vertex 35.2914 -34.5 5.67287
      vertex 35.2914 -35.9 5.67287
    endloop
  endfacet
  facet normal 0.266853 0 0.963737
    outer loop
      vertex 35.3764 -34.5 5.65584
      vertex 35.4556 -35.9 5.63391
      vertex 35.4556 -34.5 5.63391
    endloop
  endfacet
  facet normal 0.266853 0 0.963737
    outer loop
      vertex 35.4556 -35.9 5.63391
      vertex 35.3764 -34.5 5.65584
      vertex 35.3764 -35.9 5.65584
    endloop
  endfacet
  facet normal 0.34399 0 0.938973
    outer loop
      vertex 35.4556 -34.5 5.63391
      vertex 35.5287 -35.9 5.60713
      vertex 35.5287 -34.5 5.60713
    endloop
  endfacet
  facet normal 0.34399 0 0.938973
    outer loop
      vertex 35.5287 -35.9 5.60713
      vertex 35.4556 -34.5 5.63391
      vertex 35.4556 -35.9 5.63391
    endloop
  endfacet
  facet normal 0.42546 0 0.904977
    outer loop
      vertex 35.5287 -34.5 5.60713
      vertex 35.596 -35.9 5.57549
      vertex 35.596 -34.5 5.57549
    endloop
  endfacet
  facet normal 0.42546 0 0.904977
    outer loop
      vertex 35.596 -35.9 5.57549
      vertex 35.5287 -34.5 5.60713
      vertex 35.5287 -35.9 5.60713
    endloop
  endfacet
  facet normal 0.511917 0 0.859035
    outer loop
      vertex 35.596 -34.5 5.57549
      vertex 35.6573 -35.9 5.53896
      vertex 35.6573 -34.5 5.53896
    endloop
  endfacet
  facet normal 0.511917 0 0.859035
    outer loop
      vertex 35.6573 -35.9 5.53896
      vertex 35.596 -34.5 5.57549
      vertex 35.596 -35.9 5.57549
    endloop
  endfacet
  facet normal 0.598518 0 0.801109
    outer loop
      vertex 35.6573 -34.5 5.53896
      vertex 35.7127 -35.9 5.49757
      vertex 35.7127 -34.5 5.49757
    endloop
  endfacet
  facet normal 0.598518 0 0.801109
    outer loop
      vertex 35.7127 -35.9 5.49757
      vertex 35.6573 -34.5 5.53896
      vertex 35.6573 -35.9 5.53896
    endloop
  endfacet
  facet normal 0.681977 0 0.731374
    outer loop
      vertex 35.7127 -34.5 5.49757
      vertex 35.7623 -35.9 5.45132
      vertex 35.7623 -34.5 5.45132
    endloop
  endfacet
  facet normal 0.681977 0 0.731374
    outer loop
      vertex 35.7623 -35.9 5.45132
      vertex 35.7127 -34.5 5.49757
      vertex 35.7127 -35.9 5.49757
    endloop
  endfacet
  facet normal 0.760054 -0 0.64986
    outer loop
      vertex 35.7623 -35.9 5.45132
      vertex 35.806 -34.5 5.40021
      vertex 35.7623 -34.5 5.45132
    endloop
  endfacet
  facet normal 0.760054 0 0.64986
    outer loop
      vertex 35.806 -34.5 5.40021
      vertex 35.7623 -35.9 5.45132
      vertex 35.806 -35.9 5.40021
    endloop
  endfacet
  facet normal 0.828162 -0 0.560488
    outer loop
      vertex 35.806 -35.9 5.40021
      vertex 35.8439 -34.5 5.34421
      vertex 35.806 -34.5 5.40021
    endloop
  endfacet
  facet normal 0.828162 0 0.560488
    outer loop
      vertex 35.8439 -34.5 5.34421
      vertex 35.806 -35.9 5.40021
      vertex 35.8439 -35.9 5.34421
    endloop
  endfacet
  facet normal 0.885076 -0 0.465447
    outer loop
      vertex 35.8439 -35.9 5.34421
      vertex 35.8759 -34.5 5.28336
      vertex 35.8439 -34.5 5.34421
    endloop
  endfacet
  facet normal 0.885076 0 0.465447
    outer loop
      vertex 35.8759 -34.5 5.28336
      vertex 35.8439 -35.9 5.34421
      vertex 35.8759 -35.9 5.28336
    endloop
  endfacet
  facet normal 0.928905 -0 0.370318
    outer loop
      vertex 35.8759 -35.9 5.28336
      vertex 35.9021 -34.5 5.21764
      vertex 35.8759 -34.5 5.28336
    endloop
  endfacet
  facet normal 0.928905 0 0.370318
    outer loop
      vertex 35.9021 -34.5 5.21764
      vertex 35.8759 -35.9 5.28336
      vertex 35.9021 -35.9 5.21764
    endloop
  endfacet
  facet normal 0.960709 -0 0.277559
    outer loop
      vertex 35.9021 -35.9 5.21764
      vertex 35.9225 -34.5 5.14703
      vertex 35.9021 -34.5 5.21764
    endloop
  endfacet
  facet normal 0.960709 0 0.277559
    outer loop
      vertex 35.9225 -34.5 5.14703
      vertex 35.9021 -35.9 5.21764
      vertex 35.9225 -35.9 5.14703
    endloop
  endfacet
  facet normal 0.981797 -0 0.189933
    outer loop
      vertex 35.9225 -35.9 5.14703
      vertex 35.9371 -34.5 5.07156
      vertex 35.9225 -34.5 5.14703
    endloop
  endfacet
  facet normal 0.981797 0 0.189933
    outer loop
      vertex 35.9371 -34.5 5.07156
      vertex 35.9225 -35.9 5.14703
      vertex 35.9371 -35.9 5.07156
    endloop
  endfacet
  facet normal 0.994053 -0 0.108897
    outer loop
      vertex 35.9371 -35.9 5.07156
      vertex 35.9459 -34.5 4.99123
      vertex 35.9371 -34.5 5.07156
    endloop
  endfacet
  facet normal 0.994053 0 0.108897
    outer loop
      vertex 35.9459 -34.5 4.99123
      vertex 35.9371 -35.9 5.07156
      vertex 35.9459 -35.9 4.99123
    endloop
  endfacet
  facet normal 0.999421 -0 0.0340139
    outer loop
      vertex 35.9459 -35.9 4.99123
      vertex 35.9488 -34.5 4.90602
      vertex 35.9459 -34.5 4.99123
    endloop
  endfacet
  facet normal 0.999421 0 0.0340139
    outer loop
      vertex 35.9488 -34.5 4.90602
      vertex 35.9459 -35.9 4.99123
      vertex 35.9488 -35.9 4.90602
    endloop
  endfacet
  facet normal 0.999405 0 -0.034486
    outer loop
      vertex 35.9488 -35.9 4.90602
      vertex 35.9458 -34.5 4.81908
      vertex 35.9488 -34.5 4.90602
    endloop
  endfacet
  facet normal 0.999405 0 -0.034486
    outer loop
      vertex 35.9458 -34.5 4.81908
      vertex 35.9488 -35.9 4.90602
      vertex 35.9458 -35.9 4.81908
    endloop
  endfacet
  facet normal 0.994281 0 -0.106795
    outer loop
      vertex 35.9458 -35.9 4.81908
      vertex 35.937 -34.5 4.73715
      vertex 35.9458 -34.5 4.81908
    endloop
  endfacet
  facet normal 0.994281 0 -0.106795
    outer loop
      vertex 35.937 -34.5 4.73715
      vertex 35.9458 -35.9 4.81908
      vertex 35.937 -35.9 4.73715
    endloop
  endfacet
  facet normal 0.982215 0 -0.187758
    outer loop
      vertex 35.937 -35.9 4.73715
      vertex 35.9223 -34.5 4.66025
      vertex 35.937 -34.5 4.73715
    endloop
  endfacet
  facet normal 0.982215 0 -0.187758
    outer loop
      vertex 35.9223 -34.5 4.66025
      vertex 35.937 -35.9 4.73715
      vertex 35.9223 -35.9 4.66025
    endloop
  endfacet
  facet normal 0.961665 0 -0.274226
    outer loop
      vertex 35.9223 -35.9 4.66025
      vertex 35.9018 -34.5 4.58836
      vertex 35.9223 -34.5 4.66025
    endloop
  endfacet
  facet normal 0.961665 0 -0.274226
    outer loop
      vertex 35.9018 -34.5 4.58836
      vertex 35.9223 -35.9 4.66025
      vertex 35.9018 -35.9 4.58836
    endloop
  endfacet
  facet normal 0.929642 0 -0.368464
    outer loop
      vertex 35.9018 -35.9 4.58836
      vertex 35.8753 -34.5 4.5215
      vertex 35.9018 -34.5 4.58836
    endloop
  endfacet
  facet normal 0.929642 0 -0.368464
    outer loop
      vertex 35.8753 -34.5 4.5215
      vertex 35.9018 -35.9 4.58836
      vertex 35.8753 -35.9 4.5215
    endloop
  endfacet
  facet normal 0.886375 0 -0.462968
    outer loop
      vertex 35.8753 -35.9 4.5215
      vertex 35.843 -34.5 4.45966
      vertex 35.8753 -34.5 4.5215
    endloop
  endfacet
  facet normal 0.886375 0 -0.462968
    outer loop
      vertex 35.843 -34.5 4.45966
      vertex 35.8753 -35.9 4.5215
      vertex 35.843 -35.9 4.45966
    endloop
  endfacet
  facet normal 0.829932 0 -0.557864
    outer loop
      vertex 35.843 -35.9 4.45966
      vertex 35.8048 -34.5 4.40283
      vertex 35.843 -34.5 4.45966
    endloop
  endfacet
  facet normal 0.829932 0 -0.557864
    outer loop
      vertex 35.8048 -34.5 4.40283
      vertex 35.843 -35.9 4.45966
      vertex 35.8048 -35.9 4.40283
    endloop
  endfacet
  facet normal 0.761555 0 -0.6481
    outer loop
      vertex 35.8048 -35.9 4.40283
      vertex 35.7607 -34.5 4.35101
      vertex 35.8048 -34.5 4.40283
    endloop
  endfacet
  facet normal 0.761555 0 -0.6481
    outer loop
      vertex 35.7607 -34.5 4.35101
      vertex 35.8048 -35.9 4.40283
      vertex 35.7607 -35.9 4.35101
    endloop
  endfacet
  facet normal 0.683931 0 -0.729546
    outer loop
      vertex 35.7108 -35.9 4.30423
      vertex 35.7607 -34.5 4.35101
      vertex 35.7607 -35.9 4.35101
    endloop
  endfacet
  facet normal 0.683931 0 -0.729546
    outer loop
      vertex 35.7607 -34.5 4.35101
      vertex 35.7108 -35.9 4.30423
      vertex 35.7108 -34.5 4.30423
    endloop
  endfacet
  facet normal 0.599633 0 -0.800275
    outer loop
      vertex 35.655 -35.9 4.26242
      vertex 35.7108 -34.5 4.30423
      vertex 35.7108 -35.9 4.30423
    endloop
  endfacet
  facet normal 0.599633 0 -0.800275
    outer loop
      vertex 35.7108 -34.5 4.30423
      vertex 35.655 -35.9 4.26242
      vertex 35.655 -34.5 4.26242
    endloop
  endfacet
  facet normal 0.513881 0 -0.857861
    outer loop
      vertex 35.5934 -35.9 4.22552
      vertex 35.655 -34.5 4.26242
      vertex 35.655 -35.9 4.26242
    endloop
  endfacet
  facet normal 0.513881 0 -0.857861
    outer loop
      vertex 35.655 -34.5 4.26242
      vertex 35.5934 -35.9 4.22552
      vertex 35.5934 -34.5 4.22552
    endloop
  endfacet
  facet normal 0.428975 0 -0.903317
    outer loop
      vertex 35.5261 -35.9 4.19356
      vertex 35.5934 -34.5 4.22552
      vertex 35.5934 -35.9 4.22552
    endloop
  endfacet
  facet normal 0.428975 0 -0.903317
    outer loop
      vertex 35.5934 -34.5 4.22552
      vertex 35.5261 -35.9 4.19356
      vertex 35.5261 -34.5 4.19356
    endloop
  endfacet
  facet normal 0.347156 0 -0.937808
    outer loop
      vertex 35.453 -35.9 4.1665
      vertex 35.5261 -34.5 4.19356
      vertex 35.5261 -35.9 4.19356
    endloop
  endfacet
  facet normal 0.347156 0 -0.937808
    outer loop
      vertex 35.5261 -34.5 4.19356
      vertex 35.453 -35.9 4.1665
      vertex 35.453 -34.5 4.1665
    endloop
  endfacet
  facet normal 0.269947 0 -0.962875
    outer loop
      vertex 35.3741 -35.9 4.14438
      vertex 35.453 -34.5 4.1665
      vertex 35.453 -35.9 4.1665
    endloop
  endfacet
  facet normal 0.269947 0 -0.962875
    outer loop
      vertex 35.453 -34.5 4.1665
      vertex 35.3741 -35.9 4.14438
      vertex 35.3741 -34.5 4.14438
    endloop
  endfacet
  facet normal 0.199119 0 -0.979975
    outer loop
      vertex 35.2894 -35.9 4.12717
      vertex 35.3741 -34.5 4.14438
      vertex 35.3741 -35.9 4.14438
    endloop
  endfacet
  facet normal 0.199119 0 -0.979975
    outer loop
      vertex 35.3741 -34.5 4.14438
      vertex 35.2894 -35.9 4.12717
      vertex 35.2894 -34.5 4.12717
    endloop
  endfacet
  facet normal 0.134673 0 -0.99089
    outer loop
      vertex 35.1989 -35.9 4.11487
      vertex 35.2894 -34.5 4.12717
      vertex 35.2894 -35.9 4.12717
    endloop
  endfacet
  facet normal 0.134673 0 -0.99089
    outer loop
      vertex 35.2894 -34.5 4.12717
      vertex 35.1989 -35.9 4.11487
      vertex 35.1989 -34.5 4.11487
    endloop
  endfacet
  facet normal 0.0765935 0 -0.997062
    outer loop
      vertex 35.1027 -35.9 4.10748
      vertex 35.1989 -34.5 4.11487
      vertex 35.1989 -35.9 4.11487
    endloop
  endfacet
  facet normal 0.0765935 0 -0.997062
    outer loop
      vertex 35.1989 -34.5 4.11487
      vertex 35.1027 -35.9 4.10748
      vertex 35.1027 -34.5 4.10748
    endloop
  endfacet
  facet normal 0.0240127 0 -0.999712
    outer loop
      vertex 35.0007 -35.9 4.10503
      vertex 35.1027 -34.5 4.10748
      vertex 35.1027 -35.9 4.10748
    endloop
  endfacet
  facet normal 0.0240127 0 -0.999712
    outer loop
      vertex 35.1027 -34.5 4.10748
      vertex 35.0007 -35.9 4.10503
      vertex 35.0007 -34.5 4.10503
    endloop
  endfacet
  facet normal 0 0 -1
    outer loop
      vertex 34.0812 -35.9 4.10503
      vertex 35.0007 -34.5 4.10503
      vertex 35.0007 -35.9 4.10503
    endloop
  endfacet
  facet normal -0 0 -1
    outer loop
      vertex 35.0007 -34.5 4.10503
      vertex 34.0812 -35.9 4.10503
      vertex 34.0812 -34.5 4.10503
    endloop
  endfacet
  facet normal 0 0 -1
    outer loop
      vertex 28.8238 -35.9 6.02885
      vertex 31.379 -34.5 6.02885
      vertex 31.379 -35.9 6.02885
    endloop
  endfacet
  facet normal -0 0 -1
    outer loop
      vertex 31.379 -34.5 6.02885
      vertex 28.8238 -35.9 6.02885
      vertex 28.8238 -34.5 6.02885
    endloop
  endfacet
  facet normal 1 -0 0
    outer loop
      vertex 28.8238 -35.9 6.02885
      vertex 28.8238 -34.5 4.84615
      vertex 28.8238 -34.5 6.02885
    endloop
  endfacet
  facet normal 1 0 0
    outer loop
      vertex 28.8238 -34.5 4.84615
      vertex 28.8238 -35.9 6.02885
      vertex 28.8238 -35.9 4.84615
    endloop
  endfacet
  facet normal -0 0 1
    outer loop
      vertex 28.8238 -34.5 4.84615
      vertex 31.379 -35.9 4.84615
      vertex 31.379 -34.5 4.84615
    endloop
  endfacet
  facet normal 0 0 1
    outer loop
      vertex 31.379 -35.9 4.84615
      vertex 28.8238 -34.5 4.84615
      vertex 28.8238 -35.9 4.84615
    endloop
  endfacet
  facet normal -1 0 0
    outer loop
      vertex 31.379 -35.9 4.84615
      vertex 31.379 -34.5 6.02885
      vertex 31.379 -34.5 4.84615
    endloop
  endfacet
  facet normal -1 -0 0
    outer loop
      vertex 31.379 -34.5 6.02885
      vertex 31.379 -35.9 4.84615
      vertex 31.379 -35.9 6.02885
    endloop
  endfacet
  facet normal 0.866009 0.500029 0
    outer loop
      vertex 52.334 -4.72428 29.6
      vertex 52.167 -4.43505 12
      vertex 52.167 -4.43505 29.6
    endloop
  endfacet
  facet normal 0.866009 0.500029 0
    outer loop
      vertex 52.167 -4.43505 12
      vertex 52.334 -4.72428 29.6
      vertex 52.334 -4.72428 12
    endloop
  endfacet
  facet normal 0.866009 0.500029 0
    outer loop
      vertex 53.367 -6.51351 29.6
      vertex 53.2 -6.22428 12
      vertex 53.2 -6.22428 29.6
    endloop
  endfacet
  facet normal 0.866009 0.500029 0
    outer loop
      vertex 53.2 -6.22428 12
      vertex 53.367 -6.51351 29.6
      vertex 53.367 -6.51351 12
    endloop
  endfacet
  facet normal 0.866029 0.499994 0
    outer loop
      vertex 52.767 -5.47427 18.3109
      vertex 52.334 -4.72428 17
      vertex 52.334 -4.72428 18.021
    endloop
  endfacet
  facet normal 0.86603 0.499991 -1.90705e-06
    outer loop
      vertex 52.767 -5.47427 18.3109
      vertex 53.2 -6.22427 17
      vertex 52.334 -4.72428 17
    endloop
  endfacet
  facet normal 0.866032 0.499989 -0
    outer loop
      vertex 53.2 -6.22427 17
      vertex 52.767 -5.47427 18.3109
      vertex 53.2 -6.22427 19.99
    endloop
  endfacet
  facet normal 0.866029 0.499994 0
    outer loop
      vertex 52.767 -5.47427 22.5844
      vertex 52.334 -4.72428 22
      vertex 52.334 -4.72428 22.4109
    endloop
  endfacet
  facet normal 0.86603 0.499991 -4.27782e-06
    outer loop
      vertex 52.767 -5.47427 22.5844
      vertex 53.2 -6.22427 22
      vertex 52.334 -4.72428 22
    endloop
  endfacet
  facet normal 0.866032 0.499989 -0
    outer loop
      vertex 53.2 -6.22427 22
      vertex 52.767 -5.47427 22.5844
      vertex 53.2 -6.22427 23.59
    endloop
  endfacet
  facet normal 0 0 1
    outer loop
      vertex 39.2 -30.8586 29.6
      vertex 38.866 -31.0514 29.6
      vertex 39.2 -31.0514 29.6
    endloop
  endfacet
  facet normal 0 0 1
    outer loop
      vertex 36.8 -30.8586 29.6
      vertex 36.8 -31.0514 29.6
      vertex 37.134 -31.0514 29.6
    endloop
  endfacet
  facet normal 0 0 1
    outer loop
      vertex 52.167 -4.43505 29.6
      vertex 52 -4.53146 29.6
      vertex 52.334 -4.72428 29.6
    endloop
  endfacet
  facet normal 0 0 1
    outer loop
      vertex 53.2 -6.22428 29.6
      vertex 53.2 -6.60992 29.6
      vertex 53.367 -6.51351 29.6
    endloop
  endfacet
  facet normal 0 0 1
    outer loop
      vertex 22.8 -6.22428 29.6
      vertex 22.633 -6.51351 29.6
      vertex 22.8 -6.60992 29.6
    endloop
  endfacet
  facet normal 0 0 1
    outer loop
      vertex 23.833 -4.43505 29.6
      vertex 23.666 -4.72428 29.6
      vertex 24 -4.53146 29.6
    endloop
  endfacet
  facet normal 0 0 1
    outer loop
      vertex 49.8 -5.80163 29.6
      vertex 51 -7.88009 29.6
      vertex 51 -6.49445 29.6
    endloop
  endfacet
  facet normal 0 0 1
    outer loop
      vertex 49.8 -5.80163 29.6
      vertex 39.2 -14.6928 29.6
      vertex 51 -7.88009 29.6
    endloop
  endfacet
  facet normal -0 0 1
    outer loop
      vertex 38 -12.6144 29.6
      vertex 39.2 -14.6928 29.6
      vertex 49.8 -5.80163 29.6
    endloop
  endfacet
  facet normal 0 0 1
    outer loop
      vertex 36.8 -14.6928 29.6
      vertex 39.2 -14.6928 29.6
      vertex 38 -12.6144 29.6
    endloop
  endfacet
  facet normal 0 0 1
    outer loop
      vertex 39.2 -14.6928 29.6
      vertex 36.8 -14.6928 29.6
      vertex 39.2 -28.3183 29.6
    endloop
  endfacet
  facet normal 0 0 1
    outer loop
      vertex 36.8 -28.3183 29.6
      vertex 39.2 -28.3183 29.6
      vertex 36.8 -14.6928 29.6
    endloop
  endfacet
  facet normal 0 0 1
    outer loop
      vertex 26.2 -5.80163 29.6
      vertex 36.8 -14.6928 29.6
      vertex 38 -12.6144 29.6
    endloop
  endfacet
  facet normal 0 0 1
    outer loop
      vertex 25 -7.88009 29.6
      vertex 26.2 -5.80163 29.6
      vertex 25 -6.49445 29.6
    endloop
  endfacet
  facet normal 0 0 1
    outer loop
      vertex 26.2 -5.80163 29.6
      vertex 25 -7.88009 29.6
      vertex 36.8 -14.6928 29.6
    endloop
  endfacet
  facet normal 0 0 1
    outer loop
      vertex 39.2 -28.3183 29.6
      vertex 36.8 -28.3183 29.6
      vertex 38 -29.0111 29.6
    endloop
  endfacet
  facet normal -0.499971 0.866042 0
    outer loop
      vertex 52.167 -4.43505 12
      vertex 52 -4.53146 29.6
      vertex 52.167 -4.43505 29.6
    endloop
  endfacet
  facet normal -0.499971 0.866042 0
    outer loop
      vertex 52 -4.53146 29.6
      vertex 52.167 -4.43505 12
      vertex 52 -4.53146 12
    endloop
  endfacet
  facet normal -0.500002 0.866024 0
    outer loop
      vertex 49.8 -5.80163 3
      vertex 38 -12.6144 29.6
      vertex 49.8 -5.80163 29.6
    endloop
  endfacet
  facet normal -0.500002 0.866024 0
    outer loop
      vertex 38 -12.6144 29.6
      vertex 49.8 -5.80163 3
      vertex 38 -12.6144 3
    endloop
  endfacet
  facet normal -0.499893 0.866087 0
    outer loop
      vertex 52 -4.53146 17
      vertex 51.9325 -4.57042 17
      vertex 52 -4.53146 17.2617
    endloop
  endfacet
  facet normal 0.499971 -0.866042 0
    outer loop
      vertex 53.2 -6.60992 12
      vertex 53.367 -6.51351 29.6
      vertex 53.2 -6.60992 29.6
    endloop
  endfacet
  facet normal 0.499971 -0.866042 0
    outer loop
      vertex 53.367 -6.51351 29.6
      vertex 53.2 -6.60992 12
      vertex 53.367 -6.51351 12
    endloop
  endfacet
  facet normal 0.499999 -0.866026 0
    outer loop
      vertex 39.2 -14.6928 3
      vertex 51 -7.88009 29.6
      vertex 39.2 -14.6928 29.6
    endloop
  endfacet
  facet normal 0.499999 -0.866026 0
    outer loop
      vertex 51 -7.88009 29.6
      vertex 39.2 -14.6928 3
      vertex 51 -7.88009 3
    endloop
  endfacet
  facet normal 0.499979 -0.866037 0
    outer loop
      vertex 53.2 -6.60992 19.99
      vertex 52.4289 -7.05509 17
      vertex 53.2 -6.60992 17
    endloop
  endfacet
  facet normal 0.499989 -0.866032 0
    outer loop
      vertex 53.2 -6.60992 23.59
      vertex 52.5153 -7.00522 22
      vertex 53.2 -6.60992 22
    endloop
  endfacet
  facet normal -0.499971 -0.866042 0
    outer loop
      vertex 22.633 -6.51351 12
      vertex 22.8 -6.60992 29.6
      vertex 22.633 -6.51351 29.6
    endloop
  endfacet
  facet normal -0.499971 -0.866042 -0
    outer loop
      vertex 22.8 -6.60992 29.6
      vertex 22.633 -6.51351 12
      vertex 22.8 -6.60992 12
    endloop
  endfacet
  facet normal -0.499999 -0.866026 0
    outer loop
      vertex 25 -7.88009 3
      vertex 36.8 -14.6928 29.6
      vertex 25 -7.88009 29.6
    endloop
  endfacet
  facet normal -0.499999 -0.866026 -0
    outer loop
      vertex 36.8 -14.6928 29.6
      vertex 25 -7.88009 3
      vertex 36.8 -14.6928 3
    endloop
  endfacet
  facet normal -0.866009 0.500029 0
    outer loop
      vertex 22.633 -6.51351 12
      vertex 22.8 -6.22428 29.6
      vertex 22.8 -6.22428 12
    endloop
  endfacet
  facet normal -0.866009 0.500029 0
    outer loop
      vertex 22.8 -6.22428 29.6
      vertex 22.633 -6.51351 12
      vertex 22.633 -6.51351 29.6
    endloop
  endfacet
  facet normal -0.866009 0.500029 0
    outer loop
      vertex 23.666 -4.72428 12
      vertex 23.833 -4.43505 29.6
      vertex 23.833 -4.43505 12
    endloop
  endfacet
  facet normal -0.866009 0.500029 0
    outer loop
      vertex 23.833 -4.43505 29.6
      vertex 23.666 -4.72428 12
      vertex 23.666 -4.72428 29.6
    endloop
  endfacet
  facet normal 0.499971 0.866042 -0
    outer loop
      vertex 24 -4.53146 12
      vertex 23.833 -4.43505 29.6
      vertex 24 -4.53146 29.6
    endloop
  endfacet
  facet normal 0.499971 0.866042 0
    outer loop
      vertex 23.833 -4.43505 29.6
      vertex 24 -4.53146 12
      vertex 23.833 -4.43505 12
    endloop
  endfacet
  facet normal 0.500002 0.866024 -0
    outer loop
      vertex 38 -12.6144 3
      vertex 26.2 -5.80163 29.6
      vertex 38 -12.6144 29.6
    endloop
  endfacet
  facet normal 0.500002 0.866024 0
    outer loop
      vertex 26.2 -5.80163 29.6
      vertex 38 -12.6144 3
      vertex 26.2 -5.80163 3
    endloop
  endfacet
  facet normal 1 -0 0
    outer loop
      vertex 39.2 -31.0514 29.6
      vertex 39.2 -30.8586 12
      vertex 39.2 -30.8586 29.6
    endloop
  endfacet
  facet normal 1 0 0
    outer loop
      vertex 39.2 -30.8586 12
      vertex 39.2 -31.0514 29.6
      vertex 39.2 -31.0514 12
    endloop
  endfacet
  facet normal 1 -0 0
    outer loop
      vertex 39.2 -28.3183 29.6
      vertex 39.2 -14.6928 3
      vertex 39.2 -14.6928 29.6
    endloop
  endfacet
  facet normal 1 0 0
    outer loop
      vertex 39.2 -14.6928 3
      vertex 39.2 -28.3183 29.6
      vertex 39.2 -28.3183 3
    endloop
  endfacet
  facet normal 1 0 0
    outer loop
      vertex 39.2 -30.7714 19.6971
      vertex 39.2 -30.8586 17
      vertex 39.2 -29.9683 17
    endloop
  endfacet
  facet normal 1 0 0
    outer loop
      vertex 39.2 -30.8586 17
      vertex 39.2 -30.7714 19.6971
      vertex 39.2 -30.8586 19.99
    endloop
  endfacet
  facet normal 1 0 0
    outer loop
      vertex 39.2 -30.7714 23.4146
      vertex 39.2 -30.8586 22
      vertex 39.2 -30.068 22
    endloop
  endfacet
  facet normal 1 0 0
    outer loop
      vertex 39.2 -30.8586 22
      vertex 39.2 -30.7714 23.4146
      vertex 39.2 -30.8586 23.59
    endloop
  endfacet
  facet normal 0 -1 0
    outer loop
      vertex 38.866 -31.0514 12
      vertex 39.2 -31.0514 29.6
      vertex 38.866 -31.0514 29.6
    endloop
  endfacet
  facet normal 0 -1 -0
    outer loop
      vertex 39.2 -31.0514 29.6
      vertex 38.866 -31.0514 12
      vertex 39.2 -31.0514 12
    endloop
  endfacet
  facet normal 0 -1 0
    outer loop
      vertex 36.8 -31.0514 12
      vertex 37.134 -31.0514 29.6
      vertex 36.8 -31.0514 29.6
    endloop
  endfacet
  facet normal 0 -1 -0
    outer loop
      vertex 37.134 -31.0514 29.6
      vertex 36.8 -31.0514 12
      vertex 37.134 -31.0514 12
    endloop
  endfacet
  facet normal 0 -1 0
    outer loop
      vertex 37.134 -31.0514 18.3515
      vertex 37.134 -31.0514 17
      vertex 38 -31.0514 18.3109
    endloop
  endfacet
  facet normal 0 -1 0
    outer loop
      vertex 38.7692 -31.0514 19.8023
      vertex 38.866 -31.0514 17
      vertex 38.866 -31.0514 19.99
    endloop
  endfacet
  facet normal 0 -1 0
    outer loop
      vertex 38 -31.0514 18.3109
      vertex 38.866 -31.0514 17
      vertex 38.7692 -31.0514 19.8023
    endloop
  endfacet
  facet normal 0 -1 0
    outer loop
      vertex 38.866 -31.0514 17
      vertex 38 -31.0514 18.3109
      vertex 37.134 -31.0514 17
    endloop
  endfacet
  facet normal 0 -1 0
    outer loop
      vertex 37.134 -31.0514 22.6088
      vertex 37.134 -31.0514 22
      vertex 38 -31.0514 22.5845
    endloop
  endfacet
  facet normal 0 -1 0
    outer loop
      vertex 38.7692 -31.0514 23.4776
      vertex 38.866 -31.0514 22
      vertex 38.866 -31.0514 23.59
    endloop
  endfacet
  facet normal 0 -1 0
    outer loop
      vertex 38 -31.0514 22.5845
      vertex 38.866 -31.0514 22
      vertex 38.7692 -31.0514 23.4776
    endloop
  endfacet
  facet normal 0 -1 0
    outer loop
      vertex 38.866 -31.0514 22
      vertex 38 -31.0514 22.5845
      vertex 37.134 -31.0514 22
    endloop
  endfacet
  facet normal -1 0 0
    outer loop
      vertex 36.8 -31.0514 12
      vertex 36.8 -30.8586 29.6
      vertex 36.8 -30.8586 12
    endloop
  endfacet
  facet normal -1 -0 0
    outer loop
      vertex 36.8 -30.8586 29.6
      vertex 36.8 -31.0514 12
      vertex 36.8 -31.0514 29.6
    endloop
  endfacet
  facet normal -1 0 0
    outer loop
      vertex 36.8 -28.3183 3
      vertex 36.8 -14.6928 29.6
      vertex 36.8 -14.6928 3
    endloop
  endfacet
  facet normal -1 -0 0
    outer loop
      vertex 36.8 -14.6928 29.6
      vertex 36.8 -28.3183 3
      vertex 36.8 -28.3183 29.6
    endloop
  endfacet
  facet normal -1 0 0
    outer loop
      vertex 36.8 -30.6444 17
      vertex 36.8 -30.8586 17
      vertex 36.8 -30.8586 17.7195
    endloop
  endfacet
  facet normal -1 0 0
    outer loop
      vertex 36.8 -30.7441 22
      vertex 36.8 -30.8586 22
      vertex 36.8 -30.8586 22.2303
    endloop
  endfacet
endsolid OpenSCAD_Model
