solid OpenSCAD_Model
  facet normal 0 0 -1
    outer loop
      vertex 12.9326 -25.4 2.99
      vertex 8.77572 -15.2 2.99
      vertex 14.6647 -25.4 2.99
    endloop
  endfacet
  facet normal 0 0 -1
    outer loop
      vertex 7.90968 -16.7 2.99
      vertex 8.77572 -15.2 2.99
      vertex 12.9326 -25.4 2.99
    endloop
  endfacet
  facet normal 0 0 -1
    outer loop
      vertex -7.90968 -16.7 2.99
      vertex 8.77572 -15.2 2.99
      vertex 7.90968 -16.7 2.99
    endloop
  endfacet
  facet normal 0 0 -1
    outer loop
      vertex -7.90968 -16.7 2.99
      vertex -8.77572 -15.2 2.99
      vertex 8.77572 -15.2 2.99
    endloop
  endfacet
  facet normal 0 0 -1
    outer loop
      vertex -12.9326 -25.4 2.99
      vertex -8.77572 -15.2 2.99
      vertex -7.90968 -16.7 2.99
    endloop
  endfacet
  facet normal 0 0 -1
    outer loop
      vertex -8.77572 -15.2 2.99
      vertex -12.9326 -25.4 2.99
      vertex -14.6647 -25.4 2.99
    endloop
  endfacet
  facet normal 0 0 -1
    outer loop
      vertex -35.1029 -31.9 2.99
      vertex -30.9153 -30.4 2.99
      vertex -30.9153 -31.9 2.99
    endloop
  endfacet
  facet normal 0 0 -1
    outer loop
      vertex -35.1029 -31.9 2.99
      vertex -35.1029 -30.4 2.99
      vertex -30.9153 -30.4 2.99
    endloop
  endfacet
  facet normal 0 0 -1
    outer loop
      vertex -35.201 -31.8968 2.99
      vertex -35.1029 -30.4 2.99
      vertex -35.1029 -31.9 2.99
    endloop
  endfacet
  facet normal 0 0 -1
    outer loop
      vertex -35.3472 -31.88 2.99
      vertex -35.1029 -30.4 2.99
      vertex -35.201 -31.8968 2.99
    endloop
  endfacet
  facet normal 0 0 -1
    outer loop
      vertex -35.4911 -31.8489 2.99
      vertex -35.1029 -30.4 2.99
      vertex -35.3472 -31.88 2.99
    endloop
  endfacet
  facet normal 0 0 -1
    outer loop
      vertex -35.6313 -31.8038 2.99
      vertex -35.1029 -30.4 2.99
      vertex -35.4911 -31.8489 2.99
    endloop
  endfacet
  facet normal 0 0 -1
    outer loop
      vertex -35.7663 -31.7453 2.99
      vertex -35.1029 -30.4 2.99
      vertex -35.6313 -31.8038 2.99
    endloop
  endfacet
  facet normal 0 0 -1
    outer loop
      vertex -35.895 -31.6738 2.99
      vertex -35.1029 -30.4 2.99
      vertex -35.7663 -31.7453 2.99
    endloop
  endfacet
  facet normal 0 0 -1
    outer loop
      vertex -36.016 -31.59 2.99
      vertex -35.1029 -30.4 2.99
      vertex -35.895 -31.6738 2.99
    endloop
  endfacet
  facet normal 0 0 -1
    outer loop
      vertex -36.1283 -31.4948 2.99
      vertex -35.1029 -30.4 2.99
      vertex -36.016 -31.59 2.99
    endloop
  endfacet
  facet normal 0 0 -1
    outer loop
      vertex -36.2307 -31.389 2.99
      vertex -35.1029 -30.4 2.99
      vertex -36.1283 -31.4948 2.99
    endloop
  endfacet
  facet normal 0 0 -1
    outer loop
      vertex -36.3222 -31.2737 2.99
      vertex -35.1029 -30.4 2.99
      vertex -36.2307 -31.389 2.99
    endloop
  endfacet
  facet normal 0 0 -1
    outer loop
      vertex -36.4019 -31.15 2.99
      vertex -35.1029 -30.4 2.99
      vertex -36.3222 -31.2737 2.99
    endloop
  endfacet
  facet normal 0 0 -1
    outer loop
      vertex -36.4019 -31.15 2.99
      vertex -43.8786 -15.2 2.99
      vertex -35.1029 -30.4 2.99
    endloop
  endfacet
  facet normal 0 -0 -1
    outer loop
      vertex -43.8786 -15.2 2.99
      vertex -36.4019 -31.15 2.99
      vertex -45.1777 -15.95 2.99
    endloop
  endfacet
  facet normal 0 0 -1
    outer loop
      vertex 43.8786 -15.2 2.99
      vertex 45.3778 -15.2491 2.99
      vertex 45.3658 -15.3958 2.99
    endloop
  endfacet
  facet normal 0 0 -1
    outer loop
      vertex 45.3778 -15.2491 2.99
      vertex 43.8786 -15.2 2.99
      vertex 45.3754 -15.1019 2.99
    endloop
  endfacet
  facet normal 0 0 -1
    outer loop
      vertex 43.8786 -15.2 2.99
      vertex 45.3658 -15.3958 2.99
      vertex 45.3394 -15.5406 2.99
    endloop
  endfacet
  facet normal -0 0 -1
    outer loop
      vertex 45.3754 -15.1019 2.99
      vertex 43.8786 -15.2 2.99
      vertex 45.3586 -14.9557 2.99
    endloop
  endfacet
  facet normal 0 0 -1
    outer loop
      vertex 43.8786 -15.2 2.99
      vertex 45.3394 -15.5406 2.99
      vertex 45.299 -15.6822 2.99
    endloop
  endfacet
  facet normal -0 0 -1
    outer loop
      vertex 45.3586 -14.9557 2.99
      vertex 43.8786 -15.2 2.99
      vertex 45.3275 -14.8118 2.99
    endloop
  endfacet
  facet normal 0 0 -1
    outer loop
      vertex 43.8786 -15.2 2.99
      vertex 45.299 -15.6822 2.99
      vertex 45.2449 -15.8191 2.99
    endloop
  endfacet
  facet normal -0 0 -1
    outer loop
      vertex 45.3275 -14.8118 2.99
      vertex 43.8786 -15.2 2.99
      vertex 45.2825 -14.6716 2.99
    endloop
  endfacet
  facet normal 0 0 -1
    outer loop
      vertex 43.8786 -15.2 2.99
      vertex 45.2449 -15.8191 2.99
      vertex 45.1777 -15.95 2.99
    endloop
  endfacet
  facet normal -0 0 -1
    outer loop
      vertex 45.2825 -14.6716 2.99
      vertex 43.8786 -15.2 2.99
      vertex 45.2239 -14.5366 2.99
    endloop
  endfacet
  facet normal -0 0 -1
    outer loop
      vertex 45.2239 -14.5366 2.99
      vertex 43.8786 -15.2 2.99
      vertex 45.1777 -14.45 2.99
    endloop
  endfacet
  facet normal 0 0 -1
    outer loop
      vertex 36.4019 -31.15 2.99
      vertex 43.8786 -15.2 2.99
      vertex 45.1777 -15.95 2.99
    endloop
  endfacet
  facet normal 0 0 -1
    outer loop
      vertex 35.1029 -30.4 2.99
      vertex 36.4019 -31.15 2.99
      vertex 36.3501 -31.2334 2.99
    endloop
  endfacet
  facet normal 0 0 -1
    outer loop
      vertex 35.1029 -30.4 2.99
      vertex 36.3501 -31.2334 2.99
      vertex 36.2624 -31.3516 2.99
    endloop
  endfacet
  facet normal 0 0 -1
    outer loop
      vertex 35.1029 -30.4 2.99
      vertex 36.2624 -31.3516 2.99
      vertex 36.1635 -31.4606 2.99
    endloop
  endfacet
  facet normal 0 0 -1
    outer loop
      vertex 35.1029 -30.4 2.99
      vertex 36.1635 -31.4606 2.99
      vertex 36.0545 -31.5595 2.99
    endloop
  endfacet
  facet normal 0 0 -1
    outer loop
      vertex 35.1029 -30.4 2.99
      vertex 36.0545 -31.5595 2.99
      vertex 35.9362 -31.6472 2.99
    endloop
  endfacet
  facet normal 0 0 -1
    outer loop
      vertex 35.1029 -30.4 2.99
      vertex 35.9362 -31.6472 2.99
      vertex 35.81 -31.7229 2.99
    endloop
  endfacet
  facet normal 0 0 -1
    outer loop
      vertex 35.1029 -30.4 2.99
      vertex 35.81 -31.7229 2.99
      vertex 35.6769 -31.7858 2.99
    endloop
  endfacet
  facet normal 0 0 -1
    outer loop
      vertex 35.1029 -30.4 2.99
      vertex 35.6769 -31.7858 2.99
      vertex 35.5383 -31.8354 2.99
    endloop
  endfacet
  facet normal 0 0 -1
    outer loop
      vertex 35.1029 -30.4 2.99
      vertex 35.5383 -31.8354 2.99
      vertex 35.3955 -31.8712 2.99
    endloop
  endfacet
  facet normal 0 0 -1
    outer loop
      vertex 35.1029 -30.4 2.99
      vertex 35.3955 -31.8712 2.99
      vertex 35.2499 -31.8928 2.99
    endloop
  endfacet
  facet normal 0 0 -1
    outer loop
      vertex 36.4019 -31.15 2.99
      vertex 35.1029 -30.4 2.99
      vertex 43.8786 -15.2 2.99
    endloop
  endfacet
  facet normal 0 0 -1
    outer loop
      vertex 35.1029 -31.9 2.99
      vertex 35.1029 -30.4 2.99
      vertex 35.2499 -31.8928 2.99
    endloop
  endfacet
  facet normal 0 0 -1
    outer loop
      vertex 30.9153 -31.9 2.99
      vertex 35.1029 -30.4 2.99
      vertex 35.1029 -31.9 2.99
    endloop
  endfacet
  facet normal -0 0 -1
    outer loop
      vertex 35.1029 -30.4 2.99
      vertex 30.9153 -31.9 2.99
      vertex 30.9153 -30.4 2.99
    endloop
  endfacet
  facet normal 0 0 -1
    outer loop
      vertex 43.8786 -15.2 2.99
      vertex 36.8349 0 2.99
      vertex 45.1777 -14.45 2.99
    endloop
  endfacet
  facet normal -0 -0 -1
    outer loop
      vertex 36.8349 0 2.99
      vertex 43.8786 -15.2 2.99
      vertex 35.1029 0 2.99
    endloop
  endfacet
  facet normal 0 0 -1
    outer loop
      vertex 43.8786 15.2 2.99
      vertex 45.3778 15.1509 2.99
      vertex 45.3658 15.0042 2.99
    endloop
  endfacet
  facet normal 0 0 -1
    outer loop
      vertex 45.3778 15.1509 2.99
      vertex 43.8786 15.2 2.99
      vertex 45.3754 15.2981 2.99
    endloop
  endfacet
  facet normal 0 0 -1
    outer loop
      vertex 43.8786 15.2 2.99
      vertex 45.3658 15.0042 2.99
      vertex 45.3394 14.8594 2.99
    endloop
  endfacet
  facet normal -0 0 -1
    outer loop
      vertex 45.3754 15.2981 2.99
      vertex 43.8786 15.2 2.99
      vertex 45.3586 15.4443 2.99
    endloop
  endfacet
  facet normal 0 0 -1
    outer loop
      vertex 43.8786 15.2 2.99
      vertex 45.3394 14.8594 2.99
      vertex 45.299 14.7178 2.99
    endloop
  endfacet
  facet normal -0 0 -1
    outer loop
      vertex 45.3586 15.4443 2.99
      vertex 43.8786 15.2 2.99
      vertex 45.3275 15.5882 2.99
    endloop
  endfacet
  facet normal 0 0 -1
    outer loop
      vertex 43.8786 15.2 2.99
      vertex 45.299 14.7178 2.99
      vertex 45.2449 14.5809 2.99
    endloop
  endfacet
  facet normal -0 0 -1
    outer loop
      vertex 45.3275 15.5882 2.99
      vertex 43.8786 15.2 2.99
      vertex 45.2825 15.7284 2.99
    endloop
  endfacet
  facet normal 0 0 -1
    outer loop
      vertex 43.8786 15.2 2.99
      vertex 45.2449 14.5809 2.99
      vertex 45.1777 14.45 2.99
    endloop
  endfacet
  facet normal -0 0 -1
    outer loop
      vertex 45.2825 15.7284 2.99
      vertex 43.8786 15.2 2.99
      vertex 45.2239 15.8634 2.99
    endloop
  endfacet
  facet normal -0 0 -1
    outer loop
      vertex 45.2239 15.8634 2.99
      vertex 43.8786 15.2 2.99
      vertex 45.1777 15.95 2.99
    endloop
  endfacet
  facet normal 0 0 -1
    outer loop
      vertex 36.8349 0 2.99
      vertex 43.8786 15.2 2.99
      vertex 45.1777 14.45 2.99
    endloop
  endfacet
  facet normal 0 0 -1
    outer loop
      vertex 43.8786 15.2 2.99
      vertex 36.8349 0 2.99
      vertex 35.1029 0 2.99
    endloop
  endfacet
  facet normal 0 0 -1
    outer loop
      vertex 43.8786 15.2 2.99
      vertex 36.4019 31.15 2.99
      vertex 45.1777 15.95 2.99
    endloop
  endfacet
  facet normal 0 0 -1
    outer loop
      vertex 35.1029 30.4 2.99
      vertex 36.4019 31.15 2.99
      vertex 43.8786 15.2 2.99
    endloop
  endfacet
  facet normal -0 0 -1
    outer loop
      vertex 36.4019 31.15 2.99
      vertex 35.1029 30.4 2.99
      vertex 36.3222 31.2737 2.99
    endloop
  endfacet
  facet normal -0 0 -1
    outer loop
      vertex 36.3222 31.2737 2.99
      vertex 35.1029 30.4 2.99
      vertex 36.2307 31.389 2.99
    endloop
  endfacet
  facet normal -0 0 -1
    outer loop
      vertex 36.2307 31.389 2.99
      vertex 35.1029 30.4 2.99
      vertex 36.1283 31.4948 2.99
    endloop
  endfacet
  facet normal -0 0 -1
    outer loop
      vertex 36.1283 31.4948 2.99
      vertex 35.1029 30.4 2.99
      vertex 36.016 31.59 2.99
    endloop
  endfacet
  facet normal -0 0 -1
    outer loop
      vertex 36.016 31.59 2.99
      vertex 35.1029 30.4 2.99
      vertex 35.895 31.6738 2.99
    endloop
  endfacet
  facet normal -0 0 -1
    outer loop
      vertex 35.895 31.6738 2.99
      vertex 35.1029 30.4 2.99
      vertex 35.7663 31.7453 2.99
    endloop
  endfacet
  facet normal -0 0 -1
    outer loop
      vertex 35.7663 31.7453 2.99
      vertex 35.1029 30.4 2.99
      vertex 35.6313 31.8038 2.99
    endloop
  endfacet
  facet normal -0 0 -1
    outer loop
      vertex 35.6313 31.8038 2.99
      vertex 35.1029 30.4 2.99
      vertex 35.4911 31.8489 2.99
    endloop
  endfacet
  facet normal -0 0 -1
    outer loop
      vertex 35.4911 31.8489 2.99
      vertex 35.1029 30.4 2.99
      vertex 35.3472 31.88 2.99
    endloop
  endfacet
  facet normal -0 0 -1
    outer loop
      vertex 35.3472 31.88 2.99
      vertex 35.1029 30.4 2.99
      vertex 35.201 31.8968 2.99
    endloop
  endfacet
  facet normal 0 0 -1
    outer loop
      vertex 35.1029 30.4 2.99
      vertex 35.1029 31.9 2.99
      vertex 35.201 31.8968 2.99
    endloop
  endfacet
  facet normal 0 0 -1
    outer loop
      vertex 17.5514 30.4 2.99
      vertex 35.1029 31.9 2.99
      vertex 35.1029 30.4 2.99
    endloop
  endfacet
  facet normal 0 0 -1
    outer loop
      vertex 17.5514 30.4 2.99
      vertex 17.5514 31.9 2.99
      vertex 35.1029 31.9 2.99
    endloop
  endfacet
  facet normal 0 0 -1
    outer loop
      vertex 17.5514 30.4 2.99
      vertex 17.4044 31.8928 2.99
      vertex 17.5514 31.9 2.99
    endloop
  endfacet
  facet normal 0 0 -1
    outer loop
      vertex 17.5514 30.4 2.99
      vertex 17.2588 31.8712 2.99
      vertex 17.4044 31.8928 2.99
    endloop
  endfacet
  facet normal 0 0 -1
    outer loop
      vertex 17.5514 30.4 2.99
      vertex 17.116 31.8354 2.99
      vertex 17.2588 31.8712 2.99
    endloop
  endfacet
  facet normal 0 0 -1
    outer loop
      vertex 17.5514 30.4 2.99
      vertex 16.9774 31.7858 2.99
      vertex 17.116 31.8354 2.99
    endloop
  endfacet
  facet normal 0 0 -1
    outer loop
      vertex 17.5514 30.4 2.99
      vertex 16.8443 31.7229 2.99
      vertex 16.9774 31.7858 2.99
    endloop
  endfacet
  facet normal 0 0 -1
    outer loop
      vertex 17.5514 30.4 2.99
      vertex 16.7181 31.6472 2.99
      vertex 16.8443 31.7229 2.99
    endloop
  endfacet
  facet normal 0 0 -1
    outer loop
      vertex 17.5514 30.4 2.99
      vertex 16.5999 31.5595 2.99
      vertex 16.7181 31.6472 2.99
    endloop
  endfacet
  facet normal 0 0 -1
    outer loop
      vertex 17.5514 30.4 2.99
      vertex 16.4908 31.4606 2.99
      vertex 16.5999 31.5595 2.99
    endloop
  endfacet
  facet normal 0 0 -1
    outer loop
      vertex 17.5514 30.4 2.99
      vertex 16.3919 31.3516 2.99
      vertex 16.4908 31.4606 2.99
    endloop
  endfacet
  facet normal 0 0 -1
    outer loop
      vertex 17.5514 30.4 2.99
      vertex 16.3042 31.2334 2.99
      vertex 16.3919 31.3516 2.99
    endloop
  endfacet
  facet normal 0 0 -1
    outer loop
      vertex 17.5514 30.4 2.99
      vertex 16.2524 31.15 2.99
      vertex 16.3042 31.2334 2.99
    endloop
  endfacet
  facet normal 0 0 -1
    outer loop
      vertex 7.90968 16.7 2.99
      vertex 17.5514 30.4 2.99
      vertex 8.77572 15.2 2.99
    endloop
  endfacet
  facet normal -0 0 -1
    outer loop
      vertex 17.5514 30.4 2.99
      vertex 7.90968 16.7 2.99
      vertex 16.2524 31.15 2.99
    endloop
  endfacet
  facet normal 0 0 -1
    outer loop
      vertex 8.77572 15.2 2.99
      vertex -7.90968 16.7 2.99
      vertex 7.90968 16.7 2.99
    endloop
  endfacet
  facet normal 0 0 -1
    outer loop
      vertex -8.77572 15.2 2.99
      vertex -7.90968 16.7 2.99
      vertex 8.77572 15.2 2.99
    endloop
  endfacet
  facet normal 0 0 -1
    outer loop
      vertex -17.5514 30.4 2.99
      vertex -7.90968 16.7 2.99
      vertex -8.77572 15.2 2.99
    endloop
  endfacet
  facet normal 0 0 -1
    outer loop
      vertex -7.90968 16.7 2.99
      vertex -17.5514 30.4 2.99
      vertex -16.2524 31.15 2.99
    endloop
  endfacet
  facet normal -0 0 -1
    outer loop
      vertex -16.2524 31.15 2.99
      vertex -17.5514 30.4 2.99
      vertex -16.3322 31.2737 2.99
    endloop
  endfacet
  facet normal -0 0 -1
    outer loop
      vertex -16.3322 31.2737 2.99
      vertex -17.5514 30.4 2.99
      vertex -16.4237 31.389 2.99
    endloop
  endfacet
  facet normal -0 0 -1
    outer loop
      vertex -16.4237 31.389 2.99
      vertex -17.5514 30.4 2.99
      vertex -16.526 31.4948 2.99
    endloop
  endfacet
  facet normal -0 0 -1
    outer loop
      vertex -16.526 31.4948 2.99
      vertex -17.5514 30.4 2.99
      vertex -16.6383 31.59 2.99
    endloop
  endfacet
  facet normal -0 0 -1
    outer loop
      vertex -16.6383 31.59 2.99
      vertex -17.5514 30.4 2.99
      vertex -16.7593 31.6738 2.99
    endloop
  endfacet
  facet normal -0 0 -1
    outer loop
      vertex -16.7593 31.6738 2.99
      vertex -17.5514 30.4 2.99
      vertex -16.888 31.7453 2.99
    endloop
  endfacet
  facet normal -0 0 -1
    outer loop
      vertex -16.888 31.7453 2.99
      vertex -17.5514 30.4 2.99
      vertex -17.0231 31.8038 2.99
    endloop
  endfacet
  facet normal -0 0 -1
    outer loop
      vertex -17.0231 31.8038 2.99
      vertex -17.5514 30.4 2.99
      vertex -17.1632 31.8489 2.99
    endloop
  endfacet
  facet normal -0 0 -1
    outer loop
      vertex -17.1632 31.8489 2.99
      vertex -17.5514 30.4 2.99
      vertex -17.3071 31.88 2.99
    endloop
  endfacet
  facet normal -0 0 -1
    outer loop
      vertex -17.3071 31.88 2.99
      vertex -17.5514 30.4 2.99
      vertex -17.4533 31.8968 2.99
    endloop
  endfacet
  facet normal -0 0 -1
    outer loop
      vertex -17.4533 31.8968 2.99
      vertex -17.5514 30.4 2.99
      vertex -17.5514 31.9 2.99
    endloop
  endfacet
  facet normal 0 0 -1
    outer loop
      vertex -17.5514 30.4 2.99
      vertex -35.1029 31.9 2.99
      vertex -17.5514 31.9 2.99
    endloop
  endfacet
  facet normal 0 0 -1
    outer loop
      vertex -35.1029 30.4 2.99
      vertex -35.1029 31.9 2.99
      vertex -17.5514 30.4 2.99
    endloop
  endfacet
  facet normal 0 0 -1
    outer loop
      vertex -35.1029 30.4 2.99
      vertex -35.2499 31.8928 2.99
      vertex -35.1029 31.9 2.99
    endloop
  endfacet
  facet normal 0 0 -1
    outer loop
      vertex -35.1029 30.4 2.99
      vertex -35.3955 31.8712 2.99
      vertex -35.2499 31.8928 2.99
    endloop
  endfacet
  facet normal 0 0 -1
    outer loop
      vertex -35.1029 30.4 2.99
      vertex -35.5383 31.8354 2.99
      vertex -35.3955 31.8712 2.99
    endloop
  endfacet
  facet normal 0 0 -1
    outer loop
      vertex -35.1029 30.4 2.99
      vertex -35.6769 31.7858 2.99
      vertex -35.5383 31.8354 2.99
    endloop
  endfacet
  facet normal 0 0 -1
    outer loop
      vertex -35.1029 30.4 2.99
      vertex -35.81 31.7229 2.99
      vertex -35.6769 31.7858 2.99
    endloop
  endfacet
  facet normal 0 0 -1
    outer loop
      vertex -35.1029 30.4 2.99
      vertex -35.9362 31.6472 2.99
      vertex -35.81 31.7229 2.99
    endloop
  endfacet
  facet normal 0 0 -1
    outer loop
      vertex -35.1029 30.4 2.99
      vertex -36.0545 31.5595 2.99
      vertex -35.9362 31.6472 2.99
    endloop
  endfacet
  facet normal 0 0 -1
    outer loop
      vertex -35.1029 30.4 2.99
      vertex -36.1635 31.4606 2.99
      vertex -36.0545 31.5595 2.99
    endloop
  endfacet
  facet normal 0 0 -1
    outer loop
      vertex -35.1029 30.4 2.99
      vertex -36.2624 31.3516 2.99
      vertex -36.1635 31.4606 2.99
    endloop
  endfacet
  facet normal 0 0 -1
    outer loop
      vertex -35.1029 30.4 2.99
      vertex -36.3501 31.2334 2.99
      vertex -36.2624 31.3516 2.99
    endloop
  endfacet
  facet normal 0 0 -1
    outer loop
      vertex -35.1029 30.4 2.99
      vertex -36.4019 31.15 2.99
      vertex -36.3501 31.2334 2.99
    endloop
  endfacet
  facet normal 0 0 -1
    outer loop
      vertex -43.8786 15.2 2.99
      vertex -36.4019 31.15 2.99
      vertex -35.1029 30.4 2.99
    endloop
  endfacet
  facet normal 0 0 -1
    outer loop
      vertex -45.2239 14.5366 2.99
      vertex -43.8786 15.2 2.99
      vertex -45.1777 14.45 2.99
    endloop
  endfacet
  facet normal 0 0 -1
    outer loop
      vertex -43.8786 15.2 2.99
      vertex -45.1777 15.95 2.99
      vertex -36.4019 31.15 2.99
    endloop
  endfacet
  facet normal 0 0 -1
    outer loop
      vertex -45.2825 14.6716 2.99
      vertex -43.8786 15.2 2.99
      vertex -45.2239 14.5366 2.99
    endloop
  endfacet
  facet normal 0 0 -1
    outer loop
      vertex -43.8786 15.2 2.99
      vertex -45.2449 15.8191 2.99
      vertex -45.1777 15.95 2.99
    endloop
  endfacet
  facet normal 0 0 -1
    outer loop
      vertex -45.3275 14.8118 2.99
      vertex -43.8786 15.2 2.99
      vertex -45.2825 14.6716 2.99
    endloop
  endfacet
  facet normal 0 0 -1
    outer loop
      vertex -43.8786 15.2 2.99
      vertex -45.299 15.6822 2.99
      vertex -45.2449 15.8191 2.99
    endloop
  endfacet
  facet normal 0 0 -1
    outer loop
      vertex -45.3586 14.9557 2.99
      vertex -43.8786 15.2 2.99
      vertex -45.3275 14.8118 2.99
    endloop
  endfacet
  facet normal 0 0 -1
    outer loop
      vertex -43.8786 15.2 2.99
      vertex -45.3394 15.5406 2.99
      vertex -45.299 15.6822 2.99
    endloop
  endfacet
  facet normal 0 0 -1
    outer loop
      vertex -45.3754 15.1019 2.99
      vertex -43.8786 15.2 2.99
      vertex -45.3586 14.9557 2.99
    endloop
  endfacet
  facet normal 0 0 -1
    outer loop
      vertex -43.8786 15.2 2.99
      vertex -45.3658 15.3958 2.99
      vertex -45.3394 15.5406 2.99
    endloop
  endfacet
  facet normal 0 0 -1
    outer loop
      vertex -45.3778 15.2491 2.99
      vertex -43.8786 15.2 2.99
      vertex -45.3754 15.1019 2.99
    endloop
  endfacet
  facet normal 0 0 -1
    outer loop
      vertex -43.8786 15.2 2.99
      vertex -45.3778 15.2491 2.99
      vertex -45.3658 15.3958 2.99
    endloop
  endfacet
  facet normal 0 0 -1
    outer loop
      vertex -43.8786 -15.2 2.99
      vertex -36.8349 0 2.99
      vertex -35.1029 0 2.99
    endloop
  endfacet
  facet normal 0 0 -1
    outer loop
      vertex -45.2239 -15.8634 2.99
      vertex -43.8786 -15.2 2.99
      vertex -45.1777 -15.95 2.99
    endloop
  endfacet
  facet normal 0 0 -1
    outer loop
      vertex -43.8786 -15.2 2.99
      vertex -45.1777 -14.45 2.99
      vertex -36.8349 0 2.99
    endloop
  endfacet
  facet normal 0 0 -1
    outer loop
      vertex -45.2825 -15.7284 2.99
      vertex -43.8786 -15.2 2.99
      vertex -45.2239 -15.8634 2.99
    endloop
  endfacet
  facet normal 0 0 -1
    outer loop
      vertex -43.8786 -15.2 2.99
      vertex -45.2449 -14.5809 2.99
      vertex -45.1777 -14.45 2.99
    endloop
  endfacet
  facet normal 0 0 -1
    outer loop
      vertex -45.3275 -15.5882 2.99
      vertex -43.8786 -15.2 2.99
      vertex -45.2825 -15.7284 2.99
    endloop
  endfacet
  facet normal 0 0 -1
    outer loop
      vertex -43.8786 -15.2 2.99
      vertex -45.299 -14.7178 2.99
      vertex -45.2449 -14.5809 2.99
    endloop
  endfacet
  facet normal 0 0 -1
    outer loop
      vertex -45.3586 -15.4443 2.99
      vertex -43.8786 -15.2 2.99
      vertex -45.3275 -15.5882 2.99
    endloop
  endfacet
  facet normal 0 0 -1
    outer loop
      vertex -43.8786 -15.2 2.99
      vertex -45.3394 -14.8594 2.99
      vertex -45.299 -14.7178 2.99
    endloop
  endfacet
  facet normal 0 0 -1
    outer loop
      vertex -45.3754 -15.2981 2.99
      vertex -43.8786 -15.2 2.99
      vertex -45.3586 -15.4443 2.99
    endloop
  endfacet
  facet normal 0 0 -1
    outer loop
      vertex -43.8786 -15.2 2.99
      vertex -45.3658 -15.0042 2.99
      vertex -45.3394 -14.8594 2.99
    endloop
  endfacet
  facet normal 0 0 -1
    outer loop
      vertex -45.3778 -15.1509 2.99
      vertex -43.8786 -15.2 2.99
      vertex -45.3754 -15.2981 2.99
    endloop
  endfacet
  facet normal 0 0 -1
    outer loop
      vertex -43.8786 -15.2 2.99
      vertex -45.3778 -15.1509 2.99
      vertex -45.3658 -15.0042 2.99
    endloop
  endfacet
  facet normal 0 0 -1
    outer loop
      vertex -36.8349 0 2.99
      vertex -43.8786 15.2 2.99
      vertex -35.1029 0 2.99
    endloop
  endfacet
  facet normal 0 -0 -1
    outer loop
      vertex -43.8786 15.2 2.99
      vertex -36.8349 0 2.99
      vertex -45.1777 14.45 2.99
    endloop
  endfacet
  facet normal -0.866027 0.499998 0
    outer loop
      vertex -12.9326 -25.4 0
      vertex -7.90968 -16.7 2.99
      vertex -7.90968 -16.7 0
    endloop
  endfacet
  facet normal -0.866027 0.499998 0
    outer loop
      vertex -7.90968 -16.7 2.99
      vertex -12.9326 -25.4 0
      vertex -12.9326 -25.4 2.99
    endloop
  endfacet
  facet normal 0 1 -0
    outer loop
      vertex 7.90968 -16.7 0
      vertex -7.90968 -16.7 2.99
      vertex 7.90968 -16.7 2.99
    endloop
  endfacet
  facet normal 0 1 0
    outer loop
      vertex -7.90968 -16.7 2.99
      vertex 7.90968 -16.7 0
      vertex -7.90968 -16.7 0
    endloop
  endfacet
  facet normal 0.866027 0.499998 0
    outer loop
      vertex 12.9326 -25.4 2.99
      vertex 7.90968 -16.7 0
      vertex 7.90968 -16.7 2.99
    endloop
  endfacet
  facet normal 0.866027 0.499998 0
    outer loop
      vertex 7.90968 -16.7 0
      vertex 12.9326 -25.4 2.99
      vertex 12.9326 -25.4 0
    endloop
  endfacet
  facet normal 0 1 0
    outer loop
      vertex 35.1029 -31.9 2.99
      vertex 31 -31.9 2.51
      vertex 30.9153 -31.9 2.99
    endloop
  endfacet
  facet normal 0 1 0
    outer loop
      vertex 35.1029 -31.9 2.99
      vertex 31 -31.9 2.49
      vertex 31 -31.9 2.51
    endloop
  endfacet
  facet normal 0 1 -0
    outer loop
      vertex 35.1029 -31.9 0
      vertex 31 -31.9 2.49
      vertex 35.1029 -31.9 2.99
    endloop
  endfacet
  facet normal 0 1 0
    outer loop
      vertex 31 -31.9 2.49
      vertex 35.1029 -31.9 0
      vertex 28.505 -31.9 0
    endloop
  endfacet
  facet normal -0.0489209 0.998803 0
    outer loop
      vertex 35.2499 -31.8928 0
      vertex 35.1029 -31.9 2.99
      vertex 35.2499 -31.8928 2.99
    endloop
  endfacet
  facet normal -0.0489209 0.998803 0
    outer loop
      vertex 35.1029 -31.9 2.99
      vertex 35.2499 -31.8928 0
      vertex 35.1029 -31.9 0
    endloop
  endfacet
  facet normal -0.146746 0.989174 0
    outer loop
      vertex 35.3955 -31.8712 0
      vertex 35.2499 -31.8928 2.99
      vertex 35.3955 -31.8712 2.99
    endloop
  endfacet
  facet normal -0.146746 0.989174 0
    outer loop
      vertex 35.2499 -31.8928 2.99
      vertex 35.3955 -31.8712 0
      vertex 35.2499 -31.8928 0
    endloop
  endfacet
  facet normal -0.243175 0.969982 0
    outer loop
      vertex 35.5383 -31.8354 0
      vertex 35.3955 -31.8712 2.99
      vertex 35.5383 -31.8354 2.99
    endloop
  endfacet
  facet normal -0.243175 0.969982 0
    outer loop
      vertex 35.3955 -31.8712 2.99
      vertex 35.5383 -31.8354 0
      vertex 35.3955 -31.8712 0
    endloop
  endfacet
  facet normal -0.336939 0.941527 0
    outer loop
      vertex 35.6769 -31.7858 0
      vertex 35.5383 -31.8354 2.99
      vertex 35.6769 -31.7858 2.99
    endloop
  endfacet
  facet normal -0.336939 0.941527 0
    outer loop
      vertex 35.5383 -31.8354 2.99
      vertex 35.6769 -31.7858 0
      vertex 35.5383 -31.8354 0
    endloop
  endfacet
  facet normal -0.427269 0.904125 0
    outer loop
      vertex 35.81 -31.7229 0
      vertex 35.6769 -31.7858 2.99
      vertex 35.81 -31.7229 2.99
    endloop
  endfacet
  facet normal -0.427269 0.904125 0
    outer loop
      vertex 35.6769 -31.7858 2.99
      vertex 35.81 -31.7229 0
      vertex 35.6769 -31.7858 0
    endloop
  endfacet
  facet normal -0.514396 0.857553 0
    outer loop
      vertex 35.9362 -31.6472 0
      vertex 35.81 -31.7229 2.99
      vertex 35.9362 -31.6472 2.99
    endloop
  endfacet
  facet normal -0.514396 0.857553 0
    outer loop
      vertex 35.81 -31.7229 2.99
      vertex 35.9362 -31.6472 0
      vertex 35.81 -31.7229 0
    endloop
  endfacet
  facet normal -0.595536 0.803329 0
    outer loop
      vertex 36.0545 -31.5595 0
      vertex 35.9362 -31.6472 2.99
      vertex 36.0545 -31.5595 2.99
    endloop
  endfacet
  facet normal -0.595536 0.803329 0
    outer loop
      vertex 35.9362 -31.6472 2.99
      vertex 36.0545 -31.5595 0
      vertex 35.9362 -31.6472 0
    endloop
  endfacet
  facet normal -0.671962 0.740585 0
    outer loop
      vertex 36.1635 -31.4606 0
      vertex 36.0545 -31.5595 2.99
      vertex 36.1635 -31.4606 2.99
    endloop
  endfacet
  facet normal -0.671962 0.740585 0
    outer loop
      vertex 36.0545 -31.5595 2.99
      vertex 36.1635 -31.4606 0
      vertex 36.0545 -31.5595 0
    endloop
  endfacet
  facet normal -0.740585 0.671962 0
    outer loop
      vertex 36.1635 -31.4606 0
      vertex 36.2624 -31.3516 2.99
      vertex 36.2624 -31.3516 0
    endloop
  endfacet
  facet normal -0.740585 0.671962 0
    outer loop
      vertex 36.2624 -31.3516 2.99
      vertex 36.1635 -31.4606 0
      vertex 36.1635 -31.4606 2.99
    endloop
  endfacet
  facet normal -0.803088 0.595861 0
    outer loop
      vertex 36.2624 -31.3516 0
      vertex 36.3501 -31.2334 2.99
      vertex 36.3501 -31.2334 0
    endloop
  endfacet
  facet normal -0.803088 0.595861 0
    outer loop
      vertex 36.3501 -31.2334 2.99
      vertex 36.2624 -31.3516 0
      vertex 36.2624 -31.3516 2.99
    endloop
  endfacet
  facet normal -0.849483 0.527616 0
    outer loop
      vertex 36.3501 -31.2334 0
      vertex 36.4019 -31.15 2.99
      vertex 36.4019 -31.15 0
    endloop
  endfacet
  facet normal -0.849483 0.527616 0
    outer loop
      vertex 36.4019 -31.15 2.99
      vertex 36.3501 -31.2334 0
      vertex 36.3501 -31.2334 2.99
    endloop
  endfacet
  facet normal -0.866024 0.500003 0
    outer loop
      vertex 36.4019 -31.15 0
      vertex 45.1777 -15.95 2.99
      vertex 45.1777 -15.95 0
    endloop
  endfacet
  facet normal -0.866024 0.500003 0
    outer loop
      vertex 45.1777 -15.95 2.99
      vertex 36.4019 -31.15 0
      vertex 36.4019 -31.15 2.99
    endloop
  endfacet
  facet normal -0.889619 0.456703 0
    outer loop
      vertex 45.1777 -15.95 0
      vertex 45.2449 -15.8191 2.99
      vertex 45.2449 -15.8191 0
    endloop
  endfacet
  facet normal -0.889619 0.456703 0
    outer loop
      vertex 45.2449 -15.8191 2.99
      vertex 45.1777 -15.95 0
      vertex 45.1777 -15.95 2.99
    endloop
  endfacet
  facet normal -0.930015 0.367522 0
    outer loop
      vertex 45.2449 -15.8191 0
      vertex 45.299 -15.6822 2.99
      vertex 45.299 -15.6822 0
    endloop
  endfacet
  facet normal -0.930015 0.367522 0
    outer loop
      vertex 45.299 -15.6822 2.99
      vertex 45.2449 -15.8191 0
      vertex 45.2449 -15.8191 2.99
    endloop
  endfacet
  facet normal -0.961626 0.274362 0
    outer loop
      vertex 45.299 -15.6822 0
      vertex 45.3394 -15.5406 2.99
      vertex 45.3394 -15.5406 0
    endloop
  endfacet
  facet normal -0.961626 0.274362 0
    outer loop
      vertex 45.3394 -15.5406 2.99
      vertex 45.299 -15.6822 0
      vertex 45.299 -15.6822 2.99
    endloop
  endfacet
  facet normal -0.983783 0.179364 0
    outer loop
      vertex 45.3394 -15.5406 0
      vertex 45.3658 -15.3958 2.99
      vertex 45.3658 -15.3958 0
    endloop
  endfacet
  facet normal -0.983783 0.179364 0
    outer loop
      vertex 45.3658 -15.3958 2.99
      vertex 45.3394 -15.5406 0
      vertex 45.3394 -15.5406 2.99
    endloop
  endfacet
  facet normal -0.996671 0.0815273 0
    outer loop
      vertex 45.3658 -15.3958 0
      vertex 45.3778 -15.2491 2.99
      vertex 45.3778 -15.2491 0
    endloop
  endfacet
  facet normal -0.996671 0.0815273 0
    outer loop
      vertex 45.3778 -15.2491 2.99
      vertex 45.3658 -15.3958 0
      vertex 45.3658 -15.3958 2.99
    endloop
  endfacet
  facet normal -0.999867 -0.0163022 0
    outer loop
      vertex 45.3778 -15.2491 0
      vertex 45.3754 -15.1019 2.99
      vertex 45.3754 -15.1019 0
    endloop
  endfacet
  facet normal -0.999867 -0.0163022 0
    outer loop
      vertex 45.3754 -15.1019 2.99
      vertex 45.3778 -15.2491 0
      vertex 45.3778 -15.2491 2.99
    endloop
  endfacet
  facet normal -0.993462 -0.11416 0
    outer loop
      vertex 45.3754 -15.1019 0
      vertex 45.3586 -14.9557 2.99
      vertex 45.3586 -14.9557 0
    endloop
  endfacet
  facet normal -0.993462 -0.11416 0
    outer loop
      vertex 45.3586 -14.9557 2.99
      vertex 45.3754 -15.1019 0
      vertex 45.3754 -15.1019 2.99
    endloop
  endfacet
  facet normal -0.977433 -0.211245 0
    outer loop
      vertex 45.3586 -14.9557 0
      vertex 45.3275 -14.8118 2.99
      vertex 45.3275 -14.8118 0
    endloop
  endfacet
  facet normal -0.977433 -0.211245 0
    outer loop
      vertex 45.3275 -14.8118 2.99
      vertex 45.3586 -14.9557 0
      vertex 45.3586 -14.9557 2.99
    endloop
  endfacet
  facet normal -0.952156 -0.305613 0
    outer loop
      vertex 45.3275 -14.8118 0
      vertex 45.2825 -14.6716 2.99
      vertex 45.2825 -14.6716 0
    endloop
  endfacet
  facet normal -0.952156 -0.305613 0
    outer loop
      vertex 45.2825 -14.6716 2.99
      vertex 45.3275 -14.8118 0
      vertex 45.3275 -14.8118 2.99
    endloop
  endfacet
  facet normal -0.917308 -0.398179 0
    outer loop
      vertex 45.2825 -14.6716 0
      vertex 45.2239 -14.5366 2.99
      vertex 45.2239 -14.5366 0
    endloop
  endfacet
  facet normal -0.917308 -0.398179 0
    outer loop
      vertex 45.2239 -14.5366 2.99
      vertex 45.2825 -14.6716 0
      vertex 45.2825 -14.6716 2.99
    endloop
  endfacet
  facet normal -0.882297 -0.470694 0
    outer loop
      vertex 45.2239 -14.5366 0
      vertex 45.1777 -14.45 2.99
      vertex 45.1777 -14.45 0
    endloop
  endfacet
  facet normal -0.882297 -0.470694 0
    outer loop
      vertex 45.1777 -14.45 2.99
      vertex 45.2239 -14.5366 0
      vertex 45.2239 -14.5366 2.99
    endloop
  endfacet
  facet normal -0.866023 -0.500004 0
    outer loop
      vertex 45.1777 -14.45 0
      vertex 36.8349 0 2.99
      vertex 36.8349 0 0
    endloop
  endfacet
  facet normal -0.866023 -0.500004 0
    outer loop
      vertex 36.8349 0 2.99
      vertex 45.1777 -14.45 0
      vertex 45.1777 -14.45 2.99
    endloop
  endfacet
  facet normal -0.866023 0.500004 0
    outer loop
      vertex 36.8349 0 0
      vertex 45.1777 14.45 2.99
      vertex 45.1777 14.45 0
    endloop
  endfacet
  facet normal -0.866023 0.500004 0
    outer loop
      vertex 45.1777 14.45 2.99
      vertex 36.8349 0 0
      vertex 36.8349 0 2.99
    endloop
  endfacet
  facet normal -0.889619 0.456703 0
    outer loop
      vertex 45.1777 14.45 0
      vertex 45.2449 14.5809 2.99
      vertex 45.2449 14.5809 0
    endloop
  endfacet
  facet normal -0.889619 0.456703 0
    outer loop
      vertex 45.2449 14.5809 2.99
      vertex 45.1777 14.45 0
      vertex 45.1777 14.45 2.99
    endloop
  endfacet
  facet normal -0.930015 0.367522 0
    outer loop
      vertex 45.2449 14.5809 0
      vertex 45.299 14.7178 2.99
      vertex 45.299 14.7178 0
    endloop
  endfacet
  facet normal -0.930015 0.367522 0
    outer loop
      vertex 45.299 14.7178 2.99
      vertex 45.2449 14.5809 0
      vertex 45.2449 14.5809 2.99
    endloop
  endfacet
  facet normal -0.961626 0.274362 0
    outer loop
      vertex 45.299 14.7178 0
      vertex 45.3394 14.8594 2.99
      vertex 45.3394 14.8594 0
    endloop
  endfacet
  facet normal -0.961626 0.274362 0
    outer loop
      vertex 45.3394 14.8594 2.99
      vertex 45.299 14.7178 0
      vertex 45.299 14.7178 2.99
    endloop
  endfacet
  facet normal -0.983783 0.179364 0
    outer loop
      vertex 45.3394 14.8594 0
      vertex 45.3658 15.0042 2.99
      vertex 45.3658 15.0042 0
    endloop
  endfacet
  facet normal -0.983783 0.179364 0
    outer loop
      vertex 45.3658 15.0042 2.99
      vertex 45.3394 14.8594 0
      vertex 45.3394 14.8594 2.99
    endloop
  endfacet
  facet normal -0.996671 0.0815273 0
    outer loop
      vertex 45.3658 15.0042 0
      vertex 45.3778 15.1509 2.99
      vertex 45.3778 15.1509 0
    endloop
  endfacet
  facet normal -0.996671 0.0815273 0
    outer loop
      vertex 45.3778 15.1509 2.99
      vertex 45.3658 15.0042 0
      vertex 45.3658 15.0042 2.99
    endloop
  endfacet
  facet normal -0.999867 -0.0163022 0
    outer loop
      vertex 45.3778 15.1509 0
      vertex 45.3754 15.2981 2.99
      vertex 45.3754 15.2981 0
    endloop
  endfacet
  facet normal -0.999867 -0.0163022 0
    outer loop
      vertex 45.3754 15.2981 2.99
      vertex 45.3778 15.1509 0
      vertex 45.3778 15.1509 2.99
    endloop
  endfacet
  facet normal -0.993462 -0.11416 0
    outer loop
      vertex 45.3754 15.2981 0
      vertex 45.3586 15.4443 2.99
      vertex 45.3586 15.4443 0
    endloop
  endfacet
  facet normal -0.993462 -0.11416 0
    outer loop
      vertex 45.3586 15.4443 2.99
      vertex 45.3754 15.2981 0
      vertex 45.3754 15.2981 2.99
    endloop
  endfacet
  facet normal -0.977433 -0.211245 0
    outer loop
      vertex 45.3586 15.4443 0
      vertex 45.3275 15.5882 2.99
      vertex 45.3275 15.5882 0
    endloop
  endfacet
  facet normal -0.977433 -0.211245 0
    outer loop
      vertex 45.3275 15.5882 2.99
      vertex 45.3586 15.4443 0
      vertex 45.3586 15.4443 2.99
    endloop
  endfacet
  facet normal -0.952156 -0.305613 0
    outer loop
      vertex 45.3275 15.5882 0
      vertex 45.2825 15.7284 2.99
      vertex 45.2825 15.7284 0
    endloop
  endfacet
  facet normal -0.952156 -0.305613 0
    outer loop
      vertex 45.2825 15.7284 2.99
      vertex 45.3275 15.5882 0
      vertex 45.3275 15.5882 2.99
    endloop
  endfacet
  facet normal -0.917308 -0.398179 0
    outer loop
      vertex 45.2825 15.7284 0
      vertex 45.2239 15.8634 2.99
      vertex 45.2239 15.8634 0
    endloop
  endfacet
  facet normal -0.917308 -0.398179 0
    outer loop
      vertex 45.2239 15.8634 2.99
      vertex 45.2825 15.7284 0
      vertex 45.2825 15.7284 2.99
    endloop
  endfacet
  facet normal -0.882297 -0.470694 0
    outer loop
      vertex 45.2239 15.8634 0
      vertex 45.1777 15.95 2.99
      vertex 45.1777 15.95 0
    endloop
  endfacet
  facet normal -0.882297 -0.470694 0
    outer loop
      vertex 45.1777 15.95 2.99
      vertex 45.2239 15.8634 0
      vertex 45.2239 15.8634 2.99
    endloop
  endfacet
  facet normal -0.866024 -0.500003 0
    outer loop
      vertex 45.1777 15.95 0
      vertex 36.4019 31.15 2.99
      vertex 36.4019 31.15 0
    endloop
  endfacet
  facet normal -0.866024 -0.500003 0
    outer loop
      vertex 36.4019 31.15 2.99
      vertex 45.1777 15.95 0
      vertex 45.1777 15.95 2.99
    endloop
  endfacet
  facet normal -0.840626 -0.541616 0
    outer loop
      vertex 36.4019 31.15 0
      vertex 36.3222 31.2737 2.99
      vertex 36.3222 31.2737 0
    endloop
  endfacet
  facet normal -0.840626 -0.541616 0
    outer loop
      vertex 36.3222 31.2737 2.99
      vertex 36.4019 31.15 0
      vertex 36.4019 31.15 2.99
    endloop
  endfacet
  facet normal -0.783315 -0.621625 0
    outer loop
      vertex 36.3222 31.2737 0
      vertex 36.2307 31.389 2.99
      vertex 36.2307 31.389 0
    endloop
  endfacet
  facet normal -0.783315 -0.621625 0
    outer loop
      vertex 36.2307 31.389 2.99
      vertex 36.3222 31.2737 0
      vertex 36.3222 31.2737 2.99
    endloop
  endfacet
  facet normal -0.718558 -0.695467 0
    outer loop
      vertex 36.2307 31.389 0
      vertex 36.1283 31.4948 2.99
      vertex 36.1283 31.4948 0
    endloop
  endfacet
  facet normal -0.718558 -0.695467 0
    outer loop
      vertex 36.1283 31.4948 2.99
      vertex 36.2307 31.389 0
      vertex 36.2307 31.389 2.99
    endloop
  endfacet
  facet normal -0.646642 -0.762793 0
    outer loop
      vertex 36.016 31.59 0
      vertex 36.1283 31.4948 2.99
      vertex 36.016 31.59 2.99
    endloop
  endfacet
  facet normal -0.646642 -0.762793 -0
    outer loop
      vertex 36.1283 31.4948 2.99
      vertex 36.016 31.59 0
      vertex 36.1283 31.4948 0
    endloop
  endfacet
  facet normal -0.569351 -0.822094 0
    outer loop
      vertex 35.895 31.6738 0
      vertex 36.016 31.59 2.99
      vertex 35.895 31.6738 2.99
    endloop
  endfacet
  facet normal -0.569351 -0.822094 -0
    outer loop
      vertex 36.016 31.59 2.99
      vertex 35.895 31.6738 0
      vertex 36.016 31.59 0
    endloop
  endfacet
  facet normal -0.485643 -0.874157 0
    outer loop
      vertex 35.7663 31.7453 0
      vertex 35.895 31.6738 2.99
      vertex 35.7663 31.7453 2.99
    endloop
  endfacet
  facet normal -0.485643 -0.874157 -0
    outer loop
      vertex 35.895 31.6738 2.99
      vertex 35.7663 31.7453 0
      vertex 35.895 31.6738 0
    endloop
  endfacet
  facet normal -0.397607 -0.917556 0
    outer loop
      vertex 35.6313 31.8038 0
      vertex 35.7663 31.7453 2.99
      vertex 35.6313 31.8038 2.99
    endloop
  endfacet
  facet normal -0.397607 -0.917556 -0
    outer loop
      vertex 35.7663 31.7453 2.99
      vertex 35.6313 31.8038 0
      vertex 35.7663 31.7453 0
    endloop
  endfacet
  facet normal -0.306229 -0.951958 0
    outer loop
      vertex 35.4911 31.8489 0
      vertex 35.6313 31.8038 2.99
      vertex 35.4911 31.8489 2.99
    endloop
  endfacet
  facet normal -0.306229 -0.951958 -0
    outer loop
      vertex 35.6313 31.8038 2.99
      vertex 35.4911 31.8489 0
      vertex 35.6313 31.8038 0
    endloop
  endfacet
  facet normal -0.211245 -0.977433 0
    outer loop
      vertex 35.3472 31.88 0
      vertex 35.4911 31.8489 2.99
      vertex 35.3472 31.88 2.99
    endloop
  endfacet
  facet normal -0.211245 -0.977433 -0
    outer loop
      vertex 35.4911 31.8489 2.99
      vertex 35.3472 31.88 0
      vertex 35.4911 31.8489 0
    endloop
  endfacet
  facet normal -0.11416 -0.993462 0
    outer loop
      vertex 35.201 31.8968 0
      vertex 35.3472 31.88 2.99
      vertex 35.201 31.8968 2.99
    endloop
  endfacet
  facet normal -0.11416 -0.993462 -0
    outer loop
      vertex 35.3472 31.88 2.99
      vertex 35.201 31.8968 0
      vertex 35.3472 31.88 0
    endloop
  endfacet
  facet normal -0.0326024 -0.999468 0
    outer loop
      vertex 35.1029 31.9 0
      vertex 35.201 31.8968 2.99
      vertex 35.1029 31.9 2.99
    endloop
  endfacet
  facet normal -0.0326024 -0.999468 -0
    outer loop
      vertex 35.201 31.8968 2.99
      vertex 35.1029 31.9 0
      vertex 35.201 31.8968 0
    endloop
  endfacet
  facet normal 0 -1 0
    outer loop
      vertex 17.5514 31.9 0
      vertex 35.1029 31.9 2.99
      vertex 17.5514 31.9 2.99
    endloop
  endfacet
  facet normal 0 -1 -0
    outer loop
      vertex 35.1029 31.9 2.99
      vertex 17.5514 31.9 0
      vertex 35.1029 31.9 0
    endloop
  endfacet
  facet normal 0.0489209 -0.998803 0
    outer loop
      vertex 17.4044 31.8928 0
      vertex 17.5514 31.9 2.99
      vertex 17.4044 31.8928 2.99
    endloop
  endfacet
  facet normal 0.0489209 -0.998803 0
    outer loop
      vertex 17.5514 31.9 2.99
      vertex 17.4044 31.8928 0
      vertex 17.5514 31.9 0
    endloop
  endfacet
  facet normal 0.146746 -0.989174 0
    outer loop
      vertex 17.2588 31.8712 0
      vertex 17.4044 31.8928 2.99
      vertex 17.2588 31.8712 2.99
    endloop
  endfacet
  facet normal 0.146746 -0.989174 0
    outer loop
      vertex 17.4044 31.8928 2.99
      vertex 17.2588 31.8712 0
      vertex 17.4044 31.8928 0
    endloop
  endfacet
  facet normal 0.243175 -0.969982 0
    outer loop
      vertex 17.116 31.8354 0
      vertex 17.2588 31.8712 2.99
      vertex 17.116 31.8354 2.99
    endloop
  endfacet
  facet normal 0.243175 -0.969982 0
    outer loop
      vertex 17.2588 31.8712 2.99
      vertex 17.116 31.8354 0
      vertex 17.2588 31.8712 0
    endloop
  endfacet
  facet normal 0.336939 -0.941527 0
    outer loop
      vertex 16.9774 31.7858 0
      vertex 17.116 31.8354 2.99
      vertex 16.9774 31.7858 2.99
    endloop
  endfacet
  facet normal 0.336939 -0.941527 0
    outer loop
      vertex 17.116 31.8354 2.99
      vertex 16.9774 31.7858 0
      vertex 17.116 31.8354 0
    endloop
  endfacet
  facet normal 0.427269 -0.904125 0
    outer loop
      vertex 16.8443 31.7229 0
      vertex 16.9774 31.7858 2.99
      vertex 16.8443 31.7229 2.99
    endloop
  endfacet
  facet normal 0.427269 -0.904125 0
    outer loop
      vertex 16.9774 31.7858 2.99
      vertex 16.8443 31.7229 0
      vertex 16.9774 31.7858 0
    endloop
  endfacet
  facet normal 0.514396 -0.857553 0
    outer loop
      vertex 16.7181 31.6472 0
      vertex 16.8443 31.7229 2.99
      vertex 16.7181 31.6472 2.99
    endloop
  endfacet
  facet normal 0.514396 -0.857553 0
    outer loop
      vertex 16.8443 31.7229 2.99
      vertex 16.7181 31.6472 0
      vertex 16.8443 31.7229 0
    endloop
  endfacet
  facet normal 0.595861 -0.803088 0
    outer loop
      vertex 16.5999 31.5595 0
      vertex 16.7181 31.6472 2.99
      vertex 16.5999 31.5595 2.99
    endloop
  endfacet
  facet normal 0.595861 -0.803088 0
    outer loop
      vertex 16.7181 31.6472 2.99
      vertex 16.5999 31.5595 0
      vertex 16.7181 31.6472 0
    endloop
  endfacet
  facet normal 0.671624 -0.740892 0
    outer loop
      vertex 16.4908 31.4606 0
      vertex 16.5999 31.5595 2.99
      vertex 16.4908 31.4606 2.99
    endloop
  endfacet
  facet normal 0.671624 -0.740892 0
    outer loop
      vertex 16.5999 31.5595 2.99
      vertex 16.4908 31.4606 0
      vertex 16.5999 31.5595 0
    endloop
  endfacet
  facet normal 0.740585 -0.671962 0
    outer loop
      vertex 16.3919 31.3516 2.99
      vertex 16.4908 31.4606 0
      vertex 16.4908 31.4606 2.99
    endloop
  endfacet
  facet normal 0.740585 -0.671962 0
    outer loop
      vertex 16.4908 31.4606 0
      vertex 16.3919 31.3516 2.99
      vertex 16.3919 31.3516 0
    endloop
  endfacet
  facet normal 0.803088 -0.595861 0
    outer loop
      vertex 16.3042 31.2334 2.99
      vertex 16.3919 31.3516 0
      vertex 16.3919 31.3516 2.99
    endloop
  endfacet
  facet normal 0.803088 -0.595861 0
    outer loop
      vertex 16.3919 31.3516 0
      vertex 16.3042 31.2334 2.99
      vertex 16.3042 31.2334 0
    endloop
  endfacet
  facet normal 0.849483 -0.527616 0
    outer loop
      vertex 16.2524 31.15 2.99
      vertex 16.3042 31.2334 0
      vertex 16.3042 31.2334 2.99
    endloop
  endfacet
  facet normal 0.849483 -0.527616 0
    outer loop
      vertex 16.3042 31.2334 0
      vertex 16.2524 31.15 2.99
      vertex 16.2524 31.15 0
    endloop
  endfacet
  facet normal 0.866025 -0.5 0
    outer loop
      vertex 7.90968 16.7 2.99
      vertex 16.2524 31.15 0
      vertex 16.2524 31.15 2.99
    endloop
  endfacet
  facet normal 0.866025 -0.5 0
    outer loop
      vertex 16.2524 31.15 0
      vertex 7.90968 16.7 2.99
      vertex 7.90968 16.7 0
    endloop
  endfacet
  facet normal 0 -1 0
    outer loop
      vertex -7.90968 16.7 0
      vertex 7.90968 16.7 2.99
      vertex -7.90968 16.7 2.99
    endloop
  endfacet
  facet normal 0 -1 -0
    outer loop
      vertex 7.90968 16.7 2.99
      vertex -7.90968 16.7 0
      vertex 7.90968 16.7 0
    endloop
  endfacet
  facet normal -0.866025 -0.5 0
    outer loop
      vertex -7.90968 16.7 0
      vertex -16.2524 31.15 2.99
      vertex -16.2524 31.15 0
    endloop
  endfacet
  facet normal -0.866025 -0.5 0
    outer loop
      vertex -16.2524 31.15 2.99
      vertex -7.90968 16.7 0
      vertex -7.90968 16.7 2.99
    endloop
  endfacet
  facet normal -0.840317 -0.542096 0
    outer loop
      vertex -16.2524 31.15 0
      vertex -16.3322 31.2737 2.99
      vertex -16.3322 31.2737 0
    endloop
  endfacet
  facet normal -0.840317 -0.542096 0
    outer loop
      vertex -16.3322 31.2737 2.99
      vertex -16.2524 31.15 0
      vertex -16.2524 31.15 2.99
    endloop
  endfacet
  facet normal -0.783315 -0.621625 0
    outer loop
      vertex -16.3322 31.2737 0
      vertex -16.4237 31.389 2.99
      vertex -16.4237 31.389 0
    endloop
  endfacet
  facet normal -0.783315 -0.621625 0
    outer loop
      vertex -16.4237 31.389 2.99
      vertex -16.3322 31.2737 0
      vertex -16.3322 31.2737 2.99
    endloop
  endfacet
  facet normal -0.718898 -0.695116 0
    outer loop
      vertex -16.4237 31.389 0
      vertex -16.526 31.4948 2.99
      vertex -16.526 31.4948 0
    endloop
  endfacet
  facet normal -0.718898 -0.695116 0
    outer loop
      vertex -16.526 31.4948 2.99
      vertex -16.4237 31.389 0
      vertex -16.4237 31.389 2.99
    endloop
  endfacet
  facet normal -0.646642 -0.762793 0
    outer loop
      vertex -16.6383 31.59 0
      vertex -16.526 31.4948 2.99
      vertex -16.6383 31.59 2.99
    endloop
  endfacet
  facet normal -0.646642 -0.762793 -0
    outer loop
      vertex -16.526 31.4948 2.99
      vertex -16.6383 31.59 0
      vertex -16.526 31.4948 0
    endloop
  endfacet
  facet normal -0.569351 -0.822094 0
    outer loop
      vertex -16.7593 31.6738 0
      vertex -16.6383 31.59 2.99
      vertex -16.7593 31.6738 2.99
    endloop
  endfacet
  facet normal -0.569351 -0.822094 -0
    outer loop
      vertex -16.6383 31.59 2.99
      vertex -16.7593 31.6738 0
      vertex -16.6383 31.59 0
    endloop
  endfacet
  facet normal -0.485643 -0.874157 0
    outer loop
      vertex -16.888 31.7453 0
      vertex -16.7593 31.6738 2.99
      vertex -16.888 31.7453 2.99
    endloop
  endfacet
  facet normal -0.485643 -0.874157 -0
    outer loop
      vertex -16.7593 31.6738 2.99
      vertex -16.888 31.7453 0
      vertex -16.7593 31.6738 0
    endloop
  endfacet
  facet normal -0.39736 -0.917663 0
    outer loop
      vertex -17.0231 31.8038 0
      vertex -16.888 31.7453 2.99
      vertex -17.0231 31.8038 2.99
    endloop
  endfacet
  facet normal -0.39736 -0.917663 -0
    outer loop
      vertex -16.888 31.7453 2.99
      vertex -17.0231 31.8038 0
      vertex -16.888 31.7453 0
    endloop
  endfacet
  facet normal -0.306427 -0.951894 0
    outer loop
      vertex -17.1632 31.8489 0
      vertex -17.0231 31.8038 2.99
      vertex -17.1632 31.8489 2.99
    endloop
  endfacet
  facet normal -0.306427 -0.951894 -0
    outer loop
      vertex -17.0231 31.8038 2.99
      vertex -17.1632 31.8489 0
      vertex -17.0231 31.8038 0
    endloop
  endfacet
  facet normal -0.211245 -0.977433 0
    outer loop
      vertex -17.3071 31.88 0
      vertex -17.1632 31.8489 2.99
      vertex -17.3071 31.88 2.99
    endloop
  endfacet
  facet normal -0.211245 -0.977433 -0
    outer loop
      vertex -17.1632 31.8489 2.99
      vertex -17.3071 31.88 0
      vertex -17.1632 31.8489 0
    endloop
  endfacet
  facet normal -0.11416 -0.993462 0
    outer loop
      vertex -17.4533 31.8968 0
      vertex -17.3071 31.88 2.99
      vertex -17.4533 31.8968 2.99
    endloop
  endfacet
  facet normal -0.11416 -0.993462 -0
    outer loop
      vertex -17.3071 31.88 2.99
      vertex -17.4533 31.8968 0
      vertex -17.3071 31.88 0
    endloop
  endfacet
  facet normal -0.0326024 -0.999468 0
    outer loop
      vertex -17.5514 31.9 0
      vertex -17.4533 31.8968 2.99
      vertex -17.5514 31.9 2.99
    endloop
  endfacet
  facet normal -0.0326024 -0.999468 -0
    outer loop
      vertex -17.4533 31.8968 2.99
      vertex -17.5514 31.9 0
      vertex -17.4533 31.8968 0
    endloop
  endfacet
  facet normal 0 -1 0
    outer loop
      vertex -35.1029 31.9 0
      vertex -17.5514 31.9 2.99
      vertex -35.1029 31.9 2.99
    endloop
  endfacet
  facet normal 0 -1 -0
    outer loop
      vertex -17.5514 31.9 2.99
      vertex -35.1029 31.9 0
      vertex -17.5514 31.9 0
    endloop
  endfacet
  facet normal 0.0489209 -0.998803 0
    outer loop
      vertex -35.2499 31.8928 0
      vertex -35.1029 31.9 2.99
      vertex -35.2499 31.8928 2.99
    endloop
  endfacet
  facet normal 0.0489209 -0.998803 0
    outer loop
      vertex -35.1029 31.9 2.99
      vertex -35.2499 31.8928 0
      vertex -35.1029 31.9 0
    endloop
  endfacet
  facet normal 0.146746 -0.989174 0
    outer loop
      vertex -35.3955 31.8712 0
      vertex -35.2499 31.8928 2.99
      vertex -35.3955 31.8712 2.99
    endloop
  endfacet
  facet normal 0.146746 -0.989174 0
    outer loop
      vertex -35.2499 31.8928 2.99
      vertex -35.3955 31.8712 0
      vertex -35.2499 31.8928 0
    endloop
  endfacet
  facet normal 0.243175 -0.969982 0
    outer loop
      vertex -35.5383 31.8354 0
      vertex -35.3955 31.8712 2.99
      vertex -35.5383 31.8354 2.99
    endloop
  endfacet
  facet normal 0.243175 -0.969982 0
    outer loop
      vertex -35.3955 31.8712 2.99
      vertex -35.5383 31.8354 0
      vertex -35.3955 31.8712 0
    endloop
  endfacet
  facet normal 0.336939 -0.941527 0
    outer loop
      vertex -35.6769 31.7858 0
      vertex -35.5383 31.8354 2.99
      vertex -35.6769 31.7858 2.99
    endloop
  endfacet
  facet normal 0.336939 -0.941527 0
    outer loop
      vertex -35.5383 31.8354 2.99
      vertex -35.6769 31.7858 0
      vertex -35.5383 31.8354 0
    endloop
  endfacet
  facet normal 0.427269 -0.904125 0
    outer loop
      vertex -35.81 31.7229 0
      vertex -35.6769 31.7858 2.99
      vertex -35.81 31.7229 2.99
    endloop
  endfacet
  facet normal 0.427269 -0.904125 0
    outer loop
      vertex -35.6769 31.7858 2.99
      vertex -35.81 31.7229 0
      vertex -35.6769 31.7858 0
    endloop
  endfacet
  facet normal 0.514396 -0.857553 0
    outer loop
      vertex -35.9362 31.6472 0
      vertex -35.81 31.7229 2.99
      vertex -35.9362 31.6472 2.99
    endloop
  endfacet
  facet normal 0.514396 -0.857553 0
    outer loop
      vertex -35.81 31.7229 2.99
      vertex -35.9362 31.6472 0
      vertex -35.81 31.7229 0
    endloop
  endfacet
  facet normal 0.595536 -0.803329 0
    outer loop
      vertex -36.0545 31.5595 0
      vertex -35.9362 31.6472 2.99
      vertex -36.0545 31.5595 2.99
    endloop
  endfacet
  facet normal 0.595536 -0.803329 0
    outer loop
      vertex -35.9362 31.6472 2.99
      vertex -36.0545 31.5595 0
      vertex -35.9362 31.6472 0
    endloop
  endfacet
  facet normal 0.671962 -0.740585 0
    outer loop
      vertex -36.1635 31.4606 0
      vertex -36.0545 31.5595 2.99
      vertex -36.1635 31.4606 2.99
    endloop
  endfacet
  facet normal 0.671962 -0.740585 0
    outer loop
      vertex -36.0545 31.5595 2.99
      vertex -36.1635 31.4606 0
      vertex -36.0545 31.5595 0
    endloop
  endfacet
  facet normal 0.740585 -0.671962 0
    outer loop
      vertex -36.2624 31.3516 2.99
      vertex -36.1635 31.4606 0
      vertex -36.1635 31.4606 2.99
    endloop
  endfacet
  facet normal 0.740585 -0.671962 0
    outer loop
      vertex -36.1635 31.4606 0
      vertex -36.2624 31.3516 2.99
      vertex -36.2624 31.3516 0
    endloop
  endfacet
  facet normal 0.803088 -0.595861 0
    outer loop
      vertex -36.3501 31.2334 2.99
      vertex -36.2624 31.3516 0
      vertex -36.2624 31.3516 2.99
    endloop
  endfacet
  facet normal 0.803088 -0.595861 0
    outer loop
      vertex -36.2624 31.3516 0
      vertex -36.3501 31.2334 2.99
      vertex -36.3501 31.2334 0
    endloop
  endfacet
  facet normal 0.849483 -0.527616 0
    outer loop
      vertex -36.4019 31.15 2.99
      vertex -36.3501 31.2334 0
      vertex -36.3501 31.2334 2.99
    endloop
  endfacet
  facet normal 0.849483 -0.527616 0
    outer loop
      vertex -36.3501 31.2334 0
      vertex -36.4019 31.15 2.99
      vertex -36.4019 31.15 0
    endloop
  endfacet
  facet normal 0.866024 -0.500003 0
    outer loop
      vertex -45.1777 15.95 2.99
      vertex -36.4019 31.15 0
      vertex -36.4019 31.15 2.99
    endloop
  endfacet
  facet normal 0.866024 -0.500003 0
    outer loop
      vertex -36.4019 31.15 0
      vertex -45.1777 15.95 2.99
      vertex -45.1777 15.95 0
    endloop
  endfacet
  facet normal 0.889619 -0.456703 0
    outer loop
      vertex -45.2449 15.8191 2.99
      vertex -45.1777 15.95 0
      vertex -45.1777 15.95 2.99
    endloop
  endfacet
  facet normal 0.889619 -0.456703 0
    outer loop
      vertex -45.1777 15.95 0
      vertex -45.2449 15.8191 2.99
      vertex -45.2449 15.8191 0
    endloop
  endfacet
  facet normal 0.930015 -0.367522 0
    outer loop
      vertex -45.299 15.6822 2.99
      vertex -45.2449 15.8191 0
      vertex -45.2449 15.8191 2.99
    endloop
  endfacet
  facet normal 0.930015 -0.367522 0
    outer loop
      vertex -45.2449 15.8191 0
      vertex -45.299 15.6822 2.99
      vertex -45.299 15.6822 0
    endloop
  endfacet
  facet normal 0.961626 -0.274362 0
    outer loop
      vertex -45.3394 15.5406 2.99
      vertex -45.299 15.6822 0
      vertex -45.299 15.6822 2.99
    endloop
  endfacet
  facet normal 0.961626 -0.274362 0
    outer loop
      vertex -45.299 15.6822 0
      vertex -45.3394 15.5406 2.99
      vertex -45.3394 15.5406 0
    endloop
  endfacet
  facet normal 0.983783 -0.179364 0
    outer loop
      vertex -45.3658 15.3958 2.99
      vertex -45.3394 15.5406 0
      vertex -45.3394 15.5406 2.99
    endloop
  endfacet
  facet normal 0.983783 -0.179364 0
    outer loop
      vertex -45.3394 15.5406 0
      vertex -45.3658 15.3958 2.99
      vertex -45.3658 15.3958 0
    endloop
  endfacet
  facet normal 0.996671 -0.0815273 0
    outer loop
      vertex -45.3778 15.2491 2.99
      vertex -45.3658 15.3958 0
      vertex -45.3658 15.3958 2.99
    endloop
  endfacet
  facet normal 0.996671 -0.0815273 0
    outer loop
      vertex -45.3658 15.3958 0
      vertex -45.3778 15.2491 2.99
      vertex -45.3778 15.2491 0
    endloop
  endfacet
  facet normal 0.999867 0.0163022 0
    outer loop
      vertex -45.3754 15.1019 2.99
      vertex -45.3778 15.2491 0
      vertex -45.3778 15.2491 2.99
    endloop
  endfacet
  facet normal 0.999867 0.0163022 0
    outer loop
      vertex -45.3778 15.2491 0
      vertex -45.3754 15.1019 2.99
      vertex -45.3754 15.1019 0
    endloop
  endfacet
  facet normal 0.993462 0.11416 0
    outer loop
      vertex -45.3586 14.9557 2.99
      vertex -45.3754 15.1019 0
      vertex -45.3754 15.1019 2.99
    endloop
  endfacet
  facet normal 0.993462 0.11416 0
    outer loop
      vertex -45.3754 15.1019 0
      vertex -45.3586 14.9557 2.99
      vertex -45.3586 14.9557 0
    endloop
  endfacet
  facet normal 0.977433 0.211245 0
    outer loop
      vertex -45.3275 14.8118 2.99
      vertex -45.3586 14.9557 0
      vertex -45.3586 14.9557 2.99
    endloop
  endfacet
  facet normal 0.977433 0.211245 0
    outer loop
      vertex -45.3586 14.9557 0
      vertex -45.3275 14.8118 2.99
      vertex -45.3275 14.8118 0
    endloop
  endfacet
  facet normal 0.952156 0.305613 0
    outer loop
      vertex -45.2825 14.6716 2.99
      vertex -45.3275 14.8118 0
      vertex -45.3275 14.8118 2.99
    endloop
  endfacet
  facet normal 0.952156 0.305613 0
    outer loop
      vertex -45.3275 14.8118 0
      vertex -45.2825 14.6716 2.99
      vertex -45.2825 14.6716 0
    endloop
  endfacet
  facet normal 0.917308 0.398179 0
    outer loop
      vertex -45.2239 14.5366 2.99
      vertex -45.2825 14.6716 0
      vertex -45.2825 14.6716 2.99
    endloop
  endfacet
  facet normal 0.917308 0.398179 0
    outer loop
      vertex -45.2825 14.6716 0
      vertex -45.2239 14.5366 2.99
      vertex -45.2239 14.5366 0
    endloop
  endfacet
  facet normal 0.882297 0.470694 0
    outer loop
      vertex -45.1777 14.45 2.99
      vertex -45.2239 14.5366 0
      vertex -45.2239 14.5366 2.99
    endloop
  endfacet
  facet normal 0.882297 0.470694 0
    outer loop
      vertex -45.2239 14.5366 0
      vertex -45.1777 14.45 2.99
      vertex -45.1777 14.45 0
    endloop
  endfacet
  facet normal 0.866023 0.500004 0
    outer loop
      vertex -36.8349 0 2.99
      vertex -45.1777 14.45 0
      vertex -45.1777 14.45 2.99
    endloop
  endfacet
  facet normal 0.866023 0.500004 0
    outer loop
      vertex -45.1777 14.45 0
      vertex -36.8349 0 2.99
      vertex -36.8349 0 0
    endloop
  endfacet
  facet normal 0.866023 -0.500004 0
    outer loop
      vertex -45.1777 -14.45 2.99
      vertex -36.8349 0 0
      vertex -36.8349 0 2.99
    endloop
  endfacet
  facet normal 0.866023 -0.500004 0
    outer loop
      vertex -36.8349 0 0
      vertex -45.1777 -14.45 2.99
      vertex -45.1777 -14.45 0
    endloop
  endfacet
  facet normal 0.889619 -0.456703 0
    outer loop
      vertex -45.2449 -14.5809 2.99
      vertex -45.1777 -14.45 0
      vertex -45.1777 -14.45 2.99
    endloop
  endfacet
  facet normal 0.889619 -0.456703 0
    outer loop
      vertex -45.1777 -14.45 0
      vertex -45.2449 -14.5809 2.99
      vertex -45.2449 -14.5809 0
    endloop
  endfacet
  facet normal 0.930015 -0.367522 0
    outer loop
      vertex -45.299 -14.7178 2.99
      vertex -45.2449 -14.5809 0
      vertex -45.2449 -14.5809 2.99
    endloop
  endfacet
  facet normal 0.930015 -0.367522 0
    outer loop
      vertex -45.2449 -14.5809 0
      vertex -45.299 -14.7178 2.99
      vertex -45.299 -14.7178 0
    endloop
  endfacet
  facet normal 0.961626 -0.274362 0
    outer loop
      vertex -45.3394 -14.8594 2.99
      vertex -45.299 -14.7178 0
      vertex -45.299 -14.7178 2.99
    endloop
  endfacet
  facet normal 0.961626 -0.274362 0
    outer loop
      vertex -45.299 -14.7178 0
      vertex -45.3394 -14.8594 2.99
      vertex -45.3394 -14.8594 0
    endloop
  endfacet
  facet normal 0.983783 -0.179364 0
    outer loop
      vertex -45.3658 -15.0042 2.99
      vertex -45.3394 -14.8594 0
      vertex -45.3394 -14.8594 2.99
    endloop
  endfacet
  facet normal 0.983783 -0.179364 0
    outer loop
      vertex -45.3394 -14.8594 0
      vertex -45.3658 -15.0042 2.99
      vertex -45.3658 -15.0042 0
    endloop
  endfacet
  facet normal 0.996671 -0.0815273 0
    outer loop
      vertex -45.3778 -15.1509 2.99
      vertex -45.3658 -15.0042 0
      vertex -45.3658 -15.0042 2.99
    endloop
  endfacet
  facet normal 0.996671 -0.0815273 0
    outer loop
      vertex -45.3658 -15.0042 0
      vertex -45.3778 -15.1509 2.99
      vertex -45.3778 -15.1509 0
    endloop
  endfacet
  facet normal 0.999867 0.0163022 0
    outer loop
      vertex -45.3754 -15.2981 2.99
      vertex -45.3778 -15.1509 0
      vertex -45.3778 -15.1509 2.99
    endloop
  endfacet
  facet normal 0.999867 0.0163022 0
    outer loop
      vertex -45.3778 -15.1509 0
      vertex -45.3754 -15.2981 2.99
      vertex -45.3754 -15.2981 0
    endloop
  endfacet
  facet normal 0.993462 0.11416 0
    outer loop
      vertex -45.3586 -15.4443 2.99
      vertex -45.3754 -15.2981 0
      vertex -45.3754 -15.2981 2.99
    endloop
  endfacet
  facet normal 0.993462 0.11416 0
    outer loop
      vertex -45.3754 -15.2981 0
      vertex -45.3586 -15.4443 2.99
      vertex -45.3586 -15.4443 0
    endloop
  endfacet
  facet normal 0.977433 0.211245 0
    outer loop
      vertex -45.3275 -15.5882 2.99
      vertex -45.3586 -15.4443 0
      vertex -45.3586 -15.4443 2.99
    endloop
  endfacet
  facet normal 0.977433 0.211245 0
    outer loop
      vertex -45.3586 -15.4443 0
      vertex -45.3275 -15.5882 2.99
      vertex -45.3275 -15.5882 0
    endloop
  endfacet
  facet normal 0.952156 0.305613 0
    outer loop
      vertex -45.2825 -15.7284 2.99
      vertex -45.3275 -15.5882 0
      vertex -45.3275 -15.5882 2.99
    endloop
  endfacet
  facet normal 0.952156 0.305613 0
    outer loop
      vertex -45.3275 -15.5882 0
      vertex -45.2825 -15.7284 2.99
      vertex -45.2825 -15.7284 0
    endloop
  endfacet
  facet normal 0.917308 0.398179 0
    outer loop
      vertex -45.2239 -15.8634 2.99
      vertex -45.2825 -15.7284 0
      vertex -45.2825 -15.7284 2.99
    endloop
  endfacet
  facet normal 0.917308 0.398179 0
    outer loop
      vertex -45.2825 -15.7284 0
      vertex -45.2239 -15.8634 2.99
      vertex -45.2239 -15.8634 0
    endloop
  endfacet
  facet normal 0.882297 0.470694 0
    outer loop
      vertex -45.1777 -15.95 2.99
      vertex -45.2239 -15.8634 0
      vertex -45.2239 -15.8634 2.99
    endloop
  endfacet
  facet normal 0.882297 0.470694 0
    outer loop
      vertex -45.2239 -15.8634 0
      vertex -45.1777 -15.95 2.99
      vertex -45.1777 -15.95 0
    endloop
  endfacet
  facet normal 0.866024 0.500003 0
    outer loop
      vertex -36.4019 -31.15 2.99
      vertex -45.1777 -15.95 0
      vertex -45.1777 -15.95 2.99
    endloop
  endfacet
  facet normal 0.866024 0.500003 0
    outer loop
      vertex -45.1777 -15.95 0
      vertex -36.4019 -31.15 2.99
      vertex -36.4019 -31.15 0
    endloop
  endfacet
  facet normal 0.840626 0.541616 0
    outer loop
      vertex -36.3222 -31.2737 2.99
      vertex -36.4019 -31.15 0
      vertex -36.4019 -31.15 2.99
    endloop
  endfacet
  facet normal 0.840626 0.541616 0
    outer loop
      vertex -36.4019 -31.15 0
      vertex -36.3222 -31.2737 2.99
      vertex -36.3222 -31.2737 0
    endloop
  endfacet
  facet normal 0.783315 0.621625 0
    outer loop
      vertex -36.2307 -31.389 2.99
      vertex -36.3222 -31.2737 0
      vertex -36.3222 -31.2737 2.99
    endloop
  endfacet
  facet normal 0.783315 0.621625 0
    outer loop
      vertex -36.3222 -31.2737 0
      vertex -36.2307 -31.389 2.99
      vertex -36.2307 -31.389 0
    endloop
  endfacet
  facet normal 0.718558 0.695467 0
    outer loop
      vertex -36.1283 -31.4948 2.99
      vertex -36.2307 -31.389 0
      vertex -36.2307 -31.389 2.99
    endloop
  endfacet
  facet normal 0.718558 0.695467 0
    outer loop
      vertex -36.2307 -31.389 0
      vertex -36.1283 -31.4948 2.99
      vertex -36.1283 -31.4948 0
    endloop
  endfacet
  facet normal 0.646642 0.762793 -0
    outer loop
      vertex -36.016 -31.59 0
      vertex -36.1283 -31.4948 2.99
      vertex -36.016 -31.59 2.99
    endloop
  endfacet
  facet normal 0.646642 0.762793 0
    outer loop
      vertex -36.1283 -31.4948 2.99
      vertex -36.016 -31.59 0
      vertex -36.1283 -31.4948 0
    endloop
  endfacet
  facet normal 0.569351 0.822094 -0
    outer loop
      vertex -35.895 -31.6738 0
      vertex -36.016 -31.59 2.99
      vertex -35.895 -31.6738 2.99
    endloop
  endfacet
  facet normal 0.569351 0.822094 0
    outer loop
      vertex -36.016 -31.59 2.99
      vertex -35.895 -31.6738 0
      vertex -36.016 -31.59 0
    endloop
  endfacet
  facet normal 0.485643 0.874157 -0
    outer loop
      vertex -35.7663 -31.7453 0
      vertex -35.895 -31.6738 2.99
      vertex -35.7663 -31.7453 2.99
    endloop
  endfacet
  facet normal 0.485643 0.874157 0
    outer loop
      vertex -35.895 -31.6738 2.99
      vertex -35.7663 -31.7453 0
      vertex -35.895 -31.6738 0
    endloop
  endfacet
  facet normal 0.397607 0.917556 -0
    outer loop
      vertex -35.6313 -31.8038 0
      vertex -35.7663 -31.7453 2.99
      vertex -35.6313 -31.8038 2.99
    endloop
  endfacet
  facet normal 0.397607 0.917556 0
    outer loop
      vertex -35.7663 -31.7453 2.99
      vertex -35.6313 -31.8038 0
      vertex -35.7663 -31.7453 0
    endloop
  endfacet
  facet normal 0.306229 0.951958 -0
    outer loop
      vertex -35.4911 -31.8489 0
      vertex -35.6313 -31.8038 2.99
      vertex -35.4911 -31.8489 2.99
    endloop
  endfacet
  facet normal 0.306229 0.951958 0
    outer loop
      vertex -35.6313 -31.8038 2.99
      vertex -35.4911 -31.8489 0
      vertex -35.6313 -31.8038 0
    endloop
  endfacet
  facet normal 0.211245 0.977433 -0
    outer loop
      vertex -35.3472 -31.88 0
      vertex -35.4911 -31.8489 2.99
      vertex -35.3472 -31.88 2.99
    endloop
  endfacet
  facet normal 0.211245 0.977433 0
    outer loop
      vertex -35.4911 -31.8489 2.99
      vertex -35.3472 -31.88 0
      vertex -35.4911 -31.8489 0
    endloop
  endfacet
  facet normal 0.11416 0.993462 -0
    outer loop
      vertex -35.201 -31.8968 0
      vertex -35.3472 -31.88 2.99
      vertex -35.201 -31.8968 2.99
    endloop
  endfacet
  facet normal 0.11416 0.993462 0
    outer loop
      vertex -35.3472 -31.88 2.99
      vertex -35.201 -31.8968 0
      vertex -35.3472 -31.88 0
    endloop
  endfacet
  facet normal 0.0326024 0.999468 -0
    outer loop
      vertex -35.1029 -31.9 0
      vertex -35.201 -31.8968 2.99
      vertex -35.1029 -31.9 2.99
    endloop
  endfacet
  facet normal 0.0326024 0.999468 0
    outer loop
      vertex -35.201 -31.8968 2.99
      vertex -35.1029 -31.9 0
      vertex -35.201 -31.8968 0
    endloop
  endfacet
  facet normal 0 1 -0
    outer loop
      vertex -31 -31.9 2.51
      vertex -35.1029 -31.9 2.99
      vertex -30.9153 -31.9 2.99
    endloop
  endfacet
  facet normal 0 1 -0
    outer loop
      vertex -31 -31.9 2.49
      vertex -35.1029 -31.9 2.99
      vertex -31 -31.9 2.51
    endloop
  endfacet
  facet normal 0 1 0
    outer loop
      vertex -35.1029 -31.9 0
      vertex -31 -31.9 2.49
      vertex -28.505 -31.9 0
    endloop
  endfacet
  facet normal 0 1 0
    outer loop
      vertex -31 -31.9 2.49
      vertex -35.1029 -31.9 0
      vertex -35.1029 -31.9 2.99
    endloop
  endfacet
  facet normal -1 0 0
    outer loop
      vertex 6 31.9 0
      vertex 6 34.4 2.99
      vertex 6 34.4 2.5
    endloop
  endfacet
  facet normal -1 0 0
    outer loop
      vertex 6 22.4 2.99
      vertex 6 31.9 0
      vertex 6 22.4 0
    endloop
  endfacet
  facet normal -1 0 0
    outer loop
      vertex 6 31.9 0
      vertex 6 22.4 2.99
      vertex 6 34.4 2.99
    endloop
  endfacet
  facet normal 0 0 -1
    outer loop
      vertex -6 22.4 2.99
      vertex 6 34.4 2.99
      vertex 6 22.4 2.99
    endloop
  endfacet
  facet normal -0 0 -1
    outer loop
      vertex 6 34.4 2.99
      vertex -6 22.4 2.99
      vertex -6 34.4 2.99
    endloop
  endfacet
  facet normal 1 0 0
    outer loop
      vertex -6 34.4 2.99
      vertex -6 31.9 0
      vertex -6 34.4 2.5
    endloop
  endfacet
  facet normal 1 -0 0
    outer loop
      vertex -6 22.4 2.99
      vertex -6 31.9 0
      vertex -6 34.4 2.99
    endloop
  endfacet
  facet normal 1 0 0
    outer loop
      vertex -6 31.9 0
      vertex -6 22.4 2.99
      vertex -6 22.4 0
    endloop
  endfacet
  facet normal 0 1 -0
    outer loop
      vertex 6 22.4 0
      vertex -6 22.4 2.99
      vertex 6 22.4 2.99
    endloop
  endfacet
  facet normal 0 1 0
    outer loop
      vertex -6 22.4 2.99
      vertex 6 22.4 0
      vertex -6 22.4 0
    endloop
  endfacet
  facet normal -0.707291 0 -0.706923
    outer loop
      vertex -45.3778 15.2491 0
      vertex -47.8765 -15.0691 2.5
      vertex -47.8765 15.3309 2.5
    endloop
  endfacet
  facet normal -0.707291 0 -0.706923
    outer loop
      vertex -47.8765 -15.0691 2.5
      vertex -45.3778 15.2491 0
      vertex -45.3778 -15.1509 0
    endloop
  endfacet
  facet normal -0.523977 0.475425 -0.706697
    outer loop
      vertex -36.2624 31.3516 0
      vertex -37.9313 33.2284 2.5
      vertex -36.1635 31.4606 0
    endloop
  endfacet
  facet normal 0.343607 0.618492 -0.706684
    outer loop
      vertex 35.895 31.6738 0
      vertex 35.7663 31.7453 0
      vertex 36.872 33.9875 2.5
    endloop
  endfacet
  facet normal -0.475425 0.523977 -0.706697
    outer loop
      vertex -36.1635 31.4606 0
      vertex -37.9313 33.2284 2.5
      vertex -36.0545 31.5595 0
    endloop
  endfacet
  facet normal -0.70291 -0.0807721 -0.706678
    outer loop
      vertex -45.3586 -15.4443 0
      vertex -47.8252 -15.8516 2.5
      vertex -45.3754 -15.2981 0
    endloop
  endfacet
  facet normal 0.594777 0.383215 -0.706673
    outer loop
      vertex 36.4019 31.15 0
      vertex 36.3222 31.2737 0
      vertex 38.3543 32.7299 2.5
    endloop
  endfacet
  facet normal 0.673676 0.21623 -0.706686
    outer loop
      vertex 45.3275 15.5882 0
      vertex 45.2825 15.7284 0
      vertex 47.7423 16.2353 2.5
    endloop
  endfacet
  facet normal 0.343654 0.618469 -0.706681
    outer loop
      vertex 37.2152 33.7968 2.5
      vertex 35.895 31.6738 0
      vertex 36.872 33.9875 2.5
    endloop
  endfacet
  facet normal -0.402837 -0.581662 -0.706677
    outer loop
      vertex -35.895 -31.6738 0
      vertex -37.2152 -33.7968 2.5
      vertex -36.016 -31.59 0
    endloop
  endfacet
  facet normal 0.216669 0.673547 -0.706675
    outer loop
      vertex 35.6313 31.8038 0
      vertex 35.4911 31.8489 0
      vertex 36.1382 34.2637 2.5
    endloop
  endfacet
  facet normal 0.302427 -0.639639 -0.706682
    outer loop
      vertex 36.6336 -34.0955 2.5
      vertex 35.6769 -31.7858 0
      vertex 36.9885 -33.9277 2.5
    endloop
  endfacet
  facet normal -0.680393 0.194123 -0.706669
    outer loop
      vertex -45.3394 15.5406 0
      vertex -47.6663 16.4857 2.5
      vertex -45.299 15.6822 0
    endloop
  endfacet
  facet normal -0.680323 0.194327 -0.706681
    outer loop
      vertex -47.6663 16.4857 2.5
      vertex -45.3394 15.5406 0
      vertex -47.7741 16.1083 2.5
    endloop
  endfacet
  facet normal -0.238394 0.666156 -0.706686
    outer loop
      vertex -35.6769 31.7858 0
      vertex -36.264 34.2278 2.5
      vertex -35.5383 31.8354 0
    endloop
  endfacet
  facet normal 0.594647 0.383393 -0.706685
    outer loop
      vertex 38.567 32.4 2.5
      vertex 36.4019 31.15 0
      vertex 38.3543 32.7299 2.5
    endloop
  endfacet
  facet normal 0.281321 0.649202 -0.706679
    outer loop
      vertex 35.7663 31.7453 0
      vertex 35.6313 31.8038 0
      vertex 36.872 33.9875 2.5
    endloop
  endfacet
  facet normal -0.457521 -0.539702 -0.706679
    outer loop
      vertex -36.016 -31.59 0
      vertex -37.8373 -33.3195 2.5
      vertex -36.1283 -31.4948 0
    endloop
  endfacet
  facet normal 0.397729 0.917503 -0
    outer loop
      vertex 36.872 33.9875 2.5
      vertex 36.5119 34.1436 5
      vertex 36.872 33.9875 5
    endloop
  endfacet
  facet normal 0.397729 0.917503 0
    outer loop
      vertex 36.5119 34.1436 5
      vertex 36.872 33.9875 2.5
      vertex 36.5119 34.1436 2.5
    endloop
  endfacet
  facet normal -0.0347845 0.706684 -0.706674
    outer loop
      vertex -35.2499 31.8928 0
      vertex -35.495 34.3807 2.5
      vertex -35.1029 34.4 2.5
    endloop
  endfacet
  facet normal -0.302427 0.639639 -0.706682
    outer loop
      vertex -35.6769 31.7858 0
      vertex -36.9885 33.9277 2.5
      vertex -36.6336 34.0955 2.5
    endloop
  endfacet
  facet normal -0.60084 0.373184 -0.706912
    outer loop
      vertex -36.4019 31.15 0
      vertex -38.4288 32.6223 2.5
      vertex -36.3501 31.2334 0
    endloop
  endfacet
  facet normal 0.866026 -0.499999 0
    outer loop
      vertex 38.567 -32.4 5
      vertex 47.3427 -17.2 2.5
      vertex 47.3427 -17.2 5
    endloop
  endfacet
  facet normal 0.866026 -0.499999 0
    outer loop
      vertex 47.3427 -17.2 2.5
      vertex 38.567 -32.4 5
      vertex 38.567 -32.4 2.5
    endloop
  endfacet
  facet normal -1 0 0
    outer loop
      vertex -47.8765 -15.0691 2.5
      vertex -47.8765 15.3309 5
      vertex -47.8765 15.3309 2.5
    endloop
  endfacet
  facet normal -1 -0 0
    outer loop
      vertex -47.8765 15.3309 5
      vertex -47.8765 -15.0691 2.5
      vertex -47.8765 -15.0691 5
    endloop
  endfacet
  facet normal -0.281405 -0.64916 -0.706684
    outer loop
      vertex -36.5119 -34.1436 2.5
      vertex -36.872 -33.9875 2.5
      vertex -35.6313 -31.8038 0
    endloop
  endfacet
  facet normal -0.103828 0.69988 -0.706673
    outer loop
      vertex -35.3955 31.8712 0
      vertex -35.8833 34.3231 2.5
      vertex -35.2499 31.8928 0
    endloop
  endfacet
  facet normal 0 -1 0
    outer loop
      vertex -35.1029 -34.4 5
      vertex -31 -34.4 2.51003
      vertex 35.1029 -34.4 5
    endloop
  endfacet
  facet normal 0 -1 0
    outer loop
      vertex -35.1029 -34.4 2.5
      vertex -31 -34.4 2.51003
      vertex -35.1029 -34.4 5
    endloop
  endfacet
  facet normal 0 -1 -0
    outer loop
      vertex -31 -34.4 2.51003
      vertex -35.1029 -34.4 2.5
      vertex -31 -34.4 2.51
    endloop
  endfacet
  facet normal 0 -1 -0
    outer loop
      vertex -31 -34.4 2.51
      vertex -35.1029 -34.4 2.5
      vertex -31 -34.4 2.5
    endloop
  endfacet
  facet normal 0 -1 0
    outer loop
      vertex 31 -34.4 2.51003
      vertex 35.1029 -34.4 5
      vertex -31 -34.4 2.51003
    endloop
  endfacet
  facet normal 0 -1 0
    outer loop
      vertex 35.1029 -34.4 2.5
      vertex 31 -34.4 2.51003
      vertex 31 -34.4 2.51
    endloop
  endfacet
  facet normal 0 -1 0
    outer loop
      vertex 35.1029 -34.4 2.5
      vertex 31 -34.4 2.51
      vertex 31 -34.4 2.5
    endloop
  endfacet
  facet normal 0 -1 0
    outer loop
      vertex 31 -34.4 2.51003
      vertex 35.1029 -34.4 2.5
      vertex 35.1029 -34.4 5
    endloop
  endfacet
  facet normal 0.849262 -0.527971 0
    outer loop
      vertex 38.4288 -32.6223 5
      vertex 38.567 -32.4 2.5
      vertex 38.567 -32.4 5
    endloop
  endfacet
  facet normal 0.849262 -0.527971 0
    outer loop
      vertex 38.567 -32.4 2.5
      vertex 38.4288 -32.6223 5
      vertex 38.4288 -32.6223 2.5
    endloop
  endfacet
  facet normal 0.705164 -0.0578624 -0.70668
    outer loop
      vertex 47.8444 -15.7221 2.5
      vertex 45.3658 -15.3958 0
      vertex 47.8765 -15.3309 2.5
    endloop
  endfacet
  facet normal -0.840458 -0.541877 0
    outer loop
      vertex -38.3543 -32.7299 2.5
      vertex -38.567 -32.4 5
      vertex -38.567 -32.4 2.5
    endloop
  endfacet
  facet normal -0.840458 -0.541877 0
    outer loop
      vertex -38.567 -32.4 5
      vertex -38.3543 -32.7299 2.5
      vertex -38.3543 -32.7299 5
    endloop
  endfacet
  facet normal 0.696067 -0.126907 -0.706672
    outer loop
      vertex 47.8444 -15.7221 2.5
      vertex 45.3394 -15.5406 0
      vertex 45.3658 -15.3958 0
    endloop
  endfacet
  facet normal 0.705169 -0.0576825 -0.706689
    outer loop
      vertex 47.8765 -15.3309 2.5
      vertex 45.3658 -15.3958 0
      vertex 45.3778 -15.2491 0
    endloop
  endfacet
  facet normal -0.337014 0.9415 0
    outer loop
      vertex -36.264 34.2278 2.5
      vertex -36.6336 34.0955 5
      vertex -36.264 34.2278 5
    endloop
  endfacet
  facet normal -0.337014 0.9415 0
    outer loop
      vertex -36.6336 34.0955 5
      vertex -36.264 34.2278 2.5
      vertex -36.6336 34.0955 2.5
    endloop
  endfacet
  facet normal 0.649172 0.28141 -0.706671
    outer loop
      vertex 47.6222 16.609 2.5
      vertex 45.2825 15.7284 0
      vertex 47.4661 16.9691 2.5
    endloop
  endfacet
  facet normal 0.457521 0.539702 -0.706679
    outer loop
      vertex 36.1283 31.4948 0
      vertex 36.016 31.59 0
      vertex 37.8373 33.3195 2.5
    endloop
  endfacet
  facet normal -0.42744 0.904044 0
    outer loop
      vertex -36.6336 34.0955 2.5
      vertex -36.9885 33.9277 5
      vertex -36.6336 34.0955 5
    endloop
  endfacet
  facet normal -0.42744 0.904044 0
    outer loop
      vertex -36.9885 33.9277 5
      vertex -36.6336 34.0955 2.5
      vertex -36.9885 33.9277 2.5
    endloop
  endfacet
  facet normal -0.421364 0.568385 -0.706675
    outer loop
      vertex -36.0545 31.5595 0
      vertex -37.6405 33.492 2.5
      vertex -35.9362 31.6472 0
    endloop
  endfacet
  facet normal -0.172057 0.686304 -0.706671
    outer loop
      vertex -35.5383 31.8354 0
      vertex -35.8833 34.3231 2.5
      vertex -35.3955 31.8712 0
    endloop
  endfacet
  facet normal 0.61238 0.353557 -0.707099
    outer loop
      vertex 45.1777 15.95 0
      vertex 38.567 32.4 2.5
      vertex 47.3427 17.2 2.5
    endloop
  endfacet
  facet normal 0.612367 0.353553 -0.707111
    outer loop
      vertex 38.567 32.4 2.5
      vertex 45.1777 15.95 0
      vertex 36.4019 31.15 0
    endloop
  endfacet
  facet normal -0.594647 -0.383393 -0.706685
    outer loop
      vertex -38.3543 -32.7299 2.5
      vertex -38.567 -32.4 2.5
      vertex -36.4019 -31.15 0
    endloop
  endfacet
  facet normal 0.146733 -0.989176 0
    outer loop
      vertex 35.495 -34.3807 2.5
      vertex 35.8833 -34.3231 5
      vertex 35.495 -34.3807 5
    endloop
  endfacet
  facet normal 0.146733 -0.989176 0
    outer loop
      vertex 35.8833 -34.3231 5
      vertex 35.495 -34.3807 2.5
      vertex 35.8833 -34.3231 2.5
    endloop
  endfacet
  facet normal -0.238448 0.66614 -0.706683
    outer loop
      vertex -35.6769 31.7858 0
      vertex -36.6336 34.0955 2.5
      vertex -36.264 34.2278 2.5
    endloop
  endfacet
  facet normal 0.211182 0.977447 -0
    outer loop
      vertex 36.1382 34.2637 2.5
      vertex 35.7545 34.3466 5
      vertex 36.1382 34.2637 5
    endloop
  endfacet
  facet normal 0.211182 0.977447 0
    outer loop
      vertex 35.7545 34.3466 5
      vertex 36.1382 34.2637 2.5
      vertex 35.7545 34.3466 2.5
    endloop
  endfacet
  facet normal 0 1 0
    outer loop
      vertex 35.1029 34.4 5
      vertex 6 34.4 2.99
      vertex -35.1029 34.4 5
    endloop
  endfacet
  facet normal 0 1 -0
    outer loop
      vertex 35.1029 34.4 2.5
      vertex 6 34.4 2.99
      vertex 35.1029 34.4 5
    endloop
  endfacet
  facet normal 0 1 0
    outer loop
      vertex 6 34.4 2.99
      vertex 35.1029 34.4 2.5
      vertex 6 34.4 2.5
    endloop
  endfacet
  facet normal 0 1 -0
    outer loop
      vertex -6 34.4 2.99
      vertex -35.1029 34.4 5
      vertex 6 34.4 2.99
    endloop
  endfacet
  facet normal 0 1 0
    outer loop
      vertex -35.1029 34.4 2.5
      vertex -6 34.4 2.99
      vertex -6 34.4 2.5
    endloop
  endfacet
  facet normal 0 1 0
    outer loop
      vertex -6 34.4 2.99
      vertex -35.1029 34.4 2.5
      vertex -35.1029 34.4 5
    endloop
  endfacet
  facet normal -0.612367 -0.353553 -0.707111
    outer loop
      vertex -38.567 -32.4 2.5
      vertex -45.1777 -15.95 0
      vertex -36.4019 -31.15 0
    endloop
  endfacet
  facet normal -0.61238 -0.353557 -0.707099
    outer loop
      vertex -45.1777 -15.95 0
      vertex -38.567 -32.4 2.5
      vertex -47.3427 -17.2 2.5
    endloop
  endfacet
  facet normal 0.0232397 0.706919 -0.706912
    outer loop
      vertex 35.201 31.8968 0
      vertex 35.1029 34.4 2.5
      vertex 35.3645 34.3914 2.5
    endloop
  endfacet
  facet normal -0.149462 -0.691564 -0.706682
    outer loop
      vertex -35.3472 -31.88 0
      vertex -36.1382 -34.2637 2.5
      vertex -35.4911 -31.8489 0
    endloop
  endfacet
  facet normal -0.034613 0.706683 -0.706683
    outer loop
      vertex -35.1029 31.9 0
      vertex -35.2499 31.8928 0
      vertex -35.1029 34.4 2.5
    endloop
  endfacet
  facet normal -0.707432 -0.0115342 -0.706687
    outer loop
      vertex -45.3754 -15.2981 0
      vertex -47.8765 -15.0691 2.5
      vertex -45.3778 -15.1509 0
    endloop
  endfacet
  facet normal -0.629445 0.323138 -0.706669
    outer loop
      vertex -45.2449 15.8191 0
      vertex -47.3427 17.2 2.5
      vertex -45.1777 15.95 0
    endloop
  endfacet
  facet normal 0.149462 0.691564 -0.706682
    outer loop
      vertex 35.4911 31.8489 0
      vertex 35.3472 31.88 0
      vertex 36.1382 34.2637 2.5
    endloop
  endfacet
  facet normal -0.612367 0.353553 -0.707111
    outer loop
      vertex -45.1777 15.95 0
      vertex -38.567 32.4 2.5
      vertex -36.4019 31.15 0
    endloop
  endfacet
  facet normal -0.61238 0.353557 -0.707099
    outer loop
      vertex -38.567 32.4 2.5
      vertex -45.1777 15.95 0
      vertex -47.3427 17.2 2.5
    endloop
  endfacet
  facet normal 0.281405 0.64916 -0.706684
    outer loop
      vertex 36.872 33.9875 2.5
      vertex 35.6313 31.8038 0
      vertex 36.5119 34.1436 2.5
    endloop
  endfacet
  facet normal 0.707432 0.0115342 -0.706687
    outer loop
      vertex 45.3778 15.1509 0
      vertex 45.3754 15.2981 0
      vertex 47.8765 15.0691 2.5
    endloop
  endfacet
  facet normal -0.216669 -0.673547 -0.706675
    outer loop
      vertex -35.4911 -31.8489 0
      vertex -36.1382 -34.2637 2.5
      vertex -35.6313 -31.8038 0
    endloop
  endfacet
  facet normal -0.783224 -0.62174 0
    outer loop
      vertex -38.1102 -33.0374 2.5
      vertex -38.3543 -32.7299 5
      vertex -38.3543 -32.7299 2.5
    endloop
  endfacet
  facet normal -0.783224 -0.62174 0
    outer loop
      vertex -38.3543 -32.7299 5
      vertex -38.1102 -33.0374 2.5
      vertex -38.1102 -33.0374 5
    endloop
  endfacet
  facet normal -0.302309 0.639703 -0.706675
    outer loop
      vertex -35.81 31.7229 0
      vertex -36.9885 33.9277 2.5
      vertex -35.6769 31.7858 0
    endloop
  endfacet
  facet normal -0.673676 -0.21623 -0.706686
    outer loop
      vertex -45.2825 -15.7284 0
      vertex -47.7423 -16.2353 2.5
      vertex -45.3275 -15.5882 0
    endloop
  endfacet
  facet normal -0.849262 0.527971 0
    outer loop
      vertex -38.567 32.4 2.5
      vertex -38.4288 32.6223 5
      vertex -38.4288 32.6223 2.5
    endloop
  endfacet
  facet normal -0.849262 0.527971 0
    outer loop
      vertex -38.4288 32.6223 5
      vertex -38.567 32.4 2.5
      vertex -38.567 32.4 5
    endloop
  endfacet
  facet normal -0.866026 0.499999 0
    outer loop
      vertex -47.3427 17.2 2.5
      vertex -38.567 32.4 5
      vertex -38.567 32.4 2.5
    endloop
  endfacet
  facet normal -0.866026 0.499999 0
    outer loop
      vertex -38.567 32.4 5
      vertex -47.3427 17.2 2.5
      vertex -47.3427 17.2 5
    endloop
  endfacet
  facet normal -0.600675 0.373429 -0.706923
    outer loop
      vertex -36.4019 31.15 0
      vertex -38.567 32.4 2.5
      vertex -38.4288 32.6223 2.5
    endloop
  endfacet
  facet normal 0 0.707107 -0.707107
    outer loop
      vertex 17.5514 31.9 0
      vertex 35.1029 34.4 2.5
      vertex 35.1029 31.9 0
    endloop
  endfacet
  facet normal 0 0.707107 -0.707107
    outer loop
      vertex 35.1029 34.4 2.5
      vertex 17.5514 31.9 0
      vertex 6 34.4 2.5
    endloop
  endfacet
  facet normal 0 0.707107 -0.707107
    outer loop
      vertex 6 34.4 2.5
      vertex 17.5514 31.9 0
      vertex 6 31.9 0
    endloop
  endfacet
  facet normal 0 0.707107 -0.707107
    outer loop
      vertex -17.5514 31.9 0
      vertex -6 34.4 2.5
      vertex -6 31.9 0
    endloop
  endfacet
  facet normal 0 0.707107 -0.707107
    outer loop
      vertex -6 34.4 2.5
      vertex -17.5514 31.9 0
      vertex -35.1029 34.4 2.5
    endloop
  endfacet
  facet normal 0 0.707107 -0.707107
    outer loop
      vertex -35.1029 34.4 2.5
      vertex -17.5514 31.9 0
      vertex -35.1029 31.9 0
    endloop
  endfacet
  facet normal 0.171813 -0.686351 -0.706684
    outer loop
      vertex 35.8833 -34.3231 2.5
      vertex 35.5383 -31.8354 0
      vertex 36.264 -34.2278 2.5
    endloop
  endfacet
  facet normal 0.034613 -0.706683 -0.706683
    outer loop
      vertex 35.2499 -31.8928 0
      vertex 35.1029 -34.4 2.5
      vertex 35.1029 -31.9 0
    endloop
  endfacet
  facet normal -0.475185 0.524218 -0.706678
    outer loop
      vertex -36.0545 31.5595 0
      vertex -37.9313 33.2284 2.5
      vertex -37.6405 33.492 2.5
    endloop
  endfacet
  facet normal 0.671607 -0.740908 0
    outer loop
      vertex 37.6405 -33.492 2.5
      vertex 37.9313 -33.2284 5
      vertex 37.6405 -33.492 5
    endloop
  endfacet
  facet normal 0.671607 -0.740908 0
    outer loop
      vertex 37.9313 -33.2284 5
      vertex 37.6405 -33.492 2.5
      vertex 37.9313 -33.2284 2.5
    endloop
  endfacet
  facet normal -0.242835 0.970068 0
    outer loop
      vertex -35.8833 34.3231 2.5
      vertex -36.264 34.2278 5
      vertex -35.8833 34.3231 5
    endloop
  endfacet
  facet normal -0.242835 0.970068 0
    outer loop
      vertex -36.264 34.2278 5
      vertex -35.8833 34.3231 2.5
      vertex -36.264 34.2278 2.5
    endloop
  endfacet
  facet normal -0.171813 0.686351 -0.706684
    outer loop
      vertex -35.5383 31.8354 0
      vertex -36.264 34.2278 2.5
      vertex -35.8833 34.3231 2.5
    endloop
  endfacet
  facet normal -0.866026 -0.499999 0
    outer loop
      vertex -38.567 -32.4 2.5
      vertex -47.3427 -17.2 5
      vertex -47.3427 -17.2 2.5
    endloop
  endfacet
  facet normal -0.866026 -0.499999 0
    outer loop
      vertex -47.3427 -17.2 5
      vertex -38.567 -32.4 2.5
      vertex -38.567 -32.4 5
    endloop
  endfacet
  facet normal 0.103828 -0.69988 -0.706673
    outer loop
      vertex 35.8833 -34.3231 2.5
      vertex 35.2499 -31.8928 0
      vertex 35.3955 -31.8712 0
    endloop
  endfacet
  facet normal 0.952042 0.305968 0
    outer loop
      vertex 47.7423 16.2353 5
      vertex 47.6222 16.609 2.5
      vertex 47.6222 16.609 5
    endloop
  endfacet
  facet normal 0.952042 0.305968 0
    outer loop
      vertex 47.6222 16.609 2.5
      vertex 47.7423 16.2353 5
      vertex 47.7423 16.2353 2.5
    endloop
  endfacet
  facet normal -0.705164 0.0578624 -0.70668
    outer loop
      vertex -45.3658 15.3958 0
      vertex -47.8765 15.3309 2.5
      vertex -47.8444 15.7221 2.5
    endloop
  endfacet
  facet normal -0.508409 -0.49207 -0.706673
    outer loop
      vertex -36.1283 -31.4948 0
      vertex -38.1102 -33.0374 2.5
      vertex -36.2307 -31.389 0
    endloop
  endfacet
  facet normal 0.646775 0.76268 -0
    outer loop
      vertex 37.8373 33.3195 2.5
      vertex 37.5379 33.5734 5
      vertex 37.8373 33.3195 5
    endloop
  endfacet
  facet normal 0.646775 0.76268 0
    outer loop
      vertex 37.5379 33.5734 5
      vertex 37.8373 33.3195 2.5
      vertex 37.5379 33.5734 2.5
    endloop
  endfacet
  facet normal -0.514084 0.85774 0
    outer loop
      vertex -36.9885 33.9277 2.5
      vertex -37.3252 33.7259 5
      vertex -36.9885 33.9277 5
    endloop
  endfacet
  facet normal -0.514084 0.85774 0
    outer loop
      vertex -37.3252 33.7259 5
      vertex -36.9885 33.9277 2.5
      vertex -37.3252 33.7259 2.5
    endloop
  endfacet
  facet normal 0.0347845 -0.706684 -0.706674
    outer loop
      vertex 35.495 -34.3807 2.5
      vertex 35.1029 -34.4 2.5
      vertex 35.2499 -31.8928 0
    endloop
  endfacet
  facet normal -0.696092 0.12671 -0.706683
    outer loop
      vertex -45.3394 15.5406 0
      vertex -47.8444 15.7221 2.5
      vertex -47.7741 16.1083 2.5
    endloop
  endfacet
  facet normal 0.600675 -0.373429 -0.706923
    outer loop
      vertex 38.4288 -32.6223 2.5
      vertex 36.4019 -31.15 0
      vertex 38.567 -32.4 2.5
    endloop
  endfacet
  facet normal 0.707291 0 -0.706923
    outer loop
      vertex 47.8765 15.0691 2.5
      vertex 45.3778 -15.2491 0
      vertex 45.3778 15.1509 0
    endloop
  endfacet
  facet normal 0.707291 0 -0.706923
    outer loop
      vertex 45.3778 -15.2491 0
      vertex 47.8765 15.0691 2.5
      vertex 47.8765 -15.3309 2.5
    endloop
  endfacet
  facet normal 0.421539 -0.56824 -0.706688
    outer loop
      vertex 37.3252 -33.7259 2.5
      vertex 35.9362 -31.6472 0
      vertex 37.6405 -33.492 2.5
    endloop
  endfacet
  facet normal -0.889483 0.456968 0
    outer loop
      vertex -47.5221 16.8508 2.5
      vertex -47.3427 17.2 5
      vertex -47.3427 17.2 2.5
    endloop
  endfacet
  facet normal -0.889483 0.456968 0
    outer loop
      vertex -47.3427 17.2 5
      vertex -47.5221 16.8508 2.5
      vertex -47.5221 16.8508 5
    endloop
  endfacet
  facet normal -0.707432 -0.0115352 -0.706687
    outer loop
      vertex -47.8701 -15.4616 2.5
      vertex -47.8765 -15.0691 2.5
      vertex -45.3754 -15.2981 0
    endloop
  endfacet
  facet normal -0.114121 -0.993467 0
    outer loop
      vertex -35.7545 -34.3466 2.5
      vertex -35.3645 -34.3914 5
      vertex -35.7545 -34.3466 5
    endloop
  endfacet
  facet normal -0.114121 -0.993467 -0
    outer loop
      vertex -35.3645 -34.3914 5
      vertex -35.7545 -34.3466 2.5
      vertex -35.3645 -34.3914 2.5
    endloop
  endfacet
  facet normal -0.629339 0.32332 -0.70668
    outer loop
      vertex -45.2449 15.8191 0
      vertex -47.5221 16.8508 2.5
      vertex -47.3427 17.2 2.5
    endloop
  endfacet
  facet normal -0.718729 -0.69529 0
    outer loop
      vertex -37.8373 -33.3195 2.5
      vertex -38.1102 -33.0374 5
      vertex -38.1102 -33.0374 2.5
    endloop
  endfacet
  facet normal -0.718729 -0.69529 0
    outer loop
      vertex -38.1102 -33.0374 5
      vertex -37.8373 -33.3195 2.5
      vertex -37.8373 -33.3195 5
    endloop
  endfacet
  facet normal -0.343607 -0.618492 -0.706684
    outer loop
      vertex -35.7663 -31.7453 0
      vertex -36.872 -33.9875 2.5
      vertex -35.895 -31.6738 0
    endloop
  endfacet
  facet normal 0.514084 -0.85774 0
    outer loop
      vertex 36.9885 -33.9277 2.5
      vertex 37.3252 -33.7259 5
      vertex 36.9885 -33.9277 5
    endloop
  endfacet
  facet normal 0.514084 -0.85774 0
    outer loop
      vertex 37.3252 -33.7259 5
      vertex 36.9885 -33.9277 2.5
      vertex 37.3252 -33.7259 2.5
    endloop
  endfacet
  facet normal 0.840458 0.541877 0
    outer loop
      vertex 38.567 32.4 5
      vertex 38.3543 32.7299 2.5
      vertex 38.3543 32.7299 5
    endloop
  endfacet
  facet normal 0.840458 0.541877 0
    outer loop
      vertex 38.3543 32.7299 2.5
      vertex 38.567 32.4 5
      vertex 38.567 32.4 2.5
    endloop
  endfacet
  facet normal 0.172057 -0.686304 -0.706671
    outer loop
      vertex 35.8833 -34.3231 2.5
      vertex 35.3955 -31.8712 0
      vertex 35.5383 -31.8354 0
    endloop
  endfacet
  facet normal 0 0 1
    outer loop
      vertex 33.8327 -2.2 5
      vertex 27.02 -14 5
      vertex 40.6455 -14 5
    endloop
  endfacet
  facet normal 0 -0 1
    outer loop
      vertex 27.02 -14 5
      vertex 33.8327 -2.2 5
      vertex 20.2073 -2.2 5
    endloop
  endfacet
  facet normal 0 0 1
    outer loop
      vertex 11.3161 -15.2 5
      vertex 24.9415 -15.2 5
      vertex 18.1288 -3.4 5
    endloop
  endfacet
  facet normal 0 0 1
    outer loop
      vertex 24.9415 -15.2 5
      vertex 11.3161 -15.2 5
      vertex 18.1288 -27 5
    endloop
  endfacet
  facet normal -0 0 1
    outer loop
      vertex 27.02 -16.4 5
      vertex 33.8327 -28.2 5
      vertex 40.6455 -16.4 5
    endloop
  endfacet
  facet normal 0 0 1
    outer loop
      vertex 33.8327 -28.2 5
      vertex 27.02 -16.4 5
      vertex 20.2073 -28.2 5
    endloop
  endfacet
  facet normal -0 0 1
    outer loop
      vertex -35.1029 -30.4 5
      vertex -30.5606 -33.9313 5
      vertex -30.5606 -30.4 5
    endloop
  endfacet
  facet normal 0 0 1
    outer loop
      vertex -30.5606 -33.9313 5
      vertex -35.1029 -30.4 5
      vertex -35.1029 -34.4 5
    endloop
  endfacet
  facet normal 0 0 1
    outer loop
      vertex -35.1029 -30.4 5
      vertex -35.3645 -34.3914 5
      vertex -35.1029 -34.4 5
    endloop
  endfacet
  facet normal 0 0 1
    outer loop
      vertex -35.1029 -30.4 5
      vertex -35.7545 -34.3466 5
      vertex -35.3645 -34.3914 5
    endloop
  endfacet
  facet normal 0 0 1
    outer loop
      vertex -35.1029 -30.4 5
      vertex -36.1382 -34.2637 5
      vertex -35.7545 -34.3466 5
    endloop
  endfacet
  facet normal 0 0 1
    outer loop
      vertex -35.1029 -30.4 5
      vertex -36.5119 -34.1436 5
      vertex -36.1382 -34.2637 5
    endloop
  endfacet
  facet normal 0 0 1
    outer loop
      vertex -35.1029 -30.4 5
      vertex -36.872 -33.9875 5
      vertex -36.5119 -34.1436 5
    endloop
  endfacet
  facet normal 0 0 1
    outer loop
      vertex -35.1029 -30.4 5
      vertex -37.2152 -33.7968 5
      vertex -36.872 -33.9875 5
    endloop
  endfacet
  facet normal 0 0 1
    outer loop
      vertex -35.1029 -30.4 5
      vertex -37.5379 -33.5734 5
      vertex -37.2152 -33.7968 5
    endloop
  endfacet
  facet normal 0 0 1
    outer loop
      vertex -35.1029 -30.4 5
      vertex -37.8373 -33.3195 5
      vertex -37.5379 -33.5734 5
    endloop
  endfacet
  facet normal 0 0 1
    outer loop
      vertex -35.1029 -30.4 5
      vertex -38.1102 -33.0374 5
      vertex -37.8373 -33.3195 5
    endloop
  endfacet
  facet normal 0 0 1
    outer loop
      vertex -35.1029 -30.4 5
      vertex -38.3543 -32.7299 5
      vertex -38.1102 -33.0374 5
    endloop
  endfacet
  facet normal 0 0 1
    outer loop
      vertex -35.1029 -30.4 5
      vertex -38.567 -32.4 5
      vertex -38.3543 -32.7299 5
    endloop
  endfacet
  facet normal 0 0 1
    outer loop
      vertex -43.8786 -15.2 5
      vertex -38.567 -32.4 5
      vertex -35.1029 -30.4 5
    endloop
  endfacet
  facet normal 0 0 1
    outer loop
      vertex -43.8786 -15.2 5
      vertex -47.3427 -17.2 5
      vertex -38.567 -32.4 5
    endloop
  endfacet
  facet normal 0 0 1
    outer loop
      vertex -47.8765 -15.0691 5
      vertex -35.1029 0 5
      vertex -47.8765 15.3309 5
    endloop
  endfacet
  facet normal 0 -0 1
    outer loop
      vertex -47.8701 -15.4616 5
      vertex -43.8786 -15.2 5
      vertex -47.8765 -15.0691 5
    endloop
  endfacet
  facet normal 0 0 1
    outer loop
      vertex -47.8765 15.3309 5
      vertex -47.3427 17.2 5
      vertex -47.5221 16.8508 5
    endloop
  endfacet
  facet normal 0 0 1
    outer loop
      vertex -43.8786 -15.2 5
      vertex -47.4661 -16.9691 5
      vertex -47.3427 -17.2 5
    endloop
  endfacet
  facet normal 0 0 1
    outer loop
      vertex -47.8765 15.3309 5
      vertex -47.5221 16.8508 5
      vertex -47.6663 16.4857 5
    endloop
  endfacet
  facet normal 0 0 1
    outer loop
      vertex -43.8786 -15.2 5
      vertex -47.6222 -16.609 5
      vertex -47.4661 -16.9691 5
    endloop
  endfacet
  facet normal 0 0 1
    outer loop
      vertex -47.8765 15.3309 5
      vertex -47.6663 16.4857 5
      vertex -47.7741 16.1083 5
    endloop
  endfacet
  facet normal 0 0 1
    outer loop
      vertex -43.8786 -15.2 5
      vertex -47.7423 -16.2353 5
      vertex -47.6222 -16.609 5
    endloop
  endfacet
  facet normal 0 0 1
    outer loop
      vertex -47.8765 15.3309 5
      vertex -47.7741 16.1083 5
      vertex -47.8444 15.7221 5
    endloop
  endfacet
  facet normal 0 0 1
    outer loop
      vertex -43.8786 -15.2 5
      vertex -47.8252 -15.8516 5
      vertex -47.7423 -16.2353 5
    endloop
  endfacet
  facet normal 0 0 1
    outer loop
      vertex -35.1029 0 5
      vertex -47.8765 -15.0691 5
      vertex -43.8786 -15.2 5
    endloop
  endfacet
  facet normal 0 0 1
    outer loop
      vertex -43.8786 -15.2 5
      vertex -47.8701 -15.4616 5
      vertex -47.8252 -15.8516 5
    endloop
  endfacet
  facet normal 0 0 1
    outer loop
      vertex 47.8765 -15.3309 5
      vertex 43.3786 -14 5
      vertex 43.8786 -15.2 5
    endloop
  endfacet
  facet normal 0 0 1
    outer loop
      vertex 47.8765 15.0691 5
      vertex 35.1029 0 5
      vertex 43.3786 -14 5
    endloop
  endfacet
  facet normal 0 0 1
    outer loop
      vertex 43.3786 -14 5
      vertex 35.1029 0 5
      vertex 43.1858 -14 5
    endloop
  endfacet
  facet normal -0 0 1
    outer loop
      vertex 43.8786 15.2 5
      vertex 47.8765 15.0691 5
      vertex 47.8701 15.4616 5
    endloop
  endfacet
  facet normal 0 0 1
    outer loop
      vertex 35.1029 0 5
      vertex 47.8765 15.0691 5
      vertex 43.8786 15.2 5
    endloop
  endfacet
  facet normal 0 0 1
    outer loop
      vertex 43.8786 15.2 5
      vertex 47.8701 15.4616 5
      vertex 47.8252 15.8516 5
    endloop
  endfacet
  facet normal -0 0 1
    outer loop
      vertex 43.3786 -14 5
      vertex 47.8765 -15.3309 5
      vertex 47.8765 15.0691 5
    endloop
  endfacet
  facet normal 0 0 1
    outer loop
      vertex 43.8786 15.2 5
      vertex 47.8252 15.8516 5
      vertex 47.7423 16.2353 5
    endloop
  endfacet
  facet normal 0 0 1
    outer loop
      vertex 47.8765 -15.3309 5
      vertex 43.8786 -15.2 5
      vertex 47.8444 -15.7221 5
    endloop
  endfacet
  facet normal 0 0 1
    outer loop
      vertex 43.8786 15.2 5
      vertex 47.7423 16.2353 5
      vertex 47.6222 16.609 5
    endloop
  endfacet
  facet normal 0 0 1
    outer loop
      vertex 47.8444 -15.7221 5
      vertex 43.8786 -15.2 5
      vertex 47.7741 -16.1083 5
    endloop
  endfacet
  facet normal 0 0 1
    outer loop
      vertex 43.8786 15.2 5
      vertex 47.6222 16.609 5
      vertex 47.4661 16.9691 5
    endloop
  endfacet
  facet normal 0 0 1
    outer loop
      vertex 43.8786 15.2 5
      vertex 47.4661 16.9691 5
      vertex 47.3427 17.2 5
    endloop
  endfacet
  facet normal 0 0 1
    outer loop
      vertex 47.7741 -16.1083 5
      vertex 43.8786 -15.2 5
      vertex 47.6663 -16.4857 5
    endloop
  endfacet
  facet normal 0 0 1
    outer loop
      vertex 47.6663 -16.4857 5
      vertex 43.8786 -15.2 5
      vertex 47.5221 -16.8508 5
    endloop
  endfacet
  facet normal 0 0 1
    outer loop
      vertex 38.567 32.4 5
      vertex 43.8786 15.2 5
      vertex 47.3427 17.2 5
    endloop
  endfacet
  facet normal 0 0 1
    outer loop
      vertex 35.1029 30.4 5
      vertex 38.567 32.4 5
      vertex 38.3543 32.7299 5
    endloop
  endfacet
  facet normal 0 0 1
    outer loop
      vertex 35.1029 30.4 5
      vertex 38.3543 32.7299 5
      vertex 38.1102 33.0374 5
    endloop
  endfacet
  facet normal 0 0 1
    outer loop
      vertex 35.1029 30.4 5
      vertex 38.1102 33.0374 5
      vertex 37.8373 33.3195 5
    endloop
  endfacet
  facet normal 0 0 1
    outer loop
      vertex 35.1029 30.4 5
      vertex 37.8373 33.3195 5
      vertex 37.5379 33.5734 5
    endloop
  endfacet
  facet normal 0 0 1
    outer loop
      vertex 35.1029 30.4 5
      vertex 37.5379 33.5734 5
      vertex 37.2152 33.7968 5
    endloop
  endfacet
  facet normal 0 0 1
    outer loop
      vertex 35.1029 30.4 5
      vertex 37.2152 33.7968 5
      vertex 36.872 33.9875 5
    endloop
  endfacet
  facet normal 0 0 1
    outer loop
      vertex 35.1029 30.4 5
      vertex 36.872 33.9875 5
      vertex 36.5119 34.1436 5
    endloop
  endfacet
  facet normal 0 0 1
    outer loop
      vertex 35.1029 30.4 5
      vertex 36.5119 34.1436 5
      vertex 36.1382 34.2637 5
    endloop
  endfacet
  facet normal 0 0 1
    outer loop
      vertex 35.1029 30.4 5
      vertex 36.1382 34.2637 5
      vertex 35.7545 34.3466 5
    endloop
  endfacet
  facet normal 0 0 1
    outer loop
      vertex 35.1029 30.4 5
      vertex 35.7545 34.3466 5
      vertex 35.3645 34.3914 5
    endloop
  endfacet
  facet normal 0 0 1
    outer loop
      vertex 38.567 32.4 5
      vertex 35.1029 30.4 5
      vertex 43.8786 15.2 5
    endloop
  endfacet
  facet normal 0 0 1
    outer loop
      vertex 35.1029 34.4 5
      vertex 35.1029 30.4 5
      vertex 35.3645 34.3914 5
    endloop
  endfacet
  facet normal 0 0 1
    outer loop
      vertex 35.1029 34.4 5
      vertex 17.5514 30.4 5
      vertex 35.1029 30.4 5
    endloop
  endfacet
  facet normal 0 0 1
    outer loop
      vertex 17.5514 30.4 5
      vertex -8.77572 15.2 5
      vertex 8.77572 15.2 5
    endloop
  endfacet
  facet normal 0 0 1
    outer loop
      vertex 17.5514 30.4 5
      vertex -17.5514 30.4 5
      vertex -8.77572 15.2 5
    endloop
  endfacet
  facet normal 0 0 1
    outer loop
      vertex 35.1029 34.4 5
      vertex -17.5514 30.4 5
      vertex 17.5514 30.4 5
    endloop
  endfacet
  facet normal -0 0 1
    outer loop
      vertex -35.1029 34.4 5
      vertex -17.5514 30.4 5
      vertex 35.1029 34.4 5
    endloop
  endfacet
  facet normal 0 0 1
    outer loop
      vertex -35.1029 34.4 5
      vertex -35.1029 30.4 5
      vertex -17.5514 30.4 5
    endloop
  endfacet
  facet normal -0 0 1
    outer loop
      vertex -35.495 34.3807 5
      vertex -35.1029 30.4 5
      vertex -35.1029 34.4 5
    endloop
  endfacet
  facet normal -0 0 1
    outer loop
      vertex -35.8833 34.3231 5
      vertex -35.1029 30.4 5
      vertex -35.495 34.3807 5
    endloop
  endfacet
  facet normal -0 0 1
    outer loop
      vertex -36.264 34.2278 5
      vertex -35.1029 30.4 5
      vertex -35.8833 34.3231 5
    endloop
  endfacet
  facet normal -0 0 1
    outer loop
      vertex -36.6336 34.0955 5
      vertex -35.1029 30.4 5
      vertex -36.264 34.2278 5
    endloop
  endfacet
  facet normal -0 0 1
    outer loop
      vertex -36.9885 33.9277 5
      vertex -35.1029 30.4 5
      vertex -36.6336 34.0955 5
    endloop
  endfacet
  facet normal -0 0 1
    outer loop
      vertex -37.3252 33.7259 5
      vertex -35.1029 30.4 5
      vertex -36.9885 33.9277 5
    endloop
  endfacet
  facet normal -0 0 1
    outer loop
      vertex -37.6405 33.492 5
      vertex -35.1029 30.4 5
      vertex -37.3252 33.7259 5
    endloop
  endfacet
  facet normal -0 0 1
    outer loop
      vertex -37.9313 33.2284 5
      vertex -35.1029 30.4 5
      vertex -37.6405 33.492 5
    endloop
  endfacet
  facet normal -0 0 1
    outer loop
      vertex -38.1949 32.9376 5
      vertex -35.1029 30.4 5
      vertex -37.9313 33.2284 5
    endloop
  endfacet
  facet normal -0 0 1
    outer loop
      vertex -38.4288 32.6223 5
      vertex -35.1029 30.4 5
      vertex -38.1949 32.9376 5
    endloop
  endfacet
  facet normal -0 0 1
    outer loop
      vertex -38.567 32.4 5
      vertex -35.1029 30.4 5
      vertex -38.4288 32.6223 5
    endloop
  endfacet
  facet normal 0 0 1
    outer loop
      vertex -38.567 32.4 5
      vertex -43.8786 15.2 5
      vertex -35.1029 30.4 5
    endloop
  endfacet
  facet normal -0 0 1
    outer loop
      vertex -47.8765 15.3309 5
      vertex -43.8786 15.2 5
      vertex -47.3427 17.2 5
    endloop
  endfacet
  facet normal -0 0 1
    outer loop
      vertex -47.3427 17.2 5
      vertex -43.8786 15.2 5
      vertex -38.567 32.4 5
    endloop
  endfacet
  facet normal 0 0 1
    outer loop
      vertex 47.5221 -16.8508 5
      vertex 43.8786 -15.2 5
      vertex 47.3427 -17.2 5
    endloop
  endfacet
  facet normal 0 0 1
    outer loop
      vertex 43.3786 -16.4 5
      vertex 43.8786 -15.2 5
      vertex 43.3786 -16.066 5
    endloop
  endfacet
  facet normal 0 0 1
    outer loop
      vertex 43.8786 -15.2 5
      vertex 43.3786 -16.4 5
      vertex 47.3427 -17.2 5
    endloop
  endfacet
  facet normal 0 0 1
    outer loop
      vertex 38.567 -32.4 5
      vertex 43.3786 -16.4 5
      vertex 43.1858 -16.4 5
    endloop
  endfacet
  facet normal 0 0 1
    outer loop
      vertex 43.3786 -16.4 5
      vertex 38.567 -32.4 5
      vertex 47.3427 -17.2 5
    endloop
  endfacet
  facet normal -0 0 1
    outer loop
      vertex 35.1029 -30.4 5
      vertex 38.567 -32.4 5
      vertex 43.1858 -16.4 5
    endloop
  endfacet
  facet normal 0 0 1
    outer loop
      vertex 38.567 -32.4 5
      vertex 35.1029 -30.4 5
      vertex 38.4288 -32.6223 5
    endloop
  endfacet
  facet normal 0 0 1
    outer loop
      vertex 38.4288 -32.6223 5
      vertex 35.1029 -30.4 5
      vertex 38.1949 -32.9376 5
    endloop
  endfacet
  facet normal 0 0 1
    outer loop
      vertex 38.1949 -32.9376 5
      vertex 35.1029 -30.4 5
      vertex 37.9313 -33.2284 5
    endloop
  endfacet
  facet normal 0 0 1
    outer loop
      vertex 37.9313 -33.2284 5
      vertex 35.1029 -30.4 5
      vertex 37.6405 -33.492 5
    endloop
  endfacet
  facet normal 0 0 1
    outer loop
      vertex 37.6405 -33.492 5
      vertex 35.1029 -30.4 5
      vertex 37.3252 -33.7259 5
    endloop
  endfacet
  facet normal 0 0 1
    outer loop
      vertex 37.3252 -33.7259 5
      vertex 35.1029 -30.4 5
      vertex 36.9885 -33.9277 5
    endloop
  endfacet
  facet normal 0 0 1
    outer loop
      vertex 36.9885 -33.9277 5
      vertex 35.1029 -30.4 5
      vertex 36.6336 -34.0955 5
    endloop
  endfacet
  facet normal 0 0 1
    outer loop
      vertex 36.6336 -34.0955 5
      vertex 35.1029 -30.4 5
      vertex 36.264 -34.2278 5
    endloop
  endfacet
  facet normal 0 0 1
    outer loop
      vertex 36.264 -34.2278 5
      vertex 35.1029 -30.4 5
      vertex 35.8833 -34.3231 5
    endloop
  endfacet
  facet normal 0 0 1
    outer loop
      vertex 35.8833 -34.3231 5
      vertex 35.1029 -30.4 5
      vertex 35.495 -34.3807 5
    endloop
  endfacet
  facet normal 0 0 1
    outer loop
      vertex 35.1029 -30.4 5
      vertex 35.1029 -34.4 5
      vertex 35.495 -34.3807 5
    endloop
  endfacet
  facet normal 0 0 1
    outer loop
      vertex 30.5606 -33.9313 5
      vertex 35.1029 -30.4 5
      vertex 30.5606 -30.4 5
    endloop
  endfacet
  facet normal 0 0 1
    outer loop
      vertex 35.1029 -30.4 5
      vertex 30.5606 -33.9313 5
      vertex 35.1029 -34.4 5
    endloop
  endfacet
  facet normal -0 0 1
    outer loop
      vertex -30.5606 -33.9313 5
      vertex 35.1029 -34.4 5
      vertex 30.5606 -33.9313 5
    endloop
  endfacet
  facet normal 0 0 1
    outer loop
      vertex 35.1029 -34.4 5
      vertex -30.5606 -33.9313 5
      vertex -35.1029 -34.4 5
    endloop
  endfacet
  facet normal 0 0 1
    outer loop
      vertex 43.8786 -15.2 5
      vertex 43.3786 -14 5
      vertex 43.3786 -14.334 5
    endloop
  endfacet
  facet normal 0 0 1
    outer loop
      vertex -47.8765 15.3309 5
      vertex -35.1029 0 5
      vertex -43.8786 15.2 5
    endloop
  endfacet
  facet normal -0 0 1
    outer loop
      vertex -8.77572 -15.2 5
      vertex 14.6647 -25.4 5
      vertex 8.77572 -15.2 5
    endloop
  endfacet
  facet normal 0 0 1
    outer loop
      vertex 14.6647 -25.4 5
      vertex -8.77572 -15.2 5
      vertex -14.6647 -25.4 5
    endloop
  endfacet
  facet normal 0.554159 0.439903 -0.706677
    outer loop
      vertex 38.3543 32.7299 2.5
      vertex 36.3222 31.2737 0
      vertex 38.1102 33.0374 2.5
    endloop
  endfacet
  facet normal -0.457611 -0.539617 -0.706686
    outer loop
      vertex -37.5379 -33.5734 2.5
      vertex -37.8373 -33.3195 2.5
      vertex -36.016 -31.59 0
    endloop
  endfacet
  facet normal 0.080745 0.702914 -0.706677
    outer loop
      vertex 35.7545 34.3466 2.5
      vertex 35.201 31.8968 0
      vertex 35.3645 34.3914 2.5
    endloop
  endfacet
  facet normal 0.993438 0.114373 0
    outer loop
      vertex 47.8701 15.4616 5
      vertex 47.8252 15.8516 2.5
      vertex 47.8252 15.8516 5
    endloop
  endfacet
  facet normal 0.993438 0.114373 0
    outer loop
      vertex 47.8252 15.8516 2.5
      vertex 47.8701 15.4616 5
      vertex 47.8701 15.4616 2.5
    endloop
  endfacet
  facet normal -0.649017 -0.281721 -0.70669
    outer loop
      vertex -45.2239 -15.8634 0
      vertex -47.4661 -16.9691 2.5
      vertex -45.2825 -15.7284 0
    endloop
  endfacet
  facet normal 0.649017 0.281721 -0.70669
    outer loop
      vertex 45.2825 15.7284 0
      vertex 45.2239 15.8634 0
      vertex 47.4661 16.9691 2.5
    endloop
  endfacet
  facet normal -0.740908 0.671607 0
    outer loop
      vertex -38.1949 32.9376 2.5
      vertex -37.9313 33.2284 5
      vertex -37.9313 33.2284 2.5
    endloop
  endfacet
  facet normal -0.740908 0.671607 0
    outer loop
      vertex -37.9313 33.2284 5
      vertex -38.1949 32.9376 2.5
      vertex -38.1949 32.9376 5
    endloop
  endfacet
  facet normal -0.524218 0.475185 -0.706678
    outer loop
      vertex -36.2624 31.3516 0
      vertex -38.1949 32.9376 2.5
      vertex -37.9313 33.2284 2.5
    endloop
  endfacet
  facet normal 1 -0 0
    outer loop
      vertex 47.8765 -15.3309 5
      vertex 47.8765 15.0691 2.5
      vertex 47.8765 15.0691 5
    endloop
  endfacet
  facet normal 1 0 0
    outer loop
      vertex 47.8765 15.0691 2.5
      vertex 47.8765 -15.3309 5
      vertex 47.8765 -15.3309 2.5
    endloop
  endfacet
  facet normal 0.99665 -0.0817804 0
    outer loop
      vertex 47.8444 -15.7221 5
      vertex 47.8765 -15.3309 2.5
      vertex 47.8765 -15.3309 5
    endloop
  endfacet
  facet normal 0.99665 -0.0817804 0
    outer loop
      vertex 47.8765 -15.3309 2.5
      vertex 47.8444 -15.7221 5
      vertex 47.8444 -15.7221 2.5
    endloop
  endfacet
  facet normal 0.569197 0.822201 -0
    outer loop
      vertex 37.5379 33.5734 2.5
      vertex 37.2152 33.7968 5
      vertex 37.5379 33.5734 5
    endloop
  endfacet
  facet normal 0.569197 0.822201 0
    outer loop
      vertex 37.2152 33.7968 5
      vertex 37.5379 33.5734 2.5
      vertex 37.2152 33.7968 2.5
    endloop
  endfacet
  facet normal 0.523977 -0.475425 -0.706697
    outer loop
      vertex 37.9313 -33.2284 2.5
      vertex 36.1635 -31.4606 0
      vertex 36.2624 -31.3516 0
    endloop
  endfacet
  facet normal -0.917503 -0.397729 0
    outer loop
      vertex -47.4661 -16.9691 2.5
      vertex -47.6222 -16.609 5
      vertex -47.6222 -16.609 2.5
    endloop
  endfacet
  facet normal -0.917503 -0.397729 0
    outer loop
      vertex -47.6222 -16.609 5
      vertex -47.4661 -16.9691 2.5
      vertex -47.4661 -16.9691 5
    endloop
  endfacet
  facet normal 0.402837 0.581662 -0.706677
    outer loop
      vertex 36.016 31.59 0
      vertex 35.895 31.6738 0
      vertex 37.2152 33.7968 2.5
    endloop
  endfacet
  facet normal -0.671607 0.740908 0
    outer loop
      vertex -37.6405 33.492 2.5
      vertex -37.9313 33.2284 5
      vertex -37.6405 33.492 5
    endloop
  endfacet
  facet normal -0.671607 0.740908 0
    outer loop
      vertex -37.9313 33.2284 5
      vertex -37.6405 33.492 2.5
      vertex -37.9313 33.2284 2.5
    endloop
  endfacet
  facet normal -0.421539 0.56824 -0.706688
    outer loop
      vertex -35.9362 31.6472 0
      vertex -37.6405 33.492 2.5
      vertex -37.3252 33.7259 2.5
    endloop
  endfacet
  facet normal -0.595794 0.803137 0
    outer loop
      vertex -37.3252 33.7259 2.5
      vertex -37.6405 33.492 5
      vertex -37.3252 33.7259 5
    endloop
  endfacet
  facet normal -0.595794 0.803137 0
    outer loop
      vertex -37.6405 33.492 5
      vertex -37.3252 33.7259 2.5
      vertex -37.6405 33.492 2.5
    endloop
  endfacet
  facet normal 0.402723 0.581731 -0.706684
    outer loop
      vertex 37.5379 33.5734 2.5
      vertex 36.016 31.59 0
      vertex 37.2152 33.7968 2.5
    endloop
  endfacet
  facet normal 0.457611 0.539617 -0.706686
    outer loop
      vertex 37.8373 33.3195 2.5
      vertex 36.016 31.59 0
      vertex 37.5379 33.5734 2.5
    endloop
  endfacet
  facet normal -0.146733 0.989176 0
    outer loop
      vertex -35.495 34.3807 2.5
      vertex -35.8833 34.3231 5
      vertex -35.495 34.3807 5
    endloop
  endfacet
  facet normal -0.146733 0.989176 0
    outer loop
      vertex -35.8833 34.3231 5
      vertex -35.495 34.3807 2.5
      vertex -35.8833 34.3231 2.5
    endloop
  endfacet
  facet normal -0.10382 0.699882 -0.706673
    outer loop
      vertex -35.2499 31.8928 0
      vertex -35.8833 34.3231 2.5
      vertex -35.495 34.3807 2.5
    endloop
  endfacet
  facet normal -0.961543 0.274654 0
    outer loop
      vertex -47.7741 16.1083 2.5
      vertex -47.6663 16.4857 5
      vertex -47.6663 16.4857 2.5
    endloop
  endfacet
  facet normal -0.961543 0.274654 0
    outer loop
      vertex -47.6663 16.4857 5
      vertex -47.7741 16.1083 2.5
      vertex -47.7741 16.1083 5
    endloop
  endfacet
  facet normal -0.673609 -0.216485 -0.706672
    outer loop
      vertex -47.6222 -16.609 2.5
      vertex -47.7423 -16.2353 2.5
      vertex -45.2825 -15.7284 0
    endloop
  endfacet
  facet normal 0.508523 0.491939 -0.706683
    outer loop
      vertex 38.1102 33.0374 2.5
      vertex 36.1283 31.4948 0
      vertex 37.8373 33.3195 2.5
    endloop
  endfacet
  facet normal -0.696067 0.126907 -0.706672
    outer loop
      vertex -45.3658 15.3958 0
      vertex -47.8444 15.7221 2.5
      vertex -45.3394 15.5406 0
    endloop
  endfacet
  facet normal 0.999867 0.0163036 0
    outer loop
      vertex 47.8765 15.0691 5
      vertex 47.8701 15.4616 2.5
      vertex 47.8701 15.4616 5
    endloop
  endfacet
  facet normal 0.999867 0.0163036 0
    outer loop
      vertex 47.8701 15.4616 2.5
      vertex 47.8765 15.0691 5
      vertex 47.8765 15.0691 2.5
    endloop
  endfacet
  facet normal 0.673609 0.216485 -0.706672
    outer loop
      vertex 47.7423 16.2353 2.5
      vertex 45.2825 15.7284 0
      vertex 47.6222 16.609 2.5
    endloop
  endfacet
  facet normal -0.977447 -0.211182 0
    outer loop
      vertex -47.7423 -16.2353 2.5
      vertex -47.8252 -15.8516 5
      vertex -47.8252 -15.8516 2.5
    endloop
  endfacet
  facet normal -0.977447 -0.211182 0
    outer loop
      vertex -47.8252 -15.8516 5
      vertex -47.7423 -16.2353 2.5
      vertex -47.7423 -16.2353 5
    endloop
  endfacet
  facet normal 0.61238 -0.353557 -0.707099
    outer loop
      vertex 38.567 -32.4 2.5
      vertex 45.1777 -15.95 0
      vertex 47.3427 -17.2 2.5
    endloop
  endfacet
  facet normal 0.612367 -0.353553 -0.707111
    outer loop
      vertex 45.1777 -15.95 0
      vertex 38.567 -32.4 2.5
      vertex 36.4019 -31.15 0
    endloop
  endfacet
  facet normal -0.658024 0.260037 -0.706672
    outer loop
      vertex -45.299 15.6822 0
      vertex -47.6663 16.4857 2.5
      vertex -45.2449 15.8191 0
    endloop
  endfacet
  facet normal -0.993438 -0.114373 0
    outer loop
      vertex -47.8252 -15.8516 2.5
      vertex -47.8701 -15.4616 5
      vertex -47.8701 -15.4616 2.5
    endloop
  endfacet
  facet normal -0.993438 -0.114373 0
    outer loop
      vertex -47.8701 -15.4616 5
      vertex -47.8252 -15.8516 2.5
      vertex -47.8252 -15.8516 5
    endloop
  endfacet
  facet normal -0.705169 0.0576825 -0.706689
    outer loop
      vertex -45.3778 15.2491 0
      vertex -47.8765 15.3309 2.5
      vertex -45.3658 15.3958 0
    endloop
  endfacet
  facet normal 0.238394 -0.666156 -0.706686
    outer loop
      vertex 36.264 -34.2278 2.5
      vertex 35.5383 -31.8354 0
      vertex 35.6769 -31.7858 0
    endloop
  endfacet
  facet normal 0.624036 0.332915 -0.706927
    outer loop
      vertex 45.2239 15.8634 0
      vertex 45.1777 15.95 0
      vertex 47.4661 16.9691 2.5
    endloop
  endfacet
  facet normal 0.508409 0.49207 -0.706673
    outer loop
      vertex 36.2307 31.389 0
      vertex 36.1283 31.4948 0
      vertex 38.1102 33.0374 2.5
    endloop
  endfacet
  facet normal -0.508523 -0.491939 -0.706683
    outer loop
      vertex -37.8373 -33.3195 2.5
      vertex -38.1102 -33.0374 2.5
      vertex -36.1283 -31.4948 0
    endloop
  endfacet
  facet normal 0.149418 0.691576 -0.70668
    outer loop
      vertex 36.1382 34.2637 2.5
      vertex 35.3472 31.88 0
      vertex 35.7545 34.3466 2.5
    endloop
  endfacet
  facet normal 0.216481 0.673596 -0.706685
    outer loop
      vertex 36.5119 34.1436 2.5
      vertex 35.6313 31.8038 0
      vertex 36.1382 34.2637 2.5
    endloop
  endfacet
  facet normal -0.691576 -0.149418 -0.70668
    outer loop
      vertex -47.7423 -16.2353 2.5
      vertex -47.8252 -15.8516 2.5
      vertex -45.3586 -15.4443 0
    endloop
  endfacet
  facet normal 0.595794 -0.803137 0
    outer loop
      vertex 37.3252 -33.7259 2.5
      vertex 37.6405 -33.492 5
      vertex 37.3252 -33.7259 5
    endloop
  endfacet
  facet normal 0.595794 -0.803137 0
    outer loop
      vertex 37.6405 -33.492 5
      vertex 37.3252 -33.7259 2.5
      vertex 37.6405 -33.492 2.5
    endloop
  endfacet
  facet normal 0.0491626 -0.998791 0
    outer loop
      vertex 35.1029 -34.4 2.5
      vertex 35.495 -34.3807 5
      vertex 35.1029 -34.4 5
    endloop
  endfacet
  facet normal 0.0491626 -0.998791 0
    outer loop
      vertex 35.495 -34.3807 5
      vertex 35.1029 -34.4 2.5
      vertex 35.495 -34.3807 2.5
    endloop
  endfacet
  facet normal 0.691564 0.149462 -0.706682
    outer loop
      vertex 45.3586 15.4443 0
      vertex 45.3275 15.5882 0
      vertex 47.7423 16.2353 2.5
    endloop
  endfacet
  facet normal 0.983833 -0.179087 0
    outer loop
      vertex 47.7741 -16.1083 5
      vertex 47.8444 -15.7221 2.5
      vertex 47.8444 -15.7221 5
    endloop
  endfacet
  facet normal 0.983833 -0.179087 0
    outer loop
      vertex 47.8444 -15.7221 2.5
      vertex 47.7741 -16.1083 5
      vertex 47.7741 -16.1083 2.5
    endloop
  endfacet
  facet normal -0.99665 0.0817804 0
    outer loop
      vertex -47.8765 15.3309 2.5
      vertex -47.8444 15.7221 5
      vertex -47.8444 15.7221 2.5
    endloop
  endfacet
  facet normal -0.99665 0.0817804 0
    outer loop
      vertex -47.8444 15.7221 5
      vertex -47.8765 15.3309 2.5
      vertex -47.8765 15.3309 5
    endloop
  endfacet
  facet normal -0.983833 0.179087 0
    outer loop
      vertex -47.8444 15.7221 2.5
      vertex -47.7741 16.1083 5
      vertex -47.7741 16.1083 2.5
    endloop
  endfacet
  facet normal -0.983833 0.179087 0
    outer loop
      vertex -47.7741 16.1083 5
      vertex -47.8444 15.7221 2.5
      vertex -47.8444 15.7221 5
    endloop
  endfacet
  facet normal -0.623808 -0.333382 -0.706909
    outer loop
      vertex -47.3427 -17.2 2.5
      vertex -47.4661 -16.9691 2.5
      vertex -45.1777 -15.95 0
    endloop
  endfacet
  facet normal 0.629445 -0.323138 -0.706669
    outer loop
      vertex 47.3427 -17.2 2.5
      vertex 45.1777 -15.95 0
      vertex 45.2449 -15.8191 0
    endloop
  endfacet
  facet normal 0.554228 0.439825 -0.706672
    outer loop
      vertex 36.3222 31.2737 0
      vertex 36.2307 31.389 0
      vertex 38.1102 33.0374 2.5
    endloop
  endfacet
  facet normal 0.10382 -0.699882 -0.706673
    outer loop
      vertex 35.495 -34.3807 2.5
      vertex 35.2499 -31.8928 0
      vertex 35.8833 -34.3231 2.5
    endloop
  endfacet
  facet normal 0.0807721 0.70291 -0.706678
    outer loop
      vertex 35.3472 31.88 0
      vertex 35.201 31.8968 0
      vertex 35.7545 34.3466 2.5
    endloop
  endfacet
  facet normal -0.569197 -0.822201 0
    outer loop
      vertex -37.5379 -33.5734 2.5
      vertex -37.2152 -33.7968 5
      vertex -37.5379 -33.5734 5
    endloop
  endfacet
  facet normal -0.569197 -0.822201 -0
    outer loop
      vertex -37.2152 -33.7968 5
      vertex -37.5379 -33.5734 2.5
      vertex -37.2152 -33.7968 2.5
    endloop
  endfacet
  facet normal 0.866026 0.499999 0
    outer loop
      vertex 47.3427 17.2 5
      vertex 38.567 32.4 2.5
      vertex 38.567 32.4 5
    endloop
  endfacet
  facet normal 0.866026 0.499999 0
    outer loop
      vertex 38.567 32.4 2.5
      vertex 47.3427 17.2 5
      vertex 47.3427 17.2 2.5
    endloop
  endfacet
  facet normal -0.803137 0.595794 0
    outer loop
      vertex -38.4288 32.6223 2.5
      vertex -38.1949 32.9376 5
      vertex -38.1949 32.9376 2.5
    endloop
  endfacet
  facet normal -0.803137 0.595794 0
    outer loop
      vertex -38.1949 32.9376 5
      vertex -38.4288 32.6223 2.5
      vertex -38.4288 32.6223 5
    endloop
  endfacet
  facet normal -0.624036 -0.332915 -0.706927
    outer loop
      vertex -45.1777 -15.95 0
      vertex -47.4661 -16.9691 2.5
      vertex -45.2239 -15.8634 0
    endloop
  endfacet
  facet normal 0.889483 -0.456968 0
    outer loop
      vertex 47.3427 -17.2 5
      vertex 47.5221 -16.8508 2.5
      vertex 47.5221 -16.8508 5
    endloop
  endfacet
  facet normal 0.889483 -0.456968 0
    outer loop
      vertex 47.5221 -16.8508 2.5
      vertex 47.3427 -17.2 5
      vertex 47.3427 -17.2 2.5
    endloop
  endfacet
  facet normal 0.629339 -0.32332 -0.70668
    outer loop
      vertex 47.3427 -17.2 2.5
      vertex 45.2449 -15.8191 0
      vertex 47.5221 -16.8508 2.5
    endloop
  endfacet
  facet normal -0.363955 0.606752 -0.706675
    outer loop
      vertex -35.9362 31.6472 0
      vertex -36.9885 33.9277 2.5
      vertex -35.81 31.7229 0
    endloop
  endfacet
  facet normal -0.363727 0.606872 -0.706689
    outer loop
      vertex -35.9362 31.6472 0
      vertex -37.3252 33.7259 2.5
      vertex -36.9885 33.9277 2.5
    endloop
  endfacet
  facet normal -0.0491626 0.998791 0
    outer loop
      vertex -35.1029 34.4 2.5
      vertex -35.495 34.3807 5
      vertex -35.1029 34.4 5
    endloop
  endfacet
  facet normal -0.0491626 0.998791 0
    outer loop
      vertex -35.495 34.3807 5
      vertex -35.1029 34.4 2.5
      vertex -35.495 34.3807 2.5
    endloop
  endfacet
  facet normal 0.485708 0.874121 -0
    outer loop
      vertex 37.2152 33.7968 2.5
      vertex 36.872 33.9875 5
      vertex 37.2152 33.7968 5
    endloop
  endfacet
  facet normal 0.485708 0.874121 0
    outer loop
      vertex 36.872 33.9875 5
      vertex 37.2152 33.7968 2.5
      vertex 36.872 33.9875 2.5
    endloop
  endfacet
  facet normal -0.216481 -0.673596 -0.706685
    outer loop
      vertex -36.1382 -34.2637 2.5
      vertex -36.5119 -34.1436 2.5
      vertex -35.6313 -31.8038 0
    endloop
  endfacet
  facet normal -0.402723 -0.581731 -0.706684
    outer loop
      vertex -37.2152 -33.7968 2.5
      vertex -37.5379 -33.5734 2.5
      vertex -36.016 -31.59 0
    endloop
  endfacet
  facet normal 0.881951 0.471341 0
    outer loop
      vertex 47.4661 16.9691 5
      vertex 47.3427 17.2 2.5
      vertex 47.3427 17.2 5
    endloop
  endfacet
  facet normal 0.881951 0.471341 0
    outer loop
      vertex 47.3427 17.2 2.5
      vertex 47.4661 16.9691 5
      vertex 47.4661 16.9691 2.5
    endloop
  endfacet
  facet normal 0.623808 0.333382 -0.706909
    outer loop
      vertex 47.4661 16.9691 2.5
      vertex 45.1777 15.95 0
      vertex 47.3427 17.2 2.5
    endloop
  endfacet
  facet normal 0.707432 0.0115352 -0.706687
    outer loop
      vertex 47.8765 15.0691 2.5
      vertex 45.3754 15.2981 0
      vertex 47.8701 15.4616 2.5
    endloop
  endfacet
  facet normal 0.930084 -0.367346 0
    outer loop
      vertex 47.5221 -16.8508 5
      vertex 47.6663 -16.4857 2.5
      vertex 47.6663 -16.4857 5
    endloop
  endfacet
  facet normal 0.930084 -0.367346 0
    outer loop
      vertex 47.6663 -16.4857 2.5
      vertex 47.5221 -16.8508 5
      vertex 47.5221 -16.8508 2.5
    endloop
  endfacet
  facet normal -0.305968 -0.952042 0
    outer loop
      vertex -36.5119 -34.1436 2.5
      vertex -36.1382 -34.2637 5
      vertex -36.5119 -34.1436 5
    endloop
  endfacet
  facet normal -0.305968 -0.952042 -0
    outer loop
      vertex -36.1382 -34.2637 5
      vertex -36.5119 -34.1436 2.5
      vertex -36.1382 -34.2637 2.5
    endloop
  endfacet
  facet normal -0.397729 -0.917503 0
    outer loop
      vertex -36.872 -33.9875 2.5
      vertex -36.5119 -34.1436 5
      vertex -36.872 -33.9875 5
    endloop
  endfacet
  facet normal -0.397729 -0.917503 -0
    outer loop
      vertex -36.5119 -34.1436 5
      vertex -36.872 -33.9875 2.5
      vertex -36.5119 -34.1436 2.5
    endloop
  endfacet
  facet normal 0.718729 0.69529 0
    outer loop
      vertex 38.1102 33.0374 5
      vertex 37.8373 33.3195 2.5
      vertex 37.8373 33.3195 5
    endloop
  endfacet
  facet normal 0.718729 0.69529 0
    outer loop
      vertex 37.8373 33.3195 2.5
      vertex 38.1102 33.0374 5
      vertex 38.1102 33.0374 2.5
    endloop
  endfacet
  facet normal 0.421364 -0.568385 -0.706675
    outer loop
      vertex 37.6405 -33.492 2.5
      vertex 35.9362 -31.6472 0
      vertex 36.0545 -31.5595 0
    endloop
  endfacet
  facet normal -0.568247 0.421544 -0.706679
    outer loop
      vertex -36.3501 31.2334 0
      vertex -38.4288 32.6223 2.5
      vertex -38.1949 32.9376 2.5
    endloop
  endfacet
  facet normal -0.149418 -0.691576 -0.70668
    outer loop
      vertex -35.7545 -34.3466 2.5
      vertex -36.1382 -34.2637 2.5
      vertex -35.3472 -31.88 0
    endloop
  endfacet
  facet normal -0.554228 -0.439825 -0.706672
    outer loop
      vertex -36.2307 -31.389 0
      vertex -38.1102 -33.0374 2.5
      vertex -36.3222 -31.2737 0
    endloop
  endfacet
  facet normal -0.281321 -0.649202 -0.706679
    outer loop
      vertex -35.6313 -31.8038 0
      vertex -36.872 -33.9875 2.5
      vertex -35.7663 -31.7453 0
    endloop
  endfacet
  facet normal 0 -0.707107 -0.707107
    outer loop
      vertex 31 -34.39 2.49
      vertex 35.1029 -34.4 2.5
      vertex 31 -34.4 2.5
    endloop
  endfacet
  facet normal -0 -0.707107 -0.707107
    outer loop
      vertex 35.1029 -31.9 0
      vertex 31 -34.39 2.49
      vertex 28.505 -31.9 0
    endloop
  endfacet
  facet normal 3.06143e-16 -0.707107 -0.707107
    outer loop
      vertex 31 -34.39 2.49
      vertex 35.1029 -31.9 0
      vertex 35.1029 -34.4 2.5
    endloop
  endfacet
  facet normal 0 -0.707107 -0.707107
    outer loop
      vertex -35.1029 -34.4 2.5
      vertex -31 -34.39 2.49
      vertex -31 -34.4 2.5
    endloop
  endfacet
  facet normal -3.06143e-16 -0.707107 -0.707107
    outer loop
      vertex -35.1029 -31.9 0
      vertex -31 -34.39 2.49
      vertex -35.1029 -34.4 2.5
    endloop
  endfacet
  facet normal 0 -0.707107 -0.707107
    outer loop
      vertex -31 -34.39 2.49
      vertex -35.1029 -31.9 0
      vertex -28.505 -31.9 0
    endloop
  endfacet
  facet normal 0.242835 -0.970068 0
    outer loop
      vertex 35.8833 -34.3231 2.5
      vertex 36.264 -34.2278 5
      vertex 35.8833 -34.3231 5
    endloop
  endfacet
  facet normal 0.242835 -0.970068 0
    outer loop
      vertex 36.264 -34.2278 5
      vertex 35.8833 -34.3231 2.5
      vertex 36.264 -34.2278 2.5
    endloop
  endfacet
  facet normal -0.080745 -0.702914 -0.706677
    outer loop
      vertex -35.3645 -34.3914 2.5
      vertex -35.7545 -34.3466 2.5
      vertex -35.201 -31.8968 0
    endloop
  endfacet
  facet normal 0.114121 0.993467 -0
    outer loop
      vertex 35.7545 34.3466 2.5
      vertex 35.3645 34.3914 5
      vertex 35.7545 34.3466 5
    endloop
  endfacet
  facet normal 0.114121 0.993467 0
    outer loop
      vertex 35.3645 34.3914 5
      vertex 35.7545 34.3466 2.5
      vertex 35.3645 34.3914 2.5
    endloop
  endfacet
  facet normal 0.961543 -0.274654 0
    outer loop
      vertex 47.6663 -16.4857 5
      vertex 47.7741 -16.1083 2.5
      vertex 47.7741 -16.1083 5
    endloop
  endfacet
  facet normal 0.961543 -0.274654 0
    outer loop
      vertex 47.7741 -16.1083 2.5
      vertex 47.6663 -16.4857 5
      vertex 47.6663 -16.4857 2.5
    endloop
  endfacet
  facet normal -0.952042 -0.305968 0
    outer loop
      vertex -47.6222 -16.609 2.5
      vertex -47.7423 -16.2353 5
      vertex -47.7423 -16.2353 2.5
    endloop
  endfacet
  facet normal -0.952042 -0.305968 0
    outer loop
      vertex -47.7423 -16.2353 5
      vertex -47.6222 -16.609 2.5
      vertex -47.6222 -16.609 5
    endloop
  endfacet
  facet normal -0.702884 -0.0809218 -0.706686
    outer loop
      vertex -47.8252 -15.8516 2.5
      vertex -47.8701 -15.4616 2.5
      vertex -45.3754 -15.2981 0
    endloop
  endfacet
  facet normal 0.475425 -0.523977 -0.706697
    outer loop
      vertex 37.9313 -33.2284 2.5
      vertex 36.0545 -31.5595 0
      vertex 36.1635 -31.4606 0
    endloop
  endfacet
  facet normal -0.930084 0.367346 0
    outer loop
      vertex -47.6663 16.4857 2.5
      vertex -47.5221 16.8508 5
      vertex -47.5221 16.8508 2.5
    endloop
  endfacet
  facet normal -0.930084 0.367346 0
    outer loop
      vertex -47.5221 16.8508 5
      vertex -47.6663 16.4857 2.5
      vertex -47.6663 16.4857 5
    endloop
  endfacet
  facet normal -0.658066 0.25991 -0.706679
    outer loop
      vertex -45.2449 15.8191 0
      vertex -47.6663 16.4857 2.5
      vertex -47.5221 16.8508 2.5
    endloop
  endfacet
  facet normal -0.568209 0.42159 -0.706682
    outer loop
      vertex -36.3501 31.2334 0
      vertex -38.1949 32.9376 2.5
      vertex -36.2624 31.3516 0
    endloop
  endfacet
  facet normal -0.0807721 -0.70291 -0.706678
    outer loop
      vertex -35.201 -31.8968 0
      vertex -35.7545 -34.3466 2.5
      vertex -35.3472 -31.88 0
    endloop
  endfacet
  facet normal 0.0328569 0.99946 -0
    outer loop
      vertex 35.3645 34.3914 2.5
      vertex 35.1029 34.4 5
      vertex 35.3645 34.3914 5
    endloop
  endfacet
  facet normal 0.0328569 0.99946 0
    outer loop
      vertex 35.1029 34.4 5
      vertex 35.3645 34.3914 2.5
      vertex 35.1029 34.4 2.5
    endloop
  endfacet
  facet normal 0.475185 -0.524218 -0.706678
    outer loop
      vertex 37.6405 -33.492 2.5
      vertex 36.0545 -31.5595 0
      vertex 37.9313 -33.2284 2.5
    endloop
  endfacet
  facet normal 0.305968 0.952042 -0
    outer loop
      vertex 36.5119 34.1436 2.5
      vertex 36.1382 34.2637 5
      vertex 36.5119 34.1436 5
    endloop
  endfacet
  facet normal 0.305968 0.952042 0
    outer loop
      vertex 36.1382 34.2637 5
      vertex 36.5119 34.1436 2.5
      vertex 36.1382 34.2637 2.5
    endloop
  endfacet
  facet normal -0.0230595 -0.706919 -0.706919
    outer loop
      vertex -35.1029 -34.4 2.5
      vertex -35.201 -31.8968 0
      vertex -35.1029 -31.9 0
    endloop
  endfacet
  facet normal 0.696092 -0.12671 -0.706683
    outer loop
      vertex 47.7741 -16.1083 2.5
      vertex 45.3394 -15.5406 0
      vertex 47.8444 -15.7221 2.5
    endloop
  endfacet
  facet normal 0.658066 -0.25991 -0.706679
    outer loop
      vertex 47.5221 -16.8508 2.5
      vertex 45.2449 -15.8191 0
      vertex 47.6663 -16.4857 2.5
    endloop
  endfacet
  facet normal 0.691576 0.149418 -0.70668
    outer loop
      vertex 47.8252 15.8516 2.5
      vertex 45.3586 15.4443 0
      vertex 47.7423 16.2353 2.5
    endloop
  endfacet
  facet normal 0.977447 0.211182 0
    outer loop
      vertex 47.8252 15.8516 5
      vertex 47.7423 16.2353 2.5
      vertex 47.7423 16.2353 5
    endloop
  endfacet
  facet normal 0.977447 0.211182 0
    outer loop
      vertex 47.7423 16.2353 2.5
      vertex 47.8252 15.8516 5
      vertex 47.8252 15.8516 2.5
    endloop
  endfacet
  facet normal 0.783224 0.62174 0
    outer loop
      vertex 38.3543 32.7299 5
      vertex 38.1102 33.0374 2.5
      vertex 38.1102 33.0374 5
    endloop
  endfacet
  facet normal 0.783224 0.62174 0
    outer loop
      vertex 38.1102 33.0374 2.5
      vertex 38.3543 32.7299 5
      vertex 38.3543 32.7299 2.5
    endloop
  endfacet
  facet normal -0.0232397 -0.706919 -0.706912
    outer loop
      vertex -35.1029 -34.4 2.5
      vertex -35.3645 -34.3914 2.5
      vertex -35.201 -31.8968 0
    endloop
  endfacet
  facet normal -0.0328569 -0.99946 0
    outer loop
      vertex -35.3645 -34.3914 2.5
      vertex -35.1029 -34.4 5
      vertex -35.3645 -34.3914 5
    endloop
  endfacet
  facet normal -0.0328569 -0.99946 -0
    outer loop
      vertex -35.1029 -34.4 5
      vertex -35.3645 -34.3914 2.5
      vertex -35.1029 -34.4 2.5
    endloop
  endfacet
  facet normal 0.60084 -0.373184 -0.706912
    outer loop
      vertex 38.4288 -32.6223 2.5
      vertex 36.3501 -31.2334 0
      vertex 36.4019 -31.15 0
    endloop
  endfacet
  facet normal 0.42744 -0.904044 0
    outer loop
      vertex 36.6336 -34.0955 2.5
      vertex 36.9885 -33.9277 5
      vertex 36.6336 -34.0955 5
    endloop
  endfacet
  facet normal 0.42744 -0.904044 0
    outer loop
      vertex 36.9885 -33.9277 5
      vertex 36.6336 -34.0955 2.5
      vertex 36.9885 -33.9277 2.5
    endloop
  endfacet
  facet normal -0.594777 -0.383215 -0.706673
    outer loop
      vertex -36.3222 -31.2737 0
      vertex -38.3543 -32.7299 2.5
      vertex -36.4019 -31.15 0
    endloop
  endfacet
  facet normal -0.343654 -0.618469 -0.706681
    outer loop
      vertex -36.872 -33.9875 2.5
      vertex -37.2152 -33.7968 2.5
      vertex -35.895 -31.6738 0
    endloop
  endfacet
  facet normal 0.524218 -0.475185 -0.706678
    outer loop
      vertex 37.9313 -33.2284 2.5
      vertex 36.2624 -31.3516 0
      vertex 38.1949 -32.9376 2.5
    endloop
  endfacet
  facet normal -0.646775 -0.76268 0
    outer loop
      vertex -37.8373 -33.3195 2.5
      vertex -37.5379 -33.5734 5
      vertex -37.8373 -33.3195 5
    endloop
  endfacet
  facet normal -0.646775 -0.76268 -0
    outer loop
      vertex -37.5379 -33.5734 5
      vertex -37.8373 -33.3195 2.5
      vertex -37.5379 -33.5734 2.5
    endloop
  endfacet
  facet normal 0.0230595 0.706919 -0.706919
    outer loop
      vertex 35.201 31.8968 0
      vertex 35.1029 31.9 0
      vertex 35.1029 34.4 2.5
    endloop
  endfacet
  facet normal -0.211182 -0.977447 0
    outer loop
      vertex -36.1382 -34.2637 2.5
      vertex -35.7545 -34.3466 5
      vertex -36.1382 -34.2637 5
    endloop
  endfacet
  facet normal -0.211182 -0.977447 -0
    outer loop
      vertex -35.7545 -34.3466 5
      vertex -36.1382 -34.2637 2.5
      vertex -35.7545 -34.3466 2.5
    endloop
  endfacet
  facet normal -0.691564 -0.149462 -0.706682
    outer loop
      vertex -45.3275 -15.5882 0
      vertex -47.7423 -16.2353 2.5
      vertex -45.3586 -15.4443 0
    endloop
  endfacet
  facet normal -0.485708 -0.874121 0
    outer loop
      vertex -37.2152 -33.7968 2.5
      vertex -36.872 -33.9875 5
      vertex -37.2152 -33.7968 5
    endloop
  endfacet
  facet normal -0.485708 -0.874121 -0
    outer loop
      vertex -36.872 -33.9875 5
      vertex -37.2152 -33.7968 2.5
      vertex -36.872 -33.9875 2.5
    endloop
  endfacet
  facet normal -0.649172 -0.28141 -0.706671
    outer loop
      vertex -47.4661 -16.9691 2.5
      vertex -47.6222 -16.609 2.5
      vertex -45.2825 -15.7284 0
    endloop
  endfacet
  facet normal -0.999867 -0.0163036 0
    outer loop
      vertex -47.8701 -15.4616 2.5
      vertex -47.8765 -15.0691 5
      vertex -47.8765 -15.0691 2.5
    endloop
  endfacet
  facet normal -0.999867 -0.0163036 0
    outer loop
      vertex -47.8765 -15.0691 5
      vertex -47.8701 -15.4616 2.5
      vertex -47.8701 -15.4616 5
    endloop
  endfacet
  facet normal 0.740908 -0.671607 0
    outer loop
      vertex 37.9313 -33.2284 5
      vertex 38.1949 -32.9376 2.5
      vertex 38.1949 -32.9376 5
    endloop
  endfacet
  facet normal 0.740908 -0.671607 0
    outer loop
      vertex 38.1949 -32.9376 2.5
      vertex 37.9313 -33.2284 5
      vertex 37.9313 -33.2284 2.5
    endloop
  endfacet
  facet normal -0.881951 -0.471341 0
    outer loop
      vertex -47.3427 -17.2 2.5
      vertex -47.4661 -16.9691 5
      vertex -47.4661 -16.9691 2.5
    endloop
  endfacet
  facet normal -0.881951 -0.471341 0
    outer loop
      vertex -47.4661 -16.9691 5
      vertex -47.3427 -17.2 2.5
      vertex -47.3427 -17.2 5
    endloop
  endfacet
  facet normal 0.917503 0.397729 0
    outer loop
      vertex 47.6222 16.609 5
      vertex 47.4661 16.9691 2.5
      vertex 47.4661 16.9691 5
    endloop
  endfacet
  facet normal 0.917503 0.397729 0
    outer loop
      vertex 47.4661 16.9691 2.5
      vertex 47.6222 16.609 5
      vertex 47.6222 16.609 2.5
    endloop
  endfacet
  facet normal 0.702884 0.0809218 -0.706686
    outer loop
      vertex 47.8701 15.4616 2.5
      vertex 45.3754 15.2981 0
      vertex 47.8252 15.8516 2.5
    endloop
  endfacet
  facet normal 0.70291 0.0807721 -0.706678
    outer loop
      vertex 45.3754 15.2981 0
      vertex 45.3586 15.4443 0
      vertex 47.8252 15.8516 2.5
    endloop
  endfacet
  facet normal 0.658024 -0.260037 -0.706672
    outer loop
      vertex 47.6663 -16.4857 2.5
      vertex 45.2449 -15.8191 0
      vertex 45.299 -15.6822 0
    endloop
  endfacet
  facet normal 0.363727 -0.606872 -0.706689
    outer loop
      vertex 36.9885 -33.9277 2.5
      vertex 35.9362 -31.6472 0
      vertex 37.3252 -33.7259 2.5
    endloop
  endfacet
  facet normal 0.238448 -0.66614 -0.706683
    outer loop
      vertex 36.264 -34.2278 2.5
      vertex 35.6769 -31.7858 0
      vertex 36.6336 -34.0955 2.5
    endloop
  endfacet
  facet normal 0.337014 -0.9415 0
    outer loop
      vertex 36.264 -34.2278 2.5
      vertex 36.6336 -34.0955 5
      vertex 36.264 -34.2278 5
    endloop
  endfacet
  facet normal 0.337014 -0.9415 0
    outer loop
      vertex 36.6336 -34.0955 5
      vertex 36.264 -34.2278 2.5
      vertex 36.6336 -34.0955 2.5
    endloop
  endfacet
  facet normal 0.568209 -0.42159 -0.706682
    outer loop
      vertex 38.1949 -32.9376 2.5
      vertex 36.2624 -31.3516 0
      vertex 36.3501 -31.2334 0
    endloop
  endfacet
  facet normal 0.568247 -0.421544 -0.706679
    outer loop
      vertex 38.1949 -32.9376 2.5
      vertex 36.3501 -31.2334 0
      vertex 38.4288 -32.6223 2.5
    endloop
  endfacet
  facet normal 0.363955 -0.606752 -0.706675
    outer loop
      vertex 36.9885 -33.9277 2.5
      vertex 35.81 -31.7229 0
      vertex 35.9362 -31.6472 0
    endloop
  endfacet
  facet normal -0.554159 -0.439903 -0.706677
    outer loop
      vertex -38.1102 -33.0374 2.5
      vertex -38.3543 -32.7299 2.5
      vertex -36.3222 -31.2737 0
    endloop
  endfacet
  facet normal 0.302309 -0.639703 -0.706675
    outer loop
      vertex 36.9885 -33.9277 2.5
      vertex 35.6769 -31.7858 0
      vertex 35.81 -31.7229 0
    endloop
  endfacet
  facet normal 0.680323 -0.194327 -0.706681
    outer loop
      vertex 47.6663 -16.4857 2.5
      vertex 45.3394 -15.5406 0
      vertex 47.7741 -16.1083 2.5
    endloop
  endfacet
  facet normal 0.680393 -0.194123 -0.706669
    outer loop
      vertex 45.3394 -15.5406 0
      vertex 47.6663 -16.4857 2.5
      vertex 45.299 -15.6822 0
    endloop
  endfacet
  facet normal 0 0 -1
    outer loop
      vertex -28.505 -30.4 0
      vertex -35.1029 -30.4 0
      vertex -28.505 -25.4 0
    endloop
  endfacet
  facet normal 0 0 -1
    outer loop
      vertex 28.505 -25.4 0
      vertex 43.8786 -15.2 0
      vertex 35.1029 -30.4 0
    endloop
  endfacet
  facet normal -0 0 -1
    outer loop
      vertex 43.8786 -15.2 0
      vertex 28.505 -25.4 0
      vertex 35.1029 0 0
    endloop
  endfacet
  facet normal 0 0 -1
    outer loop
      vertex 28.505 -25.4 0
      vertex 35.1029 -30.4 0
      vertex 28.505 -30.4 0
    endloop
  endfacet
  facet normal 0 0 -1
    outer loop
      vertex 8.77572 -15.2 0
      vertex 35.1029 0 0
      vertex 28.505 -25.4 0
    endloop
  endfacet
  facet normal 0 0 -1
    outer loop
      vertex 35.1029 0 0
      vertex 8.77572 15.2 0
      vertex 35.1029 30.4 0
    endloop
  endfacet
  facet normal 0 0 -1
    outer loop
      vertex 8.77572 -15.2 0
      vertex 28.505 -25.4 0
      vertex 14.6647 -25.4 0
    endloop
  endfacet
  facet normal -0 0 -1
    outer loop
      vertex 35.1029 0 0
      vertex 8.77572 -15.2 0
      vertex 8.77572 15.2 0
    endloop
  endfacet
  facet normal -0 0 -1
    outer loop
      vertex 35.1029 30.4 0
      vertex 8.77572 15.2 0
      vertex 17.5514 30.4 0
    endloop
  endfacet
  facet normal 0 0 -1
    outer loop
      vertex -8.77572 -15.2 0
      vertex 8.77572 15.2 0
      vertex 8.77572 -15.2 0
    endloop
  endfacet
  facet normal 0 0 -1
    outer loop
      vertex -8.77572 -15.2 0
      vertex -8.77572 15.2 0
      vertex 8.77572 15.2 0
    endloop
  endfacet
  facet normal 0 0 -1
    outer loop
      vertex -28.505 -25.4 0
      vertex -8.77572 -15.2 0
      vertex -14.6647 -25.4 0
    endloop
  endfacet
  facet normal 0 0 -1
    outer loop
      vertex -8.77572 -15.2 0
      vertex -35.1029 0 0
      vertex -8.77572 15.2 0
    endloop
  endfacet
  facet normal -0 0 -1
    outer loop
      vertex -8.77572 -15.2 0
      vertex -28.505 -25.4 0
      vertex -35.1029 0 0
    endloop
  endfacet
  facet normal 0 0 -1
    outer loop
      vertex -43.8786 -15.2 0
      vertex -28.505 -25.4 0
      vertex -35.1029 -30.4 0
    endloop
  endfacet
  facet normal -0 0 -1
    outer loop
      vertex -8.77572 15.2 0
      vertex -35.1029 0 0
      vertex -17.5514 30.4 0
    endloop
  endfacet
  facet normal 0 0 -1
    outer loop
      vertex -35.1029 0 0
      vertex -35.1029 30.4 0
      vertex -17.5514 30.4 0
    endloop
  endfacet
  facet normal 0 -0 -1
    outer loop
      vertex -35.1029 30.4 0
      vertex -35.1029 0 0
      vertex -43.8786 15.2 0
    endloop
  endfacet
  facet normal -0 0 -1
    outer loop
      vertex 43.8786 15.2 0
      vertex 35.1029 0 0
      vertex 35.1029 30.4 0
    endloop
  endfacet
  facet normal 0 0 -1
    outer loop
      vertex -28.505 -25.4 0
      vertex -43.8786 -15.2 0
      vertex -35.1029 0 0
    endloop
  endfacet
  facet normal 0 0 -1
    outer loop
      vertex 45.3754 -15.1019 0
      vertex 45.3778 15.1509 0
      vertex 45.3778 -15.2491 0
    endloop
  endfacet
  facet normal 0 0 -1
    outer loop
      vertex 45.3754 -15.1019 0
      vertex 45.3658 15.0042 0
      vertex 45.3778 15.1509 0
    endloop
  endfacet
  facet normal 0 0 -1
    outer loop
      vertex 45.3586 -14.9557 0
      vertex 45.3658 15.0042 0
      vertex 45.3754 -15.1019 0
    endloop
  endfacet
  facet normal 0 0 -1
    outer loop
      vertex 45.3586 -14.9557 0
      vertex 45.3394 14.8594 0
      vertex 45.3658 15.0042 0
    endloop
  endfacet
  facet normal 0 0 -1
    outer loop
      vertex 45.3275 -14.8118 0
      vertex 45.3394 14.8594 0
      vertex 45.3586 -14.9557 0
    endloop
  endfacet
  facet normal 0 0 -1
    outer loop
      vertex 45.3275 -14.8118 0
      vertex 45.299 14.7178 0
      vertex 45.3394 14.8594 0
    endloop
  endfacet
  facet normal 0 0 -1
    outer loop
      vertex 45.2825 -14.6716 0
      vertex 45.299 14.7178 0
      vertex 45.3275 -14.8118 0
    endloop
  endfacet
  facet normal 0 0 -1
    outer loop
      vertex 45.2825 -14.6716 0
      vertex 45.2449 14.5809 0
      vertex 45.299 14.7178 0
    endloop
  endfacet
  facet normal 0 0 -1
    outer loop
      vertex 45.2239 -14.5366 0
      vertex 45.2449 14.5809 0
      vertex 45.2825 -14.6716 0
    endloop
  endfacet
  facet normal 0 0 -1
    outer loop
      vertex 45.1777 14.45 0
      vertex 45.2239 -14.5366 0
      vertex 45.1777 -14.45 0
    endloop
  endfacet
  facet normal 0 0 -1
    outer loop
      vertex 45.2239 -14.5366 0
      vertex 45.1777 14.45 0
      vertex 45.2449 14.5809 0
    endloop
  endfacet
  facet normal 0 -0 -1
    outer loop
      vertex 45.1777 14.45 0
      vertex 45.1777 -14.45 0
      vertex 36.8349 0 0
    endloop
  endfacet
  facet normal 0 0 -1
    outer loop
      vertex -45.1777 -14.45 0
      vertex -45.1777 14.45 0
      vertex -36.8349 0 0
    endloop
  endfacet
  facet normal 0 0 -1
    outer loop
      vertex -45.1777 -14.45 0
      vertex -45.2239 14.5366 0
      vertex -45.1777 14.45 0
    endloop
  endfacet
  facet normal 0 0 -1
    outer loop
      vertex -45.2449 -14.5809 0
      vertex -45.2239 14.5366 0
      vertex -45.1777 -14.45 0
    endloop
  endfacet
  facet normal 0 0 -1
    outer loop
      vertex -45.2449 -14.5809 0
      vertex -45.2825 14.6716 0
      vertex -45.2239 14.5366 0
    endloop
  endfacet
  facet normal 0 0 -1
    outer loop
      vertex -45.299 -14.7178 0
      vertex -45.2825 14.6716 0
      vertex -45.2449 -14.5809 0
    endloop
  endfacet
  facet normal 0 0 -1
    outer loop
      vertex -45.299 -14.7178 0
      vertex -45.3275 14.8118 0
      vertex -45.2825 14.6716 0
    endloop
  endfacet
  facet normal 0 0 -1
    outer loop
      vertex -45.3394 -14.8594 0
      vertex -45.3275 14.8118 0
      vertex -45.299 -14.7178 0
    endloop
  endfacet
  facet normal 0 0 -1
    outer loop
      vertex -45.3394 -14.8594 0
      vertex -45.3586 14.9557 0
      vertex -45.3275 14.8118 0
    endloop
  endfacet
  facet normal 0 0 -1
    outer loop
      vertex -45.3658 -15.0042 0
      vertex -45.3586 14.9557 0
      vertex -45.3394 -14.8594 0
    endloop
  endfacet
  facet normal 0 0 -1
    outer loop
      vertex -45.3658 -15.0042 0
      vertex -45.3754 15.1019 0
      vertex -45.3586 14.9557 0
    endloop
  endfacet
  facet normal 0 0 -1
    outer loop
      vertex -45.3778 -15.1509 0
      vertex -45.3754 15.1019 0
      vertex -45.3658 -15.0042 0
    endloop
  endfacet
  facet normal -0 0 -1
    outer loop
      vertex -45.3754 15.1019 0
      vertex -45.3778 -15.1509 0
      vertex -45.3778 15.2491 0
    endloop
  endfacet
  facet normal 0 0 -1
    outer loop
      vertex 7.90968 16.7 0
      vertex -6 22.4 0
      vertex 6 22.4 0
    endloop
  endfacet
  facet normal 0 0 -1
    outer loop
      vertex -7.90968 16.7 0
      vertex -6 22.4 0
      vertex 7.90968 16.7 0
    endloop
  endfacet
  facet normal 0 0 -1
    outer loop
      vertex -16.2524 31.15 0
      vertex -6 22.4 0
      vertex -7.90968 16.7 0
    endloop
  endfacet
  facet normal 0 0 -1
    outer loop
      vertex -6 22.4 0
      vertex -16.2524 31.15 0
      vertex -6 31.9 0
    endloop
  endfacet
  facet normal 0 0 -1
    outer loop
      vertex -16.3322 31.2737 0
      vertex -6 31.9 0
      vertex -16.2524 31.15 0
    endloop
  endfacet
  facet normal 0 0 -1
    outer loop
      vertex -16.4237 31.389 0
      vertex -6 31.9 0
      vertex -16.3322 31.2737 0
    endloop
  endfacet
  facet normal 0 0 -1
    outer loop
      vertex -16.526 31.4948 0
      vertex -6 31.9 0
      vertex -16.4237 31.389 0
    endloop
  endfacet
  facet normal 0 0 -1
    outer loop
      vertex -16.6383 31.59 0
      vertex -6 31.9 0
      vertex -16.526 31.4948 0
    endloop
  endfacet
  facet normal 0 0 -1
    outer loop
      vertex -16.7593 31.6738 0
      vertex -6 31.9 0
      vertex -16.6383 31.59 0
    endloop
  endfacet
  facet normal 0 0 -1
    outer loop
      vertex -16.888 31.7453 0
      vertex -6 31.9 0
      vertex -16.7593 31.6738 0
    endloop
  endfacet
  facet normal 0 0 -1
    outer loop
      vertex -17.0231 31.8038 0
      vertex -6 31.9 0
      vertex -16.888 31.7453 0
    endloop
  endfacet
  facet normal 0 0 -1
    outer loop
      vertex -17.1632 31.8489 0
      vertex -6 31.9 0
      vertex -17.0231 31.8038 0
    endloop
  endfacet
  facet normal 0 0 -1
    outer loop
      vertex -17.3071 31.88 0
      vertex -6 31.9 0
      vertex -17.1632 31.8489 0
    endloop
  endfacet
  facet normal 0 0 -1
    outer loop
      vertex -17.4533 31.8968 0
      vertex -6 31.9 0
      vertex -17.3071 31.88 0
    endloop
  endfacet
  facet normal -0 0 -1
    outer loop
      vertex -6 31.9 0
      vertex -17.4533 31.8968 0
      vertex -17.5514 31.9 0
    endloop
  endfacet
  facet normal 0 0 -1
    outer loop
      vertex 6 22.4 0
      vertex 16.2524 31.15 0
      vertex 7.90968 16.7 0
    endloop
  endfacet
  facet normal 0 0 -1
    outer loop
      vertex 6 31.9 0
      vertex 16.2524 31.15 0
      vertex 6 22.4 0
    endloop
  endfacet
  facet normal 0 0 -1
    outer loop
      vertex 16.2524 31.15 0
      vertex 6 31.9 0
      vertex 16.3042 31.2334 0
    endloop
  endfacet
  facet normal 0 0 -1
    outer loop
      vertex 16.3042 31.2334 0
      vertex 6 31.9 0
      vertex 16.3919 31.3516 0
    endloop
  endfacet
  facet normal 0 0 -1
    outer loop
      vertex 16.3919 31.3516 0
      vertex 6 31.9 0
      vertex 16.4908 31.4606 0
    endloop
  endfacet
  facet normal 0 0 -1
    outer loop
      vertex 17.4044 31.8928 0
      vertex 6 31.9 0
      vertex 17.5514 31.9 0
    endloop
  endfacet
  facet normal 0 0 -1
    outer loop
      vertex 17.2588 31.8712 0
      vertex 6 31.9 0
      vertex 17.4044 31.8928 0
    endloop
  endfacet
  facet normal 0 0 -1
    outer loop
      vertex 17.116 31.8354 0
      vertex 6 31.9 0
      vertex 17.2588 31.8712 0
    endloop
  endfacet
  facet normal 0 0 -1
    outer loop
      vertex 16.9774 31.7858 0
      vertex 6 31.9 0
      vertex 17.116 31.8354 0
    endloop
  endfacet
  facet normal 0 0 -1
    outer loop
      vertex 16.8443 31.7229 0
      vertex 6 31.9 0
      vertex 16.9774 31.7858 0
    endloop
  endfacet
  facet normal 0 0 -1
    outer loop
      vertex 16.7181 31.6472 0
      vertex 6 31.9 0
      vertex 16.8443 31.7229 0
    endloop
  endfacet
  facet normal 0 0 -1
    outer loop
      vertex 16.5999 31.5595 0
      vertex 6 31.9 0
      vertex 16.7181 31.6472 0
    endloop
  endfacet
  facet normal 0 0 -1
    outer loop
      vertex 16.4908 31.4606 0
      vertex 6 31.9 0
      vertex 16.5999 31.5595 0
    endloop
  endfacet
  facet normal 0 0 -1
    outer loop
      vertex 12.9326 -25.4 0
      vertex -7.90968 -16.7 0
      vertex 7.90968 -16.7 0
    endloop
  endfacet
  facet normal 0 -0 -1
    outer loop
      vertex -7.90968 -16.7 0
      vertex 12.9326 -25.4 0
      vertex -12.9326 -25.4 0
    endloop
  endfacet
  facet normal 0.803137 -0.595794 0
    outer loop
      vertex 38.1949 -32.9376 5
      vertex 38.4288 -32.6223 2.5
      vertex 38.4288 -32.6223 5
    endloop
  endfacet
  facet normal 0.803137 -0.595794 0
    outer loop
      vertex 38.4288 -32.6223 2.5
      vertex 38.1949 -32.9376 5
      vertex 38.1949 -32.9376 2.5
    endloop
  endfacet
  facet normal -0.612367 -0.353549 0.707114
    outer loop
      vertex -34.641 0.799999 105
      vertex -43.8786 15.2 104.2
      vertex -35.1029 0 104.2
    endloop
  endfacet
  facet normal -0.866026 0.499999 0
    outer loop
      vertex -43.8786 15.2 5
      vertex -35.1029 30.4 104.2
      vertex -35.1029 30.4 5
    endloop
  endfacet
  facet normal -0.866026 0.499999 0
    outer loop
      vertex -35.1029 30.4 104.2
      vertex -43.8786 15.2 5
      vertex -43.8786 15.2 104.2
    endloop
  endfacet
  facet normal -0.866026 0.499999 0
    outer loop
      vertex -43.8786 15.2 0
      vertex -35.1029 30.4 2.99
      vertex -35.1029 30.4 0
    endloop
  endfacet
  facet normal -0.866026 0.499999 0
    outer loop
      vertex -35.1029 30.4 2.99
      vertex -43.8786 15.2 0
      vertex -43.8786 15.2 2.99
    endloop
  endfacet
  facet normal -0.612367 0.353549 0.707114
    outer loop
      vertex -35.1029 30.4 104.2
      vertex -43.8786 15.2 104.2
      vertex -34.641 29.6 105
    endloop
  endfacet
  facet normal 0.866026 -0.499998 0
    outer loop
      vertex -17.5514 0 104.2
      vertex -8.77572 15.2 61.2
      vertex -8.77572 15.2 104.2
    endloop
  endfacet
  facet normal 0.866026 -0.499998 0
    outer loop
      vertex -8.77572 15.2 61.2
      vertex -17.5514 0 104.2
      vertex -17.5514 0 61.2
    endloop
  endfacet
  facet normal 0.612367 -0.353549 0.707114
    outer loop
      vertex -8.77572 15.2 104.2
      vertex -18.0133 0.799999 105
      vertex -17.5514 0 104.2
    endloop
  endfacet
  facet normal -0.612392 -0.353567 0.707083
    outer loop
      vertex -42.9549 15.2 105
      vertex -43.8786 15.2 104.2
      vertex -34.641 0.799999 105
    endloop
  endfacet
  facet normal -0.866026 -0.499999 -0
    outer loop
      vertex -35.1029 0 41.2
      vertex -43.8786 15.2 5
      vertex -35.1029 0 5
    endloop
  endfacet
  facet normal -0.866026 -0.499999 0
    outer loop
      vertex -43.8786 15.2 5
      vertex -35.1029 0 41.2
      vertex -43.8786 15.2 104.2
    endloop
  endfacet
  facet normal -0.866026 -0.499999 0
    outer loop
      vertex -43.8786 15.2 104.2
      vertex -35.1029 0 41.2
      vertex -35.1029 0 104.2
    endloop
  endfacet
  facet normal -0.866026 -0.499999 0
    outer loop
      vertex -35.1029 0 0
      vertex -43.8786 15.2 2.99
      vertex -43.8786 15.2 0
    endloop
  endfacet
  facet normal -0.866026 -0.499999 0
    outer loop
      vertex -43.8786 15.2 2.99
      vertex -35.1029 0 0
      vertex -35.1029 0 2.99
    endloop
  endfacet
  facet normal 0.866026 0.499998 0
    outer loop
      vertex -8.77572 15.2 2.99
      vertex -17.5514 30.4 0
      vertex -17.5514 30.4 2.99
    endloop
  endfacet
  facet normal 0.866026 0.499998 0
    outer loop
      vertex -17.5514 30.4 0
      vertex -8.77572 15.2 2.99
      vertex -8.77572 15.2 0
    endloop
  endfacet
  facet normal 0.866072 0.49992 0
    outer loop
      vertex -17.2001 29.7914 21
      vertex -17.5514 30.4 18.99
      vertex -17.5514 30.4 21
    endloop
  endfacet
  facet normal 0.866056 0.499948 1.13763e-05
    outer loop
      vertex -17.2001 29.7914 21
      vertex -17.1557 29.7146 16
      vertex -17.5514 30.4 18.99
    endloop
  endfacet
  facet normal 0.866049 0.499959 -2.03285e-05
    outer loop
      vertex -17.5514 30.4 22.59
      vertex -8.77572 15.2 61.2
      vertex -17.2001 29.7914 21
    endloop
  endfacet
  facet normal 0.866034 0.499985 0
    outer loop
      vertex -17.1557 29.7146 52
      vertex -17.5514 30.4 22.59
      vertex -17.5514 30.4 52
    endloop
  endfacet
  facet normal 0.866026 0.499999 4.34635e-07
    outer loop
      vertex -8.77572 15.2 61.2
      vertex -17.5514 30.4 22.59
      vertex -17.1557 29.7146 52
    endloop
  endfacet
  facet normal 0.866072 0.49992 0
    outer loop
      vertex -17.2001 29.7914 57
      vertex -17.5514 30.4 54.99
      vertex -17.5514 30.4 57
    endloop
  endfacet
  facet normal 0.866056 0.499948 1.13763e-05
    outer loop
      vertex -17.5514 30.4 54.99
      vertex -17.2001 29.7914 57
      vertex -17.1557 29.7146 52
    endloop
  endfacet
  facet normal 0 0 0
    outer loop
      vertex -17.5514 30.4 104.2
      vertex -17.5514 30.4 58.59
      vertex -17.5514 30.4 5
    endloop
  endfacet
  facet normal 0.866026 0.499998 0
    outer loop
      vertex -8.77572 15.2 61.2
      vertex -17.5514 30.4 58.59
      vertex -17.5514 30.4 104.2
    endloop
  endfacet
  facet normal 0.866029 0.499993 -3.76199e-05
    outer loop
      vertex -17.5514 30.4 58.59
      vertex -8.77572 15.2 61.2
      vertex -17.2001 29.7914 57
    endloop
  endfacet
  facet normal 0.866023 0.500004 1.02318e-05
    outer loop
      vertex -17.2001 29.7914 57
      vertex -8.77572 15.2 61.2
      vertex -17.1557 29.7146 52
    endloop
  endfacet
  facet normal 0.866026 0.499998 -0
    outer loop
      vertex -8.77572 15.2 61.2
      vertex -17.5514 30.4 104.2
      vertex -8.77572 15.2 104.2
    endloop
  endfacet
  facet normal 0 -0 0
    outer loop
      vertex -17.5514 30.4 57
      vertex -17.5514 30.4 5
      vertex -17.5514 30.4 58.59
    endloop
  endfacet
  facet normal 0 -0 0
    outer loop
      vertex -17.5514 30.4 54.99
      vertex -17.5514 30.4 5
      vertex -17.5514 30.4 57
    endloop
  endfacet
  facet normal 0 -0 0
    outer loop
      vertex -17.5514 30.4 52
      vertex -17.5514 30.4 5
      vertex -17.5514 30.4 54.99
    endloop
  endfacet
  facet normal 0 -0 0
    outer loop
      vertex -17.5514 30.4 22.59
      vertex -17.5514 30.4 5
      vertex -17.5514 30.4 52
    endloop
  endfacet
  facet normal 0 -0 0
    outer loop
      vertex -17.5514 30.4 21
      vertex -17.5514 30.4 5
      vertex -17.5514 30.4 22.59
    endloop
  endfacet
  facet normal 0 -0 0
    outer loop
      vertex -17.5514 30.4 18.99
      vertex -17.5514 30.4 5
      vertex -17.5514 30.4 21
    endloop
  endfacet
  facet normal 0 -0 0
    outer loop
      vertex -17.5514 30.4 16
      vertex -17.5514 30.4 5
      vertex -17.5514 30.4 18.99
    endloop
  endfacet
  facet normal 0.866034 0.499985 0
    outer loop
      vertex -17.1557 29.7146 16
      vertex -17.5514 30.4 5
      vertex -17.5514 30.4 16
    endloop
  endfacet
  facet normal 0.866025 0.500001 -0
    outer loop
      vertex -8.77572 15.2 5
      vertex -17.2001 29.7914 21
      vertex -8.77572 15.2 61.2
    endloop
  endfacet
  facet normal 0.86603 0.499993 1.04532e-05
    outer loop
      vertex -17.2001 29.7914 21
      vertex -8.77572 15.2 5
      vertex -17.1557 29.7146 16
    endloop
  endfacet
  facet normal 0.866026 0.499998 1.09327e-06
    outer loop
      vertex -17.1557 29.7146 16
      vertex -8.77572 15.2 5
      vertex -17.5514 30.4 5
    endloop
  endfacet
  facet normal 0 -0.707107 0.707106
    outer loop
      vertex -35.1029 0 104.2
      vertex -18.0133 0.799999 105
      vertex -34.641 0.799999 105
    endloop
  endfacet
  facet normal 0 -0.707107 0.707106
    outer loop
      vertex -18.0133 0.799999 105
      vertex -35.1029 0 104.2
      vertex -17.5514 0 104.2
    endloop
  endfacet
  facet normal 0 1 -0
    outer loop
      vertex -17.5514 30.4 0
      vertex -35.1029 30.4 2.99
      vertex -17.5514 30.4 2.99
    endloop
  endfacet
  facet normal 0 1 0
    outer loop
      vertex -35.1029 30.4 2.99
      vertex -17.5514 30.4 0
      vertex -35.1029 30.4 0
    endloop
  endfacet
  facet normal 0 1 -0
    outer loop
      vertex -17.5514 30.4 5
      vertex -35.1029 30.4 104.2
      vertex -17.5514 30.4 104.2
    endloop
  endfacet
  facet normal 0 1 0
    outer loop
      vertex -35.1029 30.4 104.2
      vertex -17.5514 30.4 5
      vertex -35.1029 30.4 5
    endloop
  endfacet
  facet normal 0 -1 0
    outer loop
      vertex -35.1029 0 104.2
      vertex -17.5514 0 61.2
      vertex -17.5514 0 104.2
    endloop
  endfacet
  facet normal 0 -1 0
    outer loop
      vertex -35.1029 0 104.2
      vertex -35.1029 0 58.59
      vertex -17.5514 0 61.2
    endloop
  endfacet
  facet normal 0 0 0
    outer loop
      vertex -35.1029 0 104.2
      vertex -35.1029 0 57
      vertex -35.1029 0 58.59
    endloop
  endfacet
  facet normal 0 -1 0
    outer loop
      vertex -35.1029 0 57
      vertex -35.1029 0 54.99
      vertex -33.6974 0 57
    endloop
  endfacet
  facet normal 0 0 0
    outer loop
      vertex -35.1029 0 104.2
      vertex -35.1029 0 54.99
      vertex -35.1029 0 57
    endloop
  endfacet
  facet normal 0 0 0
    outer loop
      vertex -35.1029 0 104.2
      vertex -35.1029 0 52
      vertex -35.1029 0 54.99
    endloop
  endfacet
  facet normal 0 -1 0
    outer loop
      vertex -35.1029 0 52
      vertex -35.1029 0 41.2
      vertex -33.5201 0 52
    endloop
  endfacet
  facet normal 0 0 0
    outer loop
      vertex -35.1029 0 41.2
      vertex -35.1029 0 52
      vertex -35.1029 0 104.2
    endloop
  endfacet
  facet normal 0 -1 0
    outer loop
      vertex -33.6974 0 57
      vertex -17.5514 0 61.2
      vertex -35.1029 0 58.59
    endloop
  endfacet
  facet normal 0 -1 0
    outer loop
      vertex -33.5201 0 52
      vertex -33.6974 0 57
      vertex -35.1029 0 54.99
    endloop
  endfacet
  facet normal 0 -1 0
    outer loop
      vertex -33.6974 0 57
      vertex -33.5201 0 52
      vertex -17.5514 0 61.2
    endloop
  endfacet
  facet normal 0 -1 0
    outer loop
      vertex -17.5514 0 41.2
      vertex -33.5201 0 52
      vertex -35.1029 0 41.2
    endloop
  endfacet
  facet normal 0 -1 0
    outer loop
      vertex -33.5201 0 52
      vertex -17.5514 0 41.2
      vertex -17.5514 0 61.2
    endloop
  endfacet
  facet normal 0 0 1
    outer loop
      vertex -18.0133 29.6 105
      vertex -10.8542 15.2 105
      vertex -9.69948 15.2 105
    endloop
  endfacet
  facet normal 0 0 1
    outer loop
      vertex -18.0133 29.6 105
      vertex -18.5907 28.6 105
      vertex -10.8542 15.2 105
    endloop
  endfacet
  facet normal 0 0 1
    outer loop
      vertex -18.0133 29.6 105
      vertex -34.0637 28.6 105
      vertex -18.5907 28.6 105
    endloop
  endfacet
  facet normal -0 0 1
    outer loop
      vertex -34.641 29.6 105
      vertex -34.0637 28.6 105
      vertex -18.0133 29.6 105
    endloop
  endfacet
  facet normal 0 0 1
    outer loop
      vertex -34.641 29.6 105
      vertex -41.8002 15.2 105
      vertex -34.0637 28.6 105
    endloop
  endfacet
  facet normal 0 -0 1
    outer loop
      vertex -41.8002 15.2 105
      vertex -34.641 29.6 105
      vertex -42.9549 15.2 105
    endloop
  endfacet
  facet normal -0 0 1
    outer loop
      vertex -10.8542 15.2 105
      vertex -18.0133 0.799999 105
      vertex -9.69948 15.2 105
    endloop
  endfacet
  facet normal -0 0 1
    outer loop
      vertex -18.5907 1.8 105
      vertex -18.0133 0.799999 105
      vertex -10.8542 15.2 105
    endloop
  endfacet
  facet normal -0 0 1
    outer loop
      vertex -34.0637 1.8 105
      vertex -18.0133 0.799999 105
      vertex -18.5907 1.8 105
    endloop
  endfacet
  facet normal 0 0 1
    outer loop
      vertex -34.0637 1.8 105
      vertex -34.641 0.799999 105
      vertex -18.0133 0.799999 105
    endloop
  endfacet
  facet normal 0 0 1
    outer loop
      vertex -41.8002 15.2 105
      vertex -34.641 0.799999 105
      vertex -34.0637 1.8 105
    endloop
  endfacet
  facet normal 0 0 1
    outer loop
      vertex -34.641 0.799999 105
      vertex -41.8002 15.2 105
      vertex -42.9549 15.2 105
    endloop
  endfacet
  facet normal -0.612392 0.353567 0.707083
    outer loop
      vertex -34.641 29.6 105
      vertex -43.8786 15.2 104.2
      vertex -42.9549 15.2 105
    endloop
  endfacet
  facet normal 0.612373 0.353553 0.707107
    outer loop
      vertex -8.77572 15.2 104.2
      vertex -18.0133 29.6 105
      vertex -9.69948 15.2 105
    endloop
  endfacet
  facet normal 0.612373 -0.353553 0.707107
    outer loop
      vertex -9.69948 15.2 105
      vertex -18.0133 0.799999 105
      vertex -8.77572 15.2 104.2
    endloop
  endfacet
  facet normal 0.612367 0.353548 0.707114
    outer loop
      vertex -17.5514 30.4 104.2
      vertex -18.0133 29.6 105
      vertex -8.77572 15.2 104.2
    endloop
  endfacet
  facet normal 0 0.707107 0.707107
    outer loop
      vertex -17.5514 30.4 104.2
      vertex -34.641 29.6 105
      vertex -18.0133 29.6 105
    endloop
  endfacet
  facet normal 0 0.707107 0.707107
    outer loop
      vertex -34.641 29.6 105
      vertex -17.5514 30.4 104.2
      vertex -35.1029 30.4 104.2
    endloop
  endfacet
  facet normal -0.612367 -0.353549 0.707114
    outer loop
      vertex 18.0133 0.799999 88
      vertex 8.77572 15.2 87.2
      vertex 17.5514 0 87.2
    endloop
  endfacet
  facet normal -0.866072 0.49992 0
    outer loop
      vertex 17.5514 30.4 54.99
      vertex 17.2001 29.7914 57
      vertex 17.5514 30.4 57
    endloop
  endfacet
  facet normal -0.866056 0.499948 1.13763e-05
    outer loop
      vertex 17.2001 29.7914 57
      vertex 17.5514 30.4 54.99
      vertex 17.1557 29.7146 52
    endloop
  endfacet
  facet normal -0.866049 0.499959 -2.03285e-05
    outer loop
      vertex 8.77572 15.2 61.2
      vertex 17.5514 30.4 22.59
      vertex 17.2001 29.7914 21
    endloop
  endfacet
  facet normal -0.866034 0.499985 0
    outer loop
      vertex 17.5514 30.4 22.59
      vertex 17.1557 29.7146 52
      vertex 17.5514 30.4 52
    endloop
  endfacet
  facet normal -0.86603 0.499993 1.04532e-05
    outer loop
      vertex 8.77572 15.2 5
      vertex 17.2001 29.7914 21
      vertex 17.1557 29.7146 16
    endloop
  endfacet
  facet normal -0.866072 0.49992 0
    outer loop
      vertex 17.5514 30.4 18.99
      vertex 17.2001 29.7914 21
      vertex 17.5514 30.4 21
    endloop
  endfacet
  facet normal -0.866056 0.499948 1.13763e-05
    outer loop
      vertex 17.2001 29.7914 21
      vertex 17.5514 30.4 18.99
      vertex 17.1557 29.7146 16
    endloop
  endfacet
  facet normal 0 0 0
    outer loop
      vertex 17.5514 30.4 5
      vertex 17.5514 30.4 16
      vertex 17.5514 30.4 87.2
    endloop
  endfacet
  facet normal -0.866034 0.499985 0
    outer loop
      vertex 17.5514 30.4 5
      vertex 17.1557 29.7146 16
      vertex 17.5514 30.4 16
    endloop
  endfacet
  facet normal -0.866025 0.500001 0
    outer loop
      vertex 17.2001 29.7914 21
      vertex 8.77572 15.2 5
      vertex 8.77572 15.2 61.2
    endloop
  endfacet
  facet normal -0.866026 0.499998 1.09327e-06
    outer loop
      vertex 8.77572 15.2 5
      vertex 17.1557 29.7146 16
      vertex 17.5514 30.4 5
    endloop
  endfacet
  facet normal -0 0 0
    outer loop
      vertex 17.5514 30.4 18.99
      vertex 17.5514 30.4 87.2
      vertex 17.5514 30.4 16
    endloop
  endfacet
  facet normal -0 0 0
    outer loop
      vertex 17.5514 30.4 21
      vertex 17.5514 30.4 87.2
      vertex 17.5514 30.4 18.99
    endloop
  endfacet
  facet normal -0 0 0
    outer loop
      vertex 17.5514 30.4 22.59
      vertex 17.5514 30.4 87.2
      vertex 17.5514 30.4 21
    endloop
  endfacet
  facet normal -0 0 0
    outer loop
      vertex 17.5514 30.4 52
      vertex 17.5514 30.4 87.2
      vertex 17.5514 30.4 22.59
    endloop
  endfacet
  facet normal -0 0 0
    outer loop
      vertex 17.5514 30.4 54.99
      vertex 17.5514 30.4 87.2
      vertex 17.5514 30.4 52
    endloop
  endfacet
  facet normal -0 0 0
    outer loop
      vertex 17.5514 30.4 57
      vertex 17.5514 30.4 87.2
      vertex 17.5514 30.4 54.99
    endloop
  endfacet
  facet normal -0 0 0
    outer loop
      vertex 17.5514 30.4 58.59
      vertex 17.5514 30.4 87.2
      vertex 17.5514 30.4 57
    endloop
  endfacet
  facet normal -0.866029 0.499993 -3.76199e-05
    outer loop
      vertex 8.77572 15.2 61.2
      vertex 17.5514 30.4 58.59
      vertex 17.2001 29.7914 57
    endloop
  endfacet
  facet normal -0.866026 0.499999 4.34635e-07
    outer loop
      vertex 17.5514 30.4 22.59
      vertex 8.77572 15.2 61.2
      vertex 17.1557 29.7146 52
    endloop
  endfacet
  facet normal -0.866023 0.500004 1.02318e-05
    outer loop
      vertex 17.1557 29.7146 52
      vertex 8.77572 15.2 61.2
      vertex 17.2001 29.7914 57
    endloop
  endfacet
  facet normal -0.866026 0.499998 0
    outer loop
      vertex 17.5514 30.4 58.59
      vertex 8.77572 15.2 61.2
      vertex 17.5514 30.4 87.2
    endloop
  endfacet
  facet normal -0.866026 0.499998 0
    outer loop
      vertex 17.5514 30.4 87.2
      vertex 8.77572 15.2 61.2
      vertex 8.77572 15.2 87.2
    endloop
  endfacet
  facet normal -0.866026 0.499998 0
    outer loop
      vertex 8.77572 15.2 0
      vertex 17.5514 30.4 2.99
      vertex 17.5514 30.4 0
    endloop
  endfacet
  facet normal -0.866026 0.499998 0
    outer loop
      vertex 17.5514 30.4 2.99
      vertex 8.77572 15.2 0
      vertex 8.77572 15.2 2.99
    endloop
  endfacet
  facet normal -0.612367 0.353548 0.707114
    outer loop
      vertex 17.5514 30.4 87.2
      vertex 8.77572 15.2 87.2
      vertex 18.0133 29.6 88
    endloop
  endfacet
  facet normal 0.866026 -0.499999 0
    outer loop
      vertex 35.1029 0 2.99
      vertex 43.8786 15.2 0
      vertex 43.8786 15.2 2.99
    endloop
  endfacet
  facet normal 0.866026 -0.499999 0
    outer loop
      vertex 43.8786 15.2 0
      vertex 35.1029 0 2.99
      vertex 35.1029 0 0
    endloop
  endfacet
  facet normal 0.866026 -0.499999 0
    outer loop
      vertex 35.1029 0 29.2
      vertex 43.8786 15.2 87.2
      vertex 35.1029 0 87.2
    endloop
  endfacet
  facet normal 0.866026 -0.499999 0
    outer loop
      vertex 43.8786 15.2 87.2
      vertex 35.1029 0 29.2
      vertex 43.8786 15.2 5
    endloop
  endfacet
  facet normal 0.866026 -0.499999 0
    outer loop
      vertex 43.8786 15.2 5
      vertex 35.1029 0 29.2
      vertex 35.1029 0 5
    endloop
  endfacet
  facet normal 0.612367 -0.353549 0.707114
    outer loop
      vertex 43.8786 15.2 87.2
      vertex 34.641 0.799999 88
      vertex 35.1029 0 87.2
    endloop
  endfacet
  facet normal -0.612373 -0.353553 0.707107
    outer loop
      vertex 9.69948 15.2 88
      vertex 8.77572 15.2 87.2
      vertex 18.0133 0.799999 88
    endloop
  endfacet
  facet normal -0.866026 -0.499998 0
    outer loop
      vertex 17.5514 0 61.2
      vertex 8.77572 15.2 87.2
      vertex 8.77572 15.2 61.2
    endloop
  endfacet
  facet normal -0.866026 -0.499998 0
    outer loop
      vertex 8.77572 15.2 87.2
      vertex 17.5514 0 61.2
      vertex 17.5514 0 87.2
    endloop
  endfacet
  facet normal 0 0.707107 0.707107
    outer loop
      vertex 35.1029 30.4 87.2
      vertex 18.0133 29.6 88
      vertex 34.641 29.6 88
    endloop
  endfacet
  facet normal 0 0.707107 0.707107
    outer loop
      vertex 18.0133 29.6 88
      vertex 35.1029 30.4 87.2
      vertex 17.5514 30.4 87.2
    endloop
  endfacet
  facet normal 0.866026 0.499999 0
    outer loop
      vertex 43.8786 15.2 2.99
      vertex 35.1029 30.4 0
      vertex 35.1029 30.4 2.99
    endloop
  endfacet
  facet normal 0.866026 0.499999 0
    outer loop
      vertex 35.1029 30.4 0
      vertex 43.8786 15.2 2.99
      vertex 43.8786 15.2 0
    endloop
  endfacet
  facet normal 0.866026 0.499999 0
    outer loop
      vertex 43.8786 15.2 87.2
      vertex 35.1029 30.4 5
      vertex 35.1029 30.4 87.2
    endloop
  endfacet
  facet normal 0.866026 0.499999 0
    outer loop
      vertex 35.1029 30.4 5
      vertex 43.8786 15.2 87.2
      vertex 43.8786 15.2 5
    endloop
  endfacet
  facet normal 0 -0.707107 0.707106
    outer loop
      vertex 17.5514 0 87.2
      vertex 34.641 0.799999 88
      vertex 18.0133 0.799999 88
    endloop
  endfacet
  facet normal 0 -0.707107 0.707106
    outer loop
      vertex 34.641 0.799999 88
      vertex 17.5514 0 87.2
      vertex 35.1029 0 87.2
    endloop
  endfacet
  facet normal 0 1 -0
    outer loop
      vertex 35.1029 30.4 0
      vertex 17.5514 30.4 2.99
      vertex 35.1029 30.4 2.99
    endloop
  endfacet
  facet normal 0 1 0
    outer loop
      vertex 17.5514 30.4 2.99
      vertex 35.1029 30.4 0
      vertex 17.5514 30.4 0
    endloop
  endfacet
  facet normal 0 1 -0
    outer loop
      vertex 35.1029 30.4 5
      vertex 17.5514 30.4 87.2
      vertex 35.1029 30.4 87.2
    endloop
  endfacet
  facet normal 0 1 0
    outer loop
      vertex 17.5514 30.4 87.2
      vertex 35.1029 30.4 5
      vertex 17.5514 30.4 5
    endloop
  endfacet
  facet normal 0 -1 0
    outer loop
      vertex 17.5514 0 61.2
      vertex 33.6974 0 57
      vertex 35.1029 0 58.59
    endloop
  endfacet
  facet normal 0 -1 0
    outer loop
      vertex 33.6974 0 57
      vertex 35.1029 0 54.99
      vertex 35.1029 0 57
    endloop
  endfacet
  facet normal 0 -1 0
    outer loop
      vertex 33.5201 0 52
      vertex 33.6974 0 57
      vertex 17.5514 0 61.2
    endloop
  endfacet
  facet normal 0 -1 -0
    outer loop
      vertex 33.6974 0 57
      vertex 33.5201 0 52
      vertex 35.1029 0 54.99
    endloop
  endfacet
  facet normal 0 -1 0
    outer loop
      vertex 35.1029 0 29.2
      vertex 33.5201 0 52
      vertex 17.5514 0 29.2
    endloop
  endfacet
  facet normal 0 -1 0
    outer loop
      vertex 17.5514 0 29.2
      vertex 33.5201 0 52
      vertex 17.5514 0 61.2
    endloop
  endfacet
  facet normal 0 -1 0
    outer loop
      vertex 17.5514 0 61.2
      vertex 35.1029 0 87.2
      vertex 17.5514 0 87.2
    endloop
  endfacet
  facet normal 0 -1 0
    outer loop
      vertex 35.1029 0 58.59
      vertex 35.1029 0 87.2
      vertex 17.5514 0 61.2
    endloop
  endfacet
  facet normal 0 0 0
    outer loop
      vertex 35.1029 0 57
      vertex 35.1029 0 87.2
      vertex 35.1029 0 58.59
    endloop
  endfacet
  facet normal 0 0 0
    outer loop
      vertex 35.1029 0 54.99
      vertex 35.1029 0 87.2
      vertex 35.1029 0 57
    endloop
  endfacet
  facet normal 0 0 0
    outer loop
      vertex 35.1029 0 52
      vertex 35.1029 0 87.2
      vertex 35.1029 0 54.99
    endloop
  endfacet
  facet normal 0 -0 0
    outer loop
      vertex 35.1029 0 52
      vertex 35.1029 0 29.2
      vertex 35.1029 0 87.2
    endloop
  endfacet
  facet normal 0 -1 0
    outer loop
      vertex 33.5201 0 52
      vertex 35.1029 0 29.2
      vertex 35.1029 0 52
    endloop
  endfacet
  facet normal 0 0 1
    outer loop
      vertex 34.641 29.6 88
      vertex 41.8002 15.2 88
      vertex 42.9549 15.2 88
    endloop
  endfacet
  facet normal 0 0 1
    outer loop
      vertex 34.641 29.6 88
      vertex 34.0637 28.6 88
      vertex 41.8002 15.2 88
    endloop
  endfacet
  facet normal 0 0 1
    outer loop
      vertex 34.641 29.6 88
      vertex 18.5907 28.6 88
      vertex 34.0637 28.6 88
    endloop
  endfacet
  facet normal -0 0 1
    outer loop
      vertex 18.0133 29.6 88
      vertex 18.5907 28.6 88
      vertex 34.641 29.6 88
    endloop
  endfacet
  facet normal 0 0 1
    outer loop
      vertex 18.0133 29.6 88
      vertex 10.8542 15.2 88
      vertex 18.5907 28.6 88
    endloop
  endfacet
  facet normal 0 -0 1
    outer loop
      vertex 10.8542 15.2 88
      vertex 18.0133 29.6 88
      vertex 9.69948 15.2 88
    endloop
  endfacet
  facet normal -0 0 1
    outer loop
      vertex 41.8002 15.2 88
      vertex 34.641 0.799999 88
      vertex 42.9549 15.2 88
    endloop
  endfacet
  facet normal -0 0 1
    outer loop
      vertex 34.0637 1.8 88
      vertex 34.641 0.799999 88
      vertex 41.8002 15.2 88
    endloop
  endfacet
  facet normal -0 0 1
    outer loop
      vertex 18.5907 1.8 88
      vertex 34.641 0.799999 88
      vertex 34.0637 1.8 88
    endloop
  endfacet
  facet normal 0 0 1
    outer loop
      vertex 18.5907 1.8 88
      vertex 18.0133 0.799999 88
      vertex 34.641 0.799999 88
    endloop
  endfacet
  facet normal 0 0 1
    outer loop
      vertex 10.8542 15.2 88
      vertex 18.0133 0.799999 88
      vertex 18.5907 1.8 88
    endloop
  endfacet
  facet normal 0 0 1
    outer loop
      vertex 18.0133 0.799999 88
      vertex 10.8542 15.2 88
      vertex 9.69948 15.2 88
    endloop
  endfacet
  facet normal -0.612373 0.353553 0.707107
    outer loop
      vertex 18.0133 29.6 88
      vertex 8.77572 15.2 87.2
      vertex 9.69948 15.2 88
    endloop
  endfacet
  facet normal 0.612392 0.353567 0.707083
    outer loop
      vertex 43.8786 15.2 87.2
      vertex 34.641 29.6 88
      vertex 42.9549 15.2 88
    endloop
  endfacet
  facet normal 0.612392 -0.353567 0.707083
    outer loop
      vertex 42.9549 15.2 88
      vertex 34.641 0.799999 88
      vertex 43.8786 15.2 87.2
    endloop
  endfacet
  facet normal 0.612367 0.353549 0.707114
    outer loop
      vertex 35.1029 30.4 87.2
      vertex 34.641 29.6 88
      vertex 43.8786 15.2 87.2
    endloop
  endfacet
  facet normal -0.612374 -0.353552 0.707106
    outer loop
      vertex -8.31384 -14.4 62
      vertex -17.5514 0 61.2
      vertex -8.77572 -15.2 61.2
    endloop
  endfacet
  facet normal -0.612374 0.353552 0.707106
    outer loop
      vertex -8.77572 15.2 61.2
      vertex -17.5514 0 61.2
      vertex -8.31384 14.4 62
    endloop
  endfacet
  facet normal 0.866026 -0.499998 0
    outer loop
      vertex 8.77572 -15.2 61.2
      vertex 17.5514 0 29.2
      vertex 17.5514 0 61.2
    endloop
  endfacet
  facet normal 0.866026 -0.499998 0
    outer loop
      vertex 17.5514 0 29.2
      vertex 8.77572 -15.2 61.2
      vertex 8.77572 -15.2 29.2
    endloop
  endfacet
  facet normal 0.612374 -0.353552 0.707106
    outer loop
      vertex 17.5514 0 61.2
      vertex 8.31384 -14.4 62
      vertex 8.77572 -15.2 61.2
    endloop
  endfacet
  facet normal -0.612392 -0.353566 0.707083
    outer loop
      vertex -16.6277 0 62
      vertex -17.5514 0 61.2
      vertex -8.31384 -14.4 62
    endloop
  endfacet
  facet normal -0.866026 -0.499998 0
    outer loop
      vertex -8.77572 -15.2 41.2
      vertex -17.5514 0 61.2
      vertex -17.5514 0 41.2
    endloop
  endfacet
  facet normal -0.866026 -0.499998 0
    outer loop
      vertex -17.5514 0 61.2
      vertex -8.77572 -15.2 41.2
      vertex -8.77572 -15.2 61.2
    endloop
  endfacet
  facet normal 0 0.707107 0.707107
    outer loop
      vertex 8.77572 15.2 61.2
      vertex -8.31384 14.4 62
      vertex 8.31384 14.4 62
    endloop
  endfacet
  facet normal 0 0.707107 0.707107
    outer loop
      vertex -8.31384 14.4 62
      vertex 8.77572 15.2 61.2
      vertex -8.77572 15.2 61.2
    endloop
  endfacet
  facet normal 0 -0.707107 0.707107
    outer loop
      vertex -8.31384 -14.4 62
      vertex 8.77572 -15.2 61.2
      vertex 8.31384 -14.4 62
    endloop
  endfacet
  facet normal 0 -0.707107 0.707107
    outer loop
      vertex 8.77572 -15.2 61.2
      vertex -8.31384 -14.4 62
      vertex -8.77572 -15.2 61.2
    endloop
  endfacet
  facet normal 0 1 -0
    outer loop
      vertex 8.77572 15.2 0
      vertex -8.77572 15.2 2.99
      vertex 8.77572 15.2 2.99
    endloop
  endfacet
  facet normal 0 1 0
    outer loop
      vertex -8.77572 15.2 2.99
      vertex 8.77572 15.2 0
      vertex -8.77572 15.2 0
    endloop
  endfacet
  facet normal 0 1 -0
    outer loop
      vertex 8.77572 15.2 5
      vertex -8.77572 15.2 61.2
      vertex 8.77572 15.2 61.2
    endloop
  endfacet
  facet normal 0 1 0
    outer loop
      vertex -8.77572 15.2 61.2
      vertex 8.77572 15.2 5
      vertex -8.77572 15.2 5
    endloop
  endfacet
  facet normal 0 -1 0
    outer loop
      vertex -8.77572 -15.2 41.2
      vertex 8.77572 -15.2 61.2
      vertex -8.77572 -15.2 61.2
    endloop
  endfacet
  facet normal 0 -1 0
    outer loop
      vertex -8.77572 -15.2 41.2
      vertex 8.77572 -15.2 29.2
      vertex 8.77572 -15.2 61.2
    endloop
  endfacet
  facet normal 0 -1 0
    outer loop
      vertex -8.77572 -15.2 5
      vertex 8.77572 -15.2 29.2
      vertex -8.77572 -15.2 41.2
    endloop
  endfacet
  facet normal 0 -1 -0
    outer loop
      vertex 8.77572 -15.2 29.2
      vertex -8.77572 -15.2 5
      vertex 8.77572 -15.2 5
    endloop
  endfacet
  facet normal 0 -1 0
    outer loop
      vertex -8.77572 -15.2 0
      vertex 8.77572 -15.2 2.99
      vertex -8.77572 -15.2 2.99
    endloop
  endfacet
  facet normal 0 -1 -0
    outer loop
      vertex 8.77572 -15.2 2.99
      vertex -8.77572 -15.2 0
      vertex 8.77572 -15.2 0
    endloop
  endfacet
  facet normal 0 0 1
    outer loop
      vertex 8.31384 14.4 62
      vertex 15.473 0 62
      vertex 16.6277 0 62
    endloop
  endfacet
  facet normal 0 0 1
    outer loop
      vertex 8.31384 14.4 62
      vertex 7.73649 13.4 62
      vertex 15.473 0 62
    endloop
  endfacet
  facet normal 0 0 1
    outer loop
      vertex 8.31384 14.4 62
      vertex -7.73649 13.4 62
      vertex 7.73649 13.4 62
    endloop
  endfacet
  facet normal -0 0 1
    outer loop
      vertex -8.31384 14.4 62
      vertex -7.73649 13.4 62
      vertex 8.31384 14.4 62
    endloop
  endfacet
  facet normal 0 0 1
    outer loop
      vertex -8.31384 14.4 62
      vertex -15.473 0 62
      vertex -7.73649 13.4 62
    endloop
  endfacet
  facet normal 0 -0 1
    outer loop
      vertex -15.473 0 62
      vertex -8.31384 14.4 62
      vertex -16.6277 0 62
    endloop
  endfacet
  facet normal -0 0 1
    outer loop
      vertex 15.473 0 62
      vertex 8.31384 -14.4 62
      vertex 16.6277 0 62
    endloop
  endfacet
  facet normal -0 0 1
    outer loop
      vertex 7.73649 -13.4 62
      vertex 8.31384 -14.4 62
      vertex 15.473 0 62
    endloop
  endfacet
  facet normal -0 0 1
    outer loop
      vertex -7.73649 -13.4 62
      vertex 8.31384 -14.4 62
      vertex 7.73649 -13.4 62
    endloop
  endfacet
  facet normal 0 0 1
    outer loop
      vertex -7.73649 -13.4 62
      vertex -8.31384 -14.4 62
      vertex 8.31384 -14.4 62
    endloop
  endfacet
  facet normal 0 0 1
    outer loop
      vertex -15.473 0 62
      vertex -8.31384 -14.4 62
      vertex -7.73649 -13.4 62
    endloop
  endfacet
  facet normal 0 0 1
    outer loop
      vertex -8.31384 -14.4 62
      vertex -15.473 0 62
      vertex -16.6277 0 62
    endloop
  endfacet
  facet normal -0.612392 0.353566 0.707083
    outer loop
      vertex -8.31384 14.4 62
      vertex -17.5514 0 61.2
      vertex -16.6277 0 62
    endloop
  endfacet
  facet normal 0.612392 0.353566 0.707083
    outer loop
      vertex 17.5514 0 61.2
      vertex 8.31384 14.4 62
      vertex 16.6277 0 62
    endloop
  endfacet
  facet normal 0.612392 -0.353566 0.707083
    outer loop
      vertex 16.6277 0 62
      vertex 8.31384 -14.4 62
      vertex 17.5514 0 61.2
    endloop
  endfacet
  facet normal 0.612374 0.353552 0.707106
    outer loop
      vertex 8.77572 15.2 61.2
      vertex 8.31384 14.4 62
      vertex 17.5514 0 61.2
    endloop
  endfacet
  facet normal -0.612367 -0.353549 0.707114
    outer loop
      vertex -34.641 -29.6 42
      vertex -43.8786 -15.2 41.2
      vertex -35.1029 -30.4 41.2
    endloop
  endfacet
  facet normal -0.866026 0.499999 0
    outer loop
      vertex -43.8786 -15.2 5
      vertex -35.1029 0 41.2
      vertex -35.1029 0 5
    endloop
  endfacet
  facet normal -0.866026 0.499999 0
    outer loop
      vertex -35.1029 0 41.2
      vertex -43.8786 -15.2 5
      vertex -43.8786 -15.2 41.2
    endloop
  endfacet
  facet normal -0.866026 0.499999 0
    outer loop
      vertex -43.8786 -15.2 0
      vertex -35.1029 0 2.99
      vertex -35.1029 0 0
    endloop
  endfacet
  facet normal -0.866026 0.499999 0
    outer loop
      vertex -35.1029 0 2.99
      vertex -43.8786 -15.2 0
      vertex -43.8786 -15.2 2.99
    endloop
  endfacet
  facet normal -0.612367 0.353549 0.707114
    outer loop
      vertex -35.1029 0 41.2
      vertex -43.8786 -15.2 41.2
      vertex -34.641 -0.799999 42
    endloop
  endfacet
  facet normal 0.866025 -0.5 0
    outer loop
      vertex -14.6647 -25.4 2.99
      vertex -8.77572 -15.2 0
      vertex -8.77572 -15.2 2.99
    endloop
  endfacet
  facet normal 0.866025 -0.5 0
    outer loop
      vertex -8.77572 -15.2 0
      vertex -14.6647 -25.4 2.99
      vertex -14.6647 -25.4 0
    endloop
  endfacet
  facet normal 0.866025 -0.5 0
    outer loop
      vertex -8.77572 -15.2 41.2
      vertex -14.6647 -25.4 11.01
      vertex -8.77572 -15.2 5
    endloop
  endfacet
  facet normal 0.866024 -0.500002 7.87551e-07
    outer loop
      vertex -17.2001 -29.7914 21
      vertex -14.6647 -25.4 11.01
      vertex -8.77572 -15.2 41.2
    endloop
  endfacet
  facet normal 0.866034 -0.499985 1.06034e-05
    outer loop
      vertex -14.6647 -25.4 11.01
      vertex -17.2001 -29.7914 21
      vertex -17.1557 -29.7146 16
    endloop
  endfacet
  facet normal 0.866041 -0.499973 -2.72995e-05
    outer loop
      vertex -8.77572 -15.2 41.2
      vertex -17.5514 -30.4 22.59
      vertex -17.2001 -29.7914 21
    endloop
  endfacet
  facet normal 0 0 0
    outer loop
      vertex -17.5514 -30.4 22.59
      vertex -17.5514 -30.4 18.99
      vertex -17.5514 -30.4 21
    endloop
  endfacet
  facet normal 0 0 0
    outer loop
      vertex -17.5514 -30.4 22.59
      vertex -17.5514 -30.4 16
      vertex -17.5514 -30.4 18.99
    endloop
  endfacet
  facet normal -0 0 0
    outer loop
      vertex -17.5514 -30.4 22.59
      vertex -17.5514 -30.4 41.2
      vertex -17.5514 -30.4 16
    endloop
  endfacet
  facet normal 0.866026 -0.499998 0
    outer loop
      vertex -17.5514 -30.4 41.2
      vertex -17.5514 -30.4 22.59
      vertex -8.77572 -15.2 41.2
    endloop
  endfacet
  facet normal 0.866025 -0.5 0
    outer loop
      vertex -8.77572 -15.2 5
      vertex -14.6647 -25.4 11.01
      vertex -14.6647 -25.4 5
    endloop
  endfacet
  facet normal 0.866034 -0.499985 0
    outer loop
      vertex -17.5514 -30.4 11.01
      vertex -17.1557 -29.7146 16
      vertex -17.5514 -30.4 16
    endloop
  endfacet
  facet normal 0.866029 -0.499993 1.53351e-06
    outer loop
      vertex -17.1557 -29.7146 16
      vertex -17.5514 -30.4 11.01
      vertex -14.6647 -25.4 11.01
    endloop
  endfacet
  facet normal 0 0 0
    outer loop
      vertex -17.5514 -30.4 11.01
      vertex -17.5514 -30.4 16
      vertex -17.5514 -30.4 41.2
    endloop
  endfacet
  facet normal 0.866072 -0.49992 0
    outer loop
      vertex -17.5514 -30.4 18.99
      vertex -17.2001 -29.7914 21
      vertex -17.5514 -30.4 21
    endloop
  endfacet
  facet normal 0.866056 -0.499948 1.13763e-05
    outer loop
      vertex -17.2001 -29.7914 21
      vertex -17.5514 -30.4 18.99
      vertex -17.1557 -29.7146 16
    endloop
  endfacet
  facet normal 0.612367 -0.353548 0.707114
    outer loop
      vertex -8.77572 -15.2 41.2
      vertex -18.0133 -29.6 42
      vertex -17.5514 -30.4 41.2
    endloop
  endfacet
  facet normal -0.612392 -0.353567 0.707083
    outer loop
      vertex -42.9549 -15.2 42
      vertex -43.8786 -15.2 41.2
      vertex -34.641 -29.6 42
    endloop
  endfacet
  facet normal -0.866026 -0.499999 0
    outer loop
      vertex -35.1029 -30.4 5
      vertex -43.8786 -15.2 41.2
      vertex -43.8786 -15.2 5
    endloop
  endfacet
  facet normal -0.866026 -0.499999 0
    outer loop
      vertex -43.8786 -15.2 41.2
      vertex -35.1029 -30.4 5
      vertex -35.1029 -30.4 41.2
    endloop
  endfacet
  facet normal -0.866026 -0.499999 0
    outer loop
      vertex -35.1029 -30.4 0
      vertex -43.8786 -15.2 2.99
      vertex -43.8786 -15.2 0
    endloop
  endfacet
  facet normal -0.866026 -0.499999 0
    outer loop
      vertex -43.8786 -15.2 2.99
      vertex -35.1029 -30.4 0
      vertex -35.1029 -30.4 2.99
    endloop
  endfacet
  facet normal 0 0.707107 0.707106
    outer loop
      vertex -17.5514 0 41.2
      vertex -34.641 -0.799999 42
      vertex -18.0133 -0.799999 42
    endloop
  endfacet
  facet normal 0 0.707107 0.707106
    outer loop
      vertex -34.641 -0.799999 42
      vertex -17.5514 0 41.2
      vertex -35.1029 0 41.2
    endloop
  endfacet
  facet normal 0 -0.707107 0.707107
    outer loop
      vertex -34.641 -29.6 42
      vertex -17.5514 -30.4 41.2
      vertex -18.0133 -29.6 42
    endloop
  endfacet
  facet normal 0 -0.707107 0.707107
    outer loop
      vertex -17.5514 -30.4 41.2
      vertex -34.641 -29.6 42
      vertex -35.1029 -30.4 41.2
    endloop
  endfacet
  facet normal 0 -1 0
    outer loop
      vertex -35.1029 -30.4 41.2
      vertex -29.5 -30.4 11.01
      vertex -17.5514 -30.4 41.2
    endloop
  endfacet
  facet normal 0 -1 0
    outer loop
      vertex -35.1029 -30.4 5
      vertex -29.5 -30.4 11.01
      vertex -35.1029 -30.4 41.2
    endloop
  endfacet
  facet normal 0 -1 0
    outer loop
      vertex -29.5 -30.4 11.01
      vertex -35.1029 -30.4 5
      vertex -30.5606 -30.4 5
    endloop
  endfacet
  facet normal 0 -1 -0
    outer loop
      vertex -17.5514 -30.4 41.2
      vertex -29.5 -30.4 11.01
      vertex -17.5514 -30.4 11.01
    endloop
  endfacet
  facet normal 0 -1 0
    outer loop
      vertex -35.1029 -30.4 2.99
      vertex -31 -30.4 2.51
      vertex -30.9153 -30.4 2.99
    endloop
  endfacet
  facet normal 0 -1 0
    outer loop
      vertex -35.1029 -30.4 2.99
      vertex -31 -30.4 2.49
      vertex -31 -30.4 2.51
    endloop
  endfacet
  facet normal 0 -1 0
    outer loop
      vertex -35.1029 -30.4 0
      vertex -31 -30.4 2.49
      vertex -35.1029 -30.4 2.99
    endloop
  endfacet
  facet normal 0 -1 -0
    outer loop
      vertex -31 -30.4 2.49
      vertex -35.1029 -30.4 0
      vertex -28.505 -30.4 0
    endloop
  endfacet
  facet normal 0 0 1
    outer loop
      vertex -18.0133 -0.799999 42
      vertex -10.8542 -15.2 42
      vertex -9.69948 -15.2 42
    endloop
  endfacet
  facet normal 0 0 1
    outer loop
      vertex -18.0133 -0.799999 42
      vertex -18.5907 -1.8 42
      vertex -10.8542 -15.2 42
    endloop
  endfacet
  facet normal 0 0 1
    outer loop
      vertex -18.0133 -0.799999 42
      vertex -34.0637 -1.8 42
      vertex -18.5907 -1.8 42
    endloop
  endfacet
  facet normal -0 0 1
    outer loop
      vertex -34.641 -0.799999 42
      vertex -34.0637 -1.8 42
      vertex -18.0133 -0.799999 42
    endloop
  endfacet
  facet normal 0 0 1
    outer loop
      vertex -34.641 -0.799999 42
      vertex -41.8002 -15.2 42
      vertex -34.0637 -1.8 42
    endloop
  endfacet
  facet normal 0 -0 1
    outer loop
      vertex -41.8002 -15.2 42
      vertex -34.641 -0.799999 42
      vertex -42.9549 -15.2 42
    endloop
  endfacet
  facet normal -0 0 1
    outer loop
      vertex -10.8542 -15.2 42
      vertex -18.0133 -29.6 42
      vertex -9.69948 -15.2 42
    endloop
  endfacet
  facet normal -0 0 1
    outer loop
      vertex -18.5907 -28.6 42
      vertex -18.0133 -29.6 42
      vertex -10.8542 -15.2 42
    endloop
  endfacet
  facet normal -0 0 1
    outer loop
      vertex -34.0637 -28.6 42
      vertex -18.0133 -29.6 42
      vertex -18.5907 -28.6 42
    endloop
  endfacet
  facet normal 0 0 1
    outer loop
      vertex -34.0637 -28.6 42
      vertex -34.641 -29.6 42
      vertex -18.0133 -29.6 42
    endloop
  endfacet
  facet normal 0 0 1
    outer loop
      vertex -41.8002 -15.2 42
      vertex -34.641 -29.6 42
      vertex -34.0637 -28.6 42
    endloop
  endfacet
  facet normal 0 0 1
    outer loop
      vertex -34.641 -29.6 42
      vertex -41.8002 -15.2 42
      vertex -42.9549 -15.2 42
    endloop
  endfacet
  facet normal -0.612392 0.353567 0.707083
    outer loop
      vertex -34.641 -0.799999 42
      vertex -43.8786 -15.2 41.2
      vertex -42.9549 -15.2 42
    endloop
  endfacet
  facet normal 0.612373 0.353553 0.707107
    outer loop
      vertex -8.77572 -15.2 41.2
      vertex -18.0133 -0.799999 42
      vertex -9.69948 -15.2 42
    endloop
  endfacet
  facet normal 0.612373 -0.353553 0.707107
    outer loop
      vertex -9.69948 -15.2 42
      vertex -18.0133 -29.6 42
      vertex -8.77572 -15.2 41.2
    endloop
  endfacet
  facet normal 0.612367 0.353549 0.707114
    outer loop
      vertex -17.5514 0 41.2
      vertex -18.0133 -0.799999 42
      vertex -8.77572 -15.2 41.2
    endloop
  endfacet
  facet normal -0.612367 -0.353548 0.707114
    outer loop
      vertex 18.0133 -29.6 30
      vertex 8.77572 -15.2 29.2
      vertex 17.5514 -30.4 29.2
    endloop
  endfacet
  facet normal -0.612367 0.353549 0.707114
    outer loop
      vertex 17.5514 0 29.2
      vertex 8.77572 -15.2 29.2
      vertex 18.0133 -0.799999 30
    endloop
  endfacet
  facet normal 0.866026 -0.499999 0
    outer loop
      vertex 35.1029 -30.4 2.99
      vertex 43.8786 -15.2 0
      vertex 43.8786 -15.2 2.99
    endloop
  endfacet
  facet normal 0.866026 -0.499999 0
    outer loop
      vertex 43.8786 -15.2 0
      vertex 35.1029 -30.4 2.99
      vertex 35.1029 -30.4 0
    endloop
  endfacet
  facet normal 0.866019 -0.500011 0
    outer loop
      vertex 43.8786 -15.2 29.2
      vertex 43.3786 -16.066 28.1
      vertex 43.8786 -15.2 5
    endloop
  endfacet
  facet normal 0.866065 -0.499932 -8.29763e-05
    outer loop
      vertex 43.8786 -15.2 29.2
      vertex 43.1858 -16.4 28.1
      vertex 43.3786 -16.066 28.1
    endloop
  endfacet
  facet normal 0.866026 -0.499999 1.45028e-05
    outer loop
      vertex 35.1029 -30.4 29.2
      vertex 43.1858 -16.4 28.1
      vertex 43.8786 -15.2 29.2
    endloop
  endfacet
  facet normal 0.866026 -0.5 0
    outer loop
      vertex 35.1029 -30.4 5
      vertex 43.1858 -16.4 28.1
      vertex 35.1029 -30.4 29.2
    endloop
  endfacet
  facet normal 0.866026 -0.5 0
    outer loop
      vertex 43.1858 -16.4 28.1
      vertex 35.1029 -30.4 5
      vertex 43.1858 -16.4 5
    endloop
  endfacet
  facet normal 0.866019 -0.500011 0
    outer loop
      vertex 43.8786 -15.2 5
      vertex 43.3786 -16.066 28.1
      vertex 43.3786 -16.066 5
    endloop
  endfacet
  facet normal 0.612367 -0.353549 0.707114
    outer loop
      vertex 43.8786 -15.2 29.2
      vertex 34.641 -29.6 30
      vertex 35.1029 -30.4 29.2
    endloop
  endfacet
  facet normal -0.612373 -0.353553 0.707107
    outer loop
      vertex 9.69948 -15.2 30
      vertex 8.77572 -15.2 29.2
      vertex 18.0133 -29.6 30
    endloop
  endfacet
  facet normal -0.866056 -0.499948 1.13763e-05
    outer loop
      vertex 17.5514 -30.4 18.99
      vertex 17.2001 -29.7914 21
      vertex 17.1557 -29.7146 16
    endloop
  endfacet
  facet normal -0.866072 -0.49992 0
    outer loop
      vertex 17.2001 -29.7914 21
      vertex 17.5514 -30.4 18.99
      vertex 17.5514 -30.4 21
    endloop
  endfacet
  facet normal -0.865962 -0.50011 0
    outer loop
      vertex 17.0514 -29.534 11.01
      vertex 17.1557 -29.7146 16
      vertex 17.0514 -29.534 28.1
    endloop
  endfacet
  facet normal -0.866019 -0.500011 4.76964e-06
    outer loop
      vertex 17.5514 -30.4 11.01
      vertex 17.1557 -29.7146 16
      vertex 17.0514 -29.534 11.01
    endloop
  endfacet
  facet normal 0 0 0
    outer loop
      vertex 17.5514 -30.4 16
      vertex 17.5514 -30.4 21
      vertex 17.5514 -30.4 18.99
    endloop
  endfacet
  facet normal 0 0 0
    outer loop
      vertex 17.5514 -30.4 16
      vertex 17.5514 -30.4 22.59
      vertex 17.5514 -30.4 21
    endloop
  endfacet
  facet normal 0 -0 0
    outer loop
      vertex 17.5514 -30.4 16
      vertex 17.5514 -30.4 11.01
      vertex 17.5514 -30.4 22.59
    endloop
  endfacet
  facet normal -0.866034 -0.499985 0
    outer loop
      vertex 17.1557 -29.7146 16
      vertex 17.5514 -30.4 11.01
      vertex 17.5514 -30.4 16
    endloop
  endfacet
  facet normal -0.866025 -0.5 -0
    outer loop
      vertex 14.6647 -25.4 11.01
      vertex 8.77572 -15.2 5
      vertex 14.6647 -25.4 5
    endloop
  endfacet
  facet normal -0.866025 -0.5 0
    outer loop
      vertex 8.77572 -15.2 5
      vertex 14.6647 -25.4 11.01
      vertex 8.77572 -15.2 29.2
    endloop
  endfacet
  facet normal -0.866028 -0.499995 -0
    outer loop
      vertex 16.8586 -29.2 28.1
      vertex 14.6647 -25.4 11.01
      vertex 16.8586 -29.2 11.01
    endloop
  endfacet
  facet normal -0.866026 -0.499999 -1.22376e-06
    outer loop
      vertex 14.6647 -25.4 11.01
      vertex 16.8586 -29.2 28.1
      vertex 8.77572 -15.2 29.2
    endloop
  endfacet
  facet normal -0.866065 -0.499932 8.29763e-05
    outer loop
      vertex 17.5514 -30.4 29.2
      vertex 16.8586 -29.2 28.1
      vertex 17.0514 -29.534 28.1
    endloop
  endfacet
  facet normal -0.865847 -0.500309 3.96943e-06
    outer loop
      vertex 17.2001 -29.7914 21
      vertex 17.0514 -29.534 28.1
      vertex 17.1557 -29.7146 16
    endloop
  endfacet
  facet normal -0.866056 -0.499946 -1.3585e-05
    outer loop
      vertex 17.5514 -30.4 22.59
      vertex 17.0514 -29.534 28.1
      vertex 17.2001 -29.7914 21
    endloop
  endfacet
  facet normal -0.866026 -0.499998 -1.32597e-05
    outer loop
      vertex 16.8586 -29.2 28.1
      vertex 17.5514 -30.4 29.2
      vertex 8.77572 -15.2 29.2
    endloop
  endfacet
  facet normal -0.866019 -0.500011 0
    outer loop
      vertex 17.5514 -30.4 22.59
      vertex 17.5514 -30.4 29.2
      vertex 17.0514 -29.534 28.1
    endloop
  endfacet
  facet normal 0 0 0
    outer loop
      vertex 17.5514 -30.4 29.2
      vertex 17.5514 -30.4 22.59
      vertex 17.5514 -30.4 11.01
    endloop
  endfacet
  facet normal -0.866025 -0.5 0
    outer loop
      vertex 14.6647 -25.4 0
      vertex 8.77572 -15.2 2.99
      vertex 8.77572 -15.2 0
    endloop
  endfacet
  facet normal -0.866025 -0.5 0
    outer loop
      vertex 8.77572 -15.2 2.99
      vertex 14.6647 -25.4 0
      vertex 14.6647 -25.4 2.99
    endloop
  endfacet
  facet normal 0 0.707107 0.707106
    outer loop
      vertex 35.1029 0 29.2
      vertex 18.0133 -0.799999 30
      vertex 34.641 -0.799999 30
    endloop
  endfacet
  facet normal 0 0.707107 0.707106
    outer loop
      vertex 18.0133 -0.799999 30
      vertex 35.1029 0 29.2
      vertex 17.5514 0 29.2
    endloop
  endfacet
  facet normal 0.866026 0.499999 0
    outer loop
      vertex 43.8786 -15.2 2.99
      vertex 35.1029 0 0
      vertex 35.1029 0 2.99
    endloop
  endfacet
  facet normal 0.866026 0.499999 0
    outer loop
      vertex 35.1029 0 0
      vertex 43.8786 -15.2 2.99
      vertex 43.8786 -15.2 0
    endloop
  endfacet
  facet normal 0.866026 0.5 0
    outer loop
      vertex 35.1029 0 29.2
      vertex 43.1858 -14 28.1
      vertex 35.1029 0 5
    endloop
  endfacet
  facet normal 0.866026 0.499999 1.45028e-05
    outer loop
      vertex 43.8786 -15.2 29.2
      vertex 43.1858 -14 28.1
      vertex 35.1029 0 29.2
    endloop
  endfacet
  facet normal 0.866065 0.499932 -8.29763e-05
    outer loop
      vertex 43.1858 -14 28.1
      vertex 43.8786 -15.2 29.2
      vertex 43.3786 -14.334 28.1
    endloop
  endfacet
  facet normal 0.866019 0.500011 -0
    outer loop
      vertex 43.8786 -15.2 5
      vertex 43.3786 -14.334 28.1
      vertex 43.8786 -15.2 29.2
    endloop
  endfacet
  facet normal 0.866019 0.500011 0
    outer loop
      vertex 43.3786 -14.334 28.1
      vertex 43.8786 -15.2 5
      vertex 43.3786 -14.334 5
    endloop
  endfacet
  facet normal 0.866026 0.5 0
    outer loop
      vertex 35.1029 0 5
      vertex 43.1858 -14 28.1
      vertex 43.1858 -14 5
    endloop
  endfacet
  facet normal 0 -0.707107 0.707107
    outer loop
      vertex 18.0133 -29.6 30
      vertex 35.1029 -30.4 29.2
      vertex 34.641 -29.6 30
    endloop
  endfacet
  facet normal 0 -0.707107 0.707107
    outer loop
      vertex 35.1029 -30.4 29.2
      vertex 18.0133 -29.6 30
      vertex 17.5514 -30.4 29.2
    endloop
  endfacet
  facet normal 0 -1 0
    outer loop
      vertex 31 -30.4 2.51
      vertex 35.1029 -30.4 2.99
      vertex 30.9153 -30.4 2.99
    endloop
  endfacet
  facet normal 0 -1 0
    outer loop
      vertex 31 -30.4 2.49
      vertex 35.1029 -30.4 2.99
      vertex 31 -30.4 2.51
    endloop
  endfacet
  facet normal 0 -1 0
    outer loop
      vertex 35.1029 -30.4 0
      vertex 31 -30.4 2.49
      vertex 28.505 -30.4 0
    endloop
  endfacet
  facet normal 0 -1 0
    outer loop
      vertex 31 -30.4 2.49
      vertex 35.1029 -30.4 0
      vertex 35.1029 -30.4 2.99
    endloop
  endfacet
  facet normal 0 -1 0
    outer loop
      vertex 18.9371 -30.4 28.1
      vertex 17.5514 -30.4 29.2
      vertex 18.5514 -30.4 28.1
    endloop
  endfacet
  facet normal 0 -1 0
    outer loop
      vertex 17.5514 -30.4 11.01
      vertex 18.5514 -30.4 28.1
      vertex 17.5514 -30.4 29.2
    endloop
  endfacet
  facet normal 0 -1 -0
    outer loop
      vertex 18.5514 -30.4 28.1
      vertex 17.5514 -30.4 11.01
      vertex 18.5514 -30.4 11.01
    endloop
  endfacet
  facet normal 0 -1 0
    outer loop
      vertex 17.5514 -30.4 29.2
      vertex 18.9371 -30.4 28.1
      vertex 35.1029 -30.4 29.2
    endloop
  endfacet
  facet normal 0 -1 0
    outer loop
      vertex 29.5 -30.4 11.01
      vertex 18.9371 -30.4 28.1
      vertex 18.9371 -30.4 11.01
    endloop
  endfacet
  facet normal 0 -1 0
    outer loop
      vertex 18.9371 -30.4 28.1
      vertex 29.5 -30.4 11.01
      vertex 35.1029 -30.4 29.2
    endloop
  endfacet
  facet normal 0 -1 0
    outer loop
      vertex 35.1029 -30.4 5
      vertex 29.5 -30.4 11.01
      vertex 30.5606 -30.4 5
    endloop
  endfacet
  facet normal 0 -1 0
    outer loop
      vertex 29.5 -30.4 11.01
      vertex 35.1029 -30.4 5
      vertex 35.1029 -30.4 29.2
    endloop
  endfacet
  facet normal 0 0 1
    outer loop
      vertex 34.641 -0.799999 30
      vertex 41.8002 -15.2 30
      vertex 42.9549 -15.2 30
    endloop
  endfacet
  facet normal 0 0 1
    outer loop
      vertex 34.641 -0.799999 30
      vertex 34.0637 -1.8 30
      vertex 41.8002 -15.2 30
    endloop
  endfacet
  facet normal 0 0 1
    outer loop
      vertex 34.641 -0.799999 30
      vertex 18.5907 -1.8 30
      vertex 34.0637 -1.8 30
    endloop
  endfacet
  facet normal -0 0 1
    outer loop
      vertex 18.0133 -0.799999 30
      vertex 18.5907 -1.8 30
      vertex 34.641 -0.799999 30
    endloop
  endfacet
  facet normal 0 0 1
    outer loop
      vertex 18.0133 -0.799999 30
      vertex 10.8542 -15.2 30
      vertex 18.5907 -1.8 30
    endloop
  endfacet
  facet normal 0 -0 1
    outer loop
      vertex 10.8542 -15.2 30
      vertex 18.0133 -0.799999 30
      vertex 9.69948 -15.2 30
    endloop
  endfacet
  facet normal -0 0 1
    outer loop
      vertex 41.8002 -15.2 30
      vertex 34.641 -29.6 30
      vertex 42.9549 -15.2 30
    endloop
  endfacet
  facet normal -0 0 1
    outer loop
      vertex 34.0637 -28.6 30
      vertex 34.641 -29.6 30
      vertex 41.8002 -15.2 30
    endloop
  endfacet
  facet normal -0 0 1
    outer loop
      vertex 18.5907 -28.6 30
      vertex 34.641 -29.6 30
      vertex 34.0637 -28.6 30
    endloop
  endfacet
  facet normal 0 0 1
    outer loop
      vertex 18.5907 -28.6 30
      vertex 18.0133 -29.6 30
      vertex 34.641 -29.6 30
    endloop
  endfacet
  facet normal 0 0 1
    outer loop
      vertex 10.8542 -15.2 30
      vertex 18.0133 -29.6 30
      vertex 18.5907 -28.6 30
    endloop
  endfacet
  facet normal 0 0 1
    outer loop
      vertex 18.0133 -29.6 30
      vertex 10.8542 -15.2 30
      vertex 9.69948 -15.2 30
    endloop
  endfacet
  facet normal -0.612373 0.353553 0.707107
    outer loop
      vertex 18.0133 -0.799999 30
      vertex 8.77572 -15.2 29.2
      vertex 9.69948 -15.2 30
    endloop
  endfacet
  facet normal 0.612392 0.353567 0.707083
    outer loop
      vertex 43.8786 -15.2 29.2
      vertex 34.641 -0.799999 30
      vertex 42.9549 -15.2 30
    endloop
  endfacet
  facet normal 0.612392 -0.353567 0.707083
    outer loop
      vertex 42.9549 -15.2 30
      vertex 34.641 -29.6 30
      vertex 43.8786 -15.2 29.2
    endloop
  endfacet
  facet normal 0.612367 0.353549 0.707114
    outer loop
      vertex 35.1029 0 29.2
      vertex 34.641 -0.799999 30
      vertex 43.8786 -15.2 29.2
    endloop
  endfacet
  facet normal 0 -0.706398 -0.707814
    outer loop
      vertex 31 -34.4 2.49
      vertex -28.5 -31.9 -0.00499916
      vertex 28.5 -31.9 -0.00499916
    endloop
  endfacet
  facet normal 0 -0.706398 -0.707814
    outer loop
      vertex -28.5 -31.9 -0.00499916
      vertex 31 -34.4 2.49
      vertex -31 -34.4 2.49
    endloop
  endfacet
  facet normal 1 0 0
    outer loop
      vertex 31 -34.4 2.5
      vertex 31 -34.4 2.49
      vertex 31 -34.39 2.49
    endloop
  endfacet
  facet normal 0 0 0
    outer loop
      vertex 31 -34.4 2.49
      vertex 31 -34.4 2.5
      vertex 31 -34.4 2.51
    endloop
  endfacet
  facet normal 1 -0 0
    outer loop
      vertex 31 -31.9 2.51
      vertex 31 -30.4 2.49
      vertex 31 -30.4 2.51
    endloop
  endfacet
  facet normal 1 0 0
    outer loop
      vertex 31 -30.4 2.49
      vertex 31 -31.9 2.51
      vertex 31 -31.9 2.49
    endloop
  endfacet
  facet normal -1 0 0
    outer loop
      vertex -31 -34.4 2.49
      vertex -31 -34.4 2.5
      vertex -31 -34.39 2.49
    endloop
  endfacet
  facet normal 0 0 0
    outer loop
      vertex -31 -34.4 2.51
      vertex -31 -34.4 2.5
      vertex -31 -34.4 2.49
    endloop
  endfacet
  facet normal -1 0 0
    outer loop
      vertex -31 -31.9 2.49
      vertex -31 -30.4 2.51
      vertex -31 -30.4 2.49
    endloop
  endfacet
  facet normal -1 -0 0
    outer loop
      vertex -31 -30.4 2.51
      vertex -31 -31.9 2.49
      vertex -31 -31.9 2.51
    endloop
  endfacet
  facet normal 0.706397 0 -0.707816
    outer loop
      vertex 31 -34.4 2.49
      vertex 28.505 -31.9 0
      vertex 31 -34.39 2.49
    endloop
  endfacet
  facet normal 0.707047 0 -0.707166
    outer loop
      vertex 28.5 -31.9 -0.00499916
      vertex 28.505 -30.4 0
      vertex 28.505 -31.9 0
    endloop
  endfacet
  facet normal 0.707047 0.00129576 -0.707166
    outer loop
      vertex 28.5 -31.9 -0.00499916
      vertex 28.505 -31.9 0
      vertex 31 -34.4 2.49
    endloop
  endfacet
  facet normal 0.707047 0 -0.707166
    outer loop
      vertex 28.5 -25.4 -0.00499916
      vertex 28.505 -30.4 0
      vertex 28.5 -31.9 -0.00499916
    endloop
  endfacet
  facet normal 0.707047 0 -0.707166
    outer loop
      vertex 28.505 -30.4 0
      vertex 28.5 -25.4 -0.00499916
      vertex 28.505 -25.4 0
    endloop
  endfacet
  facet normal 0.706397 0 -0.707816
    outer loop
      vertex 28.505 -31.9 0
      vertex 31 -30.4 2.49
      vertex 31 -31.9 2.49
    endloop
  endfacet
  facet normal 0.706397 0 -0.707816
    outer loop
      vertex 31 -30.4 2.49
      vertex 28.505 -31.9 0
      vertex 28.505 -30.4 0
    endloop
  endfacet
  facet normal -0.984783 0 0.173787
    outer loop
      vertex -30.5606 -30.4 5
      vertex -29.5 -32.8 11.01
      vertex -29.5 -30.4 11.01
    endloop
  endfacet
  facet normal -0.984783 0 0.173787
    outer loop
      vertex -29.5 -32.8 11.01
      vertex -30.5606 -30.4 5
      vertex -30.5606 -33.9313 5
    endloop
  endfacet
  facet normal -0.984786 0 0.173774
    outer loop
      vertex -31 -31.9 2.51
      vertex -30.9153 -30.4 2.99
      vertex -31 -30.4 2.51
    endloop
  endfacet
  facet normal -0.984786 0 0.173774
    outer loop
      vertex -30.9153 -30.4 2.99
      vertex -31 -31.9 2.51
      vertex -30.9153 -31.9 2.99
    endloop
  endfacet
  facet normal -0.706397 0 -0.707816
    outer loop
      vertex -31 -31.9 2.49
      vertex -28.505 -30.4 0
      vertex -28.505 -31.9 0
    endloop
  endfacet
  facet normal -0.706397 0 -0.707816
    outer loop
      vertex -28.505 -30.4 0
      vertex -31 -31.9 2.49
      vertex -31 -30.4 2.49
    endloop
  endfacet
  facet normal -0.707047 -0 -0.707166
    outer loop
      vertex -28.505 -30.4 0
      vertex -28.5 -31.9 -0.00499916
      vertex -28.505 -31.9 0
    endloop
  endfacet
  facet normal -0.707047 0.00129576 -0.707166
    outer loop
      vertex -31 -34.4 2.49
      vertex -28.505 -31.9 0
      vertex -28.5 -31.9 -0.00499916
    endloop
  endfacet
  facet normal -0.706397 0 -0.707816
    outer loop
      vertex -28.505 -31.9 0
      vertex -31 -34.4 2.49
      vertex -31 -34.39 2.49
    endloop
  endfacet
  facet normal -0.707047 0 -0.707166
    outer loop
      vertex -28.5 -31.9 -0.00499916
      vertex -28.505 -30.4 0
      vertex -28.5 -25.4 -0.00499916
    endloop
  endfacet
  facet normal -0.707047 0 -0.707166
    outer loop
      vertex -28.5 -25.4 -0.00499916
      vertex -28.505 -30.4 0
      vertex -28.505 -25.4 0
    endloop
  endfacet
  facet normal 0 1 -0
    outer loop
      vertex 28.5 -25.4 -0.00499916
      vertex 14.6647 -25.4 0
      vertex 28.505 -25.4 0
    endloop
  endfacet
  facet normal 0 1 0
    outer loop
      vertex 14.6647 -25.4 0
      vertex 28.5 -25.4 -0.00499916
      vertex 12.9326 -25.4 0
    endloop
  endfacet
  facet normal 0 1 0
    outer loop
      vertex 12.9326 -25.4 0
      vertex 28.5 -25.4 -0.00499916
      vertex -12.9326 -25.4 0
    endloop
  endfacet
  facet normal 0 1 0
    outer loop
      vertex -12.9326 -25.4 0
      vertex 28.5 -25.4 -0.00499916
      vertex -14.6647 -25.4 0
    endloop
  endfacet
  facet normal 0 1 0
    outer loop
      vertex -28.5 -25.4 -0.00499916
      vertex -14.6647 -25.4 0
      vertex 28.5 -25.4 -0.00499916
    endloop
  endfacet
  facet normal 0 1 0
    outer loop
      vertex -14.6647 -25.4 0
      vertex -28.5 -25.4 -0.00499916
      vertex -28.505 -25.4 0
    endloop
  endfacet
  facet normal 0 1 -0
    outer loop
      vertex 14.6647 -25.4 0
      vertex 12.9326 -25.4 2.99
      vertex 14.6647 -25.4 2.99
    endloop
  endfacet
  facet normal 0 1 0
    outer loop
      vertex 12.9326 -25.4 2.99
      vertex 14.6647 -25.4 0
      vertex 12.9326 -25.4 0
    endloop
  endfacet
  facet normal 0 1 -0
    outer loop
      vertex -12.9326 -25.4 0
      vertex -14.6647 -25.4 2.99
      vertex -12.9326 -25.4 2.99
    endloop
  endfacet
  facet normal 0 1 0
    outer loop
      vertex -14.6647 -25.4 2.99
      vertex -12.9326 -25.4 0
      vertex -14.6647 -25.4 0
    endloop
  endfacet
  facet normal 0 1 -0
    outer loop
      vertex 14.6647 -25.4 5
      vertex -14.6647 -25.4 11.01
      vertex 14.6647 -25.4 11.01
    endloop
  endfacet
  facet normal 0 1 0
    outer loop
      vertex -14.6647 -25.4 11.01
      vertex 14.6647 -25.4 5
      vertex -14.6647 -25.4 5
    endloop
  endfacet
  facet normal 0 0 1
    outer loop
      vertex 16.8586 -29.2 11.01
      vertex 14.6647 -25.4 11.01
      vertex 16.7622 -29.367 11.01
    endloop
  endfacet
  facet normal -0 0 1
    outer loop
      vertex 18.9371 -30.4 11.01
      vertex 29.5 -32.8 11.01
      vertex 29.5 -30.4 11.01
    endloop
  endfacet
  facet normal -0 0 1
    outer loop
      vertex 18.8407 -30.567 11.01
      vertex 29.5 -32.8 11.01
      vertex 18.9371 -30.4 11.01
    endloop
  endfacet
  facet normal -0 0 1
    outer loop
      vertex 17.5514 -30.4 11.01
      vertex 18.8407 -30.567 11.01
      vertex 18.5514 -30.4 11.01
    endloop
  endfacet
  facet normal 0 0 1
    outer loop
      vertex 17.5514 -30.4 11.01
      vertex 29.5 -32.8 11.01
      vertex 18.8407 -30.567 11.01
    endloop
  endfacet
  facet normal 0 0 1
    outer loop
      vertex 16.7622 -29.367 11.01
      vertex 17.5514 -30.4 11.01
      vertex 17.0514 -29.534 11.01
    endloop
  endfacet
  facet normal -0 0 1
    outer loop
      vertex -14.6647 -25.4 11.01
      vertex 16.7622 -29.367 11.01
      vertex 14.6647 -25.4 11.01
    endloop
  endfacet
  facet normal 0 0 1
    outer loop
      vertex -17.5514 -30.4 11.01
      vertex 16.7622 -29.367 11.01
      vertex -14.6647 -25.4 11.01
    endloop
  endfacet
  facet normal 0 0 1
    outer loop
      vertex 16.7622 -29.367 11.01
      vertex -17.5514 -30.4 11.01
      vertex 17.5514 -30.4 11.01
    endloop
  endfacet
  facet normal 0 0 1
    outer loop
      vertex 17.5514 -30.4 11.01
      vertex -17.5514 -30.4 11.01
      vertex 29.5 -32.8 11.01
    endloop
  endfacet
  facet normal 0 0 1
    outer loop
      vertex -29.5 -32.8 11.01
      vertex -17.5514 -30.4 11.01
      vertex -29.5 -30.4 11.01
    endloop
  endfacet
  facet normal 0 0 1
    outer loop
      vertex -17.5514 -30.4 11.01
      vertex -29.5 -32.8 11.01
      vertex 29.5 -32.8 11.01
    endloop
  endfacet
  facet normal 0 0 -1
    outer loop
      vertex -28.5 -31.9 -0.00499916
      vertex 28.5 -25.4 -0.00499916
      vertex 28.5 -31.9 -0.00499916
    endloop
  endfacet
  facet normal -0 0 -1
    outer loop
      vertex 28.5 -25.4 -0.00499916
      vertex -28.5 -31.9 -0.00499916
      vertex -28.5 -25.4 -0.00499916
    endloop
  endfacet
  facet normal 0 -0.982741 0.184987
    outer loop
      vertex -30.5606 -33.9313 5
      vertex 29.5 -32.8 11.01
      vertex -29.5 -32.8 11.01
    endloop
  endfacet
  facet normal 0 -0.982741 0.184987
    outer loop
      vertex 29.5 -32.8 11.01
      vertex -30.5606 -33.9313 5
      vertex 30.5606 -33.9313 5
    endloop
  endfacet
  facet normal 0 -1 0
    outer loop
      vertex -31 -34.4 2.51
      vertex 31 -34.4 2.51003
      vertex -31 -34.4 2.51003
    endloop
  endfacet
  facet normal 0 -1 -0
    outer loop
      vertex 31 -34.4 2.51003
      vertex -31 -34.4 2.51
      vertex 31 -34.4 2.51
    endloop
  endfacet
  facet normal 0 -1 0
    outer loop
      vertex -31 -34.4 2.49
      vertex 31 -34.4 2.51
      vertex -31 -34.4 2.51
    endloop
  endfacet
  facet normal 0 -1 -0
    outer loop
      vertex 31 -34.4 2.51
      vertex -31 -34.4 2.49
      vertex 31 -34.4 2.49
    endloop
  endfacet
  facet normal 0.984783 -0 0.173787
    outer loop
      vertex 29.5 -32.8 11.01
      vertex 30.5606 -30.4 5
      vertex 29.5 -30.4 11.01
    endloop
  endfacet
  facet normal 0.984783 0 0.173787
    outer loop
      vertex 30.5606 -30.4 5
      vertex 29.5 -32.8 11.01
      vertex 30.5606 -33.9313 5
    endloop
  endfacet
  facet normal 0.984786 -0 0.173774
    outer loop
      vertex 30.9153 -31.9 2.99
      vertex 31 -30.4 2.51
      vertex 30.9153 -30.4 2.99
    endloop
  endfacet
  facet normal 0.984786 0 0.173774
    outer loop
      vertex 31 -30.4 2.51
      vertex 30.9153 -31.9 2.99
      vertex 31 -31.9 2.51
    endloop
  endfacet
  facet normal 0.866024 -0.500002 0
    outer loop
      vertex -41.3383 15.2 104.6
      vertex -33.8327 28.2 5
      vertex -33.8327 28.2 104.6
    endloop
  endfacet
  facet normal 0.866024 -0.500002 0
    outer loop
      vertex -33.8327 28.2 5
      vertex -41.3383 15.2 104.6
      vertex -41.3383 15.2 5
    endloop
  endfacet
  facet normal 0 0 1
    outer loop
      vertex -18.8216 28.2 5
      vertex -18.8216 2.2 5
      vertex -11.3161 15.2 5
    endloop
  endfacet
  facet normal -0 0 1
    outer loop
      vertex -33.8327 28.2 5
      vertex -18.8216 2.2 5
      vertex -18.8216 28.2 5
    endloop
  endfacet
  facet normal 0 0 1
    outer loop
      vertex -33.8327 28.2 5
      vertex -33.8327 2.2 5
      vertex -18.8216 2.2 5
    endloop
  endfacet
  facet normal 0 -0 1
    outer loop
      vertex -33.8327 2.2 5
      vertex -33.8327 28.2 5
      vertex -41.3383 15.2 5
    endloop
  endfacet
  facet normal -0.866027 0.499997 0
    outer loop
      vertex -18.8216 2.2 5
      vertex -11.3161 15.2 104.6
      vertex -11.3161 15.2 5
    endloop
  endfacet
  facet normal -0.866027 0.499997 0
    outer loop
      vertex -11.3161 15.2 104.6
      vertex -18.8216 2.2 5
      vertex -18.8216 2.2 104.6
    endloop
  endfacet
  facet normal 0.866024 0.500002 0
    outer loop
      vertex -33.8327 2.2 104.6
      vertex -41.3383 15.2 5
      vertex -41.3383 15.2 104.6
    endloop
  endfacet
  facet normal 0.866024 0.500002 0
    outer loop
      vertex -41.3383 15.2 5
      vertex -33.8327 2.2 104.6
      vertex -33.8327 2.2 5
    endloop
  endfacet
  facet normal 0 1 -0
    outer loop
      vertex -18.8216 2.2 5
      vertex -33.8327 2.2 104.6
      vertex -18.8216 2.2 104.6
    endloop
  endfacet
  facet normal 0 1 0
    outer loop
      vertex -33.8327 2.2 104.6
      vertex -18.8216 2.2 5
      vertex -33.8327 2.2 5
    endloop
  endfacet
  facet normal 0 -1 0
    outer loop
      vertex -33.8327 28.2 5
      vertex -18.8216 28.2 104.6
      vertex -33.8327 28.2 104.6
    endloop
  endfacet
  facet normal 0 -1 -0
    outer loop
      vertex -18.8216 28.2 104.6
      vertex -33.8327 28.2 5
      vertex -18.8216 28.2 5
    endloop
  endfacet
  facet normal -0.866027 -0.499997 0
    outer loop
      vertex -11.3161 15.2 5
      vertex -18.8216 28.2 104.6
      vertex -18.8216 28.2 5
    endloop
  endfacet
  facet normal -0.866027 -0.499997 0
    outer loop
      vertex -18.8216 28.2 104.6
      vertex -11.3161 15.2 5
      vertex -11.3161 15.2 104.6
    endloop
  endfacet
  facet normal 0.612359 -0.353548 0.707121
    outer loop
      vertex -41.3383 15.2 104.6
      vertex -33.8327 28.2 104.6
      vertex -41.8002 15.2 105
    endloop
  endfacet
  facet normal 0.612359 0.353548 0.707121
    outer loop
      vertex -33.8327 2.2 104.6
      vertex -41.3383 15.2 104.6
      vertex -41.8002 15.2 105
    endloop
  endfacet
  facet normal -0.61236 0.353544 0.707123
    outer loop
      vertex -10.8542 15.2 105
      vertex -11.3161 15.2 104.6
      vertex -18.8216 2.2 104.6
    endloop
  endfacet
  facet normal -0.61236 -0.353544 0.707123
    outer loop
      vertex -11.3161 15.2 104.6
      vertex -10.8542 15.2 105
      vertex -18.8216 28.2 104.6
    endloop
  endfacet
  facet normal 0 0.707107 0.707107
    outer loop
      vertex -18.8216 2.2 104.6
      vertex -34.0637 1.8 105
      vertex -18.5907 1.8 105
    endloop
  endfacet
  facet normal 0 0.707107 0.707107
    outer loop
      vertex -34.0637 1.8 105
      vertex -18.8216 2.2 104.6
      vertex -33.8327 2.2 104.6
    endloop
  endfacet
  facet normal 0.612333 0.353531 0.707153
    outer loop
      vertex -34.0637 1.8 105
      vertex -33.8327 2.2 104.6
      vertex -41.8002 15.2 105
    endloop
  endfacet
  facet normal -0.612399 -0.353569 0.707076
    outer loop
      vertex -10.8542 15.2 105
      vertex -18.5907 28.6 105
      vertex -18.8216 28.2 104.6
    endloop
  endfacet
  facet normal -0.612399 0.353569 0.707076
    outer loop
      vertex -18.5907 1.8 105
      vertex -10.8542 15.2 105
      vertex -18.8216 2.2 104.6
    endloop
  endfacet
  facet normal 0 -0.707107 0.707107
    outer loop
      vertex -33.8327 28.2 104.6
      vertex -18.5907 28.6 105
      vertex -34.0637 28.6 105
    endloop
  endfacet
  facet normal 0 -0.707107 0.707107
    outer loop
      vertex -18.5907 28.6 105
      vertex -33.8327 28.2 104.6
      vertex -18.8216 28.2 104.6
    endloop
  endfacet
  facet normal 0.612333 -0.353531 0.707153
    outer loop
      vertex -33.8327 28.2 104.6
      vertex -34.0637 28.6 105
      vertex -41.8002 15.2 105
    endloop
  endfacet
  facet normal 0.866027 -0.499997 0
    outer loop
      vertex 11.3161 15.2 87.6
      vertex 18.8216 28.2 5
      vertex 18.8216 28.2 87.6
    endloop
  endfacet
  facet normal 0.866027 -0.499997 0
    outer loop
      vertex 18.8216 28.2 5
      vertex 11.3161 15.2 87.6
      vertex 11.3161 15.2 5
    endloop
  endfacet
  facet normal 0 0 1
    outer loop
      vertex 33.8327 28.2 5
      vertex 33.8327 2.2 5
      vertex 41.3383 15.2 5
    endloop
  endfacet
  facet normal -0 0 1
    outer loop
      vertex 18.8216 28.2 5
      vertex 33.8327 2.2 5
      vertex 33.8327 28.2 5
    endloop
  endfacet
  facet normal 0 0 1
    outer loop
      vertex 18.8216 28.2 5
      vertex 18.8216 2.2 5
      vertex 33.8327 2.2 5
    endloop
  endfacet
  facet normal 0 -0 1
    outer loop
      vertex 18.8216 2.2 5
      vertex 18.8216 28.2 5
      vertex 11.3161 15.2 5
    endloop
  endfacet
  facet normal -0.866024 0.500002 0
    outer loop
      vertex 33.8327 2.2 5
      vertex 41.3383 15.2 87.6
      vertex 41.3383 15.2 5
    endloop
  endfacet
  facet normal -0.866024 0.500002 0
    outer loop
      vertex 41.3383 15.2 87.6
      vertex 33.8327 2.2 5
      vertex 33.8327 2.2 87.6
    endloop
  endfacet
  facet normal 0 -1 0
    outer loop
      vertex 18.8216 28.2 5
      vertex 33.8327 28.2 87.6
      vertex 18.8216 28.2 87.6
    endloop
  endfacet
  facet normal 0 -1 -0
    outer loop
      vertex 33.8327 28.2 87.6
      vertex 18.8216 28.2 5
      vertex 33.8327 28.2 5
    endloop
  endfacet
  facet normal 0.866027 0.499997 0
    outer loop
      vertex 18.8216 2.2 87.6
      vertex 11.3161 15.2 5
      vertex 11.3161 15.2 87.6
    endloop
  endfacet
  facet normal 0.866027 0.499997 0
    outer loop
      vertex 11.3161 15.2 5
      vertex 18.8216 2.2 87.6
      vertex 18.8216 2.2 5
    endloop
  endfacet
  facet normal 0 1 -0
    outer loop
      vertex 33.8327 2.2 5
      vertex 18.8216 2.2 87.6
      vertex 33.8327 2.2 87.6
    endloop
  endfacet
  facet normal 0 1 0
    outer loop
      vertex 18.8216 2.2 87.6
      vertex 33.8327 2.2 5
      vertex 18.8216 2.2 5
    endloop
  endfacet
  facet normal -0.866024 -0.500002 0
    outer loop
      vertex 41.3383 15.2 5
      vertex 33.8327 28.2 87.6
      vertex 33.8327 28.2 5
    endloop
  endfacet
  facet normal -0.866024 -0.500002 0
    outer loop
      vertex 33.8327 28.2 87.6
      vertex 41.3383 15.2 5
      vertex 41.3383 15.2 87.6
    endloop
  endfacet
  facet normal 0.61236 -0.353544 0.707123
    outer loop
      vertex 11.3161 15.2 87.6
      vertex 18.8216 28.2 87.6
      vertex 10.8542 15.2 88
    endloop
  endfacet
  facet normal 0.61236 0.353544 0.707123
    outer loop
      vertex 18.8216 2.2 87.6
      vertex 11.3161 15.2 87.6
      vertex 10.8542 15.2 88
    endloop
  endfacet
  facet normal -0.612359 0.353548 0.707121
    outer loop
      vertex 41.8002 15.2 88
      vertex 41.3383 15.2 87.6
      vertex 33.8327 2.2 87.6
    endloop
  endfacet
  facet normal -0.612359 -0.353548 0.707121
    outer loop
      vertex 41.3383 15.2 87.6
      vertex 41.8002 15.2 88
      vertex 33.8327 28.2 87.6
    endloop
  endfacet
  facet normal 0 0.707107 0.707107
    outer loop
      vertex 33.8327 2.2 87.6
      vertex 18.5907 1.8 88
      vertex 34.0637 1.8 88
    endloop
  endfacet
  facet normal 0 0.707107 0.707107
    outer loop
      vertex 18.5907 1.8 88
      vertex 33.8327 2.2 87.6
      vertex 18.8216 2.2 87.6
    endloop
  endfacet
  facet normal 0.612399 0.353569 0.707076
    outer loop
      vertex 18.5907 1.8 88
      vertex 18.8216 2.2 87.6
      vertex 10.8542 15.2 88
    endloop
  endfacet
  facet normal -0.612333 -0.353531 0.707153
    outer loop
      vertex 41.8002 15.2 88
      vertex 34.0637 28.6 88
      vertex 33.8327 28.2 87.6
    endloop
  endfacet
  facet normal -0.612333 0.353531 0.707153
    outer loop
      vertex 34.0637 1.8 88
      vertex 41.8002 15.2 88
      vertex 33.8327 2.2 87.6
    endloop
  endfacet
  facet normal 0 -0.707107 0.707107
    outer loop
      vertex 18.8216 28.2 87.6
      vertex 34.0637 28.6 88
      vertex 18.5907 28.6 88
    endloop
  endfacet
  facet normal 0 -0.707107 0.707107
    outer loop
      vertex 34.0637 28.6 88
      vertex 18.8216 28.2 87.6
      vertex 33.8327 28.2 87.6
    endloop
  endfacet
  facet normal 0.612399 -0.353569 0.707076
    outer loop
      vertex 18.8216 28.2 87.6
      vertex 18.5907 28.6 88
      vertex 10.8542 15.2 88
    endloop
  endfacet
  facet normal 0.866026 -0.5 0
    outer loop
      vertex -15.0111 0 61.6
      vertex -7.50555 13 5
      vertex -7.50555 13 61.6
    endloop
  endfacet
  facet normal 0.866026 -0.5 0
    outer loop
      vertex -7.50555 13 5
      vertex -15.0111 0 61.6
      vertex -15.0111 0 5
    endloop
  endfacet
  facet normal 0 0 1
    outer loop
      vertex 7.50555 13 5
      vertex 7.50555 -13 5
      vertex 15.0111 0 5
    endloop
  endfacet
  facet normal -0 0 1
    outer loop
      vertex -7.50555 13 5
      vertex 7.50555 -13 5
      vertex 7.50555 13 5
    endloop
  endfacet
  facet normal 0 0 1
    outer loop
      vertex -7.50555 13 5
      vertex -7.50555 -13 5
      vertex 7.50555 -13 5
    endloop
  endfacet
  facet normal 0 -0 1
    outer loop
      vertex -7.50555 -13 5
      vertex -7.50555 13 5
      vertex -15.0111 0 5
    endloop
  endfacet
  facet normal -0.866026 0.5 0
    outer loop
      vertex 7.50555 -13 5
      vertex 15.0111 0 61.6
      vertex 15.0111 0 5
    endloop
  endfacet
  facet normal -0.866026 0.5 0
    outer loop
      vertex 15.0111 0 61.6
      vertex 7.50555 -13 5
      vertex 7.50555 -13 61.6
    endloop
  endfacet
  facet normal 0 -1 0
    outer loop
      vertex -7.50555 13 5
      vertex 7.50555 13 61.6
      vertex -7.50555 13 61.6
    endloop
  endfacet
  facet normal 0 -1 -0
    outer loop
      vertex 7.50555 13 61.6
      vertex -7.50555 13 5
      vertex 7.50555 13 5
    endloop
  endfacet
  facet normal 0.866026 0.5 0
    outer loop
      vertex -7.50555 -13 61.6
      vertex -15.0111 0 5
      vertex -15.0111 0 61.6
    endloop
  endfacet
  facet normal 0.866026 0.5 0
    outer loop
      vertex -15.0111 0 5
      vertex -7.50555 -13 61.6
      vertex -7.50555 -13 5
    endloop
  endfacet
  facet normal 0 1 -0
    outer loop
      vertex 7.50555 -13 5
      vertex -7.50555 -13 61.6
      vertex 7.50555 -13 61.6
    endloop
  endfacet
  facet normal 0 1 0
    outer loop
      vertex -7.50555 -13 61.6
      vertex 7.50555 -13 5
      vertex -7.50555 -13 5
    endloop
  endfacet
  facet normal -0.866026 -0.5 0
    outer loop
      vertex 15.0111 0 5
      vertex 7.50555 13 61.6
      vertex 7.50555 13 5
    endloop
  endfacet
  facet normal -0.866026 -0.5 0
    outer loop
      vertex 7.50555 13 61.6
      vertex 15.0111 0 5
      vertex 15.0111 0 61.6
    endloop
  endfacet
  facet normal 0.612359 -0.353546 0.707122
    outer loop
      vertex -15.0111 0 61.6
      vertex -7.50555 13 61.6
      vertex -15.473 0 62
    endloop
  endfacet
  facet normal 0.612359 0.353546 0.707122
    outer loop
      vertex -7.50555 -13 61.6
      vertex -15.0111 0 61.6
      vertex -15.473 0 62
    endloop
  endfacet
  facet normal -0.612359 0.353546 0.707122
    outer loop
      vertex 15.473 0 62
      vertex 15.0111 0 61.6
      vertex 7.50555 -13 61.6
    endloop
  endfacet
  facet normal -0.612359 -0.353546 0.707122
    outer loop
      vertex 15.0111 0 61.6
      vertex 15.473 0 62
      vertex 7.50555 13 61.6
    endloop
  endfacet
  facet normal 0 0.707107 0.707107
    outer loop
      vertex 7.50555 -13 61.6
      vertex -7.73649 -13.4 62
      vertex 7.73649 -13.4 62
    endloop
  endfacet
  facet normal 0 0.707107 0.707107
    outer loop
      vertex -7.73649 -13.4 62
      vertex 7.50555 -13 61.6
      vertex -7.50555 -13 61.6
    endloop
  endfacet
  facet normal 0.612372 0.353554 0.707107
    outer loop
      vertex -7.73649 -13.4 62
      vertex -7.50555 -13 61.6
      vertex -15.473 0 62
    endloop
  endfacet
  facet normal -0.612372 -0.353554 0.707107
    outer loop
      vertex 15.473 0 62
      vertex 7.73649 13.4 62
      vertex 7.50555 13 61.6
    endloop
  endfacet
  facet normal -0.612372 0.353554 0.707107
    outer loop
      vertex 7.73649 -13.4 62
      vertex 15.473 0 62
      vertex 7.50555 -13 61.6
    endloop
  endfacet
  facet normal 0 -0.707107 0.707107
    outer loop
      vertex -7.50555 13 61.6
      vertex 7.73649 13.4 62
      vertex -7.73649 13.4 62
    endloop
  endfacet
  facet normal 0 -0.707107 0.707107
    outer loop
      vertex 7.73649 13.4 62
      vertex -7.50555 13 61.6
      vertex 7.50555 13 61.6
    endloop
  endfacet
  facet normal 0.612372 -0.353554 0.707107
    outer loop
      vertex -7.50555 13 61.6
      vertex -7.73649 13.4 62
      vertex -15.473 0 62
    endloop
  endfacet
  facet normal 0.866024 -0.500002 0
    outer loop
      vertex -41.3383 -15.2 41.6
      vertex -33.8327 -2.2 5
      vertex -33.8327 -2.2 41.6
    endloop
  endfacet
  facet normal 0.866024 -0.500002 0
    outer loop
      vertex -33.8327 -2.2 5
      vertex -41.3383 -15.2 41.6
      vertex -41.3383 -15.2 5
    endloop
  endfacet
  facet normal 0 0 1
    outer loop
      vertex -18.8216 -2.2 5
      vertex -18.8216 -28.2 5
      vertex -11.3161 -15.2 5
    endloop
  endfacet
  facet normal -0 0 1
    outer loop
      vertex -33.8327 -2.2 5
      vertex -18.8216 -28.2 5
      vertex -18.8216 -2.2 5
    endloop
  endfacet
  facet normal 0 0 1
    outer loop
      vertex -33.8327 -2.2 5
      vertex -33.8327 -28.2 5
      vertex -18.8216 -28.2 5
    endloop
  endfacet
  facet normal 0 -0 1
    outer loop
      vertex -33.8327 -28.2 5
      vertex -33.8327 -2.2 5
      vertex -41.3383 -15.2 5
    endloop
  endfacet
  facet normal -0.866027 0.499997 0
    outer loop
      vertex -18.8216 -28.2 5
      vertex -11.3161 -15.2 41.6
      vertex -11.3161 -15.2 5
    endloop
  endfacet
  facet normal -0.866027 0.499997 0
    outer loop
      vertex -11.3161 -15.2 41.6
      vertex -18.8216 -28.2 5
      vertex -18.8216 -28.2 41.6
    endloop
  endfacet
  facet normal 0 -1 0
    outer loop
      vertex -33.8327 -2.2 5
      vertex -18.8216 -2.2 41.6
      vertex -33.8327 -2.2 41.6
    endloop
  endfacet
  facet normal 0 -1 -0
    outer loop
      vertex -18.8216 -2.2 41.6
      vertex -33.8327 -2.2 5
      vertex -18.8216 -2.2 5
    endloop
  endfacet
  facet normal 0.866024 0.500002 0
    outer loop
      vertex -33.8327 -28.2 41.6
      vertex -41.3383 -15.2 5
      vertex -41.3383 -15.2 41.6
    endloop
  endfacet
  facet normal 0.866024 0.500002 0
    outer loop
      vertex -41.3383 -15.2 5
      vertex -33.8327 -28.2 41.6
      vertex -33.8327 -28.2 5
    endloop
  endfacet
  facet normal 0 1 -0
    outer loop
      vertex -18.8216 -28.2 5
      vertex -33.8327 -28.2 41.6
      vertex -18.8216 -28.2 41.6
    endloop
  endfacet
  facet normal 0 1 0
    outer loop
      vertex -33.8327 -28.2 41.6
      vertex -18.8216 -28.2 5
      vertex -33.8327 -28.2 5
    endloop
  endfacet
  facet normal -0.866027 -0.499997 0
    outer loop
      vertex -11.3161 -15.2 5
      vertex -18.8216 -2.2 41.6
      vertex -18.8216 -2.2 5
    endloop
  endfacet
  facet normal -0.866027 -0.499997 0
    outer loop
      vertex -18.8216 -2.2 41.6
      vertex -11.3161 -15.2 5
      vertex -11.3161 -15.2 41.6
    endloop
  endfacet
  facet normal 0.612359 -0.353548 0.707121
    outer loop
      vertex -41.3383 -15.2 41.6
      vertex -33.8327 -2.2 41.6
      vertex -41.8002 -15.2 42
    endloop
  endfacet
  facet normal 0.612359 0.353548 0.707121
    outer loop
      vertex -33.8327 -28.2 41.6
      vertex -41.3383 -15.2 41.6
      vertex -41.8002 -15.2 42
    endloop
  endfacet
  facet normal -0.61236 0.353544 0.707123
    outer loop
      vertex -10.8542 -15.2 42
      vertex -11.3161 -15.2 41.6
      vertex -18.8216 -28.2 41.6
    endloop
  endfacet
  facet normal -0.61236 -0.353544 0.707123
    outer loop
      vertex -11.3161 -15.2 41.6
      vertex -10.8542 -15.2 42
      vertex -18.8216 -2.2 41.6
    endloop
  endfacet
  facet normal 0 0.707107 0.707107
    outer loop
      vertex -18.8216 -28.2 41.6
      vertex -34.0637 -28.6 42
      vertex -18.5907 -28.6 42
    endloop
  endfacet
  facet normal 0 0.707107 0.707107
    outer loop
      vertex -34.0637 -28.6 42
      vertex -18.8216 -28.2 41.6
      vertex -33.8327 -28.2 41.6
    endloop
  endfacet
  facet normal 0.612333 0.353531 0.707153
    outer loop
      vertex -34.0637 -28.6 42
      vertex -33.8327 -28.2 41.6
      vertex -41.8002 -15.2 42
    endloop
  endfacet
  facet normal -0.612399 -0.353569 0.707076
    outer loop
      vertex -10.8542 -15.2 42
      vertex -18.5907 -1.8 42
      vertex -18.8216 -2.2 41.6
    endloop
  endfacet
  facet normal -0.612399 0.353569 0.707076
    outer loop
      vertex -18.5907 -28.6 42
      vertex -10.8542 -15.2 42
      vertex -18.8216 -28.2 41.6
    endloop
  endfacet
  facet normal 0 -0.707107 0.707107
    outer loop
      vertex -33.8327 -2.2 41.6
      vertex -18.5907 -1.8 42
      vertex -34.0637 -1.8 42
    endloop
  endfacet
  facet normal 0 -0.707107 0.707107
    outer loop
      vertex -18.5907 -1.8 42
      vertex -33.8327 -2.2 41.6
      vertex -18.8216 -2.2 41.6
    endloop
  endfacet
  facet normal 0.612333 -0.353531 0.707153
    outer loop
      vertex -33.8327 -2.2 41.6
      vertex -34.0637 -1.8 42
      vertex -41.8002 -15.2 42
    endloop
  endfacet
  facet normal 0.866032 -0.499989 0
    outer loop
      vertex 18.8216 -2.2 29.6
      vertex 18.1288 -3.4 28.1
      vertex 18.8216 -2.2 28.1
    endloop
  endfacet
  facet normal 0.866027 -0.499997 8.88233e-06
    outer loop
      vertex 11.3161 -15.2 29.6
      vertex 18.1288 -3.4 28.1
      vertex 18.8216 -2.2 29.6
    endloop
  endfacet
  facet normal 0.866026 -0.499998 0
    outer loop
      vertex 11.3161 -15.2 5
      vertex 18.1288 -3.4 28.1
      vertex 11.3161 -15.2 29.6
    endloop
  endfacet
  facet normal 0.866026 -0.499998 0
    outer loop
      vertex 18.1288 -3.4 28.1
      vertex 11.3161 -15.2 5
      vertex 18.1288 -3.4 5
    endloop
  endfacet
  facet normal -0.866023 0.500004 0
    outer loop
      vertex 40.6455 -16.4 5
      vertex 33.8327 -28.2 5
      vertex 40.6455 -16.4 28.1
    endloop
  endfacet
  facet normal -0.866032 0.499989 0
    outer loop
      vertex 40.6455 -16.4 28.1
      vertex 41.3383 -15.2 29.6
      vertex 41.3383 -15.2 28.1
    endloop
  endfacet
  facet normal -0.866024 0.500002 -1.42117e-05
    outer loop
      vertex 40.6455 -16.4 28.1
      vertex 33.8327 -28.2 29.6
      vertex 41.3383 -15.2 29.6
    endloop
  endfacet
  facet normal -0.866023 0.500004 0
    outer loop
      vertex 33.8327 -28.2 29.6
      vertex 40.6455 -16.4 28.1
      vertex 33.8327 -28.2 5
    endloop
  endfacet
  facet normal 0.866026 0.499998 0
    outer loop
      vertex 11.3161 -15.2 29.6
      vertex 18.1288 -27 28.1
      vertex 11.3161 -15.2 5
    endloop
  endfacet
  facet normal 0.866027 0.499997 8.88233e-06
    outer loop
      vertex 18.8216 -28.2 29.6
      vertex 18.1288 -27 28.1
      vertex 11.3161 -15.2 29.6
    endloop
  endfacet
  facet normal 0.866032 0.499989 0
    outer loop
      vertex 18.1288 -27 28.1
      vertex 18.8216 -28.2 29.6
      vertex 18.8216 -28.2 28.1
    endloop
  endfacet
  facet normal 0.866026 0.499998 0
    outer loop
      vertex 11.3161 -15.2 5
      vertex 18.1288 -27 28.1
      vertex 18.1288 -27 5
    endloop
  endfacet
  facet normal 0 1 0
    outer loop
      vertex 33.8327 -28.2 29.6
      vertex 20.2073 -28.2 28.1
      vertex 18.8216 -28.2 29.6
    endloop
  endfacet
  facet normal 0 1 -0
    outer loop
      vertex 33.8327 -28.2 5
      vertex 20.2073 -28.2 28.1
      vertex 33.8327 -28.2 29.6
    endloop
  endfacet
  facet normal 0 1 0
    outer loop
      vertex 20.2073 -28.2 28.1
      vertex 33.8327 -28.2 5
      vertex 20.2073 -28.2 5
    endloop
  endfacet
  facet normal 0 1 0
    outer loop
      vertex 18.8216 -28.2 29.6
      vertex 20.2073 -28.2 28.1
      vertex 18.8216 -28.2 28.1
    endloop
  endfacet
  facet normal 0 -1 0
    outer loop
      vertex 20.2073 -2.2 28.1
      vertex 18.8216 -2.2 29.6
      vertex 18.8216 -2.2 28.1
    endloop
  endfacet
  facet normal 0 -1 0
    outer loop
      vertex 18.8216 -2.2 29.6
      vertex 20.2073 -2.2 28.1
      vertex 33.8327 -2.2 29.6
    endloop
  endfacet
  facet normal 0 -1 0
    outer loop
      vertex 33.8327 -2.2 5
      vertex 20.2073 -2.2 28.1
      vertex 20.2073 -2.2 5
    endloop
  endfacet
  facet normal 0 -1 0
    outer loop
      vertex 20.2073 -2.2 28.1
      vertex 33.8327 -2.2 5
      vertex 33.8327 -2.2 29.6
    endloop
  endfacet
  facet normal -0.866023 -0.500004 -0
    outer loop
      vertex 40.6455 -14 28.1
      vertex 33.8327 -2.2 5
      vertex 40.6455 -14 5
    endloop
  endfacet
  facet normal -0.866023 -0.500004 0
    outer loop
      vertex 33.8327 -2.2 5
      vertex 40.6455 -14 28.1
      vertex 33.8327 -2.2 29.6
    endloop
  endfacet
  facet normal -0.866032 -0.499989 -0
    outer loop
      vertex 41.3383 -15.2 29.6
      vertex 40.6455 -14 28.1
      vertex 41.3383 -15.2 28.1
    endloop
  endfacet
  facet normal -0.866024 -0.500002 -1.42117e-05
    outer loop
      vertex 40.6455 -14 28.1
      vertex 41.3383 -15.2 29.6
      vertex 33.8327 -2.2 29.6
    endloop
  endfacet
  facet normal 0.61236 -0.353544 0.707123
    outer loop
      vertex 11.3161 -15.2 29.6
      vertex 18.8216 -2.2 29.6
      vertex 10.8542 -15.2 30
    endloop
  endfacet
  facet normal 0.61236 0.353544 0.707123
    outer loop
      vertex 18.8216 -28.2 29.6
      vertex 11.3161 -15.2 29.6
      vertex 10.8542 -15.2 30
    endloop
  endfacet
  facet normal -0.612359 0.353548 0.707121
    outer loop
      vertex 41.8002 -15.2 30
      vertex 41.3383 -15.2 29.6
      vertex 33.8327 -28.2 29.6
    endloop
  endfacet
  facet normal -0.612359 -0.353548 0.707121
    outer loop
      vertex 41.3383 -15.2 29.6
      vertex 41.8002 -15.2 30
      vertex 33.8327 -2.2 29.6
    endloop
  endfacet
  facet normal 0 0.707107 0.707107
    outer loop
      vertex 33.8327 -28.2 29.6
      vertex 18.5907 -28.6 30
      vertex 34.0637 -28.6 30
    endloop
  endfacet
  facet normal 0 0.707107 0.707107
    outer loop
      vertex 18.5907 -28.6 30
      vertex 33.8327 -28.2 29.6
      vertex 18.8216 -28.2 29.6
    endloop
  endfacet
  facet normal 0.612399 0.353569 0.707076
    outer loop
      vertex 18.5907 -28.6 30
      vertex 18.8216 -28.2 29.6
      vertex 10.8542 -15.2 30
    endloop
  endfacet
  facet normal -0.612333 -0.353531 0.707153
    outer loop
      vertex 41.8002 -15.2 30
      vertex 34.0637 -1.8 30
      vertex 33.8327 -2.2 29.6
    endloop
  endfacet
  facet normal -0.612333 0.353531 0.707153
    outer loop
      vertex 34.0637 -28.6 30
      vertex 41.8002 -15.2 30
      vertex 33.8327 -28.2 29.6
    endloop
  endfacet
  facet normal 0 -0.707107 0.707107
    outer loop
      vertex 18.8216 -2.2 29.6
      vertex 34.0637 -1.8 30
      vertex 18.5907 -1.8 30
    endloop
  endfacet
  facet normal 0 -0.707107 0.707107
    outer loop
      vertex 34.0637 -1.8 30
      vertex 18.8216 -2.2 29.6
      vertex 33.8327 -2.2 29.6
    endloop
  endfacet
  facet normal 0.612399 -0.353569 0.707076
    outer loop
      vertex 18.8216 -2.2 29.6
      vertex 18.5907 -1.8 30
      vertex 10.8542 -15.2 30
    endloop
  endfacet
  facet normal 0 0 1
    outer loop
      vertex -43.0872 -13.8292 16
      vertex -43.8786 -15.2 16
      vertex -43.0872 -15.2 16
    endloop
  endfacet
  facet normal -0 0 1
    outer loop
      vertex -34.7072 -29.7146 16
      vertex -17.5514 -30.4 16
      vertex -17.1557 -29.7146 16
    endloop
  endfacet
  facet normal 0 0 1
    outer loop
      vertex -34.7072 -29.7146 16
      vertex -35.1029 -30.4 16
      vertex -17.5514 -30.4 16
    endloop
  endfacet
  facet normal 0 0 1
    outer loop
      vertex -35.9644 -27.537 16
      vertex -35.1029 -30.4 16
      vertex -34.7072 -29.7146 16
    endloop
  endfacet
  facet normal -0 0 1
    outer loop
      vertex -43.8786 -15.2 16
      vertex -35.9644 -27.537 16
      vertex -43.0872 -15.2 16
    endloop
  endfacet
  facet normal 0 0 1
    outer loop
      vertex -35.9644 -27.537 16
      vertex -43.8786 -15.2 16
      vertex -35.1029 -30.4 16
    endloop
  endfacet
  facet normal 0 0 1
    outer loop
      vertex 43.8786 15.2 16
      vertex 35.9644 27.537 16
      vertex 43.0872 15.2 16
    endloop
  endfacet
  facet normal 0 0 1
    outer loop
      vertex 35.1029 30.4 16
      vertex 35.9644 27.537 16
      vertex 43.8786 15.2 16
    endloop
  endfacet
  facet normal 0 0 1
    outer loop
      vertex 35.1029 30.4 16
      vertex 34.7072 29.7146 16
      vertex 35.9644 27.537 16
    endloop
  endfacet
  facet normal -0 0 1
    outer loop
      vertex 17.5514 30.4 16
      vertex 34.7072 29.7146 16
      vertex 35.1029 30.4 16
    endloop
  endfacet
  facet normal 0 0 1
    outer loop
      vertex 34.7072 29.7146 16
      vertex 17.5514 30.4 16
      vertex 17.1557 29.7146 16
    endloop
  endfacet
  facet normal 0 0 1
    outer loop
      vertex 43.8786 15.2 16
      vertex 43.0872 15.2 16
      vertex 43.0872 13.8292 16
    endloop
  endfacet
  facet normal 0 0 1
    outer loop
      vertex -17.5514 30.4 16
      vertex -34.7072 29.7146 16
      vertex -17.1557 29.7146 16
    endloop
  endfacet
  facet normal -0 0 1
    outer loop
      vertex -35.1029 30.4 16
      vertex -34.7072 29.7146 16
      vertex -17.5514 30.4 16
    endloop
  endfacet
  facet normal 0 0 1
    outer loop
      vertex -35.1029 30.4 16
      vertex -35.9644 27.537 16
      vertex -34.7072 29.7146 16
    endloop
  endfacet
  facet normal 0 0 1
    outer loop
      vertex -43.8786 15.2 16
      vertex -35.9644 27.537 16
      vertex -35.1029 30.4 16
    endloop
  endfacet
  facet normal 0 0 1
    outer loop
      vertex -43.0872 15.2 16
      vertex -43.8786 15.2 16
      vertex -43.0872 13.8292 16
    endloop
  endfacet
  facet normal 0 0 1
    outer loop
      vertex -35.9644 27.537 16
      vertex -43.8786 15.2 16
      vertex -43.0872 15.2 16
    endloop
  endfacet
  facet normal 0 0 1
    outer loop
      vertex 35.9644 -27.537 16
      vertex 43.1858 -16.4 16
      vertex 42.3944 -16.4 16
    endloop
  endfacet
  facet normal -0 0 1
    outer loop
      vertex 35.9644 -27.537 16
      vertex 35.1029 -30.4 16
      vertex 43.1858 -16.4 16
    endloop
  endfacet
  facet normal -0 0 1
    outer loop
      vertex 34.7072 -29.7146 16
      vertex 35.1029 -30.4 16
      vertex 35.9644 -27.537 16
    endloop
  endfacet
  facet normal -0 0 1
    outer loop
      vertex 19.3328 -29.7146 16
      vertex 35.1029 -30.4 16
      vertex 34.7072 -29.7146 16
    endloop
  endfacet
  facet normal 0 0 1
    outer loop
      vertex 35.1029 -30.4 16
      vertex 19.3328 -29.7146 16
      vertex 18.9371 -30.4 16
    endloop
  endfacet
  facet normal 0 0 1
    outer loop
      vertex 43.3786 -14.334 16
      vertex 43.3786 -16.066 16
      vertex 43.8786 -15.2 16
    endloop
  endfacet
  facet normal 0 0 1
    outer loop
      vertex 43.0872 -13.8292 16
      vertex 43.0872 -14 16
      vertex 43.1858 -14 16
    endloop
  endfacet
  facet normal 0 0 1
    outer loop
      vertex 17.3643 -29.7146 16
      vertex 17.5514 -30.4 16
      vertex 18.5514 -30.4 16
    endloop
  endfacet
  facet normal 0 0 1
    outer loop
      vertex 17.5514 -30.4 16
      vertex 17.3643 -29.7146 16
      vertex 17.1557 -29.7146 16
    endloop
  endfacet
  facet normal 0 -1 0
    outer loop
      vertex 17.5514 30.4 16
      vertex 35.1029 30.4 18.99
      vertex 17.5514 30.4 18.99
    endloop
  endfacet
  facet normal 0 -1 -0
    outer loop
      vertex 35.1029 30.4 18.99
      vertex 17.5514 30.4 16
      vertex 35.1029 30.4 16
    endloop
  endfacet
  facet normal 0 -1 0
    outer loop
      vertex -35.1029 30.4 16
      vertex -17.5514 30.4 18.99
      vertex -35.1029 30.4 18.99
    endloop
  endfacet
  facet normal 0 -1 -0
    outer loop
      vertex -17.5514 30.4 18.99
      vertex -35.1029 30.4 16
      vertex -17.5514 30.4 16
    endloop
  endfacet
  facet normal 0.866026 -0.499999 0
    outer loop
      vertex -43.8786 15.2 18.99
      vertex -35.1029 30.4 16
      vertex -35.1029 30.4 18.99
    endloop
  endfacet
  facet normal 0.866026 -0.499999 0
    outer loop
      vertex -35.1029 30.4 16
      vertex -43.8786 15.2 18.99
      vertex -43.8786 15.2 16
    endloop
  endfacet
  facet normal 0.866034 0.499985 0
    outer loop
      vertex -43.0872 13.8292 16
      vertex -43.8786 15.2 16
      vertex -43.8786 15.2 18.99
    endloop
  endfacet
  facet normal 0.866034 -0.499985 0
    outer loop
      vertex -43.8786 -15.2 18.99
      vertex -43.8786 -15.2 16
      vertex -43.0872 -13.8292 16
    endloop
  endfacet
  facet normal 0.866026 0.499999 0
    outer loop
      vertex -35.1029 -30.4 18.99
      vertex -43.8786 -15.2 16
      vertex -43.8786 -15.2 18.99
    endloop
  endfacet
  facet normal 0.866026 0.499999 0
    outer loop
      vertex -43.8786 -15.2 16
      vertex -35.1029 -30.4 18.99
      vertex -35.1029 -30.4 16
    endloop
  endfacet
  facet normal 0 1 -0
    outer loop
      vertex -17.5514 -30.4 16
      vertex -35.1029 -30.4 18.99
      vertex -17.5514 -30.4 18.99
    endloop
  endfacet
  facet normal 0 1 0
    outer loop
      vertex -35.1029 -30.4 18.99
      vertex -17.5514 -30.4 16
      vertex -35.1029 -30.4 16
    endloop
  endfacet
  facet normal 0 1 -0
    outer loop
      vertex 35.1029 -30.4 16
      vertex 18.9371 -30.4 18.99
      vertex 35.1029 -30.4 18.99
    endloop
  endfacet
  facet normal 0 1 0
    outer loop
      vertex 18.9371 -30.4 18.99
      vertex 35.1029 -30.4 16
      vertex 18.9371 -30.4 16
    endloop
  endfacet
  facet normal 0 1 -0
    outer loop
      vertex 18.5514 -30.4 16
      vertex 17.5514 -30.4 18.99
      vertex 18.5514 -30.4 18.99
    endloop
  endfacet
  facet normal 0 1 0
    outer loop
      vertex 17.5514 -30.4 18.99
      vertex 18.5514 -30.4 16
      vertex 17.5514 -30.4 16
    endloop
  endfacet
  facet normal -0.866026 0.5 0
    outer loop
      vertex 35.1029 -30.4 16
      vertex 43.1858 -16.4 18.99
      vertex 43.1858 -16.4 16
    endloop
  endfacet
  facet normal -0.866026 0.5 0
    outer loop
      vertex 43.1858 -16.4 18.99
      vertex 35.1029 -30.4 16
      vertex 35.1029 -30.4 18.99
    endloop
  endfacet
  facet normal -0.866019 0.500011 0
    outer loop
      vertex 43.3786 -16.066 16
      vertex 43.8786 -15.2 18.99
      vertex 43.8786 -15.2 16
    endloop
  endfacet
  facet normal -0.866019 0.500011 0
    outer loop
      vertex 43.8786 -15.2 18.99
      vertex 43.3786 -16.066 16
      vertex 43.3786 -16.066 18.99
    endloop
  endfacet
  facet normal -0.866019 -0.500011 0
    outer loop
      vertex 43.8786 -15.2 16
      vertex 43.3786 -14.334 17.101
      vertex 43.3786 -14.334 16
    endloop
  endfacet
  facet normal -0.866019 -0.500011 0
    outer loop
      vertex 43.3786 -14.334 17.101
      vertex 43.8786 -15.2 16
      vertex 43.8786 -15.2 18.99
    endloop
  endfacet
  facet normal -0.86605 -0.499957 -0
    outer loop
      vertex 43.1858 -14 16.3725
      vertex 43.0872 -13.8292 16
      vertex 43.1858 -14 16
    endloop
  endfacet
  facet normal -0.866034 0.499985 0
    outer loop
      vertex 43.8786 15.2 16
      vertex 43.0872 13.8292 16
      vertex 43.8786 15.2 18.99
    endloop
  endfacet
  facet normal -0.866026 -0.499999 0
    outer loop
      vertex 43.8786 15.2 16
      vertex 35.1029 30.4 18.99
      vertex 35.1029 30.4 16
    endloop
  endfacet
  facet normal -0.866026 -0.499999 0
    outer loop
      vertex 35.1029 30.4 18.99
      vertex 43.8786 15.2 16
      vertex 43.8786 15.2 18.99
    endloop
  endfacet
  facet normal 0.844139 0.487349 -0.22343
    outer loop
      vertex 35.1029 30.4 18.99
      vertex 35.9644 27.537 16
      vertex 34.7072 29.7146 16
    endloop
  endfacet
  facet normal 0.844131 0.487358 -0.22344
    outer loop
      vertex 35.9644 27.537 16
      vertex 35.1029 30.4 18.99
      vertex 43.8786 15.2 18.99
    endloop
  endfacet
  facet normal 0.844126 -0.48737 -0.223432
    outer loop
      vertex 43.8786 -15.2 18.99
      vertex 43.3786 -15.9794 18.8011
      vertex 43.3786 -15.2 17.101
    endloop
  endfacet
  facet normal 0.844133 -0.487364 -0.223418
    outer loop
      vertex 43.1088 -16.4 18.6992
      vertex 35.9644 -27.537 16
      vertex 42.3944 -16.4 16
    endloop
  endfacet
  facet normal -0.844139 -0.487349 -0.22343
    outer loop
      vertex -35.1029 -30.4 18.99
      vertex -35.9644 -27.537 16
      vertex -34.7072 -29.7146 16
    endloop
  endfacet
  facet normal -0.844131 -0.487358 -0.22344
    outer loop
      vertex -35.9644 -27.537 16
      vertex -35.1029 -30.4 18.99
      vertex -43.8786 -15.2 18.99
    endloop
  endfacet
  facet normal 0.844126 -0.48737 -0.223432
    outer loop
      vertex 43.8786 -15.2 18.99
      vertex 43.3786 -16.066 18.99
      vertex 43.3786 -15.9794 18.8011
    endloop
  endfacet
  facet normal 0.844124 -0.487336 -0.223513
    outer loop
      vertex 43.1858 -16.4 18.99
      vertex 35.9644 -27.537 16
      vertex 43.1088 -16.4 18.6992
    endloop
  endfacet
  facet normal 0.84413 -0.487359 -0.223441
    outer loop
      vertex 35.1029 -30.4 18.99
      vertex 35.9644 -27.537 16
      vertex 43.1858 -16.4 18.99
    endloop
  endfacet
  facet normal 0.844139 -0.487349 -0.22343
    outer loop
      vertex 35.9644 -27.537 16
      vertex 35.1029 -30.4 18.99
      vertex 34.7072 -29.7146 16
    endloop
  endfacet
  facet normal 0 0.974719 -0.223436
    outer loop
      vertex 34.7072 29.7146 16
      vertex 17.5514 30.4 18.99
      vertex 35.1029 30.4 18.99
    endloop
  endfacet
  facet normal 0 0.974719 -0.223436
    outer loop
      vertex 17.5514 30.4 18.99
      vertex 34.7072 29.7146 16
      vertex 17.1557 29.7146 16
    endloop
  endfacet
  facet normal 0 0.974719 -0.223436
    outer loop
      vertex -34.7072 29.7146 16
      vertex -17.5514 30.4 18.99
      vertex -17.1557 29.7146 16
    endloop
  endfacet
  facet normal 0 0.974719 -0.223436
    outer loop
      vertex -17.5514 30.4 18.99
      vertex -34.7072 29.7146 16
      vertex -35.1029 30.4 18.99
    endloop
  endfacet
  facet normal -0.844132 -0.487362 -0.223427
    outer loop
      vertex -35.9644 -27.537 16
      vertex -43.8786 -15.2 18.99
      vertex -43.0872 -15.2 16
    endloop
  endfacet
  facet normal -0.966711 0 -0.255871
    outer loop
      vertex -43.0872 13.8292 16
      vertex -43.8786 15.2 18.99
      vertex -43.0872 15.2 16
    endloop
  endfacet
  facet normal -0.966711 0 -0.255871
    outer loop
      vertex -43.0872 -15.2 16
      vertex -43.8786 -15.2 18.99
      vertex -43.0872 -13.8292 16
    endloop
  endfacet
  facet normal 0 -0.974719 -0.223436
    outer loop
      vertex -34.7072 -29.7146 16
      vertex -17.5514 -30.4 18.99
      vertex -35.1029 -30.4 18.99
    endloop
  endfacet
  facet normal 0 -0.974719 -0.223436
    outer loop
      vertex -17.5514 -30.4 18.99
      vertex -34.7072 -29.7146 16
      vertex -17.1557 -29.7146 16
    endloop
  endfacet
  facet normal 0 -0.974719 -0.223436
    outer loop
      vertex 19.3328 -29.7146 16
      vertex 35.1029 -30.4 18.99
      vertex 18.9371 -30.4 18.99
    endloop
  endfacet
  facet normal 0 -0.974719 -0.223436
    outer loop
      vertex 35.1029 -30.4 18.99
      vertex 19.3328 -29.7146 16
      vertex 34.7072 -29.7146 16
    endloop
  endfacet
  facet normal -0 -0.974719 -0.223436
    outer loop
      vertex 17.3643 -29.7146 16
      vertex 17.5514 -30.4 18.99
      vertex 17.1557 -29.7146 16
    endloop
  endfacet
  facet normal 0 -0.974719 -0.223436
    outer loop
      vertex 17.5514 -30.4 18.99
      vertex 17.3643 -29.7146 16
      vertex 18.5514 -30.4 18.99
    endloop
  endfacet
  facet normal 0.844132 0.487362 -0.223427
    outer loop
      vertex 43.0872 15.2 16
      vertex 35.9644 27.537 16
      vertex 43.8786 15.2 18.99
    endloop
  endfacet
  facet normal -0.844139 0.487349 -0.22343
    outer loop
      vertex -35.9644 27.537 16
      vertex -35.1029 30.4 18.99
      vertex -34.7072 29.7146 16
    endloop
  endfacet
  facet normal -0.844131 0.487358 -0.22344
    outer loop
      vertex -35.1029 30.4 18.99
      vertex -35.9644 27.537 16
      vertex -43.8786 15.2 18.99
    endloop
  endfacet
  facet normal 0.966709 0 -0.255878
    outer loop
      vertex 43.8786 -15.2 18.99
      vertex 43.3786 -15.2 17.101
      vertex 43.3786 -14.334 17.101
    endloop
  endfacet
  facet normal 0.966711 0 -0.255871
    outer loop
      vertex 43.8786 15.2 18.99
      vertex 43.0872 13.8292 16
      vertex 43.0872 15.2 16
    endloop
  endfacet
  facet normal 0.966707 0 -0.255885
    outer loop
      vertex 43.1858 -14 16.3725
      vertex 43.0872 -14 16
      vertex 43.0872 -13.8292 16
    endloop
  endfacet
  facet normal -0.844132 0.487362 -0.223427
    outer loop
      vertex -43.0872 15.2 16
      vertex -43.8786 15.2 18.99
      vertex -35.9644 27.537 16
    endloop
  endfacet
  facet normal 0 0 1
    outer loop
      vertex -43.1758 -13.9828 21
      vertex -43.8786 -15.2 21
      vertex -43.1758 -15.2 21
    endloop
  endfacet
  facet normal -0 0 1
    outer loop
      vertex -34.7515 -29.7914 21
      vertex -17.5514 -30.4 21
      vertex -17.2001 -29.7914 21
    endloop
  endfacet
  facet normal 0 0 1
    outer loop
      vertex -34.7515 -29.7914 21
      vertex -35.1029 -30.4 21
      vertex -17.5514 -30.4 21
    endloop
  endfacet
  facet normal 0 0 1
    outer loop
      vertex -36.851 -26.155 21
      vertex -35.1029 -30.4 21
      vertex -34.7515 -29.7914 21
    endloop
  endfacet
  facet normal -0 0 1
    outer loop
      vertex -43.8786 -15.2 21
      vertex -36.851 -26.155 21
      vertex -43.1758 -15.2 21
    endloop
  endfacet
  facet normal 0 0 1
    outer loop
      vertex -36.851 -26.155 21
      vertex -43.8786 -15.2 21
      vertex -35.1029 -30.4 21
    endloop
  endfacet
  facet normal 0 0 1
    outer loop
      vertex 43.8786 15.2 21
      vertex 36.851 26.155 21
      vertex 43.1758 15.2 21
    endloop
  endfacet
  facet normal 0 0 1
    outer loop
      vertex 35.1029 30.4 21
      vertex 36.851 26.155 21
      vertex 43.8786 15.2 21
    endloop
  endfacet
  facet normal 0 0 1
    outer loop
      vertex 35.1029 30.4 21
      vertex 34.7515 29.7914 21
      vertex 36.851 26.155 21
    endloop
  endfacet
  facet normal -0 0 1
    outer loop
      vertex 17.5514 30.4 21
      vertex 34.7515 29.7914 21
      vertex 35.1029 30.4 21
    endloop
  endfacet
  facet normal 0 0 1
    outer loop
      vertex 34.7515 29.7914 21
      vertex 17.5514 30.4 21
      vertex 17.2001 29.7914 21
    endloop
  endfacet
  facet normal 0 0 1
    outer loop
      vertex 43.8786 15.2 21
      vertex 43.1758 15.2 21
      vertex 43.1758 13.9828 21
    endloop
  endfacet
  facet normal 0 0 1
    outer loop
      vertex -17.5514 30.4 21
      vertex -34.7515 29.7914 21
      vertex -17.2001 29.7914 21
    endloop
  endfacet
  facet normal -0 0 1
    outer loop
      vertex -35.1029 30.4 21
      vertex -34.7515 29.7914 21
      vertex -17.5514 30.4 21
    endloop
  endfacet
  facet normal 0 0 1
    outer loop
      vertex -35.1029 30.4 21
      vertex -36.851 26.155 21
      vertex -34.7515 29.7914 21
    endloop
  endfacet
  facet normal 0 0 1
    outer loop
      vertex -43.8786 15.2 21
      vertex -36.851 26.155 21
      vertex -35.1029 30.4 21
    endloop
  endfacet
  facet normal 0 0 1
    outer loop
      vertex -43.1758 15.2 21
      vertex -43.8786 15.2 21
      vertex -43.1758 13.9828 21
    endloop
  endfacet
  facet normal 0 0 1
    outer loop
      vertex -36.851 26.155 21
      vertex -43.8786 15.2 21
      vertex -43.1758 15.2 21
    endloop
  endfacet
  facet normal 0 0 1
    outer loop
      vertex 36.851 -26.155 21
      vertex 43.1858 -16.4 21
      vertex 42.483 -16.4 21
    endloop
  endfacet
  facet normal -0 0 1
    outer loop
      vertex 36.851 -26.155 21
      vertex 35.1029 -30.4 21
      vertex 43.1858 -16.4 21
    endloop
  endfacet
  facet normal -0 0 1
    outer loop
      vertex 34.7515 -29.7914 21
      vertex 35.1029 -30.4 21
      vertex 36.851 -26.155 21
    endloop
  endfacet
  facet normal -0 0 1
    outer loop
      vertex 19.2885 -29.7914 21
      vertex 35.1029 -30.4 21
      vertex 34.7515 -29.7914 21
    endloop
  endfacet
  facet normal 0 0 1
    outer loop
      vertex 35.1029 -30.4 21
      vertex 19.2885 -29.7914 21
      vertex 18.9371 -30.4 21
    endloop
  endfacet
  facet normal 0 0 1
    outer loop
      vertex 43.3786 -14.334 21
      vertex 43.3786 -16.066 21
      vertex 43.8786 -15.2 21
    endloop
  endfacet
  facet normal 0 0 1
    outer loop
      vertex 43.1758 -13.9828 21
      vertex 43.1758 -14 21
      vertex 43.1858 -14 21
    endloop
  endfacet
  facet normal 0 0 1
    outer loop
      vertex 17.4973 -29.7914 21
      vertex 17.5514 -30.4 21
      vertex 18.5514 -30.4 21
    endloop
  endfacet
  facet normal 0 0 1
    outer loop
      vertex 17.5514 -30.4 21
      vertex 17.4973 -29.7914 21
      vertex 17.2001 -29.7914 21
    endloop
  endfacet
  facet normal 0 -1 0
    outer loop
      vertex 17.5514 30.4 21
      vertex 35.1029 30.4 22.59
      vertex 17.5514 30.4 22.59
    endloop
  endfacet
  facet normal 0 -1 -0
    outer loop
      vertex 35.1029 30.4 22.59
      vertex 17.5514 30.4 21
      vertex 35.1029 30.4 21
    endloop
  endfacet
  facet normal 0 -1 0
    outer loop
      vertex -35.1029 30.4 21
      vertex -17.5514 30.4 22.59
      vertex -35.1029 30.4 22.59
    endloop
  endfacet
  facet normal 0 -1 -0
    outer loop
      vertex -17.5514 30.4 22.59
      vertex -35.1029 30.4 21
      vertex -17.5514 30.4 21
    endloop
  endfacet
  facet normal 0.866026 -0.499999 0
    outer loop
      vertex -43.8786 15.2 22.59
      vertex -35.1029 30.4 21
      vertex -35.1029 30.4 22.59
    endloop
  endfacet
  facet normal 0.866026 -0.499999 0
    outer loop
      vertex -35.1029 30.4 21
      vertex -43.8786 15.2 22.59
      vertex -43.8786 15.2 21
    endloop
  endfacet
  facet normal 0.86601 0.500026 0
    outer loop
      vertex -43.1758 13.9828 21
      vertex -43.8786 15.2 21
      vertex -43.8786 15.2 22.59
    endloop
  endfacet
  facet normal 0.86601 -0.500026 0
    outer loop
      vertex -43.8786 -15.2 22.59
      vertex -43.8786 -15.2 21
      vertex -43.1758 -13.9828 21
    endloop
  endfacet
  facet normal 0.866026 0.499999 0
    outer loop
      vertex -35.1029 -30.4 22.59
      vertex -43.8786 -15.2 21
      vertex -43.8786 -15.2 22.59
    endloop
  endfacet
  facet normal 0.866026 0.499999 0
    outer loop
      vertex -43.8786 -15.2 21
      vertex -35.1029 -30.4 22.59
      vertex -35.1029 -30.4 21
    endloop
  endfacet
  facet normal 0 1 -0
    outer loop
      vertex -17.5514 -30.4 21
      vertex -35.1029 -30.4 22.59
      vertex -17.5514 -30.4 22.59
    endloop
  endfacet
  facet normal 0 1 0
    outer loop
      vertex -35.1029 -30.4 22.59
      vertex -17.5514 -30.4 21
      vertex -35.1029 -30.4 21
    endloop
  endfacet
  facet normal 0 1 -0
    outer loop
      vertex 35.1029 -30.4 21
      vertex 18.9371 -30.4 22.59
      vertex 35.1029 -30.4 22.59
    endloop
  endfacet
  facet normal 0 1 0
    outer loop
      vertex 18.9371 -30.4 22.59
      vertex 35.1029 -30.4 21
      vertex 18.9371 -30.4 21
    endloop
  endfacet
  facet normal 0 1 -0
    outer loop
      vertex 18.5514 -30.4 21
      vertex 17.5514 -30.4 22.59
      vertex 18.5514 -30.4 22.59
    endloop
  endfacet
  facet normal 0 1 0
    outer loop
      vertex 17.5514 -30.4 22.59
      vertex 18.5514 -30.4 21
      vertex 17.5514 -30.4 21
    endloop
  endfacet
  facet normal -0.866026 0.5 0
    outer loop
      vertex 35.1029 -30.4 21
      vertex 43.1858 -16.4 22.59
      vertex 43.1858 -16.4 21
    endloop
  endfacet
  facet normal -0.866026 0.5 0
    outer loop
      vertex 43.1858 -16.4 22.59
      vertex 35.1029 -30.4 21
      vertex 35.1029 -30.4 22.59
    endloop
  endfacet
  facet normal -0.866019 0.500011 0
    outer loop
      vertex 43.3786 -16.066 21
      vertex 43.8786 -15.2 22.59
      vertex 43.8786 -15.2 21
    endloop
  endfacet
  facet normal -0.866019 0.500011 0
    outer loop
      vertex 43.8786 -15.2 22.59
      vertex 43.3786 -16.066 21
      vertex 43.3786 -16.066 22.59
    endloop
  endfacet
  facet normal -0.866019 -0.500011 0
    outer loop
      vertex 43.8786 -15.2 21
      vertex 43.3786 -14.334 21.4588
      vertex 43.3786 -14.334 21
    endloop
  endfacet
  facet normal -0.866019 -0.500011 0
    outer loop
      vertex 43.3786 -14.334 21.4588
      vertex 43.8786 -15.2 21
      vertex 43.8786 -15.2 22.59
    endloop
  endfacet
  facet normal -0.864507 -0.50262 -0
    outer loop
      vertex 43.1858 -14 21.0225
      vertex 43.1758 -13.9828 21
      vertex 43.1858 -14 21
    endloop
  endfacet
  facet normal -0.86601 0.500026 0
    outer loop
      vertex 43.8786 15.2 21
      vertex 43.1758 13.9828 21
      vertex 43.8786 15.2 22.59
    endloop
  endfacet
  facet normal -0.866026 -0.499999 0
    outer loop
      vertex 43.8786 15.2 21
      vertex 35.1029 30.4 22.59
      vertex 35.1029 30.4 21
    endloop
  endfacet
  facet normal -0.866026 -0.499999 0
    outer loop
      vertex 35.1029 30.4 22.59
      vertex 43.8786 15.2 21
      vertex 43.8786 15.2 22.59
    endloop
  endfacet
  facet normal 0.914635 0 -0.40428
    outer loop
      vertex 43.8786 15.2 22.59
      vertex 43.1758 13.9828 21
      vertex 43.1758 15.2 21
    endloop
  endfacet
  facet normal 0.914637 0 -0.404277
    outer loop
      vertex 43.8786 -15.2 22.59
      vertex 43.3786 -15.2 21.4588
      vertex 43.3786 -14.334 21.4588
    endloop
  endfacet
  facet normal 0.913812 0 -0.406138
    outer loop
      vertex 43.1858 -14 21.0225
      vertex 43.1758 -14 21
      vertex 43.1758 -13.9828 21
    endloop
  endfacet
  facet normal 0 0.933923 -0.357475
    outer loop
      vertex 34.7515 29.7914 21
      vertex 17.5514 30.4 22.59
      vertex 35.1029 30.4 22.59
    endloop
  endfacet
  facet normal 0 0.933923 -0.357475
    outer loop
      vertex 17.5514 30.4 22.59
      vertex 34.7515 29.7914 21
      vertex 17.2001 29.7914 21
    endloop
  endfacet
  facet normal 0 0.933923 -0.357475
    outer loop
      vertex -34.7515 29.7914 21
      vertex -17.5514 30.4 22.59
      vertex -17.2001 29.7914 21
    endloop
  endfacet
  facet normal 0 0.933923 -0.357475
    outer loop
      vertex -17.5514 30.4 22.59
      vertex -34.7515 29.7914 21
      vertex -35.1029 30.4 22.59
    endloop
  endfacet
  facet normal 0.808794 -0.466952 -0.357504
    outer loop
      vertex 43.1858 -16.4 22.59
      vertex 36.851 -26.155 21
      vertex 43.1088 -16.4 22.4158
    endloop
  endfacet
  facet normal 0.808801 -0.466961 -0.357475
    outer loop
      vertex 35.1029 -30.4 22.59
      vertex 36.851 -26.155 21
      vertex 43.1858 -16.4 22.59
    endloop
  endfacet
  facet normal 0.808795 -0.466963 -0.357487
    outer loop
      vertex 36.851 -26.155 21
      vertex 35.1029 -30.4 22.59
      vertex 34.7515 -29.7914 21
    endloop
  endfacet
  facet normal 0.808771 -0.466958 -0.357547
    outer loop
      vertex 43.8786 -15.2 22.59
      vertex 43.3786 -16.066 22.59
      vertex 43.3786 -15.9794 22.4769
    endloop
  endfacet
  facet normal 0.808796 0.466953 -0.357498
    outer loop
      vertex 43.1758 15.2 21
      vertex 36.851 26.155 21
      vertex 43.8786 15.2 22.59
    endloop
  endfacet
  facet normal -0.808796 -0.466953 -0.357498
    outer loop
      vertex -36.851 -26.155 21
      vertex -43.8786 -15.2 22.59
      vertex -43.1758 -15.2 21
    endloop
  endfacet
  facet normal 0 -0.933923 -0.357475
    outer loop
      vertex 19.2885 -29.7914 21
      vertex 35.1029 -30.4 22.59
      vertex 18.9371 -30.4 22.59
    endloop
  endfacet
  facet normal 0 -0.933923 -0.357475
    outer loop
      vertex 35.1029 -30.4 22.59
      vertex 19.2885 -29.7914 21
      vertex 34.7515 -29.7914 21
    endloop
  endfacet
  facet normal 0 -0.933923 -0.357475
    outer loop
      vertex -34.7515 -29.7914 21
      vertex -17.5514 -30.4 22.59
      vertex -35.1029 -30.4 22.59
    endloop
  endfacet
  facet normal 0 -0.933923 -0.357475
    outer loop
      vertex -17.5514 -30.4 22.59
      vertex -34.7515 -29.7914 21
      vertex -17.2001 -29.7914 21
    endloop
  endfacet
  facet normal -0 -0.933923 -0.357475
    outer loop
      vertex 17.4973 -29.7914 21
      vertex 17.5514 -30.4 22.59
      vertex 17.2001 -29.7914 21
    endloop
  endfacet
  facet normal 0 -0.933923 -0.357475
    outer loop
      vertex 17.5514 -30.4 22.59
      vertex 17.4973 -29.7914 21
      vertex 18.5514 -30.4 22.59
    endloop
  endfacet
  facet normal -0.808795 0.466963 -0.357487
    outer loop
      vertex -36.851 26.155 21
      vertex -35.1029 30.4 22.59
      vertex -34.7515 29.7914 21
    endloop
  endfacet
  facet normal -0.808802 0.466961 -0.357473
    outer loop
      vertex -35.1029 30.4 22.59
      vertex -36.851 26.155 21
      vertex -43.8786 15.2 22.59
    endloop
  endfacet
  facet normal -0.808795 -0.466963 -0.357487
    outer loop
      vertex -35.1029 -30.4 22.59
      vertex -36.851 -26.155 21
      vertex -34.7515 -29.7914 21
    endloop
  endfacet
  facet normal -0.808802 -0.466961 -0.357473
    outer loop
      vertex -36.851 -26.155 21
      vertex -35.1029 -30.4 22.59
      vertex -43.8786 -15.2 22.59
    endloop
  endfacet
  facet normal -0.808796 0.466953 -0.357498
    outer loop
      vertex -43.1758 15.2 21
      vertex -43.8786 15.2 22.59
      vertex -36.851 26.155 21
    endloop
  endfacet
  facet normal 0.808795 0.466963 -0.357487
    outer loop
      vertex 35.1029 30.4 22.59
      vertex 36.851 26.155 21
      vertex 34.7515 29.7914 21
    endloop
  endfacet
  facet normal 0.808802 0.466961 -0.357473
    outer loop
      vertex 36.851 26.155 21
      vertex 35.1029 30.4 22.59
      vertex 43.8786 15.2 22.59
    endloop
  endfacet
  facet normal -0.914635 0 -0.40428
    outer loop
      vertex -43.1758 -15.2 21
      vertex -43.8786 -15.2 22.59
      vertex -43.1758 -13.9828 21
    endloop
  endfacet
  facet normal -0.914635 0 -0.40428
    outer loop
      vertex -43.1758 13.9828 21
      vertex -43.8786 15.2 22.59
      vertex -43.1758 15.2 21
    endloop
  endfacet
  facet normal 0.808786 -0.466976 -0.35749
    outer loop
      vertex 43.8786 -15.2 22.59
      vertex 43.3786 -15.9794 22.4769
      vertex 43.3786 -15.2 21.4588
    endloop
  endfacet
  facet normal 0.808795 -0.466954 -0.357497
    outer loop
      vertex 43.1088 -16.4 22.4158
      vertex 36.851 -26.155 21
      vertex 42.483 -16.4 21
    endloop
  endfacet
  facet normal 0 0 1
    outer loop
      vertex -17.5514 30.4 52
      vertex -34.7072 29.7146 52
      vertex -17.1557 29.7146 52
    endloop
  endfacet
  facet normal -0 0 1
    outer loop
      vertex -35.1029 30.4 52
      vertex -34.7072 29.7146 52
      vertex -17.5514 30.4 52
    endloop
  endfacet
  facet normal 0 0 1
    outer loop
      vertex -35.1029 30.4 52
      vertex -35.9644 27.537 52
      vertex -34.7072 29.7146 52
    endloop
  endfacet
  facet normal 0 0 1
    outer loop
      vertex -43.8786 15.2 52
      vertex -35.9644 27.537 52
      vertex -35.1029 30.4 52
    endloop
  endfacet
  facet normal 0 0 1
    outer loop
      vertex -35.9644 27.537 52
      vertex -43.8786 15.2 52
      vertex -43.0872 15.2 52
    endloop
  endfacet
  facet normal 0 0 1
    outer loop
      vertex -34.7072 0.685389 52
      vertex -35.1029 0 52
      vertex -33.5201 0 52
    endloop
  endfacet
  facet normal 0 0 1
    outer loop
      vertex -35.9644 2.86304 52
      vertex -35.1029 0 52
      vertex -34.7072 0.685389 52
    endloop
  endfacet
  facet normal -0 0 1
    outer loop
      vertex -43.8786 15.2 52
      vertex -35.9644 2.86304 52
      vertex -43.0872 15.2 52
    endloop
  endfacet
  facet normal 0 0 1
    outer loop
      vertex -35.9644 2.86304 52
      vertex -43.8786 15.2 52
      vertex -35.1029 0 52
    endloop
  endfacet
  facet normal 0 0 1
    outer loop
      vertex 43.8786 15.2 52
      vertex 35.9644 27.537 52
      vertex 43.0872 15.2 52
    endloop
  endfacet
  facet normal 0 0 1
    outer loop
      vertex 35.1029 30.4 52
      vertex 35.9644 27.537 52
      vertex 43.8786 15.2 52
    endloop
  endfacet
  facet normal 0 0 1
    outer loop
      vertex 35.1029 30.4 52
      vertex 34.7072 29.7146 52
      vertex 35.9644 27.537 52
    endloop
  endfacet
  facet normal -0 0 1
    outer loop
      vertex 17.5514 30.4 52
      vertex 34.7072 29.7146 52
      vertex 35.1029 30.4 52
    endloop
  endfacet
  facet normal 0 0 1
    outer loop
      vertex 34.7072 29.7146 52
      vertex 17.5514 30.4 52
      vertex 17.1557 29.7146 52
    endloop
  endfacet
  facet normal 0 0 1
    outer loop
      vertex 35.9644 2.86304 52
      vertex 43.8786 15.2 52
      vertex 43.0872 15.2 52
    endloop
  endfacet
  facet normal -0 0 1
    outer loop
      vertex 35.9644 2.86304 52
      vertex 35.1029 0 52
      vertex 43.8786 15.2 52
    endloop
  endfacet
  facet normal -0 0 1
    outer loop
      vertex 34.7072 0.685389 52
      vertex 35.1029 0 52
      vertex 35.9644 2.86304 52
    endloop
  endfacet
  facet normal 0 0 1
    outer loop
      vertex 35.1029 0 52
      vertex 34.7072 0.685389 52
      vertex 33.5201 0 52
    endloop
  endfacet
  facet normal -0 0 1
    outer loop
      vertex 8.38 -14.5146 52
      vertex 8.77571 -15.2 52
      vertex 9.56713 -13.8292 52
    endloop
  endfacet
  facet normal -0 0 1
    outer loop
      vertex -8.38 -14.5146 52
      vertex 8.77571 -15.2 52
      vertex 8.38 -14.5146 52
    endloop
  endfacet
  facet normal 0 0 1
    outer loop
      vertex -8.38 -14.5146 52
      vertex -8.77571 -15.2 52
      vertex 8.77571 -15.2 52
    endloop
  endfacet
  facet normal 0 -0 1
    outer loop
      vertex -8.77571 -15.2 52
      vertex -8.38 -14.5146 52
      vertex -9.56713 -13.8292 52
    endloop
  endfacet
  facet normal 0 -1 0
    outer loop
      vertex -35.1029 30.4 52
      vertex -17.5514 30.4 54.99
      vertex -35.1029 30.4 54.99
    endloop
  endfacet
  facet normal 0 -1 -0
    outer loop
      vertex -17.5514 30.4 54.99
      vertex -35.1029 30.4 52
      vertex -17.5514 30.4 52
    endloop
  endfacet
  facet normal 0 -1 0
    outer loop
      vertex 17.5514 30.4 52
      vertex 35.1029 30.4 54.99
      vertex 17.5514 30.4 54.99
    endloop
  endfacet
  facet normal 0 -1 -0
    outer loop
      vertex 35.1029 30.4 54.99
      vertex 17.5514 30.4 52
      vertex 35.1029 30.4 52
    endloop
  endfacet
  facet normal 0.866026 -0.499999 0
    outer loop
      vertex -43.8786 15.2 54.99
      vertex -35.1029 30.4 52
      vertex -35.1029 30.4 54.99
    endloop
  endfacet
  facet normal 0.866026 -0.499999 0
    outer loop
      vertex -35.1029 30.4 52
      vertex -43.8786 15.2 54.99
      vertex -43.8786 15.2 52
    endloop
  endfacet
  facet normal 0.866026 0.499999 0
    outer loop
      vertex -35.1029 0 54.99
      vertex -43.8786 15.2 52
      vertex -43.8786 15.2 54.99
    endloop
  endfacet
  facet normal 0.866026 0.499999 0
    outer loop
      vertex -43.8786 15.2 52
      vertex -35.1029 0 54.99
      vertex -35.1029 0 52
    endloop
  endfacet
  facet normal 0.866029 0.499994 -0
    outer loop
      vertex -8.77571 -15.2 52
      vertex -9.56713 -13.8292 52
      vertex -8.77571 -15.2 54.99
    endloop
  endfacet
  facet normal 0 1 -0
    outer loop
      vertex 8.77571 -15.2 52
      vertex -8.77571 -15.2 54.99
      vertex 8.77571 -15.2 54.99
    endloop
  endfacet
  facet normal 0 1 0
    outer loop
      vertex -8.77571 -15.2 54.99
      vertex 8.77571 -15.2 52
      vertex -8.77571 -15.2 52
    endloop
  endfacet
  facet normal -0.866029 0.499994 0
    outer loop
      vertex 9.56713 -13.8292 52
      vertex 8.77571 -15.2 52
      vertex 8.77571 -15.2 54.99
    endloop
  endfacet
  facet normal -0.866026 0.499999 0
    outer loop
      vertex 35.1029 0 52
      vertex 43.8786 15.2 54.99
      vertex 43.8786 15.2 52
    endloop
  endfacet
  facet normal -0.866026 0.499999 0
    outer loop
      vertex 43.8786 15.2 54.99
      vertex 35.1029 0 52
      vertex 35.1029 0 54.99
    endloop
  endfacet
  facet normal -0.866026 -0.499999 0
    outer loop
      vertex 43.8786 15.2 52
      vertex 35.1029 30.4 54.99
      vertex 35.1029 30.4 52
    endloop
  endfacet
  facet normal -0.866026 -0.499999 0
    outer loop
      vertex 35.1029 30.4 54.99
      vertex 43.8786 15.2 52
      vertex 43.8786 15.2 54.99
    endloop
  endfacet
  facet normal -0.844131 -0.487363 -0.223427
    outer loop
      vertex -35.9644 2.86304 52
      vertex -43.8786 15.2 54.99
      vertex -43.0872 15.2 52
    endloop
  endfacet
  facet normal 0.84413 -0.487357 -0.223447
    outer loop
      vertex 35.1029 0 54.99
      vertex 35.9644 2.86304 52
      vertex 43.8786 15.2 54.99
    endloop
  endfacet
  facet normal 0.844144 -0.487341 -0.223427
    outer loop
      vertex 35.9644 2.86304 52
      vertex 35.1029 0 54.99
      vertex 34.7072 0.685389 52
    endloop
  endfacet
  facet normal -0.844144 -0.487341 -0.223427
    outer loop
      vertex -35.1029 0 54.99
      vertex -35.9644 2.86304 52
      vertex -34.7072 0.685389 52
    endloop
  endfacet
  facet normal -0.84413 -0.487357 -0.223447
    outer loop
      vertex -35.9644 2.86304 52
      vertex -35.1029 0 54.99
      vertex -43.8786 15.2 54.99
    endloop
  endfacet
  facet normal -0.483364 -0.83719 -0.255876
    outer loop
      vertex -33.5201 0 52
      vertex -35.1029 0 54.99
      vertex -34.7072 0.685389 52
    endloop
  endfacet
  facet normal -0.48336 -0.837191 -0.25588
    outer loop
      vertex -8.77571 -15.2 54.99
      vertex -9.56713 -13.8292 52
      vertex -8.38 -14.5146 52
    endloop
  endfacet
  facet normal -0.844139 0.487349 -0.22343
    outer loop
      vertex -35.9644 27.537 52
      vertex -35.1029 30.4 54.99
      vertex -34.7072 29.7146 52
    endloop
  endfacet
  facet normal -0.844131 0.487358 -0.22344
    outer loop
      vertex -35.1029 30.4 54.99
      vertex -35.9644 27.537 52
      vertex -43.8786 15.2 54.99
    endloop
  endfacet
  facet normal 0.844132 0.487362 -0.223427
    outer loop
      vertex 43.0872 15.2 52
      vertex 35.9644 27.537 52
      vertex 43.8786 15.2 54.99
    endloop
  endfacet
  facet normal -0.844132 0.487362 -0.223427
    outer loop
      vertex -43.0872 15.2 52
      vertex -43.8786 15.2 54.99
      vertex -35.9644 27.537 52
    endloop
  endfacet
  facet normal 0 -0.974719 -0.223436
    outer loop
      vertex -8.38 -14.5146 52
      vertex 8.77571 -15.2 54.99
      vertex -8.77571 -15.2 54.99
    endloop
  endfacet
  facet normal 0 -0.974719 -0.223436
    outer loop
      vertex 8.77571 -15.2 54.99
      vertex -8.38 -14.5146 52
      vertex 8.38 -14.5146 52
    endloop
  endfacet
  facet normal 0.844131 -0.487363 -0.223427
    outer loop
      vertex 43.8786 15.2 54.99
      vertex 35.9644 2.86304 52
      vertex 43.0872 15.2 52
    endloop
  endfacet
  facet normal 0.844139 0.487349 -0.22343
    outer loop
      vertex 35.1029 30.4 54.99
      vertex 35.9644 27.537 52
      vertex 34.7072 29.7146 52
    endloop
  endfacet
  facet normal 0.844131 0.487358 -0.22344
    outer loop
      vertex 35.9644 27.537 52
      vertex 35.1029 30.4 54.99
      vertex 43.8786 15.2 54.99
    endloop
  endfacet
  facet normal 0 0.974719 -0.223436
    outer loop
      vertex 34.7072 29.7146 52
      vertex 17.5514 30.4 54.99
      vertex 35.1029 30.4 54.99
    endloop
  endfacet
  facet normal 0 0.974719 -0.223436
    outer loop
      vertex 17.5514 30.4 54.99
      vertex 34.7072 29.7146 52
      vertex 17.1557 29.7146 52
    endloop
  endfacet
  facet normal 0 0.974719 -0.223436
    outer loop
      vertex -34.7072 29.7146 52
      vertex -17.5514 30.4 54.99
      vertex -17.1557 29.7146 52
    endloop
  endfacet
  facet normal 0 0.974719 -0.223436
    outer loop
      vertex -17.5514 30.4 54.99
      vertex -34.7072 29.7146 52
      vertex -35.1029 30.4 54.99
    endloop
  endfacet
  facet normal 0.483364 -0.83719 -0.255876
    outer loop
      vertex 35.1029 0 54.99
      vertex 33.5201 0 52
      vertex 34.7072 0.685389 52
    endloop
  endfacet
  facet normal 0.48336 -0.837191 -0.25588
    outer loop
      vertex 8.77571 -15.2 54.99
      vertex 8.38 -14.5146 52
      vertex 9.56713 -13.8292 52
    endloop
  endfacet
  facet normal 0 0 1
    outer loop
      vertex -17.5514 30.4 57
      vertex -34.7515 29.7914 57
      vertex -17.2001 29.7914 57
    endloop
  endfacet
  facet normal -0 0 1
    outer loop
      vertex -35.1029 30.4 57
      vertex -34.7515 29.7914 57
      vertex -17.5514 30.4 57
    endloop
  endfacet
  facet normal 0 0 1
    outer loop
      vertex -35.1029 30.4 57
      vertex -36.851 26.155 57
      vertex -34.7515 29.7914 57
    endloop
  endfacet
  facet normal 0 0 1
    outer loop
      vertex -43.8786 15.2 57
      vertex -36.851 26.155 57
      vertex -35.1029 30.4 57
    endloop
  endfacet
  facet normal 0 0 1
    outer loop
      vertex -36.851 26.155 57
      vertex -43.8786 15.2 57
      vertex -43.1758 15.2 57
    endloop
  endfacet
  facet normal 0 0 1
    outer loop
      vertex -34.7515 0.608615 57
      vertex -35.1029 0 57
      vertex -33.6974 0 57
    endloop
  endfacet
  facet normal 0 0 1
    outer loop
      vertex -36.851 4.24498 57
      vertex -35.1029 0 57
      vertex -34.7515 0.608615 57
    endloop
  endfacet
  facet normal -0 0 1
    outer loop
      vertex -43.8786 15.2 57
      vertex -36.851 4.24498 57
      vertex -43.1758 15.2 57
    endloop
  endfacet
  facet normal 0 0 1
    outer loop
      vertex -36.851 4.24498 57
      vertex -43.8786 15.2 57
      vertex -35.1029 0 57
    endloop
  endfacet
  facet normal 0 0 1
    outer loop
      vertex 43.8786 15.2 57
      vertex 36.851 26.155 57
      vertex 43.1758 15.2 57
    endloop
  endfacet
  facet normal 0 0 1
    outer loop
      vertex 35.1029 30.4 57
      vertex 36.851 26.155 57
      vertex 43.8786 15.2 57
    endloop
  endfacet
  facet normal 0 0 1
    outer loop
      vertex 35.1029 30.4 57
      vertex 34.7515 29.7914 57
      vertex 36.851 26.155 57
    endloop
  endfacet
  facet normal -0 0 1
    outer loop
      vertex 17.5514 30.4 57
      vertex 34.7515 29.7914 57
      vertex 35.1029 30.4 57
    endloop
  endfacet
  facet normal 0 0 1
    outer loop
      vertex 34.7515 29.7914 57
      vertex 17.5514 30.4 57
      vertex 17.2001 29.7914 57
    endloop
  endfacet
  facet normal 0 0 1
    outer loop
      vertex 36.851 4.24498 57
      vertex 43.8786 15.2 57
      vertex 43.1758 15.2 57
    endloop
  endfacet
  facet normal -0 0 1
    outer loop
      vertex 36.851 4.24498 57
      vertex 35.1029 0 57
      vertex 43.8786 15.2 57
    endloop
  endfacet
  facet normal -0 0 1
    outer loop
      vertex 34.7515 0.608615 57
      vertex 35.1029 0 57
      vertex 36.851 4.24498 57
    endloop
  endfacet
  facet normal 0 0 1
    outer loop
      vertex 35.1029 0 57
      vertex 34.7515 0.608615 57
      vertex 33.6974 0 57
    endloop
  endfacet
  facet normal -0 0 1
    outer loop
      vertex 8.42433 -14.5914 57
      vertex 8.77571 -15.2 57
      vertex 9.47848 -13.9828 57
    endloop
  endfacet
  facet normal -0 0 1
    outer loop
      vertex -8.42433 -14.5914 57
      vertex 8.77571 -15.2 57
      vertex 8.42433 -14.5914 57
    endloop
  endfacet
  facet normal 0 0 1
    outer loop
      vertex -8.42433 -14.5914 57
      vertex -8.77571 -15.2 57
      vertex 8.77571 -15.2 57
    endloop
  endfacet
  facet normal 0 -0 1
    outer loop
      vertex -8.77571 -15.2 57
      vertex -8.42433 -14.5914 57
      vertex -9.47848 -13.9828 57
    endloop
  endfacet
  facet normal 0 -1 0
    outer loop
      vertex -35.1029 30.4 57
      vertex -17.5514 30.4 58.59
      vertex -35.1029 30.4 58.59
    endloop
  endfacet
  facet normal 0 -1 -0
    outer loop
      vertex -17.5514 30.4 58.59
      vertex -35.1029 30.4 57
      vertex -17.5514 30.4 57
    endloop
  endfacet
  facet normal 0 -1 0
    outer loop
      vertex 17.5514 30.4 57
      vertex 35.1029 30.4 58.59
      vertex 17.5514 30.4 58.59
    endloop
  endfacet
  facet normal 0 -1 -0
    outer loop
      vertex 35.1029 30.4 58.59
      vertex 17.5514 30.4 57
      vertex 35.1029 30.4 57
    endloop
  endfacet
  facet normal 0.866026 -0.499999 0
    outer loop
      vertex -43.8786 15.2 58.59
      vertex -35.1029 30.4 57
      vertex -35.1029 30.4 58.59
    endloop
  endfacet
  facet normal 0.866026 -0.499999 0
    outer loop
      vertex -35.1029 30.4 57
      vertex -43.8786 15.2 58.59
      vertex -43.8786 15.2 57
    endloop
  endfacet
  facet normal 0.866026 0.499999 0
    outer loop
      vertex -35.1029 0 58.59
      vertex -43.8786 15.2 57
      vertex -43.8786 15.2 58.59
    endloop
  endfacet
  facet normal 0.866026 0.499999 0
    outer loop
      vertex -43.8786 15.2 57
      vertex -35.1029 0 58.59
      vertex -35.1029 0 57
    endloop
  endfacet
  facet normal 0.866019 0.50001 -0
    outer loop
      vertex -8.77571 -15.2 57
      vertex -9.47848 -13.9828 57
      vertex -8.77571 -15.2 58.59
    endloop
  endfacet
  facet normal 0 1 -0
    outer loop
      vertex 8.77571 -15.2 57
      vertex -8.77571 -15.2 58.59
      vertex 8.77571 -15.2 58.59
    endloop
  endfacet
  facet normal 0 1 0
    outer loop
      vertex -8.77571 -15.2 58.59
      vertex 8.77571 -15.2 57
      vertex -8.77571 -15.2 57
    endloop
  endfacet
  facet normal -0.866019 0.50001 0
    outer loop
      vertex 9.47848 -13.9828 57
      vertex 8.77571 -15.2 57
      vertex 8.77571 -15.2 58.59
    endloop
  endfacet
  facet normal -0.866026 0.499999 0
    outer loop
      vertex 35.1029 0 57
      vertex 43.8786 15.2 58.59
      vertex 43.8786 15.2 57
    endloop
  endfacet
  facet normal -0.866026 0.499999 0
    outer loop
      vertex 43.8786 15.2 58.59
      vertex 35.1029 0 57
      vertex 35.1029 0 58.59
    endloop
  endfacet
  facet normal -0.866026 -0.499999 0
    outer loop
      vertex 43.8786 15.2 57
      vertex 35.1029 30.4 58.59
      vertex 35.1029 30.4 57
    endloop
  endfacet
  facet normal -0.866026 -0.499999 0
    outer loop
      vertex 35.1029 30.4 58.59
      vertex 43.8786 15.2 57
      vertex 43.8786 15.2 58.59
    endloop
  endfacet
  facet normal -0.808796 -0.466952 -0.357498
    outer loop
      vertex -36.851 4.24498 57
      vertex -43.8786 15.2 58.59
      vertex -43.1758 15.2 57
    endloop
  endfacet
  facet normal 0.808804 -0.466962 -0.357468
    outer loop
      vertex 35.1029 0 58.59
      vertex 36.851 4.24498 57
      vertex 43.8786 15.2 58.59
    endloop
  endfacet
  facet normal 0.808791 -0.466965 -0.357491
    outer loop
      vertex 36.851 4.24498 57
      vertex 35.1029 0 58.59
      vertex 34.7515 0.608615 57
    endloop
  endfacet
  facet normal -0.808791 -0.466965 -0.357491
    outer loop
      vertex -35.1029 0 58.59
      vertex -36.851 4.24498 57
      vertex -34.7515 0.608615 57
    endloop
  endfacet
  facet normal -0.808804 -0.466962 -0.357468
    outer loop
      vertex -36.851 4.24498 57
      vertex -35.1029 0 58.59
      vertex -43.8786 15.2 58.59
    endloop
  endfacet
  facet normal -0.457337 -0.792092 -0.404269
    outer loop
      vertex -33.6974 0 57
      vertex -35.1029 0 58.59
      vertex -34.7515 0.608615 57
    endloop
  endfacet
  facet normal -0.457315 -0.79211 -0.404258
    outer loop
      vertex -8.77571 -15.2 58.59
      vertex -9.47848 -13.9828 57
      vertex -8.42433 -14.5914 57
    endloop
  endfacet
  facet normal -0.808795 0.466963 -0.357487
    outer loop
      vertex -36.851 26.155 57
      vertex -35.1029 30.4 58.59
      vertex -34.7515 29.7914 57
    endloop
  endfacet
  facet normal -0.808802 0.466961 -0.357473
    outer loop
      vertex -35.1029 30.4 58.59
      vertex -36.851 26.155 57
      vertex -43.8786 15.2 58.59
    endloop
  endfacet
  facet normal 0.808796 0.466953 -0.357498
    outer loop
      vertex 43.1758 15.2 57
      vertex 36.851 26.155 57
      vertex 43.8786 15.2 58.59
    endloop
  endfacet
  facet normal -0.808796 0.466953 -0.357498
    outer loop
      vertex -43.1758 15.2 57
      vertex -43.8786 15.2 58.59
      vertex -36.851 26.155 57
    endloop
  endfacet
  facet normal 0 -0.933923 -0.357475
    outer loop
      vertex -8.42433 -14.5914 57
      vertex 8.77571 -15.2 58.59
      vertex -8.77571 -15.2 58.59
    endloop
  endfacet
  facet normal 0 -0.933923 -0.357475
    outer loop
      vertex 8.77571 -15.2 58.59
      vertex -8.42433 -14.5914 57
      vertex 8.42433 -14.5914 57
    endloop
  endfacet
  facet normal 0.808796 -0.466952 -0.357498
    outer loop
      vertex 43.8786 15.2 58.59
      vertex 36.851 4.24498 57
      vertex 43.1758 15.2 57
    endloop
  endfacet
  facet normal 0.808795 0.466963 -0.357487
    outer loop
      vertex 35.1029 30.4 58.59
      vertex 36.851 26.155 57
      vertex 34.7515 29.7914 57
    endloop
  endfacet
  facet normal 0.808802 0.466961 -0.357473
    outer loop
      vertex 36.851 26.155 57
      vertex 35.1029 30.4 58.59
      vertex 43.8786 15.2 58.59
    endloop
  endfacet
  facet normal 0 0.933923 -0.357475
    outer loop
      vertex 34.7515 29.7914 57
      vertex 17.5514 30.4 58.59
      vertex 35.1029 30.4 58.59
    endloop
  endfacet
  facet normal 0 0.933923 -0.357475
    outer loop
      vertex 17.5514 30.4 58.59
      vertex 34.7515 29.7914 57
      vertex 17.2001 29.7914 57
    endloop
  endfacet
  facet normal 0 0.933923 -0.357475
    outer loop
      vertex -34.7515 29.7914 57
      vertex -17.5514 30.4 58.59
      vertex -17.2001 29.7914 57
    endloop
  endfacet
  facet normal 0 0.933923 -0.357475
    outer loop
      vertex -17.5514 30.4 58.59
      vertex -34.7515 29.7914 57
      vertex -35.1029 30.4 58.59
    endloop
  endfacet
  facet normal 0.457337 -0.792092 -0.404269
    outer loop
      vertex 35.1029 0 58.59
      vertex 33.6974 0 57
      vertex 34.7515 0.608615 57
    endloop
  endfacet
  facet normal 0.457315 -0.79211 -0.404258
    outer loop
      vertex 8.77571 -15.2 58.59
      vertex 8.42433 -14.5914 57
      vertex 9.47848 -13.9828 57
    endloop
  endfacet
  facet normal 0 0 1
    outer loop
      vertex 18.9371 -30.4 28.1
      vertex 18.5514 -30.4 28.1
      vertex 18.8407 -30.567 28.1
    endloop
  endfacet
  facet normal 0 0 1
    outer loop
      vertex 16.8586 -29.2 28.1
      vertex 16.7622 -29.367 28.1
      vertex 17.0514 -29.534 28.1
    endloop
  endfacet
  facet normal 0 0 1
    outer loop
      vertex 43.3786 -14 28.1
      vertex 43.1858 -14 28.1
      vertex 43.3786 -14.334 28.1
    endloop
  endfacet
  facet normal 0 0 1
    outer loop
      vertex 43.3786 -16.066 28.1
      vertex 43.1858 -16.4 28.1
      vertex 43.3786 -16.4 28.1
    endloop
  endfacet
  facet normal 0 0 1
    outer loop
      vertex 40.6455 -14 28.1
      vertex 40.6455 -16.4 28.1
      vertex 41.3383 -15.2 28.1
    endloop
  endfacet
  facet normal -0 0 1
    outer loop
      vertex 27.02 -14 28.1
      vertex 40.6455 -16.4 28.1
      vertex 40.6455 -14 28.1
    endloop
  endfacet
  facet normal 0 0 1
    outer loop
      vertex 27.02 -14 28.1
      vertex 27.02 -16.4 28.1
      vertex 40.6455 -16.4 28.1
    endloop
  endfacet
  facet normal 0 0 1
    outer loop
      vertex 27.02 -14 28.1
      vertex 24.9415 -15.2 28.1
      vertex 27.02 -16.4 28.1
    endloop
  endfacet
  facet normal 0 0 1
    outer loop
      vertex 20.2073 -2.2 28.1
      vertex 24.9415 -15.2 28.1
      vertex 27.02 -14 28.1
    endloop
  endfacet
  facet normal 0 0 1
    outer loop
      vertex 18.1288 -3.4 28.1
      vertex 20.2073 -2.2 28.1
      vertex 18.8216 -2.2 28.1
    endloop
  endfacet
  facet normal 0 0 1
    outer loop
      vertex 20.2073 -2.2 28.1
      vertex 18.1288 -3.4 28.1
      vertex 24.9415 -15.2 28.1
    endloop
  endfacet
  facet normal 0 0 1
    outer loop
      vertex 24.9415 -15.2 28.1
      vertex 20.2073 -28.2 28.1
      vertex 27.02 -16.4 28.1
    endloop
  endfacet
  facet normal -0 0 1
    outer loop
      vertex 18.1288 -27 28.1
      vertex 20.2073 -28.2 28.1
      vertex 24.9415 -15.2 28.1
    endloop
  endfacet
  facet normal 0 0 1
    outer loop
      vertex 20.2073 -28.2 28.1
      vertex 18.1288 -27 28.1
      vertex 18.8216 -28.2 28.1
    endloop
  endfacet
  facet normal 0 1 -0
    outer loop
      vertex 43.3786 -14 5
      vertex 43.1858 -14 28.1
      vertex 43.3786 -14 28.1
    endloop
  endfacet
  facet normal 0 1 0
    outer loop
      vertex 43.1858 -14 28.1
      vertex 43.3786 -14 5
      vertex 43.1858 -14 5
    endloop
  endfacet
  facet normal 0 1 -0
    outer loop
      vertex 40.6455 -14 5
      vertex 27.02 -14 28.1
      vertex 40.6455 -14 28.1
    endloop
  endfacet
  facet normal 0 1 0
    outer loop
      vertex 27.02 -14 28.1
      vertex 40.6455 -14 5
      vertex 27.02 -14 5
    endloop
  endfacet
  facet normal 0 1 -0
    outer loop
      vertex 43.1858 -14 16
      vertex 43.0872 -14 16
      vertex 43.1858 -14 16.3725
    endloop
  endfacet
  facet normal 0 1 -0
    outer loop
      vertex 43.1858 -14 21
      vertex 43.1758 -14 21
      vertex 43.1858 -14 21.0225
    endloop
  endfacet
  facet normal 1 -0 0
    outer loop
      vertex 43.3786 -14.334 28.1
      vertex 43.3786 -14 5
      vertex 43.3786 -14 28.1
    endloop
  endfacet
  facet normal 1 0 0
    outer loop
      vertex 43.3786 -14 5
      vertex 43.3786 -14.334 28.1
      vertex 43.3786 -14.334 5
    endloop
  endfacet
  facet normal 1 -0 0
    outer loop
      vertex 43.3786 -16.4 28.1
      vertex 43.3786 -16.066 5
      vertex 43.3786 -16.066 28.1
    endloop
  endfacet
  facet normal 1 0 0
    outer loop
      vertex 43.3786 -16.066 5
      vertex 43.3786 -16.4 28.1
      vertex 43.3786 -16.4 5
    endloop
  endfacet
  facet normal 1 -0 0
    outer loop
      vertex 43.3786 -15.2 21.4588
      vertex 43.3786 -14.334 21
      vertex 43.3786 -14.334 21.4588
    endloop
  endfacet
  facet normal 1 0 0
    outer loop
      vertex 43.3786 -15.2 21.4588
      vertex 43.3786 -16.066 21
      vertex 43.3786 -14.334 21
    endloop
  endfacet
  facet normal 1 0 0
    outer loop
      vertex 43.3786 -15.9794 22.4769
      vertex 43.3786 -16.066 21
      vertex 43.3786 -15.2 21.4588
    endloop
  endfacet
  facet normal 1 0 0
    outer loop
      vertex 43.3786 -16.066 21
      vertex 43.3786 -15.9794 22.4769
      vertex 43.3786 -16.066 22.59
    endloop
  endfacet
  facet normal 1 -0 0
    outer loop
      vertex 43.3786 -15.2 17.101
      vertex 43.3786 -14.334 16
      vertex 43.3786 -14.334 17.101
    endloop
  endfacet
  facet normal 1 0 0
    outer loop
      vertex 43.3786 -15.2 17.101
      vertex 43.3786 -16.066 16
      vertex 43.3786 -14.334 16
    endloop
  endfacet
  facet normal 1 0 0
    outer loop
      vertex 43.3786 -15.9794 18.8011
      vertex 43.3786 -16.066 16
      vertex 43.3786 -15.2 17.101
    endloop
  endfacet
  facet normal 1 0 0
    outer loop
      vertex 43.3786 -16.066 16
      vertex 43.3786 -15.9794 18.8011
      vertex 43.3786 -16.066 18.99
    endloop
  endfacet
  facet normal 0 -1 0
    outer loop
      vertex 43.1858 -16.4 5
      vertex 43.3786 -16.4 28.1
      vertex 43.1858 -16.4 28.1
    endloop
  endfacet
  facet normal 0 -1 -0
    outer loop
      vertex 43.3786 -16.4 28.1
      vertex 43.1858 -16.4 5
      vertex 43.3786 -16.4 5
    endloop
  endfacet
  facet normal 0 -1 0
    outer loop
      vertex 27.02 -16.4 5
      vertex 40.6455 -16.4 28.1
      vertex 27.02 -16.4 28.1
    endloop
  endfacet
  facet normal 0 -1 -0
    outer loop
      vertex 40.6455 -16.4 28.1
      vertex 27.02 -16.4 5
      vertex 40.6455 -16.4 5
    endloop
  endfacet
  facet normal 0 -1 0
    outer loop
      vertex 43.1088 -16.4 22.4158
      vertex 43.1858 -16.4 21
      vertex 43.1858 -16.4 22.59
    endloop
  endfacet
  facet normal 0 -1 0
    outer loop
      vertex 43.1858 -16.4 21
      vertex 43.1088 -16.4 22.4158
      vertex 42.483 -16.4 21
    endloop
  endfacet
  facet normal 0 -1 0
    outer loop
      vertex 43.1088 -16.4 18.6992
      vertex 43.1858 -16.4 16
      vertex 43.1858 -16.4 18.99
    endloop
  endfacet
  facet normal 0 -1 0
    outer loop
      vertex 43.1858 -16.4 16
      vertex 43.1088 -16.4 18.6992
      vertex 42.3944 -16.4 16
    endloop
  endfacet
  facet normal -0.866026 -0.499998 0
    outer loop
      vertex 24.9415 -15.2 5
      vertex 18.1288 -3.4 28.1
      vertex 18.1288 -3.4 5
    endloop
  endfacet
  facet normal -0.866026 -0.499998 0
    outer loop
      vertex 18.1288 -3.4 28.1
      vertex 24.9415 -15.2 5
      vertex 24.9415 -15.2 28.1
    endloop
  endfacet
  facet normal 0.866026 0.499998 0
    outer loop
      vertex 27.02 -14 28.1
      vertex 20.2073 -2.2 5
      vertex 20.2073 -2.2 28.1
    endloop
  endfacet
  facet normal 0.866026 0.499998 0
    outer loop
      vertex 20.2073 -2.2 5
      vertex 27.02 -14 28.1
      vertex 27.02 -14 5
    endloop
  endfacet
  facet normal 0.866065 -0.499932 0
    outer loop
      vertex 18.8407 -30.567 28.1
      vertex 18.9371 -30.4 11.01
      vertex 18.9371 -30.4 28.1
    endloop
  endfacet
  facet normal 0.866065 -0.499932 0
    outer loop
      vertex 18.9371 -30.4 11.01
      vertex 18.8407 -30.567 28.1
      vertex 18.8407 -30.567 11.01
    endloop
  endfacet
  facet normal 0.866026 -0.499998 0
    outer loop
      vertex 20.2073 -28.2 28.1
      vertex 27.02 -16.4 5
      vertex 27.02 -16.4 28.1
    endloop
  endfacet
  facet normal 0.866026 -0.499998 0
    outer loop
      vertex 27.02 -16.4 5
      vertex 20.2073 -28.2 28.1
      vertex 20.2073 -28.2 5
    endloop
  endfacet
  facet normal 0.866034 -0.499985 0
    outer loop
      vertex 18.9371 -30.4 18.99
      vertex 18.9371 -30.4 16
      vertex 19.3328 -29.7146 16
    endloop
  endfacet
  facet normal 0.86601 -0.500026 0
    outer loop
      vertex 18.9371 -30.4 22.59
      vertex 18.9371 -30.4 21
      vertex 19.2885 -29.7914 21
    endloop
  endfacet
  facet normal -0.499938 -0.866061 0
    outer loop
      vertex 18.5514 -30.4 11.01
      vertex 18.8407 -30.567 28.1
      vertex 18.5514 -30.4 28.1
    endloop
  endfacet
  facet normal -0.499938 -0.866061 -0
    outer loop
      vertex 18.8407 -30.567 28.1
      vertex 18.5514 -30.4 11.01
      vertex 18.8407 -30.567 11.01
    endloop
  endfacet
  facet normal -0.500068 -0.865986 0
    outer loop
      vertex 16.7622 -29.367 11.01
      vertex 17.0514 -29.534 28.1
      vertex 16.7622 -29.367 28.1
    endloop
  endfacet
  facet normal -0.500068 -0.865986 -0
    outer loop
      vertex 17.0514 -29.534 28.1
      vertex 16.7622 -29.367 11.01
      vertex 17.0514 -29.534 11.01
    endloop
  endfacet
  facet normal -0.500015 -0.866017 -0
    outer loop
      vertex 18.5514 -30.4 18.99
      vertex 17.3643 -29.7146 16
      vertex 18.5514 -30.4 16
    endloop
  endfacet
  facet normal -0.500009 -0.86602 -0
    outer loop
      vertex 18.5514 -30.4 22.59
      vertex 17.4973 -29.7914 21
      vertex 18.5514 -30.4 21
    endloop
  endfacet
  facet normal -0.866065 0.499932 0
    outer loop
      vertex 16.7622 -29.367 11.01
      vertex 16.8586 -29.2 28.1
      vertex 16.8586 -29.2 11.01
    endloop
  endfacet
  facet normal -0.866065 0.499932 0
    outer loop
      vertex 16.8586 -29.2 28.1
      vertex 16.7622 -29.367 11.01
      vertex 16.7622 -29.367 28.1
    endloop
  endfacet
  facet normal -0.866026 0.499998 0
    outer loop
      vertex 18.1288 -27 5
      vertex 24.9415 -15.2 28.1
      vertex 24.9415 -15.2 5
    endloop
  endfacet
  facet normal -0.866026 0.499998 0
    outer loop
      vertex 24.9415 -15.2 28.1
      vertex 18.1288 -27 5
      vertex 18.1288 -27 28.1
    endloop
  endfacet
endsolid OpenSCAD_Model
